xline_all_values,yline_all_values,X_all_values,obj1,obj2,obj3,inc
4179689.377112813,0.23152016397280142,"[0.1, 0.1, np.float64(18.99640238448183), np.float64(1.7602599873900149), 0.1]",0.3020860804740571,0.23152016397280142,4179689.377112813,0
4468117.455509759,0.20279174574138384,"[0.1, 0.1, np.float64(18.991953232693486), np.float64(1.6370462462235742), 0.1]",0.3018087870614502,0.20279174574138384,4468117.455509759,0
7117528.29765836,0.0847889390833682,"[0.1, 0.1, 20, 1, 0.1]",0.30061402531679127,0.0847889390833682,7117528.29765836,0
4558318.246633068,0.19498682901873457,"[0.1, 0.1, np.float64(18.990690344916224), np.float64(1.6020721354014715), 0.1]",0.3017335166734654,0.19498682901873457,4558318.246633068,0
3904482.8621024904,0.2657282290809362,"[0.1, 0.1, np.float64(19.001350676655306), np.float64(1.8972968025142196), 0.1]",0.30241641322974455,0.2657282290809362,3904482.8621024904,0
7117371.269081299,0.08478896263455458,"[0.1, 0.1, np.float64(19.993937131293684), 1, 0.1]",0.30061439606449797,0.08478896263455458,7117371.269081299,0
4533247.263143546,0.19710634661474413,"[0.1, 0.1, np.float64(18.991035780832842), np.float64(1.6116385547202265), 0.1]",0.30175395338533123,0.19710634661474413,4533247.263143546,0
6088729.621627968,0.11234659302606181,"[0.1, 0.1, np.float64(18.975317793813673), np.float64(1.1763483968723114), 0.1]",0.30094163346726943,0.11234659302606181,6088729.621627968,0
4425238.837322128,0.20668252953768754,"[0.1, 0.1, np.float64(18.992573629051872), np.float64(1.654227353985125), 0.1]",0.30184632293925806,0.20668252953768754,4425238.837322128,0
4244312.2773853345,0.2245272444662432,"[0.1, 0.1, np.float64(18.99534630682434), np.float64(1.7310132263597708), 0.1]",0.302018560004416,0.2245272444662432,4244312.2773853345,0
3833645.879050053,0.2758933528117087,"[0.1, 0.1, np.float64(19.00275820430622), np.float64(1.9362765352621738), 0.1]",0.3025145465920611,0.2758933528117087,3833645.879050053,0
3725482.8631965043,0.2927018613767809,"[0.1, 0.1, np.float64(19.005029335315918), np.float64(1.9991726920343995), 0.1]",0.3026767495289393,0.2927018613767809,3725482.8631965043,0
5132438.761958361,0.15501687229237515,"[0.1, 0.1, np.float64(18.983780739120444), np.float64(1.4107191718289922), 0.1]",0.3013489420495564,0.15501687229237515,5132438.761958361,0
2170106.0530591444,1.7937019066948148,"[np.float64(0.11660966552536241), 0.1, np.float64(17.062921895536256), np.float64(4.981795947421325), 0.1]",0.33513413768917516,1.7937019066948148,2170106.0530591444,0
4164535.6303057745,0.23321170740987598,"[0.1, 0.1, np.float64(18.996655415794002), np.float64(1.767267375784072), 0.1]",0.3021024145020546,0.23321170740987598,4164535.6303057745,0
4400848.493582194,0.208950431784076,"[0.1, 0.1, np.float64(18.99293253666374), np.float64(1.6641668551968398), 0.1]",0.3018682057816102,0.208950431784076,4400848.493582194,0
4017967.7898272416,0.2506765844342758,"[0.1, 0.1, np.float64(18.99921561694885), np.float64(1.838168971736326), 0.1]",0.3022710719726703,0.2506765844342758,4017967.7898272416,0
4033188.6723567443,0.24876446011680012,"[0.1, 0.1, np.float64(18.998939801055293), np.float64(1.830530592617183), 0.1]",0.3022526065695019,0.24876446011680012,4033188.6723567443,0
7090432.797957929,0.08479330287541141,"[0.1, 0.1, np.float64(18.962430849103033), 1, 0.1]",0.3006827097206291,0.08479330287541141,7090432.797957929,0
4164651.7051163698,0.2331986736033427,"[0.1, 0.1, np.float64(18.996653469665457), np.float64(1.7672134801675332), 0.1]",0.302102288642408,0.2331986736033427,4164651.7051163698,0
3962822.755768488,0.2578105249641755,"[0.1, 0.1, np.float64(19.000235399020468), np.float64(1.8664105715279022), 0.1]",0.30233996209663294,0.2578105249641755,3962822.755768488,0
4755587.669196969,0.17952945346218843,"[0.1, 0.1, np.float64(18.988111624947727), np.float64(1.530657683871197), 0.1]",0.30158458153470347,0.17952945346218843,4755587.669196969,0
3952887.050017896,0.2591313608111617,"[0.1, 0.1, np.float64(19.00042263994273), np.float64(1.871595976663293), 0.1]",0.30235271637827926,0.2591313608111617,3952887.050017896,0
3535198.8321870267,0.32670554375236455,"[0.1, 0.1, np.float64(19.009430581552234), np.float64(2.12105974834755), 0.1]",0.3030045243630306,0.32670554375236455,3535198.8321870267,0
3947793.3099594256,0.259812832659966,"[0.1, 0.1, np.float64(19.000519056574007), np.float64(1.8742661156955704), 0.1]",0.30235929672868284,0.259812832659966,3947793.3099594256,0
4079477.852319996,0.2430940810535721,"[0.1, 0.1, np.float64(18.998115519877274), np.float64(1.8077031476235341), 0.1]",0.3021978470860641,0.2430940810535721,4079477.852319996,0
4154200.5477264277,0.2343770171152369,"[0.1, 0.1, np.float64(18.996829191458716), np.float64(1.7720798773106146), 0.1]",0.30211366728343914,0.2343770171152369,4154200.5477264277,0
4158355.320633458,0.23390741001916934,"[0.1, 0.1, np.float64(18.996759214330137), np.float64(1.7701419475167302), 0.1]",0.30210913251555344,0.23390741001916934,4158355.320633458,0
5132739.686789556,0.15499950767997878,"[0.1, 0.1, np.float64(18.983777553208203), np.float64(1.410630941940545), 0.1]",0.3013487754364225,0.15499950767997878,5132739.686789556,0
4162550.751100124,0.2334347703972105,"[0.1, 0.1, np.float64(18.99668871369571), np.float64(1.7681895198775193), 0.1]",0.30210456849079415,0.2334347703972105,4162550.751100124,0
3988933.7897334406,0.2543916080482996,"[0.1, 0.1, np.float64(18.99974847397921), np.float64(1.8529257863699484), 0.1]",0.30230694732401664,0.2543916080482996,3988933.7897334406,0
4231831.81212023,0.22585059662417478,"[0.1, 0.1, np.float64(18.99554742056809), np.float64(1.7365828220817952), 0.1]",0.3020313369425589,0.22585059662417478,4231831.81212023,0
3773710.3001938146,0.28500448016617214,"[0.1, 0.1, np.float64(19.00399768983298), np.float64(1.9706025497786863), 0.1]",0.3026024811150805,0.28500448016617214,3773710.3001938146,0
3805628.2661522855,0.2800918124950728,"[0.1, 0.1, np.float64(19.003331894679977), np.float64(1.9521641787016373), 0.1]",0.3025550704642457,0.2800918124950728,3805628.2661522855,0
4315357.970086442,0.21722996977544629,"[0.1, 0.1, np.float64(18.994226413992948), np.float64(1.6999991832283905), 0.1]",0.30194811321811754,0.21722996977544629,4315357.970086442,0
4109900.7464281716,0.23948181618614187,"[0.1, 0.1, np.float64(18.997585349984384), np.float64(1.7930207499296977), 0.1]",0.3021629632316351,0.23948181618614187,4109900.7464281716,0
4044814.508675924,0.2473200376262401,"[0.1, 0.1, np.float64(18.998730738946737), np.float64(1.8247408767888464), 0.1]",0.30223865766807567,0.2473200376262401,4044814.508675924,0
4328443.369750924,0.21592823232343442,"[0.1, 0.1, np.float64(18.99402465545643), np.float64(1.6944117307702047), 0.1]",0.30193554816198565,0.21592823232343442,4328443.369750924,0
3501198.894297333,0.3334712512695737,"[0.1, 0.1, np.float64(19.010278219080828), np.float64(2.1445340185050097), 0.1]",0.30306966919200107,0.3334712512695737,3501198.894297333,0
4072325.784706209,0.24395627141540102,"[0.1, 0.1, np.float64(18.998241474096314), np.float64(1.8111912935177998), 0.1]",0.30220617336331784,0.24395627141540102,4072325.784706209,0
3994767.4322733474,0.2536379382011206,"[0.1, 0.1, np.float64(18.99964069210555), np.float64(1.8499409010445513), 0.1]",0.3022996693510823,0.2536379382011206,3994767.4322733474,0
4334524.830404495,0.21532758459913293,"[0.1, 0.1, np.float64(18.99393135315094), np.float64(1.6918278391283803), 0.1]",0.30192975059373905,0.21532758459913293,4334524.830404495,0
3650995.384993592,0.30528442126419797,"[0.1, 0.1, np.float64(19.006686635420472), np.float64(2.0450695631307156), 0.1]",0.3027981020678287,0.30528442126419797,3650995.384993592,0
3343568.7087271474,0.36810832063692744,"[0.1, 0.1, np.float64(19.01448749922465), np.float64(2.2611048119530763), 0.1]",0.3034027207769817,0.36810832063692744,3343568.7087271474,0
4147679.0158964773,0.23511725848944845,"[0.1, 0.1, np.float64(18.99693935284697), np.float64(1.7751306603417443), 0.1]",0.3021208154861326,0.23511725848944845,4147679.0158964773,0
5238352.998036791,0.1497168649542151,"[0.1, 0.1, 20, np.float64(1.3836342862643143), 0.1]",0.30117066628456324,0.1497168649542151,5238352.998036791,0
4435944.650496091,0.20569973603310898,"[0.1, 0.1, np.float64(18.992417479960398), np.float64(1.6499029985448894), 0.1]",0.3018368408086382,0.20569973603310898,4435944.650496091,0
4038956.421221011,0.24804613482464924,"[0.1, 0.1, np.float64(18.998835909255774), np.float64(1.8276534380707823), 0.1]",0.3022456696541711,0.24804613482464924,4038956.421221011,0
3686386.174080353,0.2991970664761503,"[0.1, 0.1, np.float64(19.00588924416876), np.float64(2.0229868012986727), 0.1]",0.3027394009799213,0.2991970664761503,3686386.174080353,0
5169681.127121007,0.1528915307682671,"[0.1, 0.1, np.float64(18.983389453253718), np.float64(1.3998829950028489), 0.1]",0.30132855335441744,0.1528915307682671,5169681.127121007,0
4076903.5085389586,0.24340384454607253,"[0.1, 0.1, np.float64(18.99816079799885), np.float64(1.8089570690488435), 0.1]",0.3022008385085911,0.24340384454607253,4076903.5085389586,0
4010725.3374881875,0.25159490780414984,"[0.1, 0.1, np.float64(18.99934770370893), np.float64(1.841826950749506), 0.1]",0.3022799401589978,0.25159490780414984,4010725.3374881875,0
4691088.292663568,0.1843570800212256,"[0.1, 0.1, np.float64(18.988928629835197), np.float64(1.553283621021833), 0.1]",0.3016310742588385,0.1843570800212256,4691088.292663568,0
4016580.505229085,0.250852061750484,"[0.1, 0.1, np.float64(18.99924087552871), np.float64(1.8388684767811698), 0.1]",0.3022727665491995,0.250852061750484,4016580.505229085,0
3686492.3688736507,0.2991791028188366,"[0.1, 0.1, np.float64(19.00588687901372), np.float64(2.022921301263002), 0.1]",0.30273922773016154,0.2991791028188366,3686492.3688736507,0
4055732.7912481315,0.24597601620933912,"[0.1, 0.1, np.float64(18.99853565439956), np.float64(1.8193382521887345), 0.1]",0.30222567830009706,0.24597601620933912,4055732.7912481315,0
4063803.9903412852,0.24499015375328362,"[0.1, 0.1, np.float64(18.998392214286497), np.float64(1.815365856144635), 0.1]",0.30221615769943483,0.24499015375328362,4063803.9903412852,0
4313875.843830997,0.21737822108081636,"[0.1, 0.1, np.float64(18.994249352984415), np.float64(1.7006344501493404), 0.1]",0.3019495442544859,0.21737822108081636,4313875.843830997,0
3915680.901930866,0.2641777098480669,"[0.1, 0.1, np.float64(19.001133607504347), np.float64(1.891285341576509), 0.1]",0.302401442670365,0.2641777098480669,3915680.901930866,0
3873620.8580549434,0.27007988274522854,"[0.1, 0.1, np.float64(19.001956504821305), np.float64(1.9140744622542043), 0.1]",0.3024584267045934,0.27007988274522854,3873620.8580549434,0
5630095.131453947,0.13007597835291876,"[0.1, 0.1, np.float64(18.979002634222574), np.float64(1.2783954822451733), 0.1]",0.30111026969757715,0.13007597835291876,5630095.131453947,0
4183865.6264750245,0.2310575200744666,"[0.1, 0.1, np.float64(18.996333017066924), np.float64(1.7583389428601457), 0.1]",0.30208161312355764,0.2310575200744666,4183865.6264750245,0
4025058.230355793,0.24978285577082238,"[0.1, 0.1, np.float64(18.999086833021618), np.float64(1.8346024605829487), 0.1]",0.302262441248587,0.24978285577082238,4025058.230355793,0
4084701.3077293145,0.24246754152894529,"[0.1, 0.1, np.float64(18.998023849508133), np.float64(1.8051644504351194), 0.1]",0.3021917965257959,0.24246754152894529,4084701.3077293145,0
3719199.653441433,0.29372992997359826,"[0.1, 0.1, np.float64(19.005166080234005), np.float64(2.0029596729568073), 0.1]",0.3026866672058688,0.29372992997359826,3719199.653441433,0
3166615.4749373375,0.4147314734080667,"[0.1, 0.1, np.float64(19.019848494399213), np.float64(2.4095709248790875), 0.1]",0.303849623052435,0.4147314734080667,3166615.4749373375,0
4047381.339639169,0.24700298316913735,"[0.1, 0.1, np.float64(18.998684766854655), np.float64(1.8234677367108847), 0.1]",0.3022355958402298,0.24700298316913735,4047381.339639169,0
3991744.382129913,0.25402803863808965,"[0.1, 0.1, np.float64(18.999696500289517), np.float64(1.8514864394890618), 0.1]",0.3023034364451748,0.25402803863808965,3991744.382129913,0
4273856.617301662,0.22144464773047426,"[0.1, 0.1, np.float64(18.994875503576914), np.float64(1.7179749142884442), 0.1]",0.30198879924967326,0.22144464773047426,4273856.617301662,0
4333869.721267772,0.215392156369057,"[0.1, 0.1, np.float64(18.993941389774907), np.float64(1.6921057909822312), 0.1]",0.301930373846758,0.215392156369057,4333869.721267772,0
4484457.036725491,0.2013404774701895,"[0.1, 0.1, np.float64(18.991720288223874), np.float64(1.630595138023604), 0.1]",0.3017947882406376,0.2013404774701895,4484457.036725491,0
3739458.8789285854,0.29043625016605756,"[0.1, 0.1, np.float64(19.004727123907), np.float64(1.9908033218517691), 0.1]",0.30265489196388046,0.29043625016605756,3739458.8789285854,0
4085098.7569739367,0.24241997703620471,"[0.1, 0.1, np.float64(18.998016885363114), np.float64(1.8049715870753291), 0.1]",0.30219133719068864,0.24241997703620471,4085098.7569739367,0
6796964.961937223,0.09164790502794248,"[0.1, 0.1, np.float64(18.97062152436604), np.float64(1.0462910385946986), 0.1]",0.30074638035310025,0.09164790502794248,6796964.961937223,0
4329357.044497647,0.2158378165817138,"[0.1, 0.1, np.float64(18.994010619002378), np.float64(1.6940230085825414), 0.1]",0.30193467544348446,0.2158378165817138,4329357.044497647,0
4071952.408281047,0.24400142016782905,"[0.1, 0.1, np.float64(18.998248063515934), np.float64(1.8113737793223503), 0.1]",0.3022066093705638,0.24400142016782905,4071952.408281047,0
4795825.274225403,0.17662105282083188,"[0.1, 0.1, np.float64(18.987614064818406), np.float64(1.5168783731383897), 0.1]",0.301556583406776,0.17662105282083188,4795825.274225403,0
3831914.10589023,0.27614984773995305,"[0.1, 0.1, np.float64(19.002793378475797), np.float64(1.937250640267278), 0.1]",0.30251702244504863,0.27614984773995305,3831914.10589023,0
4440705.1368761845,0.2052651729704583,"[0.1, 0.1, np.float64(18.992348315339292), np.float64(1.6479875701378068), 0.1]",0.3018326482394075,0.2052651729704583,4440705.1368761845,0
4035219.394834581,0.24851116137298532,"[0.1, 0.1, np.float64(18.998903183617788), np.float64(1.8295165180965425), 0.1]",0.3022501604487483,0.24851116137298532,4035219.394834581,0
3856696.605760269,0.27251629389426674,"[0.1, 0.1, np.float64(19.00229354553832), np.float64(1.9234083869311644), 0.1]",0.30248194743781415,0.27251629389426674,3856696.605760269,0
4186587.6508941287,0.23075678970012883,"[0.1, 0.1, np.float64(18.996287888878882), np.float64(1.757089173658034), 0.1]",0.302078709248999,0.23075678970012883,4186587.6508941287,0
4374667.605666536,0.2114304260487466,"[0.1, 0.1, np.float64(18.993322766803438), np.float64(1.674973794972149), 0.1]",0.30189213778354657,0.2114304260487466,4374667.605666536,0
4585441.4656816805,0.19273537057155352,"[0.1, 0.1, np.float64(18.990321324619533), np.float64(1.5918525759248268), 0.1]",0.30171181121924856,0.19273537057155352,4585441.4656816805,0
3701696.332764696,0.2966254883801061,"[0.1, 0.1, np.float64(19.005549928431858), np.float64(2.013589872767435), 0.1]",0.3027145981143352,0.2966254883801061,3701696.332764696,0
3997698.605612635,0.25326063248885733,"[0.1, 0.1, np.float64(18.999586673111803), np.float64(1.848444912004335), 0.1]",0.3022960257996647,0.25326063248885733,3997698.605612635,0
5766743.883281891,0.1243476231048797,"[0.1, 0.1, np.float64(18.977841438839928), np.float64(1.246237616178248), 0.1]",0.30105567119816323,0.1243476231048797,5766743.883281891,0
4059895.34464052,0.24546676671785586,"[0.1, 0.1, np.float64(18.998461596389667), np.float64(1.8172873074477303), 0.1]",0.3022207604129716,0.24546676671785586,4059895.34464052,0
4015666.1358937006,0.2509678304435647,"[0.1, 0.1, np.float64(18.999257534638893), np.float64(1.839329830177957), 0.1]",0.30227388452124176,0.2509678304435647,4015666.1358937006,0
4253120.097936817,0.2236009401286266,"[0.1, 0.1, np.float64(18.99520517755236), np.float64(1.7271048261935111), 0.1]",0.30200961679883415,0.2236009401286266,4253120.097936817,0
3610287.1321481504,0.31254340558262683,"[0.1, 0.1, np.float64(19.00762706894692), np.float64(2.0711137033679434), 0.1]",0.3028680788349384,0.31254340558262683,3610287.1321481504,0
3284242.1028217087,0.382722800200672,"[0.1, 0.1, np.float64(19.016203153652885), np.float64(2.3086177336757188), 0.1]",0.3035429913928627,0.382722800200672,3284242.1028217087,0
4035696.616157992,0.24845169741824347,"[0.1, 0.1, np.float64(18.9988945846443), np.float64(1.8292783801898043), 0.1]",0.3022495862015169,0.24845169741824347,4035696.616157992,0
3907737.1538249436,0.26527608889078014,"[0.1, 0.1, np.float64(19.001287444268176), np.float64(1.8955456599702636), 0.1]",0.3024120477763206,0.26527608889078014,3907737.1538249436,0
4322486.738071822,0.2165192123055383,"[0.1, 0.1, np.float64(18.994116328303285), np.float64(1.696950496575805), 0.1]",0.3019412525399179,0.2165192123055383,4322486.738071822,0
4149891.665106453,0.23486567763823055,"[0.1, 0.1, np.float64(18.996901932698186), np.float64(1.774094355727766), 0.1]",0.3021183860678597,0.23486567763823055,4149891.665106453,0
4163887.4399520005,0.233284513352718,"[0.1, 0.1, np.float64(18.996666285724125), np.float64(1.7675684050185194), 0.1]",0.30210311754574554,0.233284513352718,4163887.4399520005,0
4103415.640435684,0.24024441057528964,"[0.1, 0.1, np.float64(18.997697609798422), np.float64(1.7961296462604814), 0.1]",0.3021703276056465,0.24024441057528964,4103415.640435684,0
4236361.497831537,0.22536882341263764,"[0.1, 0.1, np.float64(18.9954742730725), np.float64(1.7345570929051812), 0.1]",0.30202668538609784,0.22536882341263764,4236361.497831537,0
3991548.492058874,0.25405335068308305,"[0.1, 0.1, np.float64(18.99970011996245), np.float64(1.8515866818420217), 0.1]",0.3023036808762593,0.25405335068308305,3991548.492058874,0
3908674.138343784,0.26514614202614767,"[0.1, 0.1, np.float64(19.001269260966495), np.float64(1.8950420959801715), 0.1]",0.3024107931206975,0.26514614202614767,3908674.138343784,0
4083483.6884755148,0.2426133547090137,"[0.1, 0.1, np.float64(18.998045194417895), np.float64(1.8057555712401105), 0.1]",0.30219320465874044,0.2426133547090137,4083483.6884755148,0
4616447.482482775,0.19021309669437822,"[0.1, 0.1, np.float64(18.989905325199775), np.float64(1.5803319878958844), 0.1]",0.3016874994255882,0.19021309669437822,4616447.482482775,0
4520285.776603819,0.19821690282902765,"[0.1, 0.1, np.float64(18.991216029756423), np.float64(1.6166303251233096), 0.1]",0.3017646627344135,0.19821690282902765,4520285.776603819,0
3994481.684271483,0.2536747695697999,"[0.1, 0.1, np.float64(18.999645963091922), np.float64(1.8500868744753465), 0.1]",0.3023000250221886,0.2536747695697999,3994481.684271483,0
4048597.9105528337,0.24685294554204232,"[0.1, 0.1, np.float64(18.99866300139671), np.float64(1.8228649693456063), 0.1]",0.30223414691048356,0.24685294554204232,4048597.9105528337,0
4110317.8908342766,0.23943289941644008,"[0.1, 0.1, np.float64(18.99757814290285), np.float64(1.7928211587444511), 0.1]",0.3021624908434725,0.23943289941644008,4110317.8908342766,0
4429141.341061952,0.20632339297006924,"[0.1, 0.1, np.float64(18.992516611905724), np.float64(1.6526483348322458), 0.1]",0.30184285788259774,0.20632339297006924,4429141.341061952,0
4176791.285936233,0.23184210670974306,"[0.1, 0.1, np.float64(18.996450614327763), np.float64(1.7615956531609718), 0.1]",0.3020891892143993,0.23184210670974306,4176791.285936233,0
4456455.431645441,0.20383803490818336,"[0.1, 0.1, np.float64(18.992120652335846), np.float64(1.6416827255934514), 0.1]",0.3018188802203696,0.20383803490818336,4456455.431645441,0
4107109.712505427,0.23980953114611325,"[0.1, 0.1, np.float64(18.997633614244435), np.float64(1.794357368756844), 0.1]",0.3021661279712144,0.23980953114611325,4107109.712505427,0
4033482.5655708523,0.24872777561538167,"[0.1, 0.1, np.float64(18.998934499026905), np.float64(1.8303837595162507), 0.1]",0.3022522523052836,0.24872777561538167,4033482.5655708523,0
3298500.2995331697,0.3791232802487783,"[0.1, 0.1, np.float64(19.015783713048542), np.float64(2.297001846307253), 0.1]",0.3035084579997107,0.3791232802487783,3298500.2995331697,0
4055819.925144324,0.24596533842806917,"[0.1, 0.1, np.float64(18.998534102369533), np.float64(1.819295270641832), 0.1]",0.3022255751834308,0.24596533842806917,4055819.925144324,0
4011166.389980241,0.25153882565666663,"[0.1, 0.1, np.float64(18.999339644135063), np.float64(1.841603750846293), 0.1]",0.30227939857905856,0.25153882565666663,4011166.389980241,0
4005173.9297143547,0.2523025581777654,"[0.1, 0.1, np.float64(18.999449322439222), np.float64(1.8446411554626247), 0.1]",0.3022867738523641,0.2523025581777654,4005173.9297143547,0
3774526.2336968672,0.28487713112113694,"[0.1, 0.1, np.float64(19.00398050421926), np.float64(1.9701266155195334), 0.1]",0.3026012522076552,0.28487713112113694,3774526.2336968672,0
3598229.2243346907,0.3147484481871752,"[0.1, 0.1, np.float64(19.00791055114105), np.float64(2.0789643911742917), 0.1]",0.30288933035542204,0.3147484481871752,3598229.2243346907,0
4063556.9559366787,0.24502023169244283,"[0.1, 0.1, np.float64(18.99839659484313), np.float64(1.8154871702280286), 0.1]",0.30221644816603566,0.24502023169244283,4063556.9559366787,0
3967783.454280509,0.25715519385430663,"[0.1, 0.1, np.float64(19.00014231991243), np.float64(1.8638328610628292), 0.1]",0.30233363399322294,0.25715519385430663,3967783.454280509,0
4483605.581109872,0.20141568378414373,"[0.1, 0.1, np.float64(18.991732380428406), np.float64(1.6309300166318923), 0.1]",0.30179551364506324,0.20141568378414373,4483605.581109872,0
4509182.527605124,0.1991763871226925,"[0.1, 0.1, np.float64(18.99137134920473), np.float64(1.6209317046247655), 0.1]",0.30177391589939284,0.1991763871226925,4509182.527605124,0
4206157.571498039,0.22861344516540558,"[0.1, 0.1, np.float64(18.995965391146118), np.float64(1.748157998894435), 0.1]",0.3020580133893133,0.22861344516540558,4206157.571498039,0
4144660.166015104,0.23546121855538743,"[0.1, 0.1, np.float64(18.99699048080166), np.float64(1.7765465856405789), 0.1]",0.3021241369853281,0.23546121855538743,4144660.166015104,0
3798273.140691683,0.28121144521712593,"[0.1, 0.1, np.float64(19.003484149898384), np.float64(1.9563806981561949), 0.1]",0.3025658763699596,0.28121144521712593,3798273.140691683,0
4872287.628936914,0.17130111602048803,"[0.1, 0.1, np.float64(18.986693135665988), np.float64(1.4913743823517724), 0.1]",0.3015053947276209,0.17130111602048803,4872287.628936914,0
3992411.5083600255,0.2539418666209163,"[0.1, 0.1, np.float64(18.999684176153913), np.float64(1.8511451378372306), 0.1]",0.3023026043065414,0.2539418666209163,3992411.5083600255,0
3967934.7044596,0.2571352560241972,"[0.1, 0.1, np.float64(19.000139486192527), np.float64(1.8637543847042686), 0.1]",0.302333441465841,0.2571352560241972,3967934.7044596,0
4069965.0000782595,0.24424196885936073,"[0.1, 0.1, np.float64(18.998283161010736), np.float64(1.8123457609147118), 0.1]",0.30220893238016067,0.24424196885936073,4069965.0000782595,0
3493501.4287163694,0.33503524476813,"[0.1, 0.1, np.float64(19.010472922380572), np.float64(2.1499260849301622), 0.1]",0.3030847245186571,0.33503524476813,3493501.4287163694,0
4026142.581721396,0.24964663781444893,"[0.1, 0.1, np.float64(18.9990671839609), np.float64(1.834058304214084), 0.1]",0.30226112579021447,0.24964663781444893,4026142.581721396,0
2188464.4063074985,1.6618745759423428,"[np.float64(0.11856204586283818), 0.1, np.float64(17.346417412649906), np.float64(4.776094091808783), 0.1]",0.335231550944438,1.6618745759423428,2188464.4063074985,0
4039188.396910719,0.24801731542726632,"[0.1, 0.1, np.float64(18.998831737923208), np.float64(1.8275379181884461), 0.1]",0.3022453913429526,0.24801731542726632,4039188.396910719,0
3891614.2265075254,0.267528632099492,"[0.1, 0.1, np.float64(19.001601928076663), np.float64(1.9042548990394805), 0.1]",0.30243379588145125,0.267528632099492,3891614.2265075254,0
4387607.772238486,0.21019868625645496,"[0.1, 0.1, np.float64(18.99312924135685), np.float64(1.6696143477293024), 0.1]",0.30188025112802414,0.21019868625645496,4387607.772238486,0
4418652.270039408,0.20729099417470875,"[0.1, 0.1, np.float64(18.992670116008107), np.float64(1.6568994405797906), 0.1]",0.3018521937329131,0.20729099417470875,4418652.270039408,0
5753875.535092459,0.12553911460104966,"[0.1, 0.1, 20, np.float64(1.2530462722696412), 0.1]",0.30096160762841284,0.12553911460104966,5753875.535092459,0
4080088.089385703,0.2430207477849359,"[0.1, 0.1, np.float64(18.998104796493028), np.float64(1.8074061767954182), 0.1]",0.3021971388982987,0.2430207477849359,4080088.089385703,0
3997507.1540000397,0.2532852483226468,"[0.1, 0.1, np.float64(18.99959019860778), np.float64(1.8485425462433203), 0.1]",0.302296263509275,0.2532852483226468,3997507.1540000397,0
4017727.2229700587,0.25070699923261086,"[0.1, 0.1, np.float64(18.99921999555919), np.float64(1.8382902319196446), 0.1]",0.302271365687136,0.25070699923261086,4017727.2229700587,0
3640720.169738032,0.30709019591948195,"[0.1, 0.1, np.float64(19.006921628125294), np.float64(2.051577394664843), 0.1]",0.302815512132173,0.30709019591948195,3640720.169738032,0
4068176.219590664,0.24445880930995845,"[0.1, 0.1, np.float64(18.99831478438184), np.float64(1.8132215309597701), 0.1]",0.3022110264365498,0.24445880930995845,4068176.219590664,0
4058930.702533442,0.24558462753065757,"[0.1, 0.1, np.float64(18.998478743283428), np.float64(1.8177621694058343), 0.1]",0.3022218986100293,0.24558462753065757,4058930.702533442,0
4543685.629604384,0.19621933486194684,"[0.1, 0.1, np.float64(18.99089144604046), np.float64(1.6076413816417632), 0.1]",0.3017454003112959,0.19621933486194684,4543685.629604384,0
4379677.640797988,0.21095213794044615,"[0.1, 0.1, np.float64(18.993247688037336), np.float64(1.6728945816538916), 0.1]",0.30188752208360115,0.21095213794044615,4379677.640797988,0
3341374.379661577,0.36863223828944863,"[0.1, 0.1, np.float64(19.014549593579062), np.float64(2.262824438092295), 0.1]",0.3034077521235382,0.36863223828944863,3341374.379661577,0
4039191.504566262,0.2480169293863642,"[0.1, 0.1, np.float64(18.998831682045815), np.float64(1.827536370733296), 0.1]",0.30224538761492464,0.2480169293863642,4039191.504566262,0
4039028.5235940586,0.2480371766293756,"[0.1, 0.1, np.float64(18.998834612668755), np.float64(1.8276175307012907), 0.1]",0.30224558314416794,0.2480371766293756,4039028.5235940586,0
4350296.766367977,0.21378250531328757,"[0.1, 0.1, np.float64(18.993690741425425), np.float64(1.6851643957846958), 0.1]",0.3019148377976391,0.21378250531328757,4350296.766367977,0
4008456.818874416,0.25188368660857946,"[0.1, 0.1, np.float64(18.999389189804358), np.float64(1.842975856713389), 0.1]",0.30228272886494334,0.25188368660857946,4008456.818874416,0
4315067.959712225,0.21725896536340594,"[0.1, 0.1, np.float64(18.994230901114545), np.float64(1.7001234484963452), 0.1]",0.30194839310540156,0.21725896536340594,4315067.959712225,0
4203907.011001867,0.22885826906390735,"[0.1, 0.1, np.float64(18.996002305468412), np.float64(1.7491802952710946), 0.1]",0.3020603773369986,0.22885826906390735,4203907.011001867,0
4014855.985833065,0.25107047721581527,"[0.1, 0.1, np.float64(18.999272302260977), np.float64(1.8397388011574456), 0.1]",0.3022748757749172,0.25107047721581527,4014855.985833065,0
5137190.638342958,0.15474303693638353,"[0.1, 0.1, np.float64(18.983730477149187), np.float64(1.4093272288674292), 0.1]",0.30134631466504996,0.15474303693638353,5137190.638342958,0
4146119.968362553,0.23529478946729418,"[0.1, 0.1, np.float64(18.9969657466546), np.float64(1.775861604111729), 0.1]",0.302122529837679,0.23529478946729418,4146119.968362553,0
3999350.461709786,0.25304840870189177,"[0.1, 0.1, np.float64(18.999556271103614), np.float64(1.847602966090559), 0.1]",0.3022939763998755,0.25304840870189177,3999350.461709786,0
4403057.562181443,0.2087433534105599,"[0.1, 0.1, np.float64(18.992899847194042), np.float64(1.6632615608732755), 0.1]",0.30186620759497834,0.2087433534105599,4403057.562181443,0
3733493.511743724,0.2913997282352503,"[0.1, 0.1, np.float64(19.00485578791355), np.float64(1.9943665119505019), 0.1]",0.3026641873912789,0.2913997282352503,3733493.511743724,0
3895872.672642648,0.26693063285131474,"[0.1, 0.1, np.float64(19.00151857052091), np.float64(1.9019464149087215), 0.1]",0.30242802235047683,0.26693063285131474,3895872.672642648,0
4038842.708701122,0.2480602638573409,"[0.1, 0.1, np.float64(18.998837954208966), np.float64(1.8277100705134142), 0.1]",0.30224580609935664,0.2480602638573409,4038842.708701122,0
4026341.527973388,0.24962165910952333,"[0.1, 0.1, np.float64(18.99906358026516), np.float64(1.8339585043297764), 0.1]",0.3022608845704759,0.24962165910952333,4026341.527973388,0
4269200.512667968,0.22192584234423043,"[0.1, 0.1, np.float64(18.994949212974827), np.float64(1.720016204652947), 0.1]",0.3019934447524383,0.22192584234423043,4269200.512667968,0
4345495.732456549,0.21425090866241647,"[0.1, 0.1, np.float64(18.993763777226494), np.float64(1.6871870317200077), 0.1]",0.3019193586383909,0.21425090866241647,4345495.732456549,0
4725144.352774039,0.18178209111890162,"[0.1, 0.1, np.float64(18.988494211903365), np.float64(1.541252955142881), 0.1]",0.3016062728663439,0.18178209111890162,4725144.352774039,0
4139016.290341042,0.23610648433108744,"[0.1, 0.1, np.float64(18.997086294776103), np.float64(1.779200034839197), 0.1]",0.3021303681181188,0.23610648433108744,4139016.290341042,0
4091235.5644205753,0.24168749692375738,"[0.1, 0.1, np.float64(18.997909552230592), np.float64(1.801999129079247), 0.1]",0.30218426356427613,0.24168749692375738,4091235.5644205753,0
4671118.470408573,0.1858947586211543,"[0.1, 0.1, np.float64(18.98918658826093), np.float64(1.5604274597157213), 0.1]",0.3016458875653019,0.1858947586211543,4671118.470408573,0
4221933.820482678,0.22690922638865024,"[0.1, 0.1, np.float64(18.995707875961127), np.float64(1.7410264352033353), 0.1]",0.30204155826860624,0.22690922638865024,4221933.820482678,0
3973635.054933251,0.256385682438727,"[0.1, 0.1, np.float64(19.000032870355398), np.float64(1.8608017913145065), 0.1]",0.3023262032604679,0.256385682438727,3973635.054933251,0
4175859.5422499683,0.23194576798718358,"[0.1, 0.1, np.float64(18.99646613650254), np.float64(1.762025520541593), 0.1]",0.30209019019063155,0.23194576798718358,4175859.5422499683,0
4125188.5783322225,0.23769972210967616,"[0.1, 0.1, np.float64(18.997322306401866), np.float64(1.7857360841250773), 0.1]",0.3021457536871592,0.23769972210967616,4125188.5783322225,0
3656762.383391412,0.3042785947176756,"[0.1, 0.1, np.float64(19.006555438544257), np.float64(2.0414362283477674), 0.1]",0.30278840390936224,0.3042785947176756,3656762.383391412,0
4048133.431974493,0.2469102112380957,"[0.1, 0.1, np.float64(18.998671309527886), np.float64(1.8230950527351886), 0.1]",0.30223469993161867,0.2469102112380957,4048133.431974493,0
4073668.827856862,0.2437939836505812,"[0.1, 0.1, np.float64(18.99821778325959), np.float64(1.810535205174931), 0.1]",0.30220460612989075,0.2437939836505812,4073668.827856862,0
4254817.002046974,0.22342319817260767,"[0.1, 0.1, np.float64(18.99517806354765), np.float64(1.7263539374585013), 0.1]",0.302007900774683,0.22342319817260767,4254817.002046974,0
4253380.613996206,0.22357363737604358,"[0.1, 0.1, np.float64(18.995201013306097), np.float64(1.726989502557538), 0.1]",0.30200935320168065,0.22357363737604358,4253380.613996206,0
4624742.8475893475,0.1895474011677694,"[0.1, 0.1, np.float64(18.989795068501603), np.float64(1.577278565374892), 0.1]",0.30168108372229785,0.1895474011677694,4624742.8475893475,0
4124902.41171992,0.2377328804642872,"[0.1, 0.1, np.float64(18.99732720976538), np.float64(1.7858718766966712), 0.1]",0.3021460738927888,0.2377328804642872,4124902.41171992,0
2566002.9484569756,0.7873359667583406,"[0.1, 0.1, np.float64(17.29162713121915), np.float64(3.2383283895838866), np.float64(0.11999613129858884)]",0.3281567013659128,0.7873359667583406,2566002.9484569756,0
3765088.0697669666,0.2863559737050825,"[0.1, 0.1, np.float64(19.004179833934984), np.float64(1.975646804797889), 0.1]",0.30261552257284796,0.2863559737050825,3765088.0697669666,0
6806072.652518063,0.09142226232526877,"[0.1, 0.1, np.float64(18.970567525747576), np.float64(1.0447956138225947), 0.1]",0.30074426428490525,0.09142226232526877,6806072.652518063,0
4251039.729461784,0.22381916407166247,"[0.1, 0.1, np.float64(18.99523845209538), np.float64(1.7280263233970303), 0.1]",0.3020117236703225,0.22381916407166247,4251039.729461784,0
3993019.4625932775,0.25386337960162336,"[0.1, 0.1, np.float64(18.99967294927282), np.float64(1.8508342232884187), 0.1]",0.30230184637916757,0.25386337960162336,3993019.4625932775,0
4623979.069863174,0.18960853480410692,"[0.1, 0.1, np.float64(18.989805201976083), np.float64(1.5775591993834366), 0.1]",0.30168167288864367,0.18960853480410692,4623979.069863174,0
4294535.432362806,0.21932804145526985,"[0.1, 0.1, np.float64(18.994550318176127), np.float64(1.7089693078920314), 0.1]",0.30196836609410777,0.21932804145526985,4294535.432362806,0
3612844.4926957143,0.312079019746051,"[0.1, 0.1, np.float64(19.00756723837741), np.float64(2.069456769944158), 0.1]",0.3028636029148234,0.312079019746051,3612844.4926957143,0
4040439.067316003,0.24786203360519737,"[0.1, 0.1, np.float64(18.99880925815051), np.float64(1.8269153687617865), 0.1]",0.30224389177356276,0.24786203360519737,4040439.067316003,0
3964174.992027107,0.25763161646232685,"[0.1, 0.1, np.float64(19.000209999847502), np.float64(1.8657071729314194), 0.1]",0.3023382344995867,0.25763161646232685,3964174.992027107,0
4334429.187938062,0.2153370097619603,"[0.1, 0.1, np.float64(18.993932818232754), np.float64(1.69186841275229), 0.1]",0.3019298415662355,0.2153370097619603,4334429.187938062,0
3983194.3133767997,0.25513670938187866,"[0.1, 0.1, np.float64(18.999854872130722), np.float64(1.8558723512265975), 0.1]",0.30231414250113836,0.25513670938187866,3983194.3133767997,0
4497508.842835123,0.2001933665772627,"[0.1, 0.1, np.float64(18.991535564416907), np.float64(1.6254794412746776), 0.1]",0.301783724167826,0.2001933665772627,4497508.842835123,0
4348966.404362837,0.213912131604233,"[0.1, 0.1, np.float64(18.9937109614798), np.float64(1.6857243651147327), 0.1]",0.30191608889007426,0.213912131604233,4348966.404362837,0
3704324.475265638,0.2961877189650111,"[0.1, 0.1, np.float64(19.005492017608713), np.float64(2.0119861043383254), 0.1]",0.3027103755551731,0.2961877189650111,3704324.475265638,0
6339591.90919115,0.10423035410055699,"[0.1, 0.1, np.float64(18.97353312120757), np.float64(1.1269241023065049), 0.1]",0.3008648260220808,0.10423035410055699,6339591.90919115,0
4124416.9892482576,0.23778914410309324,"[0.1, 0.1, np.float64(18.9973355290832), np.float64(1.7861022698864841), 0.1]",0.30214661722313396,0.23778914410309324,4124416.9892482576,0
4037861.9911258044,0.24818217504625234,"[0.1, 0.1, np.float64(18.998855596476655), np.float64(1.8281986512380608), 0.1]",0.302246983405072,0.24818217504625234,4037861.9911258044,0
4188255.631419443,0.23057282728428188,"[0.1, 0.1, np.float64(18.99626026848785), np.float64(1.7563242611817773), 0.1]",0.3020769329014199,0.23057282728428188,4188255.631419443,0
3958186.7560372404,0.25842544659447275,"[0.1, 0.1, np.float64(19.00032263005542), np.float64(1.8688263268614624), 0.1]",0.3023458999435347,0.25842544659447275,3958186.7560372404,0
3911472.7444779477,0.26475863652926934,"[0.1, 0.1, np.float64(19.001215011077047), np.float64(1.8935397125698572), 0.1]",0.3024070516807578,0.26475863652926934,3911472.7444779477,0
4030312.633565094,0.24912392394328878,"[0.1, 0.1, np.float64(18.998991733666116), np.float64(1.8319688018697453), 0.1]",0.30225607792826986,0.24912392394328878,4030312.633565094,0
3987174.898397344,0.25461956780003475,"[0.1, 0.1, np.float64(18.99978104260554), np.float64(1.8538277340862481), 0.1]",0.3023091486555016,0.25461956780003475,3987174.898397344,0
4302697.422945211,0.21850170723894158,"[0.1, 0.1, np.float64(18.99442293457325), np.float64(1.705441576985022), 0.1]",0.3019603892472798,0.21850170723894158,4302697.422945211,0
4293985.686905096,0.2193838823996226,"[0.1, 0.1, np.float64(18.99455891759898), np.float64(1.7092074582433086), 0.1]",0.30196890515075786,0.2193838823996226,4293985.686905096,0
4243184.726801273,0.22464628073421777,"[0.1, 0.1, np.float64(18.995364421556012), np.float64(1.7315148913883383), 0.1]",0.30201970928070315,0.22464628073421777,4243184.726801273,0
3718399.0927795186,0.29386134677078435,"[0.1, 0.1, np.float64(19.005183542735054), np.float64(2.0034432752673172), 0.1]",0.3026879349409542,0.29386134677078435,3718399.0927795186,0
3911435.119545925,0.2647638400403208,"[0.1, 0.1, np.float64(19.001215739822236), np.float64(1.893559894264115), 0.1]",0.30240710192184045,0.2647638400403208,3911435.119545925,0
5113586.111652102,0.15611106720311174,"[0.1, 0.1, np.float64(18.983981131088843), np.float64(1.4162687788779413), 0.1]",0.30135944187039077,0.15611106720311174,5113586.111652102,0
4040963.084975461,0.24779701960449782,"[0.1, 0.1, np.float64(18.998799844120178), np.float64(1.8266546588666115), 0.1]",0.30224326392776385,0.24779701960449782,4040963.084975461,0
4062149.266178996,0.24519174218845435,"[0.1, 0.1, np.float64(18.99842156847874), np.float64(1.816178784095296), 0.1]",0.30221810446533826,0.24519174218845435,4062149.266178996,0
4674748.306517742,0.18561371061633838,"[0.1, 0.1, np.float64(18.98913952070719), np.float64(1.5591239821855598), 0.1]",0.3016431799164286,0.18561371061633838,4674748.306517742,0
4092520.5530722896,0.24153458228728086,"[0.1, 0.1, np.float64(18.99788712435402), np.float64(1.8013780168514382), 0.1]",0.30218278685597205,0.24153458228728086,4092520.5530722896,0
3135305.2915375563,0.424011931294293,"[0.1, 0.1, np.float64(19.020878537389805), np.float64(2.4380966880966506), 0.1]",0.3039383661150003,0.424011931294293,3135305.2915375563,0
4043734.3567356155,0.24745365754644197,"[0.1, 0.1, np.float64(18.998750104585607), np.float64(1.825277184141138), 0.1]",0.3022399480487962,0.24745365754644197,4043734.3567356155,0
3914900.375190874,0.26428530137178163,"[0.1, 0.1, np.float64(19.001148690807284), np.float64(1.8917030549458045), 0.1]",0.30240248150139604,0.26428530137178163,3914900.375190874,0
4421724.932932153,0.20700677904453166,"[0.1, 0.1, np.float64(18.992625064551646), np.float64(1.6556517963635884), 0.1]",0.30184945145007247,0.20700677904453166,4421724.932932153,0
4307323.217727141,0.21803564256875424,"[0.1, 0.1, np.float64(18.994350981129497), np.float64(1.7034489155932389), 0.1]",0.3019558902831991,0.21803564256875424,4307323.217727141,0
4064227.839818253,0.24493856162021826,"[0.1, 0.1, np.float64(18.998384699766486), np.float64(1.8151577508321184), 0.1]",0.30221565946744067,0.24493856162021826,4064227.839818253,0
4152363.8603235916,0.23458510765245386,"[0.1, 0.1, np.float64(18.996860176837377), np.float64(1.7729379789461395), 0.1]",0.30211567672095513,0.23458510765245386,4152363.8603235916,0
4046922.0675815092,0.24705966333875334,"[0.1, 0.1, np.float64(18.998692987520975), np.float64(1.8236953978698403), 0.1]",0.30223614320668973,0.24705966333875334,4046922.0675815092,0
7090472.77853805,0.08479329595107848,"[0.1, 0.1, np.float64(18.963952033637742), 1, 0.1]",0.30068260075231884,0.08479329595107848,7090472.77853805,0
3943804.9912677906,0.2603484733209821,"[0.1, 0.1, np.float64(19.000594750998076), np.float64(1.8763623788977186), 0.1]",0.3023644688744029,0.2603484733209821,3943804.9912677906,0
4010306.5421894835,0.2516481788416589,"[0.1, 0.1, np.float64(18.999355358457972), np.float64(1.8420389395311298), 0.1]",0.3022804545921214,0.2516481788416589,4010306.5421894835,0
4617953.116933902,0.19009198807922745,"[0.1, 0.1, np.float64(18.989885280925293), np.float64(1.579776886572032), 0.1]",0.3016863322035583,0.19009198807922745,4617953.116933902,0
3783910.3784364616,0.2834191909401861,"[0.1, 0.1, np.float64(19.003783479603953), np.float64(1.9646702631384954), 0.1]",0.3025871828241577,0.2834191909401861,3783910.3784364616,0
3568879.954520705,0.3202244426505954,"[0.1, 0.1, np.float64(19.008610238148385), np.float64(2.0983413551261423), 0.1]",0.3029420954002794,0.3202244426505954,3568879.954520705,0
4045157.83359698,0.24727759150876402,"[0.1, 0.1, np.float64(18.99872458609273), np.float64(1.8245704811275991), 0.1]",0.30223824776164665,0.24727759150876402,4045157.83359698,0
4198531.732817738,0.22944475185772684,"[0.1, 0.1, np.float64(18.996090653844558), np.float64(1.7516269939833407), 0.1]",0.30206604028640893,0.22944475185772684,4198531.732817738,0
4289226.687776116,0.21986825646692817,"[0.1, 0.1, np.float64(18.994633464201147), np.float64(1.7112719339414895), 0.1]",0.3019735810615692,0.21986825646692817,4289226.687776116,0
4327587.925722452,0.21601294181682398,"[0.1, 0.1, np.float64(18.994037803362463), np.float64(1.6947758457224211), 0.1]",0.30193636580477673,0.21601294181682398,4327587.925722452,0
5035331.235354452,0.1607896519424973,"[0.1, 0.1, np.float64(18.984830087621997), np.float64(1.4397795772308872), 0.1]",0.3014043595001639,0.1607896519424973,5035331.235354452,0
4216055.313501416,0.22754180862614676,"[0.1, 0.1, np.float64(18.995803575529507), np.float64(1.7436767160679123), 0.1]",0.3020476661136373,0.22754180862614676,4216055.313501416,0
4044104.475293813,0.24740785878121443,"[0.1, 0.1, np.float64(18.99874346752964), np.float64(1.8250933791069595), 0.1]",0.3022395057656647,0.24740785878121443,4044104.475293813,0
3391423.06130987,0.3569833535856433,"[0.1, 0.1, np.float64(19.01315826130171), np.float64(2.2242932161304925), 0.1]",0.3032958376226658,0.3569833535856433,3391423.06130987,0
4137781.4861707026,0.23624804638496671,"[0.1, 0.1, np.float64(18.997107297304954), np.float64(1.7797816738294387), 0.1]",0.3021317351446447,0.23624804638496671,4137781.4861707026,0
3985367.4113550833,0.25485417559496876,"[0.1, 0.1, np.float64(18.99981454567192), np.float64(1.854755559960811), 0.1]",0.30231141417974355,0.25485417559496876,3985367.4113550833,0
4277423.777769598,0.22107714642298917,"[0.1, 0.1, np.float64(18.994819155277586), np.float64(1.7164144180187788), 0.1]",0.30198525139696786,0.22107714642298917,4277423.777769598,0
4181560.4918445265,0.23131269481839833,"[0.1, 0.1, np.float64(18.996371285848532), np.float64(1.7593987493078145), 0.1]",0.3020840771205402,0.23131269481839833,4181560.4918445265,0
3349777.8759426675,0.366632511865425,"[0.1, 0.1, np.float64(19.01431234661091), np.float64(2.2562541775309426), 0.1]",0.30338854704308127,0.366632511865425,3349777.8759426675,0
4036021.3253942477,0.24841125051877486,"[0.1, 0.1, np.float64(18.998888735098678), np.float64(1.8291163842781284), 0.1]",0.3022491956031364,0.24841125051877486,4036021.3253942477,0
3971807.3015974443,0.2566256333086194,"[0.1, 0.1, np.float64(19.000067016947284), np.float64(1.8617474388300204), 0.1]",0.3023285203364275,0.2566256333086194,3971807.3015974443,0
4370053.170658334,0.21187251809332108,"[0.1, 0.1, np.float64(18.99339208756846), np.float64(1.6768935475913804), 0.1]",0.30189640426047537,0.21187251809332108,4370053.170658334,0
4186445.585060657,0.23077246932592577,"[0.1, 0.1, np.float64(18.996290242527273), np.float64(1.7571543550313666), 0.1]",0.30207886065226675,0.23077246932592577,4186445.585060657,0
4585946.209505441,0.19269387486776468,"[0.1, 0.1, np.float64(18.990314503010097), np.float64(1.5916636599113758), 0.1]",0.30171141120966255,0.19269387486776468,4585946.209505441,0
4119528.1847353685,0.2383570080330278,"[0.1, 0.1, np.float64(18.99741943967312), np.float64(1.7884260696126797), 0.1]",0.30215210102135254,0.2383570080330278,4119528.1847353685,0
3968804.090703423,0.25702070259680065,"[0.1, 0.1, np.float64(19.000123202816063), np.float64(1.8633034367869417), 0.1]",0.3023323352928265,0.25702070259680065,3968804.090703423,0
5022506.2128545055,0.16157810253963897,"[0.1, 0.1, np.float64(18.98497192415433), np.float64(1.443707564095414), 0.1]",0.30141193256489784,0.16157810253963897,5022506.2128545055,0
3996413.1616744334,0.2534259834798059,"[0.1, 0.1, np.float64(18.999610351469553), np.float64(1.8491006547575435), 0.1]",0.30229762255629156,0.2534259834798059,3996413.1616744334,0
4044091.672989837,0.24740944271617574,"[0.1, 0.1, np.float64(18.998743697080346), np.float64(1.825099736229226), 0.1]",0.3022395210618797,0.24740944271617574,4044091.672989837,0
4351992.731927364,0.21361744190917978,"[0.1, 0.1, np.float64(18.99366498467675), np.float64(1.684451094572411), 0.1]",0.3019132446921083,0.21361744190917978,4351992.731927364,0
3911714.812620509,0.2647251626364575,"[0.1, 0.1, np.float64(19.001210322927488), np.float64(1.8934098800817625), 0.1]",0.3024067284825905,0.2647251626364575,3911714.812620509,0
3208915.295981391,0.40272227069166794,"[0.1, 0.1, np.float64(19.018498099731296), np.float64(2.3721734192418986), 0.1]",0.3037346777089495,0.40272227069166794,3208915.295981391,0
4030678.410376322,0.2490781597406245,"[0.1, 0.1, np.float64(18.99898512410295), np.float64(1.831785758214702), 0.1]",0.30225563598155114,0.2490781597406245,4030678.410376322,0
3954080.594642393,0.25897210587291175,"[0.1, 0.1, np.float64(19.000400089641065), np.float64(1.8709714740244578), 0.1]",0.30235117858975424,0.25897210587291175,3954080.594642393,0
4332452.819686591,0.21553192367227958,"[0.1, 0.1, np.float64(18.993963109115292), np.float64(1.692707281178993), 0.1]",0.30193172289955433,0.21553192367227958,4332452.819686591,0
4243616.921357138,0.22460064145655043,"[0.1, 0.1, np.float64(18.995357476822946), np.float64(1.7313225656186229), 0.1]",0.30201926864032247,0.22460064145655043,4243616.921357138,0
4279257.7693527425,0.22088859056416132,"[0.1, 0.1, np.float64(18.994790226009794), np.float64(1.7156132578239573), 0.1]",0.30198343109595516,0.22088859056416132,4279257.7693527425,0
4219287.529585663,0.22719363507815374,"[0.1, 0.1, np.float64(18.995750919078773), np.float64(1.7422184609666644), 0.1]",0.30204430434301505,0.22719363507815374,4219287.529585663,0
3930627.9310325496,0.2621311551736879,"[0.1, 0.1, np.float64(19.000846107253796), np.float64(1.8833233786806622), 0.1]",0.30238168213732913,0.2621311551736879,3930627.9310325496,0
6376294.765653038,0.10312164306672826,"[0.1, 0.1, np.float64(18.973283958161897), np.float64(1.1200238407559395), 0.1]",0.30085435652793174,0.10312164306672826,6376294.765653038,0
4085989.5295315036,0.24231342996546043,"[0.1, 0.1, np.float64(18.998001282793428), np.float64(1.8045394932573342), 0.1]",0.3021903082550828,0.24231342996546043,4085989.5295315036,0
4055263.7632661466,0.24603350608918725,"[0.1, 0.1, np.float64(18.9985440100474), np.float64(1.8195696514935016), 0.1]",0.3022262334870183,0.24603350608918725,4055263.7632661466,0
3961532.6174930506,0.25798140796071917,"[0.1, 0.1, np.float64(19.000259650526104), np.float64(1.8670821869010723), 0.1]",0.30234161219313915,0.25798140796071917,3961532.6174930506,0
3587157.666987264,0.3167958628344308,"[0.1, 0.1, np.float64(19.00817287123017), np.float64(2.086229020726268), 0.1]",0.3029090604750391,0.3167958628344308,3587157.666987264,0
3098314.535565025,0.43543274574327717,"[0.1, 0.1, np.float64(19.022130587124625), np.float64(2.4727706527740256), 0.1]",0.30404747245543917,0.43543274574327717,3098314.535565025,0
4046282.3511021845,0.24713864829432058,"[0.1, 0.1, np.float64(18.9987044415973), np.float64(1.8240126043088583), 0.1]",0.30223690597273245,0.24713864829432058,4046282.3511021845,0
3896030.8849772844,0.26690845800011026,"[0.1, 0.1, np.float64(19.00151547766572), np.float64(1.9018607621197718), 0.1]",0.3024278082565125,0.26690845800011026,3896030.8849772844,0
4242161.391033568,0.22475440444649086,"[0.1, 0.1, np.float64(18.995380871436854), np.float64(1.7319704504379425), 0.1]",0.30202075320087346,0.22475440444649086,4242161.391033568,0
3928699.4959445614,0.2623937302482843,"[0.1, 0.1, np.float64(19.000883057051915), np.float64(1.8843466575163739), 0.1]",0.3023842174736815,0.2623937302482843,3928699.4959445614,0
5751970.238609979,0.12561666206600158,"[0.1, 0.1, 20, np.float64(1.2534844905542677), 0.1]",0.30096227556636357,0.12561666206600158,5751970.238609979,0
4471844.7117834855,0.2024591933621452,"[0.1, 0.1, np.float64(18.991899928851396), np.float64(1.6355700624216662), 0.1]",0.30180557918096984,0.2024591933621452,4471844.7117834855,0
4258873.005802903,0.2229992885960016,"[0.1, 0.1, np.float64(18.995113353442466), np.float64(1.7245618713456339), 0.1]",0.30200380813730193,0.2229992885960016,4258873.005802903,0
4039333.4847143292,0.24799929330208742,"[0.1, 0.1, np.float64(18.998829129268348), np.float64(1.8274656747272346), 0.1]",0.3022452173018392,0.24799929330208742,4039333.4847143292,0
4399856.312054507,0.2090435482810438,"[0.1, 0.1, np.float64(18.992947230742065), np.float64(1.6645737894731725), 0.1]",0.3018691043084192,0.2090435482810438,4399856.312054507,0
4153999.414216093,0.23439979011335768,"[0.1, 0.1, np.float64(18.996832583110834), np.float64(1.7721738049098634), 0.1]",0.3021138871918858,0.23439979011335768,4153999.414216093,0
4002583.8198982133,0.2526338444320706,"[0.1, 0.1, np.float64(18.999496845763105), np.float64(1.845957254981488), 0.1]",0.302289973030835,0.2526338444320706,4002583.8198982133,0
4521358.210439527,0.19812462831104494,"[0.1, 0.1, np.float64(18.99120107256785), np.float64(1.6162161043348071), 0.1]",0.3017637728795642,0.19812462831104494,4521358.210439527,0
4331179.030731504,0.21565770059180633,"[0.1, 0.1, np.float64(18.993982648326348), np.float64(1.6932483953976853), 0.1]",0.30193293692129264,0.21565770059180633,4331179.030731504,0
3820013.9950561067,0.27792305807502893,"[0.1, 0.1, np.float64(19.00303609589294), np.float64(1.943972398129279), 0.1]",0.3025341381043054,0.27792305807502893,3820013.9950561067,0
4066100.652084293,0.24471081102144357,"[0.1, 0.1, np.float64(18.99835151778481), np.float64(1.8142388170000483), 0.1]",0.30221346005003585,0.24471081102144357,4066100.652084293,0
4053485.8858616757,0.24625162513277227,"[0.1, 0.1, np.float64(18.998575702770918), np.float64(1.8204473421675849), 0.1]",0.3022283398893762,0.24625162513277227,4053485.8858616757,0
4386387.70507882,0.2103143198072519,"[0.1, 0.1, np.float64(18.99314743347342), np.float64(1.6701181558368539), 0.1]",0.3018813669982754,0.2103143198072519,4386387.70507882,0
4095512.018807817,0.24117920975088436,"[0.1, 0.1, np.float64(18.997834974431232), np.float64(1.799933789413425), 0.1]",0.30217935499950777,0.24117920975088436,4095512.018807817,0
4023783.6359872445,0.24994312846207004,"[0.1, 0.1, np.float64(18.999109944986053), np.float64(1.8352425177756504), 0.1]",0.30226398900263357,0.24994312846207004,4023783.6359872445,0
4805166.477957464,0.1759568191160278,"[0.1, 0.1, np.float64(18.987499851479917), np.float64(1.5137153763706315), 0.1]",0.30155019034689623,0.1759568191160278,4805166.477957464,0
4055124.356843961,0.2460505977189221,"[0.1, 0.1, np.float64(18.998546493975248), np.float64(1.819638440794706), 0.1]",0.3022263985430052,0.2460505977189221,4055124.356843961,0
4194602.095439318,0.22987506417295123,"[0.1, 0.1, np.float64(18.99615540408156), np.float64(1.7534201714970665), 0.1]",0.3020701953260014,0.22987506417295123,4194602.095439318,0
3924241.6966443746,0.26300236074583233,"[0.1, 0.1, np.float64(19.000968632355097), np.float64(1.8867165594118371), 0.1]",0.3023900941605374,0.26300236074583233,3924241.6966443746,0
3974909.177792057,0.25621863119690536,"[0.1, 0.1, np.float64(19.0000090883349), np.float64(1.860143177750094), 0.1]",0.30232459013303875,0.25621863119690536,3974909.177792057,0
3971338.473883375,0.25668724135627125,"[0.1, 0.1, np.float64(19.000075781578136), np.float64(1.8619901644119703), 0.1]",0.30232911525101747,0.25668724135627125,3971338.473883375,0
4176712.3128302144,0.23185088992908814,"[0.1, 0.1, np.float64(18.99645192965731), np.float64(1.7616320795816318), 0.1]",0.3020892740270487,0.23185088992908814,4176712.3128302144,0
3989386.368004158,0.25433300622259003,"[0.1, 0.1, np.float64(18.999740099151825), np.float64(1.8526938559116022), 0.1]",0.30230638142489263,0.25433300622259003,3989386.368004158,0
4238266.793399322,0.2251666804994907,"[0.1, 0.1, np.float64(18.99544355827335), np.float64(1.733706484633669), 0.1]",0.3020247336965875,0.2251666804994907,4238266.793399322,0
4045030.0093526985,0.24729339334195077,"[0.1, 0.1, np.float64(18.998726876738427), np.float64(1.8246339177194661), 0.1]",0.30223840036154553,0.24729339334195077,4045030.0093526985,0
4041711.5618528007,0.24770420585897812,"[0.1, 0.1, np.float64(18.998786402524885), np.float64(1.8262824105546065), 0.1]",0.30224236761721923,0.24770420585897812,4041711.5618528007,0
4362433.685742567,0.21260582861694627,"[0.1, 0.1, np.float64(18.99350691116515), np.float64(1.6800734447032926), 0.1]",0.3019034813636653,0.21260582861694627,4362433.685742567,0
4098451.6424221317,0.2408308305996875,"[0.1, 0.1, np.float64(18.997783813109454), np.float64(1.7985169400544447), 0.1]",0.30217599068337564,0.2408308305996875,4098451.6424221317,0
4312315.903856398,0.21753443464789315,"[0.1, 0.1, np.float64(18.99427351544176), np.float64(1.7013035994403256), 0.1]",0.30195105215668766,0.21753443464789315,4312315.903856398,0
4680721.954660723,0.1851526921688934,"[0.1, 0.1, np.float64(18.989062235316435), np.float64(1.556983659134072), 0.1]",0.30163873856398,0.1851526921688934,4680721.954660723,0
3925159.4025705527,0.2628768752546966,"[0.1, 0.1, np.float64(19.000950996901558), np.float64(1.8862281673967172), 0.1]",0.3023888825291078,0.2628768752546966,3925159.4025705527,0
4305920.509285468,0.21817679829950595,"[0.1, 0.1, np.float64(18.994372781657024), np.float64(1.7040526541672958), 0.1]",0.30195725286477476,0.21817679829950595,4305920.509285468,0
4181302.0924225943,0.23134132800561125,"[0.1, 0.1, np.float64(18.99637557866326), np.float64(1.7595176334880063), 0.1]",0.30208435360654035,0.23134132800561125,4181302.0924225943,0
4199652.882337753,0.22932222304611982,"[0.1, 0.1, np.float64(18.996072205402648), np.float64(1.7511160872634295), 0.1]",0.30206485717002207,0.22932222304611982,4199652.882337753,0
4025301.5272507295,0.24975228180729636,"[0.1, 0.1, np.float64(18.999082423283422), np.float64(1.8344803383523265), 0.1]",0.30226214599554835,0.24975228180729636,4025301.5272507295,0
4406006.92527466,0.20846740205192335,"[0.1, 0.1, np.float64(18.992856259973394), np.float64(1.662054466852101), 0.1]",0.30186354485468775,0.20846740205192335,4406006.92527466,0
3527584.3416764787,0.3282008936788006,"[0.1, 0.1, np.float64(19.009618683870663), np.float64(2.126269008781403), 0.1]",0.3030189249067493,0.3282008936788006,3527584.3416764787,0
3479047.541147997,0.3380050780873557,"[0.1, 0.1, np.float64(19.010841379519018), np.float64(2.1601300484378134), 0.1]",0.3031133086467317,0.3380050780873557,3479047.541147997,0
4036276.0995471613,0.24837952254173554,"[0.1, 0.1, np.float64(18.998884146171928), np.float64(1.8289892996427415), 0.1]",0.3022488892039246,0.24837952254173554,4036276.0995471613,0
4004715.312927583,0.252361165247489,"[0.1, 0.1, np.float64(18.999457731970697), np.float64(1.8448740470077367), 0.1]",0.3022873398120796,0.252361165247489,4004715.312927583,0
4281035.501464586,0.22070606991560393,"[0.1, 0.1, np.float64(18.9947622108267), np.float64(1.7148374120711825), 0.1]",0.3019816690679361,0.22070606991560393,4281035.501464586,0
3969588.2765977294,0.25691744738924754,"[0.1, 0.1, np.float64(19.000108522302828), np.float64(1.8628968781789292), 0.1]",0.302331338218551,0.25691744738924754,3969588.2765977294,0
4203924.57401431,0.22885635683503014,"[0.1, 0.1, np.float64(18.996002017221535), np.float64(1.74917231263125), 0.1]",0.30206035887303573,0.22885635683503014,4203924.57401431,0
4510906.1013707,0.1990269485376464,"[0.1, 0.1, np.float64(18.991347183229088), np.float64(1.6202624578988247), 0.1]",0.30177247469136065,0.1990269485376464,4510906.1013707,0
4225707.0950725265,0.22650470297399447,"[0.1, 0.1, np.float64(18.995646607459097), np.float64(1.7393296800216476), 0.1]",0.3020376524693678,0.22650470297399447,4225707.0950725265,0
4456772.813228207,0.20380944357661304,"[0.1, 0.1, np.float64(18.992116083125968), np.float64(1.6415561869924333), 0.1]",0.3018186044025437,0.20380944357661304,4456772.813228207,0
4223564.468655166,0.22673426358264318,"[0.1, 0.1, np.float64(18.995681383129693), np.float64(1.7402927490917999), 0.1]",0.3020398689441892,0.22673426358264318,4223564.468655166,0
4235190.239826041,0.22549323591682846,"[0.1, 0.1, np.float64(18.995493170139763), np.float64(1.7350804237479374), 0.1]",0.30202788659320695,0.22549323591682846,4235190.239826041,0
4021182.605733463,0.25027071698864245,"[0.1, 0.1, np.float64(18.999157161304083), np.float64(1.8365501151482222), 0.1]",0.30226715252227593,0.25027071698864245,4021182.605733463,0
4329109.310934523,0.21586232576576755,"[0.1, 0.1, np.float64(18.994014424186343), np.float64(1.6941283884333715), 0.1]",0.30193491201282596,0.21586232576576755,4329109.310934523,0
4003546.921357921,0.2525105761913504,"[0.1, 0.1, np.float64(18.999479166495455), np.float64(1.8454676495887727), 0.1]",0.30228878265008075,0.2525105761913504,4003546.921357921,0
3748131.0138218193,0.289044935883242,"[0.1, 0.1, np.float64(19.004540945054583), np.float64(1.9856473294235406), 0.1]",0.302641468255949,0.289044935883242,3748131.0138218193,0
4046706.40935337,0.2470862857471588,"[0.1, 0.1, np.float64(18.998696848400613), np.float64(1.8238023201432902), 0.1]",0.30223640030211024,0.2470862857471588,4046706.40935337,0
3969397.7691101106,0.25694252559343933,"[0.1, 0.1, np.float64(19.000112088119902), np.float64(1.8629956290607226), 0.1]",0.302331580384004,0.25694252559343933,3969397.7691101106,0
4485828.107693826,0.20121947152566566,"[0.1, 0.1, np.float64(18.991700827246948), np.float64(1.630056190402059), 0.1]",0.30179362108165414,0.20121947152566566,4485828.107693826,0
3944616.259191931,0.2602393711288097,"[0.1, 0.1, np.float64(19.00057933952868), np.float64(1.8759355773653397), 0.1]",0.3023634153871161,0.2602393711288097,3944616.259191931,0
3996249.206419635,0.25344708634870905,"[0.1, 0.1, np.float64(18.99961337285136), np.float64(1.8491843281797518), 0.1]",0.30229782634169533,0.25344708634870905,3996249.206419635,0
4209316.498393461,0.22827052893972782,"[0.1, 0.1, np.float64(18.995913652998986), np.float64(1.7467251750726924), 0.1]",0.30205470230948656,0.22827052893972782,4209316.498393461,0
3883099.6422415115,0.268730936409476,"[0.1, 0.1, np.float64(19.001769237925416), np.float64(1.9088883378114874), 0.1]",0.30244540359817373,0.268730936409476,3883099.6422415115,0
4053553.173993221,0.2462433641044677,"[0.1, 0.1, np.float64(18.998574502700727), np.float64(1.8204141077118499), 0.1]",0.30222826011162435,0.2462433641044677,4053553.173993221,0
7090599.359117139,0.08479327403862458,"[0.1, 0.1, np.float64(18.968768313034136), 1, 0.1]",0.30068225591539166,0.08479327403862458,7090599.359117139,0
3983872.0256615262,0.25504854190632664,"[0.1, 0.1, np.float64(18.99984229027949), np.float64(1.8555239124599692), 0.1]",0.3023132911021874,0.25504854190632664,3983872.0256615262,0
3955428.4471789007,0.2587924549131696,"[0.1, 0.1, np.float64(19.000374642883), np.float64(1.8702667576175156), 0.1]",0.30234944385021334,0.2587924549131696,3955428.4471789007,0
3951934.681070927,0.259258551122062,"[0.1, 0.1, np.float64(19.000440644907926), np.float64(1.8720946018456275), 0.1]",0.302353944543681,0.259258551122062,3951934.681070927,0
4019897.6035777903,0.25043281773926496,"[0.1, 0.1, np.float64(18.999180513833938), np.float64(1.8371968345019278), 0.1]",0.3022687179257283,0.25043281773926496,4019897.6035777903,0
4017910.1560011413,0.2506838705103318,"[0.1, 0.1, np.float64(18.999216665899777), np.float64(1.8381980211313604), 0.1]",0.3022711423340142,0.2506838705103318,4017910.1560011413,0
4048147.359099825,0.24690849384174043,"[0.1, 0.1, np.float64(18.99867106038145), np.float64(1.8230881529336502), 0.1]",0.30223468334653386,0.24690849384174043,4048147.359099825,0
4070141.5246803868,0.24422058721651138,"[0.1, 0.1, np.float64(18.998280042007664), np.float64(1.812259383992738), 0.1]",0.30220872589487363,0.24422058721651138,4070141.5246803868,0
4280769.395260177,0.22073337546214078,"[0.1, 0.1, np.float64(18.994766402711683), np.float64(1.714953501127241), 0.1]",0.3019819326711389,0.22073337546214078,4280769.395260177,0
4075581.1294108327,0.24356321455606456,"[0.1, 0.1, np.float64(18.99818408177844), np.float64(1.8096018844492017), 0.1]",0.3022023775641298,0.24356321455606456,4075581.1294108327,0
3973851.306376978,0.2563573169356372,"[0.1, 0.1, np.float64(19.000028832691022), np.float64(1.8606899732069926), 0.1]",0.30232592934969627,0.2563573169356372,3973851.306376978,0
4594151.165749927,0.1920213716530918,"[0.1, 0.1, np.float64(18.99020384460851), np.float64(1.5885991127122385), 0.1]",0.30170492860425563,0.1920213716530918,4594151.165749927,0
3975666.938436084,0.25611936540107305,"[0.1, 0.1, np.float64(18.999994952788434), np.float64(1.8597517113209603), 0.1]",0.3023236315731374,0.25611936540107305,3975666.938436084,0
3846840.469774962,0.2739518986411605,"[0.1, 0.1, np.float64(19.002491427624292), np.float64(1.9288884858989568), 0.1]",0.3024958058633804,0.2739518986411605,3846840.469774962,0
3540226.046232202,0.32572445967880514,"[0.1, 0.1, np.float64(19.009306932967338), np.float64(2.1176354541314946), 0.1]",0.30299507561644384,0.32572445967880514,3540226.046232202,0
4039725.1003027046,0.24795065938526942,"[0.1, 0.1, np.float64(18.99882208916021), np.float64(1.8272707076631014), 0.1]",0.3022447476401384,0.24795065938526942,4039725.1003027046,0
4020685.786092593,0.25033336947309415,"[0.1, 0.1, np.float64(18.99916618804024), np.float64(1.8368000994116231), 0.1]",0.30226775755613816,0.25033336947309415,4020685.786092593,0
4716030.679054426,0.18246541336723782,"[0.1, 0.1, np.float64(18.98860979382985), np.float64(1.5444538532578886), 0.1]",0.301612853773219,0.18246541336723782,4716030.679054426,0
4002810.71065917,0.25260479557687304,"[0.1, 0.1, np.float64(18.99949267993636), np.float64(1.845841887575967), 0.1]",0.3022896925110104,0.25260479557687304,4002810.71065917,0
4141888.805355476,0.2357777071844849,"[0.1, 0.1, np.float64(18.99703749197783), np.float64(1.7778485018637809), 0.1]",0.3021271932133845,0.2357777071844849,4141888.805355476,0
4059430.522176907,0.24552354753977085,"[0.1, 0.1, np.float64(18.998469857624464), np.float64(1.8175160921002618), 0.1]",0.302221308752698,0.24552354753977085,4059430.522176907,0
3930563.284493959,0.26213995042514554,"[0.1, 0.1, np.float64(19.000847345231815), np.float64(1.8833576629466755), 0.1]",0.3023817670614927,0.26213995042514554,3930563.284493959,0
4325989.338137816,0.21617138612996206,"[0.1, 0.1, np.float64(18.994062388795466), np.float64(1.6954567087998038), 0.1]",0.3019378951661274,0.21617138612996206,4325989.338137816,0
3945155.0127362898,0.26016695915998816,"[0.1, 0.1, np.float64(19.00056910901619), np.float64(1.875652256009319), 0.1]",0.30236271617849436,0.26016695915998816,3945155.0127362898,0
4350961.096752218,0.21371782312677715,"[0.1, 0.1, np.float64(18.99368064951294), np.float64(1.6848849127838461), 0.1]",0.3019142135177953,0.21371782312677715,4350961.096752218,0
4761532.205624983,0.17909489120685979,"[0.1, 0.1, np.float64(18.98803754106265), np.float64(1.5286060225491185), 0.1]",0.3015803975940064,0.17909489120685979,4761532.205624983,0
4026580.684630563,0.24959163721670544,"[0.1, 0.1, np.float64(18.999059248744206), np.float64(1.8338385482286395), 0.1]",0.3022605946485544,0.24959163721670544,4026580.684630563,0
4224243.959785803,0.22666142178331622,"[0.1, 0.1, np.float64(18.995670350398463), np.float64(1.7399872112826427), 0.1]",0.30203916563411953,0.22666142178331622,4224243.959785803,0
6641935.549923236,0.09562865716471047,"[0.1, 0.1, np.float64(18.9715633518552), np.float64(1.0723737829003233), 0.1]",0.3007837610620294,0.09562865716471047,6641935.549923236,0
4339799.643166737,0.21480881676980354,"[0.1, 0.1, np.float64(18.99385066402378), np.float64(1.6895932538182474), 0.1]",0.30192474345126175,0.21480881676980354,4339799.643166737,0
4036493.2756157927,0.24835248204691526,"[0.1, 0.1, np.float64(18.998880234978348), np.float64(1.8288809839869842), 0.1]",0.30224862807201613,0.24835248204691526,4036493.2756157927,0
4600231.649594115,0.1915254617875376,"[0.1, 0.1, np.float64(18.990122118850664), np.float64(1.5863358192008246), 0.1]",0.30170014849243937,0.1915254617875376,4600231.649594115,0
3893637.4925412796,0.2672442371576269,"[0.1, 0.1, np.float64(19.0015622968502), np.float64(1.9031573613711907), 0.1]",0.30243105012960836,0.2672442371576269,3893637.4925412796,0
3943260.8998582475,0.26042168679697436,"[0.1, 0.1, np.float64(19.000605091100038), np.float64(1.8766487351983736), 0.1]",0.30236517582041034,0.26042168679697436,3943260.8998582475,0
4047495.670853274,0.2469888765223883,"[0.1, 0.1, np.float64(18.998682720734752), np.float64(1.8234110719576941), 0.1]",0.3022354596108224,0.2469888765223883,4047495.670853274,0
4111799.4086720673,0.23925930043531188,"[0.1, 0.1, np.float64(18.997552559947902), np.float64(1.792112670533819), 0.1]",0.3021608144030754,0.23925930043531188,4111799.4086720673,0
4226599.539751515,0.2264091988781067,"[0.1, 0.1, np.float64(18.995632134499292), np.float64(1.7389288693485385), 0.1]",0.3020367303526444,0.2264091988781067,4226599.539751515,0
4094093.3939067307,0.24134762893591466,"[0.1, 0.1, np.float64(18.997859694305337), np.float64(1.8006183756705132), 0.1]",0.3021809814343152,0.24134762893591466,4094093.3939067307,0
4320223.058999848,0.21674449455893133,"[0.1, 0.1, np.float64(18.99415124086034), np.float64(1.6979173565467127), 0.1]",0.30194342708730143,0.21674449455893133,4320223.058999848,0
4296081.253891025,0.21917114766717086,"[0.1, 0.1, np.float64(18.994526150851147), np.float64(1.708300023797853), 0.1]",0.301966851536009,0.21917114766717086,4296081.253891025,0
4030561.1380105386,0.24909283078113403,"[0.1, 0.1, np.float64(18.998987243056593), np.float64(1.8318444400079668), 0.1]",0.30225577766038053,0.24909283078113403,4030561.1380105386,0
4066573.938522037,0.2446533101948907,"[0.1, 0.1, np.float64(18.998343137773485), np.float64(1.8140067429789422), 0.1]",0.30221290475701923,0.2446533101948907,4066573.938522037,0
4055172.3348168484,0.24604471526103827,"[0.1, 0.1, np.float64(18.998545639087027), np.float64(1.8196147657256232), 0.1]",0.3022263417353807,0.24604471526103827,4055172.3348168484,0
3979581.3416872886,0.25560758779625287,"[0.1, 0.1, np.float64(18.99992203122926), np.float64(1.8577322391732296), 0.1]",0.3023186895771185,0.25560758779625287,3979581.3416872886,0
3944318.3372340295,0.2602794279982272,"[0.1, 0.1, np.float64(19.000584998228508), np.float64(1.8760922880393343), 0.1]",0.30236380217517184,0.2602794279982272,3944318.3372340295,0
3959436.099736284,0.2582594958548735,"[0.1, 0.1, np.float64(19.000299099088583), np.float64(1.8681746659168037), 0.1]",0.30234429748379216,0.2582594958548735,3959436.099736284,0
3993717.0690577263,0.2537733675462118,"[0.1, 0.1, np.float64(18.99966007167892), np.float64(1.8504775942954954), 0.1]",0.3023009771570462,0.2537733675462118,3993717.0690577263,0
4076131.5252926596,0.24349686134856924,"[0.1, 0.1, np.float64(18.998174388583866), np.float64(1.8093334434466), 0.1]",0.3022017367831039,0.24349686134856924,4076131.5252926596,0
4038805.6668248954,0.24806486667787753,"[0.1, 0.1, np.float64(18.998838620381477), np.float64(1.8277285193349129), 0.1]",0.302245850549157,0.24806486667787753,4038805.6668248954,0
3799188.4053847683,0.2810717178695172,"[0.1, 0.1, np.float64(19.00346516557128), np.float64(1.9558549507605552), 0.1]",0.3025645278411837,0.2810717178695172,3799188.4053847683,0
4216834.791524108,0.22745776351232863,"[0.1, 0.1, np.float64(18.99579086858893), np.float64(1.7433248131070542), 0.1]",0.30204685461843467,0.22745776351232863,4216834.791524108,0
3972890.5990218925,0.2564833714836184,"[0.1, 0.1, np.float64(19.00004677409727), np.float64(1.8611868382030294), 0.1]",0.30232714659159887,0.2564833714836184,3972890.5990218925,0
2732483.878973536,0.583455802894803,"[0.1, 0.1, np.float64(19.048274193899477), np.float64(2.8861267134244537), 0.1]",0.30544407409622193,0.583455802894803,2732483.878973536,0
4242407.408949262,0.22472840288224893,"[0.1, 0.1, np.float64(18.995376915938202), np.float64(1.7318609078081908), 0.1]",0.30202050215895354,0.22472840288224893,4242407.408949262,0
4163235.942316569,0.23335772832084176,"[0.1, 0.1, np.float64(18.99667721499548), np.float64(1.7678710776347433), 0.1]",0.3021038245398316,0.23335772832084176,4163235.942316569,0
3910028.7808548175,0.264958456748571,"[0.1, 0.1, np.float64(19.001242990456632), np.float64(1.8943145667889336), 0.1]",0.30240898098681696,0.264958456748571,3910028.7808548175,0
3646914.824609044,0.3059994372661597,"[0.1, 0.1, np.float64(19.00677976709868), np.float64(2.0476487294615886), 0.1]",0.3028049959531239,0.3059994372661597,3646914.824609044,0
4270885.886349116,0.22175146651353864,"[0.1, 0.1, np.float64(18.994922511407434), np.float64(1.7192767378579727), 0.1]",0.30199176130275496,0.22175146651353864,4270885.886349116,0
3951661.090474175,0.25929510853334686,"[0.1, 0.1, np.float64(19.000445819122575), np.float64(1.8722378953034609), 0.1]",0.3023542975461633,0.25929510853334686,3951661.090474175,0
4061249.3882233966,0.24530148502889068,"[0.1, 0.1, np.float64(18.998437543503137), np.float64(1.8166211925845375), 0.1]",0.30221916426625817,0.24530148502889068,4061249.3882233966,0
4258548.087602443,0.2230331985991308,"[0.1, 0.1, np.float64(18.995118532111725), np.float64(1.7247052881683549), 0.1]",0.30200413551993815,0.2230331985991308,4258548.087602443,0
4256865.299804098,0.2232089574558449,"[0.1, 0.1, np.float64(18.995145367296484), np.float64(1.7254484553306928), 0.1]",0.3020058323807984,0.2232089574558449,4256865.299804098,0
3714066.695437607,0.294574221512531,"[0.1, 0.1, np.float64(19.005278199976452), np.float64(2.0060646901787167), 0.1]",0.30269481169249884,0.294574221512531,3714066.695437607,0
4037040.191902214,0.24828440715177844,"[0.1, 0.1, np.float64(18.998870387531646), np.float64(1.8286082711628222), 0.1]",0.30224797066798215,0.24828440715177844,4037040.191902214,0
4117077.8114882135,0.23864247075443065,"[0.1, 0.1, np.float64(18.997461583054776), np.float64(1.7895931783035586), 0.1]",0.3021548577113994,0.23864247075443065,4117077.8114882135,0
4293455.673656318,0.21943774105444633,"[0.1, 0.1, np.float64(18.99456721070599), np.float64(1.7094371255573821), 0.1]",0.3019694250724155,0.21943774105444633,4293455.673656318,0
4067094.9974596337,0.24459003099874516,"[0.1, 0.1, np.float64(18.99833391448952), np.float64(1.8137513155677556), 0.1]",0.3022122936615384,0.24459003099874516,4067094.9974596337,0
3764674.5297209155,0.28641718730692894,"[0.1, 0.1, np.float64(19.007600450470385), np.float64(1.9758758424612066), 0.1]",0.30261519380303015,0.28641718730692894,3764674.5297209155,0
4008239.464925783,0.25191138399575513,"[0.1, 0.1, np.float64(18.999393167561568), np.float64(1.8430860157663096), 0.1]",0.30228299633533884,0.25191138399575513,4008239.464925783,0
4352527.295644475,0.21356545756550221,"[0.1, 0.1, np.float64(18.993656870880564), np.float64(1.6842263930493075), 0.1]",0.301912742968632,0.21356545756550221,4352527.295644475,0
4000086.7527239826,0.2529539071140631,"[0.1, 0.1, np.float64(18.9995427291861), np.float64(1.8472279394790145), 0.1]",0.3022930638170463,0.2529539071140631,4000086.7527239826,0
3732166.311772803,0.2916148038776232,"[0.1, 0.1, np.float64(19.004884480016344), np.float64(1.9951611041548762), 0.1]",0.3026662623465604,0.2916148038776232,3732166.311772803,0
3664392.9440687047,0.30295612980772896,"[0.1, 0.1, np.float64(19.006382606414913), np.float64(2.0366498568631726), 0.1]",0.30277565202852896,0.30295612980772896,3664392.9440687047,0
3936074.7088657976,0.26139185227353856,"[0.1, 0.1, np.float64(19.00074197139588), np.float64(1.880439465239667), 0.1]",0.30237454361822547,0.26139185227353856,3936074.7088657976,0
3997098.664512193,0.2533377828764201,"[0.1, 0.1, np.float64(18.999597722062862), np.float64(1.848750899001601), 0.1]",0.3022967708235616,0.2533377828764201,3997098.664512193,0
4239775.871217323,0.22500678503248725,"[0.1, 0.1, np.float64(18.995419252946316), np.float64(1.7330333787436625), 0.1]",0.3020231899126841,0.22500678503248725,4239775.871217323,0
4420552.534554296,0.20711514837281275,"[0.1, 0.1, np.float64(18.99264224604892), np.float64(1.6561276166231242), 0.1]",0.30185049705952827,0.20711514837281275,4420552.534554296,0
3544285.6404337888,0.32493576509060396,"[0.1, 0.1, np.float64(19.009207395155393), np.float64(2.1148788778714964), 0.1]",0.30298747936299997,0.32493576509060396,3544285.6404337888,0
4052625.2209376474,0.2463573299217242,"[0.1, 0.1, np.float64(18.99859105659232), np.float64(1.8208725472103102), 0.1]",0.30222936069325046,0.2463573299217242,4052625.2209376474,0
3860530.6825887854,0.2719611802379034,"[0.1, 0.1, np.float64(19.002216888228098), np.float64(1.9212854577911633), 0.1]",0.30247658858200016,0.2719611802379034,3860530.6825887854,0
4306218.559821834,0.21814679271665152,"[0.1, 0.1, np.float64(18.994368148097724), np.float64(1.703924333488724), 0.1]",0.30195696321921744,0.21814679271665152,4306218.559821834,0
3894938.2753381664,0.26706165868436366,"[0.1, 0.1, np.float64(19.001536842806843), np.float64(1.9024524432071803), 0.1]",0.30242928737789976,0.26706165868436366,3894938.2753381664,0
4468387.942331513,0.2027676705762674,"[0.1, 0.1, np.float64(18.992455383695916), np.float64(1.6369394904067347), 0.1]",0.30180845987809596,0.2027676705762674,4468387.942331513,0
3970654.0100987214,0.25677722951502935,"[0.1, 0.1, np.float64(19.000088581779696), np.float64(1.862344650120088), 0.1]",0.3023299842157463,0.25677722951502935,3970654.0100987214,0
4829728.784054868,0.17422949793051512,"[0.1, 0.1, np.float64(18.987201820945916), np.float64(1.5054617903338467), 0.1]",0.3015335676898502,0.17422949793051512,4829728.784054868,0
4066996.0780822774,0.24460204204377778,"[0.1, 0.1, np.float64(18.998335665256683), np.float64(1.8137998008931087), 0.1]",0.30221240965377183,0.24460204204377778,4066996.0780822774,0
7113997.894609795,0.08478947310922454,"[0.1, 0.1, np.float64(19.863858510933614), 1, 0.1]",0.300622431900489,0.08478947310922454,7113997.894609795,0
3969326.4884318947,0.2569519099406725,"[0.1, 0.1, np.float64(19.00011342241531), np.float64(1.8630325807173151), 0.1]",0.3023316710031013,0.2569519099406725,3969326.4884318947,0
5609734.775484549,0.13096583264071868,"[0.1, 0.1, np.float64(18.979180684572473), np.float64(1.2833263658766563), 0.1]",0.30111875964580365,0.13096583264071868,5609734.775484549,0
4123328.982613247,0.23791533053360092,"[0.1, 0.1, np.float64(18.997354183792204), np.float64(1.786618888917716), 0.1]",0.30214783578928517,0.23791533053360092,4123328.982613247,0
4014699.6586595033,0.2510902919506822,"[0.1, 0.1, np.float64(18.999275152623284), np.float64(1.8398177384066785), 0.1]",0.3022750671245393,0.2510902919506822,4014699.6586595033,0
4040196.8066574926,0.2478920999487463,"[0.1, 0.1, np.float64(18.998813611336963), np.float64(1.8270359248620545), 0.1]",0.30224418212678594,0.2478920999487463,4040196.8066574926,0
4030973.3330159504,0.24904127051511876,"[0.1, 0.1, np.float64(18.998979795875368), np.float64(1.8316381995595117), 0.1]",0.30225527974077365,0.24904127051511876,4030973.3330159504,0
3566937.4107929766,0.32059243720113634,"[0.1, 0.1, np.float64(19.008657040434738), np.float64(2.0996374864048395), 0.1]",0.30294564071388785,0.32059243720113634,3566937.4107929766,0
4031382.040237349,0.2489901638244274,"[0.1, 0.1, np.float64(18.99897241343887), np.float64(1.8314337521361403), 0.1]",0.30225478620125157,0.2489901638244274,4031382.040237349,0
4279285.465926735,0.22088574504887395,"[0.1, 0.1, np.float64(18.99478978933991), np.float64(1.7156011647931226), 0.1]",0.30198340362568804,0.22088574504887395,4279285.465926735,0
4402426.090938556,0.20880251336288475,"[0.1, 0.1, np.float64(18.992909187874847), np.float64(1.6635202394443471), 0.1]",0.30186677845231186,0.20880251336288475,4402426.090938556,0
4168272.389672625,0.23279271286086445,"[0.1, 0.1, np.float64(18.99659282657827), np.float64(1.7655340450742092), 0.1]",0.3020983685342384,0.23279271286086445,4168272.389672625,0
5597286.877275384,0.13151314503198303,"[0.1, 0.1, np.float64(18.97678963322971), np.float64(1.2863505894609946), 0.1]",0.3011242759998725,0.13151314503198303,5597286.877275384,0
4156696.671638538,0.2340946992567753,"[0.1, 0.1, np.float64(18.996787131180067), np.float64(1.770915070054486), 0.1]",0.3021109410737441,0.2340946992567753,4156696.671638538,0
4293366.1321409065,0.21944684218139845,"[0.1, 0.1, np.float64(18.994568611987862), np.float64(1.7094759323210147), 0.1]",0.3019695129297473,0.21944684218139845,4293366.1321409065,0
4043736.814950232,0.2474533533191002,"[0.1, 0.1, np.float64(18.9987500604997), np.float64(1.825275963236558), 0.1]",0.30223994511084334,0.2474533533191002,4043736.814950232,0
4075966.0408074935,0.24351680828182826,"[0.1, 0.1, np.float64(18.998177302667614), np.float64(1.809414145382047), 0.1]",0.30220192941306734,0.24351680828182826,4075966.0408074935,0
4503725.04061691,0.19965077629882416,"[0.1, 0.1, np.float64(18.99144800297468), np.float64(1.6230545357213695), 0.1]",0.3017784910714139,0.19965077629882416,4503725.04061691,0
3797029.141527389,0.2814015418216631,"[0.1, 0.1, np.float64(19.00350997009397), np.float64(1.9570957564519986), 0.1]",0.3025677110099468,0.2814015418216631,3797029.141527389,0
4032842.6654535583,0.24880766096863785,"[0.1, 0.1, np.float64(18.998946044388873), np.float64(1.8307034939980322), 0.1]",0.3022530237624013,0.24880766096863785,4032842.6654535583,0
4336677.85586625,0.21511559140732286,"[0.1, 0.1, np.float64(18.993898391601423), np.float64(1.6909150098917538), 0.1]",0.30192770442543176,0.21511559140732286,4336677.85586625,0
3998629.614315423,0.2531409843218063,"[0.1, 0.1, np.float64(18.999569534557978), np.float64(1.8479702810105523), 0.1]",0.30229487038332004,0.2531409843218063,3998629.614315423,0
4330997.592815635,0.21567562596619802,"[0.1, 0.1, np.float64(18.993985432531883), np.float64(1.6933255005170662), 0.1]",0.3019331099407329,0.21567562596619802,4330997.592815635,0
4042708.46758818,0.24758067466270234,"[0.1, 0.1, np.float64(18.998768508382085), np.float64(1.8257868544610665), 0.1]",0.30224117466515216,0.24758067466270234,4042708.46758818,0
4134085.8337037335,0.23667256082998414,"[0.1, 0.1, np.float64(18.997170241363722), np.float64(1.7815248314770284), 0.1]",0.3021358345770709,0.23667256082998414,4134085.8337037335,0
4306202.083673395,0.2181484512403973,"[0.1, 0.1, np.float64(18.99436840422073), np.float64(1.7039314264977028), 0.1]",0.3019569792290317,0.2181484512403973,4306202.083673395,0
4097674.3078441704,0.24092287335349555,"[0.1, 0.1, np.float64(18.997797333703527), np.float64(1.7988913761398229), 0.1]",0.30217687954469935,0.24092287335349555,4097674.3078441704,0
4354503.9692858765,0.2133734617138143,"[0.1, 0.1, np.float64(18.994531268751626), np.float64(1.6833963940668246), 0.1]",0.3019107108145789,0.2133734617138143,4354503.9692858765,0
4280752.36286424,0.22073512336943638,"[0.1, 0.1, np.float64(18.9947666710375), np.float64(1.7149609320779426), 0.1]",0.30198194954515234,0.22073512336943638,4280752.36286424,0
4878700.595348437,0.17086679144681566,"[0.1, 0.1, np.float64(18.986617317412577), np.float64(1.489274689849551), 0.1]",0.3015012171229696,0.17086679144681566,4878700.595348437,0
4379393.910098207,0.21097917731875374,"[0.1, 0.1, np.float64(18.993251934803652), np.float64(1.6730121905803943), 0.1]",0.30188778302342684,0.21097917731875374,4379393.910098207,0
3984392.2356092297,0.25498089876543717,"[0.1, 0.1, np.float64(18.999832635844303), np.float64(1.8552565448504281), 0.1]",0.30231263789821283,0.25498089876543717,3984392.2356092297,0
4347634.3766574105,0.21404204901175247,"[0.1, 0.1, np.float64(18.99373122074324), np.float64(1.6862854202911657), 0.1]",0.30191734279869353,0.21404204901175247,4347634.3766574105,0
3821805.51708785,0.277654909995315,"[0.1, 0.1, np.float64(19.00299944202165), np.float64(1.9429573146201322), 0.1]",0.3025315499002684,0.277654909995315,3821805.51708785,0
4033199.4360802453,0.24876311640464102,"[0.1, 0.1, np.float64(18.9989396068549), np.float64(1.8305252144781623), 0.1]",0.3022525935932017,0.24876311640464102,4033199.4360802453,0
4548119.358762907,0.1958445426327796,"[0.1, 0.1, np.float64(18.99083036086035), np.float64(1.6059497033333416), 0.1]",0.3017417865099398,0.1958445426327796,4548119.358762907,0
4585530.236738461,0.19272807152144172,"[0.1, 0.1, np.float64(18.990320124759386), np.float64(1.5918193472861755), 0.1]",0.3017117408578954,0.19272807152144172,4585530.236738461,0
3498427.015912132,0.33403305324184523,"[0.1, 0.1, np.float64(19.010348211467406), np.float64(2.146472370850306), 0.1]",0.3030750773846797,0.33403305324184523,3498427.015912132,0
4033234.0277453493,0.24875879816174756,"[0.1, 0.1, np.float64(18.998938982756002), np.float64(1.8305079308331063), 0.1]",0.3022525518916986,0.24875879816174756,4033234.0277453493,0
3823872.793013865,0.27734601725289165,"[0.1, 0.1, np.float64(19.002957196488676), np.float64(1.9417873769751985), 0.1]",0.30252856839743514,0.27734601725289165,3823872.793013865,0
4454835.538210452,0.2039840651564836,"[0.1, 0.1, np.float64(18.99214398453816), np.float64(1.6423288820010882), 0.1]",0.301820288967039,0.2039840651564836,4454835.538210452,0
3968484.8980943486,0.2570627508072154,"[0.1, 0.1, np.float64(19.000129180250358), np.float64(1.8634689744168123), 0.1]",0.30233274132708776,0.2570627508072154,3968484.8980943486,0
3341731.855412923,0.3685278796192328,"[0.1, 0.1, np.float64(19.020407287794427), np.float64(2.2624842007211052), 0.1]",0.30340470449763535,0.3685278796192328,3341731.855412923,0
4396002.7250214135,0.20940585243414192,"[0.1, 0.1, np.float64(18.99300437209253), np.float64(1.6661562483104002), 0.1]",0.3018726003967666,0.20940585243414192,4396002.7250214135,0
4104962.942721356,0.24006209928800357,"[0.1, 0.1, np.float64(18.99767078853884), np.float64(1.7953868647388618), 0.1]",0.3021685670227835,0.24006209928800357,4104962.942721356,0
3949977.5363879837,0.25952025309051996,"[0.1, 0.1, np.float64(19.00047767722039), np.float64(1.8731201658136702), 0.1]",0.3023564715632974,0.25952025309051996,3949977.5363879837,0
4073555.152535574,0.24380771284168137,"[0.1, 0.1, np.float64(18.998219787760878), np.float64(1.8105907173521343), 0.1]",0.30220473871441134,0.24380771284168137,4073555.152535574,0
4740662.341818252,0.18062813284456541,"[0.1, 0.1, np.float64(18.988298524725504), np.float64(1.535833641433237), 0.1]",0.30159516041763623,0.18062813284456541,4740662.341818252,0
4128025.047987049,0.23737146779277954,"[0.1, 0.1, np.float64(18.997273746447647), np.float64(1.7843912764145766), 0.1]",0.3021425837853912,0.23737146779277954,4128025.047987049,0
4070477.333321593,0.24417992068225788,"[0.1, 0.1, np.float64(18.99827410948044), np.float64(1.8120950900085393), 0.1]",0.3022083331729074,0.24417992068225788,4070477.333321593,0
4239605.958921411,0.22502477892716022,"[0.1, 0.1, np.float64(18.995421988590248), np.float64(1.7331091390098134), 0.1]",0.3020233636426764,0.22502477892716022,4239605.958921411,0
4227413.130579755,0.22632219069971787,"[0.1, 0.1, np.float64(18.995618946352902), np.float64(1.738563639989532), 0.1]",0.3020358902678794,0.22632219069971787,4227413.130579755,0
3841739.028516544,0.27469985062953517,"[0.1, 0.1, np.float64(19.00259431697881), np.float64(1.9317378789742266), 0.1]",0.30250302591251943,0.27469985062953517,3841739.028516544,0
4053739.616406686,0.24622047676706169,"[0.1, 0.1, np.float64(18.998571177777087), np.float64(1.820322028075075), 0.1]",0.3022280390858272,0.24622047676706169,4053739.616406686,0
4176743.686789152,0.23184740051943536,"[0.1, 0.1, np.float64(18.99645140710436), np.float64(1.761617608125712), 0.1]",0.3020892403325595,0.23184740051943536,4176743.686789152,0
4474103.518504602,0.20225809173971104,"[0.1, 0.1, np.float64(18.99186767343352), np.float64(1.6346767886250846), 0.1]",0.3018036393365293,0.20225809173971104,4474103.518504602,0
4048521.7072005305,0.24686233917997694,"[0.1, 0.1, np.float64(18.99866436429634), np.float64(1.822902713160481), 0.1]",0.30223423762588447,0.24686233917997694,4048521.7072005305,0
3277219.144620501,0.3844932330589328,"[0.1, 0.1, np.float64(19.02272322345742), np.float64(2.3143132746298303), 0.1]",0.303557676799134,0.3844932330589328,3277219.144620501,0
4037862.515835197,0.24818210979429964,"[0.1, 0.1, np.float64(18.99885558703495), np.float64(1.8281983897616874), 0.1]",0.302246982774929,0.24818210979429964,4037862.515835197,0
4248713.197615789,0.224063623056043,"[0.1, 0.1, np.float64(18.995275707494372), np.float64(1.7290580654699417), 0.1]",0.3020140838452896,0.224063623056043,4248713.197615789,0
3877882.0185018852,0.26947209239002107,"[0.1, 0.1, np.float64(19.001872187185782), np.float64(1.9117393899048918), 0.1]",0.3024525589761181,0.26947209239002107,3877882.0185018852,0
4165263.595456521,0.23312998540085111,"[0.1, 0.1, np.float64(18.996643212654753), np.float64(1.7669294249763554), 0.1]",0.30210162536202545,0.23312998540085111,4165263.595456521,0
3613393.4864202607,0.3119794777989696,"[0.1, 0.1, np.float64(19.007554407731497), np.float64(2.0691014411175583), 0.1]",0.30286264347919845,0.3119794777989696,3613393.4864202607,0
3893336.831126769,0.2672864673496123,"[0.1, 0.1, np.float64(19.001568183090818), np.float64(1.9033203735052238), 0.1]",0.30243145785108994,0.2672864673496123,3893336.831126769,0
4002506.0234706695,0.25264380598255326,"[0.1, 0.1, np.float64(18.999498274269524), np.float64(1.8459968156951494), 0.1]",0.30229006922780877,0.25264380598255326,4002506.0234706695,0
3959694.4510269593,0.2582252008199106,"[0.1, 0.1, np.float64(19.00029423527619), np.float64(1.8680399686644564), 0.1]",0.302343966322349,0.2582252008199106,3959694.4510269593,0
4256578.5457647145,0.22323893010655987,"[0.1, 0.1, np.float64(18.99514994251155), np.float64(1.7255751602379852), 0.1]",0.30200612175202185,0.22323893010655987,4256578.5457647145,0
3913559.2748500705,0.2644703333931812,"[0.1, 0.1, np.float64(19.001174623278608), np.float64(1.8924212225789974), 0.1]",0.3024042680406315,0.2644703333931812,3913559.2748500705,0
4054603.149175478,0.24611451655009148,"[0.1, 0.1, np.float64(18.99855578253204), np.float64(1.8198956758558904), 0.1]",0.30222701581504857,0.24611451655009148,4054603.149175478,0
3983545.91990473,0.255090960624092,"[0.1, 0.1, np.float64(18.999848343874117), np.float64(1.8556915592558882), 0.1]",0.3023137007233105,0.255090960624092,3983545.91990473,0
4156193.59355867,0.23415155378094157,"[0.1, 0.1, np.float64(18.996795603538267), np.float64(1.7711497015077655), 0.1]",0.3021114900901781,0.23415155378094157,4156193.59355867,0
4115962.5151250293,0.23877258587614464,"[0.1, 0.1, np.float64(18.9974807837459), np.float64(1.7901249176324336), 0.1]",0.3021561142242491,0.23877258587614464,4115962.5151250293,0
3492717.1420427463,0.33518409606787974,"[0.1, 0.1, np.float64(19.01540070138919), np.float64(2.150440182843462), 0.1]",0.3030846033195869,0.33518409606787974,3492717.1420427463,0
3970579.1354211625,0.2567870766209478,"[0.1, 0.1, np.float64(19.00008998232585), np.float64(1.8623834365088918), 0.1]",0.30233007930361955,0.2567870766209478,3970579.1354211625,0
5110242.271342023,0.15630644847013156,"[0.1, 0.1, np.float64(18.984016838806426), np.float64(1.4172576598334337), 0.1]",0.30136131694967544,0.15630644847013156,5110242.271342023,0
3815833.4823731435,0.27855044254823874,"[0.1, 0.1, np.float64(19.00312178502062), np.float64(1.9463454522531656), 0.1]",0.30254019362900353,0.27855044254823874,3815833.4823731435,0
4342818.065807635,0.2145128793954208,"[0.1, 0.1, np.float64(18.99380458989513), np.float64(1.6883172879642045), 0.1]",0.3019218871108425,0.2145128793954208,4342818.065807635,0
3668981.0297074495,0.302165523719194,"[0.1, 0.1, np.float64(19.006279100476288), np.float64(2.033783388255712), 0.1]",0.30276802822568316,0.302165523719194,3668981.0297074495,0
4153282.1334540998,0.23448103254078567,"[0.1, 0.1, np.float64(18.996844681438926), np.float64(1.7725088531025899), 0.1]",0.3021146717134018,0.23448103254078567,4153282.1334540998,0
4000493.7518644594,0.2529016944033439,"[0.1, 0.1, np.float64(18.99953524609773), np.float64(1.8470207046267286), 0.1]",0.30229255960909224,0.2529016944033439,4000493.7518644594,0
4336155.581265707,0.2151669847267804,"[0.1, 0.1, np.float64(18.993906383944648), np.float64(1.6911363479256865), 0.1]",0.3019282004746766,0.2151669847267804,4336155.581265707,0
4788795.990946269,0.1771235847282055,"[0.1, 0.1, np.float64(18.987700330074606), np.float64(1.5192673824273273), 0.1]",0.30156142045479395,0.1771235847282055,4788795.990946269,0
3564962.358571626,0.32096730802901496,"[0.1, 0.1, np.float64(19.008704689347447), np.float64(2.10095706395061), 0.1]",0.30294925219909713,0.32096730802901496,3564962.358571626,0
4062906.7122125505,0.24509943179174054,"[0.1, 0.1, np.float64(18.99840812826214), np.float64(1.8158065739644005), 0.1]",0.3022172130117675,0.24509943179174054,4062906.7122125505,0
4004552.410506089,0.2523819880827466,"[0.1, 0.1, np.float64(18.999460719603043), np.float64(1.8449567857803897), 0.1]",0.3022875408950271,0.2523819880827466,4004552.410506089,0
4158863.27692134,0.23385010237152962,"[0.1, 0.1, np.float64(18.996750669946525), np.float64(1.769905321408824), 0.1]",0.30210857912519423,0.23385010237152962,4158863.27692134,0
3997835.4669293985,0.2532430379945519,"[0.1, 0.1, np.float64(18.999584153110696), np.float64(1.8483751236988804), 0.1]",0.3022958558935312,0.2532430379945519,3997835.4669293985,0
3871479.7579787285,0.27038375830746975,"[0.1, 0.1, np.float64(19.00489106310696), np.float64(1.915241585581648), 0.1]",0.30246062608548563,0.27038375830746975,3871479.7579787285,0
3928028.709686671,0.2624851656705355,"[0.1, 0.1, np.float64(19.000895919543247), np.float64(1.8847028682623619), 0.1]",0.30238510034061894,0.2624851656705355,3928028.709686671,0
4051329.971872109,0.24651654972665593,"[0.1, 0.1, np.float64(18.998614177296265), np.float64(1.8215128464328805), 0.1]",0.30223089829774946,0.24651654972665593,4051329.971872109,0
4032836.848656344,0.2488083873328158,"[0.1, 0.1, np.float64(18.998946149357447), np.float64(1.830706400972494), 0.1]",0.30225303077693777,0.2488083873328158,4032836.848656344,0
4197223.365961254,0.22958787704950043,"[0.1, 0.1, np.float64(18.99611219706824), np.float64(1.752223606846388), 0.1]",0.30206742228107397,0.22958787704950043,4197223.365961254,0
4890675.853535586,0.17006053085149422,"[0.1, 0.1, np.float64(18.986476313717915), np.float64(1.4853697673915311), 0.1]",0.30149346262926,0.17006053085149422,4890675.853535586,0
4142925.060501373,0.23565928554328505,"[0.1, 0.1, np.float64(18.99701990537485), np.float64(1.777361462704162), 0.1]",0.30212604965282336,0.23565928554328505,4142925.060501373,0
3970252.5365900476,0.2568300363609641,"[0.1, 0.1, np.float64(19.000096092138836), np.float64(1.862552640202452), 0.1]",0.30233049414114205,0.2568300363609641,3970252.5365900476,0
4433198.68764001,0.20595108634717038,"[0.1, 0.1, np.float64(18.992457450981792), np.float64(1.6510099464122994), 0.1]",0.3018392658255872,0.20595108634717038,4433198.68764001,0
3946877.5498479954,0.25993566109931016,"[0.1, 0.1, np.float64(19.000536421115125), np.float64(1.8747470051272155), 0.1]",0.3023604827636364,0.25993566109931016,3946877.5498479954,0
3648124.392789042,0.3057872025105354,"[0.1, 0.1, np.float64(19.006752134757864), np.float64(2.0468834860509597), 0.1]",0.30280294969913907,0.3057872025105354,3648124.392789042,0
4058957.477629357,0.24558135487300353,"[0.1, 0.1, np.float64(18.99847826721931), np.float64(1.8177489854003637), 0.1]",0.302221867005554,0.24558135487300353,4058957.477629357,0
3951486.4783006324,0.2593184447921122,"[0.1, 0.1, np.float64(19.00044912186659), np.float64(1.8723293607031333), 0.1]",0.30235452288361087,0.2593184447921122,3951486.4783006324,0
4282212.2348189205,0.22058538983024772,"[0.1, 0.1, np.float64(18.99474368116178), np.float64(1.7143242559807117), 0.1]",0.3019805040450369,0.22058538983024772,4282212.2348189205,0
3982470.406890277,0.25523094184946776,"[0.1, 0.1, np.float64(18.9998683170542), np.float64(1.8562446917085424), 0.1]",0.3023150524664916,0.25523094184946776,3982470.406890277,0
3815743.4086355,0.2785608996705396,"[0.1, 0.1, np.float64(19.00628271155876), np.float64(1.9463857367841122), 0.1]",0.3025394673649889,0.2785608996705396,3815743.4086355,0
4289964.454013038,0.21979305157587395,"[0.1, 0.1, np.float64(18.994621895383506), np.float64(1.7109515498839865), 0.1]",0.3019728550656321,0.21979305157587395,4289964.454013038,0
4172730.0980532197,0.232294491314837,"[0.1, 0.1, np.float64(18.99651832843481), np.float64(1.7634709113801237), 0.1]",0.30209355755147305,0.232294491314837,4172730.0980532197,0
4294509.672610266,0.21933065750850042,"[0.1, 0.1, np.float64(18.994550721069118), np.float64(1.7089804655137404), 0.1]",0.3019683913479734,0.21933065750850042,4294509.672610266,0
2482535.554325514,0.9016302473192095,"[0.1, 0.1, np.float64(17.09129812078267), np.float64(3.425094736978056), np.float64(0.12810179946736433)]",0.33737493069503116,0.9016302473192095,2482535.554325514,0
4049533.8481817557,0.24673761972836802,"[0.1, 0.1, np.float64(18.998646266926492), np.float64(1.8224015289460778), 0.1]",0.30223303319619566,0.24673761972836802,4049533.8481817557,0
5007373.056957507,0.16251654980194322,"[0.1, 0.1, np.float64(18.98514028986034), np.float64(1.4483702435248014), 0.1]",0.30142094756956855,0.16251654980194322,5007373.056957507,0
4207783.20819083,0.22843686942465713,"[0.1, 0.1, np.float64(18.995938754834974), np.float64(1.7474203392902548), 0.1]",0.3020563084326326,0.22843686942465713,4207783.20819083,0
4017123.2920725304,0.2507833807500124,"[0.1, 0.1, np.float64(18.99923099050136), np.float64(1.8385947232076247), 0.1]",0.3022721033000919,0.2507833807500124,4017123.2920725304,0
4045003.440101634,0.24729667808244202,"[0.1, 0.1, np.float64(18.99872735288762), np.float64(1.824647104080854), 0.1]",0.3022384320826154,0.24729667808244202,4045003.440101634,0
4278609.940537629,0.22095516489444433,"[0.1, 0.1, np.float64(18.994800441628932), np.float64(1.7158961667270867), 0.1]",0.30198407379730025,0.22095516489444433,4278609.940537629,0
3814498.235619292,0.27875131943899456,"[0.1, 0.1, np.float64(19.003149200487677), np.float64(1.9471046896139375), 0.1]",0.30254213247168615,0.27875131943899456,3814498.235619292,0
4029017.5451574796,0.249286070087648,"[0.1, 0.1, np.float64(18.99901514693337), np.float64(1.8326172032703976), 0.1]",0.30225764377928005,0.249286070087648,4029017.5451574796,0
4015175.7101748358,0.2510299596079367,"[0.1, 0.1, np.float64(18.999266473423596), np.float64(1.8395773787348553), 0.1]",0.3022744844989043,0.2510299596079367,4015175.7101748358,0
4276146.509581673,0.22120862025138066,"[0.1, 0.1, np.float64(18.994839319343335), np.float64(1.7169728368132495), 0.1]",0.30198652063921216,0.22120862025138066,4276146.509581673,0
3879852.960316025,0.26919172808308695,"[0.1, 0.1, np.float64(19.001833260397696), np.float64(1.9106613607838727), 0.1]",0.30244985225569265,0.26919172808308695,3879852.960316025,0
3406468.164974387,0.3535855653056704,"[0.1, 0.1, np.float64(19.01819330502811), np.float64(2.2129367636908306), 0.1]",0.30326135634637696,0.3535855653056704,3406468.164974387,0
4129401.9287368427,0.23721239427886126,"[0.1, 0.1, np.float64(18.997250201885183), np.float64(1.7837392389558813), 0.1]",0.3021410476398763,0.23721239427886126,4129401.9287368427,0
4093170.413079212,0.24145730886754851,"[0.1, 0.1, np.float64(18.99787578799299), np.float64(1.8010640703915133), 0.1]",0.3021820406209736,0.24145730886754851,4093170.413079212,0
3944438.1316986214,0.26026331990666546,"[0.1, 0.1, np.float64(19.000582722745197), np.float64(1.8760292713511701), 0.1]",0.3023636466359004,0.26026331990666546,3944438.1316986214,0
3969635.6276073875,0.2569112147765099,"[0.1, 0.1, np.float64(19.000107636073476), np.float64(1.8628723351561285), 0.1]",0.3023312780338679,0.2569112147765099,3969635.6276073875,0
4562322.553433231,0.1946517457868621,"[0.1, 0.1, np.float64(18.99063556047891), np.float64(1.600554948350984), 0.1]",0.30173028603333285,0.1946517457868621,4562322.553433231,0
3882614.4120034277,0.2687997211387801,"[0.1, 0.1, np.float64(19.001778798405056), np.float64(1.9091531034386315), 0.1]",0.3024460676749752,0.2687997211387801,3882614.4120034277,0
3981116.658617291,0.2554073157051456,"[0.1, 0.1, np.float64(18.999893475034252), np.float64(1.8569414107663984), 0.1]",0.30231675563604543,0.2554073157051456,3981116.658617291,0
4211825.050870224,0.22799881365399619,"[0.1, 0.1, np.float64(18.995872629575175), np.float64(1.7455890822252982), 0.1]",0.30205207873686113,0.22799881365399619,4211825.050870224,0
3786648.1653474784,0.2829961584233581,"[0.1, 0.1, np.float64(19.003726215633964), np.float64(1.963084408505468), 0.1]",0.3025831003539652,0.2829961584233581,3786648.1653474784,0
3297597.857191723,0.37934942997450766,"[0.1, 0.1, np.float64(19.01581012473601), np.float64(2.297733285237295), 0.1]",0.303510627947971,0.37934942997450766,3297597.857191723,0
4064685.568998337,0.24488286557771982,"[0.1, 0.1, np.float64(18.998376586605257), np.float64(1.8149330668932986), 0.1]",0.30221512160345254,0.24488286557771982,4064685.568998337,0
4240232.242810578,0.22495846645093476,"[0.1, 0.1, np.float64(18.995411906439852), np.float64(1.7328299263579579), 0.1]",0.30202272339999586,0.22495846645093476,4240232.242810578,0
4402166.510762512,0.20882684031246349,"[0.1, 0.1, np.float64(18.99291302843498), np.float64(1.663626598994366), 0.1]",0.30186701319295584,0.20882684031246349,4402166.510762512,0
4112277.885330444,0.23920327834212404,"[0.1, 0.1, np.float64(18.99754430207825), np.float64(1.7918839790747332), 0.1]",0.3021602733997036,0.23920327834212404,4112277.885330444,0
3367001.049161371,0.3625725887288115,"[0.1, 0.1, np.float64(19.019530444647746), np.float64(2.2428610440928547), 0.1]",0.30334759281202617,0.3625725887288115,3367001.049161371,0
4494735.321592008,0.20043623461030605,"[0.1, 0.1, np.float64(18.991574718879782), np.float64(1.6265637755666407), 0.1]",0.301786066604287,0.20043623461030605,4494735.321592008,0
4211204.961390827,0.22806592968815492,"[0.1, 0.1, np.float64(18.995882765010137), np.float64(1.7458697705272255), 0.1]",0.3020527267807678,0.22806592968815492,4211204.961390827,0
4351597.205041356,0.2136559187549984,"[0.1, 0.1, np.float64(18.993670989560446), np.float64(1.6846173923793213), 0.1]",0.30191361604953165,0.2136559187549984,4351597.205041356,0
3984990.717721212,0.2549031143109593,"[0.1, 0.1, np.float64(18.99982153238156), np.float64(1.8549490482197666), 0.1]",0.3023118867628875,0.2549031143109593,3984990.717721212,0
5884673.265066943,0.11972304850721581,"[0.1, 0.1, np.float64(18.97688416144853), np.float64(1.2197270059902743), 0.1]",0.3010116675098275,0.11972304850721581,5884673.265066943,0
3951945.4610447446,0.25925711086615205,"[0.1, 0.1, np.float64(19.000440441051346), np.float64(1.8720889562903915), 0.1]",0.30235393063640387,0.25925711086615205,3951945.4610447446,0
4027920.372098824,0.24942357269230503,"[0.1, 0.1, np.float64(18.99903499574735), np.float64(1.8331668915581127), 0.1]",0.3022589716458445,0.24942357269230503,4027920.372098824,0
4442520.154685066,0.20509988301393928,"[0.1, 0.1, np.float64(18.992321988567735), np.float64(1.6472584828486423), 0.1]",0.3018310535837566,0.20509988301393928,4442520.154685066,0
4101066.6275158655,0.24052161804756553,"[0.1, 0.1, np.float64(18.997738372311776), np.float64(1.7972585135162427), 0.1]",0.3021730046054916,0.24052161804756553,4101066.6275158655,0
4012105.2352344687,0.2514195148785267,"[0.1, 0.1, np.float64(18.999322494947023), np.float64(1.841128825351103), 0.1]",0.3022782464055816,0.2514195148785267,4012105.2352344687,0
2179194.4901950103,1.760887629229386,"[np.float64(0.11966643360662627), 0.1, np.float64(17.270797653798898), np.float64(4.909184695836323), 0.1]",0.3373212524487108,1.760887629229386,2179194.4901950103,0
4067378.4074968165,0.2445556239820579,"[0.1, 0.1, np.float64(18.998328898975878), np.float64(1.8136124171374308), 0.1]",0.30221196138847856,0.2445556239820579,4067378.4074968165,0
4186583.491434966,0.23075724874955425,"[0.1, 0.1, np.float64(18.996287957787345), np.float64(1.757091081992475), 0.1]",0.30207871368160316,0.23075724874955425,4186583.491434966,0
4141531.039367088,0.23581861478736274,"[0.1, 0.1, np.float64(18.997043566062654), np.float64(1.7780167161101645), 0.1]",0.3021275882455676,0.23581861478736274,4141531.039367088,0
4085814.188863731,0.24233439673632678,"[0.1, 0.1, np.float64(18.998004353404884), np.float64(1.8046245300335697), 0.1]",0.3021905107332405,0.24233439673632678,4085814.188863731,0
3604869.616414232,0.31352355099507156,"[0.1, 0.1, np.float64(19.01201220935532), np.float64(2.074608022706556), 0.1]",0.30287626615856084,0.31352355099507156,3604869.616414232,0
4276405.479109157,0.22118195324180628,"[0.1, 0.1, np.float64(18.9948352299283), np.float64(1.7168595855353346), 0.1]",0.3019862631967459,0.22118195324180628,4276405.479109157,0
4813792.747950027,0.17534702384814066,"[0.1, 0.1, np.float64(18.987394807117152), np.float64(1.5108063030145658), 0.1]",0.30154432167348993,0.17534702384814066,4813792.747950027,0
3992038.599694526,0.25399002893426476,"[0.1, 0.1, np.float64(18.999691064484033), np.float64(1.8513359015973736), 0.1]",0.30230306939636986,0.25399002893426476,3992038.599694526,0
3911860.8709663725,0.2647049686266762,"[0.1, 0.1, np.float64(19.00120749453271), np.float64(1.8933315511960926), 0.1]",0.3024065335046614,0.2647049686266762,3911860.8709663725,0
3479353.6401675306,0.33794173234360636,"[0.1, 0.1, np.float64(19.0108335375524), np.float64(2.1599128748975227), 0.1]",0.3031126990117005,0.33794173234360636,3479353.6401675306,0
3906352.6843905575,0.26546828758300056,"[0.1, 0.1, np.float64(19.001314330146727), np.float64(1.8962902310341763), 0.1]",0.30241390347641506,0.26546828758300056,3906352.6843905575,0
4014490.1108125863,0.25111685652495574,"[0.1, 0.1, np.float64(18.99927897377617), np.float64(1.839923560497045), 0.1]",0.30227532365688875,0.25111685652495574,4014490.1108125863,0
4426207.4811309595,0.20659329270709537,"[0.1, 0.1, np.float64(18.992559466326764), np.float64(1.6538351348770322), 0.1]",0.30184546194971973,0.20659329270709537,4426207.4811309595,0
3818062.3151665824,0.27821566370078077,"[0.1, 0.1, np.float64(19.003076072558475), np.float64(1.9450795023042304), 0.1]",0.3025369623525389,0.27821566370078077,3818062.3151665824,0
3816213.702869086,0.27849328511239496,"[0.1, 0.1, np.float64(19.00311398240917), np.float64(1.946129368605423), 0.1]",0.30253964194927246,0.27849328511239496,3816213.702869086,0
4039760.7331279684,0.24794623499672255,"[0.1, 0.1, np.float64(18.99882144866366), np.float64(1.827252969905449), 0.1]",0.3022447049134537,0.24794623499672255,4039760.7331279684,0
3906138.4316694876,0.26549805163886075,"[0.1, 0.1, np.float64(19.00131849283817), np.float64(1.8964055116113998), 0.1]",0.3024141908511101,0.26549805163886075,3906138.4316694876,0
4510123.384116397,0.19909478958648424,"[0.1, 0.1, np.float64(18.991358155057995), np.float64(1.6205663090936646), 0.1]",0.3017731289588381,0.19909478958648424,4510123.384116397,0
4174914.897650431,0.23205094211737193,"[0.1, 0.1, np.float64(18.996481881633645), np.float64(1.7624615624211715), 0.1]",0.3020912057768784,0.23205094211737193,4174914.897650431,0
3647578.2829201515,0.3058767280506827,"[0.1, 0.1, np.float64(19.010787838589852), np.float64(2.047207432997102), 0.1]",0.30280265274008894,0.3058767280506827,3647578.2829201515,0
4060383.4833986764,0.2454071608684323,"[0.1, 0.1, np.float64(18.998452923094224), np.float64(1.8170471112866313), 0.1]",0.302220184791568,0.2454071608684323,4060383.4833986764,0
4486889.042238921,0.20112591859901205,"[0.1, 0.1, np.float64(18.99168577739953), np.float64(1.6296394035419401), 0.1]",0.30179271872577307,0.20112591859901205,4486889.042238921,0
3934373.556117151,0.26162238489347645,"[0.1, 0.1, np.float64(19.000774459425323), np.float64(1.8813391809251352), 0.1]",0.3023767695913697,0.26162238489347645,3934373.556117151,0
4047235.5980638596,0.2470209672705924,"[0.1, 0.1, np.float64(18.998687375300307), np.float64(1.8235399743783531), 0.1]",0.30223576951462866,0.2470209672705924,4047235.5980638596,0
4314780.988255981,0.21728766334935148,"[0.1, 0.1, np.float64(18.99423534188419), np.float64(1.700246430104316), 0.1]",0.3019486701202834,0.21728766334935148,4314780.988255981,0
4186438.6058469554,0.23077323965786967,"[0.1, 0.1, np.float64(18.996290358158728), np.float64(1.7571575573010894), 0.1]",0.30207886809063234,0.23077323965786967,4186438.6058469554,0
4006765.392322393,0.2520993569553628,"[0.1, 0.1, np.float64(18.999420157446046), np.float64(1.8438334671454304), 0.1]",0.30228481156657055,0.2520993569553628,4006765.392322393,0
4607315.206512002,0.19095037172088505,"[0.1, 0.1, np.float64(18.990027210462568), np.float64(1.5837074490930654), 0.1]",0.3016946053933596,0.19095037172088505,4607315.206512002,0
4443063.378953027,0.20505045495957472,"[0.1, 0.1, np.float64(18.99231411377187), np.float64(1.6470404001431327), 0.1]",0.301830576723147,0.20505045495957472,4443063.378953027,0
3356314.5359364976,0.36508946638257483,"[0.1, 0.1, np.float64(19.014128832279262), np.float64(2.2511719757010327), 0.1]",0.30337372587449263,0.36508946638257483,3356314.5359364976,0
4044442.7098181187,0.24736601753856152,"[0.1, 0.1, np.float64(18.998737403446995), np.float64(1.824925441858557), 0.1]",0.30223910170066615,0.24736601753856152,4044442.7098181187,0
4082435.203045172,0.24273902897564076,"[0.1, 0.1, np.float64(18.998063586091703), np.float64(1.8062649058377267), 0.1]",0.30219441830851784,0.24273902897564076,4082435.203045172,0
4389266.547029042,0.21004164017866922,"[0.1, 0.1, np.float64(18.993104525903618), np.float64(1.6689298839028885), 0.1]",0.3018787356339828,0.21004164017866922,4389266.547029042,0
2508052.301280923,0.8117989265101346,"[0.1, 0.1, np.float64(16.890163520460423), np.float64(3.390724043143282), np.float64(0.10485965965166372)]",0.31416340204929255,0.8117989265101346,2508052.301280923,0
3996198.0412808424,0.2534536724633612,"[0.1, 0.1, np.float64(18.99961431578563), np.float64(1.8492104415749582), 0.1]",0.302297889942236,0.2534536724633612,3996198.0412808424,0
4859003.685577246,0.1722061996766784,"[0.1, 0.1, np.float64(18.986146065726484), np.float64(1.495741221138243), 0.1]",0.3015142121442062,0.1722061996766784,4859003.685577246,0
4176801.041410251,0.2318410217646981,"[0.1, 0.1, np.float64(18.996450451850254), np.float64(1.7615911535478483), 0.1]",0.30208917873793806,0.2318410217646981,4176801.041410251,0
4423807.737794155,0.20681448564550733,"[0.1, 0.1, np.float64(18.992594566076583), np.float64(1.6548071789194878), 0.1]",0.3018475961072151,0.20681448564550733,4423807.737794155,0
4319988.29597942,0.21676788021239507,"[0.1, 0.1, np.float64(18.994154863944757), np.float64(1.6980176933765199), 0.1]",0.30194365281940194,0.21676788021239507,4319988.29597942,0
4105314.8761821,0.24002066431313565,"[0.1, 0.1, np.float64(18.99766469127745), np.float64(1.7952180086461125), 0.1]",0.30216816688483666,0.24002066431313565,4105314.8761821,0
6415400.97547403,0.10196090406108918,"[0.1, 0.1, np.float64(18.97302165014349), np.float64(1.1127595454871935), 0.1]",0.30084340200701615,0.10196090406108918,6415400.97547403,0
4020944.238220596,0.25030077361090336,"[0.1, 0.1, np.float64(18.999161491892387), np.float64(1.8366700454207765), 0.1]",0.3022674427785377,0.25030077361090336,4020944.238220596,0
4004350.3263705326,0.25240782320243144,"[0.1, 0.1, np.float64(18.999464426218246), np.float64(1.8450594358916144), 0.1]",0.3022877903807967,0.25240782320243144,4004350.3263705326,0
4046284.8804208837,0.24713833592103962,"[0.1, 0.1, np.float64(18.99870439630184), np.float64(1.8240113499072568), 0.1]",0.302236902956111,0.24713833592103962,4046284.8804208837,0
4426090.811891972,0.20660403758888138,"[0.1, 0.1, np.float64(18.99256117180405), np.float64(1.6538823659555202), 0.1]",0.3018455656200548,0.20660403758888138,4426090.811891972,0
3923653.941706653,0.2630827810723325,"[0.1, 0.1, np.float64(19.000979932216307), np.float64(1.887029495054545), 0.1]",0.3023908706616125,0.2630827810723325,3923653.941706653,0
4048594.0283245635,0.24685342409272,"[0.1, 0.1, np.float64(18.998663070829075), np.float64(1.822866892188805), 0.1]",0.3022341515319004,0.24685342409272,4048594.0283245635,0
4164654.7007664074,0.23319833724364028,"[0.1, 0.1, np.float64(18.99665341944155), np.float64(1.7672120892787129), 0.1]",0.30210228539438455,0.23319833724364028,4164654.7007664074,0
4368757.390473231,0.21199693383639925,"[0.1, 0.1, np.float64(18.993411583002704), np.float64(1.6774334494655012), 0.1]",0.3018976049682879,0.21199693383639925,4368757.390473231,0
4150314.4166121325,0.23481766049780656,"[0.1, 0.1, np.float64(18.996894788327793), np.float64(1.7738965012497447), 0.1]",0.30211792238581897,0.23481766049780656,4150314.4166121325,0
4404621.321360501,0.2085970487900704,"[0.1, 0.1, np.float64(18.993602974150807), np.float64(1.6626217886908197), 0.1]",0.30186465541838436,0.2085970487900704,4404621.321360501,0
4326981.177218973,0.21607305743755478,"[0.1, 0.1, np.float64(18.9940471324333), np.float64(1.695034202769691), 0.1]",0.3019369460612748,0.21607305743755478,4326981.177218973,0
5586657.441346456,0.1326494808342479,"[0.1, 0.1, 20, np.float64(1.2926749857472946), 0.1]",0.3010229272736677,0.1326494808342479,5586657.441346456,0
4884755.55822859,0.17045835321159478,"[0.1, 0.1, np.float64(18.98654592931291), np.float64(1.4872976849611195), 0.1]",0.3014972887232545,0.17045835321159478,4884755.55822859,0
4487878.28177624,0.20103875167438803,"[0.1, 0.1, np.float64(18.991671751689385), np.float64(1.6292509788934568), 0.1]",0.3017918779701076,0.20103875167438803,4487878.28177624,0
4041361.547478234,0.24774760175825541,"[0.1, 0.1, np.float64(18.998792687579723), np.float64(1.8264564673539034), 0.1]",0.302242786695286,0.24774760175825541,4041361.547478234,0
4720891.225892316,0.18210046135534036,"[0.1, 0.1, np.float64(18.988548090494294), np.float64(1.542745055901166), 0.1]",0.30160933895485187,0.18210046135534036,4720891.225892316,0
4375049.628550857,0.21139389343966625,"[0.1, 0.1, np.float64(18.993317035160295), np.float64(1.6748150642234834), 0.1]",0.30189178522367194,0.21139389343966625,4375049.628550857,0
4034531.541456136,0.2485969121631042,"[0.1, 0.1, np.float64(18.998915582053797), np.float64(1.8298598774058692), 0.1]",0.3022509885494072,0.2485969121631042,4034531.541456136,0
4747285.3272482185,0.1801392564612282,"[0.1, 0.1, np.float64(18.988215431437517), np.float64(1.5335324758704267), 0.1]",0.3015904530097719,0.1801392564612282,4747285.3272482185,0
4042645.5001363005,0.2475884742582561,"[0.1, 0.1, np.float64(18.99876963832775), np.float64(1.8258181469049695), 0.1]",0.30224124998657287,0.2475884742582561,4042645.5001363005,0
4011633.1033544545,0.25147950294630567,"[0.1, 0.1, np.float64(18.99933111787214), np.float64(1.8413676265684107), 0.1]",0.3022788257050858,0.25147950294630567,4011633.1033544545,0
4065066.6735801487,0.24483650899627724,"[0.1, 0.1, np.float64(18.99836983319946), np.float64(1.8147460396951027), 0.1]",0.302214673931864,0.24483650899627724,4065066.6735801487,0
4297293.775313675,0.21904821078233996,"[0.1, 0.1, np.float64(18.99450720801909), np.float64(1.707775425555948), 0.1]",0.3019656647826877,0.21904821078233996,4297293.775313675,0
4200489.999105343,0.2292308056459582,"[0.1, 0.1, np.float64(18.996058437982693), np.float64(1.750734815641397), 0.1]",0.30206397446159555,0.2292308056459582,4200489.999105343,0
4015868.886019879,0.25094215259384267,"[0.1, 0.1, np.float64(18.999253839932212), np.float64(1.8392275098583255), 0.1]",0.30227363655169814,0.25094215259384267,4015868.886019879,0
5686621.544289254,0.12765416881641942,"[0.1, 0.1, np.float64(18.975830628062837), np.float64(1.264888702385737), 0.1]",0.3010874798098577,0.12765416881641942,5686621.544289254,0
4294089.2181188,0.21937336433522003,"[0.1, 0.1, np.float64(18.994557297917037), np.float64(1.7091626031606268), 0.1]",0.30196880361528616,0.21937336433522003,4294089.2181188,0
4158975.1162584536,0.2338374877445223,"[0.1, 0.1, np.float64(18.996748789004826), np.float64(1.7698532310612336), 0.1]",0.3021084573123087,0.2338374877445223,4158975.1162584536,0
4019696.6411818797,0.25045818438011225,"[0.1, 0.1, np.float64(18.999184167507984), np.float64(1.8372980184735466), 0.1]",0.30226896289070027,0.25045818438011225,4019696.6411818797,0
2348986.0461256173,1.135406091435334,"[0.1, 0.1, np.float64(16.525808889204974), np.float64(3.8575075682046793), np.float64(0.12844219673551824)]",0.3407672272821526,1.135406091435334,2348986.0461256173,0
3879504.0745061864,0.2692413217358344,"[0.1, 0.1, np.float64(19.001840147648544), np.float64(1.9108520946548895), 0.1]",0.30245033104883845,0.2692413217358344,3879504.0745061864,0
5631737.458345208,0.13000462482251735,"[0.1, 0.1, np.float64(18.978988330578893), np.float64(1.2779993605720592), 0.1]",0.3011095890211937,0.13000462482251735,5631737.458345208,0
4347519.107290573,0.21405329770940146,"[0.1, 0.1, np.float64(18.99373297456835), np.float64(1.686333990302603), 0.1]",0.3019174513667338,0.21405329770940146,4347519.107290573,0
4009529.418726022,0.251747078549783,"[0.1, 0.1, np.float64(18.999369567622153), np.float64(1.8424324447116696), 0.1]",0.30228140965628064,0.251747078549783,4009529.418726022,0
4272676.427028015,0.22156645521817378,"[0.1, 0.1, np.float64(18.994894169682606), np.float64(1.7184918489368335), 0.1]",0.3019899751858095,0.22156645521817378,4272676.427028015,0
3664443.08933561,0.3029474704587769,"[0.1, 0.1, np.float64(19.006381473475), np.float64(2.03661848149723), 0.1]",0.3027755685280698,0.3029474704587769,3664443.08933561,0
3907388.987540372,0.26532440145987296,"[0.1, 0.1, np.float64(19.001294203438437), np.float64(1.895732846808217), 0.1]",0.3024125142402943,0.26532440145987296,3907388.987540372,0
4066497.8332989174,0.24466255492448832,"[0.1, 0.1, np.float64(18.99834448514185), np.float64(1.814044056674903), 0.1]",0.302212994034584,0.24466255492448832,4066497.8332989174,0
4116195.0786858895,0.23874544444268214,"[0.1, 0.1, np.float64(18.997476779003403), np.float64(1.7900140112556142), 0.1]",0.30215585212118706,0.23874544444268214,4116195.0786858895,0
4352684.117246575,0.21355021116910666,"[0.1, 0.1, np.float64(18.993654491010645), np.float64(1.6841604855032308), 0.1]",0.30191259581923835,0.21355021116910666,4352684.117246575,0
2327463.4643550036,1.2568335770485515,"[0.1, 0.1, np.float64(16.342568580535453), np.float64(3.9718523172401374), np.float64(0.14291583568550437)]",0.35619310232820023,1.2568335770485515,2327463.4643550036,0
4023402.9135159906,0.24999103481225662,"[0.1, 0.1, np.float64(18.999116851821423), np.float64(1.835433794015663), 0.1]",0.30226445163420407,0.24999103481225662,4023402.9135159906,0
2909824.786305656,0.5025237537793157,"[0.1, 0.1, np.float64(19.03851668100065), np.float64(2.6677601735933187), 0.1]",0.3046815378327447,0.5025237537793157,2909824.786305656,0
4246333.628258873,0.2243141074495123,"[0.1, 0.1, np.float64(18.99531385989469), np.float64(1.730114648882059), 0.1]",0.3020165022086874,0.2243141074495123,4246333.628258873,0
4093671.9966805396,0.24139769439493095,"[0.1, 0.1, np.float64(18.9978670410283), np.float64(1.8008218340520648), 0.1]",0.302181464919849,0.24139769439493095,4093671.9966805396,0
4065362.103221062,0.24480058360226903,"[0.1, 0.1, np.float64(18.998364599005434), np.float64(1.8146010851826508), 0.1]",0.30221432699562134,0.24480058360226903,4065362.103221062,0
3869563.6574503826,0.27066068065704746,"[0.1, 0.1, np.float64(19.002036988363255), np.float64(1.9163033541369696), 0.1]",0.3024640337640615,0.27066068065704746,3869563.6574503826,0
6183777.026651218,0.10915620337494977,"[0.1, 0.1, np.float64(18.97462428104478), np.float64(1.1571424207970902), 0.1]",0.30091140793950727,0.10915620337494977,6183777.026651218,0
4105749.8416217198,0.23996946975304073,"[0.1, 0.1, np.float64(18.997657157134697), np.float64(1.7950093599059866), 0.1]",0.30216767249860377,0.23996946975304073,4105749.8416217198,0
4041569.0873742695,0.24772186879354985,"[0.1, 0.1, np.float64(18.99878896072565), np.float64(1.82635325675225), 0.1]",0.3022425381897592,0.24772186879354985,4041569.0873742695,0
4584290.607380332,0.1928300387687429,"[0.1, 0.1, np.float64(18.990336884650468), np.float64(1.5922834916847208), 0.1]",0.3017127238049318,0.1928300387687429,4584290.607380332,0
4241245.4656242365,0.224851251666164,"[0.1, 0.1, np.float64(18.99539560232871), np.float64(1.732378404219438), 0.1]",0.30202168825030806,0.224851251666164,4241245.4656242365,0
4163775.889199272,0.23329704669729234,"[0.1, 0.1, np.float64(18.996668156780235), np.float64(1.7676202215970536), 0.1]",0.3021032385728685,0.23329704669729234,4163775.889199272,0
4037174.0785906115,0.2482677468880665,"[0.1, 0.1, np.float64(18.998867977315818), np.float64(1.8285415232245077), 0.1]",0.3022478097786231,0.2482677468880665,4037174.0785906115,0
3978192.1626164103,0.25578901960288775,"[0.1, 0.1, np.float64(18.99994789129507), np.float64(1.858448401625458), 0.1]",0.30232044158208127,0.25578901960288775,3978192.1626164103,0
4282907.812444779,0.22051410552497142,"[0.1, 0.1, np.float64(18.994732733503945), np.float64(1.7140210741737327), 0.1]",0.30197981588170153,0.22051410552497142,4282907.812444779,0
3974839.0709136417,0.2562278183142892,"[0.1, 0.1, np.float64(19.000010396449614), np.float64(1.860179404364879), 0.1]",0.30232467884835934,0.2562278183142892,3974839.0709136417,0
3675337.8016926036,0.3010701447490615,"[0.1, 0.1, np.float64(19.0100103022447), np.float64(2.0298066954275624), 0.1]",0.302756365958419,0.3010701447490615,3675337.8016926036,0
4224329.404933649,0.226652264732129,"[0.1, 0.1, np.float64(18.995668963330793), np.float64(1.7399487981636415), 0.1]",0.3020390772200403,0.226652264732129,4224329.404933649,0
4397625.596071086,0.20925314936409667,"[0.1, 0.1, np.float64(18.992980294380818), np.float64(1.665489445944602), 0.1]",0.30187112686670703,0.20925314936409667,4397625.596071086,0
3949714.525134337,0.25955545505459937,"[0.1, 0.1, np.float64(19.000482657059077), np.float64(1.8732580762704423), 0.1]",0.3023568114761533,0.25955545505459937,3949714.525134337,0
5227120.722832239,0.14982752356697174,"[0.1, 0.1, np.float64(19.194224043306235), np.float64(1.3841440848182147), 0.1]",0.3012710111437655,0.14982752356697174,5227120.722832239,0
4132335.6521043153,0.23687403833598358,"[0.1, 0.1, np.float64(18.997200095112927), np.float64(1.7823515940381118), 0.1]",0.30213778020181836,0.23687403833598358,4132335.6521043153,0
6242850.319635939,0.1072457254045154,"[0.1, 0.1, np.float64(18.974204087052858), np.float64(1.1455056692939647), 0.1]",0.3008933285591812,0.1072457254045154,6242850.319635939,0
3919771.111061218,0.26361507183285654,"[0.1, 0.1, np.float64(19.001054680465952), np.float64(1.889099555129421), 0.1]",0.30239601018431567,0.26361507183285654,3919771.111061218,0
4043555.609646775,0.2474757808374319,"[0.1, 0.1, np.float64(18.99875331042201), np.float64(1.8253659658046137), 0.1]",0.30224016169554985,0.2474757808374319,4043555.609646775,0
4240695.978986612,0.2249093855409277,"[0.1, 0.1, np.float64(18.995404443211434), np.float64(1.7326232415024752), 0.1]",0.30202224952762746,0.2249093855409277,4240695.978986612,0
3687596.7447282565,0.29899239471704103,"[0.1, 0.1, np.float64(19.005862292152578), np.float64(2.0222403986350734), 0.1]",0.30273742702334144,0.29899239471704103,3687596.7447282565,0
3149849.5989008336,0.4196581587900033,"[0.1, 0.1, np.float64(19.02039674720474), np.float64(2.424754106412859), 0.1]",0.3038967430639877,0.4196581587900033,3149849.5989008336,0
4048913.801587377,0.24681401170067319,"[0.1, 0.1, np.float64(18.998657352303137), np.float64(1.8227085247047528), 0.1]",0.30223377092205017,0.24681401170067319,4048913.801587377,0
4050592.497277373,0.24660728001628032,"[0.1, 0.1, np.float64(18.998627349095997), np.float64(1.8218776230915157), 0.1]",0.3022317744907038,0.24660728001628032,4050592.497277373,0
4300097.515437802,0.2187643727971697,"[0.1, 0.1, np.float64(18.99446345210856), np.float64(1.7065636598776122), 0.1]",0.3019629248119327,0.2187643727971697,4300097.515437802,0
3975675.2069138903,0.256118282588277,"[0.1, 0.1, np.float64(18.999994798579586), np.float64(1.859747440698107), 0.1]",0.30232362111695243,0.256118282588277,3975675.2069138903,0
3290316.6076693675,0.38115983557512156,"[0.1, 0.1, np.float64(19.02224376060453), np.float64(2.303583220234972), 0.1]",0.3035257546239806,0.38115983557512156,3290316.6076693675,0
4335171.834945025,0.21526384273891586,"[0.1, 0.1, np.float64(18.993921444033447), np.float64(1.6915534184082481), 0.1]",0.30192913535257215,0.21526384273891586,4335171.834945025,0
4180480.2321491167,0.23143243679804384,"[0.1, 0.1, np.float64(18.996389236314908), np.float64(1.759895865212903), 0.1]",0.3020852333664108,0.23143243679804384,4180480.2321491167,0
4260000.941936435,0.22288163731424881,"[0.1, 0.1, np.float64(18.995095382887733), np.float64(1.7240641991184584), 0.1]",0.30200267228045313,0.22288163731424881,4260000.941936435,0
3725196.7009916115,0.292748554602675,"[0.1, 0.1, np.float64(19.0050355513055), np.float64(1.999344836157202), 0.1]",0.3026771999828393,0.292748554602675,3725196.7009916115,0
4170162.950188592,0.232581198262563,"[0.1, 0.1, np.float64(18.99656120903084), np.float64(1.7646584363087807), 0.1]",0.302096326079129,0.232581198262563,4170162.950188592,0
4020631.78488919,0.250340180960104,"[0.1, 0.1, np.float64(18.999167169345135), np.float64(1.8368272754337485), 0.1]",0.302267823334527,0.250340180960104,4020631.78488919,0
4830489.204268349,0.17417646260575217,"[0.1, 0.1, np.float64(18.987192646753726), np.float64(1.5052077224583758), 0.1]",0.3015330573650178,0.17417646260575217,4830489.204268349,0
4037432.3291490213,0.24823561652153522,"[0.1, 0.1, np.float64(18.998863328832424), np.float64(1.8284127892417823), 0.1]",0.30224749949334684,0.24823561652153522,4037432.3291490213,0
3566877.6284160432,0.3206037734422341,"[0.1, 0.1, np.float64(19.008658481769398), np.float64(2.099677402380814), 0.1]",0.3029457499277374,0.3206037734422341,3566877.6284160432,0
4051514.814974854,0.2464938173702958,"[0.1, 0.1, np.float64(18.9986108767356), np.float64(1.8214214414984744), 0.1]",0.30223067876871923,0.2464938173702958,4051514.814974854,0
4116738.7922756756,0.23868200984541085,"[0.1, 0.1, np.float64(18.99746741827637), np.float64(1.7897547775290787), 0.1]",0.30215523953758466,0.23868200984541085,4116738.7922756756,0
4214794.328117872,0.22767787871334785,"[0.1, 0.1, np.float64(18.995824143204757), np.float64(1.7442463123269114), 0.1]",0.3020489799374394,0.22767787871334785,4214794.328117872,0
3966370.3583603245,0.257341591261815,"[0.1, 0.1, np.float64(19.000168806801824), np.float64(1.8645663826168828), 0.1]",0.3023354339162317,0.257341591261815,3966370.3583603245,0
3914306.6032497394,0.2643652863059833,"[0.1, 0.1, np.float64(19.00385316478431), np.float64(1.892014123034241), 0.1]",0.30240258587251706,0.2643652863059833,3914306.6032497394,0
4099774.345856959,0.24067434424688278,"[0.1, 0.1, np.float64(18.997760820103668), np.float64(1.7978801772741209), 0.1]",0.30217447948793064,0.24067434424688278,4099774.345856959,0
4428316.027517514,0.20639925923513616,"[0.1, 0.1, np.float64(18.99252866073425), np.float64(1.65298201219607), 0.1]",0.30184358985757687,0.20639925923513616,4428316.027517514,0
4138905.213160704,0.23611921289516832,"[0.1, 0.1, np.float64(18.997088183480233), np.float64(1.7792523401578346), 0.1]",0.3021304910343476,0.23611921289516832,4138905.213160704,0
3887225.4451674568,0.26814724350655555,"[0.1, 0.1, np.float64(19.001688059900903), np.float64(1.906640213095424), 0.1]",0.3024397683395093,0.26814724350655555,3887225.4451674568,0
4184948.891973405,0.23093776357187812,"[0.1, 0.1, np.float64(18.996315049725457), np.float64(1.7578413596203584), 0.1]",0.30208045674429557,0.23093776357187812,4184948.891973405,0
4208692.779177922,0.2283381697818466,"[0.1, 0.1, np.float64(18.995923861544966), np.float64(1.7470078880933844), 0.1]",0.3020553554242004,0.2283381697818466,4208692.779177922,0
4041503.18215712,0.24773003993549772,"[0.1, 0.1, np.float64(18.998790144157052), np.float64(1.8263860304172708), 0.1]",0.3022426170992052,0.24773003993549772,4041503.18215712,0
4593636.992542583,0.19206340239154723,"[0.1, 0.1, np.float64(18.99021076636219), np.float64(1.5887908020963928), 0.1]",0.3017053337502478,0.19206340239154723,4593636.992542583,0
4329718.228251,0.2158020915114177,"[0.1, 0.1, np.float64(18.99400507210067), np.float64(1.6938693940187675), 0.1]",0.30193433061572644,0.2158020915114177,4329718.228251,0
3072354.661457227,0.44375963433532783,"[0.1, 0.1, np.float64(19.023032995518484), np.float64(2.497761734121021), 0.1]",0.30412694802784573,0.44375963433532783,3072354.661457227,0
4040074.3053680747,0.2479073055461115,"[0.1, 0.1, np.float64(18.998815812793534), np.float64(1.8270968914716312), 0.1]",0.30224432896851555,0.2479073055461115,4040074.3053680747,0
4007815.7685958263,0.25196538994854856,"[0.1, 0.1, np.float64(18.99940092298566), np.float64(1.8433007926187042), 0.1]",0.3022835178642894,0.25196538994854856,4007815.7685958263,0
4210300.5154273845,0.2281638813851885,"[0.1, 0.1, np.float64(18.995897554349288), np.float64(1.746279342933897), 0.1]",0.30205367256227295,0.2281638813851885,4210300.5154273845,0
3885218.3997719055,0.2684309269664178,"[0.1, 0.1, np.float64(19.00172752476474), np.float64(1.9077331435570815), 0.1]",0.3024425071684401,0.2684309269664178,3885218.3997719055,0
4616064.873619153,0.19024389914006917,"[0.1, 0.1, np.float64(18.989932235727792), np.float64(1.5804731452434315), 0.1]",0.3016877924715847,0.19024389914006917,4616064.873619153,0
4056115.911612465,0.24592907258994037,"[0.1, 0.1, np.float64(18.99852883082672), np.float64(1.8191492818012698), 0.1]",0.3022252249596966,0.24592907258994037,4056115.911612465,0
4596377.889015667,0.19183952266737933,"[0.1, 0.1, np.float64(18.99017388833905), np.float64(1.5877695109799064), 0.1]",0.30170317572668726,0.19183952266737933,4596377.889015667,0
4055030.0363784283,0.24606216278556792,"[0.1, 0.1, np.float64(18.998548174677858), np.float64(1.8196849857691582), 0.1]",0.30222651022828534,0.24606216278556792,4055030.0363784283,0
3962640.807222282,0.2578346133699558,"[0.1, 0.1, np.float64(19.000238818108766), np.float64(1.8665052589381734), 0.1]",0.3023401947015898,0.2578346133699558,3962640.807222282,0
4816615.086707119,0.17514825727729877,"[0.1, 0.1, np.float64(18.987360527453827), np.float64(1.5098569702506481), 0.1]",0.301542408833147,0.17514825727729877,4816615.086707119,0
4047723.061050474,0.24696082413221887,"[0.1, 0.1, np.float64(18.998678651658125), np.float64(1.823298383926737), 0.1]",0.3022351887058556,0.24696082413221887,4047723.061050474,0
3967795.6778271124,0.2571535824494892,"[0.1, 0.1, np.float64(19.000142090891135), np.float64(1.8638265186019574), 0.1]",0.302333618432878,0.2571535824494892,3967795.6778271124,0
4347933.627891699,0.21401285073746268,"[0.1, 0.1, np.float64(18.993726668117745), np.float64(1.6861593409739808), 0.1]",0.30191706098856885,0.21401285073746268,4347933.627891699,0
3798326.4814270698,0.28120329890320855,"[0.1, 0.1, np.float64(19.003483043214445), np.float64(1.9563500499169695), 0.1]",0.30256579774887593,0.28120329890320855,3798326.4814270698,0
3614459.220794231,0.3117863916998841,"[0.1, 0.1, np.float64(19.00752951363647), np.float64(2.068412030028204), 0.1]",0.30286078240365294,0.3117863916998841,3614459.220794231,0
4050274.0930988705,0.24664646970245951,"[0.1, 0.1, np.float64(18.99863303771516), np.float64(1.8220351623444175), 0.1]",0.3022321529500139,0.24664646970245951,4050274.0930988705,0
4182406.1950603435,0.23121902320981852,"[0.1, 0.1, np.float64(18.99635724031065), np.float64(1.7590097755547738), 0.1]",0.3020831726154498,0.23121902320981852,4182406.1950603435,0
4459590.211323344,0.20355592501704117,"[0.1, 0.1, np.float64(18.992075553913704), np.float64(1.6404337807209342), 0.1]",0.3018161587528434,0.20355592501704117,4459590.211323344,0
4232961.778500766,0.22573025666540716,"[0.1, 0.1, np.float64(18.995529156767706), np.float64(1.736077028779862), 0.1]",0.30203017504642604,0.22573025666540716,4232961.778500766,0
3576033.4226315194,0.3188670566490039,"[0.1, 0.1, np.float64(19.0128588483314), np.float64(2.093555230423286), 0.1]",0.3029276873602188,0.3188670566490039,3576033.4226315194,0
4063815.5529910643,0.24498874607889373,"[0.1, 0.1, np.float64(18.998392009265892), np.float64(1.815360178353147), 0.1]",0.3022161441053387,0.24498874607889373,4063815.5529910643,0
4547125.208964598,0.1959284785235775,"[0.1, 0.1, np.float64(18.990844046197513), np.float64(1.606328701774264), 0.1]",0.30174259582372626,0.1959284785235775,4547125.208964598,0
4993193.854981611,0.16340389312611325,"[0.1, 0.1, np.float64(18.985299036728748), np.float64(1.4527665411754629), 0.1]",0.30142947285513844,0.16340389312611325,4993193.854981611,0
4180705.7563750814,0.23140743005356998,"[0.1, 0.1, np.float64(18.99638548795233), np.float64(1.7597920589597829), 0.1]",0.3020849918974924,0.23140743005356998,4180705.7563750814,0
4325632.988284018,0.21620673172476615,"[0.1, 0.1, np.float64(18.99406787204826), np.float64(1.695608560685864), 0.1]",0.3019382363356901,0.21620673172476615,4325632.988284018,0
4311832.540975334,0.21758287624363087,"[0.1, 0.1, np.float64(18.994281006405654), np.float64(1.7015110523954766), 0.1]",0.30195151975656914,0.21758287624363087,4311832.540975334,0
3844288.362105924,0.27432565833037437,"[0.1, 0.1, np.float64(19.002542860254835), np.float64(1.9303128488176384), 0.1]",0.3024994138181618,0.27432565833037437,3844288.362105924,0
4007226.7137081344,0.25204050473666917,"[0.1, 0.1, np.float64(18.99941170830962), np.float64(1.8435994787902739), 0.1]",0.3022842432383658,0.25204050473666917,4007226.7137081344,0
4292288.920778139,0.21955637990548327,"[0.1, 0.1, np.float64(18.994585474987257), np.float64(1.7099429321765385), 0.1]",0.3019705703493586,0.21955637990548327,4292288.920778139,0
4298888.382358042,0.21888670612473443,"[0.1, 0.1, np.float64(18.99448231428594), np.float64(1.7070860244882742), 0.1]",0.30196410572810156,0.21888670612473443,4298888.382358042,0
3368357.3138223803,0.36227476230563965,"[0.1, 0.1, np.float64(19.013793066001487), np.float64(2.2418733450383117), 0.1]",0.30334668583493307,0.36227476230563965,3368357.3138223803,0
4060765.0342441937,0.24536058683833462,"[0.1, 0.1, np.float64(18.998446145329343), np.float64(1.8168594094936827), 0.1]",0.30221973502011645,0.24536058683833462,4060765.0342441937,0
3856619.4125893535,0.2725274893923641,"[0.1, 0.1, np.float64(19.00229509074665), np.float64(1.9234511795596203), 0.1]",0.30248205551411084,0.2725274893923641,3856619.4125893535,0
4194620.98342563,0.22987299269515477,"[0.1, 0.1, np.float64(18.99615509252737), np.float64(1.7534115433901825), 0.1]",0.3020701753240065,0.22987299269515477,4194620.98342563,0
4040337.3038309105,0.24787466247882511,"[0.1, 0.1, np.float64(18.998811086667423), np.float64(1.8269660072700482), 0.1]",0.30224401373166715,0.24787466247882511,4040337.3038309105,0
4109427.9782721205,0.23953672223245948,"[0.1, 0.1, np.float64(18.999439759545474), np.float64(1.7932450985020074), 0.1]",0.3021630803721519,0.23953672223245948,4109427.9782721205,0
4045867.1879737265,0.24718993012361418,"[0.1, 0.1, np.float64(18.9987118772899), np.float64(1.8242185265940496), 0.1]",0.3022374012066867,0.24718993012361418,4045867.1879737265,0
4288490.442335651,0.21994334832128073,"[0.1, 0.1, np.float64(18.994645013638465), np.float64(1.7115917812849972), 0.1]",0.3019743059679812,0.21994334832128073,4288490.442335651,0
6545207.813009033,0.098890738610422,"[0.1, 0.1, 20, np.float64(1.093380955687359), 0.1]",0.3007334039718906,0.098890738610422,6545207.813009033,0
4624386.581666839,0.1895759130982321,"[0.1, 0.1, np.float64(18.989799794826983), np.float64(1.577409455094887), 0.1]",0.30168135850142036,0.1895759130982321,4624386.581666839,0
3874401.373867932,0.2699683852643423,"[0.1, 0.1, np.float64(19.001941044163186), np.float64(1.913646298501169), 0.1]",0.30245735029207943,0.2699683852643423,3874401.373867932,0
4128944.38914036,0.23726523525635707,"[0.1, 0.1, np.float64(18.997258023792284), np.float64(1.7839558569727778), 0.1]",0.3021415579158625,0.23726523525635707,4128944.38914036,0
5033567.462793698,0.16089771370692105,"[0.1, 0.1, np.float64(18.9848495478552), np.float64(1.440318504255906), 0.1]",0.3014053973768852,0.16089771370692105,5033567.462793698,0
3939208.352555713,0.26096806809267314,"[0.1, 0.1, np.float64(19.000682211444268), np.float64(1.8787844874910076), 0.1]",0.3023704516282146,0.26096806809267314,3939208.352555713,0
3980530.1810153183,0.25548378744628536,"[0.1, 0.1, np.float64(18.999904380243404), np.float64(1.8572434170097605), 0.1]",0.3023174940911071,0.25548378744628536,3980530.1810153183,0
4572355.877471878,0.19381626266218852,"[0.1, 0.1, np.float64(18.990498755639106), np.float64(1.5967663079709349), 0.1]",0.30172223123168135,0.19381626266218852,4572355.877471878,0
4095408.4791291845,0.24119149546123586,"[0.1, 0.1, np.float64(18.99783677797171), np.float64(1.7999837362304034), 0.1]",0.3021794736433594,0.24119149546123586,4095408.4791291845,0
3570369.9590926813,0.3199426502425961,"[0.1, 0.1, np.float64(19.008574380841438), np.float64(2.097348331478613), 0.1]",0.30293938052131864,0.3199426502425961,3570369.9590926813,0
4041153.7818600778,0.2477733671059935,"[0.1, 0.1, np.float64(18.99879641892801), np.float64(1.8265598024172252), 0.1]",0.3022430355135192,0.2477733671059935,4041153.7818600778,0
4165440.533744332,0.23311012924290664,"[0.1, 0.1, np.float64(18.99664024730795), np.float64(1.766847303374105), 0.1]",0.30210143362324404,0.23311012924290664,4165440.533744332,0
4116853.857993933,0.2386685887706857,"[0.1, 0.1, np.float64(18.997465437634414), np.float64(1.7896999261064555), 0.1]",0.3021551099312104,0.2386685887706857,4116853.857993933,0
3951023.3610780234,0.25938035538587034,"[0.1, 0.1, np.float64(19.000457883248565), np.float64(1.8725719963114638), 0.1]",0.3023551206986596,0.25938035538587034,3951023.3610780234,0
3692783.5978317917,0.2981128292909287,"[0.1, 0.1, np.float64(19.009528792805618), np.float64(2.0190308398177352), 0.1]",0.30272788180652543,0.2981128292909287,3692783.5978317917,0
4059064.5210925005,0.245568271914691,"[0.1, 0.1, np.float64(18.9984763640469), np.float64(1.8176962794007205), 0.1]",0.30222174066174406,0.245568271914691,4059064.5210925005,0
3897150.6213668888,0.26675160367004375,"[0.1, 0.1, np.float64(19.001493596576196), np.float64(1.9012547924812775), 0.1]",0.3024262938549981,0.26675160367004375,3897150.6213668888,0
4772907.8265110105,0.17826805845014562,"[0.1, 0.1, np.float64(18.98789633240275), np.float64(1.5246954238331138), 0.1]",0.301572437437503,0.17826805845014562,4772907.8265110105,0
4421472.198458548,0.20703013243806467,"[0.1, 0.1, np.float64(18.992628767516585), np.float64(1.6557543453853962), 0.1]",0.30184967677652624,0.20703013243806467,4421472.198458548,0
5839217.459340253,0.1216264781779309,"[0.1, 0.1, np.float64(19.216626294879084), np.float64(1.2307139195156305), 0.1]",0.30100448949953085,0.1216264781779309,5839217.459340253,0
3946807.066696145,0.25994511877068205,"[0.1, 0.1, np.float64(19.00053775799626), np.float64(1.8747840283922619), 0.1]",0.3023605740870945,0.25994511877068205,3946807.066696145,0
4661316.053785066,0.18665720622756168,"[0.1, 0.1, np.float64(18.98931409612839), np.float64(1.5639586319761885), 0.1]",0.30165323342359884,0.18665720622756168,4661316.053785066,0
4064235.547764456,0.24493762355272056,"[0.1, 0.1, np.float64(18.998384563127278), np.float64(1.815153966778553), 0.1]",0.3022156504083998,0.24493762355272056,4064235.547764456,0
4016795.7053270694,0.2508248279222593,"[0.1, 0.1, np.float64(18.999236956018116), np.float64(1.8387599307960267), 0.1]",0.3022725035534681,0.2508248279222593,4016795.7053270694,0
4296000.160385809,0.2191793737209072,"[0.1, 0.1, np.float64(18.994527418178098), np.float64(1.708335120845983), 0.1]",0.3019669309451876,0.2191793737209072,4296000.160385809,0
3648917.848444443,0.30564811224182586,"[0.1, 0.1, np.float64(19.006734020356994), np.float64(2.046381830183365), 0.1]",0.3028016086538065,0.30564811224182586,3648917.848444443,0
3819537.8464621394,0.27799439789984254,"[0.1, 0.1, np.float64(19.003045844514276), np.float64(1.944242374107438), 0.1]",0.3025348266831363,0.27799439789984254,3819537.8464621394,0
4047557.2139173816,0.24698128363820343,"[0.1, 0.1, np.float64(18.998681619388968), np.float64(1.8233805715520421), 0.1]",0.30223538628552005,0.24698128363820343,4047557.2139173816,0
3999346.197296266,0.2530489562003678,"[0.1, 0.1, np.float64(18.999556349551778), np.float64(1.8476051386152206), 0.1]",0.30229398168695615,0.2530489562003678,3999346.197296266,0
4308113.31531753,0.21795620015095662,"[0.1, 0.1, np.float64(18.994338708665317), np.float64(1.703109044917463), 0.1]",0.3019551234253879,0.21795620015095662,4308113.31531753,0
4048083.2567941374,0.2469163986553797,"[0.1, 0.1, np.float64(18.998672207142757), np.float64(1.8231199110657799), 0.1]",0.3022347596841849,0.2469163986553797,4048083.2567941374,0
3117936.896714295,0.429271262120955,"[0.1, 0.1, np.float64(19.02897062045163), np.float64(2.454125794349088), 0.1]",0.3039855743089962,0.429271262120955,3117936.896714295,0
4059875.586301033,0.24546917987767242,"[0.1, 0.1, np.float64(18.99846194750812), np.float64(1.8172970312377335), 0.1]",0.3022207837171678,0.24546917987767242,4059875.586301033,0
4243312.32870704,0.22463280453134,"[0.1, 0.1, np.float64(18.995362371014117), np.float64(1.731458104173493), 0.1]",0.30201957916993477,0.22463280453134,4243312.32870704,0
4746388.301891095,0.18020534431141297,"[0.1, 0.1, np.float64(18.988226670891933), np.float64(1.533843738621992), 0.1]",0.30159108935791995,0.18020534431141297,4746388.301891095,0
4110635.781485044,0.23939563271867242,"[0.1, 0.1, np.float64(18.997572651769087), np.float64(1.792669088604623), 0.1]",0.3021621309598893,0.23939563271867242,4110635.781485044,0
3896031.1171091003,0.26690842546701987,"[0.1, 0.1, np.float64(19.001515473128045), np.float64(1.901860636454511), 0.1]",0.3024278079424117,0.26690842546701987,3896031.1171091003,0
3470591.327129275,0.33976286588839616,"[0.1, 0.1, np.float64(19.011058691416242), np.float64(2.166148231932196), 0.1]",0.3031302244776864,0.33976286588839616,3470591.327129275,0
4038248.475103567,0.24813412019655923,"[0.1, 0.1, np.float64(18.998848642784868), np.float64(1.828006077367577), 0.1]",0.30224651933575625,0.24813412019655923,4038248.475103567,0
4017106.3077656436,0.25078552937458737,"[0.1, 0.1, np.float64(18.999231299766436), np.float64(1.8386032879203393), 0.1]",0.30227212404926,0.25078552937458737,4017106.3077656436,0
4840802.643503518,0.17345973878210097,"[0.1, 0.1, np.float64(18.987068527523345), np.float64(1.5017703942992977), 0.1]",0.3015261611132705,0.17345973878210097,4840802.643503518,0
4627853.339374235,0.1892987653956305,"[0.1, 0.1, np.float64(18.989753837792225), np.float64(1.5761367320109498), 0.1]",0.3016786875630897,0.1892987653956305,4627853.339374235,0
3500918.805346607,0.3335279483342704,"[0.1, 0.1, np.float64(19.01028528541711), np.float64(2.1447297119250543), 0.1]",0.3030702149955183,0.3335279483342704,3500918.805346607,0
4034493.282641306,0.24860168309922545,"[0.1, 0.1, np.float64(18.998916271804987), np.float64(1.8298789792097225), 0.1]",0.3022510346226229,0.24860168309922545,4034493.282641306,0
3999065.7180313584,0.2530849705763397,"[0.1, 0.1, np.float64(18.99956150967337), np.float64(1.8477480417833885), 0.1]",0.3022943294703512,0.2530849705763397,3999065.7180313584,0
4169527.1547722914,0.23265229545104862,"[0.1, 0.1, np.float64(18.996571838372972), np.float64(1.764952802757108), 0.1]",0.30209701261648814,0.23265229545104862,4169527.1547722914,0
3939068.632573914,0.26098693932200684,"[0.1, 0.1, np.float64(19.000684873613654), np.float64(1.8788582129707034), 0.1]",0.3023706338462735,0.26098693932200684,3939068.632573914,0
3442660.0204703184,0.34566467862825634,"[0.1, 0.1, np.float64(19.017000466824435), np.float64(2.18624185138932), 0.1]",0.30318530182290865,0.34566467862825634,3442660.0204703184,0
4059265.2738243043,0.24554373880063846,"[0.1, 0.1, np.float64(18.998472795087213), np.float64(1.81759744148822), 0.1]",0.3022215037423052,0.24554373880063846,4059265.2738243043,0
4104118.2871398963,0.2401615929099064,"[0.1, 0.1, np.float64(18.997685427108514), np.float64(1.795792261771846), 0.1]",0.30216952783399237,0.2401615929099064,4104118.2871398963,0
4004384.8216685727,0.25240341289937185,"[0.1, 0.1, np.float64(18.999463793476984), np.float64(1.8450419129071791), 0.1]",0.30228774779118317,0.25240341289937185,4004384.8216685727,0
3905435.068460165,0.26559580167545005,"[0.1, 0.1, np.float64(19.0013321621416), np.float64(1.8967840660179345), 0.1]",0.3024151346355075,0.26559580167545005,3905435.068460165,0
3798527.419702812,0.28117261466039445,"[0.1, 0.1, np.float64(19.003478874587596), np.float64(1.9562346049661146), 0.1]",0.3025655016112666,0.28117261466039445,3798527.419702812,0
6156705.890721561,0.11004996424954759,"[0.1, 0.1, np.float64(18.97481958226254), np.float64(1.162551045820285), 0.1]",0.30091987115997443,0.11004996424954759,6156705.890721561,0
3973949.406549287,0.2563444509263791,"[0.1, 0.1, np.float64(19.00002700121509), np.float64(1.8606392527523528), 0.1]",0.30232580510936985,0.2563444509263791,3973949.406549287,0
4021129.3615982314,0.2502774302202434,"[0.1, 0.1, np.float64(18.999158128576), np.float64(1.8365769025444008), 0.1]",0.3022672173518373,0.2502774302202434,4021129.3615982314,0
4102621.7349308296,0.2403380408658997,"[0.1, 0.1, np.float64(18.997711380500665), np.float64(1.796511008781347), 0.1]",0.3021712317954157,0.2403380408658997,4102621.7349308296,0
3969134.195177478,0.25697722882042373,"[0.1, 0.1, np.float64(19.000117022208933), np.float64(1.8631322725374215), 0.1]",0.30233191549251415,0.25697722882042373,3969134.195177478,0
4508174.828924377,0.19926384222349983,"[0.1, 0.1, np.float64(18.99138548748043), np.float64(1.6213232466366359), 0.1]",0.30177475933590764,0.19926384222349983,4508174.828924377,0
4053424.2689554915,0.24625919029831106,"[0.1, 0.1, np.float64(18.998576801736093), np.float64(1.820477776645227), 0.1]",0.3022284129470962,0.24625919029831106,4053424.2689554915,0
3809504.8315018667,0.27950465485054776,"[0.1, 0.1, np.float64(19.003251926141736), np.float64(1.9499495492079646), 0.1]",0.302549403480177,0.27950465485054776,3809504.8315018667,0
4232885.074713557,0.2257384221974157,"[0.1, 0.1, np.float64(18.9955303961926), np.float64(1.7361113531153667), 0.1]",0.30203025388547544,0.2257384221974157,4232885.074713557,0
4102008.420284056,0.24041041392329995,"[0.1, 0.1, np.float64(18.997722022933953), np.float64(1.7968057377730347), 0.1]",0.3021719307039054,0.24041041392329995,4102008.420284056,0
2984126.5581203382,0.4741020549199465,"[0.1, 0.1, np.float64(19.034902520490462), np.float64(2.5868777055722108), 0.1]",0.3044121328558425,0.4741020549199465,2984126.5581203382,0
4079725.7454817826,0.24306428691510903,"[0.1, 0.1, np.float64(18.998111163334084), np.float64(1.8075824985625577), 0.1]",0.302197559360648,0.24306428691510903,4079725.7454817826,0
4154431.4824654744,0.23435087439604774,"[0.1, 0.1, np.float64(18.99682529773871), np.float64(1.7719720455638328), 0.1]",0.30211341483520776,0.23435087439604774,4154431.4824654744,0
4115165.155667591,0.2388656804921556,"[0.1, 0.1, np.float64(18.997494518193594), np.float64(1.7905052761286993), 0.1]",0.3021570132332778,0.2388656804921556,4115165.155667591,0
3975687.463388544,0.25611667753430706,"[0.1, 0.1, np.float64(18.99999456999512), np.float64(1.8597411103348647), 0.1]",0.30232360561774385,0.25611667753430706,3975687.463388544,0
4343781.399640752,0.21441857089444114,"[0.1, 0.1, np.float64(18.99378990038266), np.float64(1.6879104801334435), 0.1]",0.3019209768670793,0.21441857089444114,4343781.399640752,0
3857131.014610821,0.2724533047225914,"[0.1, 0.1, np.float64(19.00228485114324), np.float64(1.9231676064418315), 0.1]",0.30248133936814203,0.2724533047225914,3857131.014610821,0
3935344.5474474393,0.26149075956092893,"[0.1, 0.1, np.float64(19.000755911770863), np.float64(1.880825526636716), 0.1]",0.3023754986466343,0.26149075956092893,3935344.5474474393,0
3973512.303434094,0.2564017859346567,"[0.1, 0.1, np.float64(19.00003516249402), np.float64(1.8608652692510386), 0.1]",0.30232635876343383,0.2564017859346567,3973512.303434094,0
3951092.0723524196,0.25937116836716767,"[0.1, 0.1, np.float64(19.00045658319885), np.float64(1.8725359930469199), 0.1]",0.3023550319878974,0.25937116836716767,3951092.0723524196,0
4089838.1172587904,0.24185397456445132,"[0.1, 0.1, np.float64(18.997933961241632), np.float64(1.802675106369155), 0.1]",0.3021858712524289,0.24185397456445132,4089838.1172587904,0
3377665.0817119293,0.3601239218020833,"[0.1, 0.1, np.float64(19.013535601530997), np.float64(2.2347431858224622), 0.1]",0.3033260195361954,0.3601239218020833,3377665.0817119293,0
4041944.9842783795,0.24767527233688988,"[0.1, 0.1, np.float64(18.998782211756232), np.float64(1.8261663524138718), 0.1]",0.3022420882035876,0.24767527233688988,4041944.9842783795,0
3873205.3148862273,0.27013927442559665,"[0.1, 0.1, np.float64(19.00196473897841), np.float64(1.9143024970236828), 0.1]",0.3024590000791543,0.27013927442559665,3873205.3148862273,0
4332967.178652584,0.2154811686586566,"[0.1, 0.1, np.float64(18.993955222789108), np.float64(1.6924888791555026), 0.1]",0.30193123300452673,0.2154811686586566,4332967.178652584,0
4086269.6512641064,0.24227993992820682,"[0.1, 0.1, np.float64(18.997996377854793), np.float64(1.8044036570646753), 0.1]",0.30218998483854076,0.24227993992820682,4086269.6512641064,0
5643569.594976252,0.12949077875879642,"[0.1, 0.1, np.float64(18.976288846014214), np.float64(1.2751433102523113), 0.1]",0.3011049871729994,0.12949077875879642,5643569.594976252,0
4081907.6105732657,0.2428023080203078,"[0.1, 0.1, np.float64(18.99807284478053), np.float64(1.806521313742622), 0.1]",0.30219502940112486,0.2428023080203078,4081907.6105732657,0
4501754.403173457,0.19982252626472652,"[0.1, 0.1, np.float64(18.991475732391127), np.float64(1.6238224675213417), 0.1]",0.30178014752124954,0.19982252626472652,4501754.403173457,0
4179524.643152989,0.23153844427378428,"[0.1, 0.1, np.float64(18.996405123937194), np.float64(1.7603358532090554), 0.1]",0.3020862569917146,0.23153844427378428,4179524.643152989,0
3799908.694665966,0.28096183652387846,"[0.1, 0.1, np.float64(19.00345023298077), np.float64(1.9554414111850058), 0.1]",0.3025634673562252,0.28096183652387846,3799908.694665966,0
3695298.4192487514,0.2976956633390793,"[0.1, 0.1, np.float64(19.005691316198135), np.float64(2.0175054316124412), 0.1]",0.3027249202863234,0.2976956633390793,3695298.4192487514,0
4458173.033744048,0.20368338280984197,"[0.1, 0.1, np.float64(18.992095933369573), np.float64(1.6409981644776888), 0.1]",0.3018173883117486,0.20368338280984197,4458173.033744048,0
3871781.050336345,0.27034300119196436,"[0.1, 0.1, np.float64(19.001992977037823), np.float64(1.9150845150597087), 0.1]",0.3024609668761951,0.27034300119196436,3871781.050336345,0
3974500.576986138,0.2562721836819526,"[0.1, 0.1, np.float64(19.00001671311309), np.float64(1.8603543365262307), 0.1]",0.302325107262022,0.2562721836819526,3974500.576986138,0
4171299.8134585936,0.23245415838350195,"[0.1, 0.1, np.float64(18.996542211927256), np.float64(1.7641323350841884), 0.1]",0.3020950993428365,0.23245415838350195,4171299.8134585936,0
3954276.969734016,0.25894591890968033,"[0.1, 0.1, np.float64(19.000396380929374), np.float64(1.8708687658535341), 0.1]",0.30235092572435274,0.25894591890968033,3954276.969734016,0
3032485.166279301,0.45708022868966974,"[0.1, 0.1, np.float64(19.0244589212645), np.float64(2.5372509792963207), 0.1]",0.3042539538405463,0.45708022868966974,3032485.166279301,0
4061243.702026624,0.2453021787340819,"[0.1, 0.1, np.float64(18.998437644472805), np.float64(1.816623988814258), 0.1]",0.30221917096545947,0.2453021787340819,4061243.702026624,0
4142999.439252144,0.23565078940500453,"[0.1, 0.1, np.float64(18.99701864345589), np.float64(1.7773265154236049), 0.1]",0.3021259676083405,0.23565078940500453,4142999.439252144,0
4235965.411538279,0.2254108836179319,"[0.1, 0.1, np.float64(18.99548066220348), np.float64(1.7347340319642763), 0.1]",0.30202709147847273,0.2254108836179319,4235965.411538279,0
4058727.0485792924,0.24560952202231429,"[0.1, 0.1, np.float64(18.998482364508916), np.float64(1.8178624547546705), 0.1]",0.30222213901933065,0.24560952202231429,4058727.0485792924,0
4205050.404745738,0.22873362240987946,"[0.1, 0.1, np.float64(18.99744752058239), np.float64(1.7486601378264492), 0.1]",0.30205886173280344,0.22873362240987946,4205050.404745738,0
4069315.1022423417,0.24432071458404528,"[0.1, 0.1, np.float64(18.99829464669274), np.float64(1.8126638426338504), 0.1]",0.30220969283782045,0.24432071458404528,4069315.1022423417,0
4212350.904097795,0.2279419227257446,"[0.1, 0.1, np.float64(18.995864037091426), np.float64(1.7453511240438546), 0.1]",0.30205152942290775,0.2279419227257446,4212350.904097795,0
5705859.082733614,0.12751710309282013,"[0.1, 0.1, 20, np.float64(1.2641815103344856), 0.1]",0.3009786504807361,0.12751710309282013,5705859.082733614,0
4759728.567697681,0.17922656112997795,"[0.1, 0.1, np.float64(18.98805999762691), np.float64(1.5292279292468347), 0.1]",0.3015816652839573,0.17922656112997795,4759728.567697681,0
3850182.0781131503,0.2734637814149895,"[0.1, 0.1, np.float64(19.00242420499987), np.float64(1.9270268386816933), 0.1]",0.30249109394506996,0.2734637814149895,3850182.0781131503,0
3857555.041540415,0.2723918440355948,"[0.1, 0.1, np.float64(19.00227636674643), np.float64(1.9229326415940398), 0.1]",0.3024807460528446,0.2723918440355948,3857555.041540415,0
3935037.1457664347,0.2615324184397105,"[0.1, 0.1, np.float64(19.0007617825373), np.float64(1.880988110232512), 0.1]",0.302375900895734,0.2615324184397105,3935037.1457664347,0
4030811.4827193907,0.24906151380513514,"[0.1, 0.1, np.float64(18.99898271983688), np.float64(1.8317191750475315), 0.1]",0.3022554752310703,0.24906151380513514,4030811.4827193907,0
4022911.754080956,0.2500528597331365,"[0.1, 0.1, np.float64(18.999125764361104), np.float64(1.8356806157493617), 0.1]",0.3022650486772213,0.2500528597331365,4022911.754080956,0
4285778.423024833,0.22022031756123547,"[0.1, 0.1, np.float64(18.994687595459133), np.float64(1.7127710320006053), 0.1]",0.3019769797315258,0.22022031756123547,4285778.423024833,0
4713034.9407799095,0.1826909406467513,"[0.1, 0.1, np.float64(18.98864789317157), np.float64(1.5455089672782227), 0.1]",0.30161502586908073,0.1826909406467513,4713034.9407799095,0
3069763.306063268,0.4446055043005181,"[0.1, 0.1, np.float64(19.02312418287171), np.float64(2.5002870547827), 0.1]",0.30413501786941904,0.4446055043005181,3069763.306063268,0
4033963.1622977383,0.2486678054388883,"[0.1, 0.1, np.float64(18.99892583065871), np.float64(1.8301436998090992), 0.1]",0.3022516731699259,0.2486678054388883,4033963.1622977383,0
3892007.5643124958,0.26747330465349295,"[0.1, 0.1, np.float64(19.001594219710434), np.float64(1.9040414253962679), 0.1]",0.30243326171208934,0.26747330465349295,3892007.5643124958,0
4406032.825682853,0.20846498137202338,"[0.1, 0.1, np.float64(18.992855877492094), np.float64(1.662043874506844), 0.1]",0.301863521496953,0.20846498137202338,4406032.825682853,0
3964553.9035289255,0.25758152092238107,"[0.1, 0.1, np.float64(19.00020288631885), np.float64(1.8655101725771803), 0.1]",0.30233775076051006,0.25758152092238107,3964553.9035289255,0
4174590.665294826,0.23208675719070385,"[0.1, 0.1, np.float64(18.998070871326306), np.float64(1.7626103059134894), 0.1]",0.302091208861043,0.23208675719070385,4174590.665294826,0
4057615.303833799,0.24574549383100777,"[0.1, 0.1, np.float64(18.998502140096896), np.float64(1.8184101151391947), 0.1]",0.3022234521164511,0.24574549383100777,4057615.303833799,0
4359970.902218207,0.21284373828866618,"[0.1, 0.1, np.float64(18.99354412071848), np.float64(1.6811039171373074), 0.1]",0.3019057774518617,0.21284373828866618,4359970.902218207,0
4522168.475987523,0.19805495779672866,"[0.1, 0.1, np.float64(18.99118977703499), np.float64(1.615903288560386), 0.1]",0.30176310101140325,0.19805495779672866,4522168.475987523,0
3957477.8109458243,0.25851969396466523,"[0.1, 0.1, np.float64(19.000335990454438), np.float64(1.8691963265433706), 0.1]",0.30234681001692526,0.25851969396466523,3957477.8109458243,0
7113236.562286539,0.08478958953217636,"[0.1, 0.1, np.float64(19.834544193835487), 1, 0.1]",0.30062426457409475,0.08478958953217636,7113236.562286539,0
3936685.9150412423,0.2613091058837465,"[0.1, 0.1, np.float64(19.00073030675406), np.float64(1.8801164274503765), 0.1]",0.3023737446349436,0.2613091058837465,3936685.9150412423,0
3627708.9248168305,0.3094022520422102,"[0.1, 0.1, np.float64(19.00722148823238), np.float64(2.059881648459312), 0.1]",0.3028378011697334,0.3094022520422102,3627708.9248168305,0
4216358.32614753,0.22750913106333642,"[0.1, 0.1, np.float64(18.99579863522809), np.float64(1.7435399005468242), 0.1]",0.30204735059619436,0.22750913106333642,4216358.32614753,0
3982972.8532504346,0.25516553125457325,"[0.1, 0.1, np.float64(18.99985898465113), np.float64(1.855986242379032), 0.1]",0.30231442082256177,0.25516553125457325,3982972.8532504346,0
4529602.137332951,0.19741763741259796,"[0.1, 0.1, np.float64(18.991086356468276), np.float64(1.6130391842221625), 0.1]",0.3017569551529693,0.19741763741259796,4529602.137332951,0
3921637.111643538,0.2633590441133249,"[0.1, 0.1, np.float64(19.001018736660058), np.float64(1.8881041360008994), 0.1]",0.30239353811994707,0.2633590441133249,3921637.111643538,0
3099707.4022143525,0.434993390658638,"[0.1, 0.1, np.float64(19.022082731110267), np.float64(2.4714453398050242), 0.1]",0.3040432773156001,0.434993390658638,3099707.4022143525,0
4039219.650793988,0.24801343303506784,"[0.1, 0.1, np.float64(18.99883117596531), np.float64(1.827522355461429), 0.1]",0.30224535385037954,0.24801343303506784,4039219.650793988,0
3897129.5091150934,0.26675455970285156,"[0.1, 0.1, np.float64(19.001494009001142), np.float64(1.9012662140786358), 0.1]",0.3024263223950311,0.26675455970285156,3897129.5091150934,0
4278750.033203028,0.2209407654453959,"[0.1, 0.1, np.float64(18.994798232210933), np.float64(1.7158349796355974), 0.1]",0.30198393478647834,0.2209407654453959,4278750.033203028,0
4183490.242695309,0.23109904301374387,"[0.1, 0.1, np.float64(18.9963392457511), np.float64(1.758511438543784), 0.1]",0.3020820140732073,0.23109904301374387,4183490.242695309,0
3941335.9467335604,0.26067932621426854,"[0.1, 0.1, np.float64(19.0032116142133), np.float64(1.8776566551250293), 0.1]",0.30236703543049154,0.26067932621426854,3941335.9467335604,0
4079095.491756545,0.24314004850369944,"[0.1, 0.1, np.float64(18.99812224077753), np.float64(1.8078892746210722), 0.1]",0.30219829099903983,0.24314004850369944,4079095.491756545,0
4140688.7578781033,0.23591496871608653,"[0.1, 0.1, np.float64(18.99705787088498), np.float64(1.7784128704244333), 0.1]",0.30212851870657276,0.23591496871608653,4140688.7578781033,0
4346597.055832892,0.21414331199698816,"[0.1, 0.1, np.float64(18.993747007346872), np.float64(1.686722610701086), 0.1]",0.3019183201512488,0.21414331199698816,4346597.055832892,0
4041410.963962439,0.24774147418821477,"[0.1, 0.1, np.float64(18.998791800153672), np.float64(1.8264318911899666), 0.1]",0.3022427275207994,0.24774147418821477,4041410.963962439,0
3889222.3211212964,0.2678654866059048,"[0.1, 0.1, np.float64(19.001648842178568), np.float64(1.9055541269111813), 0.1]",0.30243704809366956,0.2678654866059048,3889222.3211212964,0
3738529.892961714,0.29058594685150685,"[0.1, 0.1, np.float64(19.0047471287127), np.float64(1.9913573301366951), 0.1]",0.3026563362278938,0.29058594685150685,3738529.892961714,0
4141492.234564654,0.23582305249734203,"[0.1, 0.1, np.float64(18.997044224955303), np.float64(1.7780349633250179), 0.1]",0.3021276310991826,0.23582305249734203,4141492.234564654,0
4022979.4253490423,0.2500443400898198,"[0.1, 0.1, np.float64(18.999124536254826), np.float64(1.835646604869039), 0.1]",0.30226496640307116,0.2500443400898198,4022979.4253490423,0
4589043.263034329,0.19243958034123412,"[0.1, 0.1, np.float64(18.990272682539533), np.float64(1.5905054938426564), 0.1]",0.3017089598936263,0.19243958034123412,4589043.263034329,0
4121001.0454081744,0.23818569257154032,"[0.1, 0.1, np.float64(18.99739413582822), np.float64(1.787725311008778), 0.1]",0.30215044664471974,0.23818569257154032,4121001.0454081744,0
4617565.56692556,0.19012314939728522,"[0.1, 0.1, np.float64(18.98989043894418), np.float64(1.5799197315084148), 0.1]",0.30168663252936,0.19012314939728522,4617565.56692556,0
4038710.6974872174,0.2480766682006565,"[0.1, 0.1, np.float64(18.998840328403496), np.float64(1.8277758208865857), 0.1]",0.30224596451738855,0.2480766682006565,4038710.6974872174,0
4063614.4614166673,0.2450132295098442,"[0.1, 0.1, np.float64(18.998395575068198), np.float64(1.8154589288259702), 0.1]",0.30221638054504063,0.2450132295098442,4063614.4614166673,0
4482556.019416021,0.20150845129477515,"[0.1, 0.1, np.float64(18.99174729310985), np.float64(1.631343004850529), 0.1]",0.30179640844100947,0.20150845129477515,4482556.019416021,0
3998853.675392338,0.25311220307375537,"[0.1, 0.1, np.float64(18.99956541128573), np.float64(1.8478560920990605), 0.1]",0.3022945924488878,0.25311220307375537,3998853.675392338,0
6429365.531866384,0.10154894746092812,"[0.1, 0.1, np.float64(18.968917214593215), np.float64(1.1101711843627822), 0.1]",0.30083986832589815,0.10154894746092812,6429365.531866384,0
4056189.118706636,0.245920104220688,"[0.1, 0.1, np.float64(18.99852752713875), np.float64(1.8191131777796499), 0.1]",0.3022251383510309,0.245920104220688,4056189.118706636,0
3877014.5970185697,0.26959563443907547,"[0.1, 0.1, np.float64(19.001889333716424), np.float64(1.912214241806764), 0.1]",0.3024537516822587,0.26959563443907547,3877014.5970185697,0
4299442.730014052,0.21883060643590835,"[0.1, 0.1, np.float64(18.994473665118065), np.float64(1.7068464965102608), 0.1]",0.30196356418229403,0.21883060643590835,4299442.730014052,0
3894586.4930677246,0.2671110147586934,"[0.1, 0.1, np.float64(19.00154372461396), np.float64(1.9026430263208987), 0.1]",0.302429763899723,0.2671110147586934,3894586.4930677246,0
3999699.3740938012,0.25300361921597986,"[0.1, 0.1, np.float64(18.999549853164435), np.float64(1.8474252292242261), 0.1]",0.3022935438769068,0.25300361921597986,3999699.3740938012,0
4014774.892702497,0.2510807555873537,"[0.1, 0.1, np.float64(18.999273780825483), np.float64(1.8397797481677938), 0.1]",0.30227497503249406,0.2510807555873537,4014774.892702497,0
3985535.4666779903,0.2548323474159385,"[0.1, 0.1, np.float64(18.999811429165188), np.float64(1.8546692521717887), 0.1]",0.30231120339298784,0.2548323474159385,3985535.4666779903,0
4071118.861877847,0.2441022622526681,"[0.1, 0.1, np.float64(18.998262779105143), np.float64(1.8117813093159996), 0.1]",0.3022075832154697,0.2441022622526681,4071118.861877847,0
4103306.0450610816,0.2402573322901477,"[0.1, 0.1, np.float64(18.997699510424486), np.float64(1.7961822817423037), 0.1]",0.3021704523909049,0.2402573322901477,4103306.0450610816,0
3546491.914906179,0.3245084567846536,"[0.1, 0.1, np.float64(19.009153415365777), np.float64(2.113383974540922), 0.1]",0.3029833636284083,0.3245084567846536,3546491.914906179,0
3725623.1098008086,0.2926789817558917,"[0.1, 0.1, np.float64(19.00502628930611), np.float64(1.9990883365703846), 0.1]",0.30267652880679674,0.2926789817558917,3725623.1098008086,0
4036664.9528070223,0.24833111001695707,"[0.1, 0.1, np.float64(18.998877143531264), np.float64(1.8287953701937718), 0.1]",0.3022484216808423,0.24833111001695707,4036664.9528070223,0
4104164.6274289517,0.2401561326438148,"[0.1, 0.1, np.float64(18.997684623814937), np.float64(1.7957700155525076), 0.1]",0.30216947510411835,0.2401561326438148,4104164.6274289517,0
4409010.16175049,0.20818702215866033,"[0.1, 0.1, np.float64(18.992811943434038), np.float64(1.660827175253786), 0.1]",0.3018608394185029,0.20818702215866033,4409010.16175049,0
4043529.1849833746,0.24747905165857656,"[0.1, 0.1, np.float64(18.998753784377083), np.float64(1.8253790914025134), 0.1]",0.3022401932821838,0.24747905165857656,4043529.1849833746,0
2931806.0878608646,0.4938215783654696,"[0.1, 0.1, np.float64(19.037421368637833), np.float64(2.643247823655086), 0.1]",0.304599138034988,0.4938215783654696,2931806.0878608646,0
4072602.815727837,0.243922781626677,"[0.1, 0.1, np.float64(18.998236585894286), np.float64(1.811055920824681), 0.1]",0.30220584994817984,0.243922781626677,4072602.815727837,0
4048058.24806736,0.24691948273392092,"[0.1, 0.1, np.float64(18.9986726545489), np.float64(1.8231323014241327), 0.1]",0.3022347894674688,0.24691948273392092,4048058.24806736,0
4498891.9845513785,0.20007242891378138,"[0.1, 0.1, np.float64(18.99151605827005), np.float64(1.6249392427280476), 0.1]",0.3017825577501689,0.20007242891378138,4498891.9845513785,0
4150810.3241566964,0.23476135462424935,"[0.1, 0.1, np.float64(18.99688640975483), np.float64(1.7736644670622859), 0.1]",0.30211737866316785,0.23476135462424935,4150810.3241566964,0
3867081.611734389,0.2710170054984905,"[0.1, 0.1, np.float64(19.002086322594057), np.float64(1.9176696044771973), 0.1]",0.302467473707727,0.2710170054984905,3867081.611734389,0
3371545.4790682374,0.36153564183903864,"[0.1, 0.1, np.float64(19.013704677666674), np.float64(2.2394255397203096), 0.1]",0.3033395843832969,0.36153564183903864,3371545.4790682374,0
4034410.6875421116,0.24861198335432708,"[0.1, 0.1, np.float64(18.998917760926695), np.float64(1.8299202185885801), 0.1]",0.3022511340928001,0.24861198335432708,4034410.6875421116,0
4061771.953249147,0.24523774683086852,"[0.1, 0.1, np.float64(18.998428265712803), np.float64(1.8163642556871038), 0.1]",0.3022185487381746,0.24523774683086852,4061771.953249147,0
4658090.472570615,0.1869092117370978,"[0.1, 0.1, np.float64(18.989356182473173), np.float64(1.5651241611015316), 0.1]",0.30165566150080625,0.1869092117370978,4658090.472570615,0
4065061.7756401026,0.24483710467775677,"[0.1, 0.1, np.float64(18.998369919984736), np.float64(1.8147484431055658), 0.1]",0.3022146796844382,0.24483710467775677,4065061.7756401026,0
4067953.9823963093,0.24448577152142947,"[0.1, 0.1, np.float64(18.998318715481332), np.float64(1.8133303978849782), 0.1]",0.3022112868141427,0.24448577152142947,4067953.9823963093,0
4040012.0356698916,0.2479150354228322,"[0.1, 0.1, np.float64(18.998816931893963), np.float64(1.8271278835702018), 0.1]",0.30224440361658084,0.2479150354228322,4040012.0356698916,0
4168057.998332585,0.2328167187160131,"[0.1, 0.1, np.float64(18.996596414096484), np.float64(1.7656333969422051), 0.1]",0.302098600343116,0.2328167187160131,4168057.998332585,0
4533938.023021485,0.1970474465440262,"[0.1, 0.1, np.float64(18.991026206765298), np.float64(1.611373412792789), 0.1]",0.3017533854209407,0.1970474465440262,4533938.023021485,0
3890496.319411561,0.2676859813164279,"[0.1, 0.1, np.float64(19.001623845987222), np.float64(1.9048618883908612), 0.1]",0.30243531503595056,0.2676859813164279,3890496.319411561,0
5569515.818664056,0.13275118051370063,"[0.1, 0.1, np.float64(18.97709428633351), np.float64(1.2931685198922418), 0.1]",0.30113608945370807,0.13275118051370063,5569515.818664056,0
4068632.0145092984,0.24440352672380036,"[0.1, 0.1, np.float64(18.998306723477796), np.float64(1.8129982942189589), 0.1]",0.3022104925654141,0.24440352672380036,4068632.0145092984,0
4024887.196154327,0.24980435250421731,"[0.1, 0.1, np.float64(18.999089933371327), np.float64(1.8346883209231957), 0.1]",0.3022626488427056,0.24980435250421731,4024887.196154327,0
4867752.041015409,0.17160937768048237,"[0.1, 0.1, np.float64(18.986746888834833), np.float64(1.4928630097010038), 0.1]",0.3015083599216752,0.17160937768048237,4867752.041015409,0
4250867.029809532,0.2238372953810783,"[0.1, 0.1, np.float64(18.995241216000494), np.float64(1.7281028663215525), 0.1]",0.30201189872193845,0.2238372953810783,4250867.029809532,0
2343447.4923591465,1.2074415549388933,"[0.1, 0.1, np.float64(16.657923900060496), np.float64(3.848703914573173), np.float64(0.15029164263925754)]",0.3623852475766405,1.2074415549388933,2343447.4923591465,0
3714437.9269602667,0.2945130254707231,"[0.1, 0.1, np.float64(19.00527007876128), np.float64(2.0058397831960173), 0.1]",0.30269422137234975,0.2945130254707231,3714437.9269602667,0
5090781.078638382,0.15745147841305585,"[0.1, 0.1, np.float64(18.984225652596447), np.float64(1.4230404987878666), 0.1]",0.30137230711413887,0.15745147841305585,5090781.078638382,0
3987645.9042181266,0.2545584905639848,"[0.1, 0.1, np.float64(18.999772317940476), np.float64(1.8535861153071185), 0.1]",0.30230855885343455,0.2545584905639848,3987645.9042181266,0
3995504.561951068,0.25354296672820315,"[0.1, 0.1, np.float64(18.999627098828224), np.float64(1.8495644520866725), 0.1]",0.30229875223532165,0.25354296672820315,3995504.561951068,0
4368100.266286303,0.21206007398023988,"[0.1, 0.1, np.float64(18.993421474595163), np.float64(1.6777073848515713), 0.1]",0.3018982143217821,0.21206007398023988,4368100.266286303,0
4317953.376561954,0.21697075947757985,"[0.1, 0.1, np.float64(18.994186287280694), np.float64(1.698887923695663), 0.1]",0.30194561113738233,0.21697075947757985,4317953.376561954,0
3665037.4497996336,0.30284486428610513,"[0.1, 0.1, np.float64(19.006368047821695), np.float64(2.036246674678879), 0.1]",0.3027745791136504,0.30284486428610513,3665037.4497996336,0
2158098.5909235296,1.999673217472899,"[np.float64(0.11977013297974981), 0.1, np.float64(17.059121556833986), np.float64(5.235127939819977), 0.1]",0.3400163256971764,1.999673217472899,2158098.5909235296,0
4051276.14264146,0.24652317039479257,"[0.1, 0.1, np.float64(18.9986151385367), np.float64(1.8215394667946903), 0.1]",0.3022309622343161,0.24652317039479257,4051276.14264146,0
3984486.4009857834,0.2549686575482877,"[0.1, 0.1, np.float64(18.999830888566137), np.float64(1.8552081561485805), 0.1]",0.3023125196894061,0.2549686575482877,3984486.4009857834,0
4180923.9912578487,0.23138323578639278,"[0.1, 0.1, np.float64(18.99638186118072), np.float64(1.7596916200177588), 0.1]",0.3020847582740671,0.23138323578639278,4180923.9912578487,0
4176707.434013719,0.23185143255846893,"[0.1, 0.1, np.float64(18.996452010917864), np.float64(1.761634329991727), 0.1]",0.30208927926679474,0.23185143255846893,4176707.434013719,0
3954916.6354478225,0.2588591114908403,"[0.1, 0.1, np.float64(19.002893112013933), np.float64(1.8705287913010071), 0.1]",0.3023494787532997,0.2588591114908403,3954916.6354478225,0
4075970.687708413,0.2435162481237139,"[0.1, 0.1, np.float64(18.99817722083474), np.float64(1.8094118791221083), 0.1]",0.30220192400355217,0.2435162481237139,4075970.687708413,0
4331787.280973134,0.21559762555995626,"[0.1, 0.1, np.float64(18.993973316499044), np.float64(1.6929899620133837), 0.1]",0.3019323570654343,0.21559762555995626,4331787.280973134,0
4167356.100763172,0.23289534007323873,"[0.1, 0.1, np.float64(18.996608162238044), np.float64(1.7659587471533595), 0.1]",0.3020993595387919,0.23289534007323873,4167356.100763172,0
4018016.4802531893,0.2506704292550613,"[0.1, 0.1, np.float64(18.9992147307972), np.float64(1.8381444308653607), 0.1]",0.3022710125323494,0.2506704292550613,4018016.4802531893,0
3785436.9312991635,0.28318318531962766,"[0.1, 0.1, np.float64(19.003751537934683), np.float64(1.9637856782204395), 0.1]",0.30258490526193477,0.28318318531962766,3785436.9312991635,0
3514702.1185957426,0.3307566803595306,"[0.1, 0.1, np.float64(19.009939179781348), np.float64(2.1351447455651806), 0.1]",0.3030435346872464,0.3307566803595306,3514702.1185957426,0
4004267.185903639,0.2524184534221949,"[0.1, 0.1, np.float64(18.999465951301072), np.float64(1.8451016711691963), 0.1]",0.30228789303517634,0.2524184534221949,4004267.185903639,0
4011565.1182371853,0.2514881429261011,"[0.1, 0.1, np.float64(18.999332359731888), np.float64(1.84140201833415), 0.1]",0.3022789091405927,0.2514881429261011,4011565.1182371853,0
4806040.669234952,0.1758948651502695,"[0.1, 0.1, np.float64(18.9874891875721), np.float64(1.5134200526684078), 0.1]",0.301549594082572,0.1758948651502695,4806040.669234952,0
3884233.574793017,0.2685703065271401,"[0.1, 0.1, np.float64(19.001746906954384), np.float64(1.9082699092625055), 0.1]",0.3024438528055135,0.2685703065271401,3884233.574793017,0
3530371.946206613,0.3276521453685445,"[0.1, 0.1, np.float64(19.009549706418543), np.float64(2.1243587637873675), 0.1]",0.30301364049088436,0.3276521453685445,3530371.946206613,0
4038156.6469815713,0.24814553658664898,"[0.1, 0.1, np.float64(18.998850294834906), np.float64(1.8280518288445538), 0.1]",0.3022466295847052,0.24814553658664898,4038156.6469815713,0
3924503.023147605,0.2629666173914225,"[0.1, 0.1, np.float64(19.000963609495873), np.float64(1.8865774575546745), 0.1]",0.3023897490390648,0.2629666173914225,3924503.023147605,0
4394251.717864388,0.20957081675179723,"[0.1, 0.1, np.float64(18.993030373166356), np.float64(1.6668763158048403), 0.1]",0.3018741922553265,0.20957081675179723,4394251.717864388,0
4049340.315546483,0.24676145947883188,"[0.1, 0.1, np.float64(18.99864972654154), np.float64(1.8224973386943242), 0.1]",0.3022332634193551,0.24676145947883188,4049340.315546483,0
5068466.569827129,0.1587805427143255,"[0.1, 0.1, np.float64(18.983196240811456), np.float64(1.4297261344577314), 0.1]",0.30138524970833064,0.1587805427143255,5068466.569827129,0
4065987.271549009,0.24472458921676335,"[0.1, 0.1, np.float64(18.998353525633252), np.float64(1.8142944218726333), 0.1]",0.3022135931078743,0.24472458921676335,4065987.271549009,0
3895790.3784417817,0.2669421683060659,"[0.1, 0.1, np.float64(19.001520179386436), np.float64(1.901990970444164), 0.1]",0.3024281337230557,0.2669421683060659,3895790.3784417817,0
4398734.898873177,0.20914887486765643,"[0.1, 0.1, np.float64(18.99296384763209), np.float64(1.665033973635015), 0.1]",0.3018701206611624,0.20914887486765643,4398734.898873177,0
3845236.545735931,0.2741866975745221,"[0.1, 0.1, np.float64(19.002523742164044), np.float64(1.9297833970025566), 0.1]",0.3024980724146963,0.2741866975745221,3845236.545735931,0
3947188.714898403,0.25989391466402595,"[0.1, 0.1, np.float64(19.00053051978964), np.float64(1.874583575236312), 0.1]",0.30236007965909506,0.25989391466402595,3947188.714898403,0
5469172.9506042665,0.137386318750995,"[0.1, 0.1, np.float64(18.980447676634334), np.float64(1.318414139770753), 0.1]",0.30118007877227604,0.137386318750995,5469172.9506042665,0
4222459.411761738,0.22685280815313477,"[0.1, 0.1, np.float64(18.995699334250084), np.float64(1.740789883109001), 0.1]",0.3020410135309809,0.22685280815313477,4222459.411761738,0
4032345.0995162255,0.24886980638929085,"[0.1, 0.1, np.float64(18.998955024608406), np.float64(1.8309521900412038), 0.1]",0.3022536239038678,0.24886980638929085,4032345.0995162255,0
4643610.875832255,0.18804732152144107,"[0.1, 0.1, np.float64(18.98954589773579), np.float64(1.5703780900244932), 0.1]",0.30166662788424087,0.18804732152144107,4643610.875832255,0
4505611.053697827,0.1994866272645,"[0.1, 0.1, np.float64(18.991421489498226), np.float64(1.6223202778718258), 0.1]",0.30177690794603745,0.1994866272645,4505611.053697827,0
4272172.420031226,0.22161850722105508,"[0.1, 0.1, np.float64(18.994902144691917), np.float64(1.7187127069294097), 0.1]",0.3019904776999332,0.22161850722105508,4272172.420031226,0
4057461.7913699085,0.24576427886204072,"[0.1, 0.1, np.float64(18.998504871736575), np.float64(1.8184857645125094), 0.1]",0.30222363352588194,0.24576427886204072,4057461.7913699085,0
3917268.5078152833,0.2639590888243659,"[0.1, 0.1, np.float64(19.001102949369812), np.float64(1.8904363025612574), 0.1]",0.3023993318071266,0.2639590888243659,3917268.5078152833,0
4531687.268701926,0.19723947077402695,"[0.1, 0.1, np.float64(18.99105741453578), np.float64(1.612237673294026), 0.1]",0.30175523708971935,0.19723947077402695,4531687.268701926,0
3965254.5395260165,0.2574889326392105,"[0.1, 0.1, np.float64(19.000189737014292), np.float64(1.8651460188946214), 0.1]",0.3023368566966638,0.2574889326392105,3965254.5395260165,0
4121313.589728976,0.23814886365302,"[0.1, 0.1, np.float64(18.999186394616796), np.float64(1.7875749627447046), 0.1]",0.3021496912268426,0.23814886365302,4121313.589728976,0
4064674.1966961855,0.24488424909663026,"[0.1, 0.1, np.float64(18.99837678815172), np.float64(1.8149386484725745), 0.1]",0.3022151349642761,0.24488424909663026,4064674.1966961855,0
3982556.110893886,0.25521978259071576,"[0.1, 0.1, np.float64(18.99986672500152), np.float64(1.8562006017840509), 0.1]",0.30231494470602766,0.25521978259071576,3982556.110893886,0
4424692.416646257,0.20673289662038585,"[0.1, 0.1, np.float64(18.99258162142024), np.float64(1.654448692715327), 0.1]",0.30184680890101284,0.20673289662038585,4424692.416646257,0
3916141.765605145,0.264114216021639,"[0.1, 0.1, np.float64(19.00112470482163), np.float64(1.8910387928193961), 0.1]",0.30240082961591563,0.264114216021639,3916141.765605145,0
4212336.210275007,0.22794351210299546,"[0.1, 0.1, np.float64(18.99586427715666), np.float64(1.7453577723528315), 0.1]",0.3020515447692318,0.22794351210299546,4212336.210275007,0
7046983.479050278,0.08575921730695499,"[0.1, 0.1, np.float64(18.96918956802235), np.float64(1.0066347834955218), 0.1]",0.3006912621338609,0.08575921730695499,7046983.479050278,0
4061413.672642086,0.24528144403248672,"[0.1, 0.1, np.float64(18.998434626448557), np.float64(1.8165404083753764), 0.1]",0.3022189707277464,0.24528144403248672,4061413.672642086,0
3979600.3922336907,0.25560510119584856,"[0.1, 0.1, np.float64(18.999921676741653), np.float64(1.857722422078564), 0.1]",0.30231866556511805,0.25560510119584856,3979600.3922336907,0
4025879.328384726,0.24967969690703237,"[0.1, 0.1, np.float64(18.999071953140138), np.float64(1.8341903807186877), 0.1]",0.3022614450423351,0.24967969690703237,4025879.328384726,0
3985039.034372002,0.25489683631800625,"[0.1, 0.1, np.float64(18.999820636145117), np.float64(1.8549242280628775), 0.1]",0.3023118261386365,0.25489683631800625,3985039.034372002,0
3278546.2058962737,0.3841766917813843,"[0.1, 0.1, np.float64(19.01637200466037), np.float64(2.3132938529274973), 0.1]",0.3035569370277639,0.3841766917813843,3278546.2058962737,0
4039505.246500591,0.2479779606390458,"[0.1, 0.1, np.float64(18.998826041298233), np.float64(1.8273801572244737), 0.1]",0.3022450112905817,0.2479779606390458,4039505.246500591,0
3810334.1865384383,0.27937930120542376,"[0.1, 0.1, np.float64(19.003234842486236), np.float64(1.949476438555227), 0.1]",0.3025481936092364,0.27937930120542376,3810334.1865384383,0
4204737.647257439,0.228767859542665,"[0.1, 0.1, np.float64(18.9959886759256), np.float64(1.7488028419854909), 0.1]",0.30205950436793316,0.228767859542665,4204737.647257439,0
4083515.269386607,0.24260957099281544,"[0.1, 0.1, np.float64(18.998044640619213), np.float64(1.805740234472308), 0.1]",0.30219316811899577,0.24260957099281544,4083515.269386607,0
3454458.7690367405,0.34314585597870095,"[0.1, 0.1, np.float64(19.016618256045547), np.float64(2.177688232640616), 0.1]",0.30316110748584896,0.34314585597870095,3454458.7690367405,0
4076367.6929624295,0.24346839914905385,"[0.1, 0.1, np.float64(18.998170230280767), np.float64(1.809218284399113), 0.1]",0.30220146192018715,0.24346839914905385,4076367.6929624295,0
4071901.32018147,0.24400759881746978,"[0.1, 0.1, np.float64(18.998248965236392), np.float64(1.8113987513521868), 0.1]",0.3022066690385708,0.24400759881746978,4071901.32018147,0
4267427.574358715,0.22210952034187667,"[0.1, 0.1, np.float64(18.994977327505495), np.float64(1.720794801713636), 0.1]",0.30199521801548224,0.22210952034187667,4267427.574358715,0
4049515.785842995,0.24673984452467748,"[0.1, 0.1, np.float64(18.99864658979518), np.float64(1.822410470393983), 0.1]",0.30223305468130507,0.24673984452467748,4049515.785842995,0
3986722.2244925415,0.25467829055322416,"[0.1, 0.1, np.float64(18.99978942994499), np.float64(1.854060011050717), 0.1]",0.3023097157207937,0.25467829055322416,3986722.2244925415,0
4253227.882609848,0.22358964335590792,"[0.1, 0.1, np.float64(18.99520345458711), np.float64(1.7270571108075874), 0.1]",0.3020095077329905,0.22358964335590792,4253227.882609848,0
4279526.705932593,0.2208609628549854,"[0.1, 0.1, np.float64(18.994785986169642), np.float64(1.7154958407089433), 0.1]",0.30198316438142486,0.2208609628549854,4279526.705932593,0
4005312.3817222007,0.2522848696585626,"[0.1, 0.1, np.float64(18.99944678411897), np.float64(1.8445708598310155), 0.1]",0.3022866030369272,0.2522848696585626,4005312.3817222007,0
4662402.267009055,0.18657246804525532,"[0.1, 0.1, np.float64(18.989299937935588), np.float64(1.5635665383846913), 0.1]",0.3016524169821852,0.18657246804525532,4662402.267009055,0
3632128.6669117347,0.3086136616219324,"[0.1, 0.1, np.float64(19.007119340328728), np.float64(2.0570527889462755), 0.1]",0.30283019916741205,0.3086136616219324,3632128.6669117347,0
3388226.8995264177,0.3577088811758125,"[0.1, 0.1, np.float64(19.013245582350763), np.float64(2.2267114642929258), 0.1]",0.30330281079721433,0.3577088811758125,3388226.8995264177,0
4045543.026181714,0.2472299834201354,"[0.1, 0.1, np.float64(18.998717684341496), np.float64(1.8243793456863902), 0.1]",0.3022377880054898,0.2472299834201354,4045543.026181714,0
4003124.096904479,0.2525646817139378,"[0.1, 0.1, np.float64(18.999486926905785), np.float64(1.8456825645288668), 0.1]",0.30228930513819297,0.2525646817139378,4003124.096904479,0
4260106.107890892,0.2228706729806181,"[0.1, 0.1, np.float64(18.995093707905227), np.float64(1.724017812555133), 0.1]",0.3020025664261696,0.2228706729806181,4260106.107890892,0
4124230.1436828203,0.23781080654604697,"[0.1, 0.1, np.float64(18.997338731894974), np.float64(1.786190967786507), 0.1]",0.3021468264144779,0.23781080654604697,4124230.1436828203,0
3140617.060612616,0.4223761979166141,"[0.1, 0.1, np.float64(19.028030895805863), np.float64(2.433095392296985), 0.1]",0.3039198007559373,0.4223761979166141,3140617.060612616,0
4081184.1933575636,0.2428891181464805,"[0.1, 0.1, np.float64(18.998085544444084), np.float64(1.8068730151752863), 0.1]",0.3021958677360807,0.2428891181464805,4081184.1933575636,0
4207878.828509265,0.22842649015677896,"[0.1, 0.1, np.float64(18.995937188807364), np.float64(1.7473769700977217), 0.1]",0.3020562082140506,0.22842649015677896,4207878.828509265,0
4598963.415080784,0.19162872352014768,"[0.1, 0.1, np.float64(18.990139145134936), np.float64(1.5868073410286814), 0.1]",0.3017011438244252,0.19162872352014768,4598963.415080784,0
4021221.500547991,0.2502658131631614,"[0.1, 0.1, np.float64(18.999156454731075), np.float64(1.8365305474850275), 0.1]",0.30226710516611666,0.2502658131631614,4021221.500547991,0
7113977.811106039,0.08478947617458998,"[0.1, 0.1, np.float64(19.86308501792188), 1, 0.1]",0.30062248015419185,0.08478947617458998,7113977.811106039,0
4137109.4828151725,0.23632514556568193,"[0.1, 0.1, np.float64(18.997118733276313), np.float64(1.7800983788739237), 0.1]",0.30213247967140017,0.23632514556568193,4137109.4828151725,0
5339307.53766125,0.14378240698450387,"[0.1, 0.1, np.float64(18.98168049813727), np.float64(1.3525556024120353), 0.1]",0.3012412647094325,0.14378240698450387,5339307.53766125,0
3951906.5247404054,0.2592623130041319,"[0.1, 0.1, np.float64(19.000441177369233), np.float64(1.8721093477010666), 0.1]",0.3023539808688466,0.2592623130041319,3951906.5247404054,0
4029883.8377263984,0.24917759035859985,"[0.1, 0.1, np.float64(18.998999483737403), np.float64(1.8321834304827889), 0.1]",0.3022565961868544,0.24917759035859985,4029883.8377263984,0
4492074.571291748,0.20066968002711974,"[0.1, 0.1, np.float64(18.99161233170674), np.float64(1.6276054161636395), 0.1]",0.3017883181940317,0.20066968002711974,4492074.571291748,0
3962203.671335576,0.2578925014818808,"[0.1, 0.1, np.float64(19.00024703403989), np.float64(1.866732788961711), 0.1]",0.3023407536864708,0.2578925014818808,3962203.671335576,0
3530778.9585868856,0.32757215086287533,"[0.1, 0.1, np.float64(19.009539646263956), np.float64(2.1240801602822628), 0.1]",0.303012870133738,0.32757215086287533,3530778.9585868856,0
4056592.362318565,0.2458707137431078,"[0.1, 0.1, np.float64(18.998520347056573), np.float64(1.8189143343081475), 0.1]",0.30222466138098414,0.2458707137431078,4056592.362318565,0
3838325.2841246147,0.2752022392083721,"[0.1, 0.1, np.float64(19.002663346867468), np.float64(1.9336495761332113), 0.1]",0.3025078754330042,0.2752022392083721,3838325.2841246147,0
4328989.519183352,0.2158741788329915,"[0.1, 0.1, np.float64(18.994016264361218), np.float64(1.6941793497945041), 0.1]",0.3019350264219461,0.2158741788329915,4328989.519183352,0
4053703.501642691,0.24622490987826276,"[0.1, 0.1, np.float64(18.998571821802855), np.float64(1.8203398635700019), 0.1]",0.3022280818969211,0.24622490987826276,4053703.501642691,0
4126503.741116555,0.23754695103376025,"[0.1, 0.1, np.float64(18.999076278918498), np.float64(1.7851106478862393), 0.1]",0.30214388438062767,0.23754695103376025,4126503.741116555,0
4077284.4630019623,0.24335796455817654,"[0.1, 0.1, np.float64(18.99815409355778), np.float64(1.8087713978679543), 0.1]",0.30220039544004595,0.24335796455817654,4077284.4630019623,0
3928454.036292665,0.262427182977298,"[0.1, 0.1, np.float64(19.00088776320874), np.float64(1.8844769886933326), 0.1]",0.3023845404811367,0.262427182977298,3928454.036292665,0
4645640.995770235,0.18788707251318673,"[0.1, 0.1, np.float64(18.989519220397472), np.float64(1.5696392942236945), 0.1]",0.30166508372071144,0.18788707251318673,4645640.995770235,0
4047023.82880712,0.24704710283353495,"[0.1, 0.1, np.float64(18.99869116587738), np.float64(1.8236449497094638), 0.1]",0.30223602190855364,0.24704710283353495,4047023.82880712,0
4032637.91648903,0.2488332307965128,"[0.1, 0.1, np.float64(18.998949739450936), np.float64(1.83080582415939), 0.1]",0.3022532706915395,0.2488332307965128,4032637.91648903,0
4047696.511083042,0.24696409924580054,"[0.1, 0.1, np.float64(18.99867912673442), np.float64(1.8233115405755336), 0.1]",0.30223522033398265,0.24696409924580054,4047696.511083042,0
4068135.4578083125,0.24446375423643502,"[0.1, 0.1, np.float64(18.99831550537017), np.float64(1.8132414978373823), 0.1]",0.30221107419034954,0.24446375423643502,4068135.4578083125,0
4039286.1033786014,0.2480051785525543,"[0.1, 0.1, np.float64(18.99882998115328), np.float64(1.8274892666239106), 0.1]",0.30224527413617774,0.2480051785525543,4039286.1033786014,0
4014996.9712303937,0.25105260927928935,"[0.1, 0.1, np.float64(18.999269731849488), np.float64(1.8396676167989905), 0.1]",0.3022747032253808,0.25105260927928935,4014996.9712303937,0
3664642.4163950398,0.3029130536527192,"[0.1, 0.1, np.float64(19.006376970414276), np.float64(2.0364937748150083), 0.1]",0.30277523665300543,0.3029130536527192,3664642.4163950398,0
3444639.152526768,0.34525329872313026,"[0.1, 0.1, np.float64(19.011733826459412), np.float64(2.1848452596847032), 0.1]",0.3031830483218503,0.34525329872313026,3444639.152526768,0
4051274.7075949046,0.24652334690078886,"[0.1, 0.1, np.float64(18.998615164163045), np.float64(1.8215401764845114), 0.1]",0.3022309639388552,0.24652334690078886,4051274.7075949046,0
3851074.1088512205,0.2733337222862182,"[0.1, 0.1, np.float64(19.00240628326965), np.float64(1.926530518588819), 0.1]",0.3024898384413497,0.2733337222862182,3851074.1088512205,0
4434526.03742502,0.20582952545177668,"[0.1, 0.1, np.float64(18.992438122816676), np.float64(1.6504746768492131), 0.1]",0.30183809300731207,0.20582952545177668,4434526.03742502,0
3905238.9930231576,0.26562306184800255,"[0.1, 0.1, np.float64(19.001335973733934), np.float64(1.8968896233406263), 0.1]",0.3024153978343209,0.26562306184800255,3905238.9930231576,0
4758310.8741243975,0.17933000468611032,"[0.1, 0.1, np.float64(18.987664211962066), np.float64(1.5297163071934259), 0.1]",0.30158272925638674,0.17933000468611032,4758310.8741243975,0
4072251.6887013935,0.24396523002887344,"[0.1, 0.1, np.float64(18.998242781646805), np.float64(1.8112275045070034), 0.1]",0.30220625987778643,0.24396523002887344,4072251.6887013935,0
4051983.681961775,0.24643617064685927,"[0.1, 0.1, np.float64(18.998602506192547), np.float64(1.8211896296893348), 0.1]",0.3022301220675147,0.24643617064685927,4051983.681961775,0
4590076.380986082,0.19235487423607378,"[0.1, 0.1, np.float64(18.990258745854568), np.float64(1.590119534636112), 0.1]",0.3017081433652324,0.19235487423607378,4590076.380986082,0
4115872.9505081563,0.23878303990413025,"[0.1, 0.1, np.float64(18.997482326185676), np.float64(1.790167633589284), 0.1]",0.30215621517813185,0.23878303990413025,4115872.9505081563,0
4240393.542786896,0.22494139279486902,"[0.1, 0.1, np.float64(18.995409310318045), np.float64(1.732758029984126), 0.1]",0.3020225585551117,0.22494139279486902,4240393.542786896,0
4010891.8666418153,0.25157373033235325,"[0.1, 0.1, np.float64(18.999344660397846), np.float64(1.8417426700231556), 0.1]",0.30227973565020094,0.25157373033235325,4010891.8666418153,0
4146521.665401991,0.23524902663891226,"[0.1, 0.1, np.float64(18.996958943985135), np.float64(1.7756732126172834), 0.1]",0.3021220879225117,0.23524902663891226,4146521.665401991,0
3975284.3434348237,0.2561694770181194,"[0.1, 0.1, np.float64(19.000002089077366), np.float64(1.8599493419927917), 0.1]",0.3023241154759734,0.2561694770181194,3975284.3434348237,0
4607903.510080936,0.19090273597816998,"[0.1, 0.1, np.float64(18.990019342569205), np.float64(1.5834895575437442), 0.1]",0.30169414626001334,0.19090273597816998,4607903.510080936,0
4357604.690259032,0.21307272924557588,"[0.1, 0.1, np.float64(18.993579915554665), np.float64(1.682095210734641), 0.1]",0.3019079874860652,0.21307272924557588,4357604.690259032,0
4120639.709024374,0.23822770263655615,"[0.1, 0.1, np.float64(18.997400341699795), np.float64(1.7878971749258032), 0.1]",0.30215085233161126,0.23822770263655615,4120639.709024374,0
4034494.5723525495,0.24860152226769894,"[0.1, 0.1, np.float64(18.998916248553112), np.float64(1.8298783352778367), 0.1]",0.30225103306946327,0.24860152226769894,4034494.5723525495,0
4156706.5713616377,0.23409358068322259,"[0.1, 0.1, np.float64(18.99678696448185), np.float64(1.77091045355402), 0.1]",0.30211093027222824,0.23409358068322259,4156706.5713616377,0
4215342.098714884,0.22761875365613524,"[0.1, 0.1, np.float64(18.99581520691844), np.float64(1.7439988329596812), 0.1]",0.3020484090554047,0.22761875365613524,4215342.098714884,0
3945905.2003295375,0.26006618423901445,"[0.1, 0.1, np.float64(19.000554868934444), np.float64(1.875257894605201), 0.1]",0.30236174309646635,0.26006618423901445,3945905.2003295375,0
3613559.8335172995,0.3119421764033266,"[0.1, 0.1, np.float64(19.011760256132394), np.float64(2.0689694799692626), 0.1]",0.3028610453533454,0.3119421764033266,3613559.8335172995,0
4056607.958030237,0.24586880386094642,"[0.1, 0.1, np.float64(18.9985200693951), np.float64(1.8189066448179012), 0.1]",0.3022246429370117,0.24586880386094642,4056607.958030237,0
4227585.456257553,0.2263037686312044,"[0.1, 0.1, np.float64(18.995616153724747), np.float64(1.738486301616056), 0.1]",0.3020357123986097,0.2263037686312044,4227585.456257553,0
4627201.463263053,0.1893508287763527,"[0.1, 0.1, np.float64(18.989762473604987), np.float64(1.5763758901356548), 0.1]",0.3016791893055262,0.1893508287763527,4627201.463263053,0
3851839.1004609885,0.27322226669537286,"[0.1, 0.1, np.float64(19.00239092162043), np.float64(1.926105096764508), 0.1]",0.30248876252031787,0.27322226669537286,3851839.1004609885,0
4459163.317698426,0.2035943051668736,"[0.1, 0.1, np.float64(18.992081691262065), np.float64(1.6406037469726575), 0.1]",0.3018165289972588,0.2035943051668736,4459163.317698426,0
5149431.32324753,0.15404124423885746,"[0.1, 0.1, np.float64(18.983601459269924), np.float64(1.4057542387026474), 0.1]",0.3013395817277055,0.15404124423885746,5149431.32324753,0
4115963.7912571877,0.2387724369307681,"[0.1, 0.1, np.float64(18.997480761769502), np.float64(1.7901243090234287), 0.1]",0.3021561127858931,0.2387724369307681,4115963.7912571877,0
3967261.891099969,0.2572239659096958,"[0.1, 0.1, np.float64(19.000152093482253), np.float64(1.8641035279582847), 0.1]",0.3023342980823677,0.2572239659096958,3967261.891099969,0
4401258.906187065,0.2089119342697165,"[0.1, 0.1, np.float64(18.992926460668816), np.float64(1.6639985880525325), 0.1]",0.3018678343013505,0.2089119342697165,4401258.906187065,0
4168575.6589916577,0.23275876207611015,"[0.1, 0.1, np.float64(18.996587752536552), np.float64(1.7653935257815903), 0.1]",0.30209804069379653,0.23275876207611015,4168575.6589916577,0
3700394.114585976,0.2968427944740732,"[0.1, 0.1, np.float64(19.005578658977836), np.float64(2.0143855296080777), 0.1]",0.30271669413792995,0.2968427944740732,3700394.114585976,0
4049529.7968592397,0.24673811873991686,"[0.1, 0.1, np.float64(18.998646339344575), np.float64(1.8224035344751346), 0.1]",0.3022330380152066,0.24673811873991686,4049529.7968592397,0
3814696.5555883544,0.27872146874600323,"[0.1, 0.1, np.float64(19.003145127127798), np.float64(1.9469918829636588), 0.1]",0.3025418443566753,0.27872146874600323,3814696.5555883544,0
4195925.058044658,0.22973004650996778,"[0.1, 0.1, np.float64(18.99613358972693), np.float64(1.7528160499987167), 0.1]",0.3020687950508308,0.22973004650996778,4195925.058044658,0
3968877.974947238,0.2570109712121414,"[0.1, 0.1, np.float64(19.00012181936431), np.float64(1.863265123806344), 0.1]",0.30233224132267206,0.2570109712121414,3968877.974947238,0
3290778.9102402143,0.3810430564629005,"[0.1, 0.1, np.float64(19.02222692515518), np.float64(2.3032064542640547), 0.1]",0.3035246361290808,0.3810430564629005,3290778.9102402143,0
4051449.1069603423,0.24650189787272386,"[0.1, 0.1, np.float64(18.998612049979066), np.float64(1.821453933021232), 0.1]",0.3022307568030794,0.24650189787272386,4051449.1069603423,0
4156627.2185431826,0.23410254703529612,"[0.1, 0.1, np.float64(18.996788300703578), np.float64(1.7709474585576612), 0.1]",0.3021110168558943,0.23410254703529612,4156627.2185431826,0
6112241.22419468,0.1122081590050221,"[0.1, 0.1, 20, np.float64(1.1755696589455717), 0.1]",0.3008470905133979,0.1122081590050221,6112241.22419468,0
4376023.995152082,0.21130076208018544,"[0.1, 0.1, np.float64(18.99330242141293), np.float64(1.6744103546134543), 0.1]",0.30189088645711076,0.21130076208018544,4376023.995152082,0
3899441.8494737074,0.26643111722605495,"[0.1, 0.1, np.float64(19.001448868693057), np.float64(1.9000161092269303), 0.1]",0.302423199598285,0.26643111722605495,3899441.8494737074,0
4224414.391102247,0.2266431574701508,"[0.1, 0.1, np.float64(18.99566758377691), np.float64(1.7399105931297842), 0.1]",0.3020389892867082,0.2266431574701508,4224414.391102247,0
5420023.879497794,0.13975193219883814,"[0.1, 0.1, np.float64(18.980906945522026), np.float64(1.33113302205347), 0.1]",0.3012026976218266,0.13975193219883814,5420023.879497794,0
3793980.3744295593,0.2818683229295421,"[0.1, 0.1, np.float64(19.003573334084077), np.float64(1.9588505435773051), 0.1]",0.3025722159098128,0.2818683229295421,3793980.3744295593,0
4012112.7113456274,0.25141856516883004,"[0.1, 0.1, np.float64(18.999322358423598), np.float64(1.8411250445041254), 0.1]",0.3022782372343165,0.25141856516883004,4012112.7113456274,0
4174953.656774733,0.2320466252457312,"[0.1, 0.1, np.float64(18.996481235445696), np.float64(1.7624436670473802), 0.1]",0.30209116409211506,0.2320466252457312,4174953.656774733,0
4025537.3432964194,0.2497226537903436,"[0.1, 0.1, np.float64(18.99907814972083), np.float64(1.8343619873361878), 0.1]",0.3022618598774804,0.2497226537903436,4025537.3432964194,0
3639535.0326590305,0.30729960765473063,"[0.1, 0.1, np.float64(19.00694883448065), np.float64(2.052330840936533), 0.1]",0.3028175310402253,0.30729960765473063,3639535.0326590305,0
4045212.335494506,0.24727085440288854,"[0.1, 0.1, np.float64(18.9987236094543), np.float64(1.8245434343373885), 0.1]",0.302238182700733,0.24727085440288854,4045212.335494506,0
4089015.7250139564,0.24195203396263354,"[0.1, 0.1, np.float64(18.997948334777156), np.float64(1.803073163610222), 0.1]",0.3021868182204456,0.24195203396263354,4089015.7250139564,0
4540352.749059892,0.19650184117291616,"[0.1, 0.1, np.float64(18.99093745119366), np.float64(1.6089154373064578), 0.1]",0.3017481243413087,0.19650184117291616,4540352.749059892,0
4012075.8170594457,0.251423252002432,"[0.1, 0.1, np.float64(18.999323032166515), np.float64(1.841143702978648), 0.1]",0.30227828249466593,0.251423252002432,4012075.8170594457,0
3135916.254586145,0.42379000081394413,"[0.1, 0.1, np.float64(19.028224212031645), np.float64(2.437421678693479), 0.1]",0.30393329087104526,0.42379000081394413,3135916.254586145,0
4048843.5349373487,0.24682267125392893,"[0.1, 0.1, np.float64(18.99865860879721), np.float64(1.8227433217498727), 0.1]",0.3022338545483211,0.24682267125392893,4048843.5349373487,0
4200997.674013978,0.22917539404657034,"[0.1, 0.1, np.float64(18.996050091671734), np.float64(1.7505036749101002), 0.1]",0.3020634394188123,0.22917539404657034,4200997.674013978,0
4158609.471253599,0.23387873385956795,"[0.1, 0.1, np.float64(18.996754938940207), np.float64(1.7700235458946978), 0.1]",0.3021088556046393,0.23387873385956795,4158609.471253599,0
4130344.58508173,0.23710358826601716,"[0.1, 0.1, np.float64(18.99723409285513), np.float64(1.7832931193462405), 0.1]",0.30213999692015464,0.23710358826601716,4130344.58508173,0
4123666.417321931,0.2378761832912013,"[0.1, 0.1, np.float64(18.997348397013216), np.float64(1.7864586312501858), 0.1]",0.30214745774926577,0.2378761832912013,4123666.417321931,0
4666407.089517,0.18626058280475885,"[0.1, 0.1, np.float64(18.98924779968955), np.float64(1.56212263432), 0.1]",0.30164941206214124,0.18626058280475885,4666407.089517,0
4055107.82489955,0.24605262471227538,"[0.1, 0.1, np.float64(18.99854678855257), np.float64(1.819646598748285), 0.1]",0.30222641811793105,0.24605262471227538,4055107.82489955,0
4034597.8144633276,0.24858864816757123,"[0.1, 0.1, np.float64(18.99891438728278), np.float64(1.8298267897042666), 0.1]",0.30225090874350563,0.24858864816757123,4034597.8144633276,0
4279788.765033354,0.2208340471053047,"[0.1, 0.1, np.float64(18.994781855331816), np.float64(1.7153814422781857), 0.1]",0.30198290454027343,0.2208340471053047,4279788.765033354,0
3705152.364908466,0.29605003825271015,"[0.1, 0.1, np.float64(19.005473795422112), np.float64(2.011481463478652), 0.1]",0.3027090475225659,0.29605003825271015,3705152.364908466,0
3477414.408494278,0.3383433800682736,"[0.1, 0.1, np.float64(19.010883247464953), np.float64(2.1612895292779397), 0.1]",0.30311656439929446,0.3383433800682736,3477414.408494278,0
2446956.0334038134,1.039676428962131,"[np.float64(0.11482354290680909), 0.1, np.float64(18.046923798779), np.float64(3.6444752767606388), np.float64(0.11742987674218044)]",0.3416613719808855,1.039676428962131,2446956.0334038134,0
4046975.558954817,0.24705306070628655,"[0.1, 0.1, np.float64(18.99869202995042), np.float64(1.8236688791408144), 0.1]",0.30223607944436554,0.24705306070628655,4046975.558954817,0
4054149.5921058874,0.24617016116168197,"[0.1, 0.1, np.float64(18.998563867704434), np.float64(1.8201195846784821), 0.1]",0.30222755318188915,0.24617016116168197,4054149.5921058874,0
4374378.776988327,0.2114580534060077,"[0.1, 0.1, np.float64(18.993327100959586), np.float64(1.6750938240517204), 0.1]",0.30189240440319076,0.2114580534060077,4374378.776988327,0
4026305.3761224626,0.24962619785155873,"[0.1, 0.1, np.float64(18.999064235086276), np.float64(1.8339766387884002), 0.1]",0.3022609284011799,0.24962619785155873,4026305.3761224626,0
2952638.639980193,0.48580672796093227,"[0.1, 0.1, np.float64(19.036403870515336), np.float64(2.6204769037906868), 0.1]",0.30452317834661796,0.48580672796093227,2952638.639980193,0
4061769.976032212,0.24523798794435342,"[0.1, 0.1, np.float64(18.9984283008118), np.float64(1.8163652277101685), 0.1]",0.30221855106663903,0.24523798794435342,4061769.976032212,0
4164466.916273985,0.2332194237326166,"[0.1, 0.1, np.float64(18.99665656792241), np.float64(1.7672992825515963), 0.1]",0.3021024890139621,0.2332194237326166,4164466.916273985,0
4214077.746666897,0.22775526279954142,"[0.1, 0.1, np.float64(18.995835837430292), np.float64(1.7445701694006168), 0.1]",0.3020497271205747,0.22775526279954142,4214077.746666897,0
3780267.968838316,0.28398361998541327,"[0.1, 0.1, np.float64(19.00385981658738), np.float64(1.9667843212252931), 0.1]",0.3025926297488291,0.28398361998541327,3780267.968838316,0
4179281.8891231557,0.23156538666564863,"[0.1, 0.1, np.float64(18.996409161280067), np.float64(1.7604476624129772), 0.1]",0.30208651715206697,0.23156538666564863,4179281.8891231557,0
7090465.368652668,0.08479329723429595,"[0.1, 0.1, np.float64(18.963670100191536), 1, 0.1]",0.30068262094633164,0.08479329723429595,7090465.368652668,0
4368968.742937348,0.21197663244908121,"[0.1, 0.1, np.float64(18.99340840225312), np.float64(1.6773453625504224), 0.1]",0.301897409043817,0.21197663244908121,4368968.742937348,0
3975767.3893635534,0.2561062111857171,"[0.1, 0.1, np.float64(18.999993079407773), np.float64(1.8596998303667773), 0.1]",0.30232350454940965,0.2561062111857171,3975767.3893635534,0
4403025.980743073,0.2087463114953388,"[0.1, 0.1, np.float64(18.99290031427356), np.float64(1.6632744960612518), 0.1]",0.3018662361386477,0.2087463114953388,4403025.980743073,0
3783722.8166465173,0.28344821041809365,"[0.1, 0.1, np.float64(19.00378740625464), np.float64(1.964779006859679), 0.1]",0.30258746287414456,0.28344821041809365,3783722.8166465173,0
3386227.899259551,0.35816389970206525,"[0.1, 0.1, np.float64(19.013300300507648), np.float64(2.2282268157891405), 0.1]",0.30330718387434813,0.35816389970206525,3386227.899259551,0
4029143.873363771,0.2492702460655779,"[0.1, 0.1, np.float64(18.99901286234521), np.float64(1.8325539344345392), 0.1]",0.30225749096619414,0.2492702460655779,4029143.873363771,0
3856855.5344851003,0.27249324648970163,"[0.1, 0.1, np.float64(19.00229036442291), np.float64(1.9233202898850303), 0.1]",0.30248172494845266,0.27249324648970163,3856855.5344851003,0
4403158.573782758,0.20873389258891725,"[0.1, 0.1, np.float64(18.992898353314505), np.float64(1.6632201897321663), 0.1]",0.3018661163039897,0.20873389258891725,4403158.573782758,0
3995507.6620882982,0.2535425674312045,"[0.1, 0.1, np.float64(18.999627041671374), np.float64(1.849562869198628), 0.1]",0.3022987483794088,0.2535425674312045,3995507.6620882982,0
3721147.6605368815,0.2934059007069306,"[0.1, 0.1, np.float64(19.008757407106806), np.float64(2.001767749553684), 0.1]",0.30268253746474055,0.2934059007069306,3721147.6605368815,0
4069843.8013590476,0.2442566509018095,"[0.1, 0.1, np.float64(18.998285302643605), np.float64(1.8124050707810107), 0.1]",0.3022090741665429,0.2442566509018095,4069843.8013590476,0
4448565.368080781,0.204550922676458,"[0.1, 0.1, np.float64(18.992234475313957), np.float64(1.644834911814747), 0.1]",0.3018257575224743,0.204550922676458,4448565.368080781,0
4622027.591764266,0.189764879370057,"[0.1, 0.1, np.float64(18.989831110063193), np.float64(1.5782766917261792), 0.1]",0.301683179649884,0.189764879370057,4622027.591764266,0
4005297.8212583167,0.2522867297960928,"[0.1, 0.1, np.float64(18.999447051054798), np.float64(1.8445782522877652), 0.1]",0.3022866210000037,0.2522867297960928,4005297.8212583167,0
3909066.4384369804,0.26509176648934096,"[0.1, 0.1, np.float64(19.00126165093055), np.float64(1.8948313454723067), 0.1]",0.3024102681161451,0.26509176648934096,3909066.4384369804,0
4766868.155649694,0.1787062742994312,"[0.1, 0.1, np.float64(18.987971213090447), np.float64(1.526769151615564), 0.1]",0.3015766561782863,0.1787062742994312,4766868.155649694,0
3990956.0907535153,0.2541299233653042,"[0.1, 0.1, np.float64(18.9997110689005), np.float64(1.8518898991029302), 0.1]",0.3023044203161122,0.2541299233653042,3990956.0907535153,0
4000789.272709379,0.2528637940041884,"[0.1, 0.1, np.float64(18.999529813751092), np.float64(1.846870262523496), 0.1]",0.30229219361220105,0.2528637940041884,4000789.272709379,0
4687348.609228098,0.18464345600984122,"[0.1, 0.1, np.float64(18.98897675378936), np.float64(1.554616354251446), 0.1]",0.30163383291483153,0.18464345600984122,4687348.609228098,0
3947359.8476508292,0.2598709598984353,"[0.1, 0.1, np.float64(19.000527274672887), np.float64(1.8744937057523368), 0.1]",0.302359858007243,0.2598709598984353,3947359.8476508292,0
3812908.5011391747,0.2789907932427597,"[0.1, 0.1, np.float64(19.003181870586292), np.float64(1.9480094474792877), 0.1]",0.3025444438322558,0.2789907932427597,3812908.5011391747,0
4050374.27104499,0.24663413854147306,"[0.1, 0.1, np.float64(18.99863124782201), np.float64(1.8219855934734552), 0.1]",0.302232033866576,0.24663413854147306,4050374.27104499,0
4086274.038868494,0.24227941542725898,"[0.1, 0.1, np.float64(18.99799630103385), np.float64(1.80440152960404), 0.1]",0.3021899797733844,0.24227941542725898,4086274.038868494,0
4568328.138322915,0.1941509518185144,"[0.1, 0.1, np.float64(18.990553594417637), np.float64(1.5982849999341195), 0.1]",0.30172545787337146,0.1941509518185144,4568328.138322915,0
4084171.4066501013,0.24253098093281228,"[0.1, 0.1, np.float64(18.99803313690185), np.float64(1.8054216532861602), 0.1]",0.30219240916661,0.24253098093281228,4084171.4066501013,0
4233749.177000694,0.22564632398294365,"[0.1, 0.1, np.float64(18.996869498957928), np.float64(1.7357244047774745), 0.1]",0.30202908035818216,0.22564632398294365,4233749.177000694,0
4078470.570040527,0.24321520740489996,"[0.1, 0.1, np.float64(18.998133228378055), np.float64(1.8081935625913785), 0.1]",0.30219901681731126,0.24321520740489996,4078470.570040527,0
4149959.614394527,0.23485795870787074,"[0.1, 0.1, np.float64(18.99690078426433), np.float64(1.7740625512762849), 0.1]",0.3021183115292644,0.23485795870787074,4149959.614394527,0
4413489.915892284,0.2077699392203344,"[0.1, 0.1, np.float64(18.992745964017605), np.float64(1.6589999571399827), 0.1]",0.3018568149786221,0.2077699392203344,4413489.915892284,0
4415747.721241753,0.20756024575783308,"[0.1, 0.1, np.float64(18.99271276683232), np.float64(1.6580806022629884), 0.1]",0.30185479167441526,0.20756024575783308,4415747.721241753,0
3861860.4997391636,0.2717690783361974,"[0.1, 0.1, np.float64(19.002190341900008), np.float64(1.920550290156041), 0.1]",0.3024747340859332,0.2717690783361974,3861860.4997391636,0
3679020.3403651253,0.3004474119424522,"[0.1, 0.1, np.float64(19.006053692894163), np.float64(2.0275410048078086), 0.1]",0.302751459545127,0.3004474119424522,3679020.3403651253,0
4072859.961116438,0.24389170252743275,"[0.1, 0.1, np.float64(18.998232049255776), np.float64(1.8109302842473096), 0.1]",0.30220554981338565,0.24389170252743275,4072859.961116438,0
4047329.1721438784,0.24700942024470557,"[0.1, 0.1, np.float64(18.99868570051041), np.float64(1.8234935931492253), 0.1]",0.30223565800376057,0.24700942024470557,4047329.1721438784,0
4190171.3114797734,0.23036184224953726,"[0.1, 0.1, np.float64(18.996228577186592), np.float64(1.755446609895416), 0.1]",0.3020748956291429,0.23036184224953726,4190171.3114797734,0
3967260.0916855065,0.25722420322843725,"[0.1, 0.1, np.float64(19.00015212720662), np.float64(1.8641044619128726), 0.1]",0.3023343003740069,0.25722420322843725,3967260.0916855065,0
3788961.5864858506,0.28263950772897883,"[0.1, 0.1, np.float64(19.003677903866688), np.float64(1.9617464740245696), 0.1]",0.3025796584557717,0.28263950772897883,3788961.5864858506,0
4033313.003017286,0.24874893976228338,"[0.1, 0.1, np.float64(18.998937557939264), np.float64(1.8304684723005136), 0.1]",0.3022524566886037,0.24874893976228338,4033313.003017286,0
3980735.832202869,0.2554569679807021,"[0.1, 0.1, np.float64(18.999900555856406), np.float64(1.85713750535476), 0.1]",0.3023172351070097,0.2554569679807021,3980735.832202869,0
4573107.7127638655,0.19375389234434798,"[0.1, 0.1, np.float64(18.99048853099167), np.float64(1.596483149040302), 0.1]",0.30172162994635254,0.19375389234434798,4573107.7127638655,0
4034001.2214501663,0.24866305732797142,"[0.1, 0.1, np.float64(18.998925144299598), np.float64(1.8301246919446976), 0.1]",0.30225162731714655,0.24866305732797142,4034001.2214501663,0
7043719.538223637,0.08582937154072354,"[0.1, 0.1, np.float64(18.964312242443608), np.float64(1.0071150219210534), 0.1]",0.30069227259773723,0.08582937154072354,7043719.538223637,0
4067688.7729097703,0.2445179535949603,"[0.1, 0.1, np.float64(18.998323407352014), np.float64(1.8134603334249073), 0.1]",0.30221159760062805,0.2445179535949603,4067688.7729097703,0
4130079.6691346643,0.23713415789377362,"[0.1, 0.1, np.float64(18.997238619149538), np.float64(1.7834184694565163), 0.1]",0.3021402921253471,0.23713415789377362,4130079.6691346643,0
4242079.041042374,0.22476310909426858,"[0.1, 0.1, np.float64(18.995382195583385), np.float64(1.7320071210340675), 0.1]",0.30202083724321743,0.22476310909426858,4242079.041042374,0
4158635.6195036806,0.23387578384392824,"[0.1, 0.1, np.float64(18.996754499101062), np.float64(1.7700113650950695), 0.1]",0.3021088271178622,0.23387578384392824,4158635.6195036806,0
3951280.904141241,0.25934592342844404,"[0.1, 0.1, np.float64(19.000453010682428), np.float64(1.8724370566350284), 0.1]",0.3023547882202095,0.25934592342844404,3951280.904141241,0
5641953.663405256,0.12956217795048044,"[0.1, 0.1, np.float64(18.9788995484428), np.float64(1.275540649416076), 0.1]",0.3011053686224986,0.12956217795048044,5641953.663405256,0
4203392.067414608,0.22891434682179518,"[0.1, 0.1, np.float64(18.99601075801592), np.float64(1.7494143780918783), 0.1]",0.30206091880889696,0.22891434682179518,4203392.067414608,0
3960366.507074049,0.25813602328837226,"[0.1, 0.1, np.float64(19.0002815863565), np.float64(1.86768967252011), 0.1]",0.30234310520107366,0.25813602328837226,3960366.507074049,0
4511963.850036349,0.198935329406304,"[0.1, 0.1, np.float64(18.99133236281286), np.float64(1.6198520248507786), 0.1]",0.301771591109685,0.198935329406304,4511963.850036349,0
3817579.808294338,0.27828808177823516,"[0.1, 0.1, np.float64(19.003085963256826), np.float64(1.9453534129290988), 0.1]",0.3025376613326407,0.27828808177823516,3817579.808294338,0
4229176.991909019,0.22613374528515057,"[0.1, 0.1, np.float64(18.995590374221756), np.float64(1.7377723702511285), 0.1]",0.30203407078787825,0.22613374528515057,4229176.991909019,0
4050574.9472332504,0.246609439837105,"[0.1, 0.1, np.float64(18.99862766261889), np.float64(1.8218863057191685), 0.1]",0.3022317953483428,0.246609439837105,4050574.9472332504,0
4062540.310435369,0.24514407827020404,"[0.1, 0.1, np.float64(18.99841462902269), np.float64(1.8159866044658426), 0.1]",0.30221764416865077,0.24514407827020404,4062540.310435369,0
4296320.039441839,0.21914692840477426,"[0.1, 0.1, np.float64(18.994522419430087), np.float64(1.708196686719042), 0.1]",0.3019666177385163,0.21914692840477426,4296320.039441839,0
4087697.208222021,0.24210938582941183,"[0.1, 0.1, np.float64(18.997971393253156), np.float64(1.8037117395069486), 0.1]",0.30218833778152293,0.24210938582941183,4087697.208222021,0
4001655.902041247,0.25275153122425076,"[0.1, 0.1, np.float64(19.001816057868982), np.float64(1.846425047930931), 0.1]",0.3022905646434558,0.25275153122425076,4001655.902041247,0
4067918.5812090216,0.24449006690699307,"[0.1, 0.1, np.float64(18.998319341729783), np.float64(1.8133477410591874), 0.1]",0.30221132829524167,0.24449006690699307,4067918.5812090216,0
4413659.583072605,0.20775416937028993,"[0.1, 0.1, np.float64(18.992743468034433), np.float64(1.6589308339814084), 0.1]",0.30185666281671303,0.20775416937028993,4413659.583072605,0
4710077.093299234,0.1829140610584081,"[0.1, 0.1, np.float64(18.98868556257653), np.float64(1.5465521747327844), 0.1]",0.30161717483169176,0.1829140610584081,4710077.093299234,0
4033477.5055617983,0.24872840714348918,"[0.1, 0.1, np.float64(18.9989345903053), np.float64(1.8303862873582264), 0.1]",0.3022522584039852,0.24872840714348918,4033477.5055617983,0
4113000.730418746,0.23911868533845662,"[0.1, 0.1, np.float64(18.997531830897778), np.float64(1.7915386051977684), 0.1]",0.3021594564884187,0.23911868533845662,4113000.730418746,0
4697387.436192086,0.18387633928061764,"[0.1, 0.1, np.float64(18.988847759080812), np.float64(1.551044005770985), 0.1]",0.3016264434591955,0.18387633928061764,4697387.436192086,0
3883443.4185348973,0.2686822212769441,"[0.1, 0.1, np.float64(19.001762466197842), np.float64(1.9087008032142738), 0.1]",0.3024449332811066,0.2686822212769441,3883443.4185348973,0
4040699.978304238,0.24782965931246745,"[0.1, 0.1, np.float64(18.99880457050723), np.float64(1.8267855502946106), 0.1]",0.3022435791322482,0.24782965931246745,4040699.978304238,0
4624546.444831017,0.18956311839869674,"[0.1, 0.1, np.float64(18.989797673937666), np.float64(1.5773507196954548), 0.1]",0.30168123519449,0.18956311839869674,4624546.444831017,0
4147465.302585545,0.23514158134130356,"[0.1, 0.1, np.float64(18.996942969557757), np.float64(1.7752308206617182), 0.1]",0.30212105036279663,0.23514158134130356,4147465.302585545,0
3570976.104966421,0.31982813218992884,"[0.1, 0.1, np.float64(19.008559804173288), np.float64(2.0969446487314656), 0.1]",0.30293827720522426,0.31982813218992884,3570976.104966421,0
4058373.172601906,0.24565278938251423,"[0.1, 0.1, np.float64(18.998488657864744), np.float64(1.8180367414397491), 0.1]",0.30222255685777016,0.24565278938251423,4058373.172601906,0
4083783.578479762,0.24257742872383903,"[0.1, 0.1, np.float64(18.998039935982128), np.float64(1.8056099453827101), 0.1]",0.30219285771774246,0.24257742872383903,4083783.578479762,0
4401388.465120033,0.20889978379249588,"[0.1, 0.1, np.float64(18.992924542863122), np.float64(1.6639454768021453), 0.1]",0.301867717055937,0.20889978379249588,4401388.465120033,0
3924479.433775803,0.26296984353786085,"[0.1, 0.1, np.float64(19.00096406286645), np.float64(1.8865900130905708), 0.1]",0.30238978018926727,0.26296984353786085,3924479.433775803,0
3208569.9442565204,0.402788414863567,"[0.1, 0.1, np.float64(19.02531805562944), np.float64(2.372383863797655), 0.1]",0.3037327156761262,0.402788414863567,3208569.9442565204,0
4047693.98444771,0.24696441092664712,"[0.1, 0.1, np.float64(18.998679171945565), np.float64(1.8233127926421575), 0.1]",0.3022352233439184,0.24696441092664712,4047693.98444771,0
4114537.821003591,0.23893896594282546,"[0.1, 0.1, np.float64(18.997505328252505), np.float64(1.790804647304091), 0.1]",0.302157720946795,0.23893896594282546,4114537.821003591,0
4515886.396507435,0.19859616995764828,"[0.1, 0.1, np.float64(18.99127747000607), np.float64(1.6183318366421746), 0.1]",0.30176832027685424,0.19859616995764828,4515886.396507435,0
3838098.190516564,0.27523571342155945,"[0.1, 0.1, np.float64(19.00266794407519), np.float64(1.9337768900998373), 0.1]",0.3025081985547684,0.27523571342155945,3838098.190516564,0
7111926.283133094,0.08478979096517585,"[0.1, 0.1, np.float64(19.784128889669958), 1, 0.1]",0.3006274353963125,0.08478979096517585,7111926.283133094,0
4123468.0884047104,0.23789919099655563,"[0.1, 0.1, np.float64(18.9973517980902), np.float64(1.7865528198594172), 0.1]",0.30214767993178243,0.23789919099655563,4123468.0884047104,0
4921759.224620684,0.1679963755424134,"[0.1, 0.1, np.float64(18.986113777979902), np.float64(1.4753297897256243), 0.1]",0.30147361367461284,0.1679963755424134,4921759.224620684,0
4001926.3153908807,0.2527180558201447,"[0.1, 0.1, np.float64(18.999508920950223), np.float64(1.846291662313609), 0.1]",0.30229078624543404,0.2527180558201447,4001926.3153908807,0
4009558.385079977,0.25174339103537946,"[0.1, 0.1, np.float64(18.999369037878473), np.float64(1.842417774117401), 0.1]",0.3022813740463509,0.25174339103537946,4009558.385079977,0
4241740.461080262,0.2247989038403163,"[0.1, 0.1, np.float64(18.995387640389755), np.float64(1.7321579081940437), 0.1]",0.30202118283743895,0.2247989038403163,4241740.461080262,0
3719109.581561518,0.29374471096770177,"[0.1, 0.1, np.float64(19.005168044511148), np.float64(2.0030140711762816), 0.1]",0.30268680979364965,0.29374471096770177,3719109.581561518,0
3248297.5865844325,0.3920543958161126,"[0.1, 0.1, np.float64(19.017281327335027), np.float64(2.338476416706517), 0.1]",0.3036324706111014,0.3920543958161126,3248297.5865844325,0
4036283.7328388426,0.248378572042059,"[0.1, 0.1, np.float64(18.998884008693317), np.float64(1.8289854923430968), 0.1]",0.30224888002488465,0.248378572042059,4036283.7328388426,0
4087694.9500336256,0.24210965546574156,"[0.1, 0.1, np.float64(18.997971432759396), np.float64(1.8037128335833743), 0.1]",0.30218834038542575,0.24210965546574156,4087694.9500336256,0
4220250.459615822,0.22709007715465884,"[0.1, 0.1, np.float64(18.99573524951465), np.float64(1.7417845118208037), 0.1]",0.30204330444984934,0.22709007715465884,4220250.459615822,0
4033152.7536945306,0.2487689441850976,"[0.1, 0.1, np.float64(18.998940449112744), np.float64(1.8305485397645178), 0.1]",0.3022526498723889,0.2487689441850976,4033152.7536945306,0
3510811.1063041757,0.3315246523246133,"[0.1, 0.1, np.float64(19.0148361763927), np.float64(2.1378064952008353), 0.1]",0.3030494259563169,0.3315246523246133,3510811.1063041757,0
4059257.8979249187,0.24554464010588728,"[0.1, 0.1, np.float64(18.99847292620796), np.float64(1.8176010727146839), 0.1]",0.30222151244632606,0.24554464010588728,4059257.8979249187,0
4049541.4683030755,0.24673668114341366,"[0.1, 0.1, np.float64(18.998646130715965), np.float64(1.8223977567645109), 0.1]",0.3022330241321747,0.24673668114341366,4049541.4683030755,0
4318541.849521423,0.21691205744622497,"[0.1, 0.1, np.float64(18.994177196630986), np.float64(1.698636169425709), 0.1]",0.30194504450709914,0.21691205744622497,4318541.849521423,0
4189824.948681025,0.2303999657767345,"[0.1, 0.1, np.float64(18.996234304667983), np.float64(1.7556052253895895), 0.1]",0.302075263749531,0.2303999657767345,4189824.948681025,0
4426892.290136583,0.2065302422838374,"[0.1, 0.1, np.float64(18.992549457770465), np.float64(1.6535579603225568), 0.1]",0.3018448536185898,0.2065302422838374,4426892.290136583,0
3617145.958029479,0.31130049354586586,"[0.1, 0.1, np.float64(19.00746683354045), np.float64(2.066676182501667), 0.1]",0.30285609895412324,0.31130049354586586,3617145.958029479,0
4314437.503766919,0.217322020958181,"[0.1, 0.1, np.float64(18.994240658043235), np.float64(1.7003936545363347), 0.1]",0.30194900176653083,0.217322020958181,4314437.503766919,0
4044413.3474753266,0.24736964934160569,"[0.1, 0.1, np.float64(18.99873792982745), np.float64(1.8249400193124496), 0.1]",0.3022391367733474,0.24736964934160569,4044413.3474753266,0
3918689.731532754,0.26376363169969874,"[0.1, 0.1, np.float64(19.001075528748242), np.float64(1.8896769224525911), 0.1]",0.30239744459231327,0.26376363169969874,3918689.731532754,0
4265167.526066815,0.22234402439914758,"[0.1, 0.1, np.float64(18.995013204644152), np.float64(1.7217883745757874), 0.1]",0.30199748197629067,0.22234402439914758,4265167.526066815,0
3842980.3887776784,0.2745175383290626,"[0.1, 0.1, np.float64(19.002569250888403), np.float64(1.9310437046860085), 0.1]",0.30250126604862493,0.2745175383290626,3842980.3887776784,0
4047534.4944202662,0.24698408661474086,"[0.1, 0.1, np.float64(18.99868202596194), np.float64(1.8233918310863353), 0.1]",0.3022354133541672,0.24698408661474086,4047534.4944202662,0
4026282.619227577,0.24962905497187673,"[0.1, 0.1, np.float64(18.999064647290513), np.float64(1.8339880542736493), 0.1]",0.30226095599243574,0.24962905497187673,4026282.619227577,0
4436167.204740323,0.20567938659736504,"[0.1, 0.1, np.float64(18.99241424281052), np.float64(1.6498133496934675), 0.1]",0.3018366444795737,0.20567938659736504,4436167.204740323,0
4101211.5243180185,0.24050450356731853,"[0.1, 0.1, np.float64(18.997735856366624), np.float64(1.797188837535323), 0.1]",0.3021728393304018,0.24050450356731853,4101211.5243180185,0
6782407.396669498,0.09200768682820887,"[0.1, 0.1, np.float64(18.966169154291066), np.float64(1.0486714532684005), 0.1]",0.30075011163791054,0.09200768682820887,6782407.396669498,0
4058490.8769930988,0.24563839662932957,"[0.1, 0.1, np.float64(18.99848656446155), np.float64(1.8179787672344199), 0.1]",0.3022224178651108,0.24563839662932957,4058490.8769930988,0
4233170.232119749,0.225708068096104,"[0.1, 0.1, np.float64(18.99552578870812), np.float64(1.7359837545467263), 0.1]",0.30202996081358685,0.225708068096104,4233170.232119749,0
4537056.91242583,0.1967818606817132,"[0.1, 0.1, np.float64(18.990983018470626), np.float64(1.6101773665317904), 0.1]",0.3017508244455954,0.1967818606817132,4537056.91242583,0
4026706.585208926,0.24957583500548075,"[0.1, 0.1, np.float64(18.99905696871539), np.float64(1.8337754056581235), 0.1]",0.3022604420463189,0.24957583500548075,4026706.585208926,0
4044970.3477168074,0.2473007693741822,"[0.1, 0.1, np.float64(18.99872794594835), np.float64(1.8246635281622894), 0.1]",0.3022384715926316,0.2473007693741822,4044970.3477168074,0
5038684.8549320055,0.16058450886233716,"[0.1, 0.1, np.float64(18.984793126410832), np.float64(1.4387559823251173), 0.1]",0.3014023892575268,0.16058450886233716,5038684.8549320055,0
3892364.31961584,0.2674231392305716,"[0.1, 0.1, np.float64(19.001587229834946), np.float64(1.9038478494630706), 0.1]",0.3024327773799143,0.2674231392305716,3892364.31961584,0
4005168.2348030764,0.252303285798748,"[0.1, 0.1, np.float64(18.999449426851644), np.float64(1.8446440470350405), 0.1]",0.30228678087889277,0.252303285798748,4005168.2348030764,0
4890452.280276496,0.1700755267408843,"[0.1, 0.1, np.float64(18.98647893936198), np.float64(1.4854424813475604), 0.1]",0.30149360685001675,0.1700755267408843,4890452.280276496,0
3968174.125548079,0.25710370067910726,"[0.1, 0.1, np.float64(19.00013500107407), np.float64(1.8636301749108666), 0.1]",0.30233313675515466,0.25710370067910726,3968174.125548079,0
3391692.4429157074,0.35692231577345007,"[0.1, 0.1, np.float64(19.013150910988706), np.float64(2.22408965832738), 0.1]",0.30329525096075427,0.35692231577345007,3391692.4429157074,0
4047491.708578169,0.2469893653817661,"[0.1, 0.1, np.float64(18.998682791643084), np.float64(1.8234130356760696), 0.1]",0.30223546433179016,0.2469893653817661,4047491.708578169,0
4225708.9064657185,0.2265045090627034,"[0.1, 0.1, np.float64(18.99564657807635), np.float64(1.7393288663030062), 0.1]",0.30203765059710225,0.2265045090627034,4225708.9064657185,0
4432309.453786186,0.206032589475501,"[0.1, 0.1, np.float64(18.992470406745092), np.float64(1.6513687402098491), 0.1]",0.3018400521711361,0.206032589475501,4432309.453786186,0
3911195.2060449566,0.2647970239247453,"[0.1, 0.1, np.float64(19.001220387013486), np.float64(1.8936885924625477), 0.1]",0.3024074223196736,0.2647970239247453,3911195.2060449566,0
3031824.6957671326,0.45725378620444085,"[0.1, 0.1, np.float64(19.032708005273918), np.float64(2.5377659391403036), 0.1]",0.3042520506719215,0.45725378620444085,3031824.6957671326,0
4065529.0322449445,0.24478028820815906,"[0.1, 0.1, np.float64(18.998361641871895), np.float64(1.8145191910364753), 0.1]",0.3022141310003383,0.24478028820815906,4065529.0322449445,0
4196285.563864585,0.22969055534444038,"[0.1, 0.1, np.float64(18.99612764804487), np.float64(1.752651502482543), 0.1]",0.3020684137289438,0.22969055534444038,4196285.563864585,0
4882302.489426204,0.17062363386598903,"[0.1, 0.1, np.float64(18.98657482795646), np.float64(1.4880979970556685), 0.1]",0.30149887838398065,0.17062363386598903,4882302.489426204,0
4144067.6520905877,0.23552882492777008,"[0.1, 0.1, np.float64(18.99700052571975), np.float64(1.7768247671898587), 0.1]",0.3021247898372947,0.23552882492777008,4144067.6520905877,0
3971495.636071734,0.25666658616724364,"[0.1, 0.1, np.float64(19.000072843198776), np.float64(1.8619087896396425), 0.1]",0.3023289157954138,0.25666658616724364,3971495.636071734,0
3741717.91336975,0.29007275979499775,"[0.1, 0.1, np.float64(19.004678526965023), np.float64(1.9894574898111324), 0.1]",0.30265138499736066,0.29007275979499775,3741717.91336975,0
4145945.939699541,0.2353146199941267,"[0.1, 0.1, np.float64(18.9969686942659), np.float64(1.7759432345512363), 0.1]",0.30212272133400897,0.2353146199941267,4145945.939699541,0
4024349.7721321555,0.24987191935736103,"[0.1, 0.1, np.float64(18.99909967727155), np.float64(1.8349581661559762), 0.1]",0.30226330133617246,0.24987191935736103,4024349.7721321555,0
4344584.027511513,0.21434004696156175,"[0.1, 0.1, np.float64(18.993777666990884), np.float64(1.6875716915193362), 0.1]",0.30192021897485377,0.21434004696156175,4344584.027511513,0
3995835.649394205,0.25350032857270094,"[0.1, 0.1, np.float64(18.999620995188323), np.float64(1.849395419349031), 0.1]",0.3022983404890669,0.25350032857270094,3995835.649394205,0
3247572.0405583405,0.3922466531942311,"[0.1, 0.1, np.float64(19.01730340341138), np.float64(2.339087786263364), 0.1]",0.30363431341187286,0.3922466531942311,3247572.0405583405,0
4046569.01776679,0.24710324881210238,"[0.1, 0.1, np.float64(18.998699308337194), np.float64(1.8238704450362853), 0.1]",0.30223656411621835,0.24710324881210238,4046569.01776679,0
3935690.3088890365,0.26144391522700927,"[0.1, 0.1, np.float64(19.000749309681474), np.float64(1.8806426899586266), 0.1]",0.3023750463275789,0.26144391522700927,3935690.3088890365,0
4262497.639830141,0.22262157610896394,"[0.1, 0.1, np.float64(18.995055643048016), np.float64(1.722963653540775), 0.1]",0.30200016154869297,0.22262157610896394,4262497.639830141,0
3962309.236830376,0.2578785199204359,"[0.1, 0.1, np.float64(19.00024504975322), np.float64(1.86667783660324), 0.1]",0.3023406186763802,0.2578785199204359,3962309.236830376,0
4754731.382067171,0.1795920347183899,"[0.1, 0.1, np.float64(18.98771946757367), np.float64(1.5309528904126484), 0.1]",0.3015852504661466,0.1795920347183899,4754731.382067171,0
4074794.8685519937,0.2436580540431852,"[0.1, 0.1, np.float64(18.998197934071616), np.float64(1.8099855065298216), 0.1]",0.30220329344073776,0.2436580540431852,4074794.8685519937,0
4344026.79054953,0.214394558438924,"[0.1, 0.1, np.float64(18.993786159676812), np.float64(1.6878068859239892), 0.1]",0.3019207451049652,0.214394558438924,4344026.79054953,0
4586517.035074012,0.19264696404162018,"[0.1, 0.1, np.float64(18.990306790299336), np.float64(1.5914500659517465), 0.1]",0.30171095900101536,0.19264696404162018,4586517.035074012,0
3939506.23303995,0.26092784246027606,"[0.1, 0.1, np.float64(19.000676536479094), np.float64(1.8786273263683642), 0.1]",0.3023700632147231,0.26092784246027606,3939506.23303995,0
4199276.900440059,0.2293633016158877,"[0.1, 0.1, np.float64(18.996078390915223), np.float64(1.7512873873632397), 0.1]",0.3020652538170853,0.2293633016158877,4199276.900440059,0
5918339.526195197,0.11845338582037596,"[0.1, 0.1, np.float64(18.976618094615237), np.float64(1.212358615004664), 0.1]",0.30099959895861367,0.11845338582037596,5918339.526195197,0
4034021.803333498,0.24866048967476304,"[0.1, 0.1, np.float64(18.99892477313193), np.float64(1.830114412916414), 0.1]",0.3022516025211719,0.24866048967476304,4034021.803333498,0
3993513.6180406744,0.25379961338376017,"[0.1, 0.1, np.float64(18.999663826783376), np.float64(1.8505815872565226), 0.1]",0.3023012306060883,0.25379961338376017,3993513.6180406744,0
4041860.8009052672,0.24768570651932958,"[0.1, 0.1, np.float64(18.99878372308516), np.float64(1.8262082067943013), 0.1]",0.30224218896743105,0.24768570651932958,4041860.8009052672,0
3887546.6649480164,0.26810188686462094,"[0.1, 0.1, np.float64(19.00168174811892), np.float64(1.9064654161209962), 0.1]",0.30243933044110577,0.26810188686462094,3887546.6649480164,0
3225606.929121876,0.39814237498013944,"[0.1, 0.1, np.float64(19.017977743246423), np.float64(2.3577627917129407), 0.1]",0.30369080986526986,0.39814237498013944,3225606.929121876,0
4047462.539831234,0.24699296422555,"[0.1, 0.1, np.float64(18.998683313647906), np.float64(1.823427491952194), 0.1]",0.3022354990862126,0.24699296422555,4047462.539831234,0
3840447.5458520586,0.2748897358239538,"[0.1, 0.1, np.float64(19.00262041533497), np.float64(1.932460640582161), 0.1]",0.30250485886838524,0.2748897358239538,3840447.5458520586,0
4378831.077334529,0.21103283173756973,"[0.1, 0.1, np.float64(18.9932603608775), np.float64(1.6732455402459272), 0.1]",0.3018883008089896,0.21103283173756973,4378831.077334529,0
4044944.3004029933,0.24730398974486728,"[0.1, 0.1, np.float64(18.998728412759633), np.float64(1.8246764559218034), 0.1]",0.30223850269207514,0.24730398974486728,4044944.3004029933,0
3940612.516689564,0.2607768770823333,"[0.1, 0.1, np.float64(19.00322865197021), np.float64(1.8780379486023482), 0.1]",0.30236797632830614,0.2607768770823333,3940612.516689564,0
4072427.252024605,0.24394400433568306,"[0.1, 0.1, np.float64(18.99823968362078), np.float64(1.8111417085182655), 0.1]",0.30220605489857166,0.24394400433568306,4072427.252024605,0
4368211.668328026,0.2120493676889353,"[0.1, 0.1, np.float64(18.99341979744243), np.float64(1.6776609381866159), 0.1]",0.30189811099728975,0.2120493676889353,4368211.668328026,0
4406937.75644761,0.20838043440173115,"[0.1, 0.1, np.float64(18.99284251718019), np.float64(1.6616738772374897), 0.1]",0.30186270568419515,0.20838043440173115,4406937.75644761,0
3802341.803001848,0.28059118452755716,"[0.1, 0.1, np.float64(19.003399840565738), np.float64(1.9540458557447662), 0.1]",0.30255989009856316,0.28059118452755716,3802341.803001848,0
4408415.66162352,0.20824247530791629,"[0.1, 0.1, np.float64(18.992820710685557), np.float64(1.661069973411998), 0.1]",0.30186137449301864,0.20824247530791629,4408415.66162352,0
4806694.246181416,0.17584856930612544,"[0.1, 0.1, np.float64(18.98748121760245), np.float64(1.5131993342430123), 0.1]",0.30154914851969417,0.17584856930612544,4806694.246181416,0
3844730.4251456126,0.2742608574962142,"[0.1, 0.1, np.float64(19.002533945625398), np.float64(1.930065969210855), 0.1]",0.30249878828920485,0.2742608574962142,3844730.4251456126,0
4032485.1729246727,0.24885230880250656,"[0.1, 0.1, np.float64(18.99895249626354), np.float64(1.8308821706656775), 0.1]",0.302253454928804,0.24885230880250656,4032485.1729246727,0
4141457.52243963,0.23582702228550637,"[0.1, 0.1, np.float64(18.997044814367577), np.float64(1.778051286366913), 0.1]",0.3021276694342207,0.23582702228550637,4141457.52243963,0
4450015.817605012,0.204419565595258,"[0.1, 0.1, np.float64(18.992213517287613), np.float64(1.6442545052662485), 0.1]",0.30182449028666936,0.204419565595258,4450015.817605012,0
3698331.8696152642,0.2971874670237283,"[0.1, 0.1, np.float64(19.0056242071555), np.float64(2.015646929901857), 0.1]",0.30272001863327674,0.2971874670237283,3698331.8696152642,0
4043434.1228913465,0.24749081894597197,"[0.1, 0.1, np.float64(18.998755489477958), np.float64(1.8254263120566774), 0.1]",0.30224030692000614,0.24749081894597197,4043434.1228913465,0
4136945.4526318214,0.2363439710698732,"[0.1, 0.1, np.float64(18.997121525340685), np.float64(1.78017570163414), 0.1]",0.3021326614644862,0.2363439710698732,4136945.4526318214,0
4122364.985081691,0.23802722622778227,"[0.1, 0.1, np.float64(18.99737072166052), np.float64(1.7870768846713658), 0.1]",0.3021489163526234,0.23802722622778227,4122364.985081691,0
3901665.0597783946,0.26612074979657246,"[0.1, 0.1, np.float64(19.001405527143902), np.float64(1.898815818773062), 0.1]",0.3024202030199617,0.26612074979657246,3901665.0597783946,0
3832227.643379516,0.27610051982113315,"[0.1, 0.1, np.float64(19.00586618100263), np.float64(1.9370640646306567), 0.1]",0.30251574740219717,0.27610051982113315,3832227.643379516,0
4053223.024489366,0.24628390123489058,"[0.1, 0.1, np.float64(18.99858039128881), np.float64(1.820577184856136), 0.1]",0.3022286515835981,0.24628390123489058,4053223.024489366,0
3978551.084029198,0.2557421229018009,"[0.1, 0.1, np.float64(18.99994120784331), np.float64(1.8582633117174878), 0.1]",0.3023199887221659,0.2557421229018009,3978551.084029198,0
4031234.4975052713,0.24900861128166726,"[0.1, 0.1, np.float64(18.998975078289355), np.float64(1.831507551865565), 0.1]",0.3022549643491565,0.24900861128166726,4031234.4975052713,0
3884160.01536798,0.2685807219684398,"[0.1, 0.1, np.float64(19.001748355126747), np.float64(1.9083100146001863), 0.1]",0.3024439533610071,0.2685807219684398,3884160.01536798,0
3807577.221638989,0.2797963634294309,"[0.1, 0.1, np.float64(19.003291666285197), np.float64(1.951050103197384), 0.1]",0.3025522189344183,0.2797963634294309,3807577.221638989,0
4192163.0979425777,0.2301428103798779,"[0.1, 0.1, np.float64(18.996195661700032), np.float64(1.754535056315206), 0.1]",0.30207278066424736,0.2301428103798779,4192163.0979425777,0
4184697.169725738,0.23096558274327572,"[0.1, 0.1, np.float64(18.996319223918405), np.float64(1.7579569587175254), 0.1]",0.30208072536844943,0.23096558274327572,4184697.169725738,0
3978776.1735125966,0.2557127198987908,"[0.1, 0.1, np.float64(18.99993701717858), np.float64(1.8581472564548076), 0.1]",0.3023197047907439,0.2557127198987908,3978776.1735125966,0
4214652.184255737,0.22769322549501772,"[0.1, 0.1, np.float64(18.9958264625584), np.float64(1.7443105439497715), 0.1]",0.3020491281184133,0.22769322549501772,4214652.184255737,0
4013455.503179164,0.2512480823661925,"[0.1, 0.1, np.float64(18.999297846824582), np.float64(1.8404462261674255), 0.1]",0.30227659089557113,0.2512480823661925,4013455.503179164,0
3625907.7157064057,0.30972458744866666,"[0.1, 0.1, np.float64(19.007263203183534), np.float64(2.061036892298805), 0.1]",0.30284090839259403,0.30972458744866666,3625907.7157064057,0
4050200.118346323,0.24665557609453317,"[0.1, 0.1, np.float64(18.99863435949753), np.float64(1.8220717674680256), 0.1]",0.3022322408914863,0.24665557609453317,4050200.118346323,0
3917370.600654585,0.26394504032777477,"[0.1, 0.1, np.float64(19.001100978852445), np.float64(1.8903817315264968), 0.1]",0.30239919616363575,0.26394504032777477,3917370.600654585,0
4292334.371416923,0.21955175638687385,"[0.1, 0.1, np.float64(18.994584763296444), np.float64(1.709923222782109), 0.1]",0.30197052571626665,0.21955175638687385,4292334.371416923,0
4033257.892817885,0.24875581904241284,"[0.1, 0.1, np.float64(18.998938552192254), np.float64(1.8304960069039409), 0.1]",0.30225252312218304,0.24875581904241284,4033257.892817885,0
3939214.0468513276,0.2609656238329671,"[0.1, 0.1, np.float64(19.00326160841978), np.float64(1.8787754916558588), 0.1]",0.3023697968234101,0.2609656238329671,3939214.0468513276,0
4073314.060883112,0.24383683499992134,"[0.1, 0.1, np.float64(18.998224039490935), np.float64(1.8107084637433237), 0.1]",0.3022050199507532,0.24383683499992134,4073314.060883112,0
4473668.997481448,0.20229675181495843,"[0.1, 0.1, np.float64(18.99187387551867), np.float64(1.6348485476818024), 0.1]",0.30180401225332865,0.20229675181495843,4473668.997481448,0
4429771.941617442,0.20626545623259143,"[0.1, 0.1, np.float64(18.99250740908016), np.float64(1.6523934739911998), 0.1]",0.3018422988977211,0.20626545623259143,4429771.941617442,0
4210783.0603206,0.22811161309406977,"[0.1, 0.1, np.float64(18.99588966296558), np.float64(1.7460608008486949), 0.1]",0.30205316788081493,0.22811161309406977,4210783.0603206,0
6694492.409930351,0.09467381686467582,"[0.1, 0.1, np.float64(19.671177507169), np.float64(1.066193526840163), 0.1]",0.30072096107898966,0.09467381686467582,6694492.409930351,0
4316328.5683686,0.2171329742170369,"[0.1, 0.1, np.float64(18.994211401551905), np.float64(1.6995834322913765), 0.1]",0.3019471769458822,0.2171329742170369,4316328.5683686,0
4724402.670649166,0.181837544891512,"[0.1, 0.1, np.float64(18.988503599904444), np.float64(1.5415129441902349), 0.1]",0.30160680691098857,0.181837544891512,4724402.670649166,0
4160414.6402884447,0.23367521989304837,"[0.1, 0.1, np.float64(18.99672458900406), np.float64(1.7691830420515846), 0.1]",0.30210689037787236,0.23367521989304837,4160414.6402884447,0
3985729.3001639824,0.2548071748062005,"[0.1, 0.1, np.float64(18.999807834991806), np.float64(1.8545697159972943), 0.1]",0.3023109603102282,0.2548071748062005,3985729.3001639824,0
4216813.405999668,0.2274600686704027,"[0.1, 0.1, np.float64(18.995791217141758), np.float64(1.7433344658453915), 0.1]",0.30204687687580417,0.2274600686704027,4216813.405999668,0
3711793.2180821705,0.2949494533215404,"[0.1, 0.1, np.float64(19.00532797768097), np.float64(2.007443221973496), 0.1]",0.30269843128761575,0.2949494533215404,3711793.2180821705,0
4291649.056333611,0.21962148776747245,"[0.1, 0.1, np.float64(18.99459549613329), np.float64(1.7102204553881981), 0.1]",0.30197119886815643,0.21962148776747245,4291649.056333611,0
4059094.8207857884,0.24556456886382316,"[0.1, 0.1, np.float64(18.998475825356365), np.float64(1.8176813610344023), 0.1]",0.30222170490090566,0.24556456886382316,4059094.8207857884,0
3999609.679971213,0.253015131904946,"[0.1, 0.1, np.float64(18.999551502886213), np.float64(1.8474709162229535), 0.1]",0.3022936550526214,0.253015131904946,3999609.679971213,0
4224965.054821099,0.22658416193127467,"[0.1, 0.1, np.float64(18.99565864654687), np.float64(1.739663087627317), 0.1]",0.3020384196675948,0.22658416193127467,4224965.054821099,0
4135549.73101331,0.23650425551606574,"[0.1, 0.1, np.float64(18.997145293040923), np.float64(1.7808339186166173), 0.1]",0.30213420929176216,0.23650425551606574,4135549.73101331,0
4027156.4628688437,0.24951838355219483,"[0.1, 0.1, np.float64(19.001240580824266), np.float64(1.833546260855779), 0.1]",0.30225937542888753,0.24951838355219483,4027156.4628688437,0
4067781.7935830997,0.24450666512976374,"[0.1, 0.1, np.float64(18.998321761625967), np.float64(1.8134147570829344), 0.1]",0.30221148858644553,0.24450666512976374,4067781.7935830997,0
4266054.812346543,0.22225191070707231,"[0.1, 0.1, np.float64(18.994999114305713), np.float64(1.7213981601267956), 0.1]",0.3019965926859286,0.22225191070707231,4266054.812346543,0
4866786.310199075,0.17167513010288193,"[0.1, 0.1, np.float64(18.986758348120286), np.float64(1.4931803604004494), 0.1]",0.3015089924146647,0.17167513010288193,4866786.310199075,0
4136388.823451701,0.2364078729184583,"[0.1, 0.1, np.float64(18.997131001969635), np.float64(1.7804381451204707), 0.1]",0.302133278548561,0.2364078729184583,4136388.823451701,0
4034764.8328488064,0.24856782360152263,"[0.1, 0.1, np.float64(18.998911376472496), np.float64(1.8297434090472364), 0.1]",0.3022507076394082,0.24856782360152263,4034764.8328488064,0
3735433.862515847,0.2910857606641527,"[0.1, 0.1, np.float64(19.004813883948003), np.float64(1.9932060335919162), 0.1]",0.3026611583386512,0.2910857606641527,3735433.862515847,0
3886765.7494361354,0.2682121750935229,"[0.1, 0.1, np.float64(19.00169709477317), np.float64(1.9068904226782675), 0.1]",0.3024403952246258,0.2682121750935229,3886765.7494361354,0
4025522.032531991,0.24972457726537386,"[0.1, 0.1, np.float64(18.999078427171767), np.float64(1.8343696709958353), 0.1]",0.3022618784525001,0.24972457726537386,4025522.032531991,0
4120493.706681303,0.23824468075906624,"[0.1, 0.1, np.float64(18.99740284960985), np.float64(1.787966628384539), 0.1]",0.3021510162876356,0.23824468075906624,4120493.706681303,0
4229908.405313241,0.22605567872433976,"[0.1, 0.1, np.float64(18.995578534234966), np.float64(1.7374444765003785), 0.1]",0.30203331704109315,0.22605567872433976,4229908.405313241,0
3609379.248889774,0.3127085410406567,"[0.1, 0.1, np.float64(19.00764833384888), np.float64(2.0717026084561265), 0.1]",0.30286967044469365,0.3127085410406567,3609379.248889774,0
4047323.5923194466,0.24701010876926868,"[0.1, 0.1, np.float64(18.998685800375675), np.float64(1.8234963587938275), 0.1]",0.30223566465291624,0.24701010876926868,4047323.5923194466,0
3879719.954911994,0.2692106328509621,"[0.1, 0.1, np.float64(19.001835885847097), np.float64(1.910734069349101), 0.1]",0.30245003476849336,0.2692106328509621,3879719.954911994,0
4324216.781373024,0.21634729579864814,"[0.1, 0.1, np.float64(18.994089673639436), np.float64(1.6962123287163018), 0.1]",0.30193959311965507,0.21634729579864814,4324216.781373024,0
4091984.233002472,0.24159838548453355,"[0.1, 0.1, np.float64(18.99789648319275), np.float64(1.8016371982837367), 0.1]",0.3021834030082159,0.24159838548453355,4091984.233002472,0
3765699.5358681427,0.286255926503746,"[0.1, 0.1, np.float64(19.007573586963865), np.float64(1.975274655352688), 0.1]",0.30261363964927634,0.286255926503746,3765699.5358681427,0
4061541.698413461,0.24526582807817618,"[0.1, 0.1, np.float64(18.99843235339479), np.float64(1.8164774589702475), 0.1]",0.3022188199224411,0.24526582807817618,4061541.698413461,0
4125780.3931159386,0.23763117211110454,"[0.1, 0.1, np.float64(18.99731216832771), np.float64(1.7854553227340617), 0.1]",0.302145091709603,0.23763117211110454,4125780.3931159386,0
4730355.884038711,0.1813932127669843,"[0.1, 0.1, np.float64(18.988428336443473), np.float64(1.5394286159764927), 0.1]",0.3016025278782112,0.1813932127669843,4730355.884038711,0
4336878.926479229,0.21509581083409737,"[0.1, 0.1, np.float64(18.99389531520304), np.float64(1.6908298128537615), 0.1]",0.30192751350324004,0.21509581083409737,4336878.926479229,0
4116955.392399712,0.23865674699366377,"[0.1, 0.1, np.float64(18.997463690013802), np.float64(1.7896515279208547), 0.1]",0.3021549955760129,0.23865674699366377,4116955.392399712,0
6734319.3443774525,0.09322419850599276,"[0.1, 0.1, np.float64(18.970996890524745), np.float64(1.0566863388499241), 0.1]",0.3007611712896921,0.09322419850599276,6734319.3443774525,0
3953443.1854255074,0.2590571355119869,"[0.1, 0.1, np.float64(19.00041213060329), np.float64(1.8713049335406367), 0.1]",0.30235199964857284,0.2590571355119869,3953443.1854255074,0
4025022.2916816706,0.2497873725339962,"[0.1, 0.1, np.float64(18.999087484459462), np.float64(1.8346205013461347), 0.1]",0.3022624848670054,0.2497873725339962,4025022.2916816706,0
4092168.817271963,0.24157642333806673,"[0.1, 0.1, np.float64(18.99789326186197), np.float64(1.8015479875227547), 0.1]",0.30218319091811036,0.24157642333806673,4092168.817271963,0
3567947.335166975,0.32040103034591133,"[0.1, 0.1, np.float64(19.008632700317133), np.float64(2.0989634170330853), 0.1]",0.30294379668124505,0.32040103034591133,3567947.335166975,0
4069065.199237964,0.24435100550046707,"[0.1, 0.1, np.float64(18.998299064363035), np.float64(1.812786184534043), 0.1]",0.3022099853611321,0.24435100550046707,4069065.199237964,0
4061118.868378975,0.24531740901289478,"[0.1, 0.1, np.float64(18.99843986122282), np.float64(1.816685378956829), 0.1]",0.3022193180462438,0.24531740901289478,4061118.868378975,0
4088262.442421122,0.24204191019614743,"[0.1, 0.1, np.float64(18.997961506243215), np.float64(1.8034379310281137), 0.1]",0.3021876861631965,0.24204191019614743,4088262.442421122,0
4442643.9041972915,0.20508862131639172,"[0.1, 0.1, np.float64(18.992320194456926), np.float64(1.6472087971747595), 0.1]",0.3018309449356301,0.20508862131639172,4442643.9041972915,0
3977190.420131455,0.2559199821354958,"[0.1, 0.1, np.float64(18.99996655205706), np.float64(1.8589651882866485), 0.1]",0.30232170622590165,0.2559199821354958,3977190.420131455,0
7090356.367817995,0.08479331611689916,"[0.1, 0.1, np.float64(18.95952288350456), 1, 0.1]",0.3006829181019214,0.08479331611689916,7090356.367817995,0
4070474.9742281917,0.24418020633046775,"[0.1, 0.1, np.float64(18.9982741511532), np.float64(1.812096244083797), 0.1]",0.30220833593144897,0.24418020633046775,4070474.9742281917,0
4168407.308492146,0.23277760779280476,"[0.1, 0.1, np.float64(18.996590569128834), np.float64(1.765471527811796), 0.1]",0.30209822267449266,0.23277760779280476,4168407.308492146,0
5967673.934047297,0.11730055147430814,"[0.1, 0.1, 20, np.float64(1.205686416611445), 0.1]",0.3008907603921222,0.11730055147430814,5967673.934047297,0
4824509.082965249,0.17459425460542796,"[0.1, 0.1, np.float64(18.98726487941811), np.float64(1.5072081165192965), 0.1]",0.30153707759670195,0.17459425460542796,4824509.082965249,0
3793106.1306287595,0.28200240931693593,"[0.1, 0.1, np.float64(19.003591526066778), np.float64(1.9593543479775113), 0.1]",0.3025735099635371,0.28200240931693593,3793106.1306287595,0
5326311.107484963,0.14456124828997385,"[0.1, 0.1, np.float64(19.16937132001939), np.float64(1.3566749817506063), 0.1]",0.3012246521910988,0.14456124828997385,5326311.107484963,0
4052152.3635653094,0.246415436826099,"[0.1, 0.1, np.float64(18.99859949531422), np.float64(1.8211062471480464), 0.1]",0.3022299218385499,0.246415436826099,4052152.3635653094,0
4057484.6544988444,0.24576148099466136,"[0.1, 0.1, np.float64(18.998504464889226), np.float64(1.8184744973797247), 0.1]",0.30222360650652147,0.24576148099466136,4057484.6544988444,0
3982852.240559288,0.25518123061313885,"[0.1, 0.1, np.float64(18.999861224654396), np.float64(1.856048276491547), 0.1]",0.302314572425022,0.25518123061313885,3982852.240559288,0
4057672.2843587925,0.24573852183118228,"[0.1, 0.1, np.float64(18.998501126231382), np.float64(1.8183820373911288), 0.1]",0.3022233847869623,0.24573852183118228,4057672.2843587925,0
4314733.931150085,0.21729236978954042,"[0.1, 0.1, np.float64(18.9942360701376), np.float64(1.7002665981793985), 0.1]",0.3019487155504656,0.21729236978954042,4314733.931150085,0
3512804.194571581,0.3311360075696008,"[0.1, 0.1, np.float64(19.009986640604435), np.float64(2.136459114201954), 0.1]",0.3030471869191882,0.3311360075696008,3512804.194571581,0
4078592.127021908,0.24320058484501206,"[0.1, 0.1, np.float64(18.99813109081682), np.float64(1.8081343654838558), 0.1]",0.30219887560553793,0.24320058484501206,4078592.127021908,0
4056136.703007486,0.24592652544740673,"[0.1, 0.1, np.float64(18.99852846056351), np.float64(1.819139027820805), 0.1]",0.30222520036162204,0.24592652544740673,4056136.703007486,0
4219656.54135493,0.22715394071664996,"[0.1, 0.1, np.float64(18.995744913268677), np.float64(1.7420521375041393), 0.1]",0.3020439210778241,0.22715394071664996,4219656.54135493,0
4242334.839368621,0.22473607222863295,"[0.1, 0.1, np.float64(18.995378082664683), np.float64(1.7318932188511993), 0.1]",0.3020205762055377,0.22473607222863295,4242334.839368621,0
4012319.836760363,0.25139225583529323,"[0.1, 0.1, np.float64(18.99931857627979), np.float64(1.8410203027217424), 0.1]",0.3022779831673163,0.25139225583529323,4012319.836760363,0
3237683.727505987,0.3948558228061546,"[0.1, 0.1, np.float64(19.024200450853638), np.float64(2.347372624732778), 0.1]",0.30365685535058484,0.3948558228061546,3237683.727505987,0
4076292.895420379,0.24347741292754102,"[0.1, 0.1, np.float64(18.99817154721267), np.float64(1.8092547551950031), 0.1]",0.30220154896733925,0.24347741292754102,4076292.895420379,0
4048671.877588591,0.24684382813747968,"[0.1, 0.1, np.float64(18.998661678550068), np.float64(1.8228283347483318), 0.1]",0.3022340588626971,0.24684382813747968,4048671.877588591,0
4208865.590306253,0.22831942554472984,"[0.1, 0.1, np.float64(18.995921032764883), np.float64(1.7469295485371334), 0.1]",0.3020551744367601,0.22831942554472984,4208865.590306253,0
4180032.219305251,0.2314821268279849,"[0.1, 0.1, np.float64(18.996396683948976), np.float64(1.760102118202234), 0.1]",0.30208571318115557,0.2314821268279849,4180032.219305251,0
4039456.8008360276,0.247983977243031,"[0.1, 0.1, np.float64(18.998826912234172), np.float64(1.8274042767151855), 0.1]",0.3022450693934159,0.247983977243031,4039456.8008360276,0
4009407.6742874123,0.25176257799677454,"[0.1, 0.1, np.float64(18.99937179421038), np.float64(1.8424941073112686), 0.1]",0.30228155933276213,0.25176257799677454,4009407.6742874123,0
4099061.665990144,0.24075863922171137,"[0.1, 0.1, np.float64(18.997773206752527), np.float64(1.79822321015295), 0.1]",0.3021752935279994,0.24075863922171137,4099061.665990144,0
4021395.3957772986,0.25024389052851176,"[0.1, 0.1, np.float64(18.999153295899045), np.float64(1.8364430675494363), 0.1]",0.30226689345959057,0.25024389052851176,4021395.3957772986,0
4675128.5064159855,0.18558431285747523,"[0.1, 0.1, np.float64(18.98913459534224), np.float64(1.5589875803114621), 0.1]",0.301642896699083,0.18558431285747523,4675128.5064159855,0
3877033.2974214917,0.26959297006111804,"[0.1, 0.1, np.float64(19.00188896396648), np.float64(1.9122040020405466), 0.1]",0.302453725959717,0.26959297006111804,3877033.2974214917,0
3688159.3891149512,0.2988973468165307,"[0.1, 0.1, np.float64(19.005849772685877), np.float64(2.021893687530886), 0.1]",0.3027365103278883,0.2988973468165307,3688159.3891149512,0
4046672.5908611575,0.24709046097308043,"[0.1, 0.1, np.float64(18.99869745388819), np.float64(1.8238190883709202), 0.1]",0.3022364406227081,0.24709046097308043,4046672.5908611575,0
4120724.486799675,0.23821784502408633,"[0.1, 0.1, np.float64(18.997398885548908), np.float64(1.7878568486328381), 0.1]",0.3021507571376469,0.23821784502408633,4120724.486799675,0
4395110.363318421,0.20948989628746373,"[0.1, 0.1, np.float64(18.993017620068667), np.float64(1.6665231345801195), 0.1]",0.30187341139441987,0.20948989628746373,4395110.363318421,0
4137920.216840665,0.2362321349019737,"[0.1, 0.1, np.float64(18.997104936951214), np.float64(1.7797163067597435), 0.1]",0.30213158149165653,0.2362321349019737,4137920.216840665,0
4932162.754362763,0.1673141507802488,"[0.1, 0.1, np.float64(18.98508510850861), np.float64(1.471997716110093), 0.1]",0.30146719331504673,0.1673141507802488,4932162.754362763,0
4065388.8809876707,0.2447973277492373,"[0.1, 0.1, np.float64(18.998364124620803), np.float64(1.81458794768856), 0.1]",0.3022142955534215,0.2447973277492373,4065388.8809876707,0
4182841.0907433336,0.23117087757944427,"[0.1, 0.1, np.float64(18.996350020023357), np.float64(1.7588098186523484), 0.1]",0.30208270771557394,0.23117087757944427,4182841.0907433336,0
4526640.6907896465,0.19767113362508548,"[0.1, 0.1, np.float64(18.991127512468783), np.float64(1.6141789486167188), 0.1]",0.30175939965612114,0.19767113362508548,4526640.6907896465,0
4118214.1048463015,0.23851002557668113,"[0.1, 0.1, np.float64(18.99744203309742), np.float64(1.7890517664795678), 0.1]",0.3021535786985116,0.23851002557668113,4118214.1048463015,0
4079029.9710645424,0.24314792684345504,"[0.1, 0.1, np.float64(18.998123392605095), np.float64(1.8079211730571478), 0.1]",0.30219836708108067,0.24314792684345504,4079029.9710645424,0
6482389.475788236,0.10002039726249663,"[0.1, 0.1, np.float64(18.972579739413295), np.float64(1.1005213758496653), 0.1]",0.30082510314044086,0.10002039726249663,6482389.475788236,0
3986843.3396507357,0.25466257680814786,"[0.1, 0.1, np.float64(18.999787185654856), np.float64(1.8539978582187737), 0.1]",0.30230956397863146,0.25466257680814786,3986843.3396507357,0
4007570.261694047,0.2519966918980916,"[0.1, 0.1, np.float64(18.999405417659606), np.float64(1.843425267039536), 0.1]",0.302283820143334,0.2519966918980916,4007570.261694047,0
4048874.6804285273,0.2468188328702407,"[0.1, 0.1, np.float64(18.99865805185363), np.float64(1.8227278978881556), 0.1]",0.30223381748062217,0.2468188328702407,4048874.6804285273,0
3994771.093780242,0.2536374663097304,"[0.1, 0.1, np.float64(18.999640624570034), np.float64(1.8499390307322419), 0.1]",0.30229966479414716,0.2536374663097304,3994771.093780242,0
3939181.531105803,0.2609716905482239,"[0.1, 0.1, np.float64(19.000682722472582), np.float64(1.8787986397864247), 0.1]",0.30237048660616367,0.2609716905482239,3939181.531105803,0
4061646.2309594112,0.24525307892197928,"[0.1, 0.1, np.float64(18.998430497577157), np.float64(1.8164260644024484), 0.1]",0.3022186968021779,0.24525307892197928,4061646.2309594112,0
4162717.1805413626,0.2334160534382526,"[0.1, 0.1, np.float64(18.99668592032434), np.float64(1.7681121609216748), 0.1]",0.30210438775183185,0.2334160534382526,4162717.1805413626,0
4101327.72081853,0.2404907804652839,"[0.1, 0.1, np.float64(18.997733838911884), np.float64(1.797132966628332), 0.1]",0.3021727068059709,0.2404907804652839,4101327.72081853,0
4154339.0069612977,0.23436134241240048,"[0.1, 0.1, np.float64(18.996826856880755), np.float64(1.7720152240690943), 0.1]",0.30211351592002406,0.23436134241240048,4154339.0069612977,0
5313893.842250844,0.14508931266928063,"[0.1, 0.1, np.float64(18.98005541948714), np.float64(1.3594366773050546), 0.1]",0.3012540229364286,0.14508931266928063,5313893.842250844,0
4053970.282062446,0.24619216549520098,"[0.1, 0.1, np.float64(18.99856706468366), np.float64(1.8202081210533485), 0.1]",0.30222776568042603,0.24619216549520098,4053970.282062446,0
3931336.2395981555,0.2620348205806365,"[0.1, 0.1, np.float64(19.000832546278755), np.float64(1.8829478242946267), 0.1]",0.30238075196017555,0.2620348205806365,3931336.2395981555,0
4519249.5201003095,0.19830613121393972,"[0.1, 0.1, np.float64(18.991230489844007), np.float64(1.617030779316212), 0.1]",0.30176552321888395,0.19830613121393972,4519249.5201003095,0
3962361.9669476394,0.2578715365768008,"[0.1, 0.1, np.float64(19.000244058645034), np.float64(1.8666503890910673), 0.1]",0.3023405512431404,0.2578715365768008,3962361.9669476394,0
3853976.884225526,0.27291119822435694,"[0.1, 0.1, np.float64(19.00234803107133), np.float64(1.9249172961978345), 0.1]",0.3024857596475913,0.27291119822435694,3853976.884225526,0
4269543.22266256,0.22189036595563072,"[0.1, 0.1, np.float64(18.994943781456215), np.float64(1.7198657854809114), 0.1]",0.3019931022575442,0.22189036595563072,4269543.22266256,0
4037196.3022310445,0.2482649816547477,"[0.1, 0.1, np.float64(18.998867577265685), np.float64(1.8285304443321804), 0.1]",0.3022477830745661,0.2482649816547477,4037196.3022310445,0
3961188.167667698,0.25802706294170785,"[0.1, 0.1, np.float64(19.000266128452203), np.float64(1.8672615850307306), 0.1]",0.30234205305045025,0.25802706294170785,3961188.167667698,0
4183489.578000954,0.2310991165495105,"[0.1, 0.1, np.float64(18.99633925678139), np.float64(1.7585117440141202), 0.1]",0.3020820147832762,0.2310991165495105,4183489.578000954,0
3596959.760022632,0.3149820926216593,"[0.1, 0.1, np.float64(19.00794052978014), np.float64(2.0797946124056885), 0.1]",0.3028915820032773,0.3149820926216593,3596959.760022632,0
4105873.665181304,0.2399548992432551,"[0.1, 0.1, np.float64(18.997655012690206), np.float64(1.794949972175221), 0.1]",0.3021675317911114,0.2399548992432551,4105873.665181304,0
2633281.8987181038,0.7357309176314204,"[np.float64(0.11000525304977408), 0.1, np.float64(18.295394560908232), np.float64(3.188611962480044), 0.1]",0.3171241039939058,0.7357309176314204,2633281.8987181038,0
4045780.5707496977,0.24720063146898766,"[0.1, 0.1, np.float64(18.998713428850753), np.float64(1.8242614951477132), 0.1]",0.3022375045506831,0.24720063146898766,4045780.5707496977,0
4030680.450833379,0.24907790448734826,"[0.1, 0.1, np.float64(18.998985087235898), np.float64(1.8317847372273683), 0.1]",0.3022556335165599,0.24907790448734826,4030680.450833379,0
4364063.088099247,0.21244866406739374,"[0.1, 0.1, np.float64(18.993482318789237), np.float64(1.6793923893505895), 0.1]",0.3019019645665885,0.21244866406739374,4364063.088099247,0
4065720.797017547,0.24475697666727428,"[0.1, 0.1, np.float64(18.998358245118997), np.float64(1.8144251221773862), 0.1]",0.3022139058777306,0.24475697666727428,4065720.797017547,0
5304990.878315614,0.1455521086836461,"[0.1, 0.1, np.float64(18.980163968502904), np.float64(1.3618659308679548), 0.1]",0.301258453058526,0.1455521086836461,5304990.878315614,0
4054502.264704554,0.24612689176767294,"[0.1, 0.1, np.float64(18.998557580733227), np.float64(1.819945474807738), 0.1]",0.30222713532404644,0.24612689176767294,4054502.264704554,0
4332809.0470619425,0.21549677040969012,"[0.1, 0.1, np.float64(18.993957647092675), np.float64(1.6925560172363174), 0.1]",0.30193138359487626,0.21549677040969012,4332809.0470619425,0
4478087.107168903,0.2019042265799129,"[0.1, 0.1, np.float64(18.991810876415926), np.float64(1.6331038656596089), 0.1]",0.30180022597718226,0.2019042265799129,4478087.107168903,0
4052260.430950604,0.2464021550222306,"[0.1, 0.1, np.float64(18.99859756651928), np.float64(1.8210528315641632), 0.1]",0.302229793574592,0.2464021550222306,4052260.430950604,0
7110442.745564833,0.08479002067815815,"[0.1, 0.1, np.float64(19.727100190271425), 1, 0.1]",0.30063105132367723,0.08479002067815815,7110442.745564833,0
3832249.771611833,0.2761001012310186,"[0.1, 0.1, np.float64(19.00278655782929), np.float64(1.9370617509208357), 0.1]",0.30251654226135505,0.2761001012310186,3832249.771611833,0
6037265.411126889,0.1141368692095531,"[0.1, 0.1, np.float64(18.975702608245232), np.float64(1.1870053553270765), 0.1]",0.3009586122094102,0.1141368692095531,6037265.411126889,0
4118826.076108833,0.2384387447750266,"[0.1, 0.1, np.float64(18.997431509218618), np.float64(1.788760320707198), 0.1]",0.30215289034578696,0.2384387447750266,4118826.076108833,0
4015141.639187472,0.2510342768002435,"[0.1, 0.1, np.float64(18.99926709451475), np.float64(1.8395945790840647), 0.1]",0.3022745261897661,0.2510342768002435,4015141.639187472,0
4612867.906442543,0.19050153232291006,"[0.1, 0.1, np.float64(18.98995303729455), np.float64(1.5816533151906103), 0.1]",0.30169027936068776,0.19050153232291006,4612867.906442543,0
3648802.525468501,0.3056683215035995,"[0.1, 0.1, np.float64(19.00673665256586), np.float64(2.0464547259435752), 0.1]",0.3028018035029073,0.3056683215035995,3648802.525468501,0
3693593.279521586,0.2979819567643857,"[0.1, 0.1, np.float64(19.005729096726807), np.float64(2.0185517165005846), 0.1]",0.3027276815950025,0.2979819567643857,3693593.279521586,0
4042794.81867111,0.24756997926044216,"[0.1, 0.1, np.float64(18.998766958884907), np.float64(1.8257439430584146), 0.1]",0.30224107137865364,0.24756997926044216,4042794.81867111,0
4021568.6653029337,0.25022204991128844,"[0.1, 0.1, np.float64(18.999150148745997), np.float64(1.8363559110487382), 0.1]",0.3022666825450796,0.25022204991128844,4021568.6653029337,0
4438835.93117946,0.2054356252521673,"[0.1, 0.1, np.float64(18.992375453149204), np.float64(1.648739118128326), 0.1]",0.301834292714081,0.2054356252521673,4438835.93117946,0
4076666.661304251,0.24343237623474123,"[0.1, 0.1, np.float64(18.99816496701188), np.float64(1.8090725246945627), 0.1]",0.3022011140425462,0.24343237623474123,4076666.661304251,0
2797884.8702254863,0.5511767121156056,"[0.1, 0.1, np.float64(19.044470481128865), np.float64(2.801002194006201), 0.1]",0.30514077768802994,0.5511767121156056,2797884.8702254863,0
4053309.9628190617,0.24627322552253042,"[0.1, 0.1, np.float64(18.998578840538965), np.float64(1.8205342387622672), 0.1]",0.30222854848695424,0.24627322552253042,4053309.9628190617,0
4422242.229551907,0.20695899276425278,"[0.1, 0.1, np.float64(18.992617486798135), np.float64(1.6554419398777112), 0.1]",0.3018489903824509,0.20695899276425278,4422242.229551907,0
4534178.9183517685,0.1970269125100034,"[0.1, 0.1, np.float64(18.991022868667184), np.float64(1.6112809683052653), 0.1]",0.301753187414925,0.1970269125100034,4534178.9183517685,0
3981346.353498754,0.2553773756748776,"[0.1, 0.1, np.float64(18.99988920500426), np.float64(1.856823157581291), 0.1]",0.3023164665177502,0.2553773756748776,3981346.353498754,0
3733220.7624695445,0.2914439064858256,"[0.1, 0.1, np.float64(19.004861682372884), np.float64(1.9945297516917222), 0.1]",0.30266461360505964,0.2914439064858256,3733220.7624695445,0
4178216.38844408,0.23168370351521564,"[0.1, 0.1, np.float64(18.99642688836619), np.float64(1.7609385920789749), 0.1]",0.3020876596411075,0.23168370351521564,4178216.38844408,0
4083088.4786217734,0.24266071308025963,"[0.1, 0.1, np.float64(18.99805212559543), np.float64(1.8059475216061154), 0.1]",0.30219366200353304,0.24266071308025963,4083088.4786217734,0
4012877.9007084216,0.25132139234048395,"[0.1, 0.1, np.float64(18.99930838818138), np.float64(1.8407381559710883), 0.1]",0.30227729884434,0.25132139234048395,4012877.9007084216,0
4196462.641609098,0.2296711616541985,"[0.1, 0.1, np.float64(18.996124729959433), np.float64(1.7525706897253033), 0.1]",0.30206822646592896,0.2296711616541985,4196462.641609098,0
3965341.684243899,0.25747742038416127,"[0.1, 0.1, np.float64(19.000188101887364), np.float64(1.8651007360820775), 0.1]",0.30233674553035383,0.25747742038416127,3965341.684243899,0
4302867.4168148395,0.21848455093457753,"[0.1, 0.1, np.float64(18.99442028726889), np.float64(1.7053682631737954), 0.1]",0.30196022363470415,0.21848455093457753,4302867.4168148395,0
4068444.836071421,0.24442622679359502,"[0.1, 0.1, np.float64(18.998310033547977), np.float64(1.8130899625077055), 0.1]",0.3022107117829434,0.24442622679359502,4068444.836071421,0
4037624.726073491,0.2482116838034381,"[0.1, 0.1, np.float64(18.998859866152227), np.float64(1.8283168946079207), 0.1]",0.30224726837333205,0.2482116838034381,4037624.726073491,0
4363900.796272699,0.2124643094612446,"[0.1, 0.1, np.float64(18.993484767318776), np.float64(1.6794601983396609), 0.1]",0.30190211556003693,0.2124643094612446,4363900.796272699,0
4128981.8064177358,0.2372609132324945,"[0.1, 0.1, np.float64(18.997257384047792), np.float64(1.7839381400422982), 0.1]",0.3021415161788329,0.2372609132324945,4128981.8064177358,0
6895945.514555241,0.08923935942889794,"[0.1, 0.1, np.float64(18.96534516668417), np.float64(1.030231167875252), 0.1]",0.30072416571754235,0.08923935942889794,6895945.514555241,0
4076521.7533828695,0.24344983520401617,"[0.1, 0.1, np.float64(18.998167517972007), np.float64(1.8091431703717102), 0.1]",0.302201282645922,0.24344983520401617,4076521.7533828695,0
4039144.3905417714,0.24802278211658663,"[0.1, 0.1, np.float64(18.998832529193084), np.float64(1.827559831426432), 0.1]",0.3022454441352093,0.24802278211658663,4039144.3905417714,0
4371058.032274504,0.2117761173669097,"[0.1, 0.1, np.float64(18.993376978000473), np.float64(1.6764751068441492), 0.1]",0.3018954739235702,0.2117761173669097,4371058.032274504,0
4028141.8465121235,0.24939580650431228,"[0.1, 0.1, np.float64(18.999030988080058), np.float64(1.8330559041825523), 0.1]",0.3022587035070464,0.24939580650431228,4028141.8465121235,0
3811822.113116689,0.27915463911888816,"[0.1, 0.1, np.float64(19.003204215021878), np.float64(1.948628248912402), 0.1]",0.30254602523514273,0.27915463911888816,3811822.113116689,0
5930271.023268143,0.11800859193939776,"[0.1, 0.1, np.float64(18.976524544948724), np.float64(1.2097678730061836), 0.1]",0.3009953723796211,0.11800859193939776,5930271.023268143,0
3844256.145006943,0.2743303819338543,"[0.1, 0.1, np.float64(19.002543510037825), np.float64(1.9303308437517228), 0.1]",0.30249945941553763,0.2743303819338543,3844256.145006943,0
4013262.0829672334,0.2512726275720105,"[0.1, 0.1, np.float64(18.999301376391305), np.float64(1.840543973140619), 0.1]",0.30227682792676935,0.2512726275720105,4013262.0829672334,0
4238145.944511936,0.22517949317946667,"[0.1, 0.1, np.float64(18.995445505521207), np.float64(1.7337604112482101), 0.1]",0.30202485740271784,0.22517949317946667,4238145.944511936,0
4096805.081032423,0.24102586525620703,"[0.1, 0.1, np.float64(18.997812459579432), np.float64(1.7993102685147107), 0.1]",0.3021778741428996,0.24102586525620703,4096805.081032423,0
3984370.7604931346,0.25498369060147397,"[0.1, 0.1, np.float64(18.99983303433748), np.float64(1.855267580624855), 0.1]",0.302312664857916,0.25498369060147397,3984370.7604931346,0
4053415.4106266624,0.24626027793254482,"[0.1, 0.1, np.float64(18.99857695973152), np.float64(1.8204821521325925), 0.1]",0.3022284234505116,0.24626027793254482,4053415.4106266624,0
3942584.115414758,0.26051280282210154,"[0.1, 0.1, np.float64(19.00061795756919), np.float64(1.8770050561052167), 0.1]",0.3023660556315151,0.26051280282210154,3942584.115414758,0
4130809.3184405025,0.23704997657842905,"[0.1, 0.1, np.float64(18.997226154125055), np.float64(1.783073266061975), 0.1]",0.3021394792022774,0.23704997657842905,4130809.3184405025,0
3965635.505221926,0.25743861138984697,"[0.1, 0.1, np.float64(19.000182589434566), np.float64(1.8649480755381291), 0.1]",0.30233637077718484,0.25743861138984697,3965635.505221926,0
3906968.908446756,0.2653807265292533,"[0.1, 0.1, np.float64(19.00402910998557), np.float64(1.8959516576495843), 0.1]",0.30241237908492585,0.2653807265292533,3906968.908446756,0
4061173.124921129,0.24531078927469235,"[0.1, 0.1, np.float64(18.99843889773588), np.float64(1.8166586963808165), 0.1]",0.30221925411857076,0.24531078927469235,4061173.124921129,0
4175793.5927311685,0.23195310808850472,"[0.1, 0.1, np.float64(18.996467235471986), np.float64(1.7620559551375519), 0.1]",0.3020902610683326,0.23195310808850472,4175793.5927311685,0
4628671.707819363,0.18923343779808924,"[0.1, 0.1, np.float64(18.989743000133874), np.float64(1.5758365965030972), 0.1]",0.3016780579945656,0.18923343779808924,4628671.707819363,0
4147767.3761519934,0.23510720335601876,"[0.1, 0.1, np.float64(18.996937857633682), np.float64(1.775089252264071), 0.1]",0.3021207183874961,0.23510720335601876,4147767.3761519934,0
4057733.769018621,0.24573099908040472,"[0.1, 0.1, np.float64(18.998500032259592), np.float64(1.8183517411991228), 0.1]",0.3022233121388011,0.24573099908040472,4057733.769018621,0
4164532.3770743483,0.23321207272587502,"[0.1, 0.1, np.float64(18.99665547033997), np.float64(1.767268886366995), 0.1]",0.30210241802969223,0.23321207272587502,4164532.3770743483,0
3787773.0204867716,0.28282265152742153,"[0.1, 0.1, np.float64(19.003702716299543), np.float64(1.9624336235813056), 0.1]",0.3025814259109994,0.28282265152742153,3787773.0204867716,0
4063298.303579959,0.24505173068279068,"[0.1, 0.1, np.float64(18.99840118207097), np.float64(1.815614207814299), 0.1]",0.3022167523559125,0.24505173068279068,4063298.303579959,0
3986356.489670812,0.254725751456672,"[0.1, 0.1, np.float64(18.99979620804709), np.float64(1.8542477221826266), 0.1]",0.30231017403406063,0.254725751456672,3986356.489670812,0
3705143.2124750228,0.2960515597545123,"[0.1, 0.1, np.float64(19.005473996817862), np.float64(2.0114870408842167), 0.1]",0.30270906219862176,0.2960515597545123,3705143.2124750228,0
4103588.8605321925,0.2402239895863061,"[0.1, 0.1, np.float64(18.99769460601574), np.float64(1.7960464602242594), 0.1]",0.30217013039976465,0.2402239895863061,4103588.8605321925,0
4037815.652967496,0.2481879376904677,"[0.1, 0.1, np.float64(18.99885643030423), np.float64(1.8282217430585899), 0.1]",0.30224703905535755,0.2481879376904677,4037815.652967496,0
3979039.791576326,0.2556782910431143,"[0.1, 0.1, np.float64(18.999932109894704), np.float64(1.858011355313724), 0.1]",0.30231937232683337,0.2556782910431143,3979039.791576326,0
4372436.92269903,0.21164395109409678,"[0.1, 0.1, np.float64(18.993356257004674), np.float64(1.6759012645625597), 0.1]",0.30189419842948784,0.21164395109409678,4372436.92269903,0
4086486.74001534,0.24225399104043754,"[0.1, 0.1, np.float64(18.997992577154864), np.float64(1.804298401393554), 0.1]",0.30218973424763235,0.24225399104043754,4086486.74001534,0
5501366.796806161,0.13587019117560037,"[0.1, 0.1, np.float64(18.97785551344828), np.float64(1.3102042679154544), 0.1]",0.3011658687233131,0.13587019117560037,5501366.796806161,0
4083349.6181558524,0.24262941878276034,"[0.1, 0.1, np.float64(18.99804754556656), np.float64(1.8058206833864547), 0.1]",0.30219335979119133,0.24262941878276034,4083349.6181558524,0
4445656.121077479,0.20481480880034086,"[0.1, 0.1, np.float64(18.992276557844445), np.float64(1.646000335307952), 0.1]",0.30182830332792954,0.20481480880034086,4445656.121077479,0
4264417.919150704,0.22242189360659037,"[0.1, 0.1, np.float64(18.99502511375194), np.float64(1.722118182546888), 0.1]",0.30199823374831813,0.22242189360659037,4264417.919150704,0
3881967.3512627813,0.26889149153866826,"[0.1, 0.1, np.float64(19.001791551769806), np.float64(1.9095062920594181), 0.1]",0.30244695366353563,0.26889149153866826,3881967.3512627813,0
4037682.209322997,0.2482045340581488,"[0.1, 0.1, np.float64(18.99885883166614), np.float64(1.8282882457986769), 0.1]",0.3022471993277135,0.2482045340581488,4037682.209322997,0
3805912.4990696968,0.28004869261844706,"[0.1, 0.1, np.float64(19.003326024806423), np.float64(1.9520016198330534), 0.1]",0.3025546542939373,0.28004869261844706,3805912.4990696968,0
3910886.2353875097,0.26483976959928907,"[0.1, 0.1, np.float64(19.001226372839092), np.float64(1.8938543624793862), 0.1]",0.30240783503843083,0.26483976959928907,3910886.2353875097,0
4042461.427636988,0.24761127709781733,"[0.1, 0.1, np.float64(18.998772941725445), np.float64(1.8259096304074898), 0.1]",0.30224147019570874,0.24761127709781733,4042461.427636988,0
4319514.788819885,0.2168150606536364,"[0.1, 0.1, np.float64(18.99416217289961), np.float64(1.6982201058169144), 0.1]",0.3019441082333771,0.2168150606536364,4319514.788819885,0
3578412.6769957035,0.3184286548178083,"[0.1, 0.1, np.float64(19.008381455226022), np.float64(2.0920054958161804), 0.1]",0.3029247934712741,0.3184286548178083,3578412.6769957035,0
4105332.127649133,0.24001863350891203,"[0.1, 0.1, np.float64(18.99766439242582), np.float64(1.7952097323206813), 0.1]",0.3021681472733432,0.24001863350891203,4105332.127649133,0
4047125.8880298277,0.24703450659897658,"[0.1, 0.1, np.float64(18.998689339005022), np.float64(1.8235943567451485), 0.1]",0.302235900265372,0.24703450659897658,4047125.8880298277,0
3895894.1480852123,0.26692762270126075,"[0.1, 0.1, np.float64(19.001518150685424), np.float64(1.9019347880855546), 0.1]",0.3024279932880573,0.26692762270126075,3895894.1480852123,0
4302815.373690706,0.21848980305270002,"[0.1, 0.1, np.float64(18.994421097708365), np.float64(1.7053907072900019), 0.1]",0.30196027433423833,0.21848980305270002,4302815.373690706,0
4036147.1188348224,0.24839558416014368,"[0.1, 0.1, np.float64(18.998886469256178), np.float64(1.8290536345799462), 0.1]",0.3022490443120601,0.24839558416014368,4036147.1188348224,0
2998500.774872732,0.4689160060066012,"[0.1, 0.1, np.float64(19.03423130328717), np.float64(2.5718563184957124), 0.1]",0.30436288780398624,0.4689160060066012,2998500.774872732,0
4067031.002910925,0.24459780127078565,"[0.1, 0.1, np.float64(18.99833504711342), np.float64(1.813782682182016), 0.1]",0.3022123687000721,0.24459780127078565,4067031.002910925,0
4454495.41781951,0.20401474805269537,"[0.1, 0.1, np.float64(18.992148885872737), np.float64(1.6424646183837983), 0.1]",0.3018205849649052,0.20401474805269537,4454495.41781951,0
4796967.633892403,0.17653960325642376,"[0.1, 0.1, np.float64(18.987600071433334), np.float64(1.5164908436928304), 0.1]",0.30155579945179406,0.17653960325642376,4796967.633892403,0
4347911.08879333,0.21401504967543525,"[0.1, 0.1, np.float64(18.993727010989364), np.float64(1.6861688363783196), 0.1]",0.3019170822118318,0.21401504967543525,4347911.08879333,0
4079641.594463973,0.24307440030643304,"[0.1, 0.1, np.float64(18.998112642159402), np.float64(1.807623452795857), 0.1]",0.30219765702682744,0.24307440030643304,4079641.594463973,0
4409762.917824828,0.2081168419911536,"[0.1, 0.1, np.float64(18.99280084612304), np.float64(1.6605198489880382), 0.1]",0.30186016224318624,0.2081168419911536,4409762.917824828,0
4011963.539868734,0.2514375159206216,"[0.1, 0.1, np.float64(18.999325082597963), np.float64(1.8412004871348022), 0.1]",0.30227842024008955,0.2514375159206216,4011963.539868734,0
3965222.9181475253,0.2574931101913368,"[0.1, 0.1, np.float64(19.0001903303579), np.float64(1.865162450809944), 0.1]",0.30233689703654576,0.2574931101913368,3965222.9181475253,0
4627697.072228295,0.18931124385533993,"[0.1, 0.1, np.float64(18.98975590771781), np.float64(1.5761940560328855), 0.1]",0.3016788078196357,0.18931124385533993,4627697.072228295,0
4560865.803330073,0.19477353889722343,"[0.1, 0.1, np.float64(18.9906554785435), np.float64(1.6011065544484437), 0.1]",0.3017314602688926,0.19477353889722343,4560865.803330073,0
4522235.700366266,0.19804917931866586,"[0.1, 0.1, np.float64(18.991188840092587), np.float64(1.6158773411024305), 0.1]",0.30176304528674414,0.19804917931866586,4522235.700366266,0
4042194.8893462066,0.24764430188288727,"[0.1, 0.1, np.float64(18.9987777256819), np.float64(1.826042116148642), 0.1]",0.30224178911909416,0.24764430188288727,4042194.8893462066,0
3915683.551512016,0.2641773447398636,"[0.1, 0.1, np.float64(19.001133556314386), np.float64(1.8912839239340702), 0.1]",0.30240143914512346,0.2641773447398636,3915683.551512016,0
4180975.6794920955,0.23137750605867985,"[0.1, 0.1, np.float64(18.99638100225444), np.float64(1.7596678331196611), 0.1]",0.30208470294698103,0.23137750605867985,4180975.6794920955,0
4039226.608256481,0.2480125687849014,"[0.1, 0.1, np.float64(18.99883105086859), np.float64(1.8275188910627556), 0.1]",0.30224534550424625,0.2480125687849014,4039226.608256481,0
4187034.8462341726,0.2307071818492904,"[0.1, 0.1, np.float64(18.99781496093579), np.float64(1.7568832044417395), 0.1]",0.3020779001827357,0.2307071818492904,4187034.8462341726,0
4057211.1821735906,0.24579495050188738,"[0.1, 0.1, np.float64(18.99850933165008), np.float64(1.8186092762860482), 0.1]",0.3022239297257969,0.24579495050188738,4057211.1821735906,0
4072301.2762591876,0.24395923456135085,"[0.1, 0.1, np.float64(18.998241906583658), np.float64(1.8112032707184897), 0.1]",0.30220620197879466,0.24395923456135085,4072301.2762591876,0
4612395.741323364,0.19053963174063432,"[0.1, 0.1, np.float64(18.989959336852888), np.float64(1.5818277736464088), 0.1]",0.30169064656679895,0.19053963174063432,4612395.741323364,0
3749724.8659554804,0.2887904215988086,"[0.1, 0.1, np.float64(19.004506838257594), np.float64(1.9847027839785245), 0.1]",0.3026390125690833,0.2887904215988086,3749724.8659554804,0
4200826.15726404,0.22919411226788652,"[0.1, 0.1, np.float64(18.99605291119703), np.float64(1.7505817581665108), 0.1]",0.3020636201579713,0.22919411226788652,4200826.15726404,0
5766079.795045909,0.12437447435527815,"[0.1, 0.1, np.float64(18.977846944075758), np.float64(1.2463900768571918), 0.1]",0.30105592689398075,0.12437447435527815,5766079.795045909,0
3964538.938896169,0.25758349907903827,"[0.1, 0.1, np.float64(19.000203167228836), np.float64(1.8655179520309488), 0.1]",0.30233776986224986,0.25758349907903827,3964538.938896169,0
3973841.663329477,0.2563585816954677,"[0.1, 0.1, np.float64(19.000029012727033), np.float64(1.860694959080994), 0.1]",0.30232594156281983,0.2563585816954677,3973841.663329477,0
4302103.222900457,0.21856169305657272,"[0.1, 0.1, np.float64(18.994432189863424), np.float64(1.7056978907684657), 0.1]",0.30196096830079483,0.21856169305657272,4302103.222900457,0
3988229.105887097,0.25448289778242983,"[0.1, 0.1, np.float64(18.999761518318103), np.float64(1.8532870331587281), 0.1]",0.3023078288791978,0.25448289778242983,3988229.105887097,0
3323675.8857417633,0.3729036841947512,"[0.1, 0.1, np.float64(19.015054185260233), np.float64(2.2767984789333973), 0.1]",0.30344876462652653,0.3729036841947512,3323675.8857417633,0
4065476.2390654352,0.24478670655603804,"[0.1, 0.1, np.float64(18.99836257706848), np.float64(1.8145450901462206), 0.1]",0.3022141929831656,0.24478670655603804,4065476.2390654352,0
3989686.876078154,0.25429410736532215,"[0.1, 0.1, np.float64(18.999734539551344), np.float64(1.852539889671047), 0.1]",0.3023060057908691,0.25429410736532215,3989686.876078154,0
4270933.744771674,0.22174651815514906,"[0.1, 0.1, np.float64(18.994921753527887), np.float64(1.7192557493238247), 0.1]",0.3019917135307025,0.22174651815514906,4270933.744771674,0
4071244.276506702,0.24408708527454395,"[0.1, 0.1, np.float64(18.998260564569488), np.float64(1.811719980497229), 0.1]",0.3022074366494462,0.24408708527454395,4071244.276506702,0
3753966.956058206,0.2881107660355083,"[0.1, 0.1, np.float64(19.00788211384301), np.float64(1.9821792782563454), 0.1]",0.3026315150747615,0.2881107660355083,3753966.956058206,0
4083590.9116000496,0.2426005086755257,"[0.1, 0.1, np.float64(18.99804331420724), np.float64(1.805703501137686), 0.1]",0.3021930806032474,0.2426005086755257,4083590.9116000496,0
3851903.702168677,0.27321285796360373,"[0.1, 0.1, np.float64(19.002389624693304), np.float64(1.926069179976046), 0.1]",0.30248867169429183,0.27321285796360373,3851903.702168677,0
4549282.046254846,0.19574645153182274,"[0.1, 0.1, np.float64(18.990814363835966), np.float64(1.6055066855817992), 0.1]",0.3017408407170653,0.19574645153182274,4549282.046254846,0
3925422.987543959,0.26284085130823426,"[0.1, 0.1, np.float64(19.000945933390554), np.float64(1.886087939738943), 0.1]",0.3023885346976008,0.26284085130823426,3925422.987543959,0
3962294.9803987104,0.25788040803259826,"[0.1, 0.1, np.float64(19.00024531772044), np.float64(1.8666852576230595), 0.1]",0.30234063690855084,0.25788040803259826,3962294.9803987104,0
4717265.965836801,0.1823725496075564,"[0.1, 0.1, np.float64(18.98859409903332), np.float64(1.544019205332064), 0.1]",0.30161195939895824,0.1823725496075564,4717265.965836801,0
3848793.9411434853,0.2736663761337142,"[0.1, 0.1, np.float64(19.00245211332892), np.float64(1.9277997252441776), 0.1]",0.3024930496502266,0.2736663761337142,3848793.9411434853,0
3965638.3422668288,0.2574382367090044,"[0.1, 0.1, np.float64(19.00018253621263), np.float64(1.8649466016226164), 0.1]",0.30233636715913514,0.2574382367090044,3965638.3422668288,0
4689598.260002732,0.18447109639582937,"[0.1, 0.1, np.float64(18.98894779419131), np.float64(1.5538143540977143), 0.1]",0.3016321725680383,0.18447109639582937,4689598.260002732,0
3953560.799201173,0.2590414425207343,"[0.1, 0.1, np.float64(19.000409908484638), np.float64(1.8712433947203873), 0.1]",0.30235184811479315,0.2590414425207343,3953560.799201173,0
3176255.468136307,0.411942384393028,"[0.1, 0.1, np.float64(19.019536655189633), np.float64(2.4009349246969176), 0.1]",0.30382293831154716,0.411942384393028,3176255.468136307,0
4051074.9735346753,0.24654791555565533,"[0.1, 0.1, np.float64(18.99861873111754), np.float64(1.82163895886567), 0.1]",0.3022312012012226,0.24654791555565533,4051074.9735346753,0
3808888.850841193,0.2795978177969496,"[0.1, 0.1, np.float64(19.00326462022401), np.float64(1.9503010960739453), 0.1]",0.3025503026543528,0.2795978177969496,3808888.850841193,0
4244435.262221212,0.2245142671216018,"[0.1, 0.1, np.float64(18.99534433166176), np.float64(1.73095852668141), 0.1]",0.30201843471041345,0.2245142671216018,4244435.262221212,0
3919795.7541840207,0.2636116879654809,"[0.1, 0.1, np.float64(19.001054205518795), np.float64(1.8890864020569345), 0.1]",0.3023959775116078,0.2636116879654809,3919795.7541840207,0
2930679.836357725,0.49426123905734143,"[0.1, 0.1, np.float64(19.037476940977626), np.float64(2.6444914950369904), 0.1]",0.3046033029782033,0.49426123905734143,2930679.836357725,0
4056631.561039217,0.24586591343539332,"[0.1, 0.1, np.float64(18.998519649178714), np.float64(1.818895007446203), 0.1]",0.30222461502380815,0.24586591343539332,4056631.561039217,0
4122288.773508924,0.23803607614172498,"[0.1, 0.1, np.float64(18.99737202948542), np.float64(1.787113103260011), 0.1]",0.3021490018152235,0.23803607614172498,4122288.773508924,0
6330012.2227870785,0.10517574364366869,"[0.1, 0.1, 20, np.float64(1.1328223784291132), 0.1]",0.3007869567686449,0.10517574364366869,6330012.2227870785,0
4536821.55790947,0.19680188167795712,"[0.1, 0.1, np.float64(18.99098627521289), np.float64(1.610267557970016), 0.1]",0.30175101750121613,0.19680188167795712,4536821.55790947,0
4096138.2484534536,0.24110492507949682,"[0.1, 0.1, np.float64(18.997824068464414), np.float64(1.7996317621875912), 0.1]",0.3021786376280459,0.24110492507949682,4096138.2484534536,0
4474132.396579886,0.20225552283569276,"[0.1, 0.1, np.float64(18.991867261293073), np.float64(1.6346653749066302), 0.1]",0.3018036145567974,0.20225552283569276,4474132.396579886,0
5633452.954761725,0.1299301596321445,"[0.1, 0.1, np.float64(18.97897339894453), np.float64(1.2775858474757913), 0.1]",0.30110887867637703,0.1299301596321445,5633452.954761725,0
4067194.282214151,0.2445779765618983,"[0.1, 0.1, np.float64(18.998332157353804), np.float64(1.81370265387315), 0.1]",0.30221217725026495,0.2445779765618983,4067194.282214151,0
4010530.15687505,0.2516197326019768,"[0.1, 0.1, np.float64(18.999351270994804), np.float64(1.8419257423078133), 0.1]",0.302280179889631,0.2516197326019768,4010530.15687505,0
4264905.770629372,0.2223712104970397,"[0.1, 0.1, np.float64(18.99501736265213), np.float64(1.7219035254501833), 0.1]",0.30199774443862243,0.2223712104970397,4264905.770629372,0
3964683.2730803844,0.25756442075904973,"[0.1, 0.1, np.float64(19.000200457948736), np.float64(1.865442921878486), 0.1]",0.3023375856356155,0.25756442075904973,3964683.2730803844,0
3400292.0307115875,0.3549828509756447,"[0.1, 0.1, np.float64(19.01291702421809), np.float64(2.217612454269632), 0.1]",0.30327660855102656,0.3549828509756447,3400292.0307115875,0
4038949.8397932313,0.2480469525456213,"[0.1, 0.1, np.float64(18.998836027609507), np.float64(1.8276567157306374), 0.1]",0.3022456775509674,0.2480469525456213,4038949.8397932313,0
4058890.9067132086,0.2455894918133935,"[0.1, 0.1, np.float64(18.99847945087077), np.float64(1.817781765159725), 0.1]",0.30222194558503246,0.2455894918133935,4058890.9067132086,0
4462966.806556246,0.20325276589054028,"[0.1, 0.1, np.float64(18.992027055377562), np.float64(1.6390906739078892), 0.1]",0.30181323427538,0.20325276589054028,4462966.806556246,0
3969447.8528190386,0.25693593223722605,"[0.1, 0.1, np.float64(19.000111150641484), np.float64(1.8629696667585207), 0.1]",0.30233151671585207,0.25693593223722605,3969447.8528190386,0
2719415.531315771,0.5902954151672154,"[0.1, 0.1, np.float64(19.04906631597799), np.float64(2.903853869842476), 0.1]",0.30550819461126616,0.5902954151672154,2719415.531315771,0
4054366.5399099765,0.24614354236225858,"[0.1, 0.1, np.float64(18.99856000010304), np.float64(1.8200124762543424), 0.1]",0.30222729612088267,0.24614354236225858,4054366.5399099765,0
3886262.3693500226,0.2682833067319816,"[0.1, 0.1, np.float64(19.001706991080834), np.float64(1.9071644886461696), 0.1]",0.3024410819674057,0.2682833067319816,3886262.3693500226,0
4500441.49884503,0.19993708571592897,"[0.1, 0.1, np.float64(18.9914942215878), np.float64(1.6243345028938698), 0.1]",0.3017812524047793,0.19993708571592897,4500441.49884503,0
4136248.2977170576,0.2364240099580111,"[0.1, 0.1, np.float64(18.99713339488431), np.float64(1.780504413924862), 0.1]",0.3021334343799512,0.2364240099580111,4136248.2977170576,0
6063799.62242567,0.11349535830653515,"[0.1, 0.1, np.float64(19.42065165748295), np.float64(1.1832190191173069), 0.1]",0.3009096907384993,0.11349535830653515,6063799.62242567,0
3823299.502855457,0.27743162164061663,"[0.1, 0.1, np.float64(19.00296890650118), np.float64(1.9421116712493423), 0.1]",0.3025293946731225,0.27743162164061663,3823299.502855457,0
5368393.942915088,0.14230860846110854,"[0.1, 0.1, np.float64(18.98139892170306), np.float64(1.3447576922634679), 0.1]",0.3012271579271541,0.14230860846110854,5368393.942915088,0
3912548.239764599,0.2646099671048059,"[0.1, 0.1, np.float64(19.001194187055063), np.float64(1.8929630171058411), 0.1]",0.3024056162415459,0.2646099671048059,3912548.239764599,0
4089390.826144898,0.24190730002509922,"[0.1, 0.1, np.float64(18.9979417780464), np.float64(1.802891583083347), 0.1]",0.3021863862209381,0.24190730002509922,4089390.826144898,0
4142046.923946132,0.23575963132899186,"[0.1, 0.1, np.float64(18.997034807850618), np.float64(1.7777741682892965), 0.1]",0.3021270186604406,0.23575963132899186,4142046.923946132,0
3929220.543863092,0.26232274191460886,"[0.1, 0.1, np.float64(19.00087306935245), np.float64(1.8840700605659364), 0.1]",0.30238353203539003,0.26232274191460886,3929220.543863092,0
3637310.5084740557,0.3076933149576408,"[0.1, 0.1, np.float64(19.006999958796214), np.float64(2.053746665454283), 0.1]",0.3028213266587774,0.3076933149576408,3637310.5084740557,0
4056757.348220655,0.24585051047196865,"[0.1, 0.1, np.float64(18.99851740982016), np.float64(1.8188329911882852), 0.1]",0.30222446627544935,0.24585051047196865,4056757.348220655,0
4122414.1339511084,0.23802151920142034,"[0.1, 0.1, np.float64(18.99736987827307), np.float64(1.7870535281018687), 0.1]",0.30214886124053003,0.23802151920142034,4122414.1339511084,0
4435682.66842944,0.20572369479987335,"[0.1, 0.1, np.float64(18.992421291068798), np.float64(1.6500085424656923), 0.1]",0.30183707196039344,0.20572369479987335,4435682.66842944,0
4020710.111659172,0.2503303012468055,"[0.1, 0.1, np.float64(18.999165746008206), np.float64(1.8367878578825785), 0.1]",0.30226772792633966,0.2503303012468055,4020710.111659172,0
4625517.2365706,0.18948544853513935,"[0.1, 0.1, np.float64(18.98977677879296), np.float64(1.5769941241748433), 0.1]",0.30168048806582104,0.18948544853513935,4625517.2365706,0
4049204.303963819,0.24677821592936217,"[0.1, 0.1, np.float64(18.998652158129968), np.float64(1.8225646785204062), 0.1]",0.3022334252382814,0.24677821592936217,4049204.303963819,0
3994769.8945736825,0.2536376208621293,"[0.1, 0.1, np.float64(18.999640646689063), np.float64(1.8499396432912998), 0.1]",0.30229966628662036,0.2536376208621293,3994769.8945736825,0
4228969.561587165,0.22615589315593904,"[0.1, 0.1, np.float64(18.995593732909196), np.float64(1.7378653849345056), 0.1]",0.30203428462982146,0.22615589315593904,4228969.561587165,0
3820092.47841643,0.2779113020580453,"[0.1, 0.1, np.float64(19.003034489306287), np.float64(1.9439279057043461), 0.1]",0.3025340246339616,0.2779113020580453,3820092.47841643,0
3904481.448046104,0.26572842582055306,"[0.1, 0.1, np.float64(19.001350704157765), np.float64(1.897297564160718), 0.1]",0.3024164151292744,0.26572842582055306,3904481.448046104,0
4790114.37435459,0.17702915482488,"[0.1, 0.1, np.float64(18.987684129545645), np.float64(1.518818728868691), 0.1]",0.3015605115124682,0.17702915482488,4790114.37435459,0
4273263.408338978,0.22150585914883816,"[0.1, 0.1, np.float64(18.994884884425986), np.float64(1.7182347052698348), 0.1]",0.3019893901875363,0.22150585914883816,4273263.408338978,0
4002774.893252328,0.2526093809196981,"[0.1, 0.1, np.float64(18.999493337525465), np.float64(1.8458600986907199), 0.1]",0.30228973679088583,0.2526093809196981,4002774.893252328,0
4395932.607648934,0.2094124541898632,"[0.1, 0.1, np.float64(18.99300541283562), np.float64(1.6661850703995955), 0.1]",0.3018726641015884,0.2094124541898632,4395932.607648934,0
4279309.761142797,0.22088324903472,"[0.1, 0.1, np.float64(18.99478940630178), np.float64(1.7155905570271397), 0.1]",0.30198337952946536,0.22088324903472,4279309.761142797,0
3944560.5873285774,0.2602468556767591,"[0.1, 0.1, np.float64(19.000580396879112), np.float64(1.8759648593743337), 0.1]",0.30236348765772797,0.2602468556767591,3944560.5873285774,0
4048632.717424503,0.24684865507101775,"[0.1, 0.1, np.float64(18.998662378894206), np.float64(1.8228477299107062), 0.1]",0.30223410547692947,0.24684865507101775,4048632.717424503,0
3786159.211498806,0.2830716333809883,"[0.1, 0.1, np.float64(19.00373643549972), np.float64(1.9633674350135606), 0.1]",0.3025838287283878,0.2830716333809883,3786159.211498806,0
4366683.4868524065,0.21219631066670674,"[0.1, 0.1, np.float64(18.99344281249826), np.float64(1.6782983116156467), 0.1]",0.30189952912165574,0.21219631066670674,4366683.4868524065,0
3984830.9264016096,0.2549238785027074,"[0.1, 0.1, np.float64(18.999824496565694), np.float64(1.855031137623282), 0.1]",0.3023120872749636,0.2549238785027074,3984830.9264016096,0
4482671.809691791,0.2014982994276453,"[0.1, 0.1, np.float64(18.99220329334915), np.float64(1.6312978789306491), 0.1]",0.3017962252227146,0.2014982994276453,4482671.809691791,0
4070065.627768026,0.24422977989676667,"[0.1, 0.1, np.float64(18.998281382987837), np.float64(1.8122965207755182), 0.1]",0.30220881466977395,0.24422977989676667,4070065.627768026,0
4178300.4763143132,0.2316743625096327,"[0.1, 0.1, np.float64(18.996425488995296), np.float64(1.7608998382374885), 0.1]",0.3020875694425822,0.2316743625096327,4178300.4763143132,0
4259063.34538268,0.22297942777550775,"[0.1, 0.1, np.float64(18.995110320152353), np.float64(1.7244778681377229), 0.1]",0.3020036163920191,0.22297942777550775,4259063.34538268,0
3845791.8449459085,0.27410536966995896,"[0.1, 0.1, np.float64(19.002512550877096), np.float64(1.9294734681894459), 0.1]",0.3024972873451591,0.27410536966995896,3845791.8449459085,0
7114770.470907207,0.08478935542776274,"[0.1, 0.1, np.float64(19.893621646205315), 1, 0.1]",0.300620579399547,0.08478935542776274,7114770.470907207,0
4009224.097414391,0.2517859523770174,"[0.1, 0.1, np.float64(18.999375151948986), np.float64(1.8425870957179566), 0.1]",0.30228178505659015,0.2517859523770174,4009224.097414391,0
4286343.518050743,0.2201625592856494,"[0.1, 0.1, np.float64(18.994678717813887), np.float64(1.7125251766250358), 0.1]",0.3019764221515981,0.2201625592856494,4286343.518050743,0
4061680.017967479,0.24524895837246913,"[0.1, 0.1, np.float64(18.998429897763252), np.float64(1.8164094533001827), 0.1]",0.302218657009494,0.24524895837246913,4061680.017967479,0
3991640.9307170575,0.2540414056539659,"[0.1, 0.1, np.float64(18.99969841182214), np.float64(1.8515393770145203), 0.1]",0.3023035655265813,0.2540414056539659,3991640.9307170575,0
4019691.4449432557,0.25045884033548943,"[0.1, 0.1, np.float64(18.99918426198578), np.float64(1.837300634918905), 0.1]",0.30226896922524327,0.25045884033548943,4019691.4449432557,0
3843760.5741739506,0.2744030583649748,"[0.1, 0.1, np.float64(19.002553506758563), np.float64(1.9306076905351492), 0.1]",0.30250016096703103,0.2744030583649748,3843760.5741739506,0
3600489.52931245,0.3143331485780866,"[0.1, 0.1, np.float64(19.00785723676625), np.float64(2.077487915681911), 0.1]",0.3028853280148038,0.3143331485780866,3600489.52931245,0
4045496.420133723,0.24723574292003847,"[0.1, 0.1, np.float64(18.998718519332666), np.float64(1.82440246973132), 0.1]",0.30223784362556944,0.24723574292003847,4045496.420133723,0
3861593.1502934927,0.2718076809968215,"[0.1, 0.1, np.float64(19.002195677115274), np.float64(1.9206980423264277), 0.1]",0.30247510674554345,0.2718076809968215,3861593.1502934927,0
4130139.7919139024,0.23712721953775256,"[0.1, 0.1, np.float64(18.997237591847128), np.float64(1.7833900195902614), 0.1]",0.30214022512293054,0.23712721953775256,4130139.7919139024,0
4188206.7077807924,0.230578219676095,"[0.1, 0.1, np.float64(18.99626107826776), np.float64(1.7563466870320352), 0.1]",0.302076984970469,0.230578219676095,4188206.7077807924,0
6477303.079522344,0.10016312203282747,"[0.1, 0.1, np.float64(18.968526416321232), np.float64(1.1014253833261813), 0.1]",0.30082680203817386,0.10016312203282747,6477303.079522344,0
4077226.8778981133,0.24336489887002732,"[0.1, 0.1, np.float64(18.998155106909458), np.float64(1.808799461385921), 0.1]",0.30220046240552495,0.24336489887002732,4077226.8778981133,0
4294165.580605878,0.21936560695667548,"[0.1, 0.1, np.float64(18.994556103329373), np.float64(1.7091295205367416), 0.1]",0.301968728729943,0.21936560695667548,4294165.580605878,0
4380517.172214677,0.21087216423044292,"[0.1, 0.1, np.float64(18.993235125872683), np.float64(1.6725466880827478), 0.1]",0.3018867503100731,0.21087216423044292,4380517.172214677,0
3972519.466007826,0.25653209517363346,"[0.1, 0.1, np.float64(19.00005370777131), np.float64(1.8613788577068684), 0.1]",0.30232761708994865,0.25653209517363346,3972519.466007826,0
3951941.0855819522,0.25925769544726124,"[0.1, 0.1, np.float64(19.000440523794143), np.float64(1.8720912477496165), 0.1]",0.30235393628118645,0.25925769544726124,3951941.0855819522,0
3432114.971137023,0.34795578309901587,"[0.1, 0.1, np.float64(19.012064145271566), np.float64(2.193993029542649), 0.1]",0.30320904196647197,0.34795578309901587,3432114.971137023,0
4185290.53448385,0.23090001561291804,"[0.1, 0.1, np.float64(18.996309385338478), np.float64(1.7576844914477068), 0.1]",0.3020800922471637,0.23090001561291804,4185290.53448385,0
4029625.48739923,0.24920993364227426,"[0.1, 0.1, np.float64(18.99900415408693), np.float64(1.8323127700209672), 0.1]",0.30225690852709686,0.24920993364227426,4029625.48739923,0
4176949.4178439374,0.23182452125724667,"[0.1, 0.1, np.float64(18.99644798074568), np.float64(1.761522719371192), 0.1]",0.30208901940553257,0.23182452125724667,4176949.4178439374,0
4146559.979385106,0.23524466252894216,"[0.1, 0.1, np.float64(18.99695829522292), np.float64(1.7756552459523942), 0.1]",0.30212204577988344,0.23524466252894216,4146559.979385106,0
3494266.7748117223,0.3348791958287323,"[0.1, 0.1, np.float64(19.01045351634124), np.float64(2.1493886587374256), 0.1]",0.30308322242561153,0.3348791958287323,3494266.7748117223,0
4036230.620080397,0.248385185781811,"[0.1, 0.1, np.float64(18.998884965287566), np.float64(1.829011984034496), 0.1]",0.3022489438942182,0.248385185781811,4036230.620080397,0
4038563.9258433552,0.24809490883628135,"[0.1, 0.1, np.float64(18.998842968270885), np.float64(1.8278489287401092), 0.1]",0.30224614066862926,0.24809490883628135,4038563.9258433552,0
4556804.02955378,0.19511378501884646,"[0.1, 0.1, np.float64(18.990711089184042), np.float64(1.602646622172725), 0.1]",0.30173474071575485,0.19511378501884646,4556804.02955378,0
3919224.4803968174,0.2636901507244377,"[0.1, 0.1, np.float64(19.001065217470828), np.float64(1.88939136441205), 0.1]",0.3023967351030763,0.2636901507244377,3919224.4803968174,0
4550471.908839328,0.19564620828254806,"[0.1, 0.1, np.float64(18.991030603054874), np.float64(1.6050538632158529), 0.1]",0.301739832167699,0.19564620828254806,4550471.908839328,0
4077109.4189115907,0.24337904411017144,"[0.1, 0.1, np.float64(18.99815717399121), np.float64(1.8088567066515604), 0.1]",0.30220059900780344,0.24337904411017144,4077109.4189115907,0
4331076.942594964,0.21566778621068977,"[0.1, 0.1, np.float64(18.99398421485951), np.float64(1.6932917785908), 0.1]",0.30193303426976875,0.21566778621068977,4331076.942594964,0
4147537.953213711,0.23513331246299182,"[0.1, 0.1, np.float64(18.996941740029804), np.float64(1.7751967704099658), 0.1]",0.302120970513331,0.23513331246299182,4147537.953213711,0
3871197.5669126688,0.27042653566399927,"[0.1, 0.1, np.float64(19.002004552436407), np.float64(1.9154050813683297), 0.1]",0.3024617733229579,0.27042653566399927,3871197.5669126688,0
2457113.7746051964,1.012168933705057,"[0.1, 0.1, np.float64(17.20103448237513), np.float64(3.4699954459654396), np.float64(0.15866586409364106)]",0.3680552090551742,1.012168933705057,2457113.7746051964,0
3849759.2110148673,0.27352547153171747,"[0.1, 0.1, np.float64(19.00243270419478), np.float64(1.9272622133444455), 0.1]",0.3024916894586374,0.27352547153171747,3849759.2110148673,0
4291125.999226019,0.21967473365300189,"[0.1, 0.1, np.float64(18.994603690416476), np.float64(1.7104473858989544), 0.1]",0.30197171287830554,0.21967473365300189,4291125.999226019,0
3809286.0702153635,0.27953773517291475,"[0.1, 0.1, np.float64(19.003256433804296), np.float64(1.9500743833323708), 0.1]",0.302549722759466,0.27953773517291475,3809286.0702153635,0
4049515.0098861856,0.24673994010250855,"[0.1, 0.1, np.float64(18.99864660366567), np.float64(1.8224108545200108), 0.1]",0.30223305560431096,0.24673994010250855,4049515.0098861856,0
4046520.257029169,0.24710926952069628,"[0.1, 0.1, np.float64(18.998700181423146), np.float64(1.8238946240688938), 0.1]",0.302236622258835,0.24710926952069628,4046520.257029169,0
4178516.323756462,0.2316503876532748,"[0.1, 0.1, np.float64(18.996421897204964), np.float64(1.7608003680585946), 0.1]",0.3020873379368708,0.2316503876532748,4178516.323756462,0
3551837.070174265,0.3234770616350834,"[0.1, 0.1, np.float64(19.00902297599059), np.float64(2.1097716178095203), 0.1]",0.30297342904826347,0.3234770616350834,3551837.070174265,0
4047996.4524956257,0.24692710364081263,"[0.1, 0.1, np.float64(18.998673760098978), np.float64(1.8231629182624995), 0.1]",0.30223486306339953,0.24692710364081263,4047996.4524956257,0
3975337.892923439,0.25616246223116157,"[0.1, 0.1, np.float64(19.00000109015888), np.float64(1.8599216781841665), 0.1]",0.30232404773769883,0.25616246223116157,3975337.892923439,0
4340421.78711151,0.21474776486009126,"[0.1, 0.1, np.float64(18.993841161549494), np.float64(1.6893300945773773), 0.1]",0.30192415418528334,0.21474776486009126,4340421.78711151,0
3950712.382665122,0.2594219413430675,"[0.1, 0.1, np.float64(19.000463767762596), np.float64(1.8727349606298693), 0.1]",0.3023555222566332,0.2594219413430675,3950712.382665122,0
3138627.812416089,0.422973514175053,"[0.1, 0.1, np.float64(19.02811260972484), np.float64(2.4349240945419535), 0.1]",0.3039255004034239,0.422973514175053,3138627.812416089,0
4071270.5629281704,0.24408390443487382,"[0.1, 0.1, np.float64(18.998260100431203), np.float64(1.8117071267630613), 0.1]",0.30220740593167,0.24408390443487382,4071270.5629281704,0
4048861.053657303,0.24682051222731316,"[0.1, 0.1, np.float64(18.9986582955263), np.float64(1.8227346461005662), 0.1]",0.30223383369836054,0.24682051222731316,4048861.053657303,0
4223526.733316969,0.2267383099539584,"[0.1, 0.1, np.float64(18.99568199594689), np.float64(1.740309720304156), 0.1]",0.3020399080131863,0.2267383099539584,4223526.733316969,0
4092869.7675002413,0.24149305292818218,"[0.1, 0.1, np.float64(18.99788103203631), np.float64(1.8012092976679215), 0.1]",0.3021823858039239,0.24149305292818218,4092869.7675002413,0
4035934.1698684366,0.24842210584945595,"[0.1, 0.1, np.float64(18.998890305074667), np.float64(1.8291598628161496), 0.1]",0.3022493004337878,0.24842210584945595,4035934.1698684366,0
5519791.4211122515,0.13501682171526605,"[0.1, 0.1, np.float64(18.979983638576865), np.float64(1.3055631812455473), 0.1]",0.30115743643603243,0.13501682171526605,5519791.4211122515,0
3997717.503825959,0.25325820286982725,"[0.1, 0.1, np.float64(18.99958632513078), np.float64(1.848435275101486), 0.1]",0.3022960023373735,0.25325820286982725,3997717.503825959,0
4060488.044039549,0.2453943962234936,"[0.1, 0.1, np.float64(18.998451065562165), np.float64(1.816995669239932), 0.1]",0.3022200615217368,0.2453943962234936,4060488.044039549,0
4945468.779977961,0.16644910829333887,"[0.1, 0.1, np.float64(18.985840550091538), np.float64(1.4677630822005985), 0.1]",0.3014587388051061,0.16644910829333887,4945468.779977961,0
3644532.9246567986,0.3064180852272839,"[0.1, 0.1, np.float64(19.006834245453096), np.float64(2.04915743992584), 0.1]",0.30280903227121064,0.3064180852272839,3644532.9246567986,0
3196538.7335713664,0.40617530895448584,"[0.1, 0.1, np.float64(19.018888447044944), np.float64(2.3829836040045276), 0.1]",0.3037677406549407,0.40617530895448584,3196538.7335713664,0
4049846.6100016823,0.2466991010708372,"[0.1, 0.1, np.float64(18.99864067675777), np.float64(1.8222467161559999), 0.1]",0.3022326612171518,0.2466991010708372,4049846.6100016823,0
3788511.1162646874,0.28270889679663636,"[0.1, 0.1, np.float64(19.00368730569489), np.float64(1.962006845996963), 0.1]",0.30258032810608887,0.28270889679663636,3788511.1162646874,0
4399108.9354588175,0.20911373455983503,"[0.1, 0.1, np.float64(18.992958304177076), np.float64(1.6648804545230826), 0.1]",0.3018697815729157,0.20911373455983503,4399108.9354588175,0
4033950.5506752064,0.2486693788483954,"[0.1, 0.1, np.float64(18.998926058100118), np.float64(1.8301499985167742), 0.1]",0.3022516883644315,0.2486693788483954,4033950.5506752064,0
3955945.3133661444,0.25872208952210557,"[0.1, 0.1, np.float64(19.002869090138937), np.float64(1.869991197984202), 0.1]",0.30234815709802176,0.25872208952210557,3955945.3133661444,0
4057196.777520223,0.24579671365422004,"[0.1, 0.1, np.float64(18.99850958801867), np.float64(1.818616376096172), 0.1]",0.30222394675278225,0.24579671365422004,4057196.777520223,0
4060222.1983611113,0.24542685250058938,"[0.1, 0.1, np.float64(18.998455788557173), np.float64(1.8171264667294518), 0.1]",0.30222037495621107,0.24542685250058938,4060222.1983611113,0
4299975.690296169,0.21877669331586813,"[0.1, 0.1, np.float64(18.994465352010163), np.float64(1.7066162752963803), 0.1]",0.30196304374496663,0.21877669331586813,4299975.690296169,0
3782728.482140206,0.28360213523621997,"[0.1, 0.1, np.float64(19.003808230561027), np.float64(1.9653557101998884), 0.1]",0.3025889483078225,0.28360213523621997,3782728.482140206,0
2362282.8682936123,1.106152440300916,"[0.1, 0.1, np.float64(16.605295907660413), np.float64(3.800470590058703), np.float64(0.12928471851415063)]",0.34116857107848625,1.106152440300916,2362282.8682936123,0
3995514.285815958,0.2535417142999865,"[0.1, 0.1, np.float64(18.999626919550863), np.float64(1.84955948722257), 0.1]",0.30229874014093044,0.2535417142999865,3995514.285815958,0
3613035.0842105555,0.31204445629785527,"[0.1, 0.1, np.float64(19.007562783491373), np.float64(2.0693333974001815), 0.1]",0.3028632697753908,0.31204445629785527,3613035.0842105555,0
3927680.2304212046,0.26253268784344513,"[0.1, 0.1, np.float64(19.000902603734477), np.float64(1.8848879786490975), 0.1]",0.3023855591967634,0.26253268784344513,3927680.2304212046,0
3940482.6216128776,0.2607960628694273,"[0.1, 0.1, np.float64(19.000657942139643), np.float64(1.8781123791969028), 0.1]",0.30236879076635714,0.2607960628694273,3940482.6216128776,0
4280593.797392182,0.2207513968439686,"[0.1, 0.1, np.float64(18.994769169169643), np.float64(1.71503011474956), 0.1]",0.30198210664667735,0.2207513968439686,4280593.797392182,0
4334632.370619463,0.2153169877690121,"[0.1, 0.1, np.float64(18.993929705902232), np.float64(1.6917822206183706), 0.1]",0.3019296483122459,0.2153169877690121,4334632.370619463,0
3215688.3600610644,0.40085330383386114,"[0.1, 0.1, np.float64(19.018286116080873), np.float64(2.3663027949347866), 0.1]",0.30371677817324466,0.40085330383386114,3215688.3600610644,0
4055716.007403323,0.24597807306489078,"[0.1, 0.1, np.float64(18.998535953362403), np.float64(1.8193465315939794), 0.1]",0.3022256981634076,0.24597807306489078,4055716.007403323,0
3843307.400742452,0.2744695448847327,"[0.1, 0.1, np.float64(19.002562650879337), np.float64(1.9308609256199238), 0.1]",0.302500802765599,0.2744695448847327,3843307.400742452,0
4552491.518107758,0.19547609732596297,"[0.1, 0.1, np.float64(18.99077025262816), np.float64(1.6042850803860287), 0.1]",0.30173823400023453,0.19547609732596297,4552491.518107758,0
4106122.954729988,0.23992556935753998,"[0.1, 0.1, np.float64(18.997650695805167), np.float64(1.7948304213975188), 0.1]",0.3021672485522786,0.23992556935753998,4106122.954729988,0
2937027.0891953106,0.4917920380938133,"[0.1, 0.1, np.float64(19.03716451230167), np.float64(2.6374995525593774), 0.1]",0.30457990948249863,0.4917920380938133,2937027.0891953106,0
4048129.3911942746,0.24691070952271174,"[0.1, 0.1, np.float64(18.99867138181496), np.float64(1.82309705463601), 0.1]",0.3022347047436078,0.24691070952271174,4048129.3911942746,0
4255459.315534022,0.22335597948530272,"[0.1, 0.1, np.float64(18.99516780670146), np.float64(1.726069886823231), 0.1]",0.3020072518084634,0.22335597948530272,4255459.315534022,0
4394686.90404098,0.2095297975532937,"[0.1, 0.1, np.float64(18.993023908834708), np.float64(1.6666972941566351), 0.1]",0.3018737964306287,0.2095297975532937,4394686.90404098,0
3911153.13816569,0.2648028432919017,"[0.1, 0.1, np.float64(19.00122120194841), np.float64(1.8937111610747395), 0.1]",0.3024074785069454,0.2648028432919017,3911153.13816569,0
3937451.6780601144,0.2612054960196929,"[0.1, 0.1, np.float64(19.0007156983879), np.float64(1.8797118668660877), 0.1]",0.3023727441964529,0.2612054960196929,3937451.6780601144,0
3851011.6775729596,0.2733428215257547,"[0.1, 0.1, np.float64(19.002407537255717), np.float64(1.9265652461778369), 0.1]",0.3024899262794533,0.2733428215257547,3851011.6775729596,0
4181331.635288612,0.23133805407261793,"[0.1, 0.1, np.float64(18.99637508783425), np.float64(1.759504040587168), 0.1]",0.3020843219929861,0.23133805407261793,4181331.635288612,0
4002233.191516449,0.2526787462242852,"[0.1, 0.1, np.float64(18.99950328454586), np.float64(1.8461355690847854), 0.1]",0.30229040663963225,0.2526787462242852,4002233.191516449,0
4548480.766985599,0.19581404353886697,"[0.1, 0.1, np.float64(18.99082538739925), np.float64(1.605811969496057), 0.1]",0.30174149243744297,0.19581404353886697,4548480.766985599,0
4215593.285530921,0.22759164955740768,"[0.1, 0.1, np.float64(18.995811109956033), np.float64(1.743885372666753), 0.1]",0.3020481473519881,0.22759164955740768,4215593.285530921,0
3801979.750169622,0.2806462874745972,"[0.1, 0.1, np.float64(19.003407334276428), np.float64(1.9542533847690473), 0.1]",0.3025604219139379,0.2806462874745972,3801979.750169622,0
4063558.8958429256,0.24501999547346637,"[0.1, 0.1, np.float64(18.99839656044121), np.float64(1.815486217509572), 0.1]",0.3022164458848381,0.24501999547346637,4063558.8958429256,0
3928205.0970876487,0.26246111708378317,"[0.1, 0.1, np.float64(19.000892536776686), np.float64(1.8846091867376311), 0.1]",0.3023848681364099,0.26246111708378317,3928205.0970876487,0
4319107.326471273,0.21685567381214693,"[0.1, 0.1, np.float64(18.994168463841675), np.float64(1.6983943256556586), 0.1]",0.30194450025660036,0.21685567381214693,4319107.326471273,0
4024438.892951721,0.2498607126966407,"[0.1, 0.1, np.float64(18.99909806123703), np.float64(1.8349134120841137), 0.1]",0.302263193113405,0.2498607126966407,4024438.892951721,0
3850276.1639566505,0.27344743124511756,"[0.1, 0.1, np.float64(19.00541491979952), np.float64(1.9269651440855644), 0.1]",0.302490167403026,0.27344743124511756,3850276.1639566505,0
4058862.715553471,0.2455929377426061,"[0.1, 0.1, np.float64(18.99847995213174), np.float64(1.8177956469605567), 0.1]",0.3022219788628133,0.2455929377426061,4058862.715553471,0
4325473.968813015,0.2162225075831446,"[0.1, 0.1, np.float64(18.994070319251666), np.float64(1.6956763329493219), 0.1]",0.30193838861061206,0.2162225075831446,4325473.968813015,0
4518713.034632952,0.19835235183671981,"[0.1, 0.1, np.float64(18.991237978930865), np.float64(1.617238180289113), 0.1]",0.3017659689549211,0.19835235183671981,4518713.034632952,0
4073570.554303497,0.24380585261152182,"[0.1, 0.1, np.float64(18.998219516165275), np.float64(1.8105831958487322), 0.1]",0.30220472074993526,0.24380585261152182,4073570.554303497,0
4012046.08764061,0.251427028757728,"[0.1, 0.1, np.float64(18.999323575079003), np.float64(1.8411587382668042), 0.1]",0.3022783189664663,0.251427028757728,4012046.08764061,0
4066810.074572971,0.244624629689279,"[0.1, 0.1, np.float64(18.998338957584394), np.float64(1.8138909778261012), 0.1]",0.3022126277856209,0.244624629689279,4066810.074572971,0
3949762.679860034,0.25954900934070374,"[0.1, 0.1, np.float64(19.00048174524298), np.float64(1.8732328246542669), 0.1]",0.30235674923586014,0.25954900934070374,3949762.679860034,0
4028466.4838493015,0.24935511597873652,"[0.1, 0.1, np.float64(18.999025114555522), np.float64(1.8328932442045045), 0.1]",0.30225831055752134,0.24935511597873652,4028466.4838493015,0
4171753.025321975,0.23240354548837636,"[0.1, 0.1, np.float64(18.996534641990774), np.float64(1.7639226950812017), 0.1]",0.3020946106097115,0.23240354548837636,4171753.025321975,0
3597673.1575658447,0.31485075678711394,"[0.1, 0.1, np.float64(19.007923679619374), np.float64(2.0793279681000048), 0.1]",0.3028903163140477,0.31485075678711394,3597673.1575658447,0
3723910.895069456,0.29295851189994154,"[0.1, 0.1, np.float64(19.005063495475856), np.float64(2.0001187153002853), 0.1]",0.3026792254499887,0.29295851189994154,3723910.895069456,0
4049989.5578883947,0.24668149939287431,"[0.1, 0.1, np.float64(18.998638122099717), np.float64(1.822175968069365), 0.1]",0.30223249123574236,0.24668149939287431,4049989.5578883947,0
3940085.9013141124,0.26084959355646764,"[0.1, 0.1, np.float64(19.000665495988706), np.float64(1.8783215736789252), 0.1]",0.3023693076527478,0.26084959355646764,3940085.9013141124,0
4321964.709518121,0.21657113080751406,"[0.1, 0.1, np.float64(18.994124375868523), np.float64(1.6971733639148683), 0.1]",0.30194175368411436,0.21657113080751406,4321964.709518121,0
3931534.091654457,0.26200792180850396,"[0.1, 0.1, np.float64(19.000828759301815), np.float64(1.8828429486645992), 0.1]",0.30238049223365004,0.26200792180850396,3931534.091654457,0
4510382.200032801,0.19907243053752144,"[0.1, 0.1, np.float64(18.99171929046444), np.float64(1.6204662216940406), 0.1]",0.30177284621053746,0.19907243053752144,4510382.200032801,0
4065634.2129895175,0.24476750164831218,"[0.1, 0.1, np.float64(18.998359778746966), np.float64(1.8144675941021617), 0.1]",0.3022140075188528,0.24476750164831218,4065634.2129895175,0
4273034.039516873,0.22152953444034468,"[0.1, 0.1, np.float64(18.994888512390677), np.float64(1.718335177252675), 0.1]",0.3019896187501725,0.22152953444034468,4273034.039516873,0
4591401.823556538,0.1922462892202424,"[0.1, 0.1, np.float64(18.99024087584736), np.float64(1.589624646948016), 0.1]",0.3017070966628665,0.1922462892202424,4591401.823556538,0
3975068.5796490954,0.25619774448236726,"[0.1, 0.1, np.float64(19.000006114276005), np.float64(1.8600608148773075), 0.1]",0.30232438844062365,0.25619774448236726,3975068.5796490954,0
4131800.105807432,0.23693574558256303,"[0.1, 0.1, np.float64(18.997209235965304), np.float64(1.7826047386086654), 0.1]",0.30213837609607064,0.23693574558256303,4131800.105807432,0
4687573.222183034,0.18462623524186336,"[0.1, 0.1, np.float64(18.988973860995518), np.float64(1.5545362419135629), 0.1]",0.3016336670252926,0.18462623524186336,4687573.222183034,0
3868679.153169352,0.2707875724668245,"[0.1, 0.1, np.float64(19.002054560668565), np.float64(1.9167899973401836), 0.1]",0.3024652587751705,0.2707875724668245,3868679.153169352,0
3936000.211172405,0.2614019408747247,"[0.1, 0.1, np.float64(19.000743393444242), np.float64(1.880478847105459), 0.1]",0.30237464103175204,0.2614019408747247,3936000.211172405,0
4342099.882907501,0.214583232243775,"[0.1, 0.1, np.float64(18.99381554594829), np.float64(1.688620702269195), 0.1]",0.3019225661423762,0.214583232243775,4342099.882907501,0
3649997.4788908605,0.3054590242056113,"[0.1, 0.1, np.float64(19.006709387822326), np.float64(2.045699662683721), 0.1]",0.30279978553825954,0.3054590242056113,3649997.4788908605,0
3676452.3767223493,0.30088535125736005,"[0.1, 0.1, np.float64(19.00611121003363), np.float64(2.0291338706555657), 0.1]",0.3027556829536339,0.30088535125736005,3676452.3767223493,0
4049219.0558046675,0.24677639843140878,"[0.1, 0.1, np.float64(18.998651894390374), np.float64(1.8225573745793973), 0.1]",0.30223340768649964,0.24677639843140878,4049219.0558046675,0
4013351.9619276947,0.2512612213580933,"[0.1, 0.1, np.float64(18.999299736215132), np.float64(1.8404985504955969), 0.1]",0.30227671777782805,0.2512612213580933,4013351.9619276947,0
4477925.0959188985,0.20191859843569254,"[0.1, 0.1, np.float64(18.991813184143954), np.float64(1.633167775325398), 0.1]",0.3018003646057303,0.20191859843569254,4477925.0959188985,0
4016851.056946036,0.2508178238940938,"[0.1, 0.1, np.float64(18.99923594795902), np.float64(1.838732013849387), 0.1]",0.30227243591590747,0.2508178238940938,4016851.056946036,0
5499508.252277073,0.13595690367019572,"[0.1, 0.1, np.float64(18.977876549954985), np.float64(1.310675050708868), 0.1]",0.30116669697024545,0.13595690367019572,5499508.252277073,0
4061654.4579169154,0.24525207557953496,"[0.1, 0.1, np.float64(18.998430351524597), np.float64(1.8164220196578218), 0.1]",0.30221868711276906,0.24525207557953496,4061654.4579169154,0
4255036.054560591,0.22340027040816474,"[0.1, 0.1, np.float64(18.995174565193246), np.float64(1.7262570548717329), 0.1]",0.3020076794172931,0.22340027040816474,4255036.054560591,0
4421899.203352211,0.2069906784625402,"[0.1, 0.1, np.float64(18.99262251148557), np.float64(1.655581092364876), 0.1]",0.30184929610291045,0.2069906784625402,4421899.203352211,0
3944230.332252389,0.26029126258006746,"[0.1, 0.1, np.float64(19.000586669976112), np.float64(1.8761385850162071), 0.1]",0.3023639164495315,0.26029126258006746,3944230.332252389,0
3919820.235350825,0.26360832640780424,"[0.1, 0.1, np.float64(19.001053733699898), np.float64(1.8890733356177083), 0.1]",0.3023959450543078,0.26360832640780424,3919820.235350825,0
6840989.491958853,0.09056531607552294,"[0.1, 0.1, np.float64(18.970361834241988), np.float64(1.0390992426635062), 0.1]",0.30073623071403444,0.09056531607552294,6840989.491958853,0
4390116.36917672,0.2099612567376565,"[0.1, 0.1, np.float64(18.993091871785367), np.float64(1.6685794437909978), 0.1]",0.3018779599383039,0.2099612567376565,4390116.36917672,0
3964530.8930265303,0.25758456266310653,"[0.1, 0.1, np.float64(19.00020331826364), np.float64(1.8655221347524709), 0.1]",0.3023377801325718,0.25758456266310653,3964530.8930265303,0
4190672.592258367,0.23030668548059244,"[0.1, 0.1, np.float64(18.996220289872458), np.float64(1.755217103007977), 0.1]",0.3020743630363649,0.23030668548059244,4190672.592258367,0
4010106.024882005,0.25167369133330686,"[0.1, 0.1, np.float64(18.99935902417012), np.float64(1.8421404568830337), 0.1]",0.3022807009636541,0.25167369133330686,4010106.024882005,0
3421233.0184777156,0.3503325323917875,"[0.1, 0.1, np.float64(19.01235357941889), np.float64(2.2020085493113557), 0.1]",0.3032318985717208,0.3503325323917875,3421233.0184777156,0
4052866.753031216,0.24632765801647297,"[0.1, 0.1, np.float64(18.99858674702747), np.float64(1.8207531991562507), 0.1]",0.3022290741481056,0.24632765801647297,4052866.753031216,0
3949529.451495099,0.25958023039376604,"[0.1, 0.1, np.float64(19.000486161692955), np.float64(1.8733551327594093), 0.1]",0.30235705070861785,0.25958023039376604,3949529.451495099,0
4397269.433755405,0.20928664665173338,"[0.1, 0.1, np.float64(18.992985576880347), np.float64(1.6656357382179146), 0.1]",0.30187145010265765,0.20928664665173338,4397269.433755405,0
4096790.3378678053,0.24102761274944734,"[0.1, 0.1, np.float64(18.997812716196375), np.float64(1.7993173752026421), 0.1]",0.30217789101853704,0.24102761274944734,4096790.3378678053,0
5805977.011117831,0.12277582264692001,"[0.1, 0.1, np.float64(18.974597122558414), np.float64(1.2372836833961007), 0.1]",0.3010410251096596,0.12277582264692001,5805977.011117831,0
4075344.204809634,0.2435917862361412,"[0.1, 0.1, np.float64(18.99818825525588), np.float64(1.809717463731192), 0.1]",0.30220265348435105,0.2435917862361412,4075344.204809634,0
3885322.9431369235,0.2684161382199347,"[0.1, 0.1, np.float64(19.001725467936268), np.float64(1.9076761822434316), 0.1]",0.3024423643905493,0.2684161382199347,3885322.9431369235,0
4486691.221635373,0.20114335698096836,"[0.1, 0.1, np.float64(18.991688582977527), np.float64(1.6297171005452802), 0.1]",0.3017928869256418,0.20114335698096836,4486691.221635373,0
4059517.3940148926,0.24551293399153043,"[0.1, 0.1, np.float64(18.998468313496538), np.float64(1.8174733293922791), 0.1]",0.3022212062562943,0.24551293399153043,4059517.3940148926,0
4343860.921440216,0.2144107888951876,"[0.1, 0.1, np.float64(18.99378868811121), np.float64(1.6878769077790328), 0.1]",0.3019209017571778,0.2144107888951876,4343860.921440216,0
3726369.261638737,0.2925573052468004,"[0.1, 0.1, np.float64(19.00501008824717), np.float64(1.9986396683347656), 0.1]",0.30267535497713366,0.2925573052468004,3726369.261638737,0
3882828.8447077414,0.26876932025382366,"[0.1, 0.1, np.float64(19.001774573098587), np.float64(1.9090360888159839), 0.1]",0.30244577417213053,0.26876932025382366,3882828.8447077414,0
4052210.30739828,0.2464083152101468,"[0.1, 0.1, np.float64(18.998598461113573), np.float64(1.8210776062436977), 0.1]",0.3022298530642589,0.2464083152101468,4052210.30739828,0
4412469.587631869,0.20786481569820908,"[0.1, 0.1, np.float64(18.992760978636618), np.float64(1.6594157683931445), 0.1]",0.30185773043599684,0.20786481569820908,4412469.587631869,0
3912866.522182489,0.2645659961543187,"[0.1, 0.1, np.float64(19.001188026942966), np.float64(1.8927924204407955), 0.1]",0.3024051916906173,0.2645659961543187,3912866.522182489,0
3760582.52007467,0.28706640527868627,"[0.1, 0.1, np.float64(19.00427540643214), np.float64(1.9782935665825174), 0.1]",0.3026223777458872,0.28706640527868627,3760582.52007467,0
4050007.986552162,0.2466792303564501,"[0.1, 0.1, np.float64(18.998637792771454), np.float64(1.8221668477315598), 0.1]",0.3022324693233987,0.2466792303564501,4050007.986552162,0
4012453.691373564,0.25137525585712733,"[0.1, 0.1, np.float64(18.999316132312217), np.float64(1.8409526200707678), 0.1]",0.3022778189999466,0.25137525585712733,4012453.691373564,0
4275217.560311977,0.22130432075388615,"[0.1, 0.1, np.float64(18.994853993072233), np.float64(1.7173792075375736), 0.1]",0.30198744453047144,0.22130432075388615,4275217.560311977,0
4054618.211831649,0.24611266894355724,"[0.1, 0.1, np.float64(18.998555514058644), np.float64(1.819888240818072), 0.1]",0.3022269979724849,0.24611266894355724,4054618.211831649,0
3211988.1062911144,0.4018433456694112,"[0.1, 0.1, np.float64(19.025185495337887), np.float64(2.3694172541209655), 0.1]",0.30372368069604605,0.4018433456694112,3211988.1062911144,0
4075822.8150718617,0.24353407438620198,"[0.1, 0.1, np.float64(18.99817982500692), np.float64(1.8094839984410018), 0.1]",0.3022020961539442,0.24353407438620198,4075822.8150718617,0
4042546.3787437426,0.24760075295479497,"[0.1, 0.1, np.float64(18.99877141713485), np.float64(1.8258674087617086), 0.1]",0.3022413685630856,0.24760075295479497,4042546.3787437426,0
4264958.053528727,0.22236577992468162,"[0.1, 0.1, np.float64(18.995016532087703), np.float64(1.7218805239983688), 0.1]",0.3019976920103147,0.22236577992468162,4264958.053528727,0
3885252.4530804534,0.26842610962447405,"[0.1, 0.1, np.float64(19.001726854771974), np.float64(1.9077145889383955), 0.1]",0.3024424606594377,0.26842610962447405,3885252.4530804534,0
4443154.593698324,0.20504215722457983,"[0.1, 0.1, np.float64(18.992312791696595), np.float64(1.647003786907911), 0.1]",0.30183049667029366,0.20504215722457983,4443154.593698324,0
5428395.811594522,0.13934435227427908,"[0.1, 0.1, np.float64(18.980828097581128), np.float64(1.3289494261134827), 0.1]",0.3011987995961583,0.13934435227427908,5428395.811594522,0
4227164.6703377655,0.2263487560769363,"[0.1, 0.1, np.float64(18.995622973235115), np.float64(1.7386751594985084), 0.1]",0.30203614676277757,0.2263487560769363,4227164.6703377655,0
4043128.045615578,0.24752871304659327,"[0.1, 0.1, np.float64(18.998760980122487), np.float64(1.8255783686477522), 0.1]",0.3022406728669429,0.24752871304659327,4043128.045615578,0
4437580.239942278,0.20555026121332765,"[0.1, 0.1, np.float64(18.99239369802161), np.float64(1.6492443872432054), 0.1]",0.30183539869735454,0.20555026121332765,4437580.239942278,0
3874901.722760636,0.26989694974928546,"[0.1, 0.1, np.float64(19.00193113695251), np.float64(1.9133719305879535), 0.1]",0.3024566606419891,0.26989694974928546,3874901.722760636,0
3839013.0434790743,0.2751009024949841,"[0.1, 0.1, np.float64(19.002649427987528), np.float64(1.9332641100147678), 0.1]",0.3025068972424645,0.2751009024949841,3839013.0434790743,0
4064157.3816237175,0.2449471367512409,"[0.1, 0.1, np.float64(18.99838594881059), np.float64(1.8151923415594937), 0.1]",0.3022157422786056,0.2449471367512409,4064157.3816237175,0
4037442.039084362,0.24823440858845602,"[0.1, 0.1, np.float64(18.998863154067934), np.float64(1.8284079493559182), 0.1]",0.30224748782824895,0.24823440858845602,4037442.039084362,0
4305106.091297836,0.21825882248360215,"[0.1, 0.1, np.float64(18.99438544645678), np.float64(1.7044033900902325), 0.1]",0.3019580446502553,0.21825882248360215,4305106.091297836,0
4026084.679188098,0.24965390854049418,"[0.1, 0.1, np.float64(18.99906823287958), np.float64(1.8340873527160888), 0.1]",0.30226119600372237,0.24965390854049418,4026084.679188098,0
3258300.296588104,0.38939473626583004,"[0.1, 0.1, np.float64(19.02342443119544), np.float64(2.3300058295915873), 0.1]",0.3036045993611315,0.38939473626583004,3258300.296588104,0
4054819.295909728,0.24608800586887908,"[0.1, 0.1, np.float64(18.99855193020063), np.float64(1.8197889903149258), 0.1]",0.3022267597981336,0.24608800586887908,4054819.295909728,0
4420548.278272541,0.20711554196628987,"[0.1, 0.1, np.float64(18.992642308443234), np.float64(1.6561293445561545), 0.1]",0.3018505008571544,0.20711554196628987,4420548.278272541,0
4541866.768938598,0.19637342548956824,"[0.1, 0.1, np.float64(18.990916543292393), np.float64(1.608336418909754), 0.1]",0.30174688610326683,0.19637342548956824,4541866.768938598,0
4024550.46290331,0.24984668429194096,"[0.1, 0.1, np.float64(18.99909603824689), np.float64(1.834857387881041), 0.1]",0.30226305764103567,0.24984668429194096,4024550.46290331,0
4729704.986196268,0.18140549958733992,"[0.1, 0.1, np.float64(18.88988927402519), np.float64(1.5394746141007607), 0.1]",0.3016191885350965,0.18140549958733992,4729704.986196268,0
4257739.939524555,0.22311757737972737,"[0.1, 0.1, np.float64(18.995131416549903), np.float64(1.7250621067051775), 0.1]",0.3020049501524442,0.22311757737972737,4257739.939524555,0
5158253.976455968,0.15353860873315575,"[0.1, 0.1, np.float64(18.98350887228938), np.float64(1.4031901570981578), 0.1]",0.3013347600183013,0.15353860873315575,5158253.976455968,0
3924386.399101528,0.26298256784663326,"[0.1, 0.1, np.float64(19.000965850987043), np.float64(1.886639532872873), 0.1]",0.3023899030493875,0.26298256784663326,3924386.399101528,0
3997300.9034268954,0.25331177132609667,"[0.1, 0.1, np.float64(18.99959399705628), np.float64(1.8486477395638823), 0.1]",0.3022965196359405,0.25331177132609667,3997300.9034268954,0
4032425.4843242075,0.24885976469213136,"[0.1, 0.1, np.float64(18.998953573626522), np.float64(1.830912006897299), 0.1]",0.30225352693070157,0.24885976469213136,4032425.4843242075,0
4019014.5125429537,0.25054431809311245,"[0.1, 0.1, np.float64(18.999196572349373), np.float64(1.8376415551719423), 0.1]",0.3022697946813917,0.25054431809311245,4019014.5125429537,0
3368389.5168968835,0.3622672840309839,"[0.1, 0.1, np.float64(19.0137921721629), np.float64(2.241848591287236), 0.1]",0.3033466139857941,0.3622672840309839,3368389.5168968835,0
4052239.756052321,0.2464046959379737,"[0.1, 0.1, np.float64(18.998597935517303), np.float64(1.821063050506746), 0.1]",0.3022298181125174,0.2464046959379737,4052239.756052321,0
3912304.5406272723,0.26464364244498517,"[0.1, 0.1, np.float64(19.00119890445373), np.float64(1.8930936596117018), 0.1]",0.30240594138544746,0.26464364244498517,3912304.5406272723,0
4319094.408209568,0.21685696162276186,"[0.1, 0.1, np.float64(18.994168663312667), np.float64(1.6983998497574448), 0.1]",0.3019445126873509,0.21685696162276186,4319094.408209568,0
4180287.0530999545,0.23145386054181064,"[0.1, 0.1, np.float64(18.996392447444403), np.float64(1.7599847934618011), 0.1]",0.30208544023740513,0.23145386054181064,4180287.0530999545,0
4126663.1338466974,0.2375285054144184,"[0.1, 0.1, np.float64(18.999072902199217), np.float64(1.7850350791923075), 0.1]",0.30214370642989635,0.2375285054144184,4126663.1338466974,0
4056859.437129463,0.24583801058715382,"[0.1, 0.1, np.float64(18.9985155924734), np.float64(1.818782662023472), 0.1]",0.3022243455624847,0.24583801058715382,4056859.437129463,0
3883430.8537709266,0.2686840015224276,"[0.1, 0.1, np.float64(19.001762713674722), np.float64(1.9087076567796035), 0.1]",0.3024449504683795,0.2686840015224276,3883430.8537709266,0
4286777.735995622,0.22011819477697497,"[0.1, 0.1, np.float64(18.994671898038636), np.float64(1.7123363114070764), 0.1]",0.3019759938714806,0.22011819477697497,4286777.735995622,0
3915940.1259899274,0.26414199310219155,"[0.1, 0.1, np.float64(19.001128599672366), np.float64(1.8911466558802525), 0.1]",0.30240109781314733,0.26414199310219155,3915940.1259899274,0
3945723.563982695,0.2600905780994835,"[0.1, 0.1, np.float64(19.000558316184158), np.float64(1.8753533619109257), 0.1]",0.3023619786435707,0.2600905780994835,3945723.563982695,0
4828845.344329079,0.17429114620503852,"[0.1, 0.1, np.float64(18.987212483259476), np.float64(1.505757069884964), 0.1]",0.3015341608956468,0.17429114620503852,4828845.344329079,0
4017170.010918183,0.2507774706700748,"[0.1, 0.1, np.float64(18.999230139819414), np.float64(1.8385711646260485), 0.1]",0.30227204622672205,0.2507774706700748,4017170.010918183,0
3982028.5446691057,0.25528848811397703,"[0.1, 0.1, np.float64(18.999876526422046), np.float64(1.8564720399701822), 0.1]",0.30231560816737324,0.25528848811397703,3982028.5446691057,0
4263370.807612827,0.22253074236618337,"[0.1, 0.1, np.float64(18.99504175726439), np.float64(1.7225791039836866), 0.1]",0.30199928460864994,0.22253074236618337,4263370.807612827,0
3927376.8646828355,0.26257406939672984,"[0.1, 0.1, np.float64(19.000908423724457), np.float64(1.8850491560539346), 0.1]",0.3023859587611,0.26257406939672984,3927376.8646828355,0
3430018.3294146266,0.34841162973610773,"[0.1, 0.1, np.float64(19.012119734366713), np.float64(2.1955325005940853), 0.1]",0.30321342602040247,0.34841162973610773,3430018.3294146266,0
4036294.997575237,0.24837716936474802,"[0.1, 0.1, np.float64(18.99888380581204), np.float64(1.8289798737976848), 0.1]",0.3022488664791345,0.24837716936474802,4036294.997575237,0
4020913.649529981,0.25030463107871354,"[0.1, 0.1, np.float64(18.999162047661216), np.float64(1.8366854367492107), 0.1]",0.3022674800300315,0.25030463107871354,4020913.649529981,0
4245812.219328145,0.22436905458508025,"[0.1, 0.1, np.float64(18.995322226263685), np.float64(1.7303463450958003), 0.1]",0.3020170327113784,0.22436905458508025,4245812.219328145,0
3903676.191353877,0.2658405012246115,"[0.1, 0.1, np.float64(19.00136636963762), np.float64(1.8977314001977463), 0.1]",0.30241749722111994,0.2658405012246115,3903676.191353877,0
5202463.691651047,0.1510585690697903,"[0.1, 0.1, np.float64(18.98144239437608), np.float64(1.39047623733139), 0.1]",0.3013111956624486,0.1510585690697903,5202463.691651047,0
4068304.162533031,0.24444328925785117,"[0.1, 0.1, np.float64(18.99831252145379), np.float64(1.8131588619737744), 0.1]",0.30221087655738355,0.24444328925785117,4068304.162533031,0
4159883.298638825,0.23373509296443976,"[0.1, 0.1, np.float64(18.996733519229696), np.float64(1.7694303535757538), 0.1]",0.302107468539941,0.23373509296443976,4159883.298638825,0
6553182.768137007,0.09866935383048056,"[0.1, 0.1, 20, np.float64(1.091968932815193), 0.1]",0.3007315211667346,0.09866935383048056,6553182.768137007,0
4436372.481689807,0.20566061984096953,"[0.1, 0.1, np.float64(18.992411257287078), np.float64(1.6497306693243616), 0.1]",0.30183646342020914,0.20566061984096953,4436372.481689807,0
3797797.3518942916,0.28128412592889634,"[0.1, 0.1, np.float64(19.003494022920655), np.float64(1.956654119264049), 0.1]",0.30256657781958873,0.28128412592889634,3797797.3518942916,0
3756219.6325249504,0.28775711537414905,"[0.1, 0.1, np.float64(19.004368211372928), np.float64(1.9808636843255782), 0.1]",0.30262904245050176,0.28775711537414905,3756219.6325249504,0
4024176.96093786,0.2498936521695007,"[0.1, 0.1, np.float64(18.99910281110481), np.float64(1.8350449537817248), 0.1]",0.30226351121000833,0.2498936521695007,4024176.96093786,0
4140724.0556576382,0.23591092948323605,"[0.1, 0.1, np.float64(18.99705727127474), np.float64(1.7783962649623948), 0.1]",0.30212847970089385,0.23591092948323605,4140724.0556576382,0
3968405.483178192,0.25707321413108153,"[0.1, 0.1, np.float64(19.000130667605116), np.float64(1.8635101648623207), 0.1]",0.3023328423650767,0.25707321413108153,3968405.483178192,0
4775348.89222707,0.17809143983791112,"[0.1, 0.1, np.float64(18.987866126231314), np.float64(1.5238589013751858), 0.1]",0.30157073717253796,0.17809143983791112,4775348.89222707,0
4464253.68970589,0.20313742031697352,"[0.1, 0.1, np.float64(18.992008593138376), np.float64(1.6385793850896353), 0.1]",0.3018121215874653,0.20313742031697352,4464253.68970589,0
3658928.922991682,0.3039021404521913,"[0.1, 0.1, np.float64(19.00650627867757), np.float64(2.0400748068054493), 0.1]",0.30278477402614357,0.3039021404521913,3658928.922991682,0
4060678.863242218,0.24537110403939252,"[0.1, 0.1, np.float64(18.99844767591966), np.float64(1.81690179729434), 0.1]",0.3022198365860927,0.24537110403939252,4060678.863242218,0
4095049.1475920826,0.24123414063777882,"[0.1, 0.1, np.float64(18.99784303791761), np.float64(1.800157097668982), 0.1]",0.3021798854704664,0.24123414063777882,4095049.1475920826,0
4399214.872354891,0.20910378366341353,"[0.1, 0.1, np.float64(18.992956734317556), np.float64(1.6648369792104973), 0.1]",0.30186968555132027,0.20910378366341353,4399214.872354891,0
3993696.76544108,0.25377598657798833,"[0.1, 0.1, np.float64(18.999660446403826), np.float64(1.8504879718370442), 0.1]",0.30230100244833913,0.25377598657798833,3993696.76544108,0
3173233.8281484637,0.4127800429770013,"[0.1, 0.1, np.float64(19.026710010829298), np.float64(2.4035348798141154), 0.1]",0.3038281893054042,0.4127800429770013,3173233.8281484637,0
4071646.234558892,0.24403845298826093,"[0.1, 0.1, np.float64(18.998253467963224), np.float64(1.8115234487876068), 0.1]",0.30220696700123545,0.24403845298826093,4071646.234558892,0
4128375.0961109847,0.23733100952408326,"[0.1, 0.1, np.float64(18.997267758951253), np.float64(1.784225460127292), 0.1]",0.30214219308666657,0.23733100952408326,4128375.0961109847,0
4267140.591777757,0.22213927539341216,"[0.1, 0.1, np.float64(18.9949818808352), np.float64(1.7209209005330441), 0.1]",0.3019955052773781,0.22213927539341216,4267140.591777757,0
4214438.730878943,0.2277162745013878,"[0.1, 0.1, np.float64(18.995829945798327), np.float64(1.7444070079597374), 0.1]",0.3020493506683662,0.2277162745013878,4214438.730878943,0
2647860.2705195467,0.6655323057981217,"[0.1, 0.1, np.float64(17.340678961992772), np.float64(3.0905141681591743), 0.1]",0.3074282030224248,0.6655323057981217,2647860.2705195467,0
4082487.3384269984,0.2427327773661521,"[0.1, 0.1, np.float64(18.998062671319822), np.float64(1.8062395723649192), 0.1]",0.30219435793605076,0.2427327773661521,4082487.3384269984,0
4703145.868007725,0.18343864843777552,"[0.1, 0.1, np.float64(18.988774037443832), np.float64(1.5490023764606797), 0.1]",0.3016222275298447,0.18343864843777552,4703145.868007725,0
4117251.5446171085,0.2386222127909942,"[0.1, 0.1, np.float64(18.997458593173693), np.float64(1.7895103772549108), 0.1]",0.3021546620817296,0.2386222127909942,4117251.5446171085,0
3980724.223839433,0.25545848173209035,"[0.1, 0.1, np.float64(18.99990077171887), np.float64(1.8571434833979457), 0.1]",0.3023172497246608,0.25545848173209035,3980724.223839433,0
4207285.19341808,0.2284909397653079,"[0.1, 0.1, np.float64(18.995946912406446), np.float64(1.7476462531155355), 0.1]",0.30205683051726256,0.2284909397653079,4207285.19341808,0
4731418.95879352,0.1813140536746866,"[0.1, 0.1, np.float64(18.988414918280057), np.float64(1.5390570165813742), 0.1]",0.3016017655760858,0.1813140536746866,4731418.95879352,0
4209914.463115354,0.22820571192118763,"[0.1, 0.1, np.float64(18.995903869200152), np.float64(1.746454224897239), 0.1]",0.3020540764613663,0.22820571192118763,4209914.463115354,0
4053403.393747173,0.24626175338930517,"[0.1, 0.1, np.float64(18.998577174063506), np.float64(1.820488087791158), 0.1]",0.3022284376991761,0.24626175338930517,4053403.393747173,0
3862876.9670160785,0.27162239268256816,"[0.1, 0.1, np.float64(19.00217006520722), np.float64(1.9199887522954853), 0.1]",0.3024733180191664,0.27162239268256816,3862876.9670160785,0
4275198.911204366,0.2213062426817398,"[0.1, 0.1, np.float64(18.99485428772805), np.float64(1.7173873676649525), 0.1]",0.3019874630847612,0.2213062426817398,4275198.911204366,0
4042287.8285809592,0.24763278564980176,"[0.1, 0.1, np.float64(18.9987760574818), np.float64(1.825995917415583), 0.1]",0.302241677905776,0.24763278564980176,4042287.8285809592,0
4492458.775619713,0.20063602736335426,"[0.1, 0.1, np.float64(18.992031593559286), np.float64(1.6274553537512693), 0.1]",0.30178791481519196,0.20063602736335426,4492458.775619713,0
4066262.6349127446,0.24469112880125637,"[0.1, 0.1, np.float64(18.998348649464397), np.float64(1.8141593824233795), 0.1]",0.3022132699762559,0.24469112880125637,4066262.6349127446,0
4151146.3988593416,0.23472320892311183,"[0.1, 0.1, np.float64(18.996880732922797), np.float64(1.7735072542391972), 0.1]",0.30211701030602733,0.23472320892311183,4151146.3988593416,0
4260851.706207492,0.22279296411929012,"[0.1, 0.1, np.float64(18.995081835405287), np.float64(1.7236890183930553), 0.1]",0.30200181619306216,0.22279296411929012,4260851.706207492,0
4106293.306587381,0.2399055301802794,"[0.1, 0.1, np.float64(18.99764774620906), np.float64(1.7947487359914598), 0.1]",0.30216705503388336,0.2399055301802794,4106293.306587381,0
4328554.141138197,0.2159172672704383,"[0.1, 0.1, np.float64(18.994022953361505), np.float64(1.6943645933620781), 0.1]",0.30193544232401553,0.2159172672704383,4328554.141138197,0
3276284.389223694,0.3847565811302675,"[0.1, 0.1, np.float64(19.01643926118448), np.float64(2.315156438954615), 0.1]",0.3035624988303968,0.3847565811302675,3276284.389223694,0
4218260.97977544,0.22730412017096827,"[0.1, 0.1, np.float64(18.99576763283409), np.float64(1.7426813276926152), 0.1]",0.3020453711231548,0.22730412017096827,4218260.97977544,0
4066317.31165735,0.24468448572221635,"[0.1, 0.1, np.float64(18.998347681331918), np.float64(1.8141325711950924), 0.1]",0.302213205823171,0.24468448572221635,4066317.31165735,0
3811352.0261368304,0.27922558540256354,"[0.1, 0.1, np.float64(19.00321388824648), np.float64(1.9488961368716071), 0.1]",0.30254670998996575,0.27922558540256354,3811352.0261368304,0
4297294.143846258,0.21904817343417696,"[0.1, 0.1, np.float64(18.994507202263453), np.float64(1.7077752661607017), 0.1]",0.3019656644221534,0.21904817343417696,4297294.143846258,0
4154840.7513082316,0.23430455529605576,"[0.1, 0.1, np.float64(18.9968183983922), np.float64(1.7717809767184816), 0.1]",0.30211296755312744,0.23430455529605576,4154840.7513082316,0
4038833.442350399,0.24806141528018147,"[0.1, 0.1, np.float64(18.998838120856554), np.float64(1.8277146856116735), 0.1]",0.3022458172187378,0.24806141528018147,4038833.442350399,0
4087707.8121792884,0.24210811968295667,"[0.1, 0.1, np.float64(18.997971207741166), np.float64(1.8037066019826113), 0.1]",0.30218832555423025,0.24210811968295667,4087707.8121792884,0
4187709.258021634,0.23063306061067937,"[0.1, 0.1, np.float64(18.996269313233192), np.float64(1.7565747441871817), 0.1]",0.3020775145159532,0.23063306061067937,4187709.258021634,0
4108506.923893993,0.23964538283339282,"[0.1, 0.1, np.float64(18.99760944344577), np.float64(1.7936879884631416), 0.1]",0.3021645427921137,0.23964538283339282,4108506.923893993,0
2794031.062219876,0.5529934688070497,"[0.1, 0.1, np.float64(19.044687523525234), np.float64(2.8058594560547068), 0.1]",0.3051578778175965,0.5529934688070497,2794031.062219876,0
4050909.427429681,0.24656828190444904,"[0.1, 0.1, np.float64(18.998621687832035), np.float64(1.8217208414067854), 0.1]",0.30223139788142195,0.24656828190444904,4050909.427429681,0
3851604.98345121,0.273256368469958,"[0.1, 0.1, np.float64(19.002395622119863), np.float64(1.9262352712669246), 0.1]",0.30248909171738503,0.273256368469958,3851604.98345121,0
4319455.6669383235,0.21682095276099636,"[0.1, 0.1, np.float64(18.994163085618656), np.float64(1.6982453824390122), 0.1]",0.3019441651075919,0.21682095276099636,4319455.6669383235,0
4166136.206297725,0.23303208717120633,"[0.1, 0.1, np.float64(18.996628591159023), np.float64(1.7665245007848647), 0.1]",0.3021006800191516,0.23303208717120633,4166136.206297725,0
3793467.889611161,0.28194691210170086,"[0.1, 0.1, np.float64(19.003583997089905), np.float64(1.9591458422999506), 0.1]",0.3025729743663966,0.28194691210170086,3793467.889611161,0
4719409.480811684,0.18221159151098976,"[0.1, 0.1, np.float64(18.988566886141875), np.float64(1.5432655780514697), 0.1]",0.30161040922529625,0.18221159151098976,4719409.480811684,0
4131179.210400822,0.23700732000838284,"[0.1, 0.1, np.float64(18.997219836963364), np.float64(1.7828983201031303), 0.1]",0.30213906727606077,0.23700732000838284,4131179.210400822,0
4000328.5149966814,0.25292289001553236,"[0.1, 0.1, np.float64(18.99953828393174), np.float64(1.8471048336723368), 0.1]",0.3022927642910074,0.25292289001553236,4000328.5149966814,0
4303368.119008975,0.21843403133251796,"[0.1, 0.1, np.float64(18.994412491230104), np.float64(1.7051523615479085), 0.1]",0.3019597359613727,0.21843403133251796,4303368.119008975,0
4160824.24464863,0.23362908167820998,"[0.1, 0.1, np.float64(18.996717706580533), np.float64(1.7689924418671679), 0.1]",0.3021064448462312,0.23362908167820998,4160824.24464863,0
3936291.4748133863,0.2613625011101904,"[0.1, 0.1, np.float64(19.000737834017187), np.float64(1.8803248856677248), 0.1]",0.30237426020913927,0.2613625011101904,3936291.4748133863,0
4050392.8045188813,0.24663185731943876,"[0.1, 0.1, np.float64(18.998630916693035), np.float64(1.8219764232670514), 0.1]",0.3022320118365525,0.24663185731943876,4050392.8045188813,0
3960511.9662072854,0.25811672845625677,"[0.1, 0.1, np.float64(19.000278849291853), np.float64(1.8676138729091183), 0.1]",0.302342918885058,0.25811672845625677,3960511.9662072854,0
4543882.983313741,0.19620262727170476,"[0.1, 0.1, np.float64(18.99088872422252), np.float64(1.6075660042693563), 0.1]",0.30174523921223956,0.19620262727170476,4543882.983313741,0
3948154.8951512016,0.2597643604812939,"[0.1, 0.1, np.float64(19.000512202809283), np.float64(1.8740763091812156), 0.1]",0.30235882867933517,0.2597643604812939,3948154.8951512016,0
4194963.495114976,0.2298351949366319,"[0.1, 0.1, np.float64(18.997652809432097), np.float64(1.7532543634494828), 0.1]",0.30206948828011554,0.2298351949366319,4194963.495114976,0
4048611.889360819,0.24685122242876958,"[0.1, 0.1, np.float64(18.99866275139164), np.float64(1.8228580457652002), 0.1]",0.30223413027018775,0.24685122242876958,4048611.889360819,0
3861206.6614101646,0.2718635021894404,"[0.1, 0.1, np.float64(19.002203391401117), np.float64(1.920911679906017), 0.1]",0.30247564562755297,0.2718635021894404,3861206.6614101646,0
4670124.890810323,0.18597180956136744,"[0.1, 0.1, np.float64(18.989199485834536), np.float64(1.5607846420217677), 0.1]",0.3016466298951527,0.18597180956136744,4670124.890810323,0
4348492.430747681,0.21395834515768072,"[0.1, 0.1, np.float64(18.99371816871215), np.float64(1.6859239604765686), 0.1]",0.3019165349232733,0.21395834515768072,4348492.430747681,0
4016892.822809249,0.25081253917939167,"[0.1, 0.1, np.float64(18.999235187343768), np.float64(1.8387109495533482), 0.1]",0.3022723848816718,0.25081253917939167,4016892.822809249,0
4177414.7657144032,0.23177278376733285,"[0.1, 0.1, np.float64(18.996440231999497), np.float64(1.7613081274552678), 0.1]",0.30208851981759405,0.23177278376733285,4177414.7657144032,0
3908630.768630604,0.2651521544978276,"[0.1, 0.1, np.float64(19.00127010238338), np.float64(1.8950653979772385), 0.1]",0.3024108511720444,0.2651521544978276,3908630.768630604,0
4027801.422328386,0.2494384874883693,"[0.1, 0.1, np.float64(18.999037148400028), np.float64(1.8332265066043327), 0.1]",0.3022591156784025,0.2494384874883693,4027801.422328386,0
3974501.115559985,0.25627211308269504,"[0.1, 0.1, np.float64(19.00001670306173), np.float64(1.8603540581662728), 0.1]",0.3023251065802812,0.25627211308269504,3974501.115559985,0
4063672.3666814407,0.2450061789790879,"[0.1, 0.1, np.float64(18.998394548237137), np.float64(1.8154304920131379), 0.1]",0.3022163124571411,0.2450061789790879,4063672.3666814407,0
3364614.76089754,0.3631456180300469,"[0.1, 0.1, np.float64(19.01389709101538), np.float64(2.244754188791576), 0.1]",0.30335505249697525,0.3631456180300469,3364614.76089754,0
4039107.1578172226,0.24802740750470378,"[0.1, 0.1, np.float64(18.99883319868288), np.float64(1.8275783721160108), 0.1]",0.30224548880295216,0.24802740750470378,4039107.1578172226,0
4024066.121307302,0.24990759304423407,"[0.1, 0.1, np.float64(18.999104821281982), np.float64(1.835100623145583), 0.1]",0.30226364583706733,0.24990759304423407,4024066.121307302,0
4424693.71286146,0.20673277711622712,"[0.1, 0.1, np.float64(18.9925816024582), np.float64(1.6544481675851095), 0.1]",0.30184680774798744,0.20673277711622712,4424693.71286146,0
3977066.160068685,0.2559362349216882,"[0.1, 0.1, np.float64(18.99996886756919), np.float64(1.8590293135235454), 0.1]",0.3023218631713152,0.2559362349216882,3977066.160068685,0
3556143.8490449777,0.3226410943063706,"[0.1, 0.1, np.float64(19.013452503181217), np.float64(2.106840824483184), 0.1]",0.3029639955068095,0.3226410943063706,3556143.8490449777,0
4068967.471742664,0.24436285279419373,"[0.1, 0.1, np.float64(18.99830079211399), np.float64(1.8128340324540837), 0.1]",0.30221009977198665,0.24436285279419373,4068967.471742664,0
3988450.100608247,0.25445426277011174,"[0.1, 0.1, np.float64(18.999757426931566), np.float64(1.8531737272825417), 0.1]",0.30230755236030965,0.25445426277011174,3988450.100608247,0
4285109.877266345,0.2202886815479956,"[0.1, 0.1, np.float64(18.9946981017206), np.float64(1.7130619898826462), 0.1]",0.3019776396968632,0.2202886815479956,4285109.877266345,0
4131545.6277580983,0.23696507654314147,"[0.1, 0.1, np.float64(18.997213580414307), np.float64(1.782725052736102), 0.1]",0.30213865933926876,0.23696507654314147,4131545.6277580983,0
7110813.521947435,0.08478996310169497,"[0.1, 0.1, np.float64(19.741348029911236), 1, 0.1]",0.3006301450146608,0.08478996310169497,7110813.521947435,0
4095765.638486064,0.24114912033076177,"[0.1, 0.1, np.float64(18.9978305571129), np.float64(1.7998114572604698), 0.1]",0.30217906442417336,0.24114912033076177,4095765.638486064,0
3712303.4027916873,0.2948651799949709,"[0.1, 0.1, np.float64(19.00531680089143), np.float64(2.007133694648089), 0.1]",0.3026976183675183,0.2948651799949709,3712303.4027916873,0
4299907.178726346,0.21878362258210038,"[0.1, 0.1, np.float64(18.994466420522954), np.float64(1.706645866433006), 0.1]",0.3019631106349194,0.21878362258210038,4299907.178726346,0
4042579.610809902,0.2475966362098016,"[0.1, 0.1, np.float64(18.998770820749534), np.float64(1.8258508926099954), 0.1]",0.3022413288072974,0.2475966362098016,4042579.610809902,0
4081694.8590502283,0.24282783293607935,"[0.1, 0.1, np.float64(18.99807657912008), np.float64(1.8066247316453778), 0.1]",0.30219527589803313,0.24282783293607935,4081694.8590502283,0
3561051.8049859744,0.3217116859897627,"[0.1, 0.1, np.float64(19.00879922209232), np.float64(2.1035750310850636), 0.1]",0.30295642326919114,0.3217116859897627,3561051.8049859744,0
3493560.195458278,0.3350232583526186,"[0.1, 0.1, np.float64(19.010471431927876), np.float64(2.1498848086913243), 0.1]",0.30308460914056096,0.3350232583526186,3493560.195458278,0
4035523.252026803,0.24847329667826784,"[0.1, 0.1, np.float64(18.998897708193827), np.float64(1.8293648830202076), 0.1]",0.30224979478697367,0.24847329667826784,4035523.252026803,0
4052481.460546275,0.2463749934849846,"[0.1, 0.1, np.float64(18.998593621934166), np.float64(1.820943591171251), 0.1]",0.3022295312723912,0.2463749934849846,4052481.460546275,0
4327565.224182431,0.2160151905545639,"[0.1, 0.1, np.float64(18.994038152357465), np.float64(1.6947855107062044), 0.1]",0.30193638751033836,0.2160151905545639,4327565.224182431,0
4107492.0245828712,0.23976459772878073,"[0.1, 0.1, np.float64(18.997626998640023), np.float64(1.7941741577969152), 0.1]",0.302165694049374,0.23976459772878073,4107492.0245828712,0
4677706.068455596,0.18538515255829555,"[0.1, 0.1, np.float64(18.98893086715914), np.float64(1.5580631938860088), 0.1]",0.3016410070611272,0.18538515255829555,4677706.068455596,0
4079672.1879773727,0.24307072345376313,"[0.1, 0.1, np.float64(18.99811210451715), np.float64(1.807608563460425), 0.1]",0.3021976215190395,0.24307072345376313,4079672.1879773727,0
4170005.996465103,0.232598746145863,"[0.1, 0.1, np.float64(18.9965638326689), np.float64(1.7647310947111767), 0.1]",0.30209649552708034,0.232598746145863,4170005.996465103,0
4265452.069273463,0.22231447771896465,"[0.1, 0.1, np.float64(18.995008685303386), np.float64(1.7216632170379276), 0.1]",0.30199719672444697,0.22231447771896465,4265452.069273463,0
3812961.2290714886,0.27898284500040643,"[0.1, 0.1, np.float64(19.003180786478435), np.float64(1.9479794244566309), 0.1]",0.30254436711743854,0.27898284500040643,3812961.2290714886,0
3859966.0502200546,0.27204281315341927,"[0.1, 0.1, np.float64(19.002228166114453), np.float64(1.9215977848674792), 0.1]",0.3024773766397939,0.27204281315341927,3859966.0502200546,0
6984861.138689296,0.08716523222481216,"[0.1, 0.1, np.float64(18.96953587065601), np.float64(1.0162252054678071), 0.1]",0.3007044018554767,0.08716523222481216,6984861.138689296,0
4165438.0706036445,0.23311040563952584,"[0.1, 0.1, np.float64(18.99664028858629), np.float64(1.7668484465264878), 0.1]",0.3021014362922369,0.23311040563952584,4165438.0706036445,0
3965484.66365649,0.2574585339177123,"[0.1, 0.1, np.float64(19.00018541929476), np.float64(1.8650264450066556), 0.1]",0.30233656315607715,0.2574585339177123,3965484.66365649,0
4162930.5716024567,0.233392058688185,"[0.1, 0.1, np.float64(18.996682339115303), np.float64(1.768012983778591), 0.1]",0.30210415604832547,0.233392058688185,4162930.5716024567,0
4833075.214936966,0.17399629820851553,"[0.1, 0.1, np.float64(18.98716147090935), np.float64(1.5043443461112584), 0.1]",0.3015313237831905,0.17399629820851553,4833075.214936966,0
3946736.90745258,0.2599545335406967,"[0.1, 0.1, np.float64(19.000539088788717), np.float64(1.8748208830390065), 0.1]",0.3023606649962835,0.2599545335406967,3946736.90745258,0
4063730.111492703,0.24499914831668068,"[0.1, 0.1, np.float64(18.998393524284825), np.float64(1.8154021349237588), 0.1]",0.3022162445611126,0.24499914831668068,4063730.111492703,0
3996516.413357946,0.253412695318296,"[0.1, 0.1, np.float64(18.99960844888537), np.float64(1.8490479650480096), 0.1]",0.30229749423564567,0.253412695318296,3996516.413357946,0
4491551.55507852,0.20071561993570883,"[0.1, 0.1, np.float64(18.99161973096526), np.float64(1.6278103294522608), 0.1]",0.30178876128999993,0.20071561993570883,4491551.55507852,0
3940715.149086029,0.26076469561808713,"[0.1, 0.1, np.float64(19.00065351546464), np.float64(1.877989787922625), 0.1]",0.302368487887448,0.26076469561808713,3940715.149086029,0
7090399.700931279,0.0847933086087523,"[0.1, 0.1, np.float64(18.961171585537286), 1, 0.1]",0.30068279994624036,0.0847933086087523,7090399.700931279,0
4059957.905257353,0.2454591262128069,"[0.1, 0.1, np.float64(18.998460484672993), np.float64(1.817256519833062), 0.1]",0.30222068662762647,0.2454591262128069,4059957.905257353,0
4231601.392883323,0.22587514887091353,"[0.1, 0.1, np.float64(18.995551146219604), np.float64(1.7366859993800723), 0.1]",0.3020315739977128,0.22587514887091353,4231601.392883323,0
4233236.773293631,0.22570098596100674,"[0.1, 0.1, np.float64(18.995524713657584), np.float64(1.735953982355296), 0.1]",0.3020298924348923,0.22570098596100674,4233236.773293631,0
4151506.5402208944,0.23468234284504183,"[0.1, 0.1, np.float64(18.99687465072848), np.float64(1.7733388154104623), 0.1]",0.30211661567951903,0.23468234284504183,4151506.5402208944,0
4093617.189278762,0.24140420721741715,"[0.1, 0.1, np.float64(18.997867996678632), np.float64(1.8008482996027988), 0.1]",0.30218152781462426,0.24140420721741715,4093617.189278762,0
6218213.768113858,0.10803593993095023,"[0.1, 0.1, np.float64(18.97437834251977), np.float64(1.150331458347357), 0.1]",0.3009008046748241,0.10803593993095023,6218213.768113858,0
3987569.6654467178,0.2545683751220866,"[0.1, 0.1, np.float64(18.99977372998597), np.float64(1.8536252201559502), 0.1]",0.30230865430526976,0.2545683751220866,3987569.6654467178,0
4051401.3567911764,0.24650777026569642,"[0.1, 0.1, np.float64(18.998612902605284), np.float64(1.8214775454470593), 0.1]",0.30223081351346676,0.24650777026569642,4051401.3567911764,0
4352827.975341666,0.21353622666649127,"[0.1, 0.1, np.float64(18.99365230803931), np.float64(1.6841000308193437), 0.1]",0.3019124608489925,0.21353622666649127,4352827.975341666,0
4018573.227770226,0.2506000658974615,"[0.1, 0.1, np.float64(18.99920459991266), np.float64(1.8378638685818043), 0.1]",0.3022703330360471,0.2506000658974615,4018573.227770226,0
3591893.1512867645,0.31591746279727806,"[0.1, 0.1, np.float64(19.008060433598445), np.float64(2.083115199955156), 0.1]",0.30290059594979096,0.31591746279727806,3591893.1512867645,0
4040816.9838522985,0.24781514331342838,"[0.1, 0.1, np.float64(18.998802468559393), np.float64(1.8267273394559949), 0.1]",0.30224343894999334,0.24781514331342838,4040816.9838522985,0
3999078.687545771,0.2530833050662747,"[0.1, 0.1, np.float64(18.999561271048105), np.float64(1.847741433352591), 0.1]",0.3022943133868666,0.2530833050662747,3999078.687545771,0
4304218.081091768,0.21834831602652982,"[0.1, 0.1, np.float64(18.99439926181075), np.float64(1.7047859891853356), 0.1]",0.3019589085404663,0.21834831602652982,4304218.081091768,0
4106225.2092095357,0.23991354042060167,"[0.1, 0.1, np.float64(18.997648925263086), np.float64(1.7947813884304047), 0.1]",0.3021671323887957,0.23991354042060167,4106225.2092095357,0
4367964.7670168495,0.21207315676016372,"[0.1, 0.1, np.float64(18.994279602355927), np.float64(1.6777642703289182), 0.1]",0.3018981721134451,0.21207315676016372,4367964.7670168495,0
4061397.478795546,0.2452834193945427,"[0.1, 0.1, np.float64(18.998434913976478), np.float64(1.8165483711045942), 0.1]",0.302218989804075,0.2452834193945427,4061397.478795546,0
4178277.515375482,0.231676913092811,"[0.1, 0.1, np.float64(18.996425871099582), np.float64(1.7609104201417913), 0.1]",0.3020875940714969,0.231676913092811,4178277.515375482,0
4792824.423028786,0.17683530318256882,"[0.1, 0.1, np.float64(18.987650858419972), np.float64(1.5178973263043816), 0.1]",0.30155864560889456,0.17683530318256882,4792824.423028786,0
4137392.6695951717,0.23629265041867423,"[0.1, 0.1, np.float64(18.99711391356401), np.float64(1.779964902918923), 0.1]",0.30213216587414155,0.23629265041867423,4137392.6695951717,0
4705852.11244296,0.18322095268416036,"[0.1, 0.1, np.float64(18.95355000932061), np.float64(1.5479817921007162), 0.1]",0.3016260717735623,0.18322095268416036,4705852.11244296,0
4088726.9861780726,0.24198647772114543,"[0.1, 0.1, np.float64(18.997953382841633), np.float64(1.8032129634955032), 0.1]",0.30218715084684494,0.24198647772114543,4088726.9861780726,0
4499699.234512779,0.20000190055766787,"[0.1, 0.1, np.float64(18.991504679941087), np.float64(1.6246241340182428), 0.1]",0.30178187752349894,0.20000190055766787,4499699.234512779,0
4005115.0524684275,0.25231008090551366,"[0.1, 0.1, np.float64(18.999450401930982), np.float64(1.8446710506480353), 0.1]",0.3022868464982362,0.25231008090551366,4005115.0524684275,0
4012775.1945527317,0.25133443160323626,"[0.1, 0.1, np.float64(18.999310262954932), np.float64(1.8407900754996158), 0.1]",0.30227742476345887,0.25133443160323626,4012775.1945527317,0
4273120.881551207,0.22152057017832247,"[0.1, 0.1, np.float64(18.99488713874418), np.float64(1.7182971358164938), 0.1]",0.30198953220864927,0.22152057017832247,4273120.881551207,0
4397054.576597278,0.2093068583393457,"[0.1, 0.1, np.float64(18.992988764043446), np.float64(1.6657240027475069), 0.1]",0.3018716451379208,0.2093068583393457,4397054.576597278,0
3418509.6543938513,0.3509315660417355,"[0.1, 0.1, np.float64(19.012426371297366), np.float64(2.204024430112982), 0.1]",0.3032376587347415,0.3509315660417355,3418509.6543938513,0
4055187.196611973,0.24604289314075878,"[0.1, 0.1, np.float64(18.9985453742791), np.float64(1.8196074321985054), 0.1]",0.30222632413893935,0.24604289314075878,4055187.196611973,0
3924129.0766029423,0.26301776699714335,"[0.1, 0.1, np.float64(19.000970797222763), np.float64(1.8867765127370701), 0.1]",0.30239024291618266,0.26301776699714335,3924129.0766029423,0
4318828.645249054,0.2168834580844323,"[0.1, 0.1, np.float64(18.994172767258277), np.float64(1.6985135034416083), 0.1]",0.3019447684478349,0.2168834580844323,4318828.645249054,0
3950825.8219592166,0.25940677026926034,"[0.1, 0.1, np.float64(19.000461621073956), np.float64(1.8726755107502082), 0.1]",0.30235537576332366,0.25940677026926034,3950825.8219592166,0
3229093.081099506,0.39716920446982307,"[0.1, 0.1, np.float64(19.0245275428638), np.float64(2.354692722713331), 0.1]",0.3036789840411789,0.39716920446982307,3229093.081099506,0
4065162.3233299493,0.24482487666737873,"[0.1, 0.1, np.float64(18.998368138455582), np.float64(1.8146991058649764), 0.1]",0.3022145615969379,0.24482487666737873,4065162.3233299493,0
4045861.0008299244,0.24719069450482234,"[0.1, 0.1, np.float64(18.99871198811671), np.float64(1.824221595805166), 0.1]",0.302237408588395,0.24719069450482234,4045861.0008299244,0
4854008.827232649,0.1725489633593197,"[0.1, 0.1, np.float64(18.98691042951992), np.float64(1.4973920661596793), 0.1]",0.30151739858716853,0.1725489633593197,4854008.827232649,0
4048125.4836579077,0.24691119137807285,"[0.1, 0.1, np.float64(18.99867145171854), np.float64(1.8230989905289627), 0.1]",0.30223470939693786,0.24691119137807285,4048125.4836579077,0
4290908.482381051,0.21969688253465403,"[0.1, 0.1, np.float64(18.994607098726668), np.float64(1.710541774822964), 0.1]",0.3019719266931991,0.21969688253465403,4290908.482381051,0
3699729.0579940965,0.2969538763620373,"[0.1, 0.1, np.float64(19.00559334126937), np.float64(2.014792137463905), 0.1]",0.3027177655695573,0.2969538763620373,3699729.0579940965,0
3995096.0190780805,0.25359559600016474,"[0.1, 0.1, np.float64(18.999634631979152), np.float64(1.8497730733593853), 0.1]",0.3022992604631337,0.25359559600016474,3995096.0190780805,0
4035568.3596287826,0.24846767647151716,"[0.1, 0.1, np.float64(18.998896895447963), np.float64(1.8293423750315134), 0.1]",0.3022497405122737,0.24846767647151716,4035568.3596287826,0
4620031.991734345,0.18992497623543592,"[0.1, 0.1, np.float64(18.98985762879568), np.float64(1.5790110951351641), 0.1]",0.30168472259401924,0.18992497623543592,4620031.991734345,0
3853888.1040872303,0.27292410499937253,"[0.1, 0.1, np.float64(19.00234981116601), np.float64(1.9249665937123075), 0.1]",0.30248588424251593,0.27292410499937253,3853888.1040872303,0
3506979.9287036145,0.3323045806722768,"[0.1, 0.1, np.float64(19.010132678113866), np.float64(2.1405034419175237), 0.1]",0.30305843761991313,0.3323045806722768,3506979.9287036145,0
4042366.7613432603,0.24762300566905415,"[0.1, 0.1, np.float64(18.99877464075821), np.float64(1.8259566830128762), 0.1]",0.3022415834596029,0.24762300566905415,4042366.7613432603,0
4138310.5726279514,0.23618737312130625,"[0.1, 0.1, np.float64(18.99709829643352), np.float64(1.7795324058575837), 0.1]",0.30213114923909157,0.23618737312130625,4138310.5726279514,0
4221241.007530529,0.22698362971907207,"[0.1, 0.1, np.float64(18.995719138974053), np.float64(1.7413383503784376), 0.1]",0.3020422766595573,0.22698362971907207,4221241.007530529,0
4057635.5145637672,0.2457430208576053,"[0.1, 0.1, np.float64(18.998501780479724), np.float64(1.8184001559875758), 0.1]",0.30222342823463255,0.2457430208576053,4057635.5145637672,0
3890553.0188846136,0.2676758387398249,"[0.1, 0.1, np.float64(19.004425535596166), np.float64(1.9048233947186244), 0.1]",0.3024345129220103,0.2676758387398249,3890553.0188846136,0
4063921.2468920154,0.24497587917666674,"[0.1, 0.1, np.float64(18.998390135239532), np.float64(1.8153082795172062), 0.1]",0.30221601984797697,0.24497587917666674,4063921.2468920154,0
4007162.9083476705,0.25204864324228354,"[0.1, 0.1, np.float64(18.99941287677595), np.float64(1.8436318380163095), 0.1]",0.30228432183086845,0.25204864324228354,4007162.9083476705,0
4279677.066218602,0.22084551888894854,"[0.1, 0.1, np.float64(18.994783615970636), np.float64(1.7154302009869127), 0.1]",0.30198301528735744,0.22084551888894854,4279677.066218602,0
3924682.3394507137,0.26294209573519944,"[0.1, 0.1, np.float64(19.00096016337406), np.float64(1.886482021484879), 0.1]",0.3023895122690489,0.26294209573519944,3924682.3394507137,0
4049107.271179579,0.24679017138405313,"[0.1, 0.1, np.float64(18.998653892977792), np.float64(1.8226127229793823), 0.1]",0.30223354069344793,0.24679017138405313,4049107.271179579,0
3147779.1258121664,0.42027336570714213,"[0.1, 0.1, np.float64(19.020464979354173), np.float64(2.42664371117341), 0.1]",0.30390262558111997,0.42027336570714213,3147779.1258121664,0
4187646.8713590656,0.23063993988452364,"[0.1, 0.1, np.float64(18.99627034616156), np.float64(1.7566033498573428), 0.1]",0.3020775809424334,0.23063993988452364,4187646.8713590656,0
3973175.1245570476,0.25644602823458174,"[0.1, 0.1, np.float64(19.00004145947827), np.float64(1.8610396564206133), 0.1]",0.3023267859878379,0.25644602823458174,3973175.1245570476,0
4212068.436925571,0.22797247935000908,"[0.1, 0.1, np.float64(18.99586865232548), np.float64(1.7454789372274369), 0.1]",0.3020518244642474,0.22797247935000908,4212068.436925571,0
3713800.3642215,0.2946181380812669,"[0.1, 0.1, np.float64(19.005284027538945), np.float64(2.006226077294864), 0.1]",0.30269523532739845,0.2946181380812669,3713800.3642215,0
3689767.476812203,0.2986259662552481,"[0.1, 0.1, np.float64(19.00581401605697), np.float64(2.020903452036842), 0.1]",0.3027338929598682,0.2986259662552481,3689767.476812203,0
4031061.164750486,0.24903028616536158,"[0.1, 0.1, np.float64(18.99897820923444), np.float64(1.8315942595067634), 0.1]",0.3022551736644422,0.24903028616536158,4031061.164750486,0
3853525.5778006474,0.2729768191679356,"[0.1, 0.1, np.float64(19.002357081031214), np.float64(1.925167923613437), 0.1]",0.3024863931157451,0.2729768191679356,3853525.5778006474,0
4370178.612435365,0.2118604800021194,"[0.1, 0.1, np.float64(18.993390200942777), np.float64(1.6768412998327356), 0.1]",0.30189628808395663,0.2118604800021194,4370178.612435365,0
4088640.792516976,0.24199676135277712,"[0.1, 0.1, np.float64(18.997954889936572), np.float64(1.803254700620769), 0.1]",0.3021872501567852,0.24199676135277712,4088640.792516976,0
5238881.697464384,0.1490646144297789,"[0.1, 0.1, np.float64(18.98098221857773), np.float64(1.380177814173515), 0.1]",0.3012920903166538,0.1490646144297789,5238881.697464384,0
4062755.8648552974,0.24511781109977568,"[0.1, 0.1, np.float64(18.9984108044578), np.float64(1.8158806878842408), 0.1]",0.3022173905031502,0.24511781109977568,4062755.8648552974,0
4322558.355023125,0.21651209120888734,"[0.1, 0.1, np.float64(18.994115224430303), np.float64(1.6969199261825645), 0.1]",0.30194118380348756,0.21651209120888734,4322558.355023125,0
4249408.913349677,0.22399047533177716,"[0.1, 0.1, np.float64(18.995264561977326), np.float64(1.728749404197471), 0.1]",0.3020133776253862,0.22399047533177716,4249408.913349677,0
3884586.657056009,0.26852032207955207,"[0.1, 0.1, np.float64(19.001739956677003), np.float64(1.9080774299498355), 0.1]",0.30244337023218376,0.26852032207955207,3884586.657056009,0
3980820.2278876696,0.2554459630752569,"[0.1, 0.1, np.float64(18.99989898652647), np.float64(1.8570940447083855), 0.1]",0.3023171288373276,0.2554459630752569,3980820.2278876696,0
4628339.011305072,0.18925999140734884,"[0.1, 0.1, np.float64(18.989747405527968), np.float64(1.5759585984292437), 0.1]",0.3016783138939079,0.18925999140734884,4628339.011305072,0
3866847.324913359,0.27105067981002917,"[0.1, 0.1, np.float64(19.002090983207918), np.float64(1.9177986743982371), 0.1]",0.30246779879644625,0.27105067981002917,3866847.324913359,0
4038738.2741040145,0.2480732412515225,"[0.1, 0.1, np.float64(18.998839832428967), np.float64(1.827762085487055), 0.1]",0.3022459314230723,0.2480732412515225,4038738.2741040145,0
4217015.531353943,0.22743828298939703,"[0.1, 0.1, np.float64(18.99578792295343), np.float64(1.7432432373848608), 0.1]",0.30204666652500006,0.22743828298939703,4217015.531353943,0
4000513.9813094786,0.2528990996897425,"[0.1, 0.1, np.float64(18.99953487420489), np.float64(1.8470104055157681), 0.1]",0.3022925345524439,0.2528990996897425,4000513.9813094786,0
3463715.7371198754,0.3412032918057085,"[0.1, 0.1, np.float64(19.01123634501727), np.float64(2.1710681280957536), 0.1]",0.30314408477542126,0.3412032918057085,3463715.7371198754,0
4057528.783840683,0.24575608082977113,"[0.1, 0.1, np.float64(18.998503679626392), np.float64(1.8184527504993864), 0.1]",0.3022235543564434,0.24575608082977113,4057528.783840683,0
3922360.494377793,0.26325990114298115,"[0.1, 0.1, np.float64(19.001004813211157), np.float64(1.8877185433507846), 0.1]",0.3023925808463114,0.26325990114298115,3922360.494377793,0
4316899.283917423,0.21707597352560076,"[0.1, 0.1, np.float64(18.994202577718816), np.float64(1.6993390671767834), 0.1]",0.3019466267348986,0.21707597352560076,4316899.283917423,0
4110971.8376118774,0.2393562468036585,"[0.1, 0.1, np.float64(18.997566847906224), np.float64(1.792508357820241), 0.1]",0.30216175061116496,0.2393562468036585,4110971.8376118774,0
4955252.185041522,0.16581691124374456,"[0.1, 0.1, np.float64(18.98475727861449), np.float64(1.464661104785617), 0.1]",0.30145280889605575,0.16581691124374456,4955252.185041522,0
4065108.5923068193,0.24483141098927486,"[0.1, 0.1, np.float64(18.99836909046273), np.float64(1.8147254705223146), 0.1]",0.30221462469974164,0.24483141098927486,4065108.5923068193,0
4200614.366955153,0.22921722913912068,"[0.1, 0.1, np.float64(18.996056393130516), np.float64(1.750678185996262), 0.1]",0.30206384336964254,0.22921722913912068,4200614.366955153,0
4870554.72341687,0.1714187867855153,"[0.1, 0.1, np.float64(18.986713660273164), np.float64(1.4919427858939678), 0.1]",0.3015065265985361,0.1714187867855153,4870554.72341687,0
3992304.2438909127,0.2539557186234027,"[0.1, 0.1, np.float64(18.999686157379752), np.float64(1.8512000054298634), 0.1]",0.30230273807143004,0.2539557186234027,3992304.2438909127,0
7110748.562958346,0.08478997318095971,"[0.1, 0.1, np.float64(19.73885160078302), 1, 0.1]",0.30063030367228744,0.08478997318095971,7110748.562958346,0
4296991.250076002,0.21907887308531535,"[0.1, 0.1, np.float64(18.994511933147493), np.float64(1.7079062821272), 0.1]",0.3019659607763289,0.21907887308531535,4296991.250076002,0
4942754.59636168,0.1666250584209072,"[0.1, 0.1, np.float64(18.9858716850226), np.float64(1.4686253255045412), 0.1]",0.30146043016341667,0.1666250584209072,4942754.59636168,0
3935013.7929692585,0.26153558364175705,"[0.1, 0.1, np.float64(19.000762228573258), np.float64(1.8810004626452344), 0.1]",0.30237593145822744,0.26153558364175705,3935013.7929692585,0
4042353.0939163393,0.2476246990544818,"[0.1, 0.1, np.float64(18.99877488606328), np.float64(1.8259634764325263), 0.1]",0.3022415998127818,0.2476246990544818,4042353.0939163393,0
4327302.472489755,0.21604122063469666,"[0.1, 0.1, np.float64(18.99404219198723), np.float64(1.6948973832427172), 0.1]",0.30193663876142424,0.21604122063469666,4327302.472489755,0
3896408.7125092447,0.2668555144038219,"[0.1, 0.1, np.float64(19.001508092790353), np.float64(1.9016562471547822), 0.1]",0.30242729709577326,0.2668555144038219,3896408.7125092447,0
3877997.2156096385,0.2694556925097122,"[0.1, 0.1, np.float64(19.001869910730765), np.float64(1.9116763463063335), 0.1]",0.3024524006472758,0.2694556925097122,3877997.2156096385,0
4040665.7412135475,0.24783390711499548,"[0.1, 0.1, np.float64(18.998805185586406), np.float64(1.8268025841495894), 0.1]",0.3022436201536424,0.24783390711499548,4040665.7412135475,0
4128631.731066965,0.2373013550541457,"[0.1, 0.1, np.float64(18.997263370002493), np.float64(1.784103913634372), 0.1]",0.30214190671850116,0.2373013550541457,4128631.731066965,0
4307666.6505543785,0.21800110540213785,"[0.1, 0.1, np.float64(18.99434564601852), np.float64(1.7033011663110396), 0.1]",0.3019555568956121,0.21800110540213785,4307666.6505543785,0
4008931.138300868,0.2518232615050597,"[0.1, 0.1, np.float64(18.999380511093413), np.float64(1.8427355105766214), 0.1]",0.3022821453466724,0.2518232615050597,4008931.138300868,0
3572139.6874201805,0.3196001248873717,"[0.1, 0.1, np.float64(19.01297443650948), np.float64(2.0961420156783666), 0.1]",0.3029347404972424,0.3196001248873717,3572139.6874201805,0
4056616.9702155027,0.24586770022174786,"[0.1, 0.1, np.float64(18.998519908945912), np.float64(1.8189022013766905), 0.1]",0.30222463227902896,0.24586770022174786,4056616.9702155027,0
3936503.5920400545,0.2613337846512288,"[0.1, 0.1, np.float64(19.00073378588022), np.float64(1.8802127775348758), 0.1]",0.3023739829285044,0.2613337846512288,3936503.5920400545,0
4278148.147934627,0.2210026412051527,"[0.1, 0.1, np.float64(18.994807725769135), np.float64(1.7160978919565886), 0.1]",0.3019845321292084,0.2210026412051527,4278148.147934627,0
3979321.1499228203,0.2556415536853241,"[0.1, 0.1, np.float64(18.999926873202792), np.float64(1.8578663316255062), 0.1]",0.30231901757062285,0.2556415536853241,3979321.1499228203,0
4302806.78523672,0.21849066980712772,"[0.1, 0.1, np.float64(18.99442123145384), np.float64(1.7053944112051098), 0.1]",0.301960282701158,0.21849066980712772,4302806.78523672,0
7090563.705778633,0.08479328020900992,"[0.1, 0.1, np.float64(18.967411714805923), 1, 0.1]",0.3006823530189841,0.08479328020900992,7090563.705778633,0
4218862.4168879585,0.2272393782653315,"[0.1, 0.1, np.float64(18.995757839427693), np.float64(1.742410111447687), 0.1]",0.3020447460124701,0.2272393782653315,4218862.4168879585,0
4062804.513108768,0.24511188352818739,"[0.1, 0.1, np.float64(18.998409941360126), np.float64(1.8158567854646033), 0.1]",0.3022173332598159,0.24511188352818739,4062804.513108768,0
4415786.803681736,0.20755661902482042,"[0.1, 0.1, np.float64(18.992712192524813), np.float64(1.6580646975287332), 0.1]",0.3018547566807387,0.20755661902482042,4415786.803681736,0
3932296.4204500047,0.26190432261697444,"[0.1, 0.1, np.float64(19.000814172127154), np.float64(1.882438974952578), 0.1]",0.3023794919096486,0.26190432261697444,3932296.4204500047,0
3704540.164108559,0.2961518390400073,"[0.1, 0.1, np.float64(19.005487269275395), np.float64(2.0118546051357837), 0.1]",0.3027100294674257,0.2961518390400073,3704540.164108559,0
2228915.661017329,1.5721040800584123,"[np.float64(0.11892225303427072), 0.1, np.float64(17.522282314401817), np.float64(4.512256592482056), np.float64(0.11336146590162043)]",0.3470457961113472,1.5721040800584123,2228915.661017329,0
4055971.55290257,0.24594675909131056,"[0.1, 0.1, np.float64(18.998531401756594), np.float64(1.8192204805157535), 0.1]",0.302225395760454,0.24594675909131056,4055971.55290257,0
4196280.594257728,0.22969109965829396,"[0.1, 0.1, np.float64(18.996127729943645), np.float64(1.7526537705676455), 0.1]",0.30206841898477027,0.22969109965829396,4196280.594257728,0
4428885.258561058,0.20634692826683054,"[0.1, 0.1, np.float64(18.992520349942556), np.float64(1.652751855126628), 0.1]",0.301843084956185,0.20634692826683054,4428885.258561058,0
3993345.9507773747,0.25382124635333575,"[0.1, 0.1, np.float64(18.99966692175767), np.float64(1.8506672987312964), 0.1]",0.3023014395098511,0.25382124635333575,3993345.9507773747,0
3176656.719025271,0.4117941518321987,"[0.1, 0.1, np.float64(19.026573428515174), np.float64(2.4004782599924557), 0.1]",0.30381877265813617,0.4117941518321987,3176656.719025271,0
4070076.733785827,0.2442284346936608,"[0.1, 0.1, np.float64(18.998281186758227), np.float64(1.8122910864398234), 0.1]",0.30220880167897385,0.2442284346936608,4070076.733785827,0
4505960.59615253,0.19945622905375016,"[0.1, 0.1, np.float64(18.991416578348716), np.float64(1.622184269676543), 0.1]",0.3017766147741677,0.19945622905375016,4505960.59615253,0
4864414.844128177,0.17183676679968443,"[0.1, 0.1, np.float64(18.98678650864483), np.float64(1.493960231204407), 0.1]",0.3015105472707377,0.17183676679968443,4864414.844128177,0
3752757.157819666,0.28830722909579715,"[0.1, 0.1, np.float64(19.004442045084936), np.float64(1.982908417414903), 0.1]",0.30263435041073034,0.28830722909579715,3752757.157819666,0
3855137.4433868867,0.27274256956703846,"[0.1, 0.1, np.float64(19.002324770000644), np.float64(1.924273109692312), 0.1]",0.3024841317952339,0.27274256956703846,3855137.4433868867,0
4790457.8094174955,0.1770045695542455,"[0.1, 0.1, np.float64(18.987679910946582), np.float64(1.518701899999376), 0.1]",0.3015602748666359,0.1770045695542455,4790457.8094174955,0
3858485.7408562438,0.27225702358230447,"[0.1, 0.1, np.float64(19.00225775194666), np.float64(1.9224171277995958), 0.1]",0.3024794445503553,0.27225702358230447,3858485.7408562438,0
3966474.1561908773,0.257327892034877,"[0.1, 0.1, np.float64(19.000166860484896), np.float64(1.864512481783192), 0.1]",0.3023353016315198,0.257327892034877,3966474.1561908773,0
4261436.324261394,0.22273206420107908,"[0.1, 0.1, np.float64(18.995072529545556), np.float64(1.723431304148388), 0.1]",0.30200122824145287,0.22273206420107908,4261436.324261394,0
4571350.319796502,0.19389973233410626,"[0.1, 0.1, np.float64(18.99051243660255), np.float64(1.597145185287257), 0.1]",0.30172303593117966,0.19389973233410626,4571350.319796502,0
3693621.7256012545,0.2979771769331418,"[0.1, 0.1, np.float64(19.00572846611001), np.float64(2.0185342523504275), 0.1]",0.30272763549366893,0.2979771769331418,3693621.7256012545,0
4043923.756893493,0.24743021928151449,"[0.1, 0.1, np.float64(18.998746708041455), np.float64(1.825183121063075), 0.1]",0.30223972170319846,0.24743021928151449,4043923.756893493,0
3940941.7471468546,0.2607341341928962,"[0.1, 0.1, np.float64(19.000649202252557), np.float64(1.8778703388629951), 0.1]",0.3023681927893697,0.2607341341928962,3940941.7471468546,0
4302278.5080872085,0.21854399482513392,"[0.1, 0.1, np.float64(18.99442945931347), np.float64(1.7056222715736915), 0.1]",0.30196079745657467,0.21854399482513392,4302278.5080872085,0
4019203.9469092963,0.25052039296844214,"[0.1, 0.1, np.float64(18.999193126906643), np.float64(1.8375461379083797), 0.1]",0.3022695636372201,0.25052039296844214,4019203.9469092963,0
3526687.4659817154,0.32836787851133037,"[0.1, 0.1, np.float64(19.014346659689053), np.float64(2.126851442425365), 0.1]",0.3030190738065996,0.32836787851133037,3526687.4659817154,0
4050941.0648568543,0.2465643894890362,"[0.1, 0.1, np.float64(18.998621122754457), np.float64(1.8217051922841119), 0.1]",0.30223136029191405,0.2465643894890362,4050941.0648568543,0
4343128.203261579,0.21448251014170214,"[0.1, 0.1, np.float64(18.993799859929343), np.float64(1.6881862974274597), 0.1]",0.30192159399348995,0.21448251014170214,4343128.203261579,0
4146695.9070157744,0.23522918091983608,"[0.1, 0.1, np.float64(18.99695599370054), np.float64(1.7755915081442635), 0.1]",0.30212189627961156,0.23522918091983608,4146695.9070157744,0
4040803.897976163,0.2478167667104158,"[0.1, 0.1, np.float64(18.99880270363385), np.float64(1.8267338495515493), 0.1]",0.30224345462727836,0.2478167667104158,4040803.897976163,0
3919402.089506674,0.26366575252692653,"[0.1, 0.1, np.float64(19.001061793453168), np.float64(1.8892965404891897), 0.1]",0.30239649952816855,0.26366575252692653,3919402.089506674,0
3551610.865586857,0.323520599821203,"[0.1, 0.1, np.float64(19.009028486462054), np.float64(2.109924223482855), 0.1]",0.30297384842774644,0.323520599821203,3551610.865586857,0
3888646.7010050216,0.2679466559588598,"[0.1, 0.1, np.float64(19.001660142269962), np.float64(1.9058670689285364), 0.1]",0.302437831751775,0.2679466559588598,3888646.7010050216,0
4053172.87397959,0.2462900598815228,"[0.1, 0.1, np.float64(18.998581285876003), np.float64(1.8206019593390774), 0.1]",0.30222871105839166,0.2462900598815228,4053172.87397959,0
4667062.633939828,0.1862096115948204,"[0.1, 0.1, np.float64(18.9892392745839), np.float64(1.561886542091252), 0.1]",0.301648920978019,0.1862096115948204,4667062.633939828,0
4178018.8760442296,0.23170564685314635,"[0.1, 0.1, np.float64(18.996430175573547), np.float64(1.7610296272101098), 0.1]",0.3020878715301996,0.23170564685314635,4178018.8760442296,0
3764326.4069971777,0.2864758684086921,"[0.1, 0.1, np.float64(19.00419597144895), np.float64(1.9760937132343404), 0.1]",0.30261667948608834,0.2864758684086921,3764326.4069971777,0
4044723.6293679858,0.24733127526406143,"[0.1, 0.1, np.float64(18.998732367829685), np.float64(1.82478598668206), 0.1]",0.3022387661910677,0.24733127526406143,4044723.6293679858,0
4226238.998633983,0.22644777389291545,"[0.1, 0.1, np.float64(18.995637980636502), np.float64(1.739090770868513), 0.1]",0.3020371028041482,0.22644777389291545,4226238.998633983,0
4096027.657520075,0.24111804087844613,"[0.1, 0.1, np.float64(18.997825994159477), np.float64(1.799685091924192), 0.1]",0.3021787642880758,0.24111804087844613,4096027.657520075,0
4078554.5290026506,0.24320510750222077,"[0.1, 0.1, np.float64(18.998131751956738), np.float64(1.8081526749339751), 0.1]",0.3021989192813679,0.24320510750222077,4078554.5290026506,0
3064322.277923271,0.44634296953814523,"[0.1, 0.1, np.float64(19.03126491714617), np.float64(2.5054706027779283), 0.1]",0.30414823562067833,0.44634296953814523,3064322.277923271,0
4048377.3342597806,0.24688013773739115,"[0.1, 0.1, np.float64(18.99866694657309), np.float64(1.8229742261127444), 0.1]",0.30223440950851793,0.24688013773739115,4048377.3342597806,0
4299798.687200379,0.2187945961592081,"[0.1, 0.1, np.float64(18.99446811264519), np.float64(1.706692727659814), 0.1]",0.30196321656565467,0.2187945961592081,4299798.687200379,0
4369822.072418259,0.21189469849471967,"[0.1, 0.1, np.float64(18.9933955635689), np.float64(1.6769898111128083), 0.1]",0.30189661831797565,0.21189469849471967,4369822.072418259,0
3837566.6087799002,0.2753140962280071,"[0.1, 0.1, np.float64(19.00267870773577), np.float64(1.9340749763311484), 0.1]",0.3025089551715498,0.2753140962280071,3837566.6087799002,0
4285508.667411287,0.22024789798523584,"[0.1, 0.1, np.float64(18.99469183425057), np.float64(1.712888420072723), 0.1]",0.30197724598446735,0.22024789798523584,4285508.667411287,0
3154795.091878123,0.41819477226765167,"[0.1, 0.1, np.float64(19.020234240183857), np.float64(2.4202536760024502), 0.1]",0.30388274906357843,0.41819477226765167,3154795.091878123,0
4119429.727360445,0.2383684672856131,"[0.1, 0.1, np.float64(18.997421131914038), np.float64(1.7884729341263375), 0.1]",0.3021522116823058,0.2383684672856131,4119429.727360445,0
4075007.281486127,0.24363242663225412,"[0.1, 0.1, np.float64(18.99819419119015), np.float64(1.8098818520695812), 0.1]",0.30220304595366265,0.24363242663225412,4075007.281486127,0
4191219.860549243,0.23024649333004377,"[0.1, 0.1, np.float64(18.99621124484842), np.float64(1.7549666122843963), 0.1]",0.30207378182259814,0.23024649333004377,4191219.860549243,0
4086784.4936225596,0.24221840759733546,"[0.1, 0.1, np.float64(18.99798736496002), np.float64(1.804154056121376), 0.1]",0.302189390614925,0.24221840759733546,4086784.4936225596,0
4133985.424154594,0.23668411218357102,"[0.1, 0.1, np.float64(18.99717195332172), np.float64(1.7815722420305686), 0.1]",0.30213594612590083,0.23668411218357102,4133985.424154594,0
4035603.4745008284,0.24846330145898185,"[0.1, 0.1, np.float64(18.998896262764934), np.float64(1.8293248536596456), 0.1]",0.30224969826249404,0.24846330145898185,4035603.4745008284,0
3913859.414124387,0.264428904585516,"[0.1, 0.1, np.float64(19.00116881777505), np.float64(1.8922604463576842), 0.1]",0.30240386803370384,0.264428904585516,3913859.414124387,0
4368767.58970928,0.21199595407934058,"[0.1, 0.1, np.float64(18.99341142950136), np.float64(1.6774291984361827), 0.1]",0.3018975955128522,0.21199595407934058,4368767.58970928,0
3990871.939107058,0.25414080372473113,"[0.1, 0.1, np.float64(18.999712624520985), np.float64(1.8519329800831041), 0.1]",0.3023045253844973,0.25414080372473113,3990871.939107058,0
3615105.616995166,0.3116622681535426,"[0.1, 0.1, np.float64(19.011715592439252), np.float64(2.0679699367220303), 0.1]",0.30285835108145537,0.3116622681535426,3615105.616995166,0
4072879.551170427,0.24388933510121097,"[0.1, 0.1, np.float64(18.998231703668907), np.float64(1.8109207136475047), 0.1]",0.30220552695085146,0.24388933510121097,4072879.551170427,0
3954325.83066854,0.2589394038944534,"[0.1, 0.1, np.float64(19.000395458215152), np.float64(1.8708432124274623), 0.1]",0.3023508628143351,0.2589394038944534,3954325.83066854,0
6242370.478198955,0.10791919968505279,"[0.1, 0.1, 20, np.float64(1.1496653324213644), 0.1]",0.3008103906669278,0.10791919968505279,6242370.478198955,0
4480155.122892185,0.20172092159935234,"[0.1, 0.1, np.float64(18.991781435364754), np.float64(1.6322885322586795), 0.1]",0.30179845785804726,0.20172092159935234,4480155.122892185,0
3825156.1842226344,0.277154537320646,"[0.1, 0.1, np.float64(19.002930996917854), np.float64(1.9410618123527321), 0.1]",0.30252672017611043,0.277154537320646,3825156.1842226344,0
3993702.507989729,0.25377524582282646,"[0.1, 0.1, np.float64(18.99966034041852), np.float64(1.8504850367053751), 0.1]",0.3023009952950637,0.25377524582282646,3993702.507989729,0
4567728.006482302,0.1942009010831366,"[0.1, 0.1, np.float64(18.990561774508578), np.float64(1.5985115374081869), 0.1]",0.3017259394267345,0.1942009010831366,4567728.006482302,0
4045887.148592502,0.24718746414598575,"[0.1, 0.1, np.float64(18.998711519749268), np.float64(1.8242086249496448), 0.1]",0.30223737739248596,0.24718746414598575,4045887.148592502,0
4005711.602505224,0.25223387692866067,"[0.1, 0.1, np.float64(18.999439466108207), np.float64(1.8443681965983998), 0.1]",0.3022861106074812,0.25223387692866067,4005711.602505224,0
3971300.848151499,0.2566921867588491,"[0.1, 0.1, np.float64(19.00007648508673), np.float64(1.8620096472100702), 0.1]",0.3023291630059959,0.2566921867588491,3971300.848151499,0
4424700.230725016,0.20673217620552636,"[0.1, 0.1, np.float64(18.99258150711002), np.float64(1.6544455270356277), 0.1]",0.3018468019501534,0.20673217620552636,4424700.230725016,0
3499600.1526189,0.3337950916215606,"[0.1, 0.1, np.float64(19.010318572168725), np.float64(2.1456515472304605), 0.1]",0.30307278666781173,0.3337950916215606,3499600.1526189,0
4044583.3739826186,0.24734862012245346,"[0.1, 0.1, np.float64(18.998734881874054), np.float64(1.8248556100230868), 0.1]",0.3022389336920932,0.24734862012245346,4044583.3739826186,0
4025532.664659117,0.24972324155998657,"[0.1, 0.1, np.float64(18.999078234503557), np.float64(1.834364335288677), 0.1]",0.3022618655535783,0.24972324155998657,4025532.664659117,0
4281089.867351362,0.22070049203255726,"[0.1, 0.1, np.float64(18.99476135449068), np.float64(1.7148136969071308), 0.1]",0.3019816152200076,0.22070049203255726,4281089.867351362,0
3963992.5817762213,0.2576557384627284,"[0.1, 0.1, np.float64(19.000213424904175), np.float64(1.8658020256283345), 0.1]",0.30233846742947823,0.2576557384627284,3963992.5817762213,0
6209258.160797341,0.10832317654373332,"[0.1, 0.1, np.float64(18.970789917181616), np.float64(1.1520810018133496), 0.1]",0.30090386811969855,0.10832317654373332,6209258.160797341,0
4062070.042380204,0.24520140053564385,"[0.1, 0.1, np.float64(18.99842297456796), np.float64(1.8162177239923143), 0.1]",0.3022181977372583,0.24520140053564385,4062070.042380204,0
4337574.639802199,0.21502739211248678,"[0.1, 0.1, np.float64(18.99388467319503), np.float64(1.6905350956395977), 0.1]",0.30192685312650164,0.21502739211248678,4337574.639802199,0
4420044.644432195,0.20716212340349896,"[0.1, 0.1, np.float64(18.9926496923318), np.float64(1.656333832192928), 0.1]",0.3018509503033595,0.20716212340349896,4420044.644432195,0
3762005.213101605,0.2868417625460388,"[0.1, 0.1, np.float64(19.00424519876352), np.float64(1.9774570026621034), 0.1]",0.3026202101180156,0.2868417625460388,3762005.213101605,0
3899299.5911785895,0.26645099721612,"[0.1, 0.1, np.float64(19.001451643983835), np.float64(1.9000929674632083), 0.1]",0.3024233915377097,0.26645099721612,3899299.5911785895,0
4347605.525544904,0.21404486439103299,"[0.1, 0.1, np.float64(18.993731659703563), np.float64(1.6862975767529296), 0.1]",0.30191736997163116,0.21404486439103299,4347605.525544904,0
4103956.0104862526,0.24018071553757545,"[0.1, 0.1, np.float64(18.99768824028408), np.float64(1.7958701691804417), 0.1]",0.30216971250151464,0.24018071553757545,4103956.0104862526,0
3994040.16497181,0.25373169629222414,"[0.1, 0.1, np.float64(18.99965410919126), np.float64(1.8503124705940446), 0.1]",0.3023005747487542,0.25373169629222414,3994040.16497181,0
4499013.717398329,0.20006179067755891,"[0.1, 0.1, np.float64(18.991514342134604), np.float64(1.6248917164850878), 0.1]",0.3017824551471017,0.20006179067755891,4499013.717398329,0
3659587.4350694316,0.3037878709111839,"[0.1, 0.1, np.float64(19.00649135052465), np.float64(2.0396613901233938), 0.1]",0.30278367219272423,0.3037878709111839,3659587.4350694316,0
3626967.194486552,0.30953492123788734,"[0.1, 0.1, np.float64(19.007238660239306), np.float64(2.060357205895371), 0.1]",0.30283908006965776,0.30953492123788734,3626967.194486552,0
4042822.1124952883,0.24756659881868745,"[0.1, 0.1, np.float64(18.998766469136136), np.float64(1.825730380073569), 0.1]",0.30224103873341124,0.24756659881868745,4042822.1124952883,0
3968667.4859005287,0.2570386965782076,"[0.1, 0.1, np.float64(19.00012576084127), np.float64(1.8633742781228062), 0.1]",0.3023325090499008,0.2570386965782076,3968667.4859005287,0
4283618.857528015,0.22044127503884028,"[0.1, 0.1, np.float64(18.99472154654345), np.float64(1.713711265176259), 0.1]",0.30197911279338774,0.22044127503884028,4283618.857528015,0
4000993.6601275806,0.25283758687807734,"[0.1, 0.1, np.float64(18.999526057186337), np.float64(1.8467662291212983), 0.1]",0.30229194053494024,0.25283758687807734,4000993.6601275806,0
4130661.4351616665,0.23706657173852094,"[0.1, 0.1, np.float64(18.998988295816837), np.float64(1.7831416455725697), 0.1]",0.3021392500125884,0.23706657173852094,4130661.4351616665,0
4065297.1211856385,0.24480848492848847,"[0.1, 0.1, np.float64(18.99836575023204), np.float64(1.8146329669757062), 0.1]",0.3022144032997651,0.24480848492848847,4065297.1211856385,0
4312214.884221446,0.217544557161546,"[0.1, 0.1, np.float64(18.99427508084753), np.float64(1.7013469514118043), 0.1]",0.30195114986781807,0.217544557161546,4312214.884221446,0
4551466.400472853,0.195562383256076,"[0.1, 0.1, np.float64(18.990784334450666), np.float64(1.6046750589968548), 0.1]",0.30173906595143807,0.195562383256076,4551466.400472853,0
4326355.829707399,0.21613504445724813,"[0.1, 0.1, np.float64(18.99405675054691), np.float64(1.695300564498349), 0.1]",0.3019375443824858,0.21613504445724813,4326355.829707399,0
4117798.607264778,0.23855844156117662,"[0.1, 0.1, np.float64(18.99744918031544), np.float64(1.7892496998188907), 0.1]",0.3021540462478109,0.23855844156117662,4117798.607264778,0
7090603.428680621,0.08479327333440018,"[0.1, 0.1, np.float64(18.968923159642376), 1, 0.1]",0.30068224483298234,0.08479327333440018,7090603.428680621,0
4125268.4499910977,0.23769046867029514,"[0.1, 0.1, np.float64(18.997320937967867), np.float64(1.785698187042489), 0.1]",0.3021456643279941,0.23769046867029514,4125268.4499910977,0
4002338.8904479966,0.25266520894208466,"[0.1, 0.1, np.float64(18.99950134340089), np.float64(1.8460818114821438), 0.1]",0.3022902759124691,0.25266520894208466,4002338.8904479966,0
4175133.864504554,0.2320265559932228,"[0.1, 0.1, np.float64(18.996478231220873), np.float64(1.762360468766586), 0.1]",0.3020909702985624,0.2320265559932228,4175133.864504554,0
4317931.456615017,0.21697294656334182,"[0.1, 0.1, np.float64(18.994186625950796), np.float64(1.6988973027441492), 0.1]",0.3019456322485828,0.21697294656334182,4317931.456615017,0
3937615.78219722,0.26118330106153576,"[0.1, 0.1, np.float64(19.00071256865216), np.float64(1.8796251927160628), 0.1]",0.30237252988565316,0.26118330106153576,3937615.78219722,0
4035949.4176544244,0.2484202066622714,"[0.1, 0.1, np.float64(18.99889003040306), np.float64(1.8291522561265614), 0.1]",0.30224928209321095,0.2484202066622714,4035949.4176544244,0
4116790.2810144466,0.23867600413123133,"[0.1, 0.1, np.float64(18.99746653197803), np.float64(1.7897302325957776), 0.1]",0.30215518154082394,0.23867600413123133,4116790.2810144466,0
4213025.995885597,0.22786892007819226,"[0.1, 0.1, np.float64(18.99585300959941), np.float64(1.745045731328259), 0.1]",0.30205082454214205,0.22786892007819226,4213025.995885597,0
4103071.274297488,0.24028501650020606,"[0.1, 0.1, np.float64(18.997703582259213), np.float64(1.7962950461552625), 0.1]",0.3021707197379016,0.24028501650020606,4103071.274297488,0
3082558.442559689,0.44041035221540115,"[0.1, 0.1, np.float64(19.03047274726188), np.float64(2.4877423764988924), 0.1]",0.30409173988895805,0.44041035221540115,3082558.442559689,0
4057253.835983382,0.24578972972990665,"[0.1, 0.1, np.float64(18.998508572525918), np.float64(1.818588253283739), 0.1]",0.3022238793081406,0.24578972972990665,4057253.835983382,0
3934739.0969368275,0.26157282024552575,"[0.1, 0.1, np.float64(19.000767475700094), np.float64(1.8811457753157799), 0.1]",0.30237629100654895,0.26157282024552575,3934739.0969368275,0
5998439.747127596,0.11618631472291559,"[0.1, 0.1, 20, np.float64(1.1991539877907165), 0.1]",0.3008811968354966,0.11618631472291559,5998439.747127596,0
4955722.335033475,0.16578712475250026,"[0.1, 0.1, np.float64(18.985723261073602), np.float64(1.4645149083047568), 0.1]",0.3014523757264858,0.16578712475250026,4955722.335033475,0
4214310.031024341,0.2277301735458552,"[0.1, 0.1, np.float64(18.995832046180613), np.float64(1.7444651754423948), 0.1]",0.3020494848708041,0.2277301735458552,4214310.031024341,0
4199553.989605893,0.2293330265789027,"[0.1, 0.1, np.float64(18.9960738322269), np.float64(1.7511611401436464), 0.1]",0.3020649614869056,0.2293330265789027,4199553.989605893,0
4767781.508386774,0.1786398924212195,"[0.1, 0.1, np.float64(18.987959875958847), np.float64(1.526455183815619), 0.1]",0.30157601710141124,0.1786398924212195,4767781.508386774,0
3933888.4106844715,0.26168819089773193,"[0.1, 0.1, np.float64(19.000783730547276), np.float64(1.8815959331499874), 0.1]",0.30237740499838456,0.26168819089773193,3933888.4106844715,0
3983167.416032578,0.2551402096446445,"[0.1, 0.1, np.float64(18.999855371586914), np.float64(1.8558861830462983), 0.1]",0.30231417630179575,0.2551402096446445,3983167.416032578,0
4446123.38314195,0.20477238786381288,"[0.1, 0.1, np.float64(18.992269794725313), np.float64(1.6458130391109227), 0.1]",0.30182789407524,0.20477238786381288,4446123.38314195,0
3642863.3043252127,0.3067121057570375,"[0.1, 0.1, np.float64(19.00687248365031), np.float64(2.0502163993765743), 0.1]",0.30281186696755286,0.3067121057570375,3642863.3043252127,0
4212315.59503726,0.22794574200871703,"[0.1, 0.1, np.float64(18.99586461396819), np.float64(1.7453670999303768), 0.1]",0.3020515663002164,0.22794574200871703,4212315.59503726,0
4058808.179960827,0.24559960409274448,"[0.1, 0.1, np.float64(18.998480921840105), np.float64(1.8178225018312075), 0.1]",0.3022220432406123,0.24559960409274448,4058808.179960827,0
3938151.6690537557,0.26111084436618637,"[0.1, 0.1, np.float64(19.000702350518125), np.float64(1.8793422141660572), 0.1]",0.302371830255406,0.26111084436618637,3938151.6690537557,0
4271263.498042228,0.22171242797447988,"[0.1, 0.1, np.float64(18.994916532119863), np.float64(1.7191111489038937), 0.1]",0.3019913844201423,0.22171242797447988,4271263.498042228,0
4040656.4326208923,0.2478350620545666,"[0.1, 0.1, np.float64(18.998805352820025), np.float64(1.8268072154771513), 0.1]",0.30224363130699305,0.2478350620545666,4040656.4326208923,0
3972826.10706788,0.25649044792282044,"[0.1, 0.1, np.float64(19.00247694407209), np.float64(1.8612152342100634), 0.1]",0.30232663117314135,0.25649044792282044,3972826.10706788,0
4060905.4459084827,0.24534345113024153,"[0.1, 0.1, np.float64(18.998443651462892), np.float64(1.816790344955061), 0.1]",0.30221956953835716,0.24534345113024153,4060905.4459084827,0
4171443.3578772014,0.2324381259603384,"[0.1, 0.1, np.float64(18.996539814121935), np.float64(1.764065930839522), 0.1]",0.3020949445289658,0.2324381259603384,4171443.3578772014,0
4613530.067319386,0.19044812289703894,"[0.1, 0.1, np.float64(18.989944205229015), np.float64(1.581408722088729), 0.1]",0.30168976459706764,0.19044812289703894,4613530.067319386,0
4139231.284854851,0.23608185086028685,"[0.1, 0.1, np.float64(18.99708263943874), np.float64(1.7790988048040688), 0.1]",0.30213013023953655,0.23608185086028685,4139231.284854851,0
3851749.7185723744,0.27323528534555075,"[0.1, 0.1, np.float64(19.00239271611209), np.float64(1.9261547929855114), 0.1]",0.30248888819420694,0.27323528534555075,3851749.7185723744,0
4297625.2524749,0.21901462213203193,"[0.1, 0.1, np.float64(18.994502031551104), np.float64(1.7076320696946508), 0.1]",0.30196534054035434,0.21901462213203193,4297625.2524749,0
4161512.4682571795,0.23355159314531362,"[0.1, 0.1, np.float64(18.99670614609605), np.float64(1.7686722885861148), 0.1]",0.30210569658221526,0.23355159314531362,4161512.4682571795,0
3992843.867970727,0.2538860448111962,"[0.1, 0.1, np.float64(18.999676191512574), np.float64(1.8509240130975007), 0.1]",0.30230206525086556,0.2538860448111962,3992843.867970727,0
4308938.169634164,0.2178733135408174,"[0.1, 0.1, np.float64(18.994325901727713), np.float64(1.7027543726630632), 0.1]",0.3019543233229671,0.2178733135408174,4308938.169634164,0
3914726.1945370855,0.26430932109791355,"[0.1, 0.1, np.float64(19.00115205771987), np.float64(1.891796297414401), 0.1]",0.30240271341935115,0.26430932109791355,3914726.1945370855,0
3549581.1993275215,0.32391168929384545,"[0.1, 0.1, np.float64(19.00907796845073), np.float64(2.1112945657941884), 0.1]",0.30297761553097347,0.32391168929384545,3549581.1993275215,0
4044514.655093256,0.24735711905903687,"[0.1, 0.1, np.float64(18.99873611371693), np.float64(1.8248897243838578), 0.1]",0.3022390157671678,0.24735711905903687,4044514.655093256,0
3873904.405377441,0.27003936895829195,"[0.1, 0.1, np.float64(19.00195088740079), np.float64(1.913918894759462), 0.1]",0.30245803557906803,0.27003936895829195,3873904.405377441,0
4458476.796582839,0.20365605208501414,"[0.1, 0.1, np.float64(18.99209156395272), np.float64(1.6408771588966156), 0.1]",0.3018171246571648,0.20365605208501414,4458476.796582839,0
3943266.0456908825,0.26042099421013803,"[0.1, 0.1, np.float64(19.00060499329134), np.float64(1.8766460265076739), 0.1]",0.30236516913282696,0.26042099421013803,3943266.0456908825,0
2929866.3738769465,0.49457920648749004,"[0.1, 0.1, np.float64(19.037517115875236), np.float64(2.645390582075868), 0.1]",0.3046063149883326,0.49457920648749004,2929866.3738769465,0
4062824.163567807,0.24510948927455256,"[0.1, 0.1, np.float64(18.998409592736344), np.float64(1.8158471307612245), 0.1]",0.30221731013819525,0.24510948927455256,4062824.163567807,0
4105351.075968476,0.24001640298749496,"[0.1, 0.1, np.float64(18.997664064182477), np.float64(1.7952006420284599), 0.1]",0.3021681257331793,0.24001640298749496,4105351.075968476,0
4211534.59800546,0.22803024709559006,"[0.1, 0.1, np.float64(18.995877376640237), np.float64(1.7457205463052028), 0.1]",0.3020523822447092,0.22803024709559006,4211534.59800546,0
4082211.2874026597,0.242765881944214,"[0.1, 0.1, np.float64(18.998067515239107), np.float64(1.8063737187024247), 0.1]",0.3021946776305412,0.242765881944214,4082211.2874026597,0
4214004.145890806,0.2277632134336951,"[0.1, 0.1, np.float64(18.995837038810627), np.float64(1.7446034401390589), 0.1]",0.302049803888101,0.2277632134336951,4214004.145890806,0
4752710.853326025,0.17974037330768614,"[0.1, 0.1, np.float64(18.988147549824244), np.float64(1.5316525787742674), 0.1]",0.3015866123289884,0.17974037330768614,4752710.853326025,0
4042204.2349582934,0.24764314381501082,"[0.1, 0.1, np.float64(18.998777557930126), np.float64(1.8260374704712308), 0.1]",0.30224177793552676,0.24764314381501082,4042204.2349582934,0
3999695.9438564195,0.25300405948827026,"[0.1, 0.1, np.float64(18.99954991625437), np.float64(1.8474269764217592), 0.1]",0.3022935481285277,0.25300405948827026,3999695.9438564195,0
4559329.970791423,0.19490207844061871,"[0.1, 0.1, np.float64(18.990676493108502), np.float64(1.6016885267648864), 0.1]",0.3017326995597089,0.19490207844061871,4559329.970791423,0
4284306.356752727,0.22037089371679497,"[0.1, 0.1, np.float64(18.994710734009292), np.float64(1.71341182545198), 0.1]",0.3019784333501889,0.22037089371679497,4284306.356752727,0
4257575.081349981,0.22313479664742514,"[0.1, 0.1, np.float64(18.99513404558887), np.float64(1.725134914678899), 0.1]",0.30200511639559086,0.22313479664742514,4257575.081349981,0
4056466.95492079,0.2458860722699578,"[0.1, 0.1, np.float64(18.99852257986221), np.float64(1.8189761690912272), 0.1]",0.30222480970021015,0.2458860722699578,4056466.95492079,0
3897074.9779526927,0.2667621951351534,"[0.1, 0.1, np.float64(19.001495074284033), np.float64(1.9012957157671828), 0.1]",0.30242639611392386,0.2667621951351534,3897074.9779526927,0
4347027.994201398,0.2141012343966877,"[0.1, 0.1, np.float64(18.99374044802931), np.float64(1.6865409585357014), 0.1]",0.3019179140334747,0.2141012343966877,4347027.994201398,0
3973628.8777446686,0.25638649277063585,"[0.1, 0.1, np.float64(19.000032985698116), np.float64(1.8608049855881084), 0.1]",0.30232621108541635,0.25638649277063585,3973628.8777446686,0
2835615.6758464677,0.533913722261714,"[0.1, 0.1, np.float64(19.042389715530984), np.float64(2.754436067112973), 0.1]",0.30497811538389547,0.533913722261714,2835615.6758464677,0
4063453.038007968,0.24503288614230792,"[0.1, 0.1, np.float64(18.99839843775844), np.float64(1.8155382074819146), 0.1]",0.30221657037171623,0.24503288614230792,4063453.038007968,0
4093335.546961781,0.2414376796237851,"[0.1, 0.1, np.float64(18.9978729080023), np.float64(1.800984312620959), 0.1]",0.30218185105998185,0.2414376796237851,4093335.546961781,0
4776892.313471059,0.17797991543619407,"[0.1, 0.1, np.float64(18.987847045005637), np.float64(1.5233304704937076), 0.1]",0.30156966357093934,0.17797991543619407,4776892.313471059,0
4039655.2435792843,0.24795933359751426,"[0.1, 0.1, np.float64(18.99882334486569), np.float64(1.827305482869132), 0.1]",0.30224483140771885,0.24795933359751426,4039655.2435792843,0
3927562.8499055565,0.2625486982282163,"[0.1, 0.1, np.float64(19.000904855524094), np.float64(1.8849503391700053), 0.1]",0.30238571378690465,0.2625486982282163,3927562.8499055565,0
5050725.066793843,0.15985148838627208,"[0.1, 0.1, np.float64(18.98466086111437), np.float64(1.4350930589682698), 0.1]",0.301395349687442,0.15985148838627208,5050725.066793843,0
4033196.262609893,0.24876351257027887,"[0.1, 0.1, np.float64(18.998939664110914), np.float64(1.8305268001123396), 0.1]",0.30225259741899446,0.24876351257027887,4033196.262609893,0
4034373.5864927163,0.24861661037352129,"[0.1, 0.1, np.float64(18.998918429850928), np.float64(1.829938743615783), 0.1]",0.3022511787761988,0.24861661037352129,4034373.5864927163,0
4588568.053095561,0.19247856358097837,"[0.1, 0.1, np.float64(18.99027909540751), np.float64(1.590683090268264), 0.1]",0.30170933567616537,0.19247856358097837,4588568.053095561,0
4772177.892469059,0.1783209267829067,"[0.1, 0.1, np.float64(18.987905371266177), np.float64(1.5249457439461587), 0.1]",0.301572946394661,0.1783209267829067,4772177.892469059,0
3888489.2310834667,0.2679688681592938,"[0.1, 0.1, np.float64(19.001663234267554), np.float64(1.9059526979673604), 0.1]",0.3024380462015722,0.2679688681592938,3888489.2310834667,0
4053117.686921734,0.24629683732486699,"[0.1, 0.1, np.float64(18.998582270334772), np.float64(1.820629222703715), 0.1]",0.3022287765089793,0.24629683732486699,4053117.686921734,0
3912376.2803628566,0.2646337284238925,"[0.1, 0.1, np.float64(19.00119751568291), np.float64(1.8930551993261597), 0.1]",0.30240584566309536,0.2646337284238925,3912376.2803628566,0
4400368.267555284,0.2089954926567443,"[0.1, 0.1, np.float64(18.992939647824656), np.float64(1.664363789979418), 0.1]",0.3018686405956037,0.2089954926567443,4400368.267555284,0
3993646.69565475,0.25378244543783546,"[0.1, 0.1, np.float64(18.999661370513955), np.float64(1.850513563921052), 0.1]",0.30230106481982744,0.25378244543783546,3993646.69565475,0
5122145.415796855,0.15561197807981855,"[0.1, 0.1, np.float64(18.98248190492239), np.float64(1.4137397803540022), 0.1]",0.30135485111028826,0.15561197807981855,5122145.415796855,0
4063173.8013415565,0.24506689508221957,"[0.1, 0.1, np.float64(18.99840339037072), np.float64(1.8156753639370962), 0.1]",0.30221689880050395,0.24506689508221957,4063173.8013415565,0
4174253.970259272,0.2321245744310123,"[0.1, 0.1, np.float64(18.996492902642686), np.float64(1.7627667755989442), 0.1]",0.30209191678882946,0.2321245744310123,4174253.970259272,0
4243122.030215498,0.22465290268700844,"[0.1, 0.1, np.float64(18.995365429131013), np.float64(1.7315427949284954), 0.1]",0.30201977321470475,0.22465290268700844,4243122.030215498,0
4101911.1133183422,0.2404218997370573,"[0.1, 0.1, np.float64(18.99772371177025), np.float64(1.7968525079999256), 0.1]",0.30217204162272904,0.2404218997370573,4101911.1133183422,0
4049704.768747625,0.24671656852296603,"[0.1, 0.1, np.float64(18.998643211843714), np.float64(1.8223169222172952), 0.1]",0.30223282990232136,0.24671656852296603,4049704.768747625,0
4947153.413798474,0.1663400516389295,"[0.1, 0.1, np.float64(18.985821243840228), np.float64(1.467228419513232), 0.1]",0.30145769049585586,0.1663400516389295,4947153.413798474,0
4222460.097873665,0.2268527345192404,"[0.1, 0.1, np.float64(18.995699323101224), np.float64(1.7407895743551725), 0.1]",0.30204101282002055,0.2268527345192404,4222460.097873665,0
3998400.183593929,0.2531704608860176,"[0.1, 0.1, np.float64(18.999573757197638), np.float64(1.848087221779162), 0.1]",0.3022951550322033,0.2531704608860176,3998400.183593929,0
4557266.711812551,0.19507497820135386,"[0.1, 0.1, np.float64(18.990704748977425), np.float64(1.6024710380132545), 0.1]",0.3017343665598465,0.19507497820135386,4557266.711812551,0
3718511.0230141804,0.29384296692431866,"[0.1, 0.1, np.float64(19.005181100681188), np.float64(2.003375645613895), 0.1]",0.30268775763696504,0.29384296692431866,3718511.0230141804,0
3737344.6828568755,0.2907771162727557,"[0.1, 0.1, np.float64(19.00477266818447), np.float64(1.992064614134521), 0.1]",0.30265818060601196,0.2907771162727557,3737344.6828568755,0
4043542.9080678965,0.24747735301861953,"[0.1, 0.1, np.float64(18.99875353823775), np.float64(1.8253722748789805), 0.1]",0.30224017687825466,0.24747735301861953,4043542.9080678965,0
3934211.7661389206,0.26164432735492316,"[0.1, 0.1, np.float64(19.00077755093418), np.float64(1.881424796429076), 0.1]",0.30237698146259795,0.26164432735492316,3934211.7661389206,0
4465261.495861395,0.2030471635137376,"[0.1, 0.1, np.float64(18.99199414292548), np.float64(1.638179204363937), 0.1]",0.3018112509250033,0.2030471635137376,4465261.495861395,0
4027535.5080443854,0.2494718350712003,"[0.1, 0.1, np.float64(18.99904196122199), np.float64(1.8333597917399331), 0.1]",0.3022594377168056,0.2494718350712003,4027535.5080443854,0
4445026.913726657,0.20487204352431437,"[0.1, 0.1, np.float64(18.992871553558018), np.float64(1.6462530904718675), 0.1]",0.30182874435201645,0.20487204352431437,4445026.913726657,0
4085681.9720932166,0.2423502088346892,"[0.1, 0.1, np.float64(18.99800666901901), np.float64(1.8046886580950992), 0.1]",0.30219066343222906,0.2423502088346892,4085681.9720932166,0
4266807.759090355,0.22217379246784977,"[0.1, 0.1, np.float64(18.994987162498006), np.float64(1.7210671696343773), 0.1]",0.30199583851320055,0.22217379246784977,4266807.759090355,0
4697391.685017686,0.18387601570616113,"[0.1, 0.1, np.float64(18.988847704612862), np.float64(1.5510424973486794), 0.1]",0.30162644034239305,0.18387601570616113,4697391.685017686,0
4284204.966281687,0.22038127104625865,"[0.1, 0.1, np.float64(18.99471232836604), np.float64(1.7134559791849118), 0.1]",0.30197853353017057,0.22038127104625865,4284204.966281687,0
4339119.069596061,0.21487563498111414,"[0.1, 0.1, np.float64(18.993861062437272), np.float64(1.6898812249843922), 0.1]",0.3019253883744979,0.21487563498111414,4339119.069596061,0
3672754.045336598,0.3015179175126664,"[0.1, 0.1, np.float64(19.00619421404904), np.float64(2.0314325639249122), 0.1]",0.3027617831614714,0.3015179175126664,3672754.045336598,0
4096439.616958673,0.24106918949293013,"[0.1, 0.1, np.float64(18.997818821406142), np.float64(1.7994864514158544), 0.1]",0.3021782925274519,0.24106918949293013,4096439.616958673,0
4022753.196253582,0.25007282363377153,"[0.1, 0.1, np.float64(18.99912864207393), np.float64(1.8357603104372489), 0.1]",0.30226524146848865,0.25007282363377153,4022753.196253582,0
4721604.083350188,0.18204703670467234,"[0.1, 0.1, np.float64(18.988539052626003), np.float64(1.5424947633470532), 0.1]",0.30160882443786974,0.18204703670467234,4721604.083350188,0
4031526.2374040186,0.24897213683550282,"[0.1, 0.1, np.float64(18.99896980923138), np.float64(1.8313616318392623), 0.1]",0.3022546121138139,0.24897213683550282,4031526.2374040186,0
3958818.24651853,0.25834154360626027,"[0.1, 0.1, np.float64(19.000310733994226), np.float64(1.868496880199595), 0.1]",0.30234508975680513,0.25834154360626027,3958818.24651853,0
4046925.4407929378,0.24705924696258685,"[0.1, 0.1, np.float64(18.998692927134904), np.float64(1.8236937255524712), 0.1]",0.30223613918570086,0.24705924696258685,4046925.4407929378,0
4012582.483164158,0.25135890065625954,"[0.1, 0.1, np.float64(18.999313780961007), np.float64(1.8408875023150457), 0.1]",0.3022776610591197,0.25135890065625954,4012582.483164158,0
4594589.058293493,0.19198558824910825,"[0.1, 0.1, np.float64(18.990197951083207), np.float64(1.5884358988378284), 0.1]",0.30170458367911507,0.19198558824910825,4594589.058293493,0
3907966.468759287,0.26524427638435444,"[0.1, 0.1, np.float64(19.00128299319989), np.float64(1.895422393154065), 0.1]",0.3024117406223008,0.26524427638435444,3907966.468759287,0
3159558.0414523166,0.416758736944379,"[0.1, 0.1, np.float64(19.027259535093087), np.float64(2.415832861203559), 0.1]",0.3038661826516751,0.416758736944379,3159558.0414523166,0
4059770.6531069516,0.24548199641317187,"[0.1, 0.1, np.float64(18.99846381230446), np.float64(1.8173486744598626), 0.1]",0.3022209074881071,0.24548199641317187,4059770.6531069516,0
4027779.603378436,0.24944122346754258,"[0.1, 0.1, np.float64(18.999037543276877), np.float64(1.8332374422290076), 0.1]",0.3022591420998206,0.24944122346754258,4027779.603378436,0
4406490.613261334,0.20842220363381378,"[0.1, 0.1, np.float64(18.992849117994577), np.float64(1.6618566786060085), 0.1]",0.301863108724505,0.20842220363381378,4406490.613261334,0
4060126.97305658,0.2454384799774414,"[0.1, 0.1, np.float64(18.998457480495702), np.float64(1.8171733228687177), 0.1]",0.3022204872442605,0.2454384799774414,4060126.97305658,0
5383750.418151794,0.14176187066160964,"[0.1, 0.1, np.float64(19.342234138083434), np.float64(1.3418816859934022), 0.1]",0.30117718490297457,0.14176187066160964,5383750.418151794,0
4254931.777745034,0.22341118436205132,"[0.1, 0.1, np.float64(18.99517623048411), np.float64(1.7263031730369667), 0.1]",0.30200778478665763,0.22341118436205132,4254931.777745034,0
5497028.002462836,0.13607417311078973,"[0.1, 0.1, np.float64(18.98019121159272), np.float64(1.3113116584982105), 0.1]",0.3011675385007586,0.13607417311078973,5497028.002462836,0
4056676.9819601057,0.24586035134428058,"[0.1, 0.1, np.float64(18.99851884054273), np.float64(1.8188726132754796), 0.1]",0.30222456130999364,0.24586035134428058,4056676.9819601057,0
4034571.1117769163,0.24859197783820364,"[0.1, 0.1, np.float64(18.99891486867388), np.float64(1.829840121233766), 0.1]",0.3022509408983354,0.24859197783820364,4034571.1117769163,0
4346006.084616133,0.21420103748552546,"[0.1, 0.1, np.float64(18.9937560048966), np.float64(1.6869717866823892), 0.1]",0.3019188772978729,0.21420103748552546,4346006.084616133,0
4463079.778773428,0.20324263571234136,"[0.1, 0.1, np.float64(18.992025434150623), np.float64(1.6390457760384538), 0.1]",0.3018131365537206,0.20324263571234136,4463079.778773428,0
3517256.229353555,0.3302473396697014,"[0.1, 0.1, np.float64(19.009875408572483), np.float64(2.133378681021584), 0.1]",0.3030386305283867,0.3302473396697014,3517256.229353555,0
4051529.152233907,0.24649205429069745,"[0.1, 0.1, np.float64(18.998610620743786), np.float64(1.8214143521226904), 0.1]",0.3022306617424525,0.24649205429069745,4051529.152233907,0
4000828.2958662016,0.2528587900013273,"[0.1, 0.1, np.float64(18.999529096485762), np.float64(1.8468503987497358), 0.1]",0.30229214528949594,0.2528587900013273,4000828.2958662016,0
4308133.852046941,0.21795413586353032,"[0.1, 0.1, np.float64(18.99433838973893), np.float64(1.7031002126467283), 0.1]",0.3019551034988447,0.21795413586353032,4308133.852046941,0
4079722.080702751,0.2430647273391885,"[0.1, 0.1, np.float64(18.99811122773551), np.float64(1.8075842820801797), 0.1]",0.3021975636138738,0.2430647273391885,4079722.080702751,0
3567090.261576968,0.32055493304991906,"[0.1, 0.1, np.float64(19.013124787273675), np.float64(2.0995067641012426), 0.1]",0.30294392661331915,0.32055493304991906,3567090.261576968,0
4067023.389810114,0.24459872568686264,"[0.1, 0.1, np.float64(18.998335181858554), np.float64(1.8137864137814035), 0.1]",0.30221237762727915,0.24459872568686264,4067023.389810114,0
3993578.8615157055,0.25379119627933844,"[0.1, 0.1, np.float64(18.999662622533528), np.float64(1.8505482370504336), 0.1]",0.3023011493243659,0.25379119627933844,3993578.8615157055,0
4137948.027381267,0.2362289454297738,"[0.1, 0.1, np.float64(18.99710446380636), np.float64(1.7797032035998854), 0.1]",0.30213155069176884,0.2362289454297738,4137948.027381267,0
4133944.4234475386,0.23668882926832183,"[0.1, 0.1, np.float64(18.997172652400902), np.float64(1.7815916021617086), 0.1]",0.3021359916777333,0.23668882926832183,4133944.4234475386,0
4096603.592584185,0.24104974928878653,"[0.1, 0.1, np.float64(18.99781596683496), np.float64(1.7994073976070777), 0.1]",0.302178104792315,0.24104974928878653,4096603.592584185,0
3523316.05487828,0.3290440730339893,"[0.1, 0.1, np.float64(19.00972455766872), np.float64(2.129201052319389), 0.1]",0.3030270443380229,0.3290440730339893,3523316.05487828,0
4124508.099005154,0.23777858222204906,"[0.1, 0.1, np.float64(18.99733396744614), np.float64(1.786059022284804), 0.1]",0.3021465152284598,0.23777858222204906,4124508.099005154,0
4000843.326232568,0.25285686267639423,"[0.1, 0.1, np.float64(18.999528820224345), np.float64(1.846842748032425), 0.1]",0.3022921266776846,0.25285686267639423,4000843.326232568,0
4541237.434932194,0.1964267875197089,"[0.1, 0.1, np.float64(18.99092523222769), np.float64(1.6085770481971924), 0.1]",0.3017474006410618,0.1964267875197089,4541237.434932194,0
3629275.772068755,0.3091223074528261,"[0.1, 0.1, np.float64(19.00718524145464), np.float64(2.0588778389011515), 0.1]",0.30283510254158025,0.3091223074528261,3629275.772068755,0
3807198.946148901,0.27985366738835177,"[0.1, 0.1, np.float64(19.00329947047837), np.float64(1.951266230649055), 0.1]",0.302552772006251,0.27985366738835177,3807198.946148901,0
4042198.163490495,0.2476438961640595,"[0.1, 0.1, np.float64(18.998777666911593), np.float64(1.8260404885779384), 0.1]",0.30224178520103034,0.2476438961640595,4042198.163490495,0
4149515.889648357,0.23490837263905306,"[0.1, 0.1, np.float64(18.99690828457944), np.float64(1.7742702632018568), 0.1]",0.30211879835636896,0.23490837263905306,4149515.889648357,0
4250132.755622469,0.2239144118658566,"[0.1, 0.1, np.float64(18.995252970240855), np.float64(1.7284283854313292), 0.1]",0.30201264325622734,0.2239144118658566,4250132.755622469,0
3950226.012489944,0.2594870037492004,"[0.1, 0.1, np.float64(19.000472973295896), np.float64(1.872989896458399), 0.1]",0.3023561505049571,0.2594870037492004,3950226.012489944,0
6580735.60395302,0.09727368830469416,"[0.1, 0.1, np.float64(18.967702731893887), np.float64(1.0829918828863496), 0.1]",0.30079959001356893,0.09727368830469416,6580735.60395302,0
4059155.0546477903,0.24555720770652792,"[0.1, 0.1, np.float64(18.99847475450128), np.float64(1.8176517050308254), 0.1]",0.30222163381326284,0.24555720770652792,4059155.0546477903,0
4117305.756429335,0.2386158920586089,"[0.1, 0.1, np.float64(18.997457660268005), np.float64(1.7894845415887866), 0.1]",0.30215460104288533,0.2386158920586089,4117305.756429335,0
4002183.2504601674,0.2526851427882388,"[0.1, 0.1, np.float64(18.999504201746998), np.float64(1.846160969832968), 0.1]",0.30229046841012513,0.2526851427882388,4002183.2504601674,0
4209661.465769706,0.2282331321563915,"[0.1, 0.1, np.float64(18.995908008316107), np.float64(1.7465688525805478), 0.1]",0.30205434122048014,0.2282331321563915,4209661.465769706,0
3889090.733962654,0.26788403840928604,"[0.1, 0.1, np.float64(19.001651425043125), np.float64(1.905625656141972), 0.1]",0.3024372272041402,0.26788403840928604,3889090.733962654,0
5095643.964742028,0.15716409138519163,"[0.1, 0.1, np.float64(18.98417331533068), np.float64(1.4215910831184628), 0.1]",0.3013695485272013,0.15716409138519163,5095643.964742028,0
4126909.110761673,0.23750052240571778,"[0.1, 0.1, np.float64(18.99729284204525), np.float64(1.784920105308785), 0.1]",0.3021438300450508,0.23750052240571778,4126909.110761673,0
4007994.0819052155,0.2519426591358122,"[0.1, 0.1, np.float64(18.99939765887198), np.float64(1.8432103970383154), 0.1]",0.3022832983556066,0.2519426591358122,4007994.0819052155,0
4146649.317846618,0.2352344870502319,"[0.1, 0.1, np.float64(18.996956782527533), np.float64(1.7756133537295757), 0.1]",0.3021219475189813,0.2352344870502319,4146649.317846618,0
3738562.349383563,0.29058071468268104,"[0.1, 0.1, np.float64(19.00474642959652), np.float64(1.991337968980948), 0.1]",0.302656285748406,0.29058071468268104,3738562.349383563,0
3980980.3071838235,0.25542509142836983,"[0.1, 0.1, np.float64(18.99989601007818), np.float64(1.8570116156641816), 0.1]",0.3023169272886939,0.25542509142836983,3980980.3071838235,0
4058433.7956966395,0.2456453762896297,"[0.1, 0.1, np.float64(18.998487579649836), np.float64(1.8180068816150354), 0.1]",0.3022224852685837,0.2456453762896297,4058433.7956966395,0
4047167.578137504,0.24702936147432294,"[0.1, 0.1, np.float64(18.99868859277754), np.float64(1.823573690900537), 0.1]",0.302235850578353,0.24702936147432294,4047167.578137504,0
4187033.271914084,0.23070761839662143,"[0.1, 0.1, np.float64(18.99628050731455), np.float64(1.7568847503881446), 0.1]",0.3020782344486318,0.23070761839662143,4187033.271914084,0
4092014.401591578,0.24159479575120446,"[0.1, 0.1, np.float64(18.997895956673336), np.float64(1.801622616981461), 0.1]",0.30218336834188914,0.24159479575120446,4092014.401591578,0
4243579.014346909,0.22460452810620815,"[0.1, 0.1, np.float64(18.996673548477933), np.float64(1.7313391655532473), 0.1]",0.30201903110082967,0.22460452810620815,4243579.014346909,0
4075433.1052352064,0.24358106473559368,"[0.1, 0.1, np.float64(18.998186689190703), np.float64(1.8096740934983409), 0.1]",0.30220254994550305,0.24358106473559368,4075433.1052352064,0
4032751.941678853,0.24881899036571398,"[0.1, 0.1, np.float64(18.998947681608733), np.float64(1.8307488347716434), 0.1]",0.3022531331709727,0.24881899036571398,4032751.941678853,0
4067286.9614216313,0.24456672500256604,"[0.1, 0.1, np.float64(18.99833051721146), np.float64(1.8136572321651072), 0.1]",0.302212068592485,0.24456672500256604,4067286.9614216313,0
3954097.5734178266,0.25896984155150027,"[0.1, 0.1, np.float64(19.00039976896549), np.float64(1.8709625933121232), 0.1]",0.3023511567251172,0.25896984155150027,3954097.5734178266,0
3800092.170850853,0.280933858231357,"[0.1, 0.1, np.float64(19.003446430332115), np.float64(1.9553361015462964), 0.1]",0.3025631973320118,0.280933858231357,3800092.170850853,0
3548524.3267146824,0.3241156443853095,"[0.1, 0.1, np.float64(19.009103761570596), np.float64(2.112008874261647), 0.1]",0.3029795800600773,0.3241156443853095,3548524.3267146824,0
3945997.525232944,0.2600537863957351,"[0.1, 0.1, np.float64(19.000553116854736), np.float64(1.875209372930466), 0.1]",0.3023616233828649,0.2600537863957351,3945997.525232944,0
4070305.5926542333,0.24420071714381503,"[0.1, 0.1, np.float64(18.998277143378218), np.float64(1.812179110044912), 0.1]",0.30220853400701747,0.24420071714381503,4070305.5926542333,0
4223827.100673568,0.2267061047502604,"[0.1, 0.1, np.float64(18.995677118361613), np.float64(1.7401746416287525), 0.1]",0.302039597061835,0.2267061047502604,4223827.100673568,0
3954460.22510772,0.2589214854094611,"[0.1, 0.1, np.float64(19.000392920379984), np.float64(1.8707729302297564), 0.1]",0.3023506897905802,0.2589214854094611,3954460.22510772,0
4076672.8009950356,0.24343163655054864,"[0.1, 0.1, np.float64(18.998164858933308), np.float64(1.8090695315925254), 0.1]",0.30220110689932667,0.24343163655054864,4076672.8009950356,0
2322516.5139453593,1.2632084065960725,"[np.float64(0.1165798196171227), 0.1, np.float64(17.804471534879703), np.float64(4.043352072963311), np.float64(0.11417592405738589)]",0.3424694439088285,1.2632084065960725,2322516.5139453593,0
4049257.492157588,0.24677166299051964,"[0.1, 0.1, np.float64(18.998651207219513), np.float64(1.8225383442346117), 0.1]",0.302233361955815,0.24677166299051964,4049257.492157588,0
4084885.959476946,0.2424454415410134,"[0.1, 0.1, np.float64(18.9980206138289), np.float64(1.8050748423114218), 0.1]",0.3021915831039747,0.2424454415410134,4084885.959476946,0
4354911.412406577,0.2133338626836237,"[0.1, 0.1, np.float64(18.9936207110826), np.float64(1.6832249922881874), 0.1]",0.30191050775863776,0.2133338626836237,4354911.412406577,0
3955626.196226219,0.25876611480479766,"[0.1, 0.1, np.float64(19.00037091117444), np.float64(1.8701634125768736), 0.1]",0.3023491895053838,0.25876611480479766,3955626.196226219,0
3608892.957066813,0.3127897732262617,"[0.1, 0.1, np.float64(19.01189537993928), np.float64(2.071993459385356), 0.1]",0.30286920368266274,0.3127897732262617,3608892.957066813,0
4078389.4156306814,0.2432249705860999,"[0.1, 0.1, np.float64(18.998134655547428), np.float64(1.8082330862772438), 0.1]",0.30219911110149755,0.2432249705860999,4078389.4156306814,0
4264376.465359206,0.22242620113125336,"[0.1, 0.1, np.float64(18.995025772471806), np.float64(1.7221364249766016), 0.1]",0.30199827533446366,0.22242620113125336,4264376.465359206,0
4099190.2181098033,0.240743430641663,"[0.1, 0.1, np.float64(18.99777097210333), np.float64(1.7981613243147727), 0.1]",0.302175146658088,0.240743430641663,4099190.2181098033,0
3905891.5896648928,0.26553234981349205,"[0.1, 0.1, np.float64(19.001323289362606), np.float64(1.8965383454072628), 0.1]",0.302414522002929,0.26553234981349205,3905891.5896648928,0
4397794.03660678,0.20923731047843866,"[0.1, 0.1, np.float64(18.992977796450756), np.float64(1.665420268869398), 0.1]",0.30187097402772584,0.20923731047843866,4397794.03660678,0
5069821.137539241,0.15869997602384078,"[0.1, 0.1, np.float64(18.984452464551307), np.float64(1.4293217745970872), 0.1]",0.3013842928282209,0.15869997602384078,5069821.137539241,0
4036407.123453683,0.24836320823559027,"[0.1, 0.1, np.float64(18.998881786462377), np.float64(1.828923950413032), 0.1]",0.30224873165555716,0.24836320823559027,4036407.123453683,0
4047088.5246788566,0.2470391178926477,"[0.1, 0.1, np.float64(18.99869000780121), np.float64(1.8236128782261674), 0.1]",0.3022359447971276,0.2470391178926477,4047088.5246788566,0
4281567.114253103,0.2206515369003224,"[0.1, 0.1, np.float64(18.99475383825986), np.float64(1.7146055442157997), 0.1]",0.30198114261592074,0.2206515369003224,4281567.114253103,0
4330343.66341135,0.21574025192183274,"[0.1, 0.1, np.float64(18.99399546939743), np.float64(1.6936034590612608), 0.1]",0.3019337337248453,0.21574025192183274,4330343.66341135,0
3338544.899204538,0.3693096378823992,"[0.1, 0.1, np.float64(19.01462981235126), np.float64(2.2650459975049886), 0.1]",0.3034142571075944,0.3693096378823992,3338544.899204538,0
4048618.7280951343,0.2468503794517911,"[0.1, 0.1, np.float64(18.998662629084492), np.float64(1.8228546586203762), 0.1]",0.3022341221294657,0.2468503794517911,4048618.7280951343,0
4032554.954101551,0.24884359268261935,"[0.1, 0.1, np.float64(18.998951236778844), np.float64(1.8308472907988527), 0.1]",0.30225337075679726,0.24884359268261935,4032554.954101551,0
4498826.738546503,0.20007813114369719,"[0.1, 0.1, np.float64(18.99151697812153), np.float64(1.6249647168740005), 0.1]",0.30178261274674617,0.20007813114369719,4498826.738546503,0
3981230.6379115954,0.255392458129463,"[0.1, 0.1, np.float64(18.999891356086895), np.float64(1.8568827291471237), 0.1]",0.3023166121626898,0.255392458129463,3981230.6379115954,0
3123273.926568258,0.4276318545715836,"[0.1, 0.1, np.float64(19.028747883535726), np.float64(2.4491410928044175), 0.1]",0.3039699395757627,0.4276318545715836,3123273.926568258,0
4060011.049043981,0.24545263608835985,"[0.1, 0.1, np.float64(18.998459540326465), np.float64(1.8172303673271237), 0.1]",0.30222062395165533,0.24545263608835985,4060011.049043981,0
3905742.4017425436,0.26555308269332506,"[0.1, 0.1, np.float64(19.001326188658638), np.float64(1.8966186378153003), 0.1]",0.30241472218055365,0.26555308269332506,3905742.4017425436,0
4957881.610430584,0.16564826385436335,"[0.1, 0.1, np.float64(18.985698628009477), np.float64(1.4638327261424766), 0.1]",0.30145104105277215,0.16564826385436335,4957881.610430584,0
4325143.44220417,0.2162553041895444,"[0.1, 0.1, np.float64(18.994075406481606), np.float64(1.6958172174736266), 0.1]",0.30193870517690935,0.2162553041895444,4325143.44220417,0
4038204.9833313124,0.24813952713679532,"[0.1, 0.1, np.float64(18.998849425220502), np.float64(1.8280277459521115), 0.1]",0.30224657155099066,0.24813952713679532,4038204.9833313124,0
6002150.282501152,0.1153848129418609,"[0.1, 0.1, np.float64(18.975969051900904), np.float64(1.194384181940992), 0.1]",0.3009704548019668,0.1153848129418609,6002150.282501152,0
3806080.9822787065,0.280023137844379,"[0.1, 0.1, np.float64(19.003322545840494), np.float64(1.9519052741860456), 0.1]",0.30255440765246966,0.280023137844379,3806080.9822787065,0
4030588.2111649564,0.24908944374179004,"[0.1, 0.1, np.float64(18.998986753868568), np.float64(1.831830892552355), 0.1]",0.3022557449516059,0.24908944374179004,4030588.2111649564,0
4033703.767804845,0.24870017044548845,"[0.1, 0.1, np.float64(18.99893050897833), np.float64(1.830273260069192), 0.1]",0.30225198572062706,0.24870017044548845,4033703.767804845,0
4470308.819177437,0.20259612046654546,"[0.1, 0.1, np.float64(18.99192188183852), np.float64(1.636178023175054), 0.1]",0.30180690000530985,0.20259612046654546,4470308.819177437,0
3328973.0541243926,0.3716166364834711,"[0.1, 0.1, np.float64(19.01490245385191), np.float64(2.2725964657493805), 0.1]",0.3034364083941283,0.3716166364834711,3328973.0541243926,0
4040670.781170451,0.24783328179905534,"[0.1, 0.1, np.float64(18.99880509504138), np.float64(1.826800076617359), 0.1]",0.3022436141149127,0.24783328179905534,4040670.781170451,0
4134096.6530863172,0.2366713161976169,"[0.1, 0.1, np.float64(18.99717005690158), np.float64(1.7815197230268307), 0.1]",0.3021358225579361,0.2366713161976169,4134096.6530863172,0
4315567.86902626,0.21720898777429598,"[0.1, 0.1, np.float64(18.994223166800484), np.float64(1.6999092562601235), 0.1]",0.30194791068419324,0.21720898777429598,4315567.86902626,0
4019150.9071378354,0.25052709139138396,"[0.1, 0.1, np.float64(18.999194091559218), np.float64(1.8375728527651816), 0.1]",0.30226962832368165,0.25052709139138396,4019150.9071378354,0
5606454.639088892,0.13110852670682932,"[0.1, 0.1, np.float64(18.976689752305212), np.float64(1.2841153219185848), 0.1]",0.30112041596916006,0.13110852670682932,5606454.639088892,0
4071767.401900885,0.24402379625678255,"[0.1, 0.1, np.float64(18.998251329057823), np.float64(1.8114642144551043), 0.1]",0.3022068254593082,0.24402379625678255,4071767.401900885,0
4229102.23681769,0.22614172666978397,"[0.1, 0.1, np.float64(18.995591584604473), np.float64(1.7378058902993871), 0.1]",0.3020341478496666,0.22614172666978397,4229102.23681769,0
4263090.268982536,0.2225599195733111,"[0.1, 0.1, np.float64(18.995046217905195), np.float64(1.722702635898952), 0.1]",0.3019995662951589,0.2225599195733111,4263090.268982536,0
4353323.875448783,0.21348803149583698,"[0.1, 0.1, np.float64(18.99364478425335), np.float64(1.6838916688977366), 0.1]",0.3019119956979565,0.21348803149583698,4353323.875448783,0
3318762.401851248,0.378790903254493,"[0.1, 0.1, np.float64(18.437240686056498), np.float64(2.2874963104159893), np.float64(0.10151634036153709)]",0.3052125961100827,0.378790903254493,3318762.401851248,0
4001777.5227370816,0.2527371191758662,"[0.1, 0.1, np.float64(18.999511654189135), np.float64(1.8463673559756897), 0.1]",0.30229097033683916,0.2527371191758662,4001777.5227370816,0
6809437.767118203,0.09133911476954712,"[0.1, 0.1, np.float64(18.970547610722203), np.float64(1.0442440918924583), 0.1]",0.30074348460853495,0.09133911476954712,6809437.767118203,0
4140191.7214550213,0.23597185815522587,"[0.1, 0.1, np.float64(18.997066315376518), np.float64(1.778646730145137), 0.1]",0.3021290680712559,0.23597185815522587,4140191.7214550213,0
3948936.3926348807,0.2596596478726708,"[0.1, 0.1, np.float64(19.00049739467699), np.float64(1.8736662163215971), 0.1]",0.30235781756894947,0.2596596478726708,3948936.3926348807,0
4466835.953721277,0.20290628969064015,"[0.1, 0.1, np.float64(18.991971582395678), np.float64(1.6375544184693733), 0.1]",0.3018098919943962,0.20290628969064015,4466835.953721277,0
3639106.801004129,0.3073753335023976,"[0.1, 0.1, np.float64(19.006958670325293), np.float64(2.052603232455941), 0.1]",0.30281826109699056,0.3073753335023976,3639106.801004129,0
3297284.6206929293,0.37942797876923123,"[0.1, 0.1, np.float64(19.015819296467342), np.float64(2.2979872849622462), 0.1]",0.30351138162896596,0.37942797876923123,3297284.6206929293,0
4054668.0423696865,0.24610655682209528,"[0.1, 0.1, np.float64(18.998554625906653), np.float64(1.81986364455025), 0.1]",0.3022269389469755,0.24610655682209528,4054668.0423696865,0
4059051.0703683193,0.24556991581271395,"[0.1, 0.1, np.float64(18.998476603186862), np.float64(1.8177029020853688), 0.1]",0.3022217565370786,0.24556991581271395,4059051.0703683193,0
4336957.752733179,0.21508805701436595,"[0.1, 0.1, np.float64(18.993894109241594), np.float64(1.6907964152470338), 0.1]",0.30192743866337224,0.21508805701436595,4336957.752733179,0
3920474.871158386,0.26351846320156497,"[0.1, 0.1, np.float64(19.00104111962365), np.float64(1.8887240044193891), 0.1]",0.3023950773852723,0.26351846320156497,3920474.871158386,0
5090842.5268286895,0.15744713066728294,"[0.1, 0.1, np.float64(18.982896514319577), np.float64(1.4230184582695915), 0.1]",0.3013724552744232,0.15744713066728294,5090842.5268286895,0
4075096.1753957896,0.24362170298250596,"[0.1, 0.1, np.float64(18.998192624942938), np.float64(1.809838476795216), 0.1]",0.30220294239405393,0.24362170298250596,4075096.1753957896,0
4100486.4556155484,0.2405901650467285,"[0.1, 0.1, np.float64(18.997748448281957), np.float64(1.7975375550147095), 0.1]",0.3021736665662157,0.2405901650467285,4100486.4556155484,0
4959518.398424225,0.16554312940198143,"[0.1, 0.1, np.float64(18.985679970881147), np.float64(1.4633160401110565), 0.1]",0.3014500305615598,0.16554312940198143,4959518.398424225,0
4105444.148457525,0.2400054473548042,"[0.1, 0.1, np.float64(18.99766245193016), np.float64(1.795155992700026), 0.1]",0.3021680199345471,0.2400054473548042,4105444.148457525,0
2718137.3791745277,0.6609478915360613,"[0.1, 0.1, np.float64(17.64482487130239), np.float64(2.9629707734663464), np.float64(0.11852852993352)]",0.3251597094816197,0.6609478915360613,2718137.3791745277,0
4264118.206042488,0.22245304031373228,"[0.1, 0.1, np.float64(18.9950298766568), np.float64(1.7222500852902918), 0.1]",0.301998534448156,0.22245304031373228,4264118.206042488,0
5938627.934530492,0.11769864905783449,"[0.1, 0.1, np.float64(18.9764592521525), np.float64(1.2079596699875677), 0.1]",0.30099242761280287,0.11769864905783449,5938627.934530492,0
4212051.030061608,0.2279743626024616,"[0.1, 0.1, np.float64(18.995868936759347), np.float64(1.745486814270642), 0.1]",0.3020518426481116,0.2279743626024616,4212051.030061608,0
4005511.4893347975,0.2522594353976682,"[0.1, 0.1, np.float64(18.999443134119538), np.float64(1.844469777623317), 0.1]",0.3022863574219579,0.2522594353976682,4005511.4893347975,0
4444871.124532732,0.20488610795610884,"[0.1, 0.1, np.float64(18.99228792339185), np.float64(1.6463150900483245), 0.1]",0.30182899118312817,0.20488610795610884,4444871.124532732,0
4124098.9006221155,0.2378260244980318,"[0.1, 0.1, np.float64(18.997340981794878), np.float64(1.786253275974222), 0.1]",0.30214697337224683,0.2378260244980318,4124098.9006221155,0
3970880.7347556297,0.2567474157185713,"[0.1, 0.1, np.float64(19.000084341221477), np.float64(1.8622272131190627), 0.1]",0.3023296963208873,0.2567474157185713,3970880.7347556297,0
4038166.144815332,0.24814435574308896,"[0.1, 0.1, np.float64(18.998850123958444), np.float64(1.8280470966328741), 0.1]",0.3022466181812092,0.24814435574308896,4038166.144815332,0
4033015.9938320424,0.2487860184342977,"[0.1, 0.1, np.float64(18.998942916705033), np.float64(1.830616876672805), 0.1]",0.30225281475931765,0.2487860184342977,4033015.9938320424,0
4373877.249575168,0.21150604007830437,"[0.1, 0.1, np.float64(18.99333462838869), np.float64(1.6753022868656418), 0.1]",0.30189286750251765,0.21150604007830437,4373877.249575168,0
3888756.9361291872,0.26793110834936573,"[0.1, 0.1, np.float64(19.00165797792421), np.float64(1.9058071300571646), 0.1]",0.30243768164584167,0.26793110834936573,3888756.9361291872,0
4192563.1596625857,0.2300986114536007,"[0.1, 0.1, np.float64(18.997701826081133), np.float64(1.7543513229057357), 0.1]",0.30207202940347794,0.2300986114536007,4192563.1596625857,0
4049004.1390809286,0.2468028793803901,"[0.1, 0.1, np.float64(18.998655736979906), np.float64(1.8226637903311125), 0.1]",0.3022336634159903,0.2468028793803901,4049004.1390809286,0
4014646.433258782,0.2510970389466989,"[0.1, 0.1, np.float64(18.99927612315707), np.float64(1.8398446161362882), 0.1]",0.302275132279841,0.2510970389466989,4014646.433258782,0
4711356.566051241,0.1828174916880858,"[0.1, 0.1, np.float64(18.988669261621798), np.float64(1.5461007400070441), 0.1]",0.3016162447273516,0.1828174916880858,4711356.566051241,0
4247976.187928065,0.22414115510611884,"[0.1, 0.1, np.float64(18.995287519046965), np.float64(1.72938517177086), 0.1]",0.30201483239599025,0.22414115510611884,4247976.187928065,0
7113238.916874808,0.08478958917141431,"[0.1, 0.1, np.float64(19.834634831143177), 1, 0.1]",0.3006242588951787,0.08478958917141431,7113238.916874808,0
3892718.490164232,0.2673733525735993,"[0.1, 0.1, np.float64(19.00158029208075), np.float64(1.9036557169644777), 0.1]",0.30243229670409744,0.2673733525735993,3892718.490164232,0
3323745.7566052736,0.37288665948082284,"[0.1, 0.1, np.float64(19.01505217992983), np.float64(2.276742943794761), 0.1]",0.3034486011897222,0.37288665948082284,3323745.7566052736,0
4192824.283278574,0.2300701768740213,"[0.1, 0.1, np.float64(18.996184743053394), np.float64(1.754232677937352), 0.1]",0.3020720793191245,0.2300701768740213,4192824.283278574,0
4008316.073815455,0.25190162116349846,"[0.1, 0.1, np.float64(18.999391765498682), np.float64(1.843047187373501), 0.1]",0.3022829020568274,0.25190162116349846,4008316.073815455,0
3986123.3386104093,0.25475601473278786,"[0.1, 0.1, np.float64(18.999800529746896), np.float64(1.8543674062991962), 0.1]",0.30231046627577024,0.25475601473278786,3986123.3386104093,0
4635317.515432379,0.18870428332617925,"[0.1, 0.1, np.float64(18.989655145311126), np.float64(1.57340356614029), 0.1]",0.3016729586090304,0.18870428332617925,4635317.515432379,0
4287953.674726815,0.21999812129629528,"[0.1, 0.1, np.float64(18.99465343669347), np.float64(1.7118250473473868), 0.1]",0.3019748347252017,0.21999812129629528,4287953.674726815,0
4034182.4250860116,0.24864045311270358,"[0.1, 0.1, np.float64(18.998921876675883), np.float64(1.8300341991582518), 0.1]",0.30225140902693176,0.24864045311270358,4034182.4250860116,0
4276037.757280959,0.22121982042991525,"[0.1, 0.1, np.float64(18.994841036828767), np.float64(1.7170204004424152), 0.1]",0.30198662876544063,0.22121982042991525,4276037.757280959,0
4384719.65786063,0.210472579616542,"[0.1, 0.1, np.float64(18.99317232361445), np.float64(1.670807457425088), 0.1]",0.30188289422379727,0.210472579616542,4384719.65786063,0
4117872.008817997,0.23854988725034468,"[0.1, 0.1, np.float64(18.997447917572423), np.float64(1.7892147297169987), 0.1]",0.3021539636395022,0.23854988725034468,4117872.008817997,0
6247477.380458724,0.10709598520605765,"[0.1, 0.1, np.float64(18.97045514467985), np.float64(1.1445890196249755), 0.1]",0.3008922590610896,0.10709598520605765,6247477.380458724,0
4070442.361281417,0.244184155289175,"[0.1, 0.1, np.float64(18.99827472725787), np.float64(1.8121121985880992), 0.1]",0.30220837406705203,0.244184155289175,4070442.361281417,0
3971895.986280601,0.25661398210111197,"[0.1, 0.1, np.float64(19.000065359276007), np.float64(1.8617015316797696), 0.1]",0.30232840782715964,0.25661398210111197,3971895.986280601,0
4509634.8474488575,0.19913715202921442,"[0.1, 0.1, np.float64(18.99136500531457), np.float64(1.6207560184541632), 0.1]",0.3017735375089416,0.19913715202921442,4509634.8474488575,0
4234218.439289004,0.2255965471872244,"[0.1, 0.1, np.float64(18.99550885813409), np.float64(1.735514883295357), 0.1]",0.3020288840697888,0.2255965471872244,4234218.439289004,0
3962978.49664255,0.25778990916394906,"[0.1, 0.1, np.float64(19.00023247270283), np.float64(1.8663295307900627), 0.1]",0.3023397630241517,0.25778990916394906,3962978.49664255,0
4526325.598258062,0.19769813642283485,"[0.1, 0.1, np.float64(18.991131894898555), np.float64(1.6143003145743449), 0.1]",0.30175966005074195,0.19769813642283485,4526325.598258062,0
4176616.4731568107,0.23186154974426543,"[0.1, 0.1, np.float64(18.996453525982382), np.float64(1.761676287824715), 0.1]",0.30208937696052485,0.23186154974426543,4176616.4731568107,0
4056977.826524512,0.2458235161579857,"[0.1, 0.1, np.float64(18.998513485083265), np.float64(1.8187243004672498), 0.1]",0.30222420558795166,0.2458235161579857,4056977.826524512,0
3911607.0390739916,0.26474006501895225,"[0.1, 0.1, np.float64(19.001212410101378), np.float64(1.8934676817743776), 0.1]",0.30240687236856134,0.26474006501895225,3911607.0390739916,0
3991278.0412236,0.25408830394845483,"[0.1, 0.1, np.float64(18.999705118049867), np.float64(1.851725097674664), 0.1]",0.3023040184097203,0.25408830394845483,3991278.0412236,0
3649378.509065637,0.3055674078329805,"[0.1, 0.1, np.float64(19.006723507920395), np.float64(2.046090701288812), 0.1]",0.3028008305343552,0.3055674078329805,3649378.509065637,0
4053590.607156449,0.24623876859610364,"[0.1, 0.1, np.float64(18.998573835107653), np.float64(1.8203956195495858), 0.1]",0.3022282157322425,0.24623876859610364,4053590.607156449,0
4172963.173339976,0.2322684894339148,"[0.1, 0.1, np.float64(18.99651443820899), np.float64(1.7633631764004192), 0.1]",0.30209330647013016,0.2322684894339148,4172963.173339976,0
4421069.971449349,0.20706730825017136,"[0.1, 0.1, np.float64(18.99263466175966), np.float64(1.6559175791375618), 0.1]",0.30185003546986844,0.20706730825017136,4421069.971449349,0
3862781.480968543,0.27163616665859236,"[0.1, 0.1, np.float64(19.002171969450572), np.float64(1.9200414879536034), 0.1]",0.3024734509899204,0.27163616665859236,3862781.480968543,0
3861993.1133956816,0.27174744951618895,"[0.1, 0.1, np.float64(19.005124608525453), np.float64(1.9204681741046272), 0.1]",0.3024737757473272,0.27174744951618895,3861993.1133956816,0
4064647.28577768,0.24488752304637218,"[0.1, 0.1, np.float64(18.998377265087605), np.float64(1.8149518566204228), 0.1]",0.3022151665812382,0.24488752304637218,4064647.28577768,0
4003246.0317989145,0.2525490767100228,"[0.1, 0.1, np.float64(18.999484688750268), np.float64(1.845620581587521), 0.1]",0.3022891544432655,0.2525490767100228,4003246.0317989145,0
4894372.792052925,0.16981287461153713,"[0.1, 0.1, np.float64(18.986432934461504), np.float64(1.4841684326818845), 0.1]",0.30149108087307985,0.16981287461153713,4894372.792052925,0
3972713.6842835555,0.25650659559618183,"[0.1, 0.1, np.float64(19.000050079111055), np.float64(1.861278366461107), 0.1]",0.3023273708543397,0.25650659559618183,3972713.6842835555,0
3918612.8334900746,0.2637742011920551,"[0.1, 0.1, np.float64(19.001077011801506), np.float64(1.8897179937734578), 0.1]",0.3023975466450594,0.2637742011920551,3918612.8334900746,0
4679367.534936776,0.18525705636959477,"[0.1, 0.1, np.float64(18.98907973948006), np.float64(1.5574684152378755), 0.1]",0.30163974396954785,0.18525705636959477,4679367.534936776,0
4338499.457751536,0.2149364975804809,"[0.1, 0.1, np.float64(18.99387053260427), np.float64(1.6901434895149645), 0.1]",0.3019259758161492,0.2149364975804809,4338499.457751536,0
4029333.1738033863,0.2492465371533916,"[0.1, 0.1, np.float64(18.99900943924153), np.float64(1.8324591358232205), 0.1]",0.30225726200845215,0.2492465371533916,4029333.1738033863,0
4423706.612439023,0.20682381522657073,"[0.1, 0.1, np.float64(18.992596046114233), np.float64(1.654848166726667), 0.1]",0.3018476861232578,0.20682381522657073,4423706.612439023,0
4123031.8703302946,0.237949808546137,"[0.1, 0.1, np.float64(18.997359279963646), np.float64(1.7867600210658798), 0.1]",0.3021481687392308,0.237949808546137,4123031.8703302946,0
3874846.6163787325,0.2699048158406238,"[0.1, 0.1, np.float64(19.001932227945666), np.float64(1.9134021442904277), 0.1]",0.302456736582572,0.2699048158406238,3874846.6163787325,0
4042036.6843559234,0.24766390731095966,"[0.1, 0.1, np.float64(18.99878056556362), np.float64(1.8261207631510712), 0.1]",0.3022419784505009,0.24766390731095966,4042036.6843559234,0
4097150.119505057,0.2409849741092083,"[0.1, 0.1, np.float64(18.997806454503536), np.float64(1.7991439653849894), 0.1]",0.30217747925489885,0.2409849741092083,4097150.119505057,0
4331603.628114558,0.21561576151110945,"[0.1, 0.1, np.float64(18.993976133807045), np.float64(1.6930679838645522), 0.1]",0.30193253211701593,0.21561576151110945,4331603.628114558,0
4045504.304828443,0.2472347685267614,"[0.1, 0.1, np.float64(18.998718378069395), np.float64(1.8243985576201582), 0.1]",0.30223783421575395,0.2472347685267614,4045504.304828443,0
5121548.738828652,0.15564663401599504,"[0.1, 0.1, np.float64(18.982489757383693), np.float64(1.4139155131274315), 0.1]",0.3013551835056555,0.15564663401599504,5121548.738828652,0
4062761.231393448,0.2451171571996157,"[0.1, 0.1, np.float64(18.998410709245682), np.float64(1.8158780511027313), 0.1]",0.30221738418835087,0.2451171571996157,4062761.231393448,0
4073686.235119938,0.2437918813920924,"[0.1, 0.1, np.float64(18.998217476318793), np.float64(1.8105267048301275), 0.1]",0.30220458582811693,0.2437918813920924,4073686.235119938,0
4504889.463983163,0.1995494047556112,"[0.1, 0.1, np.float64(18.991431630665218), np.float64(1.622601124915077), 0.1]",0.30177751339777,0.1995494047556112,4504889.463983163,0
3856774.7494625556,0.27250496130951657,"[0.1, 0.1, np.float64(19.002291981376565), np.float64(1.9233650694113136), 0.1]",0.30248183803811324,0.27250496130951657,3856774.7494625556,0
3736922.849751829,0.29084520623673354,"[0.1, 0.1, np.float64(19.004781762683255), np.float64(1.9923164749998035), 0.1]",0.3026588375259635,0.29084520623673354,3736922.849751829,0
6888758.335092019,0.08941342892661468,"[0.1, 0.1, np.float64(18.97008379426727), np.float64(1.0313992703747037), 0.1]",0.3007254393667636,0.08941342892661468,6888758.335092019,0
3918367.8966086605,0.26380787195183314,"[0.1, 0.1, np.float64(19.00108173609802), np.float64(1.889848827306541), 0.1]",0.3023978717498039,0.26380787195183314,3918367.8966086605,0
4058596.2137552984,0.24562551734859892,"[0.1, 0.1, np.float64(18.998484691138042), np.float64(1.8179268878630785), 0.1]",0.3022222934882471,0.24562551734859892,4058596.2137552984,0
4492583.046314331,0.20062503381889393,"[0.1, 0.1, np.float64(18.99160513999785), np.float64(1.627406250704782), 0.1]",0.3017878875771668,0.20062503381889393,4492583.046314331,0
4197033.581446864,0.22960865015094056,"[0.1, 0.1, np.float64(18.996115323275102), np.float64(1.75231018326847), 0.1]",0.3020676228632147,0.22960865015094056,4197033.581446864,0
3549773.5767369545,0.32387458718671147,"[0.1, 0.1, np.float64(19.009073275461308), np.float64(2.1111645992722496), 0.1]",0.302977258154858,0.32387458718671147,3549773.5767369545,0
4051778.5605695685,0.24646138739216697,"[0.1, 0.1, np.float64(18.998606167890024), np.float64(1.8212910358598822), 0.1]",0.3022303655886038,0.24646138739216697,4051778.5605695685,0
4276657.851218945,0.22115597065338546,"[0.1, 0.1, np.float64(18.994831245230717), np.float64(1.716749234277485), 0.1]",0.30198601236185135,0.22115597065338546,4276657.851218945,0
4297106.51924432,0.21906718920494497,"[0.1, 0.1, np.float64(18.994510132675153), np.float64(1.7078564202785473), 0.1]",0.3019658479878228,0.21906718920494497,4297106.51924432,0
4070264.643826384,0.24420567615809657,"[0.1, 0.1, np.float64(18.99827786680619), np.float64(1.8121991444853416), 0.1]",0.3022085818968581,0.24420567615809657,4070264.643826384,0
3084190.6499717403,0.4398858161400935,"[0.1, 0.1, np.float64(19.030402447561386), np.float64(2.4861691167444073), 0.1]",0.3040867431856027,0.4398858161400935,3084190.6499717403,0
4075444.8227650733,0.2435796516448497,"[0.1, 0.1, np.float64(18.99818648278116), np.float64(1.809668377242037), 0.1]",0.3022025362991123,0.2435796516448497,4075444.8227650733,0
3932222.7762591806,0.26191432779861357,"[0.1, 0.1, np.float64(19.00081558102325), np.float64(1.8824779925828332), 0.1]",0.3023795885168806,0.26191432779861357,3932222.7762591806,0
4219653.895218926,0.2271542253193853,"[0.1, 0.1, np.float64(18.995744956331336), np.float64(1.7420533300711056), 0.1]",0.30204392382577794,0.2271542253193853,4219653.895218926,0
3794664.8322467557,0.28176341810176336,"[0.1, 0.1, np.float64(19.0035590982208), np.float64(1.95845629899857), 0.1]",0.30257120348031785,0.28176341810176336,3794664.8322467557,0
3916184.843941872,0.2641082823421102,"[0.1, 0.1, np.float64(19.001123872785282), np.float64(1.8910157506045104), 0.1]",0.3024007723241884,0.2641082823421102,3916184.843941872,0
6585766.5532700475,0.09713915694564497,"[0.1, 0.1, np.float64(18.97191553671012), np.float64(1.0821271056956498), 0.1]",0.3007979686869217,0.09713915694564497,6585766.5532700475,0
3937636.944399225,0.26118043911570643,"[0.1, 0.1, np.float64(19.00071216507622), np.float64(1.879614016180933), 0.1]",0.3023725022511779,0.26118043911570643,3937636.944399225,0
4081295.8016469,0.2428757218205238,"[0.1, 0.1, np.float64(18.998083584812623), np.float64(1.8068187456122657), 0.1]",0.3021957383662743,0.2428757218205238,4081295.8016469,0
4474028.303734051,0.20226478286252533,"[0.1, 0.1, np.float64(18.99186874690706), np.float64(1.6347065171433819), 0.1]",0.30180370387933564,0.20226478286252533,4474028.303734051,0
3537674.3258704427,0.32622182924642834,"[0.1, 0.1, np.float64(19.009369641245335), np.float64(2.1193720821229287), 0.1]",0.30299986581357086,0.32622182924642834,3537674.3258704427,0
3799150.4344889647,0.28107751235819317,"[0.1, 0.1, np.float64(19.00346595294545), np.float64(1.9558767561116563), 0.1]",0.30256458376474965,0.28107751235819317,3799150.4344889647,0
4055085.0004405286,0.2460554232803226,"[0.1, 0.1, np.float64(18.998547195258684), np.float64(1.8196578619698343), 0.1]",0.30222644514404917,0.2460554232803226,4055085.0004405286,0
3899153.7042032704,0.26647138683308474,"[0.1, 0.1, np.float64(19.00145449031105), np.float64(1.9001717929656365), 0.1]",0.30242358839745237,0.26647138683308474,3899153.7042032704,0
4345549.542408718,0.21424564950446756,"[0.1, 0.1, np.float64(18.99376295763959), np.float64(1.6871643342771276), 0.1]",0.30191930787864985,0.21424564950446756,4345549.542408718,0
4043169.3226155993,0.24752360216456135,"[0.1, 0.1, np.float64(18.99876023960885), np.float64(1.8255578610407996), 0.1]",0.3022406235106709,0.24752360216456135,4043169.3226155993,0
3128927.640978582,0.4259065777534093,"[0.1, 0.1, np.float64(19.028513012355226), np.float64(2.4438848346243263), 0.1]",0.30395348326134464,0.4259065777534093,3128927.640978582,0
4050260.548371802,0.2466481370354078,"[0.1, 0.1, np.float64(18.99863327972847), np.float64(1.822041864602869), 0.1]",0.3022321690516395,0.2466481370354078,4050260.548371802,0
4142718.5156437443,0.23568288138946628,"[0.1, 0.1, np.float64(18.99702340991085), np.float64(1.7774585164825971), 0.1]",0.30212627751038096,0.23568288138946628,4142718.5156437443,0
4967616.766713619,0.1650245441176669,"[0.1, 0.1, np.float64(18.98558785534745), np.float64(1.4607650146423516), 0.1]",0.3014450464471264,0.1650245441176669,4967616.766713619,0
4097524.6531367744,0.24094060031557174,"[0.1, 0.1, np.float64(18.997799937401147), np.float64(1.7989634823165144), 0.1]",0.3021770507348699,0.24094060031557174,4097524.6531367744,0
4229692.893620221,0.22607867652801236,"[0.1, 0.1, np.float64(18.995582022417636), np.float64(1.737541077393562), 0.1]",0.3020335390889167,0.22607867652801236,4229692.893620221,0
4435914.907815784,0.20570245582939306,"[0.1, 0.1, np.float64(18.992417912608225), np.float64(1.64991498018993), 0.1]",0.3018368670489425,0.20570245582939306,4435914.907815784,0
3991454.3908409486,0.25406551149779394,"[0.1, 0.1, np.float64(18.999701858918474), np.float64(1.851634840072466), 0.1]",0.30230379830970283,0.25406551149779394,3991454.3908409486,0
4060796.390607402,0.24535675996677703,"[0.1, 0.1, np.float64(18.998445588388485), np.float64(1.8168439857073455), 0.1]",0.3022196980635208,0.24535675996677703,4060796.390607402,0
4165686.967124565,0.23308247890752826,"[0.1, 0.1, np.float64(18.996636117755287), np.float64(1.7667329405342977), 0.1]",0.30210116662093994,0.23308247890752826,4165686.967124565,0
4502583.6321175415,0.1997502258344261,"[0.1, 0.1, np.float64(18.99146406079057), np.float64(1.6234992370184782), 0.1]",0.3017794502144759,0.1997502258344261,4502583.6321175415,0
3501085.2595538185,0.3334942518811556,"[0.1, 0.1, np.float64(19.010281085793743), np.float64(2.144613408564068), 0.1]",0.30306989061136336,0.3334942518811556,3501085.2595538185,0
4042989.4204708366,0.2475458787586469,"[0.1, 0.1, np.float64(18.99876346719911), np.float64(1.8256472451505221), 0.1]",0.30224083863784534,0.2475458787586469,4042989.4204708366,0
3764619.5581664857,0.28642971316326343,"[0.1, 0.1, np.float64(19.004189759477402), np.float64(1.9759216803860382), 0.1]",0.30261623411575744,0.28642971316326343,3764619.5581664857,0
4323886.78465964,0.21638007073706536,"[0.1, 0.1, np.float64(18.994094756028982), np.float64(1.6963530791918584), 0.1]",0.30193990947822913,0.21638007073706536,4323886.78465964,0
4034727.815933374,0.24857243878168325,"[0.1, 0.1, np.float64(18.998912043745012), np.float64(1.8297618883320592), 0.1]",0.3022507522084844,0.24857243878168325,4034727.815933374,0
4023569.0713912765,0.2499691028875807,"[0.1, 0.1, np.float64(19.001321030487397), np.float64(1.8353466699098395), 0.1]",0.3022637234527566,0.2499691028875807,4023569.0713912765,0
4051678.805980687,0.2464736523247438,"[0.1, 0.1, np.float64(18.99860794879983), np.float64(1.821340355948317), 0.1]",0.3022304840325032,0.2464736523247438,4051678.805980687,0
4024475.821962984,0.2498560692323019,"[0.1, 0.1, np.float64(18.999097391624645), np.float64(1.8348948679995642), 0.1]",0.3022631482714494,0.2498560692323019,4024475.821962984,0
4641520.237011113,0.18821258054569762,"[0.1, 0.1, np.float64(18.989573397106877), np.float64(1.5711396510035203), 0.1]",0.3016682203469566,0.18821258054569762,4641520.237011113,0
3772449.9550460717,0.2852013764646737,"[0.1, 0.1, np.float64(19.004024253139406), np.float64(1.9713381876078546), 0.1]",0.30260438113680543,0.2852013764646737,3772449.9550460717,0
4342104.000192221,0.21458282880902738,"[0.1, 0.1, np.float64(18.993815483126536), np.float64(1.688618962498734), 0.1]",0.30192256224849995,0.21458282880902738,4342104.000192221,0
3708918.9955405574,0.2954249666069951,"[0.1, 0.1, np.float64(19.00539101264166), np.float64(2.0091888970370446), 0.1]",0.3027030181457603,0.2954249666069951,3708918.9955405574,0
4104327.2521231906,0.24013697222284922,"[0.1, 0.1, np.float64(18.997681804933773), np.float64(1.7956919501344657), 0.1]",0.30216929007164894,0.24013697222284922,4104327.2521231906,0
4078901.729684725,0.2431633480570781,"[0.1, 0.1, np.float64(18.998125647159988), np.float64(1.8079836101589848), 0.1]",0.30219851600553266,0.2431633480570781,4078901.729684725,0
4277854.222092671,0.22103286804314506,"[0.1, 0.1, np.float64(18.994812362965956), np.float64(1.716226313371688), 0.1]",0.30198482393663606,0.22103286804314506,4277854.222092671,0
3697342.4222852346,0.29735307247015635,"[0.1, 0.1, np.float64(19.005646082278815), np.float64(2.0162527343136447), 0.1]",0.30272161594207375,0.29735307247015635,3697342.4222852346,0
3422998.0647891015,0.34994519715054423,"[0.1, 0.1, np.float64(19.012306478662722), np.float64(2.2007041522812725), 0.1]",0.3032281739216821,0.34994519715054423,3422998.0647891015,0
4046199.087544158,0.24714893178533934,"[0.1, 0.1, np.float64(18.9987059327313), np.float64(1.824053899415755), 0.1]",0.3022370052814787,0.24714893178533934,4046199.087544158,0
3976694.60599666,0.2559848430270072,"[0.1, 0.1, np.float64(18.99997579225625), np.float64(1.8592210841440415), 0.1]",0.3023223325564617,0.2559848430270072,3976694.60599666,0
4449084.801585666,0.20450386537146617,"[0.1, 0.1, np.float64(18.992226968100123), np.float64(1.6446270088376278), 0.1]",0.30182530354740333,0.20450386537146617,4449084.801585666,0
4031808.777103446,0.24893682099421854,"[0.1, 0.1, np.float64(18.99896470717289), np.float64(1.8312203366566682), 0.1]",0.30225427106711733,0.24893682099421854,4031808.777103446,0
2941594.195052529,0.490028216431175,"[0.1, 0.1, np.float64(19.036940847879187), np.float64(2.632494094044772), 0.1]",0.3045631950463873,0.490028216431175,2941594.195052529,0
4070287.0520798876,0.24420296243725786,"[0.1, 0.1, np.float64(18.9982774709257), np.float64(1.8121881810661524), 0.1]",0.3022085556901059,0.24420296243725786,4070287.0520798876,0
3979035.857600108,0.25567880476944876,"[0.1, 0.1, np.float64(18.999932183120645), np.float64(1.8580133832153551), 0.1]",0.30231937728765745,0.25567880476944876,3979035.857600108,0
4133082.3731240784,0.23678804287971547,"[0.1, 0.1, np.float64(18.997187354381293), np.float64(1.7819987552759995), 0.1]",0.302136949761843,0.23678804287971547,4133082.3731240784,0
4094425.0127579016,0.24130824186230218,"[0.1, 0.1, np.float64(18.9978539140131), np.float64(1.8004582976454748), 0.1]",0.3021806010707386,0.24130824186230218,4094425.0127579016,0
3930511.0370245418,0.2621470591205448,"[0.1, 0.1, np.float64(19.000848345802854), np.float64(1.8833853725207077), 0.1]",0.3023818357007957,0.2621470591205448,3930511.0370245418,0
5394420.400534949,0.14101043880101774,"[0.1, 0.1, np.float64(18.981149679543673), np.float64(1.3378552397566057), 0.1]",0.3012147361895689,0.14101043880101774,5394420.400534949,0
4289371.146573412,0.21985352760940247,"[0.1, 0.1, np.float64(18.99463119860858), np.float64(1.7112091911650882), 0.1]",0.3019734388753287,0.21985352760940247,4289371.146573412,0
3966626.653061519,0.25730776768724495,"[0.1, 0.1, np.float64(19.00016400122442), np.float64(1.8644332981102425), 0.1]",0.30233510730346747,0.25730776768724495,3966626.653061519,0
4439054.043440625,0.20541572375025915,"[0.1, 0.1, np.float64(18.992372285204965), np.float64(1.648651385841346), 0.1]",0.3018341007093303,0.20541572375025915,4439054.043440625,0
4285507.35930471,0.22024803174278326,"[0.1, 0.1, np.float64(18.994691854806902), np.float64(1.7128889893548411), 0.1]",0.3019772472757221,0.22024803174278326,4285507.35930471,0
3087938.0628874125,0.43872938961306845,"[0.1, 0.1, np.float64(19.02248889065834), np.float64(2.48269342479054), 0.1]",0.30407894460668133,0.43872938961306845,3087938.0628874125,0
4040507.701375718,0.2478535166978616,"[0.1, 0.1, np.float64(18.99880802497288), np.float64(1.8268812174367086), 0.1]",0.302243809525063,0.2478535166978616,4040507.701375718,0
4133501.6677831947,0.23673977762548695,"[0.1, 0.1, np.float64(18.997180202577454), np.float64(1.781800694937933), 0.1]",0.30213648367474905,0.23673977762548695,4133501.6677831947,0
4123827.251634322,0.2378575279323562,"[0.1, 0.1, np.float64(18.997345639192964), np.float64(1.7863822568383758), 0.1]",0.30214727759684107,0.2378575279323562,4123827.251634322,0
3932243.8095454182,0.26191147018597427,"[0.1, 0.1, np.float64(19.000815178626603), np.float64(1.8824668487066631), 0.1]",0.30237956092457485,0.26191147018597427,3932243.8095454182,0
3767779.2058195844,0.2859291983811121,"[0.1, 0.1, np.float64(19.00751913576821), np.float64(1.9740560744183737), 0.1]",0.3026104907701928,0.2859291983811121,3767779.2058195844,0
4051601.835572777,0.2464831166028314,"[0.1, 0.1, np.float64(18.998609323014527), np.float64(1.8213784131201607), 0.1]",0.3022305754301504,0.2464831166028314,4051601.835572777,0
4451712.460105651,0.20426608728261808,"[0.1, 0.1, np.float64(18.99218902121053), np.float64(1.6435761167902232), 0.1]",0.3018230096532591,0.20426608728261808,4451712.460105651,0
4647218.084038083,0.18776273741559135,"[0.1, 0.1, np.float64(18.98949851389484), np.float64(1.5690658533125337), 0.1]",0.3016638856394252,0.18776273741559135,4647218.084038083,0
3876147.7383668143,0.2697191894628674,"[0.1, 0.1, np.float64(19.00190647808002), np.float64(1.9126890336950115), 0.1]",0.3024549445102413,0.2697191894628674,3876147.7383668143,0
5467880.331795761,0.13756661768778394,"[0.1, 0.1, np.float64(19.17239304225571), np.float64(1.3194012853495873), 0.1]",0.3011584860572128,0.13756661768778394,5467880.331795761,0
3843006.6305468595,0.27451368648340285,"[0.1, 0.1, np.float64(19.00256872120806), np.float64(1.931029035845801), 0.1]",0.3025012288665958,0.27451368648340285,3843006.6305468595,0
5876136.469063909,0.1200484738960564,"[0.1, 0.1, np.float64(18.976952127231375), np.float64(1.2216092340583473), 0.1]",0.30101476167566166,0.1200484738960564,5876136.469063909,0
4041743.533989806,0.24770024247337225,"[0.1, 0.1, np.float64(18.99878582847761), np.float64(1.8262665130271665), 0.1]",0.30224232934244855,0.24770024247337225,4041743.533989806,0
4018698.443781797,0.25058424520412964,"[0.1, 0.1, np.float64(18.999202321858647), np.float64(1.837800780701029), 0.1]",0.30227018025616637,0.25058424520412964,4018698.443781797,0
4330413.4591086535,0.215733352704764,"[0.1, 0.1, np.float64(18.993994397972813), np.float64(1.6935737872852137), 0.1]",0.301933667131995,0.215733352704764,4330413.4591086535,0
4528973.247059974,0.19747142527371,"[0.1, 0.1, np.float64(18.99109509134332), np.float64(1.613281085754052), 0.1]",0.30175747383411705,0.19747142527371,4528973.247059974,0
3530119.8912019706,0.32770170065960086,"[0.1, 0.1, np.float64(19.009555937897318), np.float64(2.124531336864147), 0.1]",0.30301411771272097,0.32770170065960086,3530119.8912019706,0
4058247.142283773,0.2456682017546207,"[0.1, 0.1, np.float64(18.998490899501256), np.float64(1.8180988207830302), 0.1]",0.30222270569701815,0.2456682017546207,4058247.142283773,0
4100117.753970762,0.24063374360306777,"[0.1, 0.1, np.float64(18.997754853297497), np.float64(1.7977149339768936), 0.1]",0.30217408740594054,0.24063374360306777,4100117.753970762,0
4248087.90347255,0.22412940001423803,"[0.1, 0.1, np.float64(18.995285728360336), np.float64(1.7293355809254483), 0.1]",0.3020147189037056,0.22412940001423803,4248087.90347255,0
3838184.745560276,0.27522295418298787,"[0.1, 0.1, np.float64(19.002666191808302), np.float64(1.933728363241511), 0.1]",0.30250807539170943,0.27522295418298787,3838184.745560276,0
2953423.291391728,0.485509150707856,"[0.1, 0.1, np.float64(19.03636592925622), np.float64(2.619627804070792), 0.1]",0.30452035684856527,0.485509150707856,2953423.291391728,0
4065076.3874045284,0.24483532761986962,"[0.1, 0.1, np.float64(18.998369661083554), np.float64(1.8147412731584263), 0.1]",0.3022146625231571,0.24483532761986962,4065076.3874045284,0
4361030.262645334,0.21274134869377417,"[0.1, 0.1, np.float64(18.993528109352244), np.float64(1.6806605022059427), 0.1]",0.3019047892776508,0.21274134869377417,4361030.262645334,0
4407878.310725427,0.20829261852255818,"[0.1, 0.1, np.float64(18.99282863741211), np.float64(1.6612894942734844), 0.1]",0.30186185833254287,0.20829261852255818,4407878.310725427,0
3757074.177668685,0.28762161251646945,"[0.1, 0.1, np.float64(19.004350013866336), np.float64(1.9803597269482986), 0.1]",0.30262773498831713,0.28762161251646945,3757074.177668685,0
3962750.230691999,0.25782012621050676,"[0.1, 0.1, np.float64(19.00023676183272), np.float64(1.8664483129232288), 0.1]",0.3023400548091901,0.25782012621050676,3962750.230691999,0
6010842.116692748,0.11507388657938193,"[0.1, 0.1, np.float64(18.97590280372526), np.float64(1.192549520874164), 0.1]",0.30096750366093195,0.11507388657938193,6010842.116692748,0
3886310.7653302746,0.26827646664382937,"[0.1, 0.1, np.float64(19.001706039499762), np.float64(1.907138135788412), 0.1]",0.3024410159295931,0.26827646664382937,3886310.7653302746,0
3976987.394933531,0.25594653800701894,"[0.1, 0.1, np.float64(18.999970335397165), np.float64(1.8590699631989918), 0.1]",0.30232196266328715,0.25594653800701894,3976987.394933531,0
4325728.950691232,0.21619721248481216,"[0.1, 0.1, np.float64(18.994066395348646), np.float64(1.695567665321412), 0.1]",0.30193814445220446,0.21619721248481216,4325728.950691232,0
3832012.956102497,0.2761351963553672,"[0.1, 0.1, np.float64(19.002791369717592), np.float64(1.937195010199948), 0.1]",0.3025168810210047,0.2761351963553672,3832012.956102497,0
3403166.8331399797,0.3543383976799462,"[0.1, 0.1, np.float64(19.01283916435204), np.float64(2.2154562218372673), 0.1]",0.3032704134024639,0.3543383976799462,3403166.8331399797,0
4054938.701788443,0.24607336259056617,"[0.1, 0.1, np.float64(18.99854980226052), np.float64(1.8197300596526058), 0.1]",0.30222661838618686,0.24607336259056617,4054938.701788443,0
3789327.0201415275,0.2825832380506392,"[0.1, 0.1, np.float64(19.003670278785847), np.float64(1.9615353068670083), 0.1]",0.30257911541508914,0.2825832380506392,3789327.0201415275,0
4281265.47597445,0.2206824763477985,"[0.1, 0.1, np.float64(18.994758588585462), np.float64(1.7147370985922168), 0.1]",0.30198144129973054,0.2206824763477985,4281265.47597445,0
4020663.2528654328,0.25033621168357045,"[0.1, 0.1, np.float64(18.999166597508278), np.float64(1.8368114391211143), 0.1]",0.30226778500330614,0.25033621168357045,4020663.2528654328,0
3638801.2042117566,0.30742290680171835,"[0.1, 0.1, np.float64(19.011036641733856), np.float64(2.052775479098435), 0.1]",0.30281753976965087,0.30742290680171835,3638801.2042117566,0
4062918.5643718634,0.24509798781529152,"[0.1, 0.1, np.float64(18.99840791800165), np.float64(1.8158007510607883), 0.1]",0.302217199067098,0.24509798781529152,4062918.5643718634,0
3997502.932422913,0.2532857911549471,"[0.1, 0.1, np.float64(18.99959027635063), np.float64(1.8485446992351795), 0.1]",0.30229626875128474,0.2532857911549471,3997502.932422913,0
4561552.088293072,0.19471614584667135,"[0.1, 0.1, np.float64(18.990646093257787), np.float64(1.6008466405997315), 0.1]",0.30173090692790744,0.19471614584667135,4561552.088293072,0
4205461.202603335,0.22868915277259017,"[0.1, 0.1, np.float64(18.99597680839911), np.float64(1.7484741855569397), 0.1]",0.30205874439857244,0.22868915277259017,4205461.202603335,0
2344799.461041946,1.1611043938004202,"[0.1, 0.1, np.float64(16.542380253937587), np.float64(3.8675716031894436), np.float64(0.13383848497787498)]",0.34620009530266976,1.1611043938004202,2344799.461041946,0
4037364.588800418,0.2482440438088461,"[0.1, 0.1, np.float64(18.99886454808553), np.float64(1.8284465549444335), 0.1]",0.302247580876274,0.2482440438088461,4037364.588800418,0
3892904.36949447,0.26734722914331105,"[0.1, 0.1, np.float64(19.001576651528442), np.float64(1.9035548963831102), 0.1]",0.30243204448970634,0.26734722914331105,3892904.36949447,0
4034830.6270352784,0.24855962088752262,"[0.1, 0.1, np.float64(18.99891019049131), np.float64(1.8297105647690401), 0.1]",0.30225062842529715,0.24855962088752262,4034830.6270352784,0
4003566.0544803813,0.25250812832625125,"[0.1, 0.1, np.float64(18.999478815375817), np.float64(1.8454579257658905), 0.1]",0.3022887590114457,0.25250812832625125,4003566.0544803813,0
4917891.927083036,0.16825096842165294,"[0.1, 0.1, np.float64(18.986158614107936), np.float64(1.4765714706878632), 0.1]",0.30147606154475126,0.16825096842165294,4917891.927083036,0
3965163.0653598392,0.2575010177461296,"[0.1, 0.1, np.float64(19.000191453465725), np.float64(1.865193553888368), 0.1]",0.3023369733946121,0.2575010177461296,3965163.0653598392,0
3658832.4724676344,0.3039188831698922,"[0.1, 0.1, np.float64(19.00650846570505), np.float64(2.040135373819204), 0.1]",0.30278493546574325,0.3039188831698922,3658832.4724676344,0
4043225.946433624,0.2475165913347619,"[0.1, 0.1, np.float64(18.998759223799983), np.float64(1.8255297294740662), 0.1]",0.3022405558064221,0.2475165913347619,4043225.946433624,0
4079532.9291485264,0.24308746088304486,"[0.1, 0.1, np.float64(18.998114551889394), np.float64(1.8076763403995981), 0.1]",0.30219778315431584,0.24308746088304486,4079532.9291485264,0
4310191.074492417,0.2177475123031307,"[0.1, 0.1, np.float64(18.994306459287433), np.float64(1.702215938390993), 0.1]",0.3019531089709787,0.2177475123031307,4310191.074492417,0
3870919.2323654043,0.27046639842677694,"[0.1, 0.1, np.float64(19.002010075595837), np.float64(1.9155580384191797), 0.1]",0.30246215815987454,0.27046639842677694,3870919.2323654043,0
3581548.0298799598,0.3178335764526731,"[0.1, 0.1, np.float64(19.012695663630574), np.float64(2.089903267177884), 0.1]",0.3029177433160685,0.3178335764526731,3581548.0298799598,0
4068691.8448904143,0.24439627152244753,"[0.1, 0.1, np.float64(18.99830566550887), np.float64(1.8129689950815617), 0.1]",0.30221042250099056,0.24439627152244753,4068691.8448904143,0
4251246.720954842,0.22379743571449112,"[0.1, 0.1, np.float64(18.99523513971377), np.float64(1.7279345910962702), 0.1]",0.3020115138905419,0.22379743571449112,4251246.720954842,0
4082283.037015427,0.24275727687807072,"[0.1, 0.1, np.float64(18.99806625616297), np.float64(1.8063388501502518), 0.1]",0.30219459453048453,0.24275727687807072,4082283.037015427,0
4065260.629318714,0.24481292224824433,"[0.1, 0.1, np.float64(18.998366396743197), np.float64(1.8146508713004743), 0.1]",0.3022144461515441,0.24481292224824433,4065260.629318714,0
4034203.7476127073,0.24863779345974674,"[0.1, 0.1, np.float64(18.998921492191492), np.float64(1.8300235513398628), 0.1]",0.302251383342508,0.24863779345974674,4034203.7476127073,0
3488779.48460008,0.33600068854601634,"[0.1, 0.1, np.float64(19.010592882221438), np.float64(2.153248223955003), 0.1]",0.30309401734018354,0.33600068854601634,3488779.48460008,0
3903306.3927041898,0.26589199575227396,"[0.1, 0.1, np.float64(19.001373566231578), np.float64(1.8979307009425392), 0.1]",0.30241799440172457,0.26589199575227396,3903306.3927041898,0
4053517.006289724,0.24624780439149818,"[0.1, 0.1, np.float64(18.998575147738702), np.float64(1.8204319712386625), 0.1]",0.30222830299201464,0.24624780439149818,4053517.006289724,0
4312535.231172136,0.21751245995151391,"[0.1, 0.1, np.float64(18.9942701170174), np.float64(1.7012094842923324), 0.1]",0.30195084003830325,0.21751245995151391,4312535.231172136,0
3753591.136685168,0.28817456912977646,"[0.1, 0.1, np.float64(19.00442424659564), np.float64(1.982415510326577), 0.1]",0.30263307040561954,0.28817456912977646,3753591.136685168,0
3751124.1387098823,0.28856728318338465,"[0.1, 0.1, np.float64(19.00447692356548), np.float64(1.983874333679113), 0.1]",0.3026368595936903,0.28856728318338465,3751124.1387098823,0
4040299.2736522104,0.24787938230453538,"[0.1, 0.1, np.float64(18.998811770032297), np.float64(1.8269849322128775), 0.1]",0.3022440593114233,0.24787938230453538,4040299.2736522104,0
3873242.185957155,0.2701340037435818,"[0.1, 0.1, np.float64(19.00196400827963), np.float64(1.914282261227175), 0.1]",0.3024589491953767,0.2701340037435818,3873242.185957155,0
4564320.365284879,0.1944849185272822,"[0.1, 0.1, np.float64(18.9906082673177), np.float64(1.599799098098863), 0.1]",0.30172867763014416,0.1944849185272822,4564320.365284879,0
4001471.9789150897,0.2527762729402154,"[0.1, 0.1, np.float64(18.99951726759594), np.float64(1.8465228123157045), 0.1]",0.30229134843762606,0.2527762729402154,4001471.9789150897,0
4602384.220211125,0.1913504223247524,"[0.1, 0.1, np.float64(18.990158476274477), np.float64(1.5855362556754398), 0.1]",0.3016984498129035,0.1913504223247524,4602384.220211125,0
4060625.273616593,0.24537764504516257,"[0.1, 0.1, np.float64(18.99844862782924), np.float64(1.8169281592496471), 0.1]",0.3022198997534344,0.24537764504516257,4060625.273616593,0
4328893.452614129,0.21588368512732195,"[0.1, 0.1, np.float64(18.994017740165503), np.float64(1.6942202203639454), 0.1]",0.30193511817939384,0.21588368512732195,4328893.452614129,0
4451575.184093964,0.2042784982746551,"[0.1, 0.1, np.float64(18.992191002425695), np.float64(1.643630984087268), 0.1]",0.30182312938390604,0.2042784982746551,4451575.184093964,0
3893316.011534691,0.2672893920267369,"[0.1, 0.1, np.float64(19.00156859072853), np.float64(1.9033316625262267), 0.1]",0.3024314860880707,0.2672893920267369,3893316.011534691,0
4014714.4983971445,0.25108841087840433,"[0.1, 0.1, np.float64(18.999274882034708), np.float64(1.8398102447916789), 0.1]",0.30227504895914614,0.25108841087840433,4014714.4983971445,0
4567072.494273441,0.19425548363665215,"[0.1, 0.1, np.float64(18.990570712170655), np.float64(1.5987590548754584), 0.1]",0.30172646565098127,0.19425548363665215,4567072.494273441,0
3941720.947687108,0.26062908784152256,"[0.1, 0.1, np.float64(19.000634374845568), np.float64(1.8774597122145278), 0.1]",0.3023671784711912,0.26062908784152256,3941720.947687108,0
3947816.1749402867,0.25980976706246883,"[0.1, 0.1, np.float64(19.000518623130382), np.float64(1.874254112011817), 0.1]",0.3023592671271574,0.25980976706246883,3947816.1749402867,0
4530991.768767237,0.19729886945815303,"[0.1, 0.1, np.float64(18.991067064904023), np.float64(1.6125049282745945), 0.1]",0.3017558098696976,0.19729886945815303,4530991.768767237,0
3950101.672879222,0.25950364113457686,"[0.1, 0.1, np.float64(19.000475327094982), np.float64(1.8730550820050336), 0.1]",0.3023563111569209,0.25950364113457686,3950101.672879222,0
3417840.2553977156,0.3510790680329327,"[0.1, 0.1, np.float64(19.01244428543205), np.float64(2.2045205398568273), 0.1]",0.30323907704137365,0.3510790680329327,3417840.2553977156,0
4044501.2310310113,0.24735877936089945,"[0.1, 0.1, np.float64(18.998736354359956), np.float64(1.8248963886940412), 0.1]",0.3022390318008674,0.24735877936089945,4044501.2310310113,0
4020448.312187426,0.2503633257167031,"[0.1, 0.1, np.float64(18.999170503621045), np.float64(1.8369196140700672), 0.1]",0.30226804684294256,0.2503633257167031,4020448.312187426,0
4454829.845071984,0.20398457868312694,"[0.1, 0.1, np.float64(18.99214406657278), np.float64(1.6423311538481966), 0.1]",0.30182029392102583,0.20398457868312694,4454829.845071984,0
4140452.1798659437,0.23594204398833835,"[0.1, 0.1, np.float64(18.997061889982394), np.float64(1.7785241743429212), 0.1]",0.3021287801645229,0.23594204398833835,4140452.1798659437,0
3207272.608364093,0.4031480803389395,"[0.1, 0.1, np.float64(19.025368462790325), np.float64(2.3735119419686717), 0.1]",0.30373615392057574,0.4031480803389395,3207272.608364093,0
4066433.530353856,0.24467036644280832,"[0.1, 0.1, np.float64(18.99834562360755), np.float64(1.8140755850704593), 0.1]",0.3022130694714397,0.24467036644280832,4066433.530353856,0
4156718.197231488,0.2340922670828648,"[0.1, 0.1, np.float64(18.99678676871876), np.float64(1.7709050321380153), 0.1]",0.30211091758743436,0.2340922670828648,4156718.197231488,0
4363239.3923039455,0.21252809017161978,"[0.1, 0.1, np.float64(18.993494748162384), np.float64(1.6797366054256655), 0.1]",0.30190273110768834,0.21252809017161978,4363239.3923039455,0
3965496.4478980834,0.2574569774127581,"[0.1, 0.1, np.float64(19.000185198207745), np.float64(1.8650203222761323), 0.1]",0.30233654812592303,0.2574569774127581,3965496.4478980834,0
3798224.604175447,0.2812188581580358,"[0.1, 0.1, np.float64(19.00348515693888), np.float64(1.9564085868938756), 0.1]",0.3025659479131516,0.2812188581580358,3798224.604175447,0
5275022.816812518,0.14712863042054655,"[0.1, 0.1, np.float64(18.98231445568008), np.float64(1.3701122703583055), 0.1]",0.3012733109405116,0.14712863042054655,5275022.816812518,0
3966565.957248335,0.25731577713942816,"[0.1, 0.1, np.float64(19.000165139218186), np.float64(1.86446481343641), 0.1]",0.3023351846456695,0.25731577713942816,3966565.957248335,0
4066127.977805997,0.24470749054367918,"[0.1, 0.1, np.float64(18.998351033894608), np.float64(1.8142254162610914), 0.1]",0.3022134279837469,0.24470749054367918,4066127.977805997,0
4590496.321632771,0.19232046036923522,"[0.1, 0.1, np.float64(18.99025308286111), np.float64(1.589962705055152), 0.1]",0.30170781163272037,0.19232046036923522,4590496.321632771,0
3788451.9440682456,0.2827180135882291,"[0.1, 0.1, np.float64(19.003688540882216), np.float64(1.962041052978162), 0.1]",0.3025804160890322,0.2827180135882291,3788451.9440682456,0
3838221.257219423,0.27521757222404536,"[0.1, 0.1, np.float64(19.00266545267443), np.float64(1.93370789384559), 0.1]",0.30250802344043587,0.27521757222404536,3838221.257219423,0
4051125.4331870894,0.24654170829404676,"[0.1, 0.1, np.float64(18.998617829944738), np.float64(1.8216140020025313), 0.1]",0.30223114125697376,0.24654170829404676,4051125.4331870894,0
3846648.4522371674,0.27397999070246587,"[0.1, 0.1, np.float64(19.002495294570895), np.float64(1.9289955761894955), 0.1]",0.30249607704125064,0.27397999070246587,3846648.4522371674,0
4200256.973491009,0.22925624722876786,"[0.1, 0.1, np.float64(18.996062269751977), np.float64(1.75084093173977), 0.1]",0.3020642201203652,0.22925624722876786,4200256.973491009,0
4059423.760665806,0.24552437365753033,"[0.1, 0.1, np.float64(18.99846997781203), np.float64(1.8175194205457827), 0.1]",0.30222131673062363,0.24552437365753033,4059423.760665806,0
4099911.0479404936,0.2406575838044019,"[0.1, 0.1, np.float64(18.99964384168919), np.float64(1.7978123188609478), 0.1]",0.30217389371434583,0.2406575838044019,4099911.0479404936,0
4054391.7103416715,0.2461404543369102,"[0.1, 0.1, np.float64(18.99855955141207), np.float64(1.8200000503144032), 0.1]",0.302227266299443,0.2461404543369102,4054391.7103416715,0
4259497.22093499,0.222934166223974,"[0.1, 0.1, np.float64(18.995103406967015), np.float64(1.724286416043064), 0.1]",0.3020031794170463,0.222934166223974,4259497.22093499,0
5534159.013132025,0.13501588299768236,"[0.1, 0.1, 20, np.float64(1.3056252087764844), 0.1]",0.3010433674360892,0.13501588299768236,5534159.013132025,0
4696541.939137866,0.18394074758985726,"[0.1, 0.1, np.float64(18.988858600100798), np.float64(1.5513442343750223), 0.1]",0.3016270638684871,0.18394074758985726,4696541.939137866,0
3957113.6491243495,0.2585681277087139,"[0.1, 0.1, np.float64(19.000342855409848), np.float64(1.8693864429699467), 0.1]",0.3023472777033866,0.2585681277087139,3957113.6491243495,0
3867455.1807205654,0.2709633262422356,"[0.1, 0.1, np.float64(19.00207889263824), np.float64(1.9174638410651352), 0.1]",0.3024669554925524,0.2709633262422356,3867455.1807205654,0
4292742.961267612,0.2195101992663035,"[0.1, 0.1, np.float64(18.994578366135997), np.float64(1.7097460613569972), 0.1]",0.3019701245452985,0.2195101992663035,4292742.961267612,0
4113079.894001787,0.23910942397574939,"[0.1, 0.1, np.float64(18.99753046539993), np.float64(1.7915007894282198), 0.1]",0.3021593670518324,0.23910942397574939,4113079.894001787,0
3966440.3531663776,0.2573323532229612,"[0.1, 0.1, np.float64(19.000167494313697), np.float64(1.8645300348857927), 0.1]",0.3023353447103751,0.2573323532229612,3966440.3531663776,0
4366592.688388172,0.21220504667300177,"[0.1, 0.1, np.float64(18.99344418052865), np.float64(1.6783361975207414), 0.1]",0.30189961343180466,0.21220504667300177,4366592.688388172,0
4119425.9485994917,0.23836890710587702,"[0.1, 0.1, np.float64(18.997421196863517), np.float64(1.7884747328215815), 0.1]",0.30215221592961006,0.23836890710587702,4119425.9485994917,0
4282253.89283599,0.2205811195646349,"[0.1, 0.1, np.float64(18.99474302539578), np.float64(1.714306095354648), 0.1]",0.3019804628207708,0.2205811195646349,4282253.89283599,0
4056386.069331325,0.24589597908787417,"[0.1, 0.1, np.float64(18.998524020067087), np.float64(1.8190160537792208), 0.1]",0.3022249053715958,0.24589597908787417,4056386.069331325,0
4021325.876317197,0.25025265433381133,"[0.1, 0.1, np.float64(18.99915455869235), np.float64(1.8364780390439615), 0.1]",0.3022669780915188,0.25025265433381133,4021325.876317197,0
4457177.20128232,0.2037730237513885,"[0.1, 0.1, np.float64(18.99211026236826), np.float64(1.6413949883262466), 0.1]",0.3018182530646353,0.2037730237513885,4457177.20128232,0
4096336.662895204,0.24108139657264047,"[0.1, 0.1, np.float64(18.99782061381652), np.float64(1.7995360899982813), 0.1]",0.3021784104119099,0.24108139657264047,4096336.662895204,0
3437953.2384768385,0.34667806163086,"[0.1, 0.1, np.float64(19.017153841958446), np.float64(2.189674283163445), 0.1]",0.30319503455259605,0.34667806163086,3437953.2384768385,0
4056967.07036222,0.24582483297841848,"[0.1, 0.1, np.float64(18.998513676542476), np.float64(1.8187296026925748), 0.1]",0.30222421830465296,0.24582483297841848,4056967.07036222,0
4319281.617058857,0.2168383001533974,"[0.1, 0.1, np.float64(18.994165772750172), np.float64(1.6983197992138828), 0.1]",0.3019443325552753,0.2168383001533974,4319281.617058857,0
4265579.053849527,0.22230129384243863,"[0.1, 0.1, np.float64(18.995006668653144), np.float64(1.7216073684104016), 0.1]",0.3019970694437217,0.22230129384243863,4265579.053849527,0
4213917.219617648,0.2277726041239548,"[0.1, 0.1, np.float64(18.995838457763337), np.float64(1.7446427362746593), 0.1]",0.3020498945601371,0.2277726041239548,4213917.219617648,0
4174577.068270585,0.23208857408429456,"[0.1, 0.1, np.float64(18.996487514466015), np.float64(1.7626175567281719), 0.1]",0.30209156916042346,0.23208857408429456,4174577.068270585,0
3796506.691669433,0.28148144098108435,"[0.1, 0.1, np.float64(19.003520819903976), np.float64(1.9573962284848765), 0.1]",0.30256848212079096,0.28148144098108435,3796506.691669433,0
4012108.729275121,0.2514190710207913,"[0.1, 0.1, np.float64(18.999322431141266), np.float64(1.8411270583297372), 0.1]",0.30227824211928556,0.2514190710207913,4012108.729275121,0
3970888.873899232,0.25674634554475645,"[0.1, 0.1, np.float64(19.00008418900094), np.float64(1.8622229975600184), 0.1]",0.30232968598682614,0.25674634554475645,3970888.873899232,0
4751409.278740264,0.17983593354914945,"[0.1, 0.1, np.float64(18.98816381910333), np.float64(1.5321031362821245), 0.1]",0.30158753242424996,0.17983593354914945,4751409.278740264,0
4088086.607713295,0.24206289740723952,"[0.1, 0.1, np.float64(18.997964581587762), np.float64(1.8035230988815063), 0.1]",0.3021878888385883,0.24206289740723952,4088086.607713295,0
3648197.1351469704,0.30577444665219966,"[0.1, 0.1, np.float64(19.006750473673943), np.float64(2.0468374843918102), 0.1]",0.30280282671330866,0.30577444665219966,3648197.1351469704,0
4061170.037455261,0.24531116596270341,"[0.1, 0.1, np.float64(18.998438952562264), np.float64(1.8166602147295388), 0.1]",0.3022192577562959,0.24531116596270341,4061170.037455261,0
3944694.6838672585,0.26022882828385974,"[0.1, 0.1, np.float64(19.000577850103173), np.float64(1.875894329573053), 0.1]",0.3023633135856493,0.26022882828385974,3944694.6838672585,0
4419339.455941589,0.20722737553624035,"[0.1, 0.1, np.float64(18.992660034410296), np.float64(1.6566202432310613), 0.1]",0.30185157989763717,0.20722737553624035,4419339.455941589,0
3921533.0951455054,0.26337330510732165,"[0.1, 0.1, np.float64(19.001020739229016), np.float64(1.8881595946646783), 0.1]",0.3023936758166459,0.26337330510732165,3921533.0951455054,0
3347923.201573636,0.36705377365651587,"[0.1, 0.1, np.float64(19.020190915570304), np.float64(2.257641936674167), 0.1]",0.3033905702310007,0.36705377365651587,3347923.201573636,0
4082878.3920997,0.24268589412187022,"[0.1, 0.1, np.float64(18.998055810711676), np.float64(1.8060495763304418), 0.1]",0.3021939051795322,0.24268589412187022,4082878.3920997,0
4404081.935396008,0.2086474423223454,"[0.1, 0.1, np.float64(18.992884701090674), np.float64(1.6628421083239902), 0.1]",0.30186528211511604,0.2086474423223454,4404081.935396008,0
4492532.70444223,0.20062945332003992,"[0.1, 0.1, np.float64(18.991605851936757), np.float64(1.6274259669699875), 0.1]",0.30178793020361666,0.20062945332003992,4492532.70444223,0
4111615.14999918,0.23928087996777836,"[0.1, 0.1, np.float64(18.997555740592734), np.float64(1.792200754547947), 0.1]",0.3021610227959069,0.23928087996777836,4111615.14999918,0
3994437.4895801935,0.2536804668104559,"[0.1, 0.1, np.float64(18.99964677839714), np.float64(1.8501094533422653), 0.1]",0.30230008003897385,0.2536804668104559,3994437.4895801935,0
4027371.6530829966,0.24949238731879067,"[0.1, 0.1, np.float64(18.999044927221515), np.float64(1.8334419314184758), 0.1]",0.3022596361903252,0.24949238731879067,4027371.6530829966,0
3945253.1396918935,0.2601537738266948,"[0.1, 0.1, np.float64(19.000567246010366), np.float64(1.875600662373377), 0.1]",0.3023625888610796,0.2601537738266948,3945253.1396918935,0
4028062.4306835905,0.24940576226184435,"[0.1, 0.1, np.float64(18.99903242508261), np.float64(1.833095700186077), 0.1]",0.30225879965005936,0.24940576226184435,4028062.4306835905,0
4065926.058197111,0.24473202849652326,"[0.1, 0.1, np.float64(18.998354609709875), np.float64(1.8143244440302997), 0.1]",0.3022136649499743,0.24473202849652326,4065926.058197111,0
4136745.9294620045,0.23636687336666923,"[0.1, 0.1, np.float64(18.997124921894507), np.float64(1.780269764980036), 0.1]",0.30213288262616134,0.23636687336666923,4136745.9294620045,0
3646780.1734561212,0.3060230786453521,"[0.1, 0.1, np.float64(19.006782844537145), np.float64(2.0477339553034253), 0.1]",0.302805223889357,0.3060230786453521,3646780.1734561212,0
4029808.21441775,0.2491870570460514,"[0.1, 0.1, np.float64(18.999000850752704), np.float64(1.8322212882762396), 0.1]",0.3022566876069971,0.2491870570460514,4029808.21441775,0
4296164.057531071,0.21916274866011046,"[0.1, 0.1, np.float64(18.994524856853808), np.float64(1.708264188146239), 0.1]",0.30196677045726866,0.21916274866011046,4296164.057531071,0
4135263.9345700038,0.23653709831750583,"[0.1, 0.1, np.float64(18.997150162115975), np.float64(1.7809687616119518), 0.1]",0.30213452644686506,0.23653709831750583,4135263.9345700038,0
3965691.6155519267,0.2574312012168226,"[0.1, 0.1, np.float64(19.000181536841453), np.float64(1.8649189252772191), 0.1]",0.3023362992219519,0.2574312012168226,3965691.6155519267,0
3486021.7238331083,0.33655521617442674,"[0.1, 0.1, np.float64(19.0156114145069), np.float64(2.1551557999159825), 0.1]",0.30309778134089593,0.33655521617442674,3486021.7238331083,0
4051240.6401407267,0.24652753714628628,"[0.1, 0.1, np.float64(18.99861577252874), np.float64(1.821557024417992), 0.1]",0.3022310044045457,0.24652753714628628,4051240.6401407267,0
4228989.3784326995,0.2261537771067283,"[0.1, 0.1, np.float64(18.995593412021055), np.float64(1.7378564983353957), 0.1]",0.3020342641989556,0.2261537771067283,4228989.3784326995,0
4465470.564364859,0.20302844802044995,"[0.1, 0.1, np.float64(18.991991146148983), np.float64(1.638096212355293), 0.1]",0.30181107038652033,0.20302844802044995,4465470.564364859,0
4154754.9380900087,0.2343142659843051,"[0.1, 0.1, np.float64(18.996819844880672), np.float64(1.771821035422861), 0.1]",0.3021130613247226,0.2343142659843051,4154754.9380900087,0
4036360.4545702394,0.24836901896160743,"[0.1, 0.1, np.float64(18.998882626937718), np.float64(1.8289472263353312), 0.1]",0.30224878777013586,0.24836901896160743,4036360.4545702394,0
3676035.1144849868,0.3009566104994805,"[0.1, 0.1, np.float64(19.0061205649257), np.float64(2.029392942789919), 0.1]",0.30275637015711665,0.3009566104994805,3676035.1144849868,0
3890107.4368943507,0.2677407535471714,"[0.1, 0.1, np.float64(19.00163147394173), np.float64(1.9050731351311068), 0.1]",0.3024358438424605,0.2677407535471714,3890107.4368943507,0
3991371.012550787,0.2540762873745543,"[0.1, 0.1, np.float64(18.999703399797866), np.float64(1.8516775128163092), 0.1]",0.3023039023691931,0.2540762873745543,3991371.012550787,0
4454136.968326158,0.20404709261002166,"[0.1, 0.1, np.float64(18.992154052241133), np.float64(1.6426076945494206), 0.1]",0.3018208969933643,0.20404709261002166,4454136.968326158,0
4081291.221596839,0.2428762715393823,"[0.1, 0.1, np.float64(18.998083665227266), np.float64(1.806820972596033), 0.1]",0.3021957436749702,0.2428762715393823,4081291.221596839,0
3829066.899970714,0.27657240508925435,"[0.1, 0.1, np.float64(19.002851289484223), np.float64(1.9388544138273107), 0.1]",0.3025211011992576,0.27657240508925435,3829066.899970714,0
4038226.2839354244,0.24813687900041248,"[0.1, 0.1, np.float64(18.998849042011077), np.float64(1.8280171334423458), 0.1]",0.30224654597773565,0.24813687900041248,4038226.2839354244,0
4065471.14626375,0.24478732572965847,"[0.1, 0.1, np.float64(18.9983626672856), np.float64(1.8145475885974576), 0.1]",0.3022141989626065,0.24478732572965847,4065471.14626375,0
4486747.216108736,0.20113842067736354,"[0.1, 0.1, np.float64(18.991687788811664), np.float64(1.6296951071065437), 0.1]",0.3017928393130859,0.20113842067736354,4486747.216108736,0
3986710.425416171,0.25467982147630536,"[0.1, 0.1, np.float64(18.999789648592856), np.float64(1.854066066232232), 0.1]",0.30230973050438326,0.25467982147630536,3986710.425416171,0
3741882.5251516113,0.29004203323076316,"[0.1, 0.1, np.float64(19.00820228907949), np.float64(1.9893445835195638), 0.1]",0.3026501255702875,0.29004203323076316,3741882.5251516113,0
4069287.8950038827,0.24432401209336513,"[0.1, 0.1, np.float64(18.998295127619595), np.float64(1.8126771613066306), 0.1]",0.3022097246822958,0.24432401209336513,4069287.8950038827,0
4309373.793691192,0.21782956007031395,"[0.1, 0.1, np.float64(18.994319140320425), np.float64(1.7025671238733326), 0.1]",0.3019539009726891,0.21782956007031395,4309373.793691192,0
4263064.37422813,0.22256261305325598,"[0.1, 0.1, np.float64(18.995046629672245), np.float64(1.722714039276739), 0.1]",0.3019995922989257,0.22256261305325598,4263064.37422813,0
4029718.99784542,0.2491982261265991,"[0.1, 0.1, np.float64(18.99900246356447), np.float64(1.8322659530979184), 0.1]",0.3022567954672063,0.2491982261265991,4029718.99784542,0
4024484.5119092925,0.2498549765765882,"[0.1, 0.1, np.float64(18.999097234056936), np.float64(1.834890504357278), 0.1]",0.30226313771966823,0.2498549765765882,4024484.5119092925,0
4835188.022657814,0.17384932613183776,"[0.1, 0.1, np.float64(18.987136026642162), np.float64(1.50363969868607), 0.1]",0.301529909613166,0.17384932613183776,4835188.022657814,0
4018653.744762112,0.25058989261217696,"[0.1, 0.1, np.float64(18.999203135048823), np.float64(1.8378233009944662), 0.1]",0.3022702347929895,0.25058989261217696,4018653.744762112,0
4005330.4372289795,0.25228256305140084,"[0.1, 0.1, np.float64(18.999446453111904), np.float64(1.8445616930008815), 0.1]",0.3022865807623583,0.25228256305140084,4005330.4372289795,0
3931004.0244748723,0.2620799967586229,"[0.1, 0.1, np.float64(19.00083890602131), np.float64(1.8831239494776313), 0.1]",0.30238118816762044,0.2620799967586229,3931004.0244748723,0
4093952.6505107065,0.24136434851519153,"[0.1, 0.1, np.float64(18.997862147861177), np.float64(1.8006863238568114), 0.1]",0.30218114289641623,0.24136434851519153,4093952.6505107065,0
3636271.3826989527,0.3078775102378155,"[0.1, 0.1, np.float64(19.007023865867986), np.float64(2.054408742158699), 0.1]",0.30282310240706006,0.3078775102378155,3636271.3826989527,0
4048006.7802845207,0.24692582994472273,"[0.1, 0.1, np.float64(18.998673575327572), np.float64(1.8231578012475718), 0.1]",0.30223485076317724,0.24692582994472273,4048006.7802845207,0
4009191.7816346097,0.2517900674326799,"[0.1, 0.1, np.float64(18.999375743062007), np.float64(1.8426034658600046), 0.1]",0.3022818247952278,0.2517900674326799,4009191.7816346097,0
4378240.814735674,0.21108912498710167,"[0.1, 0.1, np.float64(18.99326920020067), np.float64(1.6734903343391472), 0.1]",0.3018888440615939,0.21108912498710167,4378240.814735674,0
4191643.1807739204,0.23019995147661354,"[0.1, 0.1, np.float64(18.996204250225066), np.float64(1.7547729048648748), 0.1]",0.3020733324161353,0.23019995147661354,4191643.1807739204,0
4494564.736488592,0.20045127085541273,"[0.1, 0.1, np.float64(18.99199475555805), np.float64(1.626630944196525), 0.1]",0.3017861342203926,0.20045127085541273,4494564.736488592,0
4057043.1621412477,0.24581551771045745,"[0.1, 0.1, np.float64(18.998512322137252), np.float64(1.8186920941196152), 0.1]",0.3022241283459328,0.24581551771045745,4057043.1621412477,0
3919954.697274563,0.26358986443053445,"[0.1, 0.1, np.float64(19.001051142373896), np.float64(1.8890015720577522), 0.1]",0.30239576679585994,0.26358986443053445,3919954.697274563,0
4666504.7076559905,0.18625299116235305,"[0.1, 0.1, np.float64(18.989246530036496), np.float64(1.56208747285321), 0.1]",0.30164933892002027,0.18625299116235305,4666504.7076559905,0
4358649.144490817,0.21297160220147573,"[0.1, 0.1, np.float64(18.99356411022412), np.float64(1.6816575017061084), 0.1]",0.30190701148763344,0.21297160220147573,4358649.144490817,0
3911981.016543302,0.2646883592123597,"[0.1, 0.1, np.float64(19.001205168118585), np.float64(1.893267124041938), 0.1]",0.30240637313679103,0.2646883592123597,3911981.016543302,0
3873621.2886014073,0.2700798212203393,"[0.1, 0.1, np.float64(19.00195649629092), np.float64(1.9140742260158359), 0.1]",0.3024584261106241,0.2700798212203393,3873621.2886014073,0
4091191.088148748,0.24169279247771902,"[0.1, 0.1, np.float64(18.99791032879725), np.float64(1.8020206351297674), 0.1]",0.3021843147038587,0.24169279247771902,4091191.088148748,0
4006596.4533925485,0.25212091467171555,"[0.1, 0.1, np.float64(18.999423252136893), np.float64(1.8439191707706275), 0.1]",0.30228501974656524,0.25212091467171555,4006596.4533925485,0
4791279.376800921,0.1769457790568738,"[0.1, 0.1, np.float64(18.987669821857022), np.float64(1.5184224951758882), 0.1]",0.3015597089806273,0.1769457790568738,4791279.376800921,0
4501022.619769982,0.1998863659109276,"[0.1, 0.1, np.float64(18.99148603638), np.float64(1.6241078237147923), 0.1]",0.30178076323003306,0.1998863659109276,4501022.619769982,0
3708157.6012181537,0.29555114414177674,"[0.1, 0.1, np.float64(19.00540773037273), np.float64(2.0096518738666496), 0.1]",0.30270423525406,0.29555114414177674,3708157.6012181537,0
4046073.187584361,0.2471644824321541,"[0.1, 0.1, np.float64(18.998708187557646), np.float64(1.8241163440350892), 0.1]",0.3022371554556937,0.2471644824321541,4046073.187584361,0
4059589.4336164934,0.24550413313971026,"[0.1, 0.1, np.float64(18.998467033065904), np.float64(1.8174378694538509), 0.1]",0.30222112126533296,0.24550413313971026,4059589.4336164934,0
4459142.705301444,0.20359615863694946,"[0.1, 0.1, np.float64(18.99208198763466), np.float64(1.640611954644091), 0.1]",0.3018165468772756,0.20359615863694946,4459142.705301444,0
4090351.7722720155,0.24179276107121617,"[0.1, 0.1, np.float64(18.997924987083504), np.float64(1.8024265781890758), 0.1]",0.30218528010862866,0.24179276107121617,4090351.7722720155,0
3798114.4569829726,0.28123233973912903,"[0.1, 0.1, np.float64(19.00673287510153), np.float64(1.9564600924331752), 0.1]",0.30256521978468215,0.28123233973912903,3798114.4569829726,0
4050415.784521831,0.2466290288374154,"[0.1, 0.1, np.float64(18.99863050612482), np.float64(1.821965053089491), 0.1]",0.30223198452157624,0.2466290288374154,4050415.784521831,0
4280859.06998268,0.2207241731902127,"[0.1, 0.1, np.float64(18.9947649900292), np.float64(1.7149143786377312), 0.1]",0.301981843833913,0.2207241731902127,4280859.06998268,0
4888047.733680122,0.17023694454528498,"[0.1, 0.1, np.float64(18.98650719476555), np.float64(1.4862249797086784), 0.1]",0.30149515927995707,0.17023694454528498,4888047.733680122,0
3912437.7608104,0.26462523266373905,"[0.1, 0.1, np.float64(19.001196325563292), np.float64(1.89302224043925), 0.1]",0.30240576363439275,0.26462523266373905,3912437.7608104,0
3896198.106702183,0.2668850236974873,"[0.1, 0.1, np.float64(19.001512209006517), np.float64(1.9017702406567785), 0.1]",0.3024275820026765,0.2668850236974873,3896198.106702183,0
4147605.4200064074,0.23512563402027206,"[0.1, 0.1, np.float64(18.99694059827622), np.float64(1.7751651509602384), 0.1]",0.3021208963654875,0.23512563402027206,4147605.4200064074,0
4138973.995826609,0.2361113308144422,"[0.1, 0.1, np.float64(18.997087013918513), np.float64(1.7792199505963768), 0.1]",0.3021304149192685,0.2361113308144422,4138973.995826609,0
4038175.9915115773,0.24814313153600553,"[0.1, 0.1, np.float64(18.998849946806537), np.float64(1.8280421906305677), 0.1]",0.3022466063589483,0.24814313153600553,4038175.9915115773,0
4265091.223959765,0.22235194862609733,"[0.1, 0.1, np.float64(18.995014416650346), np.float64(1.7218219395841665), 0.1]",0.3019975584790143,0.22235194862609733,4265091.223959765,0
4087249.962963496,0.2421627982386232,"[0.1, 0.1, np.float64(18.99797921863331), np.float64(1.8039284537058087), 0.1]",0.30218885359010883,0.2421627982386232,4087249.962963496,0
3705151.691168644,0.2960501502548706,"[0.1, 0.1, np.float64(19.00547381024745), np.float64(2.0114818740481457), 0.1]",0.3027090486029129,0.2960501502548706,3705151.691168644,0
4058714.720818245,0.24561102909061314,"[0.1, 0.1, np.float64(18.998482583725522), np.float64(1.817868525686825), 0.1]",0.30222215357328247,0.24561102909061314,4058714.720818245,0
3913690.2276314795,0.2644522564135403,"[0.1, 0.1, np.float64(19.001172090170947), np.float64(1.892351071303757), 0.1]",0.3024040935022872,0.2644522564135403,3913690.2276314795,0
4153046.058637145,0.23450778152651938,"[0.1, 0.1, np.float64(18.996848664338096), np.float64(1.7726191545557588), 0.1]",0.30211493001646883,0.23450778152651938,4153046.058637145,0
4100137.050812051,0.24063146249886988,"[0.1, 0.1, np.float64(18.997754518043735), np.float64(1.7977056495396613), 0.1]",0.30217406537723107,0.24063146249886988,4100137.050812051,0
3357621.2550945366,0.36476436986380667,"[0.1, 0.1, np.float64(19.01985399879111), np.float64(2.2501019670070574), 0.1]",0.3033686152938833,0.36476436986380667,3357621.2550945366,0
4051248.096947134,0.24652661996034864,"[0.1, 0.1, np.float64(18.998615639366474), np.float64(1.8215533366541368), 0.1]",0.3022309955471739,0.24652661996034864,4051248.096947134,0
4092998.951681672,0.24147769302509944,"[0.1, 0.1, np.float64(18.997878778619103), np.float64(1.8011468920729121), 0.1]",0.30218223747223555,0.24147769302509944,4092998.951681672,0
4888344.406645782,0.17021701535580178,"[0.1, 0.1, np.float64(18.986503706988863), np.float64(1.4861283900586746), 0.1]",0.30149496760991307,0.17021701535580178,4888344.406645782,0
3948660.983083928,0.25969654199564385,"[0.1, 0.1, np.float64(19.000502612473348), np.float64(1.8738107167209352), 0.1]",0.3023581738206934,0.25969654199564385,3948660.983083928,0
5546561.180084897,0.13397078354065298,"[0.1, 0.1, np.float64(19.266197666701167), np.float64(1.2998734872850277), 0.1]",0.30111389253217075,0.13397078354065298,5546561.180084897,0
3914201.3314169846,0.26438172207995153,"[0.1, 0.1, np.float64(19.001162205434664), np.float64(1.8920773257908825), 0.1]",0.30240341247280533,0.26438172207995153,3914201.3314169846,0
3844061.9313073647,0.27435885997600323,"[0.1, 0.1, np.float64(19.002547427382282), np.float64(1.9304393297483948), 0.1]",0.3024997343165561,0.27435885997600323,3844061.9313073647,0
4115390.846457221,0.23883932423276993,"[0.1, 0.1, np.float64(18.997490630072498), np.float64(1.790397599436746), 0.1]",0.30215675871243186,0.23883932423276993,4115390.846457221,0
3964656.0441106753,0.25756801974946386,"[0.1, 0.1, np.float64(19.00020096904306), np.float64(1.8654570760019125), 0.1]",0.3023376203886733,0.25756801974946386,3964656.0441106753,0
4603832.437606294,0.1912327736340219,"[0.1, 0.1, np.float64(18.99007383386395), np.float64(1.584998626374312), 0.1]",0.30169732733814025,0.1912327736340219,4603832.437606294,0
3855910.1938602184,0.27263038440956755,"[0.1, 0.1, np.float64(19.002309290868276), np.float64(1.9238444343177696), 0.1]",0.30248304881481697,0.27263038440956755,3855910.1938602184,0
3528450.4219141304,0.3280302403309492,"[0.1, 0.1, np.float64(19.009597239061076), np.float64(2.1256751213747678), 0.1]",0.303017281543054,0.3280302403309492,3528450.4219141304,0
4056427.4371326324,0.24589091230282695,"[0.1, 0.1, np.float64(18.998523283486243), np.float64(1.8189956550862647), 0.1]",0.302224856441016,0.24589091230282695,4056427.4371326324,0
4083177.181353847,0.24265008242783678,"[0.1, 0.1, np.float64(18.998050569796046), np.float64(1.8059044356716965), 0.1]",0.3021935593421954,0.24265008242783678,4083177.181353847,0
4116679.4303661236,0.23868893420415532,"[0.1, 0.1, np.float64(18.997468440130483), np.float64(1.789783076511537), 0.1]",0.3021553064056344,0.23868893420415532,4116679.4303661236,0
4153180.8233029796,0.23449251110166097,"[0.1, 0.1, np.float64(18.99684639061408), np.float64(1.7725561865888597), 0.1]",0.3021147825567528,0.23449251110166097,4153180.8233029796,0
3206976.3079735264,0.4032303000854228,"[0.1, 0.1, np.float64(19.025379982699878), np.float64(2.3737697497537784), 0.1]",0.30373693988964123,0.4032303000854228,3206976.3079735264,0
4069278.0087730624,0.2443252103197294,"[0.1, 0.1, np.float64(18.99829530237469), np.float64(1.8126820009323015), 0.1]",0.3022097362537232,0.2443252103197294,4069278.0087730624,0
4163498.423078011,0.23332822633894956,"[0.1, 0.1, np.float64(18.996672811252203), np.float64(1.767749121426044), 0.1]",0.3021035396563815,0.23332822633894956,4163498.423078011,0
6760489.152664067,0.09317891607410043,"[0.1, 0.1, 20, np.float64(1.0564242604071452), 0.1]",0.3006849103546938,0.09317891607410043,6760489.152664067,0
4276280.599382539,0.22119481189272405,"[0.1, 0.1, np.float64(18.99483720184751), np.float64(1.7169141953924494), 0.1]",0.3019863873337299,0.22119481189272405,4276280.599382539,0
3833717.592872389,0.27588273965386917,"[0.1, 0.1, np.float64(19.00275674852595), np.float64(1.9362362192329008), 0.1]",0.3025144441466913,0.27588273965386917,3833717.592872389,0
4096581.217401379,0.241052401837148,"[0.1, 0.1, np.float64(18.997816356338134), np.float64(1.7994181844143884), 0.1]",0.3021781304081217,0.241052401837148,4096581.217401379,0
3726687.162357255,0.2925054898713702,"[0.1, 0.1, np.float64(19.005003188068166), np.float64(1.998448576434435), 0.1]",0.3026748551054934,0.2925054898713702,3726687.162357255,0
4049558.5762722385,0.24673457394339765,"[0.1, 0.1, np.float64(18.998645824911243), np.float64(1.822389287881875), 0.1]",0.30223300378270584,0.24673457394339765,4049558.5762722385,0
3970599.1410228265,0.25678444553346236,"[0.1, 0.1, np.float64(19.000089608110997), np.float64(1.8623730730925594), 0.1]",0.3023300538967127,0.25678444553346236,3970599.1410228265,0
4386802.592638677,0.21027498660149893,"[0.1, 0.1, np.float64(18.99314124592003), np.float64(1.6699467992190997), 0.1]",0.3018809874299753,0.21027498660149893,4386802.592638677,0
3512243.6458131494,0.33124817909890425,"[0.1, 0.1, np.float64(19.010000670062933), np.float64(2.1368476426564627), 0.1]",0.3030482669109669,0.33124817909890425,3512243.6458131494,0
3620440.0306079835,0.310706464147958,"[0.1, 0.1, np.float64(19.007390137474268), np.float64(2.064552180063228), 0.1]",0.30285037309618135,0.310706464147958,3620440.0306079835,0
4034052.382133669,0.24865667495582808,"[0.1, 0.1, np.float64(18.998924221690828), np.float64(1.8300991414390544), 0.1]",0.3022515656822114,0.24865667495582808,4034052.382133669,0
4002444.079817055,0.25265173810417085,"[0.1, 0.1, np.float64(18.999499411731417), np.float64(1.8460283162916629), 0.1]",0.30229014582693264,0.25265173810417085,4002444.079817055,0
4151598.598877368,0.23467189860677576,"[0.1, 0.1, np.float64(18.996873096202233), np.float64(1.7732957647338692), 0.1]",0.3021165148239377,0.23467189860677576,4151598.598877368,0
3987498.8601727677,0.25457755577764696,"[0.1, 0.1, np.float64(18.999775041451606), np.float64(1.8536615395703002), 0.1]",0.30230874295974786,0.25457755577764696,3987498.8601727677,0
3967197.5209446037,0.2572310211177199,"[0.1, 0.1, np.float64(19.00260726853163), np.float64(1.864131807478302), 0.1]",0.30233377467405415,0.2572310211177199,3967197.5209446037,0
4080475.8206995167,0.24297417228222973,"[0.1, 0.1, np.float64(18.99809798499789), np.float64(1.8072175408847664), 0.1]",0.30219668911339337,0.24297417228222973,4080475.8206995167,0
4224462.225042797,0.2266380317675299,"[0.1, 0.1, np.float64(18.995666807331148), np.float64(1.7398890904272926), 0.1]",0.3020389397965274,0.2266380317675299,4224462.225042797,0
4639412.003954162,0.18837947014782147,"[0.1, 0.1, np.float64(18.989601155453148), np.float64(1.5719083839789483), 0.1]",0.3016698285453215,0.18837947014782147,4639412.003954162,0
4218509.066338282,0.2272774111470979,"[0.1, 0.1, np.float64(18.995763592772573), np.float64(1.7425694431991123), 0.1]",0.30204511323604705,0.2272774111470979,4218509.066338282,0
6553483.56729742,0.09836952375931023,"[0.1, 0.1, np.float64(19.52969796458863), np.float64(1.0900370048572265), 0.1]",0.3007642789695241,0.09836952375931023,6553483.56729742,0
3949723.818260471,0.2595542111098341,"[0.1, 0.1, np.float64(19.000482481090497), np.float64(1.8732532030388112), 0.1]",0.3023567994645305,0.2595542111098341,3949723.818260471,0
6402508.78680101,0.10234125283798991,"[0.1, 0.1, np.float64(18.973107767934064), np.float64(1.1151444708981693), 0.1]",0.3008469908481731,0.10234125283798991,6402508.78680101,0
4010209.4279966136,0.25166053447671566,"[0.1, 0.1, np.float64(18.999357133776503), np.float64(1.8420881047761588), 0.1]",0.3022805739092359,0.25166053447671566,4010209.4279966136,0
4023133.288345965,0.2500249708973115,"[0.1, 0.1, np.float64(18.999121744107825), np.float64(1.8355692798204482), 0.1]",0.3022647793548682,0.2500249708973115,4023133.288345965,0
4807550.415461601,0.17578795290094829,"[0.1, 0.1, np.float64(18.98747078070502), np.float64(1.5129102973119317), 0.1]",0.3015485651357405,0.17578795290094829,4807550.415461601,0
3720256.6870369827,0.2935565600803323,"[0.1, 0.1, np.float64(19.005143037018303), np.float64(2.0023215196748874), 0.1]",0.30268499475251015,0.2935565600803323,3720256.6870369827,0
3330015.3705766816,0.37136425618312996,"[0.1, 0.1, np.float64(19.014872669304488), np.float64(2.271771619645806), 0.1]",0.30343398528632487,0.37136425618312996,3330015.3705766816,0
4046131.111259062,0.2471573277378756,"[0.1, 0.1, np.float64(18.998707150143893), np.float64(1.8240876141477942), 0.1]",0.302237086362067,0.2471573277378756,4046131.111259062,0
3947473.975423901,0.25985565330603566,"[0.1, 0.1, np.float64(19.000525110698465), np.float64(1.874433777164465), 0.1]",0.30235971020632124,0.25985565330603566,3947473.975423901,0
4502894.173836758,0.19972316070634938,"[0.1, 0.1, np.float64(18.99145969106562), np.float64(1.623378222905117), 0.1]",0.3017791891836981,0.19972316070634938,4502894.173836758,0
4167784.1047933977,0.23284739306198685,"[0.1, 0.1, np.float64(18.99660099790545), np.float64(1.7657603398468078), 0.1]",0.3020988965453692,0.23284739306198685,4167784.1047933977,0
3811073.7643685373,0.27926444254832605,"[0.1, 0.1, np.float64(19.006401476077414), np.float64(1.9490436063931378), 0.1]",0.30254624968934674,0.27926444254832605,3811073.7643685373,0
4049986.4599192888,0.2466818808348947,"[0.1, 0.1, np.float64(18.998638177462116), np.float64(1.8221775012623134), 0.1]",0.3022324949193715,0.2466818808348947,4049986.4599192888,0
4350889.208053012,0.21372482098886625,"[0.1, 0.1, np.float64(18.993681741415106), np.float64(1.6849151516602079), 0.1]",0.3019142810575532,0.21372482098886625,4350889.208053012,0
4459341.330100058,0.20357829940939443,"[0.1, 0.1, np.float64(18.992079131861257), np.float64(1.640532867541323), 0.1]",0.3018163745933259,0.20357829940939443,4459341.330100058,0
4020504.898194071,0.2503561871173986,"[0.1, 0.1, np.float64(18.999169475237984), np.float64(1.8368911342765752), 0.1]",0.302267977905646,0.2503561871173986,4020504.898194071,0
6953075.57045212,0.08832861812587658,"[0.1, 0.1, np.float64(19.706671657115994), np.float64(1.0241252348103398), 0.1]",0.3006630818654941,0.08832861812587658,6953075.57045212,0
4246611.237577213,0.22428486140094434,"[0.1, 0.1, np.float64(18.995309406406786), np.float64(1.7299913150575974), 0.1]",0.3020162198447175,0.22428486140094434,4246611.237577213,0
4344276.554291325,0.21437012260012894,"[0.1, 0.1, np.float64(18.99378235279852), np.float64(1.6877014591507238), 0.1]",0.301920509256686,0.21437012260012894,4344276.554291325,0
3972441.3044476896,0.25654235844597917,"[0.1, 0.1, np.float64(19.000055168211905), np.float64(1.8614193027978527), 0.1]",0.3023277161967904,0.25654235844597917,3972441.3044476896,0
4038959.1533454317,0.24804579536838547,"[0.1, 0.1, np.float64(18.998835860124146), np.float64(1.8276520774312532), 0.1]",0.3022456663760151,0.24804579536838547,4038959.1533454317,0
4570732.436805376,0.19395105085943806,"[0.1, 0.1, np.float64(18.990520846409105), np.float64(1.5973780844502423), 0.1]",0.30172353067614394,0.19395105085943806,4570732.436805376,0
4228691.4917292055,0.22618558896565044,"[0.1, 0.1, np.float64(18.99559823596847), np.float64(1.7379900915765965), 0.1]",0.3020345713487289,0.22618558896565044,4228691.4917292055,0
3261190.5558451745,0.3886640158908989,"[0.1, 0.1, np.float64(19.016891120511392), np.float64(2.3276701226405336), 0.1]",0.30359996873205086,0.3886640158908989,3261190.5558451745,0
4044769.3563821893,0.24732562080699094,"[0.1, 0.1, np.float64(18.99873154822717), np.float64(1.8247632888068057), 0.1]",0.3022387115854108,0.24732562080699094,4044769.3563821893,0
4016491.623943177,0.2508633111998386,"[0.1, 0.1, np.float64(18.999242494494222), np.float64(1.8389133120232855), 0.1]",0.3022728751845623,0.2508633111998386,4016491.623943177,0
4309965.689572866,0.21777013390703548,"[0.1, 0.1, np.float64(18.994309955848784), np.float64(1.7023127713214299), 0.1]",0.3019533273356161,0.21777013390703548,4309965.689572866,0
4212733.1834092885,0.22790057934444063,"[0.1, 0.1, np.float64(18.995857792142193), np.float64(1.7451781779193816), 0.1]",0.30205113022966673,0.22790057934444063,4212733.1834092885,0
4611795.847068875,0.19058806610158394,"[0.1, 0.1, np.float64(18.9900026753009), np.float64(1.5820495352524548), 0.1]",0.30169110717811265,0.19058806610158394,4611795.847068875,0
4067496.41709363,0.24454129952687262,"[0.1, 0.1, np.float64(18.99832681079387), np.float64(1.813554587526302), 0.1]",0.30221182305534255,0.24454129952687262,4067496.41709363,0
4100092.2830276242,0.24063675461001968,"[0.1, 0.1, np.float64(18.997755295822575), np.float64(1.7977271891601205), 0.1]",0.3021741164833488,0.24063675461001968,4100092.2830276242,0
4035659.8210418187,0.2484562814264864,"[0.1, 0.1, np.float64(18.99889524756628), np.float64(1.829296738991947), 0.1]",0.3022496304695836,0.2484562814264864,4035659.8210418187,0
3885037.5927543207,0.2684565071643085,"[0.1, 0.1, np.float64(19.0017310823402), np.float64(1.9078316661975647), 0.1]",0.3024427541322424,0.2684565071643085,3885037.5927543207,0
4540809.975479507,0.19643125115919285,"[0.1, 0.1, np.float64(18.849700692978725), np.float64(1.6085779975170702), 0.1]",0.30177334566478065,0.19643125115919285,4540809.975479507,0
3745778.293342031,0.2894213065966916,"[0.1, 0.1, np.float64(19.004591353721974), np.float64(1.9870433349526326), 0.1]",0.3026450996340953,0.2894213065966916,3745778.293342031,0
5112945.569468405,0.1561484635506655,"[0.1, 0.1, np.float64(18.983987967357212), np.float64(1.4164581008523691), 0.1]",0.301359800759171,0.1561484635506655,5112945.569468405,0
3887851.1042239587,0.26805891130043236,"[0.1, 0.1, np.float64(19.001675767187695), np.float64(1.9062997816479335), 0.1]",0.30243891553055685,0.26805891130043236,3887851.1042239587,0
4047423.011062664,0.24699784142751177,"[0.1, 0.1, np.float64(18.9986840210698), np.float64(1.8234470831242109), 0.1]",0.30223554618587745,0.24699784142751177,4047423.011062664,0
4535337.689169068,0.19692818709998544,"[0.1, 0.1, np.float64(18.991006817002766), np.float64(1.6108364373656239), 0.1]",0.3017522354273647,0.19692818709998544,4535337.689169068,0
3516227.06348031,0.3304524195244818,"[0.1, 0.1, np.float64(19.00990109125255), np.float64(2.134089930995518), 0.1]",0.3030406051468491,0.3304524195244818,3516227.06348031,0
3329622.982755658,0.3714592331485121,"[0.1, 0.1, np.float64(19.014883879169897), np.float64(2.2720820629664464), 0.1]",0.3034348971674188,0.3714592331485121,3329622.982755658,0
4037678.155994017,0.24820503819862436,"[0.1, 0.1, np.float64(18.998858904609975), np.float64(1.8282902658876912), 0.1]",0.30224720419623535,0.24820503819862436,4037678.155994017,0
4077812.39274315,0.2432944071577203,"[0.1, 0.1, np.float64(18.998144804862903), np.float64(1.8085141589828078), 0.1]",0.3021997816586622,0.2432944071577203,4077812.39274315,0
4264448.251026626,0.2224187418631002,"[0.1, 0.1, np.float64(18.995024631773596), np.float64(1.7221048347543542), 0.1]",0.3019982033204367,0.2224187418631002,4264448.251026626,0
4065027.3349111495,0.24484129338426416,"[0.1, 0.1, np.float64(18.998370530237448), np.float64(1.8147653432976079), 0.1]",0.3022147201353265,0.24484129338426416,4065027.3349111495,0
6721081.046494453,0.09356012322292821,"[0.1, 0.1, np.float64(18.966625761945817), np.float64(1.0588900237855001), 0.1]",0.3007646817782663,0.09356012322292821,6721081.046494453,0
4072152.127699706,0.24397726835019726,"[0.1, 0.1, np.float64(18.998244538656536), np.float64(1.8112761627125264), 0.1]",0.3022063761333861,0.24397726835019726,4072152.127699706,0
4091045.258168277,0.2417101570159078,"[0.1, 0.1, np.float64(18.99791287516019), np.float64(1.8020911534934712), 0.1]",0.3021844823945809,0.2417101570159078,4091045.258168277,0
4319721.953503952,0.21679441661558588,"[0.1, 0.1, np.float64(18.994158974928606), np.float64(1.6981315419759067), 0.1]",0.30194390896462087,0.21679441661558588,4319721.953503952,0
3862236.6398490225,0.27171478263746685,"[0.1, 0.1, np.float64(19.002182837125996), np.float64(1.920342454746897), 0.1]",0.30247420992938373,0.27171478263746685,3862236.6398490225,0
4283316.179274471,0.2204722727672388,"[0.1, 0.1, np.float64(18.99472630810663), np.float64(1.7138431307636142), 0.1]",0.3019794120379495,0.2204722727672388,4283316.179274471,0
4207854.196144074,0.22842916384431405,"[0.1, 0.1, np.float64(18.995937592217718), np.float64(1.7473881420472002), 0.1]",0.3020562340302408,0.22842916384431405,4207854.196144074,0
3949128.6435016436,0.25963389887122135,"[0.1, 0.1, np.float64(19.000493752871265), np.float64(1.873565361028456), 0.1]",0.3023575689350172,0.25963389887122135,3949128.6435016436,0
4031903.821556519,0.24892494283159639,"[0.1, 0.1, np.float64(18.998962991059724), np.float64(1.8311728110308017), 0.1]",0.3022541563591454,0.24892494283159639,4031903.821556519,0
4263884.820498834,0.2224772990897411,"[0.1, 0.1, np.float64(18.995033586037117), np.float64(1.7223528119779243), 0.1]",0.30199876864997677,0.2224772990897411,4263884.820498834,0
3901458.6590352464,0.2661495389665443,"[0.1, 0.1, np.float64(19.001409548507954), np.float64(1.8989271854634067), 0.1]",0.302420480978414,0.2661495389665443,3901458.6590352464,0
3562325.4727851893,0.3214689285909786,"[0.1, 0.1, np.float64(19.008768405125185), np.float64(2.10272159339799), 0.1]",0.30295408466477597,0.3214689285909786,3562325.4727851893,0
4038081.841459143,0.24815483730558022,"[0.1, 0.1, np.float64(18.99885164070073), np.float64(1.8280891009295717), 0.1]",0.3022467194024534,0.24815483730558022,4038081.841459143,0
4072149.1828681864,0.24397762443646756,"[0.1, 0.1, np.float64(18.998244590627152), np.float64(1.8112776019743904), 0.1]",0.30220637957215646,0.24397762443646756,4072149.1828681864,0
4302924.397163009,0.2184788007957039,"[0.1, 0.1, np.float64(18.99441939996997), np.float64(1.7053436905306205), 0.1]",0.3019601681277062,0.2184788007957039,4302924.397163009,0
4125901.305540002,0.2376171707942116,"[0.1, 0.1, np.float64(18.99731009744756), np.float64(1.7853979722764461), 0.1]",0.3021449565009281,0.2376171707942116,4125901.305540002,0
3132939.0616089264,0.4246895175537274,"[0.1, 0.1, np.float64(19.028347037363194), np.float64(2.4401704265487583), 0.1]",0.3039418728643537,0.4246895175537274,3132939.0616089264,0
4072485.2383954693,0.24393699442028696,"[0.1, 0.1, np.float64(18.99823866044879), np.float64(1.8111133730389697), 0.1]",0.30220598720292935,0.24393699442028696,4072485.2383954693,0
4200375.094051391,0.22924335032585236,"[0.1, 0.1, np.float64(18.99606032736991), np.float64(1.7507871398773127), 0.1]",0.30206409559046904,0.22924335032585236,4200375.094051391,0
4583842.598747003,0.19286691191727057,"[0.1, 0.1, np.float64(18.9903429442211), np.float64(1.5924513039787793), 0.1]",0.3017130792577539,0.19286691191727057,4583842.598747003,0
3821663.924438878,0.27767608752496914,"[0.1, 0.1, np.float64(19.0030023374843), np.float64(1.9430375008674534), 0.1]",0.3025317543095947,0.27767608752496914,3821663.924438878,0
4105902.620884294,0.2399514921902346,"[0.1, 0.1, np.float64(18.99765451124075), np.float64(1.7949360851543945), 0.1]",0.3021674988891834,0.2399514921902346,4105902.620884294,0
5248291.898346154,0.14855729858363373,"[0.1, 0.1, np.float64(18.982582906927703), np.float64(1.37754669474164), 0.1]",0.3012870000168446,0.14855729858363373,5248291.898346154,0
4239015.058547519,0.2250873742603877,"[0.1, 0.1, np.float64(18.995431504210778), np.float64(1.7333726623196128), 0.1]",0.30202396799750647,0.2250873742603877,4239015.058547519,0
3992424.5266392464,0.2539401855407034,"[0.1, 0.1, np.float64(18.99968393570846), np.float64(1.851138478998666), 0.1]",0.30230258807282184,0.2539401855407034,3992424.5266392464,0
4035849.6713805036,0.24843263098626914,"[0.1, 0.1, np.float64(18.998891827262582), np.float64(1.8292020179226642), 0.1]",0.3022494020757309,0.24843263098626914,4035849.6713805036,0
3566922.3307975223,0.3205952966847139,"[0.1, 0.1, np.float64(19.008657404003255), np.float64(2.0996475549839677), 0.1]",0.302945668262286,0.3205952966847139,3566922.3307975223,0
4297048.671316524,0.21907305264255741,"[0.1, 0.1, np.float64(18.994511036230108), np.float64(1.7078814431124907), 0.1]",0.30196590458959266,0.21907305264255741,4297048.671316524,0
4051994.3045684085,0.2464348648644369,"[0.1, 0.1, np.float64(18.998602316576083), np.float64(1.8211843784965296), 0.1]",0.30223010945741924,0.2464348648644369,4051994.3045684085,0
4183101.7322613527,0.23114203083029444,"[0.1, 0.1, np.float64(18.996345693580487), np.float64(1.7586900031825088), 0.1]",0.3020824291681369,0.23114203083029444,4183101.7322613527,0
4530746.138783146,0.19731985428936727,"[0.1, 0.1, np.float64(18.991070473911197), np.float64(1.6125993365006668), 0.1]",0.30175601222643816,0.19731985428936727,4530746.138783146,0
3988514.9926945358,0.2544458554945615,"[0.1, 0.1, np.float64(18.99975622565121), np.float64(1.8531404593127445), 0.1]",0.3023074711740025,0.2544458554945615,3988514.9926945358,0
3858901.383954046,0.2721943279523218,"[0.1, 0.1, np.float64(19.00520101201606), np.float64(1.9221780325539775), 0.1]",0.302478084745084,0.2721943279523218,3858901.383954046,0
4067905.9615801964,0.24449159813336022,"[0.1, 0.1, np.float64(18.998319564974555), np.float64(1.8133539235463068), 0.1]",0.30221134308249453,0.24449159813336022,4067905.9615801964,0
4067223.8146888856,0.24457439113052779,"[0.1, 0.1, np.float64(18.998331634708798), np.float64(1.813688179867917), 0.1]",0.30221214262528523,0.24457439113052779,4067223.8146888856,0
4099637.073579081,0.24069057689313123,"[0.1, 0.1, np.float64(18.9977632055654), np.float64(1.7979462396784012), 0.1]",0.3021746362472446,0.24069057689313123,4099637.073579081,0
4094626.8189957463,0.2412842780684355,"[0.1, 0.1, np.float64(18.997850396947833), np.float64(1.8003608968845888), 0.1]",0.30218036965082345,0.2412842780684355,4094626.8189957463,0
3740359.388494423,0.2902912635142779,"[0.1, 0.1, np.float64(19.004707743563454), np.float64(1.9902666072716833), 0.1]",0.3026534931340006,0.2902912635142779,3740359.388494423,0
4172797.7799558006,0.23228694022976187,"[0.1, 0.1, np.float64(18.996517198715104), np.float64(1.76343962519374), 0.1]",0.30209348463610053,0.23228694022976187,4172797.7799558006,0
3924475.2654421693,0.2629704136172331,"[0.1, 0.1, np.float64(19.000964142979452), np.float64(1.886592231720777), 0.1]",0.3023897856936941,0.2629704136172331,3924475.2654421693,0
4019582.9755699933,0.25047253378200024,"[0.1, 0.1, np.float64(18.99918623423567), np.float64(1.8373552539337754), 0.1]",0.30226910146247427,0.25047253378200024,4019582.9755699933,0
4071113.730186275,0.24410288329430774,"[0.1, 0.1, np.float64(18.99826286972242), np.float64(1.8117838188490412), 0.1]",0.30220758921294844,0.24410288329430774,4071113.730186275,0
4530491.807234686,0.1973415863566481,"[0.1, 0.1, np.float64(18.99107400411489), np.float64(1.6126971011139986), 0.1]",0.30175622178908157,0.1973415863566481,4530491.807234686,0
3812847.9093768527,0.2789999273444811,"[0.1, 0.1, np.float64(19.00318311642127), np.float64(1.9480439493339916), 0.1]",0.3025445319927233,0.2789999273444811,3812847.9093768527,0
4040696.4259195644,0.24783010005196948,"[0.1, 0.1, np.float64(18.998804634326284), np.float64(1.8267873176841767), 0.1]",0.3022435833885075,0.24783010005196948,4040696.4259195644,0
3912691.5938085527,0.2645901611505879,"[0.1, 0.1, np.float64(19.001191412403074), np.float64(1.8928861765600964), 0.1]",0.30240542500996603,0.2645901611505879,3912691.5938085527,0
4352768.769560672,0.2135419819026719,"[0.1, 0.1, np.float64(18.99365320643649), np.float64(1.6841249108151308), 0.1]",0.3019125163951592,0.2135419819026719,4352768.769560672,0
3923647.511943896,0.2630836610564883,"[0.1, 0.1, np.float64(19.000980055853248), np.float64(1.887032919026249), 0.1]",0.302390879158322,0.2630836610564883,3923647.511943896,0
3260584.8451769305,0.388797340073842,"[0.1, 0.1, np.float64(19.02333920787827), np.float64(2.3280985893884276), 0.1]",0.30359888149160086,0.388797340073842,3260584.8451769305,0
4080508.5173807256,0.24297024532384207,"[0.1, 0.1, np.float64(18.998097410664617), np.float64(1.8072016354369966), 0.1]",0.30219665119031336,0.24297024532384207,4080508.5173807256,0
4107271.0275571793,0.23979056998618772,"[0.1, 0.1, np.float64(18.997630822644947), np.float64(1.7942800588710717), 0.1]",0.3021659448633518,0.23979056998618772,4107271.0275571793,0
4714233.921519936,0.18260062368645966,"[0.1, 0.1, np.float64(18.988632638368628), np.float64(1.545086504428825), 0.1]",0.3016141560035237,0.18260062368645966,4714233.921519936,0
4364905.463864698,0.2123674868994204,"[0.1, 0.1, np.float64(18.99346961296992), np.float64(1.6790405174418064), 0.1]",0.3019011811286191,0.2123674868994204,4364905.463864698,0
7113347.092870654,0.08478957260173627,"[0.1, 0.1, np.float64(19.83879910585312), 1, 0.1]",0.3006239980643313,0.08478957260173627,7113347.092870654,0
3829137.6750315884,0.2765618883733263,"[0.1, 0.1, np.float64(19.002849848722587), np.float64(1.9388145137205681), 0.1]",0.3025209996867731,0.2765618883733263,3829137.6750315884,0
4399047.716887275,0.2091194853139557,"[0.1, 0.1, np.float64(18.99295921140239), np.float64(1.6649055790030616), 0.1]",0.30186983706508125,0.2091194853139557,4399047.716887275,0
4005721.026732806,0.25223267337047983,"[0.1, 0.1, np.float64(18.999439293375513), np.float64(1.84436341298059), 0.1]",0.3022860989848909,0.25223267337047983,4005721.026732806,0
4022044.276353486,0.2501621152411629,"[0.1, 0.1, np.float64(18.999141511666846), np.float64(1.836116717852861), 0.1]",0.30226610375674323,0.2501621152411629,4022044.276353486,0
4237657.575206223,0.22523128339087548,"[0.1, 0.1, np.float64(18.99545337593393), np.float64(1.7339783725681275), 0.1]",0.3020253574363971,0.22523128339087548,4237657.575206223,0
4033964.6035674973,0.24866762562900166,"[0.1, 0.1, np.float64(18.998925804666566), np.float64(1.8301429799889104), 0.1]",0.30225167143349146,0.24866762562900166,4033964.6035674973,0
3450188.34390336,0.344067000378902,"[0.1, 0.1, np.float64(19.011588414888), np.float64(2.1808182665464493), 0.1]",0.30317163649694406,0.344067000378902,3450188.34390336,0
4029661.470502963,0.2492054284477908,"[0.1, 0.1, np.float64(18.999003503558065), np.float64(1.832294754430743), 0.1]",0.30225686502027604,0.2492054284477908,4029661.470502963,0
3814221.57023702,0.2787929713119872,"[0.1, 0.1, np.float64(19.003154883842466), np.float64(1.9472620830766343), 0.1]",0.3025425344897166,0.2787929713119872,3814221.57023702,0
4096862.7079497986,0.24101903499203833,"[0.1, 0.1, np.float64(18.997811456555674), np.float64(1.7992824910156298), 0.1]",0.30217780818266726,0.24101903499203833,4096862.7079497986,0
3927199.7523167557,0.2625982339223483,"[0.1, 0.1, np.float64(19.00091182206075), np.float64(1.8851432687630982), 0.1]",0.3023861920843186,0.2625982339223483,3927199.7523167557,0
5133309.486804735,0.15496584995460408,"[0.1, 0.1, np.float64(18.98233534118069), np.float64(1.4104597829333572), 0.1]",0.3013486542654293,0.15496584995460408,5133309.486804735,0
4067494.586827354,0.24454152168106766,"[0.1, 0.1, np.float64(18.998326843179402), np.float64(1.813555484403531), 0.1]",0.3022118252007146,0.24454152168106766,4067494.586827354,0
4104215.0135102863,0.2401501958939681,"[0.1, 0.1, np.float64(18.997683750412428), np.float64(1.795745827753111), 0.1]",0.3021694177728351,0.2401501958939681,4104215.0135102863,0
4345028.913332794,0.21429654245761737,"[0.1, 0.1, np.float64(18.993770888368708), np.float64(1.6873839659847913), 0.1]",0.30191979908189176,0.21429654245761737,4345028.913332794,0
4228111.902952612,0.2262475053011288,"[0.1, 0.1, np.float64(18.995607623974504), np.float64(1.7382500807611834), 0.1]",0.30203516916378365,0.2262475053011288,4228111.902952612,0
2647118.0589032164,0.7305501513476108,"[0.1, 0.1, np.float64(17.532596795526857), np.float64(3.079874687493147), np.float64(0.12598806020452558)]",0.33321471566456023,0.7305501513476108,2647118.0589032164,0
3762056.7245020443,0.28683363435059717,"[0.1, 0.1, np.float64(19.00424410554254), np.float64(1.9774267272628219), 0.1]",0.3026201316869124,0.28683363435059717,3762056.7245020443,0
4182698.637741151,0.23118664619481452,"[0.1, 0.1, np.float64(18.99635238488919), np.float64(1.7588753106787887), 0.1]",0.30208285997914175,0.23118664619481452,4182698.637741151,0
4103460.394794321,0.24023913419260642,"[0.1, 0.1, np.float64(18.997696833692288), np.float64(1.7961081529636127), 0.1]",0.30217027665151586,0.24023913419260642,4103460.394794321,0
3977216.3279571184,0.2559165936952038,"[0.1, 0.1, np.float64(18.999966069301273), np.float64(1.858951818963805), 0.1]",0.3023216735053444,0.2559165936952038,3977216.3279571184,0
4584937.915104093,0.1927767826987619,"[0.1, 0.1, np.float64(18.990328131751077), np.float64(1.5920410909910625), 0.1]",0.3017122104244513,0.1927767826987619,4584937.915104093,0
3697463.848576943,0.29733274095231504,"[0.1, 0.1, np.float64(19.005643396983313), np.float64(2.0161783683848795), 0.1]",0.3027214198397636,0.29733274095231504,3697463.848576943,0
3179736.954290134,0.4109428057615167,"[0.1, 0.1, np.float64(19.019424635294815), np.float64(2.3978326726312544), 0.1]",0.30381337318568025,0.4109428057615167,3179736.954290134,0
4043972.8994317343,0.24742413848904807,"[0.1, 0.1, np.float64(18.99874582682), np.float64(1.8251587167276857), 0.1]",0.3022396629803934,0.24742413848904807,4043972.8994317343,0
4002419.0280203614,0.2526549461986645,"[0.1, 0.1, np.float64(18.999499871765288), np.float64(1.8460410563592524), 0.1]",0.302290176806944,0.2526549461986645,4002419.0280203614,0
4323871.565261192,0.21638158250817857,"[0.1, 0.1, np.float64(18.994094990449028), np.float64(1.6963595711643191), 0.1]",0.30193992407053877,0.21638158250817857,4323871.565261192,0
4129348.638431728,0.23721854775180462,"[0.1, 0.1, np.float64(18.997251112812393), np.float64(1.7837644659551652), 0.1]",0.30214110706286584,0.23721854775180462,4129348.638431728,0
3995543.562563254,0.253536727690089,"[0.1, 0.1, np.float64(19.001955255462516), np.float64(1.8495401959371078), 0.1]",0.3022981390104743,0.253536727690089,3995543.562563254,0
4054940.203056573,0.24607317849242788,"[0.1, 0.1, np.float64(18.99854977550724), np.float64(1.81972931875361), 0.1]",0.30222661660832845,0.24607317849242788,4054940.203056573,0
4229862.1387265865,0.226060615627116,"[0.1, 0.1, np.float64(18.995579283052816), np.float64(1.7374652140819868), 0.1]",0.3020333647077448,0.226060615627116,4229862.1387265865,0
4554026.610857466,0.19534700198791496,"[0.1, 0.1, np.float64(18.990749178475237), np.float64(1.603701457855991), 0.1]",0.30173698929913256,0.19534700198791496,4554026.610857466,0
3871226.3522154116,0.2704224136167757,"[0.1, 0.1, np.float64(19.002003981285355), np.float64(1.915389264048248), 0.1]",0.30246173352850647,0.2704224136167757,3871226.3522154116,0
4081777.7988081058,0.24281788169484453,"[0.1, 0.1, np.float64(18.998075123259753), np.float64(1.8065844133990732), 0.1]",0.3021951797978046,0.24281788169484453,4081777.7988081058,0
5330056.040968857,0.14425635487454305,"[0.1, 0.1, np.float64(18.981770738662913), np.float64(1.3550547018580128), 0.1]",0.3012458022030001,0.14425635487454305,5330056.040968857,0
4146627.2066911147,0.2352370054010696,"[0.1, 0.1, np.float64(18.996957156910803), np.float64(1.7756237218099324), 0.1]",0.30212197183777967,0.2352370054010696,4146627.2066911147,0
4010130.9595690086,0.2516705185779235,"[0.1, 0.1, np.float64(18.99935856830922), np.float64(1.8421278323807753), 0.1]",0.302280670324681,0.2516705185779235,4010130.9595690086,0
3983963.527377814,0.25503664175907026,"[0.1, 0.1, np.float64(18.99984059191273), np.float64(1.8554768782988946), 0.1]",0.3023131761870436,0.25503664175907026,3983963.527377814,0
4255900.777004638,0.22330979933760114,"[0.1, 0.1, np.float64(18.995160759206755), np.float64(1.7258747151973983), 0.1]",0.30200680596054696,0.22330979933760114,4255900.777004638,0
3391807.963350457,0.3568961458952826,"[0.1, 0.1, np.float64(19.013147759357345), np.float64(2.224002377805344), 0.1]",0.3032949994294746,0.3568961458952826,3391807.963350457,0
4052239.690962906,0.24640470393744032,"[0.1, 0.1, np.float64(18.998597936679), np.float64(1.821063082678563), 0.1]",0.3022298181897693,0.24640470393744032,4052239.690962906,0
3825678.5269683893,0.2770766669383868,"[0.1, 0.1, np.float64(19.002920339554322), np.float64(1.9407666698864132), 0.1]",0.3025259685450359,0.2770766669383868,3825678.5269683893,0
4167569.241777922,0.23287146099854084,"[0.1, 0.1, np.float64(18.99660459427484), np.float64(1.7658599368371608), 0.1]",0.3020991289539012,0.23287146099854084,4167569.241777922,0
4151311.2165183993,0.23470450523239483,"[0.1, 0.1, np.float64(18.996877949274936), np.float64(1.7734301645637793), 0.1]",0.3021168296923387,0.23470450523239483,4151311.2165183993,0
3405812.3841071925,0.35373186070665835,"[0.1, 0.1, np.float64(19.018215208435464), np.float64(2.2134269471344687), 0.1]",0.3032627606211148,0.35373186070665835,3405812.3841071925,0
4061456.8620615182,0.24527617581701316,"[0.1, 0.1, np.float64(18.99843385961681), np.float64(1.8165191719211287), 0.1]",0.3022189198519033,0.24527617581701316,4061456.8620615182,0
4315092.091258005,0.21725655242078498,"[0.1, 0.1, np.float64(18.994230527718678), np.float64(1.7001131077608282), 0.1]",0.3019483698138487,0.21725655242078498,4315092.091258005,0
4643336.790792124,0.18806897368982428,"[0.1, 0.1, np.float64(18.989549501385557), np.float64(1.5704778886358164), 0.1]",0.30166683652674003,0.18806897368982428,4643336.790792124,0
3844067.9888134585,0.2743579716751527,"[0.1, 0.1, np.float64(19.00254730519368), np.float64(1.930435945886696), 0.1]",0.30249972574171385,0.2743579716751527,3844067.9888134585,0
4061904.7205857537,0.2452215572894922,"[0.1, 0.1, np.float64(18.998425908954548), np.float64(1.8162989881898381), 0.1]",0.3022183923936614,0.2452215572894922,4061904.7205857537,0
6472208.529739945,0.10031150383524433,"[0.1, 0.1, np.float64(18.972646307079163), np.float64(1.1023648848020664), 0.1]",0.30082784705927795,0.10031150383524433,6472208.529739945,0
4148505.275262023,0.23502326015608213,"[0.1, 0.1, np.float64(18.996925373895603), np.float64(1.774743530619608), 0.1]",0.30211990778004993,0.23502326015608213,4148505.275262023,0
4013981.5065716156,0.2511813519540993,"[0.1, 0.1, np.float64(18.99928825020346), np.float64(1.840180459646732), 0.1]",0.30227594648482936,0.2511813519540993,4013981.5065716156,0
4184318.8904389646,0.2310073987368451,"[0.1, 0.1, np.float64(18.996325497820166), np.float64(1.7581307066462306), 0.1]",0.3020811291472684,0.2310073987368451,4184318.8904389646,0
3676888.33197108,0.3008109294098711,"[0.1, 0.1, np.float64(19.00610143876054), np.float64(2.0288632673650517), 0.1]",0.3027549652485321,0.3008109294098711,3676888.33197108,0
3429822.2009665864,0.3484543221854405,"[0.1, 0.1, np.float64(19.012124938695237), np.float64(2.1956766280184006), 0.1]",0.3032138366032122,0.3484543221854405,3429822.2009665864,0
4035578.5259450353,0.24846640982250823,"[0.1, 0.1, np.float64(18.99889671227482), np.float64(1.8293373022784507), 0.1]",0.3022497282801622,0.24846640982250823,4035578.5259450353,0
4011810.5830913032,0.25145694999320023,"[0.1, 0.1, np.float64(18.999327876142146), np.float64(1.8412778508765926), 0.1]",0.3022786079132253,0.25145694999320023,4011810.5830913032,0
4178427.004254401,0.2316603081590384,"[0.1, 0.1, np.float64(18.99642338346714), np.float64(1.7608415282463106), 0.1]",0.3020874337311257,0.2316603081590384,4178427.004254401,0
4014481.7320282483,0.25111791880715395,"[0.1, 0.1, np.float64(18.99927912657478), np.float64(1.8399277920650017), 0.1]",0.3022753339152772,0.25111791880715395,4014481.7320282483,0
4800728.106744231,0.17627169140099905,"[0.1, 0.1, np.float64(18.987016254050207), np.float64(1.5152154473292503), 0.1]",0.30155330770768285,0.17627169140099905,4800728.106744231,0
4071297.4936585985,0.24408064569988386,"[0.1, 0.1, np.float64(18.99825962492351), np.float64(1.811693958167183), 0.1]",0.30220737446164875,0.24408064569988386,4071297.4936585985,0
4410565.143472069,0.20804209226995765,"[0.1, 0.1, np.float64(18.99278902417034), np.float64(1.6601924546689923), 0.1]",0.301859440978357,0.20804209226995765,4410565.143472069,0
4783193.17458619,0.17752580502378437,"[0.1, 0.1, np.float64(18.98776928682401), np.float64(1.5211770540853264), 0.1]",0.30156529216533456,0.17752580502378437,4783193.17458619,0
4006619.0189849543,0.25211803497881136,"[0.1, 0.1, np.float64(18.999422838753933), np.float64(1.843907722642155), 0.1]",0.3022849919377565,0.25211803497881136,4006619.0189849543,0
4048734.3011099864,0.2468361340521198,"[0.1, 0.1, np.float64(18.998660562193997), np.float64(1.8227974186513753), 0.1]",0.3022339845600606,0.2468361340521198,4048734.3011099864,0
4909629.293239411,0.16879702099699861,"[0.1, 0.1, np.float64(18.986254663712295), np.float64(1.4792314453648596), 0.1]",0.3014813120404516,0.16879702099699861,4909629.293239411,0
4027426.1038286774,0.24948555728000998,"[0.1, 0.1, np.float64(18.999043941557513), np.float64(1.8334146346763849), 0.1]",0.30225957023248845,0.24948555728000998,4027426.1038286774,0
4053459.562032396,0.24625485705827324,"[0.1, 0.1, np.float64(18.998576172263533), np.float64(1.8204603441832992), 0.1]",0.30222837110047235,0.24625485705827324,4053459.562032396,0
4197964.368718831,0.22950679913732058,"[0.1, 0.1, np.float64(18.996099994042094), np.float64(1.7518856591707812), 0.1]",0.30206663940488776,0.22950679913732058,4197964.368718831,0
3613323.6601812835,0.31199213557648064,"[0.1, 0.1, np.float64(19.00755603939427), np.float64(2.0691466279944697), 0.1]",0.3028627654815334,0.31199213557648064,3613323.6601812835,0
3388116.20602635,0.3577340524437447,"[0.1, 0.1, np.float64(19.013248610235976), np.float64(2.2267953178189033), 0.1]",0.30330305271617725,0.3577340524437447,3388116.20602635,0
2261541.846559577,1.3089105931194127,"[np.float64(0.11522672906960184), 0.1, np.float64(17.653717733913833), np.float64(4.253226643735564), 0.1]",0.32829246207859136,1.3089105931194127,2261541.846559577,0
4039673.498558056,0.24795706680183122,"[0.1, 0.1, np.float64(18.99882301671956), np.float64(1.827296395268946), 0.1]",0.30224480951708693,0.24795706680183122,4039673.498558056,0
4015309.00533047,0.2510130707253556,"[0.1, 0.1, np.float64(18.999264043659423), np.float64(1.8395100894293424), 0.1]",0.30227432140398836,0.2510130707253556,4015309.00533047,0
4345775.177759934,0.2142235991545086,"[0.1, 0.1, np.float64(18.993759521203696), np.float64(1.6870691664466992), 0.1]",0.3019190950557101,0.2142235991545086,4345775.177759934,0
3981716.3339985404,0.255329161963221,"[0.1, 0.1, np.float64(18.999882328261084), np.float64(1.856632714707171), 0.1]",0.3023160009379969,0.255329161963221,3981716.3339985404,0
2962392.4474419076,0.4821293643830788,"[0.1, 0.1, np.float64(19.03593417405175), np.float64(2.609965414583637), 0.1]",0.3044883049391662,0.4821293643830788,2962392.4474419076,0
4065591.96175303,0.2447726378936529,"[0.1, 0.1, np.float64(18.998360527153288), np.float64(1.814488320287077), 0.1]",0.30221405712024774,0.2447726378936529,4065591.96175303,0
4181192.480485834,0.2313534758363504,"[0.1, 0.1, np.float64(18.996377399839048), np.float64(1.7595680686929076), 0.1]",0.30208447090770474,0.2313534758363504,4181192.480485834,0
4251401.428718325,0.22378119795167506,"[0.1, 0.1, np.float64(18.995232664240433), np.float64(1.7278660359321132), 0.1]",0.3020113571206284,0.22378119795167506,4251401.428718325,0
4166110.7310010605,0.23303494429045452,"[0.1, 0.1, np.float64(18.996629017925223), np.float64(1.7665363195455077), 0.1]",0.3021007076085738,0.23303494429045452,4166110.7310010605,0
3765305.490213742,0.2863217643373432,"[0.1, 0.1, np.float64(19.004175228817633), np.float64(1.9755192717839134), 0.1]",0.30261519247169444,0.2863217643373432,3765305.490213742,0
3899920.521429182,0.26636424277504794,"[0.1, 0.1, np.float64(19.001439532103586), np.float64(1.8997575439602883), 0.1]",0.30242255393120704,0.26636424277504794,3899920.521429182,0
3905050.317621207,0.26564929754608557,"[0.1, 0.1, np.float64(19.001339641894916), np.float64(1.8969912085099034), 0.1]",0.30241565114162927,0.26564929754608557,3905050.317621207,0
4049067.1180727463,0.2467951189452187,"[0.1, 0.1, np.float64(18.998654610902584), np.float64(1.8226326050162218), 0.1]",0.3022335884726,0.2467951189452187,4049067.1180727463,0
4033241.0324989194,0.2487579237398603,"[0.1, 0.1, np.float64(18.998938856378533), np.float64(1.8305044309657936), 0.1]",0.30225254344735947,0.2487579237398603,4033241.0324989194,0
3982700.732259661,0.25520095369819684,"[0.1, 0.1, np.float64(18.999864038669173), np.float64(1.8561262071410136), 0.1]",0.3023147628829732,0.25520095369819684,3982700.732259661,0
3586670.855626258,0.3168863919525124,"[0.1, 0.1, np.float64(19.00818445024581), np.float64(2.0865496872048324), 0.1]",0.3029099328177842,0.3168863919525124,3586670.855626258,0
4045585.4778267415,0.24722473750628662,"[0.1, 0.1, np.float64(18.998716923799606), np.float64(1.8243582834218854), 0.1]",0.30223773734516257,0.24722473750628662,4045585.4778267415,0
4132889.073785451,0.23681029911366672,"[0.1, 0.1, np.float64(18.997190651996938), np.float64(1.782090078651703), 0.1]",0.30213716468553653,0.23681029911366672,4132889.073785451,0
4527910.774412229,0.1975623510036811,"[0.1, 0.1, np.float64(18.991109854490833), np.float64(1.6136899328159011), 0.1]",0.30175835064335343,0.1975623510036811,4527910.774412229,0
4021333.4146540402,0.2502517040069542,"[0.1, 0.1, np.float64(18.999154421759034), np.float64(1.8364742468455446), 0.1]",0.3022669689142277,0.2502517040069542,4021333.4146540402,0
3700550.237668165,0.29681165826069017,"[0.1, 0.1, np.float64(19.009316172136693), np.float64(2.014272533039021), 0.1]",0.3027153479406862,0.29681165826069017,3700550.237668165,0
4054090.927186115,0.24617735997066342,"[0.1, 0.1, np.float64(18.998564913625323), np.float64(1.820148550160389), 0.1]",0.30222762270166764,0.24617735997066342,4054090.927186115,0
4340464.6668273965,0.21474355805518128,"[0.1, 0.1, np.float64(18.99384050672772), np.float64(1.6893119601005286), 0.1]",0.3019241135817394,0.21474355805518128,4340464.6668273965,0
4235422.4697768055,0.22546855922096246,"[0.1, 0.1, np.float64(18.995489422404443), np.float64(1.7349766348659623), 0.1]",0.30202764833856377,0.22546855922096246,4235422.4697768055,0
3919569.0338158146,0.2636428227395581,"[0.1, 0.1, np.float64(19.00105857536483), np.float64(1.8892074195236812), 0.1]",0.3023962781312861,0.2636428227395581,3919569.0338158146,0
7112324.795762208,0.08478972955736147,"[0.1, 0.1, np.float64(19.79945765288262), 1, 0.1]",0.3006264687611207,0.08478972955736147,7112324.795762208,0
4268344.879837753,0.22201445561910915,"[0.1, 0.1, np.float64(18.994962777962375), np.float64(1.720391870160566), 0.1]",0.301994300241062,0.22201445561910915,4268344.879837753,0
4142319.387606878,0.23572848906423985,"[0.1, 0.1, np.float64(18.997030183217284), np.float64(1.7776460948043618), 0.1]",0.3021267179293009,0.23572848906423985,4142319.387606878,0
4267450.077833461,0.22210718740275523,"[0.1, 0.1, np.float64(18.99497697048954), np.float64(1.7207849145995067), 0.1]",0.30199519549277826,0.22210718740275523,4267450.077833461,0
3963828.6196172787,0.25767742404821337,"[0.1, 0.1, np.float64(19.000216503878754), np.float64(1.8658872940109203), 0.1]",0.3023386768324927,0.25767742404821337,3963828.6196172787,0
4222533.625900075,0.2268448436795321,"[0.1, 0.1, np.float64(18.99569812834383), np.float64(1.740756487030774), 0.1]",0.30204093663127957,0.2268448436795321,4222533.625900075,0
4030254.8988106064,0.2491311486944349,"[0.1, 0.1, np.float64(18.998992777055552), np.float64(1.8319976972461458), 0.1]",0.30225614769796977,0.2491311486944349,4030254.8988106064,0
3678974.682087906,0.30045518929295423,"[0.1, 0.1, np.float64(19.00605471470855), np.float64(2.0275693026900736), 0.1]",0.302751534549234,0.30045518929295423,3678974.682087906,0
4032341.696298824,0.2488702315350283,"[0.1, 0.1, np.float64(18.99895508603948), np.float64(1.8309538912985444), 0.1]",0.3022536280095211,0.2488702315350283,4032341.696298824,0
3959805.145476967,0.2582105088929183,"[0.1, 0.1, np.float64(19.00029215152854), np.float64(1.8679822618574555), 0.1]",0.3023438244533777,0.2582105088929183,3959805.145476967,0
4280362.153257168,0.22077517386526038,"[0.1, 0.1, np.float64(18.994772819000076), np.float64(1.7151311922771115), 0.1]",0.3019823361863811,0.22077517386526038,4280362.153257168,0
4008565.6251448453,0.251869823317272,"[0.1, 0.1, np.float64(18.999387198746387), np.float64(1.8429207168321073), 0.1]",0.30228259498875704,0.251869823317272,4008565.6251448453,0
4409439.25403639,0.20814709423654207,"[0.1, 0.1, np.float64(18.99351497548401), np.float64(1.6606524380399699), 0.1]",0.3018603172956606,0.20814709423654207,4409439.25403639,0
4065506.586783179,0.2447830169886867,"[0.1, 0.1, np.float64(18.99836203947514), np.float64(1.8145302021652772), 0.1]",0.30221415735252977,0.2447830169886867,4065506.586783179,0
4331821.458591294,0.21559425075246308,"[0.1, 0.1, np.float64(18.993972792230352), np.float64(1.6929754430420547), 0.1]",0.3019323244911763,0.21559425075246308,4331821.458591294,0
6762528.711090888,0.09312731879960254,"[0.1, 0.1, 20, np.float64(1.0560852812475732), 0.1]",0.30068447311336544,0.09312731879960254,6762528.711090888,0
4132724.811817494,0.23682921471849558,"[0.1, 0.1, np.float64(18.9971934545222), np.float64(1.7821676911133317), 0.1]",0.3021373473495225,0.23682921471849558,4132724.811817494,0
4300382.236937535,0.21873558253893874,"[0.1, 0.1, np.float64(18.99445901225888), np.float64(1.7064407037468245), 0.1]",0.3019626468925889,0.21873558253893874,4300382.236937535,0
3992246.6865601703,0.2539631520184967,"[0.1, 0.1, np.float64(18.999687220541766), np.float64(1.8512294483833935), 0.1]",0.3023028098536269,0.2539631520184967,3992246.6865601703,0
3342086.9195708223,0.3684619764508485,"[0.1, 0.1, np.float64(19.014529419165477), np.float64(2.2622657327272395), 0.1]",0.3034061170673942,0.3684619764508485,3342086.9195708223,0
4132725.9626251645,0.23682908218849358,"[0.1, 0.1, np.float64(18.997193434887027), np.float64(1.78216714734146), 0.1]",0.3021373460697083,0.23682908218849358,4132725.9626251645,0
4018354.336008555,0.2506277262003068,"[0.1, 0.1, np.float64(18.999208582601867), np.float64(1.837974164220311), 0.1]",0.30227060015058715,0.2506277262003068,4018354.336008555,0
4126221.712996175,0.23758007505766374,"[0.1, 0.1, np.float64(18.997304610464163), np.float64(1.7852460170759803), 0.1]",0.30214459827288503,0.23758007505766374,4126221.712996175,0
4275821.42880128,0.22124210242011857,"[0.1, 0.1, np.float64(18.994844453518272), np.float64(1.7171150214211235), 0.1]",0.3019868438752913,0.22124210242011857,4275821.42880128,0
3880176.0074864407,0.269145820759414,"[0.1, 0.1, np.float64(19.0018268845097), np.float64(1.9104847884728726), 0.1]",0.30244940905107465,0.269145820759414,3880176.0074864407,0
4038004.2235488226,0.2481644882992565,"[0.1, 0.1, np.float64(18.998853037226347), np.float64(1.8281277759746122), 0.1]",0.3022468126028284,0.2481644882992565,4038004.2235488226,0
4162930.9298197697,0.23339201841185173,"[0.1, 0.1, np.float64(18.996682333103916), np.float64(1.7680128173006968), 0.1]",0.30210415565940013,0.23339201841185173,4162930.9298197697,0
4234474.178808335,0.22556935222772362,"[0.1, 0.1, np.float64(18.995504728884242), np.float64(1.7354005288416494), 0.1]",0.30202862150057497,0.22556935222772362,4234474.178808335,0
4172139.3210438085,0.2323604197764633,"[0.1, 0.1, np.float64(18.99652819122118), np.float64(1.7637440490171654), 0.1]",0.3020941941753265,0.2323604197764633,4172139.3210438085,0
3353977.2214529756,0.3656218197676823,"[0.1, 0.1, np.float64(19.01998030912946), np.float64(2.252928706957664), 0.1]",0.30337683853963265,0.3656218197676823,3353977.2214529756,0
4068098.7570601427,0.24446820664786015,"[0.1, 0.1, np.float64(18.99831615454171), np.float64(1.8132594758380645), 0.1]",0.30221111718786736,0.24446820664786015,4068098.7570601427,0
4442336.351439742,0.2051166117043133,"[0.1, 0.1, np.float64(18.992324653538184), np.float64(1.6473322859002735), 0.1]",0.30183121497525495,0.2051166117043133,4442336.351439742,0
4786410.013455624,0.17729469010695095,"[0.1, 0.1, np.float64(18.987729674065122), np.float64(1.5200800278536188), 0.1]",0.30156306746744155,0.17729469010695095,4786410.013455624,0
3938666.762826307,0.2610412302234617,"[0.1, 0.1, np.float64(19.000692531903756), np.float64(1.879070299817657), 0.1]",0.30237115807163173,0.2610412302234617,3938666.762826307,0
3947441.13342739,0.25986005785812527,"[0.1, 0.1, np.float64(19.00052573340003), np.float64(1.8744510221119677), 0.1]",0.30235975273681365,0.25986005785812527,3947441.13342739,0
5158565.51011584,0.1535209089277027,"[0.1, 0.1, np.float64(18.983505609148082), np.float64(1.4030997884466296), 0.1]",0.3013345902347878,0.1535209089277027,5158565.51011584,0
4175381.320266929,0.23199900214159627,"[0.1, 0.1, np.float64(18.996474106391013), np.float64(1.7622462367189775), 0.1]",0.30209070423200507,0.23199900214159627,4175381.320266929,0
3998864.1031691465,0.2531108637286716,"[0.1, 0.1, np.float64(18.9995652194021), np.float64(1.8478507781199538), 0.1]",0.3022945795151136,0.2531108637286716,3998864.1031691465,0
4476542.825135364,0.20204128624247372,"[0.1, 0.1, np.float64(18.99183288108762), np.float64(1.6337132577530782), 0.1]",0.3018015480368896,0.20204128624247372,4476542.825135364,0
4242402.300832446,0.22472894270760513,"[0.1, 0.1, np.float64(18.9953769980617), np.float64(1.7318631821167214), 0.1]",0.3020205073708997,0.22472894270760513,4242402.300832446,0
3880622.4806510615,0.26908239491646413,"[0.1, 0.1, np.float64(19.00181807463979), np.float64(1.9102408100512436), 0.1]",0.30244879671606306,0.26908239491646413,3880622.4806510615,0
4048663.597808586,0.24684484870118206,"[0.1, 0.1, np.float64(18.998661826625153), np.float64(1.822832435504142), 0.1]",0.302234068718394,0.24684484870118206,4048663.597808586,0
4099104.7948270156,0.2407535366146711,"[0.1, 0.1, np.float64(18.99777245701679), np.float64(1.798202447151567), 0.1]",0.30217524425190273,0.2407535366146711,4099104.7948270156,0
4342405.582727966,0.2145532814260868,"[0.1, 0.1, np.float64(18.99381088192727), np.float64(1.6884915379911458), 0.1]",0.30192227706288527,0.2145532814260868,4342405.582727966,0
4214494.327887396,0.22771027068742705,"[0.1, 0.1, np.float64(18.995829038499803), np.float64(1.744381881452216), 0.1]",0.30204929269845965,0.22771027068742705,4214494.327887396,0
3732676.498696988,0.2915276580229067,"[0.1, 0.1, np.float64(19.00844785128354), np.float64(1.9948400995765199), 0.1]",0.30266444061568487,0.2915276580229067,3732676.498696988,0
4065796.7060079467,0.2447477499334135,"[0.1, 0.1, np.float64(18.998356900635304), np.float64(1.814387888368979), 0.1]",0.30221381677395176,0.2447477499334135,4065796.7060079467,0
4048692.0949532655,0.2468413361790537,"[0.1, 0.1, np.float64(18.99866131698687), np.float64(1.822818321703904), 0.1]",0.30223403479757804,0.2468413361790537,4048692.0949532655,0
4188903.998338175,0.23050138341599505,"[0.1, 0.1, np.float64(18.996249538801276), np.float64(1.7560271158185716), 0.1]",0.3020762430383607,0.23050138341599505,4188903.998338175,0
4175659.314490419,0.23196805427013453,"[0.1, 0.1, np.float64(18.996469473179353), np.float64(1.7621179256679138), 0.1]",0.3020904053921126,0.23196805427013453,4175659.314490419,0
3891596.056790501,0.2675311883322527,"[0.1, 0.1, np.float64(19.001602284198324), np.float64(1.9042647613871924), 0.1]",0.3024338205610719,0.2675311883322527,3891596.056790501,0
3645584.152343625,0.30623320257235914,"[0.1, 0.1, np.float64(19.006810191448164), np.float64(2.0484912940898106), 0.1]",0.3028072497688575,0.30623320257235914,3645584.152343625,0
3963656.1914090775,0.25770023258675595,"[0.1, 0.1, np.float64(19.000219742151913), np.float64(1.8659769739701633), 0.1]",0.30233889707904177,0.25770023258675595,3963656.1914090775,0
4069669.5054762308,0.2442777676867928,"[0.1, 0.1, np.float64(18.998288382782363), np.float64(1.812490371404242), 0.1]",0.3022092780940681,0.2442777676867928,4069669.5054762308,0
4724433.574830671,0.18183523371099947,"[0.1, 0.1, np.float64(18.98850320866387), np.float64(1.5415021092676129), 0.1]",0.3016067846532262,0.18183523371099947,4724433.574830671,0
4036690.823958027,0.24832788958874097,"[0.1, 0.1, np.float64(18.998876677687246), np.float64(1.828782469221478), 0.1]",0.30224839058094255,0.24832788958874097,4036690.823958027,0
3654955.376429036,0.30459316664839636,"[0.1, 0.1, np.float64(19.00659649384479), np.float64(2.042573203981262), 0.1]",0.3027914370552254,0.30459316664839636,3654955.376429036,0
4053678.1741502397,0.24622801892289126,"[0.1, 0.1, np.float64(18.998572273469705), np.float64(1.8203523719232817), 0.1]",0.30222811192134286,0.24622801892289126,4053678.1741502397,0
3792370.778207895,0.2821152747576494,"[0.1, 0.1, np.float64(19.00360683554112), np.float64(1.959778324883298), 0.1]",0.30257459921171176,0.2821152747576494,3792370.778207895,0
4548090.086864516,0.19584701321571404,"[0.1, 0.1, np.float64(18.990830763719085), np.float64(1.6059608600064423), 0.1]",0.3017418103313473,0.19584701321571404,4548090.086864516,0
3957607.261467838,0.2585024805585848,"[0.1, 0.1, np.float64(19.00033355048532), np.float64(1.869128754624529), 0.1]",0.30234664380056675,0.2585024805585848,3957607.261467838,0
3582205.5138832605,0.31771072845223913,"[0.1, 0.1, np.float64(19.01267624832442), np.float64(2.089468765756446), 0.1]",0.3029165612440699,0.31771072845223913,3582205.5138832605,0
4060683.781354627,0.24537050376213718,"[0.1, 0.1, np.float64(18.998447588560946), np.float64(1.816899378003032), 0.1]",0.3022198307891373,0.24537050376213718,4060683.781354627,0
4210386.249022556,0.228154593461811,"[0.1, 0.1, np.float64(18.995896152139995), np.float64(1.7462405104865217), 0.1]",0.30205358288180717,0.228154593461811,4210386.249022556,0
4815475.839348746,0.17522844600380563,"[0.1, 0.1, np.float64(18.987374359314646), np.float64(1.5102400264824525), 0.1]",0.3015431805281164,0.17522844600380563,4815475.839348746,0
4278945.227639397,0.22092070491172422,"[0.1, 0.1, np.float64(18.99479515404815), np.float64(1.7157497337347027), 0.1]",0.3019837411242173,0.22092070491172422,4278945.227639397,0
2372220.6151170004,1.0647158490561368,"[0.1, 0.1, np.float64(16.607727285439942), np.float64(3.77020047788708), np.float64(0.12252748788350129)]",0.33423327464640157,1.0647158490561368,2372220.6151170004,0
3794819.7001058543,0.28173969088654066,"[0.1, 0.1, np.float64(19.003555878003592), np.float64(1.9583671190764316), 0.1]",0.3025709744900659,0.28173969088654066,3794819.7001058543,0
4993730.68142923,0.16337015509550787,"[0.1, 0.1, np.float64(18.985293008912596), np.float64(1.4525996082825685), 0.1]",0.30142914869081133,0.16337015509550787,4993730.68142923,0
3953546.183384778,0.25904339259739645,"[0.1, 0.1, np.float64(19.000410184618087), np.float64(1.8712510418937247), 0.1]",0.3023518669450156,0.25904339259739645,3953546.183384778,0
3980636.971746444,0.25546986003302713,"[0.1, 0.1, np.float64(18.999902394255297), np.float64(1.85718841753208), 0.1]",0.302317359600049,0.25546986003302713,3980636.971746444,0
4343553.502701005,0.2144408754361663,"[0.1, 0.1, np.float64(18.993793374837136), np.float64(1.688006700841302), 0.1]",0.301921192145038,0.2144408754361663,4343553.502701005,0
3966371.543751354,0.25734143480726324,"[0.1, 0.1, np.float64(19.000168784573848), np.float64(1.8645657670406324), 0.1]",0.30233543240544986,0.25734143480726324,3966371.543751354,0
3737164.3301942814,0.29080622458337835,"[0.1, 0.1, np.float64(19.004776556194432), np.float64(1.9921722877488064), 0.1]",0.3026584614380669,0.29080622458337835,3737164.3301942814,0
4046578.313777612,0.24710210101897423,"[0.1, 0.1, np.float64(18.99869914189011), np.float64(1.8238658354907091), 0.1]",0.3022365530318592,0.24710210101897423,4046578.313777612,0
4007594.4466902553,0.25199360804526855,"[0.1, 0.1, np.float64(18.999404974859033), np.float64(1.8434130042268304), 0.1]",0.30228379036295283,0.25199360804526855,4007594.4466902553,0
4211951.005761351,0.2279851847475163,"[0.1, 0.1, np.float64(18.995870571240843), np.float64(1.7455320792086628), 0.1]",0.3020519471420367,0.2279851847475163,4211951.005761351,0
3964768.649189561,0.2575531367033908,"[0.1, 0.1, np.float64(19.000198855471307), np.float64(1.865398543253419), 0.1]",0.3023374766729817,0.2575531367033908,3964768.649189561,0
3702734.7587535623,0.29644736593853976,"[0.1, 0.1, np.float64(19.009256559824223), np.float64(2.012938449800785), 0.1]",0.30271183866135465,0.29644736593853976,3702734.7587535623,0
4062001.030411979,0.2452098144450089,"[0.1, 0.1, np.float64(18.99842419946565), np.float64(1.8162516460147446), 0.1]",0.3022182789914795,0.2452098144450089,4062001.030411979,0
3941049.338075747,0.2607196253971519,"[0.1, 0.1, np.float64(19.000647154499763), np.float64(1.8778136288888572), 0.1]",0.3023680526938335,0.2607196253971519,3941049.338075747,0
4422217.571258612,0.20696127021291744,"[0.1, 0.1, np.float64(18.992617847966688), np.float64(1.6554519419928904), 0.1]",0.3018490123564698,0.20696127021291744,4422217.571258612,0
3740782.606891153,0.2902231644101226,"[0.1, 0.1, np.float64(19.004698639078942), np.float64(1.9900144698641171), 0.1]",0.30265283611177046,0.2902231644101226,3740782.606891153,0
4048752.707886842,0.24683386537810179,"[0.1, 0.1, np.float64(18.998660233022473), np.float64(1.8227883026542064), 0.1]",0.3022339626512236,0.24683386537810179,4048752.707886842,0
6458901.299566423,0.10069404247096897,"[0.1, 0.1, np.float64(18.97273363457938), np.float64(1.104783311621438), 0.1]",0.3008314534497577,0.10069404247096897,6458901.299566423,0
3986631.236382748,0.25469009659713493,"[0.1, 0.1, np.float64(18.999791116078057), np.float64(1.854106706414936), 0.1]",0.3023098297276314,0.25469009659713493,3986631.236382748,0
4007852.054491963,0.251960764065122,"[0.1, 0.1, np.float64(18.999400258727164), np.float64(1.8432823968033856), 0.1]",0.302283473192701,0.251960764065122,4007852.054491963,0
4407714.452358476,0.20830791298788295,"[0.1, 0.1, np.float64(18.99283105499619), np.float64(1.6613564462663992), 0.1]",0.30186200591140605,0.20830791298788295,4407714.452358476,0
3914059.4792453735,0.26440129513571625,"[0.1, 0.1, np.float64(19.001164948551363), np.float64(1.8921532930060514), 0.1]",0.30240360145643563,0.26440129513571625,3914059.4792453735,0
3369025.6408480993,0.3621196143936028,"[0.1, 0.1, np.float64(19.01377452008034), np.float64(2.2413597387518913), 0.1]",0.30334519520971115,0.3621196143936028,3369025.6408480993,0
4036913.3794152895,0.24830018882593788,"[0.1, 0.1, np.float64(18.998872670567923), np.float64(1.8286714970212936), 0.1]",0.30224812307273013,0.24830018882593788,4036913.3794152895,0
3912604.4598622723,0.26460219938295654,"[0.1, 0.1, np.float64(19.00119309887334), np.float64(1.8929328812626496), 0.1]",0.302405541242203,0.26460219938295654,3912604.4598622723,0
4268525.885271969,0.2219957050337201,"[0.1, 0.1, np.float64(18.994959907836392), np.float64(1.7203123855808333), 0.1]",0.3019941192193341,0.2219957050337201,4268525.885271969,0
4131728.6875546854,0.2369439765991235,"[0.1, 0.1, np.float64(18.997210455156036), np.float64(1.7826385025839422), 0.1]",0.3021384555813378,0.2369439765991235,4131728.6875546854,0
4605637.690627957,0.19108632490731053,"[0.1, 0.1, np.float64(18.990104538798317), np.float64(1.584329171436047), 0.1]",0.30169590611104635,0.19108632490731053,4605637.690627957,0
4058962.4275128697,0.24558074986810105,"[0.1, 0.1, np.float64(18.998478179210633), np.float64(1.8177465481091553), 0.1]",0.3022218611629439,0.24558074986810105,4058962.4275128697,0
4323821.4071231065,0.21638656493147979,"[0.1, 0.1, np.float64(18.994095763033613), np.float64(1.6963809669362664), 0.1]",0.301939972163184,0.21638656493147979,4323821.4071231065,0
4240515.722500044,0.2249284614438911,"[0.1, 0.1, np.float64(18.99540734398512), np.float64(1.7327035748323825), 0.1]",0.3020224337039208,0.2249284614438911,4240515.722500044,0
3980024.6173290187,0.25554973889063454,"[0.1, 0.1, np.float64(18.999913783888292), np.float64(1.8575038392930565), 0.1]",0.3023181309556535,0.25554973889063454,3980024.6173290187,0
4353290.131177662,0.2134913104449593,"[0.1, 0.1, np.float64(18.993645296159833), np.float64(1.6839058455130824), 0.1]",0.30191202734438866,0.2134913104449593,4353290.131177662,0
6795879.995497129,0.09167484395641594,"[0.1, 0.1, np.float64(18.97062796664209), np.float64(1.0464694494404503), 0.1]",0.3007466330059266,0.09167484395641594,6795879.995497129,0
3981603.784334469,0.2553438271994603,"[0.1, 0.1, np.float64(18.99988442003963), np.float64(1.85669064391991), 0.1]",0.30231614255410666,0.2553438271994603,3981603.784334469,0
3974855.060334029,0.25622572294182944,"[0.1, 0.1, np.float64(19.000010098100493), np.float64(1.8601711419559606), 0.1]",0.3023246586144139,0.25622572294182944,3974855.060334029,0
4640572.248419611,0.18828759433998882,"[0.1, 0.1, np.float64(18.98958587550614), np.float64(1.5714852247959434), 0.1]",0.30166894319955295,0.18828759433998882,4640572.248419611,0
4071330.255440499,0.24407668147866893,"[0.1, 0.1, np.float64(18.99825904646844), np.float64(1.811677938571489), 0.1]",0.30220733617865675,0.24407668147866893,4071330.255440499,0
3331604.6290186504,0.3709799911893615,"[0.1, 0.1, np.float64(19.01482730076782), np.float64(2.2705151942865696), 0.1]",0.3034302958605969,0.3709799911893615,3331604.6290186504,0
4038160.8199932077,0.2481450177646925,"[0.1, 0.1, np.float64(18.998850219757728), np.float64(1.8280497496752615), 0.1]",0.30224662457440216,0.2481450177646925,4038160.8199932077,0
4003704.4765025135,0.25249041996602795,"[0.1, 0.1, np.float64(18.99947627525288), np.float64(1.8453875802113828), 0.1]",0.30228858800467884,0.25249041996602795,4003704.4765025135,0
4462176.892324011,0.20332362026042694,"[0.1, 0.1, np.float64(18.992038393724133), np.float64(1.6394046753549958), 0.1]",0.30181391777990585,0.20332362026042694,4462176.892324011,0
4019098.853350792,0.2505336655797532,"[0.1, 0.1, np.float64(18.99919503830788), np.float64(1.8375990717952437), 0.1]",0.30226969181041136,0.2505336655797532,4019098.853350792,0
3736612.352689837,0.29089097664726116,"[0.1, 0.1, np.float64(19.00834269040088), np.float64(1.992486670141147), 0.1]",0.30265830585425885,0.29089097664726116,3736612.352689837,0
4065990.5982417143,0.2447241849332831,"[0.1, 0.1, np.float64(18.99835346671924), np.float64(1.8142927903221402), 0.1]",0.30221358920365576,0.2447241849332831,4065990.5982417143,0
4226932.499755009,0.22637358437887933,"[0.1, 0.1, np.float64(18.99562673658918), np.float64(1.738779380922179), 0.1]",0.3020363864859453,0.22637358437887933,4226932.499755009,0
4742766.3191509815,0.18047259370745536,"[0.1, 0.1, np.float64(18.988272100381725), np.float64(1.5351018520023765), 0.1]",0.3015936626997453,0.18047259370745536,4742766.3191509815,0
4142681.532224223,0.23568710681311394,"[0.1, 0.1, np.float64(18.997024037466566), np.float64(1.7774758958599657), 0.1]",0.3021263183139548,0.23568710681311394,4142681.532224223,0
4050467.2568393494,0.2466226935864776,"[0.1, 0.1, np.float64(18.99862958652305), np.float64(1.8219395858590353), 0.1]",0.30223192334132865,0.2466226935864776,4050467.2568393494,0
5681727.380455503,0.1278625298840831,"[0.1, 0.1, np.float64(18.97855706419952), np.float64(1.2660559730300216), 0.1]",0.3010891612602071,0.1278625298840831,5681727.380455503,0
3996363.703777547,0.2534323489584258,"[0.1, 0.1, np.float64(18.99961126285386), np.float64(1.8491258944157218), 0.1]",0.30229768402621393,0.2534323489584258,3996363.703777547,0
4005906.520788009,0.2522089860397468,"[0.1, 0.1, np.float64(18.999435893723973), np.float64(1.844269263847313), 0.1]",0.3022858702396839,0.2522089860397468,4005906.520788009,0
4132207.9756829115,0.23688874720286276,"[0.1, 0.1, np.float64(18.997202274084103), np.float64(1.7824119379425492), 0.1]",0.30213792224230607,0.23688874720286276,4132207.9756829115,0
3870921.195195226,0.27046611727862924,"[0.1, 0.1, np.float64(19.002010036642975), np.float64(1.9155569596679975), 0.1]",0.3024621554456589,0.27046611727862924,3870921.195195226,0
3665953.75421287,0.30268679238615503,"[0.1, 0.1, np.float64(19.006347360176292), np.float64(2.0356737559951767), 0.1]",0.3027730548431249,0.30268679238615503,3665953.75421287,0
4052523.7489673262,0.24636979737208994,"[0.1, 0.1, np.float64(18.998592867293926), np.float64(1.8209226923457147), 0.1]",0.3022294810929087,0.24636979737208994,4052523.7489673262,0
3971069.003655059,0.25672266309266045,"[0.1, 0.1, np.float64(19.00008082034876), np.float64(1.8621297069156506), 0.1]",0.30232945729879324,0.25672266309266045,3971069.003655059,0
4246327.549228246,0.22431474794320846,"[0.1, 0.1, np.float64(18.995313957423594), np.float64(1.7301173498240876), 0.1]",0.30201650839251115,0.22431474794320846,4246327.549228246,0
4076239.9169701287,0.24348379763993108,"[0.1, 0.1, np.float64(18.99817248001763), np.float64(1.809280588071446), 0.1]",0.3022016106252819,0.24348379763993108,4076239.9169701287,0
3692156.85974304,0.29821823912320616,"[0.1, 0.1, np.float64(19.009545996978666), np.float64(2.019415857575664), 0.1]",0.30272889715959644,0.29821823912320616,3692156.85974304,0
4060984.297821318,0.24533382897776698,"[0.1, 0.1, np.float64(18.9984422510525), np.float64(1.8167515623258965), 0.1]",0.30221947661598,0.24533382897776698,4060984.297821318,0
4114992.281417183,0.23888587204151673,"[0.1, 0.1, np.float64(18.997497496739506), np.float64(1.7905877632638436), 0.1]",0.30215720822191183,0.23888587204151673,4114992.281417183,0
6133014.710776373,0.11150543842221021,"[0.1, 0.1, 20, np.float64(1.1713600347440944), 0.1]",0.30084107226372087,0.11150543842221021,6133014.710776373,0
4153987.345735305,0.2344011566618216,"[0.1, 0.1, np.float64(18.996832786629778), np.float64(1.7721794411146492), 0.1]",0.3021139003880224,0.2344011566618216,4153987.345735305,0
3789317.9514584723,0.2825846342281536,"[0.1, 0.1, np.float64(19.003670467990563), np.float64(1.9615405466569515), 0.1]",0.30257912888916433,0.2825846342281536,3789317.9514584723,0
3919424.9950175765,0.2636626062627484,"[0.1, 0.1, np.float64(19.00106135189808), np.float64(1.8892843121686513), 0.1]",0.30239646914965074,0.2636626062627484,3919424.9950175765,0
3805680.769049858,0.28008384666002195,"[0.1, 0.1, np.float64(19.003330810331736), np.float64(1.9521341490218154), 0.1]",0.30255499358224924,0.28008384666002195,3805680.769049858,0
3996426.5646028733,0.2534242585011293,"[0.1, 0.1, np.float64(18.99961010449187), np.float64(1.8490938150168756), 0.1]",0.30229760589857957,0.2534242585011293,3996426.5646028733,0
4000576.7533702212,0.25289104855987393,"[0.1, 0.1, np.float64(18.99953372024734), np.float64(1.8469784480924685), 0.1]",0.3022924568042336,0.25289104855987393,4000576.7533702212,0
4113527.2834002203,0.2390570948597242,"[0.1, 0.1, np.float64(18.997522749479202), np.float64(1.7912871065725828), 0.1]",0.3021588617118805,0.2390570948597242,4113527.2834002203,0
4122776.5556228184,0.23797944275875713,"[0.1, 0.1, np.float64(18.99736365987854), np.float64(1.7868813173771227), 0.1]",0.302148454913264,0.23797944275875713,4122776.5556228184,0
3285084.0968822534,0.3825086570121105,"[0.1, 0.1, np.float64(19.01617825623347), np.float64(2.307928230521533), 0.1]",0.30354093720652187,0.3825086570121105,3285084.0968822534,0
4032010.0784016326,0.24891166450402827,"[0.1, 0.1, np.float64(18.998961072606956), np.float64(1.831119681860539), 0.1]",0.3022540281297082,0.24891166450402827,4032010.0784016326,0
4140225.6304109464,0.23596797631339725,"[0.1, 0.1, np.float64(18.997065739200643), np.float64(1.7786307736688665), 0.1]",0.3021290305854342,0.23596797631339725,4140225.6304109464,0
4280922.555473723,0.2207176587935392,"[0.1, 0.1, np.float64(18.994763989956667), np.float64(1.714886682869167), 0.1]",0.30198178094500927,0.2207176587935392,4280922.555473723,0
4027146.9466021666,0.2495205766634137,"[0.1, 0.1, np.float64(18.999048995168828), np.float64(1.8335545881744), 0.1]",0.3022599084154315,0.2495205766634137,4027146.9466021666,0
2773555.8349391045,0.5628197129746316,"[0.1, 0.1, np.float64(19.045855206413798), np.float64(2.831991409416151), 0.1]",0.305250305556418,0.5628197129746316,2773555.8349391045,0
4057227.507733203,0.2457929522526896,"[0.1, 0.1, np.float64(18.998509041096455), np.float64(1.8186012297636842), 0.1]",0.3022239104284513,0.2457929522526896,4057227.507733203,0
4468117.455509759,0.20279174574138384,"[0.1, 0.1, np.float64(18.991953232693486), np.float64(1.6370462462235742), 0.1]",0.3018087870614502,0.20279174574138384,4468117.455509759,0
3912959.9277571877,0.2645530943860578,"[0.1, 0.1, np.float64(19.001186219371125), np.float64(1.8927423619804007), 0.1]",0.3024050671206321,0.2645530943860578,3912959.9277571877,0
4148308.846951106,0.23504560098757413,"[0.1, 0.1, np.float64(18.996928696565362), np.float64(1.7748355478380191), 0.1]",0.30212012351686013,0.23504560098757413,4148308.846951106,0
3733992.1868968713,0.29131898445159193,"[0.1, 0.1, np.float64(19.004845013550955), np.float64(1.994068129340369), 0.1]",0.30266340840620515,0.29131898445159193,3733992.1868968713,0
4031908.2656664927,0.24892438745256304,"[0.1, 0.1, np.float64(18.998962910819596), np.float64(1.8311705888799747), 0.1]",0.3022541509958239,0.24892438745256304,4031908.2656664927,0
4192967.118698638,0.23005449083991836,"[0.1, 0.1, np.float64(18.99618238481873), np.float64(1.754167369552881), 0.1]",0.30207192785575987,0.23005449083991836,4192967.118698638,0
4101268.385762025,0.24049778792577803,"[0.1, 0.1, np.float64(18.99773486909689), np.float64(1.7971614963245597), 0.1]",0.30217277447723767,0.24049778792577803,4101268.385762025,0
4089241.297555792,0.24192513092965198,"[0.1, 0.1, np.float64(18.997944391626326), np.float64(1.8029639629381433), 0.1]",0.3021865584155196,0.24192513092965198,4089241.297555792,0
4151138.3449734165,0.23472412294963194,"[0.1, 0.1, np.float64(18.996880868953397), np.float64(1.773511021438026), 0.1]",0.3021170191323987,0.23472412294963194,4151138.3449734165,0
4238273.50760207,0.22516596867911132,"[0.1, 0.1, np.float64(18.99544345009054), np.float64(1.7337034886449318), 0.1]",0.30202472682397924,0.22516596867911132,4238273.50760207,0
3662888.4621938705,0.30321612188527775,"[0.1, 0.1, np.float64(19.006416614680543), np.float64(2.03759167360445), 0.1]",0.3027781590671117,0.30321612188527775,3662888.4621938705,0
4042002.275914804,0.24766817168710697,"[0.1, 0.1, np.float64(18.998781183251197), np.float64(1.8261378692424035), 0.1]",0.3022420196319687,0.24766817168710697,4042002.275914804,0
3952132.467786672,0.25923212796634293,"[0.1, 0.1, np.float64(19.000436904832835), np.float64(1.8719910251042127), 0.1]",0.3023536893985978,0.25923212796634293,3952132.467786672,0
4160953.990131553,0.23361447014051587,"[0.1, 0.1, np.float64(18.99671552683888), np.float64(1.768932076625301), 0.1]",0.30210630375061526,0.23361447014051587,4160953.990131553,0
4019335.5103144343,0.25050377902052695,"[0.1, 0.1, np.float64(18.999190734244337), np.float64(1.8374798760930433), 0.1]",0.3022694031968318,0.25050377902052695,4019335.5103144343,0
2835241.491001787,0.534080388025812,"[0.1, 0.1, np.float64(19.042409966350007), np.float64(2.7548892667473734), 0.1]",0.3049796873188788,0.534080388025812,2835241.491001787,0
4080386.89802039,0.24298485265926978,"[0.1, 0.1, np.float64(18.99809954702179), np.float64(1.807260799199511), 0.1]",0.3021967922550005,0.24298485265926978,4080386.89802039,0
