xline_all_values,yline_all_values,X_all_values,obj1,obj2,obj3,inc
9450124.468562711,0.15700742751055688,"[0.15, 0.15, np.float64(14.818812220908601), np.float64(1.0445155602104155), 0.15]",0.45182222827842444,0.15700742751055688,9450124.468562711,0
9787334.151612017,0.1464628901053555,"[0.15, 0.15, np.float64(14.096880904442578), 1, 0.15]",0.4518454568642013,0.1464628901053555,9787334.151612017,0
9772187.603745347,0.1464736973161092,"[0.15, 0.15, np.float64(13.49423948004408), 1, 0.15]",0.4520123140681347,0.1464736973161092,9772187.603745347,0
9783696.493803183,0.1464652372796534,"[0.15, 0.15, np.float64(13.959201633190851), 1, 0.15]",0.45188170323550636,0.1464652372796534,9783696.493803183,0
9774781.149211468,0.14647162831675667,"[0.15, 0.15, np.float64(13.603685760034923), 1, 0.15]",0.45198037656052087,0.14647162831675667,9774781.149211468,0
9782290.102916438,0.1464661813165785,"[0.15, 0.15, np.float64(13.904944180614669), 1, 0.15]",0.45189628043046626,0.1464661813165785,9782290.102916438,0
9795199.000230549,0.1464582187617902,"[0.15, 0.15, np.float64(14.383358819996815), 1, 0.15]",0.45177330724528963,0.1464582187617902,9795199.000230549,0
9779972.757481491,0.14646778556969003,"[0.15, 0.15, np.float64(13.814163240870847), 1, 0.15]",0.45192105073795125,0.14646778556969003,9779972.757481491,0
9772253.434637196,0.14647364341424857,"[0.15, 0.15, np.float64(13.497057646419075), 1, 0.15]",0.4520114820677185,0.14647364341424857,9772253.434637196,0
9768401.71351274,0.1464769327053793,"[0.15, 0.15, np.float64(13.328221907314326), 1, 0.15]",0.45206224989777116,0.1464769327053793,9768401.71351274,0
9782919.005301472,0.1464657565083705,"[0.15, 0.15, np.float64(13.929281782249221), 1, 0.15]",0.4518897209040633,0.1464657565083705,9782919.005301472,0
7972461.3995711375,0.21767808345539863,"[0.15, 0.15, np.float64(13.353095189136665), np.float64(1.2748656676126897), 0.15]",0.45331874513336723,0.21767808345539863,7972461.3995711375,0
9770767.497312281,0.1464748788768691,"[0.15, 0.15, np.float64(13.432899822157882), 1, 0.15]",0.4520305514734571,0.1464748788768691,9770767.497312281,0
9771167.909717882,0.14647454202062585,"[0.15, 0.15, np.float64(13.45030286645192), 1, 0.15]",0.4520253521977944,0.14647454202062585,9771167.909717882,0
9013034.20989838,0.17099026115040025,"[0.15, 0.15, np.float64(13.545950985546204), np.float64(1.101076903525665), 0.15]",0.45241626994993495,0.17099026115040025,9013034.20989838,0
8039417.470848793,0.21394833841722066,"[0.15, 0.15, np.float64(14.832064735728576), np.float64(1.2619465074840197), 0.15]",0.45264436469361424,0.21394833841722066,8039417.470848793,0
9329489.124284657,0.16018085127156345,"[0.15, 0.15, np.float64(13.833605116221836), np.float64(1.057517604418001), 0.15]",0.4521400491960748,0.16018085127156345,9329489.124284657,0
8928092.523923129,0.17438800904238722,"[0.15, 0.15, np.float64(14.093151009834106), np.float64(1.1145444613693891), 0.15]",0.45228865452703654,0.17438800904238722,8928092.523923129,0
9792076.306816293,0.1464600133008722,"[0.15, 0.15, np.float64(14.271269048600658), 1, 0.15]",0.4518010260889984,0.1464600133008722,9792076.306816293,0
9778155.144836249,0.14646908953608276,"[0.15, 0.15, np.float64(13.741659768863643), 1, 0.15]",0.4519411830989266,0.14646908953608276,9778155.144836249,0
9760719.825652398,0.14648453379158222,"[0.15, 0.15, np.float64(12.960905105228244), 1, 0.15]",0.4521795367540596,0.14648453379158222,9760719.825652398,0
9775732.776474211,0.14647089571369903,"[0.15, 0.15, np.float64(13.643076656742705), 1, 0.15]",0.451969067190008,0.14647089571369903,9775732.776474211,0
6758067.62330511,0.30450006226524096,"[0.15, 0.15, np.float64(14.127903084139023), np.float64(1.5537148872415467), 0.15]",0.45438078386876946,0.30450006226524096,6758067.62330511,0
9782867.816390162,0.14646579092275297,"[0.15, 0.15, np.float64(13.92730543575559), 1, 0.15]",0.4518902523065993,0.14646579092275297,9782867.816390162,0
3163397.44834133,1.835128914779271,"[0.15, 0.15, np.float64(18.564012377799617), np.float64(4.158679278654491), 0.15]",0.46713086827846634,1.835128914779271,3163397.44834133,0
9889645.310359294,0.1464229328228733,"[0.15, 0.15, np.float64(17.30920159093974), 1, 0.15]",0.45122778543815834,0.1464229328228733,9889645.310359294,0
4657330.039519285,0.6685517589924865,"[0.15, 0.15, np.float64(16.994443956468746), np.float64(2.4206453806214703), 0.15]",0.45724826215890696,0.6685517589924865,4657330.039519285,0
5485982.301107494,0.4674058102648646,"[0.15, 0.15, np.float64(16.101684631753056), np.float64(1.9843340042796185), 0.15]",0.4554722011364834,0.4674058102648646,5485982.301107494,0
9824222.7700124,0.1464442935268269,"[0.15, 0.15, np.float64(15.352559920554079), 1, 0.15]",0.45155813372176995,0.1464442935268269,9824222.7700124,0
5312784.174394906,0.5010763449232768,"[0.15, 0.15, np.float64(16.21400471589042), np.float64(2.063175239262902), 0.15]",0.4558241443319144,0.5010763449232768,5312784.174394906,0
9801457.507920027,0.1464548296112626,"[0.15, 0.15, np.float64(14.602397775492033), 1, 0.15]",0.4517209511697522,0.1464548296112626,9801457.507920027,0
2873138.0020900206,2.570230200529746,"[0.15, 0.15, np.float64(19.09525482242081), np.float64(4.957281387020145), 0.15]",0.47247238573165146,2.570230200529746,2873138.0020900206,0
3655796.651226571,1.2147031405168405,"[0.15, 0.15, np.float64(17.815830036300678), np.float64(3.3432788633421353), 0.15]",0.46228798242076574,1.2147031405168405,3655796.651226571,0
4006736.728218269,0.9595566395166778,"[0.15, 0.15, np.float64(17.429778104503523), np.float64(2.946292069058347), 0.15]",0.4600733335472108,0.9595566395166778,4006736.728218269,0
2587228.7664864175,4.380794726808901,"[0.15, 0.15, 20, np.float64(6.520335326832393), 0.15]",0.483795962103075,4.380794726808901,2587228.7664864175,0
6092577.194298969,0.3742313193005511,"[0.15, 0.15, np.float64(15.734640033735545), np.float64(1.7497505215602347), 0.15]",0.4544771373635181,0.3742313193005511,6092577.194298969,0
6143235.751980608,0.3667377364269858,"[0.15, 0.15, np.float64(16.164878897338358), np.float64(1.7297837269681227), 0.15]",0.4541522627334024,0.3667377364269858,6143235.751980608,0
6532792.272813066,0.3236651211936952,"[0.15, 0.15, np.float64(15.704555173831068), np.float64(1.6099500848189225), 0.15]",0.4538170460452793,0.3236651211936952,6532792.272813066,0
6635047.666120007,0.3129599079544561,"[0.15, 0.15, np.float64(16.297471663353964), np.float64(1.5790822285877986), 0.15]",0.4534164169561088,0.3129599079544561,6635047.666120007,0
2593727.4861837206,4.213876507101524,"[0.15, 0.15, 20, np.float64(6.3928436442005765), 0.15]",0.48264074149116415,4.213876507101524,2593727.4861837206,0
6465445.229305426,0.3307244139323316,"[0.15, 0.15, np.float64(15.656985306378058), np.float64(1.6300893035171395), 0.15]",0.4539347013485234,0.3307244139323316,6465445.229305426,0
9787225.062212419,0.146462958623976,"[0.15, 0.15, np.float64(14.092804366937907), 1, 0.15]",0.45184651502459494,0.146462958623976,9787225.062212419,0
9773401.219696458,0.14647271547480797,"[0.15, 0.15, np.float64(13.545849426631648), 1, 0.15]",0.451997158553198,0.14647271547480797,9773401.219696458,0
7791587.563525172,0.22756298498005273,"[0.15, 0.15, np.float64(15.316838095911006), np.float64(1.3094580988433142), 0.15]",0.4526695252811688,0.22756298498005273,7791587.563525172,0
7450828.458847435,0.2485615445326175,"[0.15, 0.15, np.float64(16.13260999070801), np.float64(1.3800190660316047), 0.15]",0.452672657450238,0.2485615445326175,7450828.458847435,0
3069232.706695397,2.166449251300131,"[0.15, 0.15, np.float64(18.098222451314534), np.float64(4.533634392393297), 0.15]",0.47105296551841286,2.166449251300131,3069232.706695397,0
6777595.860992323,0.30172201247999497,"[0.15, 0.15, np.float64(14.580122726064303), np.float64(1.545595696877672), 0.15]",0.4540763888952613,0.30172201247999497,6777595.860992323,0
9757606.044007106,0.14648816805455847,"[0.15, 0.15, np.float64(12.795595779959267), 1, 0.15]",0.4522355994644579,0.14648816805455847,9757606.044007106,0
6470460.506726099,0.32951858169469167,"[0.15, 0.15, np.float64(16.13640037684096), np.float64(1.6267714486852696), 0.15]",0.45369364006949203,0.32951858169469167,6470460.506726099,0
5941285.6347665,0.39516625051430365,"[0.15, 0.15, np.float64(15.622136753207435), np.float64(1.8047626510990105), 0.15]",0.4548238352415777,0.39516625051430365,5941285.6347665,0
9816504.110963736,0.146447600170987,"[0.15, 0.15, np.float64(15.104895451629396), 1, 0.15]",0.451609241239359,0.146447600170987,9816504.110963736,0
9803045.661561599,0.1464540093543005,"[0.15, 0.15, np.float64(14.656919746759563), 1, 0.15]",0.4517082784430569,0.1464540093543005,9803045.661561599,0
4986013.26796318,0.5742045490045247,"[0.15, 0.15, np.float64(16.672372651505164), np.float64(2.2257637016407803), 0.15]",0.4563932188696573,0.5742045490045247,4986013.26796318,0
5604940.307114179,0.44557018480585886,"[0.15, 0.15, np.float64(16.190628138693583), np.float64(1.9317183255853185), 0.15]",0.4551373129004984,0.44557018480585886,5604940.307114179,0
9777621.992378794,0.14646948013797334,"[0.15, 0.15, np.float64(13.720160789539968), 1, 0.15]",0.45194721348425776,0.14646948013797334,9777621.992378794,0
4578444.069930628,0.7070923804684804,"[0.15, 0.15, np.float64(16.33534601953097), np.float64(2.4956624794567834), 0.15]",0.4582973888645983,0.7070923804684804,4578444.069930628,0
9806215.033431405,0.1464524161135281,"[0.15, 0.15, np.float64(14.76457671427557), 1, 0.15]",0.4516836619175313,0.1464524161135281,9806215.033431405,0
7546007.552456869,0.24254230020834266,"[0.15, 0.15, np.float64(14.374139205961699), np.float64(1.3598790216000491), 0.15]",0.45325965142290076,0.24254230020834266,7546007.552456869,0
9809371.416324759,0.14645088362332212,"[0.15, 0.15, np.float64(14.870382101060487), 1, 0.15]",0.45165998224437887,0.14645088362332212,9809371.416324759,0
4966375.901369158,0.577859045199793,"[0.15, 0.15, np.float64(16.839601149554227), np.float64(2.233679554369803), 0.15]",0.45631392118755476,0.577859045199793,4966375.901369158,0
7486325.635568734,0.2464131679451131,"[0.15, 0.15, np.float64(14.427513391037037), np.float64(1.3726929193406179), 0.15]",0.4532962524549989,0.2464131679451131,7486325.635568734,0
3289222.6230564695,1.6263419165620583,"[0.15, 0.15, np.float64(18.388358825855647), np.float64(3.902818389122206), 0.15]",0.46549101668263826,1.6263419165620583,3289222.6230564695,0
8163568.567915059,0.20786823980865535,"[0.15, 0.15, np.float64(15.357111902950422), np.float64(1.2403233363874695), 0.15]",0.45238585911903406,0.20786823980865535,8163568.567915059,0
9803581.260447891,0.14645373609463241,"[0.15, 0.15, np.float64(14.67521818240741), 1, 0.15]",0.45170405655128987,0.14645373609463241,9803581.260447891,0
3713880.8307860414,1.167419087542797,"[0.15, 0.15, np.float64(17.700440487928052), np.float64(3.2731049004748476), 0.15]",0.46195019694703476,1.167419087542797,3713880.8307860414,0
7480520.183884852,0.24656798172379107,"[0.15, 0.15, np.float64(15.800240845269903), np.float64(1.3734184114451322), 0.15]",0.4527585305975264,0.24656798172379107,7480520.183884852,0
9814458.070956146,0.14644851810342518,"[0.15, 0.15, np.float64(15.038227268060503), 1, 0.15]",0.45162342736529754,0.14644851810342518,9814458.070956146,0
8250793.322375635,0.20324247928156552,"[0.15, 0.15, np.float64(14.221368369137746), np.float64(1.223474191396469), 0.15]",0.45270286832484147,0.20324247928156552,8250793.322375635,0
9800693.50964906,0.14645522966081792,"[0.15, 0.15, np.float64(14.576024876721942), 1, 0.15]",0.4517271316354313,0.14645522966081792,9800693.50964906,0
9760017.231749741,0.14648531952229454,"[0.15, 0.15, np.float64(12.924627701601953), 1, 0.15]",0.4521916583787308,0.14648531952229454,9760017.231749741,0
7124309.475314515,0.27227266727880556,"[0.15, 0.15, np.float64(14.595231652073487), np.float64(1.455768111440841), 0.15]",0.45361692551491867,0.27227266727880556,7124309.475314515,0
9779918.79240787,0.14646782368771538,"[0.15, 0.15, np.float64(13.812027623559409), 1, 0.15]",0.45192163927234114,0.14646782368771538,9779918.79240787,0
4862182.472500721,0.6060495759990286,"[0.15, 0.15, np.float64(16.888974445354428), np.float64(2.2932956206759956), 0.15]",0.4566073215723251,0.6060495759990286,4862182.472500721,0
3622778.360650902,1.2443269425461327,"[0.15, 0.15, np.float64(17.860055950767418), np.float64(3.3865014010718872), 0.15]",0.46253136292036573,1.2443269425461327,3622778.360650902,0
5371982.334739898,0.4889207405650185,"[0.15, 0.15, np.float64(16.20900253829289), np.float64(2.035045764913342), 0.15]",0.45567400168282557,0.4889207405650185,5371982.334739898,0
2905963.852911199,2.532715688336703,"[0.15, 0.15, np.float64(18.81475889715249), np.float64(4.918733375676242), 0.15]",0.47276046464720356,2.532715688336703,2905963.852911199,0
5739266.0116694765,0.4252527031662847,"[0.15, 0.15, np.float64(15.744383318189778), np.float64(1.8813830177611066), 0.15]",0.4551528372778766,0.4252527031662847,5739266.0116694765,0
9822271.477397332,0.1464451073282965,"[0.15, 0.15, np.float64(15.290486210695548), 1, 0.15]",0.4515707125998148,0.1464451073282965,9822271.477397332,0
4395843.1377357785,0.7668596208908487,"[0.15, 0.15, np.float64(17.06473099899995), np.float64(2.6092204075712084), 0.15]",0.45831040829947545,0.7668596208908487,4395843.1377357785,0
5524746.481925093,0.4610241825976994,"[0.15, 0.15, np.float64(15.95884883233483), np.float64(1.9690226112103661), 0.15]",0.4554846313674168,0.4610241825976994,5524746.481925093,0
4584841.189166299,0.7012889327136465,"[0.15, 0.15, np.float64(16.52669209666699), np.float64(2.484578615637909), 0.15]",0.45804414388338355,0.7012889327136465,4584841.189166299,0
9799918.427099543,0.1464556392363125,"[0.15, 0.15, np.float64(14.549170367605464), 1, 0.15]",0.4517334591466389,0.1464556392363125,9799918.427099543,0
6510245.660256556,0.32521793660717946,"[0.15, 0.15, np.float64(16.326834215875483), np.float64(1.6145362093211408), 0.15]",0.45355628968805184,0.32521793660717946,6510245.660256556,0
3111608.4577351166,1.9181952139947915,"[0.15, 0.15, np.float64(18.75034485706779), np.float64(4.2565918515901675), 0.15]",0.46755856841787624,1.9181952139947915,3111608.4577351166,0
4747294.074049471,0.646563659868741,"[0.15, 0.15, np.float64(16.42484951158923), np.float64(2.376233608757409), 0.15]",0.45746971365497796,0.646563659868741,4747294.074049471,0
5490670.282752917,0.4673974347525006,"[0.15, 0.15, np.float64(15.950975969072397), np.float64(1.984253256973448), 0.15]",0.4555729398454189,0.4673974347525006,5490670.282752917,0
6440363.743930084,0.33242900738479175,"[0.15, 0.15, np.float64(16.34384589146552), np.float64(1.6350770535876282), 0.15]",0.45363831095783763,0.33242900738479175,6440363.743930084,0
9773666.408188673,0.146472504192954,"[0.15, 0.15, np.float64(13.557032284291967), 1, 0.15]",0.4519938971539872,0.146472504192954,9773666.408188673,0
2936122.512888153,2.3055953380915692,"[0.15, 0.15, np.float64(19.189815168310204), np.float64(4.686091667203181), 0.15]",0.47009095309409743,2.3055953380915692,2936122.512888153,0
6362918.855285482,0.34168268353736514,"[0.15, 0.15, np.float64(15.75250823995148), np.float64(1.66096484720727), 0.15]",0.4540338285299902,0.34168268353736514,6362918.855285482,0
9816515.972920114,0.1464475949025614,"[0.15, 0.15, np.float64(15.105280634870219), 1, 0.15]",0.4516091598170135,0.1464475949025614,9816515.972920114,0
9821512.41393234,0.14644542781304007,"[0.15, 0.15, np.float64(15.266245245601299), 1, 0.15]",0.4515756661767447,0.14644542781304007,9821512.41393234,0
3800087.992822074,1.0979459989365359,"[0.15, 0.15, np.float64(17.63593896118137), np.float64(3.1674690722876706), 0.15]",0.4613068646436427,1.0979459989365359,3800087.992822074,0
9805329.987556994,0.14645285535454924,"[0.15, 0.15, np.float64(14.73466187387208), 1, 0.15]",0.4516904486430894,0.14645285535454924,9805329.987556994,0
8881899.501988724,0.17671374300525053,"[0.15, 0.15, np.float64(15.060621222599124), np.float64(1.123738613289953), 0.15]",0.452039758197448,0.17671374300525053,8881899.501988724,0
8084009.890427811,0.21155153336878876,"[0.15, 0.15, np.float64(14.165908404401536), np.float64(1.2533476559609869), 0.15]",0.4528565711680069,0.21155153336878876,8084009.890427811,0
9780425.225953933,0.14646746736326244,"[0.15, 0.15, np.float64(13.83202962453075), 1, 0.15]",0.45191613765497496,0.14646746736326244,9780425.225953933,0
6022998.933542018,0.38339752527861504,"[0.15, 0.15, np.float64(15.750406312218963), np.float64(1.774045399045893), 0.15]",0.45459059602220125,0.38339752527861504,6022998.933542018,0
7048939.145404553,0.27733672759370603,"[0.15, 0.15, np.float64(15.900907762083458), np.float64(1.4718014446186813), 0.15]",0.45312234159422243,0.27733672759370603,7048939.145404553,0
8812937.545252519,0.17935723817392724,"[0.15, 0.15, np.float64(15.069094480529337), np.float64(1.1340152521618634), 0.15]",0.4520745451566387,0.17935723817392724,8812937.545252519,0
9806646.303181859,0.14645220362381667,"[0.15, 0.15, np.float64(14.779113540954032), 1, 0.15]",0.45168037868146516,0.14645220362381667,9806646.303181859,0
7569952.65086006,0.2408915811888389,"[0.15, 0.15, np.float64(14.707637066679496), np.float64(1.3544431447014103), 0.15]",0.4530912041807287,0.2408915811888389,7569952.65086006,0
9774719.572015177,0.1464716761930329,"[0.15, 0.15, np.float64(13.601123288531406), 1, 0.15]",0.4519811156244002,0.1464716761930329,9774719.572015177,0
2745027.4994574985,3.1530789112269724,"[0.15, 0.15, np.float64(19.369702753149895), np.float64(5.509109158561377), 0.15]",0.47651091429322806,3.1530789112269724,2745027.4994574985,0
7274546.124939188,0.2611128500643236,"[0.15, 0.15, np.float64(14.428282820915639), np.float64(1.4204110506372698), 0.15]",0.4535250913787292,0.2611128500643236,7274546.124939188,0
7419468.749388876,0.25062351320630444,"[0.15, 0.15, np.float64(16.138203695981215), np.float64(1.3867732172192033), 0.15]",0.4526966941502839,0.25062351320630444,7419468.749388876,0
4904380.518256631,0.6030369413351806,"[0.15, 0.15, np.float64(16.08299012420295), np.float64(2.286536851887009), 0.15]",0.4572220811051945,0.6030369413351806,4904380.518256631,0
9781194.786355373,0.14646693177665573,"[0.15, 0.15, np.float64(13.86225712580119), 1, 0.15]",0.4519078680697868,0.14646693177665573,9781194.786355373,0
9819450.706789441,0.14644630969499406,"[0.15, 0.15, np.float64(15.200127513189578), 1, 0.15]",0.45158929660223174,0.14644630969499406,9819450.706789441,0
9808217.685640827,0.14645143776618932,"[0.15, 0.15, np.float64(14.831863155045545), 1, 0.15]",0.45166854492936676,0.14645143776618932,9808217.685640827,0
5777464.368635289,0.4162543367050705,"[0.15, 0.15, np.float64(16.529321749515656), np.float64(1.8590309313368458), 0.15]",0.45457735035846436,0.4162543367050705,5777464.368635289,0
9780710.167021647,0.14646726823725698,"[0.15, 0.15, np.float64(13.843245009485631), 1, 0.15]",0.45191306312660573,0.14646726823725698,9780710.167021647,0
4516976.119534437,0.7317889348508885,"[0.15, 0.15, np.float64(16.299309416735653), np.float64(2.54288159665127), 0.15]",0.4586385607127979,0.7317889348508885,4516976.119534437,0
9802124.68672167,0.1464544831810685,"[0.15, 0.15, np.float64(14.62535101349836), 1, 0.15]",0.45171559898699115,0.1464544831810685,9802124.68672167,0
9818923.843044052,0.146446537792724,"[0.15, 0.15, np.float64(15.183164641694402), 1, 0.15]",0.45159282200138234,0.146446537792724,9818923.843044052,0
5686219.135385145,0.4313314684547278,"[0.15, 0.15, np.float64(16.33569619648408), np.float64(1.8967256036086386), 0.15]",0.4548715451334506,0.4313314684547278,5686219.135385145,0
9818552.581598554,0.14644669920687495,"[0.15, 0.15, np.float64(15.171194822147744), 1, 0.15]",0.45159531673890874,0.14644669920687495,9818552.581598554,0
4515550.887843272,0.7331549846060144,"[0.15, 0.15, np.float64(16.260995511312974), np.float64(2.5454400040203353), 0.15]",0.45869449876089424,0.7331549846060144,4515550.887843272,0
9818785.696277048,0.1464465977889215,"[0.15, 0.15, np.float64(15.178712282471205), 1, 0.15]",0.4515937492752957,0.1464465977889215,9818785.696277048,0
4955527.364435524,0.5821333814332875,"[0.15, 0.15, np.float64(16.689734584467438), np.float64(2.242731735237638), 0.15]",0.45647503607161916,0.5821333814332875,4955527.364435524,0
5455417.469836973,0.47261023522411805,"[0.15, 0.15, np.float64(16.202190258696895), np.float64(1.9967372801742103), 0.15]",0.45547229297938546,0.47261023522411805,5455417.469836973,0
9807220.738059178,0.14645192214506875,"[0.15, 0.15, np.float64(14.79843582420397), 1, 0.15]",0.4516760294254332,0.14645192214506875,9807220.738059178,0
9798747.111625908,0.14645626547907947,"[0.15, 0.15, np.float64(14.508392997983112), 1, 0.15]",0.4517431336989011,0.14645626547907947,9798747.111625908,0
5370213.595198,0.4911886063062105,"[0.15, 0.15, np.float64(15.923125839368298), np.float64(2.040195699250689), 0.15]",0.4559028722892991,0.4911886063062105,5370213.595198,0
5387738.88700013,0.4870865289906963,"[0.15, 0.15, np.float64(16.002930081899645), np.float64(2.0306829482658366), 0.15]",0.45579283291692296,0.4870865289906963,5387738.88700013,0
6251190.912863843,0.35332146355339233,"[0.15, 0.15, np.float64(16.392104488913432), np.float64(1.6933471710402026), 0.15]",0.4538748446533616,0.35332146355339233,6251190.912863843,0
9781896.896116573,0.14646644915369036,"[0.15, 0.15, np.float64(13.889664448690196), 1, 0.15]",0.45190041607441517,0.14646644915369036,9781896.896116573,0
2959539.1029159017,2.2465017138526027,"[0.15, 0.15, np.float64(19.12536103619326), np.float64(4.623099840106914), 0.15]",0.4697186929531407,2.2465017138526027,2959539.1029159017,0
7032998.717666799,0.2787256802751389,"[0.15, 0.15, np.float64(15.578693210510869), np.float64(1.4760521159927398), 0.15]",0.45326930290207623,0.2787256802751389,7032998.717666799,0
2583024.4311981467,4.544845591272771,"[0.15, 0.15, np.float64(19.995354159114534), np.float64(6.643130169158705), 0.15]",0.48493538111896034,4.544845591272771,2583024.4311981467,0
7030170.2461106675,0.2790817265900396,"[0.15, 0.15, np.float64(15.351984000461307), np.float64(1.4771127314234378), 0.15]",0.4533697603764262,0.2790817265900396,7030170.2461106675,0
9822805.178941065,0.14644488331756686,"[0.15, 0.15, np.float64(15.30749828286153), 1, 0.15]",0.451567250129352,0.14644488331756686,9822805.178941065,0
5039132.097087559,0.559428692605573,"[0.15, 0.15, np.float64(16.806658919418), np.float64(2.193903271578753), 0.15]",0.45612061636112616,0.559428692605573,5039132.097087559,0
6875520.188395149,0.29174017321809337,"[0.15, 0.15, np.float64(15.582870003085327), np.float64(1.5158821229701787), 0.15]",0.4534433465909532,0.29174017321809337,6875520.188395149,0
4517688.1852574805,0.7191436435715362,"[0.15, 0.15, np.float64(16.972713874667264), np.float64(2.5192909244568713), 0.15]",0.45784877494499043,0.7191436435715362,4517688.1852574805,0
9810838.673328634,0.14645018855362787,"[0.15, 0.15, np.float64(14.919120820296092), 1, 0.15]",0.45164924161746833,0.14645018855362787,9810838.673328634,0
9798437.99962892,0.14645643223806465,"[0.15, 0.15, np.float64(14.497591840119178), 1, 0.15]",0.45174570983690115,0.14645643223806465,9798437.99962892,0
9500301.169488164,0.1558204717723544,"[0.15, 0.15, np.float64(15.273796194494242), np.float64(1.0396181573397403), 0.15]",0.4517002587300092,0.1558204717723544,9500301.169488164,0
5916491.9802290015,0.39665198118954864,"[0.15, 0.15, np.float64(16.2457353641915), np.float64(1.8088057603481826), 0.15]",0.45448791091267887,0.39665198118954864,5916491.9802290015,0
9815163.0723949,0.14644819972827572,"[0.15, 0.15, np.float64(15.06125103660006), 1, 0.15]",0.4516185071287635,0.14644819972827572,9815163.0723949,0
6063538.2784324605,0.3784815570478339,"[0.15, 0.15, np.float64(15.58605859245627), np.float64(1.7610059010677785), 0.15]",0.4546186304788556,0.3784815570478339,6063538.2784324605,0
6958869.893033443,0.2847017098737161,"[0.15, 0.15, np.float64(15.625976711265874), np.float64(1.4944643526545809), 0.15]",0.4533301328755407,0.2847017098737161,6958869.893033443,0
9812529.550560156,0.14644940053382746,"[0.15, 0.15, np.float64(14.974956871876264), 1, 0.15]",0.45163706423588496,0.14644940053382746,9812529.550560156,0
4962344.901863998,0.5789092810892327,"[0.15, 0.15, np.float64(16.841462172651475), np.float64(2.2359266572736067), 0.15]",0.4563249008814269,0.5789092810892327,4962344.901863998,0
7161189.543178164,0.2688391535388873,"[0.15, 0.15, np.float64(15.536970446184212), np.float64(1.4451536937640421), 0.15]",0.453152514683819,0.2688391535388873,7161189.543178164,0
9824263.203045903,0.14644427681434372,"[0.15, 0.15, np.float64(15.353842564694878), 1, 0.15]",0.4515578753927937,0.14644427681434372,9824263.203045903,0
9760262.28572976,0.14648504337331078,"[0.15, 0.15, np.float64(12.937343167469104), 1, 0.15]",0.45218739822473947,0.14648504337331078,9760262.28572976,0
7409478.639427294,0.2512570928044838,"[0.15, 0.15, np.float64(15.279101449982509), np.float64(1.3887184375752823), 0.15]",0.4530122601046412,0.2512570928044838,7409478.639427294,0
6694085.473783714,0.30763529392162253,"[0.15, 0.15, np.float64(15.994640159529634), np.float64(1.5634072855372319), 0.15]",0.4534759301747521,0.30763529392162253,6694085.473783714,0
7047671.777538837,0.2775501108152075,"[0.15, 0.15, np.float64(15.60382028640804), np.float64(1.4724128276339568), 0.15]",0.4532431469915691,0.2775501108152075,7047671.777538837,0
9199097.918415258,0.1656700077686699,"[0.15, 0.15, np.float64(15.451416176117943), np.float64(1.0799672460419871), 0.15]",0.45179204549752183,0.1656700077686699,9199097.918415258,0
5574007.459535483,0.44913831839743346,"[0.15, 0.15, np.float64(16.596837743307702), np.float64(1.940553501329402), 0.15]",0.4549384781217954,0.44913831839743346,5574007.459535483,0
4907416.34879191,0.6021744867183371,"[0.15, 0.15, np.float64(16.081817996279675), np.float64(2.2847306739533), 0.15]",0.4572120704130625,0.6021744867183371,4907416.34879191,0
3695183.7360480647,1.1808632838230555,"[0.15, 0.15, np.float64(17.76463309843216), np.float64(3.293243457509339), 0.15]",0.46200726947162823,1.1808632838230555,3695183.7360480647,0
7914230.078832911,0.22059409408232525,"[0.15, 0.15, np.float64(14.441057027707885), np.float64(1.2852372180378586), 0.15]",0.45288993737167493,0.22059409408232525,7914230.078832911,0
4304928.914864851,0.8154638148837511,"[0.15, 0.15, np.float64(16.726912006875136), np.float64(2.697582120336368), 0.15]",0.45920631279373453,0.8154638148837511,4304928.914864851,0
5961097.649451537,0.3923812341650271,"[0.15, 0.15, np.float64(15.616169035127925), np.float64(1.7975248112860838), 0.15]",0.4547896707049978,0.3923812341650271,5961097.649451537,0
9812448.97149592,0.1464494377787861,"[0.15, 0.15, np.float64(14.972303811595777), 1, 0.15]",0.451637639797911,0.1464494377787861,9812448.97149592,0
3401216.8227409846,1.4890371081957532,"[0.15, 0.15, np.float64(18.074643649919715), np.float64(3.7249386327733087), 0.15]",0.4646602005517924,1.4890371081957532,3401216.8227409846,0
9819441.219252678,0.14644631379249928,"[0.15, 0.15, np.float64(15.199822297198976), 1, 0.15]",0.45158935993218796,0.14644631379249928,9819441.219252678,0
9823919.573576251,0.14644441904180155,"[0.15, 0.15, np.float64(15.342937129840587), 1, 0.15]",0.45156007383104646,0.14644441904180155,9823919.573576251,0
4558005.192347997,0.7110624994214247,"[0.15, 0.15, np.float64(16.544450457968132), np.float64(2.5034708086816115), 0.15]",0.45814551260247416,0.7110624994214247,4558005.192347997,0
5412969.2835874595,0.4834028577393077,"[0.15, 0.15, np.float64(15.801240746719369), np.float64(2.021985716536019), 0.15]",0.4558881762145352,0.4834028577393077,5412969.2835874595,0
9792880.182047857,0.14645954418568832,"[0.15, 0.15, np.float64(14.300319534812845), 1, 0.15]",0.451793780263509,0.14645954418568832,9792880.182047857,0
9792177.2806473,0.146459954095366,"[0.15, 0.15, np.float64(14.274925733739835), 1, 0.15]",0.4518001116258486,0.146459954095366,9792177.2806473,0
3740025.9828871884,1.1441947845105824,"[0.15, 0.15, np.float64(17.708306946932453), np.float64(3.2381952072306763), 0.15]",0.46169977035322807,1.1441947845105824,3740025.9828871884,0
6852048.218285432,0.293735827908457,"[0.15, 0.15, np.float64(15.62180529511579), np.float64(1.5219168109981376), 0.15]",0.45345336848542833,0.293735827908457,6852048.218285432,0
8001018.896297425,0.21620107379840658,"[0.15, 0.15, np.float64(15.556390693766737), np.float64(1.2699885190765374), 0.15]",0.452437062548484,0.21620107379840658,8001018.896297425,0
9833476.024580233,0.14644061743894435,"[0.15, 0.15, np.float64(15.642620498000053), 1, 0.15]",0.45150130650360354,0.14644061743894435,9833476.024580233,0
2854810.569017328,2.7979510972826276,"[0.15, 0.15, np.float64(18.785650504704357), np.float64(5.17820310334763), 0.15]",0.4750552643812387,2.7979510972826276,2854810.569017328,0
7618721.341719709,0.23787649243015982,"[0.15, 0.15, np.float64(15.77066489078206), np.float64(1.344513462295791), 0.15]",0.45265491428941185,0.23787649243015982,7618721.341719709,0
7860295.854948414,0.22359378828819534,"[0.15, 0.15, np.float64(14.450477950604542), np.float64(1.2956575995037323), 0.15]",0.4529325487724704,0.22359378828819534,7860295.854948414,0
5213740.808467279,0.5229448738612712,"[0.15, 0.15, np.float64(16.17732082775139), np.float64(2.112900770799161), 0.15]",0.45612709352005815,0.5229448738612712,5213740.808467279,0
6380569.312383404,0.34020855181741777,"[0.15, 0.15, np.float64(15.50012299670005), np.float64(1.6567804554242256), 0.15]",0.4541430968769427,0.34020855181741777,6380569.312383404,0
8015762.703526823,0.21540280909371784,"[0.15, 0.15, np.float64(15.489694363869162), np.float64(1.2671666104618424), 0.15]",0.452447063123808,0.21540280909371784,8015762.703526823,0
9822636.692023268,0.14644495391943455,"[0.15, 0.15, np.float64(15.302130473078245), 1, 0.15]",0.4515683414064827,0.14644495391943455,9822636.692023268,0
4927652.3835105635,0.588079373915403,"[0.15, 0.15, np.float64(16.857639428603534), np.float64(2.255459976811217), 0.15]",0.4564206075995865,0.588079373915403,4927652.3835105635,0
5439654.464926792,0.4742974641978939,"[0.15, 0.15, np.float64(16.44221188730697), np.float64(2.0008247165589323), 0.15]",0.45533889601146,0.4742974641978939,5439654.464926792,0
9811264.850102758,0.14644998864552725,"[0.15, 0.15, np.float64(14.933226822793106), 1, 0.15]",0.4516461524530219,0.14644998864552725,9811264.850102758,0
9820054.335717378,0.14644604974481226,"[0.15, 0.15, np.float64(15.219528146800233), 1, 0.15]",0.45158527885538524,0.14644604974481226,9820054.335717378,0
7478773.797731472,0.2466615027206424,"[0.15, 0.15, np.float64(15.613684881521955), np.float64(1.3737004935497261), 0.15]",0.4528250822776497,0.2466615027206424,7478773.797731472,0
5977171.5510780215,0.38764602866417147,"[0.15, 0.15, np.float64(16.468350867059122), np.float64(1.7854112931829624), 0.15]",0.4542598629523024,0.38764602866417147,5977171.5510780215,0
7188286.710304181,0.2668207636147055,"[0.15, 0.15, np.float64(15.532831576613273), np.float64(1.4387759471537167), 0.15]",0.4531268092212047,0.2668207636147055,7188286.710304181,0
8038397.580246121,0.21432460900457298,"[0.15, 0.15, np.float64(15.687646723933653), np.float64(1.2633787725527723), 0.15]",0.45237232674373334,0.21432460900457298,8038397.580246121,0
5946663.952163906,0.3935030070601248,"[0.15, 0.15, np.float64(15.883694584896412), np.float64(1.8005271475439482), 0.15]",0.454648341709575,0.3935030070601248,5946663.952163906,0
9820970.441513771,0.14644565800882023,"[0.15, 0.15, np.float64(15.248904078979285), 1, 0.15]",0.4515792241537846,0.14644565800882023,9820970.441513771,0
6174796.212909691,0.3623751805836484,"[0.15, 0.15, np.float64(16.412567320614045), np.float64(1.7180551333446168), 0.15]",0.45397683386127524,0.3623751805836484,6174796.212909691,0
2782416.677016034,3.0868027629599544,"[0.15, 0.15, np.float64(19.073380175289056), np.float64(5.4479935809947815), 0.15]",0.47671476575011945,3.0868027629599544,2782416.677016034,0
7068668.041896902,0.2757962178838705,"[0.15, 0.15, np.float64(15.896006582627647), np.float64(1.4670114608161218), 0.15]",0.45310423933187405,0.2757962178838705,7068668.041896902,0
9798683.703529729,0.14645629963494053,"[0.15, 0.15, np.float64(14.506178735478773), 1, 0.15]",0.45174366134958027,0.14645629963494053,9798683.703529729,0
4304955.942427484,0.8154513384814195,"[0.15, 0.15, np.float64(16.72689093486801), np.float64(2.697559702928607), 0.15]",0.4592061883549854,0.8154513384814195,4304955.942427484,0
6939290.444173087,0.2863202985349202,"[0.15, 0.15, np.float64(15.628945424359607), np.float64(1.4994157039947478), 0.15]",0.4533506270189318,0.2863202985349202,6939290.444173087,0
6693960.29940143,0.30790308190413035,"[0.15, 0.15, np.float64(15.718890502881196), np.float64(1.5641401025980635), 0.15]",0.45360014661488285,0.30790308190413035,6693960.29940143,0
3111559.7736328267,1.9525224605188884,"[0.15, 0.15, np.float64(18.5473688499671), np.float64(4.2957333592318365), 0.15]",0.4682226393504282,1.9525224605188884,3111559.7736328267,0
3345368.3346640235,1.5492707423705712,"[0.15, 0.15, np.float64(18.287339209072314), np.float64(3.8040906578698293), 0.15]",0.46491877022315115,1.5492707423705712,3345368.3346640235,0
9785362.144686794,0.1464641462170533,"[0.15, 0.15, np.float64(14.022700795283429), 1, 0.15]",0.45186485494656864,0.1464641462170533,9785362.144686794,0
5125645.042507235,0.5387401741161084,"[0.15, 0.15, np.float64(16.76901794673874), np.float64(2.14845346542935), 0.15]",0.45590220673322235,0.5387401741161084,5125645.042507235,0
9063170.102523394,0.16964385287106562,"[0.15, 0.15, np.float64(14.431809692626153), np.float64(1.0958128865052692), 0.15]",0.45211159859629574,0.16964385287106562,9063170.102523394,0
5181942.998805948,0.5318872454399246,"[0.15, 0.15, np.float64(15.983247398460003), np.float64(2.132839369975902), 0.15]",0.45638783536760674,0.5318872454399246,5181942.998805948,0
9799666.568669682,0.14645577314526032,"[0.15, 0.15, np.float64(14.540422301689851), 1, 0.15]",0.4517355278722251,0.14645577314526032,9799666.568669682,0
5566733.0779778985,0.4530820176307474,"[0.15, 0.15, np.float64(16.024115099321918), np.float64(1.9499131984771405), 0.15]",0.45533871432154904,0.4530820176307474,5566733.0779778985,0
9818596.918833582,0.14644667990045515,"[0.15, 0.15, np.float64(15.172625028140901), 1, 0.15]",0.4515950183494262,0.14644667990045515,9818596.918833582,0
9781560.51266113,0.14646667967398094,"[0.15, 0.15, np.float64(13.876553508823667), 1, 0.15]",0.45190397547092104,0.14646667967398094,9781560.51266113,0
3209648.2089336608,1.770295566582199,"[0.15, 0.15, np.float64(18.36918589816571), np.float64(4.0805853425345004), 0.15]",0.46686525805789897,1.770295566582199,3209648.2089336608,0
9084218.462438062,0.16952074013656973,"[0.15, 0.15, np.float64(15.309992336479171), np.float64(1.0953942135537829), 0.15]",0.4518770386907512,0.16952074013656973,9084218.462438062,0
4948902.894482672,0.5838799451795837,"[0.15, 0.15, np.float64(16.693542932389093), np.float64(2.2464536811536577), 0.15]",0.4564930232791685,0.5838799451795837,4948902.894482672,0
9821453.099957593,0.1464454529499955,"[0.15, 0.15, np.float64(15.264348764250705), 1, 0.15]",0.45157605470320955,0.1464454529499955,9821453.099957593,0
9813732.588202571,0.1464488480613556,"[0.15, 0.15, np.float64(15.014476151507083), 1, 0.15]",0.45162852652491914,0.1464488480613556,9813732.588202571,0
4154845.9169737636,0.8768423839825358,"[0.15, 0.15, np.float64(17.313830517866233), np.float64(2.806290497338614), 0.15]",0.4592953425971726,0.8768423839825358,4154845.9169737636,0
9774186.610288989,0.14647209302402625,"[0.15, 0.15, np.float64(13.578873819937199), 1, 0.15]",0.45198755015394676,0.14647209302402625,9774186.610288989,0
3232227.074302662,1.7113827863932523,"[0.15, 0.15, np.float64(18.497032610517614), np.float64(4.009026634094042), 0.15]",0.4661092014158408,1.7113827863932523,3232227.074302662,0
9800004.395423885,0.1464555936210041,"[0.15, 0.15, np.float64(14.55215392542091), 1, 0.15]",0.4517327544441962,0.1464555936210041,9800004.395423885,0
5966491.2862888565,0.3907497112291313,"[0.15, 0.15, np.float64(15.8769532096968), np.float64(1.7933553505807391), 0.15]",0.45461602400637097,0.3907497112291313,5966491.2862888565,0
7055407.875333669,0.27691248631095616,"[0.15, 0.15, np.float64(15.667129568554566), np.float64(1.4704442337862562), 0.15]",0.4532089296606269,0.27691248631095616,7055407.875333669,0
3145396.36460787,1.886077882295919,"[0.15, 0.15, np.float64(18.48342561594368), np.float64(4.218524738304472), 0.15]",0.4677337696451318,1.886077882295919,3145396.36460787,0
5192993.86508999,0.5247365108238582,"[0.15, 0.15, np.float64(16.56119214304247), np.float64(2.117105604238273), 0.15]",0.45587669026600075,0.5247365108238582,5192993.86508999,0
7099987.4501518225,0.2734716164453842,"[0.15, 0.15, np.float64(15.594737959245487), np.float64(1.4597085744737184), 0.15]",0.45319193602942986,0.2734716164453842,7099987.4501518225,0
8625098.317188274,0.18711254504627922,"[0.15, 0.15, np.float64(15.42769317026128), np.float64(1.163758270427143), 0.15]",0.4520843089722848,0.18711254504627922,8625098.317188274,0
9812464.325681176,0.1464494306794804,"[0.15, 0.15, np.float64(14.972809406571006), 1, 0.15]",0.4516375300894309,0.1464494306794804,9812464.325681176,0
9806486.809330616,0.1464522820906431,"[0.15, 0.15, np.float64(14.773740513744281), 1, 0.15]",0.451681591097555,0.1464522820906431,9806486.809330616,0
9816937.062017828,0.1464474082692718,"[0.15, 0.15, np.float64(15.118944605735908), 1, 0.15]",0.45160627542771936,0.1464474082692718,9816937.062017828,0
3549192.0408639247,1.3148305270037541,"[0.15, 0.15, np.float64(17.96320429753254), np.float64(3.4873095666818954), 0.15]",0.46310201277233315,1.3148305270037541,3549192.0408639247,0
4591253.751524193,0.6989861777315995,"[0.15, 0.15, np.float64(16.522489787165025), np.float64(2.4801079980513965), 0.15]",0.4580202072921304,0.6989861777315995,4591253.751524193,0
9819494.931268055,0.14644629060000833,"[0.15, 0.15, np.float64(15.201550106098995), 1, 0.15]",0.4515890014750167,0.14644629060000833,9819494.931268055,0
3153765.030290271,1.8702552099697587,"[0.15, 0.15, np.float64(18.46802950938099), np.float64(4.1999346220316465), 0.15]",0.46761634376848277,1.8702552099697587,3153765.030290271,0
8491457.440809958,0.19273076581039916,"[0.15, 0.15, np.float64(15.368070045532452), np.float64(1.1848884355149902), 0.15]",0.4521764947385987,0.19273076581039916,8491457.440809958,0
6572929.63177346,0.3192351325801276,"[0.15, 0.15, np.float64(16.02927939914231), np.float64(1.597260646381017), 0.15]",0.4536100668902269,0.3192351325801276,6572929.63177346,0
9814192.8347918,0.14644863845949022,"[0.15, 0.15, np.float64(15.02955080763244), 1, 0.15]",0.4516252873535852,0.14644863845949022,9814192.8347918,0
8446482.297076631,0.19478979117118894,"[0.15, 0.15, np.float64(15.5136217556537), np.float64(1.1925696535403782), 0.15]",0.4521637630274652,0.19478979117118894,8446482.297076631,0
7668392.294210278,0.23498794231150294,"[0.15, 0.15, np.float64(16.095184907923418), np.float64(1.3348299373611248), 0.15]",0.45251408738796794,0.23498794231150294,7668392.294210278,0
4243244.703258674,0.8557166501934991,"[0.15, 0.15, np.float64(16.395847640447965), np.float64(2.768631281186503), 0.15]",0.4600532956864722,0.8557166501934991,4243244.703258674,0
4062083.287354381,0.9280605105552464,"[0.15, 0.15, np.float64(17.355818837415868), np.float64(2.8937041820800737), 0.15]",0.4598119151623036,0.9280605105552464,4062083.287354381,0
6079834.386552115,0.37559815183857814,"[0.15, 0.15, np.float64(15.839416473917323), np.float64(1.7534219779822966), 0.15]",0.4544375136311649,0.37559815183857814,6079834.386552115,0
9800370.428201845,0.14645539992616893,"[0.15, 0.15, np.float64(14.564843231431713), 1, 0.15]",0.45172976207139537,0.14645539992616893,9800370.428201845,0
3220631.223514096,1.7517429476373239,"[0.15, 0.15, np.float64(18.350529179341912), np.float64(4.058058181476499), 0.15]",0.46672405919292315,1.7517429476373239,3220631.223514096,0
5804389.206895303,0.4147486988563331,"[0.15, 0.15, np.float64(15.802935132866835), np.float64(1.854989121018613), 0.15]",0.4549764558990303,0.4147486988563331,5804389.206895303,0
3765292.6618053066,1.1243542003080311,"[0.15, 0.15, np.float64(17.677446965610738), np.float64(3.208035362644072), 0.15]",0.46153191687836603,1.1243542003080311,3765292.6618053066,0
9813720.279898271,0.14644885367994614,"[0.15, 0.15, np.float64(15.01407267960511), 1, 0.15]",0.45162861335374105,0.14644885367994614,9813720.279898271,0
2579611.574415819,4.686565597296467,"[0.15, 0.15, 20, np.float64(6.747395107209446), 0.15]",0.4858860162182409,4.686565597296467,2579611.574415819,0
5256575.168687789,0.5148899816172738,"[0.15, 0.15, np.float64(15.985812588398982), np.float64(2.0946145848355133), 0.15]",0.4561655015463915,0.5148899816172738,5256575.168687789,0
5770440.938856871,0.41968113291404097,"[0.15, 0.15, np.float64(15.886457303153222), np.float64(1.8674637798027152), 0.15]",0.4549903842828849,0.41968113291404097,5770440.938856871,0
2880827.5658312896,2.544938406836722,"[0.15, 0.15, np.float64(19.074243941673444), np.float64(4.931911679782953), 0.15]",0.47230787787014433,2.544938406836722,2880827.5658312896,0
9783045.006872917,0.14646567191882626,"[0.15, 0.15, np.float64(13.934143132146726), 1, 0.15]",0.4518884147284743,0.14646567191882626,9783045.006872917,0
5355184.28922559,0.4940357609221808,"[0.15, 0.15, np.float64(15.957152489535046), np.float64(2.046814001067829), 0.15]",0.4559155606963526,0.4940357609221808,5355184.28922559,0
9784363.51223352,0.1464647969318569,"[0.15, 0.15, np.float64(13.98472647614612), 1, 0.15]",0.45187490345027975,0.1464647969318569,9784363.51223352,0
9820456.11887306,0.1464458775283042,"[0.15, 0.15, np.float64(15.232421726930658), 1, 0.15]",0.45158261707789277,0.1464458775283042,9820456.11887306,0
9762439.059642306,0.14648268461908262,"[0.15, 0.15, np.float64(13.047490113261805), 1, 0.15]",0.4521510074149755,0.14648268461908262,9762439.059642306,0
5602629.968320975,0.4468388750535939,"[0.15, 0.15, np.float64(16.009858304789695), np.float64(1.9347461394270558), 0.15]",0.45526716519458804,0.4468388750535939,5602629.968320975,0
6300856.460086875,0.34763232382792425,"[0.15, 0.15, np.float64(16.37910998729858), np.float64(1.677656886295554), 0.15]",0.45381059833837334,0.34763232382792425,6300856.460086875,0
7133986.133288446,0.27079420978611485,"[0.15, 0.15, np.float64(15.879996128446951), np.float64(1.4513642442861836), 0.15]",0.4530453790981445,0.27079420978611485,7133986.133288446,0
9789434.942281973,0.1464615917261416,"[0.15, 0.15, np.float64(14.174797754822137), 1, 0.15]",0.45182540481932065,0.1464615917261416,9789434.942281973,0
9811275.161666486,0.14644998381953797,"[0.15, 0.15, np.float64(14.933567847547453), 1, 0.15]",0.4516460778770146,0.14644998381953797,9811275.161666486,0
9821345.239007454,0.14644549869602275,"[0.15, 0.15, np.float64(15.260899212180037), 1, 0.15]",0.4515767617702167,0.14644549869602275,9821345.239007454,0
8208072.249849736,0.20575766469034015,"[0.15, 0.15, np.float64(15.46904813487738), np.float64(1.2327319142281052), 0.15]",0.4523234716655045,0.20575766469034015,8208072.249849736,0
9792813.671596784,0.14645958280644011,"[0.15, 0.15, np.float64(14.297921250294237), 1, 0.15]",0.45179437679529183,0.14645958280644011,9792813.671596784,0
9817134.11071078,0.1464473211944371,"[0.15, 0.15, np.float64(15.125332218316037), 1, 0.15]",0.45160492969042626,0.1464473211944371,9817134.11071078,0
3555627.29714437,1.3084031425804958,"[0.15, 0.15, np.float64(17.953919377382512), np.float64(3.478235298431228), 0.15]",0.4630504804138261,1.3084031425804958,3555627.29714437,0
9819185.80681293,0.1464464242381044,"[0.15, 0.15, np.float64(15.191602269368605), 1, 0.15]",0.4515910669455384,0.1464464242381044,9819185.80681293,0
3444742.6092791483,1.435710876910503,"[0.15, 0.15, np.float64(18.015678032443418), np.float64(3.6537402632037024), 0.15]",0.46422565248313474,1.435710876910503,3444742.6092791483,0
2906983.933662372,2.382932434647766,"[0.15, 0.15, np.float64(19.272905952751533), np.float64(4.76729732702534), 0.15]",0.4705710676098843,2.382932434647766,2906983.933662372,0
9809871.489880571,0.14645064552851778,"[0.15, 0.15, np.float64(14.887024020083226), 1, 0.15]",0.45165630310349086,0.14645064552851778,9809871.489880571,0
3080918.241797246,2.069139058157525,"[0.15, 0.15, np.float64(18.352738376040186), np.float64(4.427213875256816), 0.15]",0.46964412091770735,2.069139058157525,3080918.241797246,0
5265605.916668947,0.5127140841011464,"[0.15, 0.15, np.float64(16.009220839192317), np.float64(2.0896861240712266), 0.15]",0.4561199256248501,0.5127140841011464,5265605.916668947,0
9834346.95778421,0.14644028590863523,"[0.15, 0.15, np.float64(15.669589838738176), 1, 0.15]",0.45149618100883915,0.14644028590863523,9834346.95778421,0
2592198.356416029,4.249299742742207,"[0.15, 0.15, 20, np.float64(6.420119412400387), 0.15]",0.4828867610193246,4.249299742742207,2592198.356416029,0
6055239.449603498,0.3791046898718591,"[0.15, 0.15, np.float64(15.743046520241917), np.float64(1.7627044066493456), 0.15]",0.4545374957042956,0.3791046898718591,6055239.449603498,0
4522763.250612082,0.7172621804478787,"[0.15, 0.15, np.float64(16.969023057490777), np.float64(2.515683842803777), 0.15]",0.4578304017987833,0.7172621804478787,4522763.250612082,0
9775085.934846876,0.14647139219827804,"[0.15, 0.15, np.float64(13.616344512598985), 1, 0.15]",0.4519767315856878,0.14647139219827804,9775085.934846876,0
7687413.3892931035,0.23368107742191657,"[0.15, 0.15, np.float64(15.52757163884284), np.float64(1.3303400092650572), 0.15]",0.4526809148781734,0.23368107742191657,7687413.3892931035,0
9821128.90813075,0.14644559058327794,"[0.15, 0.15, np.float64(15.25397731892263), 1, 0.15]",0.4515781820078803,0.14644559058327794,9821128.90813075,0
4183878.9961935864,0.8632849387267879,"[0.15, 0.15, np.float64(17.242203118534704), np.float64(2.782666123167189), 0.15]",0.4592188968657273,0.8632849387267879,4183878.9961935864,0
5847609.585468631,0.40774599723513577,"[0.15, 0.15, np.float64(15.918192673441624), np.float64(1.8372278620627425), 0.15]",0.4548149342784346,0.40774599723513577,5847609.585468631,0
4237788.979672432,0.8588776025171507,"[0.15, 0.15, np.float64(16.387344335257), np.float64(2.774152313540898), 0.15]",0.46010162929212944,0.8588776025171507,4237788.979672432,0
9775053.92725933,0.14647141692836368,"[0.15, 0.15, np.float64(13.61501704391272), 1, 0.15]",0.45197711334739976,0.14647141692836368,9775053.92725933,0
7916977.366364014,0.2204461686169631,"[0.15, 0.15, np.float64(14.34985531321572), np.float64(1.2847081486115166), 0.15]",0.45292389313561576,0.2204461686169631,7916977.366364014,0
5925770.708696012,0.39535066982531664,"[0.15, 0.15, np.float64(16.242283618690863), np.float64(1.8054323264252519), 0.15]",0.45447340160616906,0.39535066982531664,5925770.708696012,0
6964491.962415261,0.28424357015761753,"[0.15, 0.15, np.float64(15.618580388779137), np.float64(1.4930590864437705), 0.15]",0.4533270716611676,0.28424357015761753,6964491.962415261,0
4254566.055874872,0.8392716684768533,"[0.15, 0.15, np.float64(16.766828211071168), np.float64(2.740046885100149), 0.15]",0.4594427905289515,0.8392716684768533,4254566.055874872,0
9824835.185184505,0.14644404103642758,"[0.15, 0.15, np.float64(15.371972062318104), 1, 0.15]",0.4515542308931569,0.14644404103642758,9824835.185184505,0
3615692.9363362244,1.2546607681152415,"[0.15, 0.15, np.float64(17.806656170142634), np.float64(3.401355628951353), 0.15]",0.46270720480174,1.2546607681152415,3615692.9363362244,0
9818307.133939289,0.14644680623274733,"[0.15, 0.15, np.float64(15.163273698128172), 1, 0.15]",0.45159697086731415,0.14644680623274733,9818307.133939289,0
3276778.7726517348,1.6442955663463905,"[0.15, 0.15, np.float64(18.4115386437448), np.float64(3.9254723142103174), 0.15]",0.46562266134218805,1.6442955663463905,3276778.7726517348,0
9814716.639006624,0.1464484010776485,"[0.15, 0.15, np.float64(15.046677969664689), 1, 0.15]",0.45162161883310015,0.1464484010776485,9814716.639006624,0
2577448.7763564987,4.8639709873124035,"[0.15, 0.15, 20, np.float64(6.875550534936992), 0.15]",0.48708358909823957,4.8639709873124035,2577448.7763564987,0
4235930.366401112,0.8598404417079336,"[0.15, 0.15, np.float64(16.38827422246278), np.float64(2.775835563481723), 0.15]",0.4601122429728271,0.8598404417079336,4235930.366401112,0
6797910.000520702,0.2980644320646197,"[0.15, 0.15, np.float64(16.26099564993141), np.float64(1.535039059106382), 0.15]",0.4532457009447151,0.2980644320646197,6797910.000520702,0
6188524.826687831,0.36217061358809627,"[0.15, 0.15, np.float64(15.7135936867589), np.float64(1.7173193792424037), 0.15]",0.45432741045509184,0.36217061358809627,6188524.826687831,0
2961118.2180396854,2.2426099136497757,"[0.15, 0.15, np.float64(19.12108598040848), np.float64(4.618921774776156), 0.15]",0.46969400864001765,2.2426099136497757,2961118.2180396854,0
9812739.86995382,0.14644930346408655,"[0.15, 0.15, np.float64(14.981878000394138), 1, 0.15]",0.4516355641714586,0.14644930346408655,9812739.86995382,0
5344563.6101807,0.49642460221194035,"[0.15, 0.15, np.float64(15.930998803789308), np.float64(2.052327459212847), 0.15]",0.45596558494206224,0.49642460221194035,5344563.6101807,0
8398260.143077264,0.1970037945689524,"[0.15, 0.15, np.float64(15.623593797979595), np.float64(1.2007790492427568), 0.15]",0.4521628916970677,0.1970037945689524,8398260.143077264,0
9816581.543268478,0.14644756579075782,"[0.15, 0.15, np.float64(15.107409574225972), 1, 0.15]",0.45160870990019547,0.14644756579075782,9816581.543268478,0
4925623.338647522,0.5941362782591502,"[0.15, 0.15, np.float64(16.323093292029675), np.float64(2.2679804816407376), 0.15]",0.4569081588862839,0.5941362782591502,4925623.338647522,0
3262547.162367429,1.6652394255412295,"[0.15, 0.15, np.float64(18.438416681310013), np.float64(3.951740555506669), 0.15]",0.46577545719153285,1.6652394255412295,3262547.162367429,0
7534589.0379246995,0.24321947144828565,"[0.15, 0.15, np.float64(14.510593046623086), np.float64(1.3621502604927338), 0.15]",0.45321010447846555,0.24321947144828565,7534589.0379246995,0
9679612.889093107,0.1504782062779222,"[0.15, 0.15, np.float64(15.278384073887137), np.float64(1.017196454409541), 0.15]",0.4516273187433991,0.1504782062779222,9679612.889093107,0
9837415.971960796,0.14643913602231076,"[0.15, 0.15, np.float64(15.764216013048697), 1, 0.15]",0.4514784030041168,0.14643913602231076,9837415.971960796,0
9789425.632172056,0.14646159739375,"[0.15, 0.15, np.float64(14.174454846951779), 1, 0.15]",0.45182549235203673,0.14646159739375,9789425.632172056,0
6607069.275518215,0.31589519092192925,"[0.15, 0.15, np.float64(16.01937204460882), np.float64(1.5875780652452902), 0.15]",0.4535715150374372,0.31589519092192925,6607069.275518215,0
9736657.84024979,0.148835572750099,"[0.15, 0.15, np.float64(15.273397043926504), np.float64(1.0102206551453616), 0.15]",0.45160629067821906,0.148835572750099,9736657.84024979,0
6676268.395155572,0.3096253748168302,"[0.15, 0.15, np.float64(15.666243216343991), np.float64(1.569191994336702), 0.15]",0.4536470014096762,0.3096253748168302,6676268.395155572,0
9819062.05598068,0.14644647784600698,"[0.15, 0.15, np.float64(15.187617216850812), 1, 0.15]",0.45159189548953843,0.14644647784600698,9819062.05598068,0
8792701.915520173,0.17963015034467164,"[0.15, 0.15, np.float64(14.181154445372187), np.float64(1.1349865463240032), 0.15]",0.45234338159920257,0.17963015034467164,8792701.915520173,0
9808120.849975375,0.14645148458754303,"[0.15, 0.15, np.float64(14.828622159528168), 1, 0.15]",0.4516692684083258,0.14645148458754303,9808120.849975375,0
4244856.976135374,0.8510071765463167,"[0.15, 0.15, np.float64(16.52468065403464), np.float64(2.7605015549146033), 0.15]",0.4598485261730616,0.8510071765463167,4244856.976135374,0
9703040.719140414,0.1502818007056384,"[0.15, 0.15, np.float64(15.831461643851496), np.float64(1.0163957850003158), 0.15]",0.45151406548877354,0.1502818007056384,9703040.719140414,0
7040937.686306286,0.2781064831885233,"[0.15, 0.15, np.float64(15.555774618604751), np.float64(1.4741297812825223), 0.15]",0.4532703909605205,0.2781064831885233,7040937.686306286,0
9782770.482391758,0.14646585643949234,"[0.15, 0.15, np.float64(13.923545250266155), 1, 0.15]",0.45189126396729773,0.14646585643949234,9782770.482391758,0
6862082.267284701,0.29265149750588826,"[0.15, 0.15, np.float64(15.948900974817384), np.float64(1.518705809925232), 0.15]",0.45330164965800646,0.29265149750588826,6862082.267284701,0
9806596.763694566,0.14645222798130553,"[0.15, 0.15, np.float64(14.777445035659209), 1, 0.15]",0.4516807550373238,0.14645222798130553,9806596.763694566,0
3387930.4516850277,1.505995162534738,"[0.15, 0.15, np.float64(18.093168508105506), np.float64(3.747306577955375), 0.15]",0.4647972358128403,1.505995162534738,3387930.4516850277,0
3473133.3921964546,1.3949533907594587,"[0.15, 0.15, np.float64(18.077064758794737), np.float64(3.598586815375839), 0.15]",0.4637364254504215,1.3949533907594587,3473133.3921964546,0
9805534.096715659,0.1464527536749358,"[0.15, 0.15, np.float64(14.741570784725042), 1, 0.15]",0.45168887760123444,0.1464527536749358,9805534.096715659,0
3992916.6026114468,0.9838020917427764,"[0.15, 0.15, np.float64(16.997685579156474), np.float64(2.985643980995923), 0.15]",0.46083815007787104,0.9838020917427764,3992916.6026114468,0
6215217.039904696,0.3575381094277671,"[0.15, 0.15, np.float64(16.40166742050319), np.float64(1.7048939870770257), 0.15]",0.45392238336990975,0.3575381094277671,6215217.039904696,0
9792819.028670006,0.1464595796944615,"[0.15, 0.15, np.float64(14.298114454654268), 1, 0.15]",0.4517943287280613,0.1464595796944615,9792819.028670006,0
9786233.14846118,0.14646358679148816,"[0.15, 0.15, np.float64(14.055594103137283), 1, 0.15]",0.4518562159042308,0.14646358679148816,9786233.14846118,0
9802682.203638742,0.14645419574628085,"[0.15, 0.15, np.float64(14.644477181369483), 1, 0.15]",0.4517111581877244,0.14645419574628085,9802682.203638742,0
9211790.764140494,0.16424266646887944,"[0.15, 0.15, np.float64(14.062216706468423), np.float64(1.0740891233809025), 0.15]",0.4521364856512202,0.16424266646887944,9211790.764140494,0
8634622.739560608,0.18676791887674135,"[0.15, 0.15, np.float64(15.496986680701179), np.float64(1.1624574111571455), 0.15]",0.4520613288099056,0.18676791887674135,8634622.739560608,0
4827966.351104523,0.6158038827085498,"[0.15, 0.15, np.float64(16.90578604893002), np.float64(2.3135948868528287), 0.15]",0.45670820990780125,0.6158038827085498,4827966.351104523,0
6956667.0386331845,0.28491808148314524,"[0.15, 0.15, np.float64(15.56939407421554), np.float64(1.4951165351213218), 0.15]",0.4533568717573619,0.28491808148314524,6956667.0386331845,0
8856780.668597851,0.17715362472284082,"[0.15, 0.15, np.float64(14.209222553236803), np.float64(1.1253745481557358), 0.15]",0.45229530808402246,0.17715362472284082,8856780.668597851,0
5590953.708030501,0.44714981907250184,"[0.15, 0.15, np.float64(16.375510506537385), np.float64(1.935636625330016), 0.15]",0.4550446148438717,0.44714981907250184,5590953.708030501,0
9815289.16697047,0.1464481430176189,"[0.15, 0.15, np.float64(15.0653631785129), 1, 0.15]",0.4516176307024234,0.1464481430176189,9815289.16697047,0
9815110.40279468,0.1464482234371094,"[0.15, 0.15, np.float64(15.059532877986221), 1, 0.15]",0.45161887353266783,0.1464482234371094,9815110.40279468,0
9801190.97279237,0.1464549687669777,"[0.15, 0.15, np.float64(14.593207956637036), 1, 0.15]",0.4517231010346909,0.1464549687669777,9801190.97279237,0
5080985.860038241,0.553905667805835,"[0.15, 0.15, np.float64(16.241880078742977), np.float64(2.1815819859071874), 0.15]",0.4564694660277419,0.553905667805835,5080985.860038241,0
5855115.88605681,0.40681078500766615,"[0.15, 0.15, np.float64(15.868425189165686), np.float64(1.8348226652526154), 0.15]",0.45483210456649853,0.40681078500766615,5855115.88605681,0
3616274.3886424,1.2541119665792657,"[0.15, 0.15, np.float64(17.805999984315562), np.float64(3.4005633136492834), 0.15]",0.46270249612783926,1.2541119665792657,3616274.3886424,0
6834138.358265213,0.2953231997353722,"[0.15, 0.15, np.float64(15.589883706076339), np.float64(1.5266898132609883), 0.15]",0.45348870721587287,0.2953231997353722,6834138.358265213,0
5124882.323413136,0.5402214944654615,"[0.15, 0.15, np.float64(16.59654525437785), np.float64(2.1516566408190294), 0.15]",0.4560395185438771,0.5402214944654615,5124882.323413136,0
3665309.3629712984,1.2092496001917856,"[0.15, 0.15, np.float64(17.751855509645715), np.float64(3.3351862603309534), 0.15]",0.4623153156616813,1.2092496001917856,3665309.3629712984,0
2577929.232153217,4.8114557973636405,"[0.15, 0.15, 20, np.float64(6.837875969000868), 0.15]",0.4867302157782093,4.8114557973636405,2577929.232153217,0
3506279.603343229,1.3590649759233508,"[0.15, 0.15, np.float64(18.026487893337386), np.float64(3.549157414043118), 0.15]",0.46345406798732913,1.3590649759233508,3506279.603343229,0
5256598.574124722,0.5143931814621445,"[0.15, 0.15, np.float64(16.047850548539877), np.float64(2.093517172364983), 0.15]",0.45611305122052953,0.5143931814621445,5256598.574124722,0
6302536.676024346,0.3474424836757742,"[0.15, 0.15, np.float64(16.378674525042666), np.float64(1.67713108492253), 0.15]",0.4538084524019882,0.3474424836757742,6302536.676024346,0
8920376.266938647,0.17546140985705866,"[0.15, 0.15, np.float64(15.325223724659821), np.float64(1.1188648575725728), 0.15]",0.4519537081243705,0.17546140985705866,8920376.266938647,0
9826166.555053042,0.1464434968296109,"[0.15, 0.15, np.float64(15.414062054628651), 1, 0.15]",0.4515458187444854,0.1464434968296109,9826166.555053042,0
5340177.694515501,0.4967073333736167,"[0.15, 0.15, np.float64(16.018899046456323), np.float64(2.053020149382241), 0.15]",0.45590596721677645,0.4967073333736167,5340177.694515501,0
9797966.406292466,0.14645668787438545,"[0.15, 0.15, np.float64(14.481080378849406), 1, 0.15]",0.45174965893600944,0.14645668787438545,9797966.406292466,0
6118881.034782532,0.37062773548377864,"[0.15, 0.15, np.float64(15.816120046206542), np.float64(1.7401416886311922), 0.15]",0.45438455937603933,0.37062773548377864,6118881.034782532,0
5899588.625335557,0.3983658664776008,"[0.15, 0.15, np.float64(16.491456079701667), np.float64(1.81330981335651), 0.15]",0.45437919171469876,0.3983658664776008,5899588.625335557,0
5315376.747091913,0.4986711339657886,"[0.15, 0.15, np.float64(16.500467780830565), np.float64(2.0577589277824817), 0.15]",0.4556002086051613,0.4986711339657886,5315376.747091913,0
9796268.989211885,0.14645762049931108,"[0.15, 0.15, np.float64(14.421313702282065), 1, 0.15]",0.45176406582142664,0.14645762049931108,9796268.989211885,0
5405184.722512891,0.48419571792845056,"[0.15, 0.15, np.float64(15.912544455994988), np.float64(2.023890430194726), 0.15]",0.45581896854973575,0.48419571792845056,5405184.722512891,0
9799966.6447462,0.1464556136459504,"[0.15, 0.15, np.float64(14.550843930650949), 1, 0.15]",0.45173306380606904,0.1464556136459504,9799966.6447462,0
9794852.137145998,0.14645841447610006,"[0.15, 0.15, np.float64(14.371006739933941), 1, 0.15]",0.45177633040734994,0.14645841447610006,9794852.137145998,0
4967328.524373235,0.5776113066514034,"[0.15, 0.15, np.float64(16.83916190570511), np.float64(2.2331491868906044), 0.15]",0.45631133064700463,0.5776113066514034,4967328.524373235,0
4135303.9167402266,0.8882021137575485,"[0.15, 0.15, np.float64(17.286403597175727), np.float64(2.825863802147272), 0.15]",0.4594486013262592,0.8882021137575485,4135303.9167402266,0
7254314.158464176,0.26195895956428117,"[0.15, 0.15, np.float64(16.168546184332946), np.float64(1.4234104270338315), 0.15]",0.4528285815711384,0.26195895956428117,7254314.158464176,0
6934300.047012323,0.2865726480052474,"[0.15, 0.15, np.float64(15.930007167648721), np.float64(1.5002406565631596), 0.15]",0.4532306196673137,0.2865726480052474,6934300.047012323,0
6399961.720220698,0.3376358065462684,"[0.15, 0.15, np.float64(15.730509938176624), np.float64(1.6496248328881502), 0.15]",0.4539909046981099,0.3376358065462684,6399961.720220698,0
9798991.527809242,0.14645613406699615,"[0.15, 0.15, np.float64(14.516921597272434), 1, 0.15]",0.4517411035948837,0.14645613406699615,9798991.527809242,0
7108071.5212602895,0.2728258043826083,"[0.15, 0.15, np.float64(15.660088916573827), np.float64(1.4576994869435114), 0.15]",0.45315718020015955,0.2728258043826083,7108071.5212602895,0
9820080.394133959,0.14644603855583904,"[0.15, 0.15, np.float64(15.220364860319906), 1, 0.15]",0.4515851059193424,0.14644603855583904,9820080.394133959,0
2949214.4786163433,2.272233996410759,"[0.15, 0.15, np.float64(19.15353269737283), np.float64(4.650632355893775), 0.15]",0.4698813787360203,2.272233996410759,2949214.4786163433,0
8610457.603167763,0.18762498105534145,"[0.15, 0.15, np.float64(15.286954598823305), np.float64(1.1656866449428667), 0.15]",0.4521294315887984,0.18762498105534145,8610457.603167763,0
9815593.906054169,0.14644800625172347,"[0.15, 0.15, np.float64(15.075293972965994), 1, 0.15]",0.45161551706454983,0.14644800625172347,9815593.906054169,0
7297220.261445693,0.2589347024399736,"[0.15, 0.15, np.float64(16.160517117664345), np.float64(1.4137156849038093), 0.15]",0.4527934365938025,0.2589347024399736,7297220.261445693,0
7942434.247386401,0.21925109424115133,"[0.15, 0.15, np.float64(15.430233584421726), np.float64(1.280678673076653), 0.15]",0.45251795255711946,0.21925109424115133,7942434.247386401,0
5859204.432301299,0.4048434916596286,"[0.15, 0.15, np.float64(16.267332997239997), np.float64(1.8299133964608107), 0.15]",0.45457905402717463,0.4048434916596286,5859204.432301299,0
8488824.994649647,0.19289113408542072,"[0.15, 0.15, np.float64(15.440725356465789), np.float64(1.1854939284687331), 0.15]",0.4521584560206725,0.19289113408542072,8488824.994649647,0
4853524.60688406,0.6084936017820369,"[0.15, 0.15, np.float64(16.89319954540596), np.float64(2.2983972417191127), 0.15]",0.45663263032300044,0.6084936017820369,4853524.60688406,0
4908212.951894167,0.6019485183316607,"[0.15, 0.15, np.float64(16.08151075065157), np.float64(2.2842572271027546), 0.15]",0.45720944714203404,0.6019485183316607,4908212.951894167,0
3454245.15529776,1.4161156357309088,"[0.15, 0.15, np.float64(18.10657817779398), np.float64(3.6274306478123206), 0.15]",0.463901578531014,1.4161156357309088,3454245.15529776,0
6634779.980201841,0.31357638038007485,"[0.15, 0.15, np.float64(15.681275250051154), np.float64(1.5807559261623139), 0.15]",0.4536930312387632,0.31357638038007485,6634779.980201841,0
2669975.333377642,3.5457821861098733,"[0.15, 0.15, np.float64(19.692316147551463), np.float64(5.852320698306665), 0.15]",0.4786817546210173,3.5457821861098733,2669975.333377642,0
9804559.943118094,0.146453241051456,"[0.15, 0.15, np.float64(14.70854198078947), 1, 0.15]",0.45169640793877464,0.146453241051456,9804559.943118094,0
9806597.333058488,0.14645222770128677,"[0.15, 0.15, np.float64(14.777464213957096), 1, 0.15]",0.4516807507106608,0.14645222770128677,9806597.333058488,0
3367440.774437438,1.5206290383029266,"[0.15, 0.15, np.float64(18.24914687901915), np.float64(3.7667648174295714), 0.15]",0.46470308884535405,1.5206290383029266,3367440.774437438,0
8696627.93704421,0.18415937469224045,"[0.15, 0.15, np.float64(15.37512354903266), np.float64(1.1525145023988985), 0.15]",0.45205849269146636,0.18415937469224045,8696627.93704421,0
5822378.671909549,0.41150908017848914,"[0.15, 0.15, np.float64(15.927204863813188), np.float64(1.846815460679469), 0.15]",0.45485878477755226,0.41150908017848914,5822378.671909549,0
9821830.940421253,0.14644529305679266,"[0.15, 0.15, np.float64(15.276424039990172), 1, 0.15]",0.45157358332424996,0.14644529305679266,9821830.940421253,0
8741904.746839948,0.18249064280289098,"[0.15, 0.15, np.float64(15.567685561381056), np.float64(1.1461392324086317), 0.15]",0.4519864362951929,0.18249064280289098,8741904.746839948,0
3904970.6701754364,1.0566805665289694,"[0.15, 0.15, np.float64(16.768874796046916), np.float64(3.1020774687577406), 0.15]",0.4619592165838336,1.0566805665289694,3904970.6701754364,0
6344906.576761622,0.3436891123467195,"[0.15, 0.15, np.float64(15.757768150123184), np.float64(1.6665605909063235), 0.15]",0.4540578692571024,0.3436891123467195,6344906.576761622,0
9784776.39338371,0.14646452666828194,"[0.15, 0.15, np.float64(14.000461292047875), 1, 0.15]",0.45187073000933886,0.14646452666828194,9784776.39338371,0
7420535.006395302,0.25049266522655284,"[0.15, 0.15, np.float64(15.620630643426143), np.float64(1.386273473628991), 0.15]",0.4528737889157349,0.25049266522655284,7420535.006395302,0
9812451.130623749,0.14644943678040453,"[0.15, 0.15, np.float64(14.972374910787721), 1, 0.15]",0.4516376243695136,0.14644943678040453,9812451.130623749,0
9811357.52196532,0.14644994529189398,"[0.15, 0.15, np.float64(14.936291205318165), 1, 0.15]",0.45164548250874953,0.14644994529189398,9811357.52196532,0
9813966.827970795,0.1464487412654381,"[0.15, 0.15, np.float64(15.022151329595374), 1, 0.15]",0.4516268761129957,0.1464487412654381,9813966.827970795,0
4673032.756358485,0.6633914944066229,"[0.15, 0.15, np.float64(16.985931085692986), np.float64(2.410366466475705), 0.15]",0.4571958349705902,0.6633914944066229,4673032.756358485,0
2620542.346596061,3.9620515220287706,"[0.15, 0.15, np.float64(19.86964319481297), np.float64(6.19461168240078), 0.15]",0.4812315667344092,3.9620515220287706,2620542.346596061,0
5875929.285966081,0.4024236876023435,"[0.15, 0.15, np.float64(16.26097619592333), np.float64(1.8237008152612317), 0.15]",0.45455216411021554,0.4024236876023435,5875929.285966081,0
9785538.292171119,0.14646403247935375,"[0.15, 0.15, np.float64(14.02936983573555), 1, 0.15]",0.4518630985479029,0.14646403247935375,9785538.292171119,0
7196902.510019935,0.2661710378448073,"[0.15, 0.15, np.float64(15.57830722258953), np.float64(1.4367254519379937), 0.15]",0.45310013082424894,0.2661710378448073,7196902.510019935,0
7139148.4496486625,0.2704943193863446,"[0.15, 0.15, np.float64(15.554550580360273), np.float64(1.450368032779588), 0.15]",0.45316789348733044,0.2704943193863446,7139148.4496486625,0
7124775.358560777,0.27156940014941555,"[0.15, 0.15, np.float64(15.60156674276387), np.float64(1.4537523247691901), 0.15]",0.4531636074266919,0.27156940014941555,7124775.358560777,0
9810004.172206664,0.14645058256544255,"[0.15, 0.15, np.float64(14.891434180034125), 1, 0.15]",0.45165533016456494,0.14645058256544255,9810004.172206664,0
3807231.72383229,1.0935455888470829,"[0.15, 0.15, np.float64(17.607294333413783), np.float64(3.1606350474158025), 0.15]",0.4612953876337259,1.0935455888470829,3807231.72383229,0
9785758.953816079,0.14646389043228228,"[0.15, 0.15, np.float64(14.037712071757198), 1, 0.15]",0.45186090496727244,0.14646389043228228,9785758.953816079,0
4788516.405097204,0.6289286172909163,"[0.15, 0.15, np.float64(16.789847744634756), np.float64(2.340573575135169), 0.15]",0.4569526074793759,0.6289286172909163,4788516.405097204,0
9397247.14098753,0.15824400500188968,"[0.15, 0.15, np.float64(14.228006210298606), np.float64(1.0495840008982797), 0.15]",0.4519942407681509,0.15824400500188968,9397247.14098753,0
9790603.168963242,0.14646088645058658,"[0.15, 0.15, np.float64(14.217662755771672), 1, 0.15]",0.45181451208782286,0.14646088645058658,9790603.168963242,0
9835837.513919424,0.14643972390621654,"[0.15, 0.15, np.float64(15.71562590401659), 1, 0.15]",0.4514874922024451,0.14643972390621654,9835837.513919424,0
7331411.6026711725,0.2565606881286493,"[0.15, 0.15, np.float64(15.511542570465103), np.float64(1.4059708817918934), 0.15]",0.4529959668567162,0.2565606881286493,7331411.6026711725,0
9756719.02194703,0.14648928296137306,"[0.15, 0.15, np.float64(12.74612513629198), 1, 0.15]",0.45225279625412695,0.14648928296137306,9756719.02194703,0
6700376.4156221645,0.30735528485871777,"[0.15, 0.15, np.float64(15.668235604060778), np.float64(1.5625162216442192), 0.15]",0.4536156691858541,0.30735528485871777,6700376.4156221645,0
4778615.302730768,0.6368176038178519,"[0.15, 0.15, np.float64(16.406259314532395), np.float64(2.3564564691011984), 0.15]",0.45736617056135004,0.6368176038178519,4778615.302730768,0
5648467.771159422,0.43961121689961213,"[0.15, 0.15, np.float64(15.879325341558904), np.float64(1.9170104325632242), 0.15]",0.4552566705751721,0.43961121689961213,5648467.771159422,0
9797865.886786921,0.14645674255540583,"[0.15, 0.15, np.float64(14.477555812948173), 1, 0.15]",0.4517505036483693,0.14645674255540583,9797865.886786921,0
3903314.8335203915,1.0654998399673323,"[0.15, 0.15, np.float64(16.62108929023731), np.float64(3.115714982140746), 0.15]",0.4622629248082337,1.0654998399673323,3903314.8335203915,0
9791424.864328777,0.14646039723725085,"[0.15, 0.15, np.float64(14.247623611276428), 1, 0.15]",0.45180695614452204,0.14646039723725085,9791424.864328777,0
2856755.340670376,2.697459844077048,"[0.15, 0.15, np.float64(18.96835627405273), np.float64(5.082137602349954), 0.15]",0.47379916826689467,2.697459844077048,2856755.340670376,0
2582735.975862938,4.547357171029963,"[0.15, 0.15, np.float64(19.997352461493502), np.float64(6.645005842537112), 0.15]",0.484946548190715,4.547357171029963,2582735.975862938,0
9838603.486165214,0.14643869855066874,"[0.15, 0.15, np.float64(15.80066613752181), 1, 0.15]",0.4514716391429717,0.14643869855066874,9838603.486165214,0
2696387.9104384263,3.504250780536504,"[0.15, 0.15, np.float64(19.465856333291025), np.float64(5.815999876338943), 0.15]",0.47895651987521864,3.504250780536504,2696387.9104384263,0
5721015.028335038,0.42783617076789204,"[0.15, 0.15, np.float64(15.824265312155495), np.float64(1.8878576316890365), 0.15]",0.45513651839125857,0.42783617076789204,5721015.028335038,0
9771962.299679874,0.1464738823655035,"[0.15, 0.15, np.float64(13.484577787463303), 1, 0.15]",0.45201517037576017,0.1464738823655035,9771962.299679874,0
9761552.622310674,0.14648362555128508,"[0.15, 0.15, np.float64(13.00321818291224), 1, 0.15]",0.4521655245858254,0.14648362555128508,9761552.622310674,0
9796714.345794585,0.14645737387872834,"[0.15, 0.15, np.float64(14.437046780607163), 1, 0.15]",0.45176025616991294,0.14645737387872834,9796714.345794585,0
4509221.815254724,0.7358615514116107,"[0.15, 0.15, np.float64(16.254327667008532), np.float64(2.550557598160998), 0.15]",0.45873499201495865,0.7358615514116107,4509221.815254724,0
3188721.7839778797,1.781454555055804,"[0.15, 0.15, np.float64(18.584524787507483), np.float64(4.094533829741672), 0.15]",0.4666085974518686,1.781454555055804,3188721.7839778797,0
7726743.106282095,0.23136007695665306,"[0.15, 0.15, np.float64(15.522847384981123), np.float64(1.3224606891856348), 0.15]",0.4526512505776058,0.23136007695665306,7726743.106282095,0
5492894.746181441,0.46698304442965016,"[0.15, 0.15, np.float64(15.950430435246753), np.float64(1.983265750344657), 0.15]",0.45556790975737144,0.46698304442965016,5492894.746181441,0
7655107.91911605,0.2357817385741242,"[0.15, 0.15, np.float64(16.09740326679352), np.float64(1.3375085073724586), 0.15]",0.45252337664150427,0.2357817385741242,7655107.91911605,0
2777993.599197129,3.10612040768359,"[0.15, 0.15, np.float64(19.0921209938121), np.float64(5.465565958464772), 0.15]",0.47682241861244085,3.10612040768359,2777993.599197129,0
3175415.8371888855,1.8038551998070231,"[0.15, 0.15, np.float64(18.612122923971633), np.float64(4.121505832671979), 0.15]",0.46676640738773406,1.8038551998070231,3175415.8371888855,0
8644749.554596128,0.1856688502765602,"[0.15, 0.15, np.float64(14.32617563046594), np.float64(1.1581681404405277), 0.15]",0.45239038082412664,0.1856688502765602,8644749.554596128,0
4680011.670563723,0.661119106678776,"[0.15, 0.15, np.float64(16.98217168251996), np.float64(2.405827153772304), 0.15]",0.45717272039706885,0.661119106678776,4680011.670563723,0
9793227.250422154,0.14645934320987547,"[0.15, 0.15, np.float64(14.312819154698618), 1, 0.15]",0.4517906759958943,0.14645934320987547,9793227.250422154,0
5438692.276484111,0.4771162355645775,"[0.15, 0.15, np.float64(15.986211281911899), np.float64(2.0072968861059692), 0.15]",0.45567522713254305,0.4771162355645775,5438692.276484111,0
9817150.931477832,0.1464473137690762,"[0.15, 0.15, np.float64(15.125877298024681), 1, 0.15]",0.4516048149315769,0.1464473137690762,9817150.931477832,0
9820434.707733192,0.14644588668955466,"[0.15, 0.15, np.float64(15.231735018833575), 1, 0.15]",0.4515827586746907,0.14644588668955466,9820434.707733192,0
8086508.933740236,0.21146992851776272,"[0.15, 0.15, np.float64(14.599572776933641), np.float64(1.253116380979446), 0.15]",0.4526905850303877,0.21146992851776272,8086508.933740236,0
5444617.290606252,0.4733646950668692,"[0.15, 0.15, np.float64(16.439952675256567), np.float64(1.9986167604484566), 0.15]",0.455328841615785,0.4733646950668692,5444617.290606252,0
9794217.96799221,0.1464587745896593,"[0.15, 0.15, np.float64(14.34836121995036), 1, 0.15]",0.45178189293944016,0.1464587745896593,9794217.96799221,0
9817157.260859406,0.1464473109753446,"[0.15, 0.15, np.float64(15.126082394974725), 1, 0.15]",0.45160477175448394,0.1464473109753446,9817157.260859406,0
9803544.059502242,0.14645375502040925,"[0.15, 0.15, np.float64(14.673948652416774), 1, 0.15]",0.4517043489584004,0.14645375502040925,9803544.059502242,0
2640479.7892728196,3.8319200359545595,"[0.15, 0.15, np.float64(19.757412603572728), np.float64(6.08937837519337), 0.15]",0.4806026847322402,3.8319200359545595,2640479.7892728196,0
9812071.024170985,0.1464496128801612,"[0.15, 0.15, np.float64(14.959849596396005), 1, 0.15]",0.4516403456993423,0.1464496128801612,9812071.024170985,0
6271640.586797613,0.3513932135750786,"[0.15, 0.15, np.float64(16.122105364060147), np.float64(1.6879806194859064), 0.15]",0.4539783635572402,0.3513932135750786,6271640.586797613,0
7614006.462327802,0.23822788094236347,"[0.15, 0.15, np.float64(14.361261929414818), np.float64(1.3454823530636157), 0.15]",0.453197691856532,0.23822788094236347,7614006.462327802,0
6150519.130539726,0.366645608932077,"[0.15, 0.15, np.float64(15.810208263069946), np.float64(1.7294403814694022), 0.15]",0.45433507731679695,0.366645608932077,6150519.130539726,0
2649031.0780248446,3.778387088907309,"[0.15, 0.15, np.float64(19.710677764920824), np.float64(6.0455573315831), 0.15]",0.48034000270030747,3.778387088907309,2649031.0780248446,0
2969185.819560019,2.2229052813274133,"[0.15, 0.15, np.float64(19.099382493342492), np.float64(4.59771068621218), 0.15]",0.469568706367607,2.2229052813274133,2969185.819560019,0
9812739.127773318,0.14644930380626514,"[0.15, 0.15, np.float64(14.98185358612657), 1, 0.15]",0.4516355694593181,0.14644930380626514,9812739.127773318,0
3744997.0968198297,1.1418851586115808,"[0.15, 0.15, np.float64(17.668593846830962), np.float64(3.2346514928887586), 0.15]",0.4617253309485138,1.1418851586115808,3744997.0968198297,0
2584166.272075198,4.480481444546312,"[0.15, 0.15, 20, np.float64(6.59525550436698), 0.15]",0.4844810283988412,4.480481444546312,2584166.272075198,0
5345642.206004458,0.4962025673047188,"[0.15, 0.15, np.float64(15.93066580491815), np.float64(2.0518143281790304), 0.15]",0.45596292751208534,0.4962025673047188,5345642.206004458,0
9808409.090170007,0.14645134536211257,"[0.15, 0.15, np.float64(14.838265601948528), 1, 0.15]",0.45166711710586577,0.14645134536211257,9808409.090170007,0
6523889.762038689,0.3245747399953474,"[0.15, 0.15, np.float64(15.704011314715974), np.float64(1.6125588678753553), 0.15]",0.4538294603156972,0.3245747399953474,6523889.762038689,0
9806210.82636499,0.14645241819133364,"[0.15, 0.15, np.float64(14.764434777764105), 1, 0.15]",0.4516836940221023,0.14645241819133364,9806210.82636499,0
3223906.384607671,1.7462759910353818,"[0.15, 0.15, np.float64(18.34501230556851), np.float64(4.051396800919509), 0.15]",0.46668234215591536,1.7462759910353818,3223906.384607671,0
9767404.132884998,0.1464778337109376,"[0.15, 0.15, np.float64(13.2830592618781), 1, 0.15]",0.45207615487855046,0.1464778337109376,9767404.132884998,0
8594852.239149276,0.1877583969072021,"[0.15, 0.15, np.float64(14.333342825133512), np.float64(1.16609569735778), 0.15]",0.4524204363297622,0.1877583969072021,8594852.239149276,0
9807509.516871523,0.14645178130230502,"[0.15, 0.15, np.float64(14.808132343038242), 1, 0.15]",0.4516738531777835,0.14645178130230502,9807509.516871523,0
3831053.9267583755,1.0759441605963393,"[0.15, 0.15, np.float64(17.58463228864737), np.float64(3.1332716328101533), 0.15]",0.46113743195465967,1.0759441605963393,3831053.9267583755,0
9815034.91061936,0.14644825744081041,"[0.15, 0.15, np.float64(15.057069678056884), 1, 0.15]",0.45161939903601656,0.14644825744081041,9815034.91061936,0
9827354.685433146,0.14644301650297611,"[0.15, 0.15, np.float64(15.451498118441869), 1, 0.15]",0.4515383938485253,0.14644301650297611,9827354.685433146,0
4144866.216196502,0.8832044418347749,"[0.15, 0.15, np.float64(17.277589223428105), np.float64(2.8172494047636443), 0.15]",0.4594026903673609,0.8832044418347749,4144866.216196502,0
9786475.695831837,0.14646343232338968,"[0.15, 0.15, np.float64(14.06471709689177), 1, 0.15]",0.45185383045862687,0.14646343232338968,9786475.695831837,0
5106646.567379758,0.5431745395229964,"[0.15, 0.15, np.float64(16.77714676374691), np.float64(2.158268651673165), 0.15]",0.4559491479485772,0.5431745395229964,5106646.567379758,0
9276224.314649554,0.16296497657308479,"[0.15, 0.15, np.float64(15.292865366496656), np.float64(1.0690025931175833), 0.15]",0.45179243491899596,0.16296497657308479,9276224.314649554,0
7523458.441524332,0.2438128833727811,"[0.15, 0.15, np.float64(15.790923685266845), np.float64(1.3643126347840497), 0.15]",0.4527257252882125,0.2438128833727811,7523458.441524332,0
6744577.573323634,0.30606831931112605,"[0.15, 0.15, np.float64(14.014309343300846), np.float64(1.5583159152852348), 0.15]",0.4544764207551292,0.30606831931112605,6744577.573323634,0
9724940.326024694,0.14922358103509395,"[0.15, 0.15, np.float64(15.336627898992703), np.float64(1.0118755728737812), 0.15]",0.4515983593410786,0.14922358103509395,9724940.326024694,0
9799317.323143411,0.14645595950696938,"[0.15, 0.15, np.float64(14.528273597800913), 1, 0.15]",0.4517384069051505,0.14645595950696938,9799317.323143411,0
7695420.869641724,0.23338627059392458,"[0.15, 0.15, np.float64(16.090697244283515), np.float64(1.329411282422656), 0.15]",0.45249533823440136,0.23338627059392458,7695420.869641724,0
5359994.765772974,0.49326359509883166,"[0.15, 0.15, np.float64(15.926250910275687), np.float64(2.0450112436994856), 0.15]",0.45592773625181393,0.49326359509883166,5359994.765772974,0
5579516.753601758,0.44911243591445715,"[0.15, 0.15, np.float64(16.380400265333055), np.float64(1.9404154475789994), 0.15]",0.45506600534393943,0.44911243591445715,5579516.753601758,0
4751964.609345302,0.6450948711112008,"[0.15, 0.15, np.float64(16.42205700185539), np.float64(2.3732628035083505), 0.15]",0.4574541335171293,0.6450948711112008,4751964.609345302,0
7339604.591653879,0.2559861276286423,"[0.15, 0.15, np.float64(15.571810643380221), np.float64(1.4041237827344868), 0.15]",0.4529654578513641,0.2559861276286423,7339604.591653879,0
2711327.4390987684,3.2362793085529384,"[0.15, 0.15, np.float64(19.614606119100706), np.float64(5.584375058553983), 0.15]",0.4765588779115123,3.2362793085529384,2711327.4390987684,0
7604591.148201414,0.2386863599809801,"[0.15, 0.15, np.float64(15.473395838620078), np.float64(1.3471890850839467), 0.15]",0.45276736546711227,0.2386863599809801,7604591.148201414,0
9811404.42122685,0.14644992336730003,"[0.15, 0.15, np.float64(14.937841623522695), 1, 0.15]",0.4516451437071758,0.14644992336730003,9811404.42122685,0
9821493.378255852,0.14644543587876951,"[0.15, 0.15, np.float64(15.265636642541168), 1, 0.15]",0.4515757908438173,0.14644543587876951,9821493.378255852,0
4717018.562483106,0.6562193684475272,"[0.15, 0.15, np.float64(16.44312768216403), np.float64(2.395678799736973), 0.15]",0.45757192172097044,0.6562193684475272,4717018.562483106,0
7526349.886839216,0.24360260937232442,"[0.15, 0.15, np.float64(15.60809982954677), np.float64(1.363590623935089), 0.15]",0.4527861761684677,0.24360260937232442,7526349.886839216,0
4600688.153643207,0.6877270905593967,"[0.15, 0.15, np.float64(17.02578888630897), np.float64(2.45849299410224), 0.15]",0.4574423216432498,0.6877270905593967,4600688.153643207,0
2601680.47367305,4.0925001563324654,"[0.15, 0.15, np.float64(19.980268080489388), np.float64(6.298339395589531), 0.15]",0.4818487172975297,4.0925001563324654,2601680.47367305,0
7014005.300227468,0.2800991579168743,"[0.15, 0.15, np.float64(15.909662091848293), np.float64(1.480357160269148), 0.15]",0.45315477241383345,0.2800991579168743,7014005.300227468,0
9799638.411236856,0.14645578814132815,"[0.15, 0.15, np.float64(14.539443606328977), 1, 0.15]",0.45173575954186834,0.14645578814132815,9799638.411236856,0
9817996.888322651,0.1464469418710171,"[0.15, 0.15, np.float64(15.153252611430075), 1, 0.15]",0.4515990671996993,0.1464469418710171,9817996.888322651,0
4095820.917351887,0.9083298421852674,"[0.15, 0.15, np.float64(17.35859869675565), np.float64(2.860346089087625), 0.15]",0.459593718534218,0.9083298421852674,4095820.917351887,0
9821180.638704328,0.14644556859389224,"[0.15, 0.15, np.float64(15.255632934302326), 1, 0.15]",0.45157784213374796,0.14644556859389224,9821180.638704328,0
8750379.28628055,0.18201164186685645,"[0.15, 0.15, np.float64(15.369238498248839), np.float64(1.1442825620954502), 0.15]",0.45203102098000925,0.18201164186685645,8750379.28628055,0
9824253.151796447,0.1464442809683374,"[0.15, 0.15, np.float64(15.353523725544322), 1, 0.15]",0.4515579396021184,0.1464442809683374,9824253.151796447,0
6059332.821542775,0.37856532579366436,"[0.15, 0.15, np.float64(15.742118833024964), np.float64(1.7612748969965413), 0.15]",0.4545308195282728,0.37856532579366436,6059332.821542775,0
7461647.260175261,0.24779503788763968,"[0.15, 0.15, np.float64(15.80437349494826), np.float64(1.3774573015121996), 0.15]",0.45277312935034403,0.24779503788763968,7461647.260175261,0
7753169.314241604,0.22980671541942133,"[0.15, 0.15, np.float64(14.234876484381031), np.float64(1.3169791464583507), 0.15]",0.4531194804525821,0.22980671541942133,7753169.314241604,0
9809398.781006647,0.1464508705620208,"[0.15, 0.15, np.float64(14.871293600332812), 1, 0.15]",0.4516597804167598,0.1464508705620208,9809398.781006647,0
9831633.758648168,0.14644132656381117,"[0.15, 0.15, np.float64(15.585395882647589), 1, 0.15]",0.45151226937573574,0.14644132656381117,9831633.758648168,0
7867283.43841508,0.2234482782361919,"[0.15, 0.15, np.float64(15.720330659119872), np.float64(1.2953211899968602), 0.15]",0.45248210554250884,0.2234482782361919,7867283.43841508,0
7311111.024997538,0.2579695707009542,"[0.15, 0.15, np.float64(15.559573934784693), np.float64(1.4105215477472777), 0.15]",0.45299679216392946,0.2579695707009542,7311111.024997538,0
7031138.0116375,0.27887360690035673,"[0.15, 0.15, np.float64(15.579123750296029), np.float64(1.4765101447824636), 0.15]",0.4532711223051672,0.27887360690035673,7031138.0116375,0
9820984.630673287,0.14644565196749323,"[0.15, 0.15, np.float64(15.249358436156998), 1, 0.15]",0.45157913077767453,0.14644565196749323,9820984.630673287,0
9783453.33318468,0.14646539897289185,"[0.15, 0.15, np.float64(13.949863787542316), 1, 0.15]",0.45188420004248697,0.14646539897289185,9783453.33318468,0
2778355.694925396,3.1045310815427563,"[0.15, 0.15, np.float64(19.090581380594628), np.float64(5.464122336107409), 0.15]",0.4768135767631117,3.1045310815427563,2778355.694925396,0
5101073.609743205,0.5511170823443773,"[0.15, 0.15, np.float64(16.010840987639096), np.float64(2.1753594148425925), 0.15]",0.4566149985180921,0.5511170823443773,5101073.609743205,0
5699588.274799654,0.42918469405301096,"[0.15, 0.15, np.float64(16.33023619928444), np.float64(1.8913894802562705), 0.15]",0.45484796531591,0.42918469405301096,5699588.274799654,0
9769447.910658218,0.14647601062658236,"[0.15, 0.15, np.float64(13.37491673291365), 1, 0.15]",0.4520480190812654,0.14647601062658236,9769447.910658218,0
9809738.504498782,0.14645070872335042,"[0.15, 0.15, np.float64(14.882601535857244), 1, 0.15]",0.4516572796206902,0.14645070872335042,9809738.504498782,0
9826553.659802524,0.14644333978815618,"[0.15, 0.15, np.float64(15.426271921592948), 1, 0.15]",0.4515433912143888,0.14644333978815618,9826553.659802524,0
9808098.80639208,0.14645149525270354,"[0.15, 0.15, np.float64(14.82788420710666), 1, 0.15]",0.45166943320511016,0.14645149525270354,9808098.80639208,0
9284418.729152888,0.1619195431280293,"[0.15, 0.15, np.float64(14.241639963008875), np.float64(1.064664148099445), 0.15]",0.4520474935945673,0.1619195431280293,9284418.729152888,0
8388815.426952755,0.1972430457072801,"[0.15, 0.15, np.float64(15.320743588132112), np.float64(1.2016329858213166), 0.15]",0.4522514645416325,0.1972430457072801,8388815.426952755,0
9825578.465983767,0.14644373642824177,"[0.15, 0.15, np.float64(15.39548877721285), 1, 0.15]",0.45154952239916557,0.14644373642824177,9825578.465983767,0
9806056.647311302,0.14645249440434555,"[0.15, 0.15, np.float64(14.759231413852614), 1, 0.15]",0.45168487160168935,0.14645249440434555,9806056.647311302,0
4080832.9792125123,0.9175780286128093,"[0.15, 0.15, np.float64(17.337712292380658), np.float64(2.876008429818619), 0.15]",0.4597168514427629,0.9175780286128093,4080832.9792125123,0
5071434.640918245,0.5575036699866449,"[0.15, 0.15, np.float64(16.116373225676007), np.float64(2.189365892849748), 0.15]",0.4566130543501346,0.5575036699866449,5071434.640918245,0
5333070.388530419,0.4974610959228217,"[0.15, 0.15, np.float64(16.12271311426684), np.float64(2.054806476661847), 0.15]",0.4558420955979528,0.4974610959228217,5333070.388530419,0
6580826.154623076,0.31879295367518146,"[0.15, 0.15, np.float64(15.736446472354498), np.float64(1.595919316672029), 0.15]",0.453737072038304,0.31879295367518146,6580826.154623076,0
6975659.597021508,0.28308771651962733,"[0.15, 0.15, np.float64(16.223376957550204), np.float64(1.489616155429349), 0.15]",0.45307323901741076,0.28308771651962733,6975659.597021508,0
4788365.785874031,0.6289735666227972,"[0.15, 0.15, np.float64(16.789942058473613), np.float64(2.340665749226033), 0.15]",0.4569530619211533,0.6289735666227972,4788365.785874031,0
4148225.5428446284,0.8802831079128203,"[0.15, 0.15, np.float64(17.318761800738177), np.float64(2.8122448028372378), 0.15]",0.4593280817468356,0.8802831079128203,4148225.5428446284,0
5182255.558830613,0.527129391809899,"[0.15, 0.15, np.float64(16.566689435078615), np.float64(2.122478176299448), 0.15]",0.45590192076013786,0.527129391809899,5182255.558830613,0
9780623.074866433,0.1464673289973191,"[0.15, 0.15, np.float64(13.839819949736947), 1, 0.15]",0.4519140012720393,0.1464673289973191,9780623.074866433,0
4869356.629402189,0.6040366002170526,"[0.15, 0.15, np.float64(16.88548802733019), np.float64(2.289085925440233), 0.15]",0.45658646123734636,0.6040366002170526,4869356.629402189,0
4456442.58377833,0.7425011389510354,"[0.15, 0.15, np.float64(17.018132054087474), np.float64(2.5636786775938507), 0.15]",0.45807578284694805,0.7425011389510354,4456442.58377833,0
7756210.441128284,0.22962262406372638,"[0.15, 0.15, np.float64(15.428739795063997), np.float64(1.316524509579956), 0.15]",0.4526595448766358,0.22962262406372638,7756210.441128284,0
9823534.919423664,0.14644457876931294,"[0.15, 0.15, np.float64(15.33071732943055), 1, 0.15]",0.45156254275313573,0.14644457876931294,9823534.919423664,0
6262903.369077033,0.35196614391618025,"[0.15, 0.15, np.float64(16.38901849382145), np.float64(1.6896209687471897), 0.15]",0.4538595504073318,0.35196614391618025,6262903.369077033,0
9781919.587922404,0.14646643364955342,"[0.15, 0.15, np.float64(13.890547576270075), 1, 0.15]",0.4519001766781546,0.14646643364955342,9781919.587922404,0
8816659.412264926,0.17875281184563044,"[0.15, 0.15, np.float64(14.302156239422644), np.float64(1.1316005504077116), 0.15]",0.45229076433198984,0.17875281184563044,8816659.412264926,0
2824165.579022822,2.817477684474897,"[0.15, 0.15, np.float64(19.077248473563643), np.float64(5.197982325814447), 0.15]",0.4745355371486591,2.817477684474897,2824165.579022822,0
6909742.850228405,0.28879174417801196,"[0.15, 0.15, np.float64(15.63346202396796), np.float64(1.50694868910234), 0.15]",0.45338190657930133,0.28879174417801196,6909742.850228405,0
4917547.260631456,0.5988789846956026,"[0.15, 0.15, np.float64(16.11316295847194), np.float64(2.2778385849713465), 0.15]",0.45714310444673495,0.5988789846956026,4917547.260631456,0
4372159.3226271,0.775172129198734,"[0.15, 0.15, np.float64(17.16340393801784), np.float64(2.624657069528865), 0.15]",0.45831253798059485,0.775172129198734,4372159.3226271,0
9782645.563282918,0.14646594067625518,"[0.15, 0.15, np.float64(13.918715106358206), 1, 0.15]",0.45189256468399613,0.14646594067625518,9782645.563282918,0
9781104.387988027,0.1464669943292573,"[0.15, 0.15, np.float64(13.858716636600134), 1, 0.15]",0.45190883390782777,0.1464669943292573,9781104.387988027,0
6199724.7601794815,0.36069423951369606,"[0.15, 0.15, np.float64(15.757200166206932), np.float64(1.7133246496819627), 0.15]",0.45428438844857044,0.36069423951369606,6199724.7601794815,0
9832667.861097189,0.14644092719262863,"[0.15, 0.15, np.float64(15.61754723999239), 1, 0.15]",0.45150609525515256,0.14644092719262863,9832667.861097189,0
5705180.7878498165,0.42829183265679854,"[0.15, 0.15, np.float64(16.32796126824463), np.float64(1.8891661617814255), 0.15]",0.4548381517807544,0.42829183265679854,5705180.7878498165,0
5268258.278513725,0.511043106148452,"[0.15, 0.15, np.float64(16.151989192397885), np.float64(2.085951767054073), 0.15]",0.4559943529341448,0.511043106148452,5268258.278513725,0
5556285.09000311,0.455603354833499,"[0.15, 0.15, np.float64(15.902677866203096), np.float64(1.9559588086920394), 0.15]",0.4554512709163896,0.455603354833499,5556285.09000311,0
7512120.085309642,0.24451095684341215,"[0.15, 0.15, np.float64(15.609762022736021), np.float64(1.3665994690617465), 0.15]",0.45279773104190074,0.24451095684341215,7512120.085309642,0
4271426.259838093,0.8197282498779104,"[0.15, 0.15, np.float64(17.230490136881997), np.float64(2.705660681195795), 0.15]",0.45874696090221273,0.8197282498779104,4271426.259838093,0
9815336.141686346,0.14644812190884646,"[0.15, 0.15, np.float64(15.066894649287288), 1, 0.15]",0.45161730447945336,0.14644812190884646,9815336.141686346,0
9776386.043943733,0.1464704005249104,"[0.15, 0.15, np.float64(13.669895108229966), 1, 0.15]",0.45196142261685524,0.1464704005249104,9776386.043943733,0
3899235.981018601,1.0708640814840986,"[0.15, 0.15, np.float64(16.5806378556282), np.float64(3.12404561748681), 0.15]",0.4623820297776499,1.0708640814840986,3899235.981018601,0
9822628.548644885,0.14644495733452612,"[0.15, 0.15, np.float64(15.301870968265074), 1, 0.15]",0.4515683941926877,0.14644495733452612,9822628.548644885,0
3074569.281939321,2.153898887395728,"[0.15, 0.15, np.float64(18.083585912799677), np.float64(4.519910403800116), 0.15]",0.47096741376349704,2.153898887395728,3074569.281939321,0
3424093.8871684233,1.4510239262546554,"[0.15, 0.15, np.float64(18.15477561619098), np.float64(3.6745346054062), 0.15]",0.4641718714625165,1.4510239262546554,3424093.8871684233,0
6717894.530042578,0.30732512988627136,"[0.15, 0.15, np.float64(14.582213297135825), np.float64(1.5621752970460254), 0.15]",0.45416140027949503,0.30732512988627136,6717894.530042578,0
9058816.757465139,0.1704797676277787,"[0.15, 0.15, np.float64(15.388995697894023), np.float64(1.0992169100406843), 0.15]",0.45187086205078913,0.1704797676277787,9058816.757465139,0
6440023.605366317,0.3328030616057399,"[0.15, 0.15, np.float64(16.068996211891633), np.float64(1.6360763827713658), 0.15]",0.453766094607895,0.3328030616057399,6440023.605366317,0
9796642.032976763,0.14645741382837832,"[0.15, 0.15, np.float64(14.434494737825968), 1, 0.15]",0.4517608732919621,0.14645741382837832,9796642.032976763,0
9776445.465661123,0.14647035578636405,"[0.15, 0.15, np.float64(13.672325789697052), 1, 0.15]",0.4519607319479463,0.14647035578636405,9776445.465661123,0
9831237.821385281,0.14644148038420354,"[0.15, 0.15, np.float64(15.573065089697947), 1, 0.15]",0.45151464734640157,0.14644148038420354,9831237.821385281,0
9803135.885299606,0.1464539632053167,"[0.15, 0.15, np.float64(14.660005278866574), 1, 0.15]",0.45170756544010154,0.1464539632053167,9803135.885299606,0
2576761.554174439,5.045433451667766,"[0.15, 0.15, 20, np.float64(7.0040989417341395), 0.15]",0.48829744757177956,5.045433451667766,2576761.554174439,0
9824105.088355318,0.14644434220340163,"[0.15, 0.15, np.float64(15.348825925078133), 1, 0.15]",0.4515588861264097,0.14644434220340163,9824105.088355318,0
3891855.624083322,1.075541013144842,"[0.15, 0.15, np.float64(16.60271845235393), np.float64(3.13137115905032), 0.15]",0.46240574628075065,1.075541013144842,3891855.624083322,0
9810743.799293667,0.14645023317656813,"[0.15, 0.15, np.float64(14.915977531002286), 1, 0.15]",0.4516499311682595,0.14645023317656813,9810743.799293667,0
9774996.491517259,0.14647146134393593,"[0.15, 0.15, np.float64(13.612633858038505), 1, 0.15]",0.4519777989955277,0.14647146134393593,9774996.491517259,0
9806929.76765019,0.14645206450348366,"[0.15, 0.15, np.float64(14.788654146837734), 1, 0.15]",0.4516782290773485,0.14645206450348366,9806929.76765019,0
5993702.198677464,0.38702208237022323,"[0.15, 0.15, np.float64(15.867787732355172), np.float64(1.7836046779629575), 0.15]",0.45457221073515236,0.38702208237022323,5993702.198677464,0
3655497.267308324,1.2180076222798712,"[0.15, 0.15, np.float64(17.762504958232114), np.float64(3.3480449974835302), 0.15]",0.46239125512157275,1.2180076222798712,3655497.267308324,0
3166817.8346550413,1.8185836374969087,"[0.15, 0.15, np.float64(18.63017357313053), np.float64(4.1391469571964645), 0.15]",0.4668696920026677,1.8185836374969087,3166817.8346550413,0
9782749.488725802,0.1464658705841878,"[0.15, 0.15, np.float64(13.92273384372), 1, 0.15]",0.45189148237873455,0.1464658705841878,9782749.488725802,0
9462310.669679523,0.15610281922460267,"[0.15, 0.15, np.float64(14.099223206773944), np.float64(1.0407070549033293), 0.15]",0.45199660813263953,0.15610281922460267,9462310.669679523,0
9806258.685995413,0.14645239455986273,"[0.15, 0.15, np.float64(14.766049301601717), 1, 0.15]",0.451683328887541,0.14645239455986273,9806258.685995413,0
8317825.637989888,0.200907593165415,"[0.15, 0.15, np.float64(15.996073963406783), np.float64(1.2151578647516101), 0.15]",0.4521135598317601,0.200907593165415,8317825.637989888,0
8372407.34048721,0.19817110187849218,"[0.15, 0.15, np.float64(15.627998228264929), np.float64(1.205083553886275), 0.15]",0.4521770469470767,0.19817110187849218,8372407.34048721,0
5157072.820923672,0.5358050694432299,"[0.15, 0.15, np.float64(16.20436596888726), np.float64(2.1416726838472444), 0.15]",0.4562698160041528,0.5358050694432299,5157072.820923672,0
4418797.311793598,0.7558834258402807,"[0.15, 0.15, np.float64(17.13375530853788), np.float64(2.5888576635479943), 0.15]",0.45812262248669117,0.7558834258402807,4418797.311793598,0
6165952.447762531,0.3639443453146623,"[0.15, 0.15, np.float64(16.157160671522597), np.float64(1.7222406086278688), 0.15]",0.45412069307079794,0.3639443453146623,6165952.447762531,0
5275210.109831816,0.5103657437041617,"[0.15, 0.15, np.float64(16.041302654871767), np.float64(2.084358055176496), 0.15]",0.45606599488451927,0.5103657437041617,5275210.109831816,0
9824534.968121445,0.14644416463988633,"[0.15, 0.15, np.float64(15.362459963981486), 1, 0.15]",0.45155614147913253,0.14644416463988633,9824534.968121445,0
4433795.490527479,0.7498485643769786,"[0.15, 0.15, np.float64(17.124400418224557), np.float64(2.5775620481314556), 0.15]",0.45806297016891245,0.7498485643769786,4433795.490527479,0
9772287.10090748,0.14647361587760072,"[0.15, 0.15, np.float64(13.49849802840158), 1, 0.15]",0.4520110570258613,0.14647361587760072,9772287.10090748,0
9794523.134477114,0.14645860092866367,"[0.15, 0.15, np.float64(14.359268515109875), 1, 0.15]",0.45177921047854885,0.14645860092866367,9794523.134477114,0
5286527.401612765,0.5071537146380615,"[0.15, 0.15, np.float64(16.143646323998773), np.float64(2.0770762251241965), 0.15]",0.4559508369817694,0.5071537146380615,5286527.401612765,0
6053700.449684855,0.3830720132813636,"[0.15, 0.15, np.float64(14.72897705890938), np.float64(1.7728473687169761), 0.15]",0.4552262138499545,0.3830720132813636,6053700.449684855,0
7868494.591621597,0.22332307219357098,"[0.15, 0.15, np.float64(15.570135955072324), np.float64(1.294869719866796), 0.15]",0.45252789093817697,0.22332307219357098,7868494.591621597,0
4107728.0760986474,0.9018279002880288,"[0.15, 0.15, np.float64(17.34941980334232), np.float64(2.84926298212712), 0.15]",0.45953233172076446,0.9018279002880288,4107728.0760986474,0
9769199.803614065,0.1464762272562053,"[0.15, 0.15, np.float64(13.363902731831452), 1, 0.15]",0.4520513624703989,0.1464762272562053,9769199.803614065,0
6369929.961066634,0.3409312740286417,"[0.15, 0.15, np.float64(15.73711336985895), np.float64(1.6588616360022785), 0.15]",0.4540315401724394,0.3409312740286417,6369929.961066634,0
9798843.267419368,0.14645621373352513,"[0.15, 0.15, np.float64(14.511749486084902), 1, 0.15]",0.45174233431535843,0.14645621373352513,9798843.267419368,0
9532955.093502644,0.1538030856926528,"[0.15, 0.15, np.float64(13.925022436094531), np.float64(1.0311008831374877), 0.15]",0.4520091386002023,0.1538030856926528,9532955.093502644,0
4175126.027371022,0.8664402944088809,"[0.15, 0.15, np.float64(17.29886202655164), np.float64(2.788216707524672), 0.15]",0.45919616168261723,0.8664402944088809,4175126.027371022,0
2812992.0134135475,2.860860282990042,"[0.15, 0.15, np.float64(19.116022958881786), np.float64(5.23923247549765), 0.15]",0.4747976797238356,2.860860282990042,2812992.0134135475,0
3463060.805376521,1.4142364805467627,"[0.15, 0.15, np.float64(17.991617582408878), np.float64(3.6246883362182998), 0.15]",0.46404907898740017,1.4142364805467627,3463060.805376521,0
2587216.523772929,4.381158193610555,"[0.15, 0.15, 20, np.float64(6.520610118605737), 0.15]",0.48379846645892555,4.381158193610555,2587216.523772929,0
9774452.76442829,0.1464718843114355,"[0.15, 0.15, np.float64(13.590000871436533), 1, 0.15]",0.4519843283190016,0.1464718843114355,9774452.76442829,0
9779037.43848895,0.14646845133523112,"[0.15, 0.15, np.float64(13.777003390889243), 1, 0.15]",0.45193132986533263,0.14646845133523112,9779037.43848895,0
3074647.02024286,2.083130350165355,"[0.15, 0.15, np.float64(18.36741638283381), np.float64(4.442829040031286), 0.15]",0.46974276376508073,2.083130350165355,3074647.02024286,0
9803522.918316782,0.1464537657794455,"[0.15, 0.15, np.float64(14.673227088355876), 1, 0.15]",0.4517045151875856,0.1464537657794455,9803522.918316782,0
9807732.259435993,0.14645167296648454,"[0.15, 0.15, np.float64(14.815603762675478), 1, 0.15]",0.45167217920475217,0.14645167296648454,9807732.259435993,0
5723510.813177632,0.4253865320288435,"[0.15, 0.15, np.float64(16.32054214722413), np.float64(1.8819153622875846), 0.15]",0.4548061928735352,0.4253865320288435,5723510.813177632,0
9812212.942190027,0.146449547051114,"[0.15, 0.15, np.float64(14.964528115957641), 1, 0.15]",0.4516393284232403,0.146449547051114,9812212.942190027,0
9817420.047351532,0.14644719513367638,"[0.15, 0.15, np.float64(15.134594009780676), 1, 0.15]",0.4516029814175542,0.14644719513367638,9817420.047351532,0
4658880.780360604,0.6680392102440513,"[0.15, 0.15, np.float64(16.993599901258385), np.float64(2.4196262213660207), 0.15]",0.4572430586591565,0.6680392102440513,4658880.780360604,0
6590558.297382486,0.31750333431226474,"[0.15, 0.15, np.float64(16.024148911765884), np.float64(1.5922465570880406), 0.15]",0.45359008438738413,0.31750333431226474,6590558.297382486,0
9802130.716066852,0.14645448006262032,"[0.15, 0.15, np.float64(14.625558118924506), 1, 0.15]",0.45171555080803644,0.14645448006262032,9802130.716066852,0
6565515.614940348,0.3203807638090347,"[0.15, 0.15, np.float64(15.689550568183526), np.float64(1.6004956502943446), 0.15]",0.45378024239007964,0.3203807638090347,6565515.614940348,0
9780636.255712662,0.14646731979587574,"[0.15, 0.15, np.float64(13.840338475406382), 1, 0.15]",0.4519138592004037,0.14646731979587574,9780636.255712662,0
9794410.11830196,0.14645866516195002,"[0.15, 0.15, np.float64(14.355231277211379), 1, 0.15]",0.45178020266294977,0.14645866516195002,9794410.11830196,0
9789293.23745821,0.1464616780716572,"[0.15, 0.15, np.float64(14.169576258892167), 1, 0.15]",0.45182673836996684,0.1464616780716572,9789293.23745821,0
9767873.983629486,0.1464774066160036,"[0.15, 0.15, np.float64(13.304410471978612), 1, 0.15]",0.4520695637096474,0.1464774066160036,9767873.983629486,0
5536418.09198201,0.4556807565756785,"[0.15, 0.15, np.float64(16.609968252797113), np.float64(1.9564080095543033), 0.15]",0.4550098439104772,0.4556807565756785,5536418.09198201,0
6226350.308194813,0.35668389237623754,"[0.15, 0.15, np.float64(16.136958309105076), np.float64(1.702496587902689), 0.15]",0.4540384560596263,0.35668389237623754,6226350.308194813,0
9813088.993861362,0.14644914278659024,"[0.15, 0.15, np.float64(14.99335536533317), 1, 0.15]",0.4516330811310157,0.14644914278659024,9813088.993861362,0
4375072.247122526,0.7739436481132217,"[0.15, 0.15, np.float64(17.161526890567945), np.float64(2.6223906179294905), 0.15]",0.4583004761189195,0.7739436481132217,4375072.247122526,0
7849664.444315621,0.22418721490306898,"[0.15, 0.15, np.float64(14.647162782579832), np.float64(1.2977392741570095), 0.15]",0.45286445435985473,0.22418721490306898,7849664.444315621,0
3236674.186684092,1.7044813184760301,"[0.15, 0.15, np.float64(18.488317365063487), np.float64(4.00050911602783), 0.15]",0.4660595349953413,1.7044813184760301,3236674.186684092,0
6435837.476474925,0.3362098614355919,"[0.15, 0.15, np.float64(14.629454010467656), np.float64(1.6453184621164345), 0.15]",0.4545771497184903,0.3362098614355919,6435837.476474925,0
8363031.078020896,0.1984886835566308,"[0.15, 0.15, np.float64(15.453161469375969), np.float64(1.2062354290382058), 0.15]",0.45223026209502065,0.1984886835566308,8363031.078020896,0
3923138.3594373055,1.0121691954901422,"[0.15, 0.15, np.float64(17.500898877731526), np.float64(3.03216725044518), 0.15]",0.46055865545630437,1.0121691954901422,3923138.3594373055,0
2856349.638497287,2.792321456209868,"[0.15, 0.15, np.float64(18.779895307778062), np.float64(5.17280672790764), 0.15]",0.475021952088156,2.792321456209868,2856349.638497287,0
3907385.93070184,1.0226282601907548,"[0.15, 0.15, np.float64(17.514684808488802), np.float64(3.048965876755442), 0.15]",0.46065442506702975,1.0226282601907548,3907385.93070184,0
9640362.078484101,0.15162557831185094,"[0.15, 0.15, np.float64(15.281851069448086), np.float64(1.0220460473083008), 0.15]",0.4516420080099791,0.15162557831185094,9640362.078484101,0
6505104.501655017,0.32644116180490307,"[0.15, 0.15, np.float64(15.748595273349666), np.float64(1.6179106597393915), 0.15]",0.45383305843800453,0.32644116180490307,6505104.501655017,0
3090748.9609887023,1.995470785716996,"[0.15, 0.15, np.float64(18.58810958497613), np.float64(4.3449259910036755), 0.15]",0.46853506207206513,1.995470785716996,3090748.9609887023,0
5195042.3462181445,0.5242820490627187,"[0.15, 0.15, np.float64(16.560146649643936), np.float64(2.116083830502014), 0.15]",0.45587189557478813,0.5242820490627187,5195042.3462181445,0
7810394.310519424,0.2265196820466799,"[0.15, 0.15, np.float64(15.418740386564918), np.float64(1.3058866611611788), 0.15]",0.4526206343920908,0.2265196820466799,7810394.310519424,0
6663991.457625335,0.3107836395212315,"[0.15, 0.15, np.float64(15.672819124366658), np.float64(1.572590206369695), 0.15]",0.4536595180742259,0.3107836395212315,6663991.457625335,0
3893898.6540705883,1.0749184983163218,"[0.15, 0.15, np.float64(16.58413445776794), np.float64(3.130375046807095), 0.15]",0.4624245800614977,1.0749184983163218,3893898.6540705883,0
9755379.176037282,0.14649104670012603,"[0.15, 0.15, np.float64(12.66901181920789), 1, 0.15]",0.452279999043183,0.14649104670012603,9755379.176037282,0
7415250.725431955,0.2508459219013558,"[0.15, 0.15, np.float64(15.543055904545197), np.float64(1.3874163199664218), 0.15]",0.45290686313733697,0.2508459219013558,7415250.725431955,0
9780984.536429785,0.1464670774097218,"[0.15, 0.15, np.float64(13.854018422801367), 1, 0.15]",0.4519101167000951,0.1464670774097218,9780984.536429785,0
4336764.493941957,0.810137819986949,"[0.15, 0.15, np.float64(16.33955848021088), np.float64(2.687651996966089), 0.15]",0.45956116412265036,0.810137819986949,4336764.493941957,0
5532113.7029125905,0.4564399058849911,"[0.15, 0.15, np.float64(16.611485644274207), np.float64(1.958240192507552), 0.15]",0.45501811450035196,0.4564399058849911,5532113.7029125905,0
3302343.1008345536,1.607765000675097,"[0.15, 0.15, np.float64(18.36423661655046), np.float64(3.8792434531510676), 0.15]",0.4653541494867004,1.607765000675097,3302343.1008345536,0
9776687.903234597,0.14647017377361454,"[0.15, 0.15, np.float64(13.682227959450344), 1, 0.15]",0.4519579220393075,0.14647017377361454,9776687.903234597,0
9823405.18028264,0.14644463276801542,"[0.15, 0.15, np.float64(15.32659276398579), 1, 0.15]",0.45156337741148983,0.14644463276801542,9823405.18028264,0
8203779.801495031,0.20628661865862397,"[0.15, 0.15, np.float64(16.012254798250076), np.float64(1.2346955056417541), 0.15]",0.4521769831543107,0.20628661865862397,8203779.801495031,0
3072017.787092182,2.159883923191069,"[0.15, 0.15, np.float64(18.09057122476531), np.float64(4.5264601998218215), 0.15]",0.47100824421528426,2.159883923191069,3072017.787092182,0
3567647.966228707,1.2965359376435432,"[0.15, 0.15, np.float64(17.936714959802845), np.float64(3.4614212065820955), 0.15]",0.46295507818608417,1.2965359376435432,3567647.966228707,0
6942463.193807544,0.2860749235355236,"[0.15, 0.15, np.float64(15.599944922200079), np.float64(1.4986607020516232), 0.15]",0.4533595637294324,0.2860749235355236,6942463.193807544,0
9820226.716405345,0.14644597577834428,"[0.15, 0.15, np.float64(15.225061915800962), 1, 0.15]",0.45158413563273275,0.14644597577834428,9820226.716405345,0
4116537.766598941,0.8981461068114861,"[0.15, 0.15, np.float64(17.30386718627714), np.float64(2.842931185556615), 0.15]",0.45953971323698956,0.8981461068114861,4116537.766598941,0
7712516.8943211865,0.23217567914219664,"[0.15, 0.15, np.float64(15.43691586877808), np.float64(1.3252226073563564), 0.15]",0.45269152731741363,0.23217567914219664,7712516.8943211865,0
3981221.1750173587,1.0109765094574925,"[0.15, 0.15, np.float64(16.54611504884075), np.float64(3.0291118740018357), 0.15]",0.4617250115964156,1.0109765094574925,3981221.1750173587,0
9825442.310661003,0.14644379207734906,"[0.15, 0.15, np.float64(15.391184487286207), 1, 0.15]",0.4515503826027782,0.14644379207734906,9825442.310661003,0
4351554.747874112,0.7839547262926425,"[0.15, 0.15, np.float64(17.176779462678795), np.float64(2.6408074227136007), 0.15]",0.45839863740511716,0.7839547262926425,4351554.747874112,0
9803182.947731862,0.14645393915204857,"[0.15, 0.15, np.float64(14.661614253032567), 1, 0.15]",0.4517071938158791,0.14645393915204857,9803182.947731862,0
5383006.827581303,0.48739473843943215,"[0.15, 0.15, np.float64(16.100752679880888), np.float64(2.031443917543495), 0.15]",0.45572871001618975,0.48739473843943215,5383006.827581303,0
8558312.621912353,0.18924751534911374,"[0.15, 0.15, np.float64(14.16620744524064), np.float64(1.1716983052387993), 0.15]",0.45250076714861137,0.18924751534911374,8558312.621912353,0
8762262.860979563,0.18157607551821434,"[0.15, 0.15, np.float64(15.415013789744837), np.float64(1.1426110373566647), 0.15]",0.452013258599361,0.18157607551821434,8762262.860979563,0
6828614.959795231,0.2953859428178443,"[0.15, 0.15, np.float64(16.254339348331882), np.float64(1.5270018699522019), 0.15]",0.4532149167769328,0.2953859428178443,6828614.959795231,0
9799940.702435939,0.14645562741237167,"[0.15, 0.15, np.float64(14.549943560566561), 1, 0.15]",0.4517332764809172,0.14645562741237167,9799940.702435939,0
9801179.314405438,0.14645497486368586,"[0.15, 0.15, np.float64(14.592805724730336), 1, 0.15]",0.45172319522452226,0.14645497486368586,9801179.314405438,0
8594221.98739492,0.18844449763535737,"[0.15, 0.15, np.float64(15.500492983529924), np.float64(1.1688044003321), 0.15]",0.45208273751314815,0.18844449763535737,8594221.98739492,0
3450855.134280989,1.4284835711584665,"[0.15, 0.15, np.float64(18.007601002680968), np.float64(3.6439876077637234), 0.15]",0.46416632841657207,1.4284835711584665,3450855.134280989,0
3049124.843837237,2.214875758361444,"[0.15, 0.15, np.float64(18.154296564655382), np.float64(4.586212431325207), 0.15]",0.4713806610785181,2.214875758361444,3049124.843837237,0
3754548.987041375,1.1327206710275204,"[0.15, 0.15, np.float64(17.690493638483545), np.float64(3.2207860387418323), 0.15]",0.4616028256208099,1.1327206710275204,3754548.987041375,0
6577843.123741604,0.3191457070934299,"[0.15, 0.15, np.float64(15.692837942411092), np.float64(1.5969296851918586), 0.15]",0.4537621705297087,0.3191457070934299,6577843.123741604,0
4635452.757352614,0.6834468362587502,"[0.15, 0.15, np.float64(16.493946336086534), np.float64(2.449742111314224), 0.15]",0.45785814643391703,0.6834468362587502,4635452.757352614,0
9815965.081549548,0.1464478402196322,"[0.15, 0.15, np.float64(15.087376077608456), 1, 0.15]",0.45161295111581173,0.1464478402196322,9815965.081549548,0
9792057.422536692,0.1464600243825969,"[0.15, 0.15, np.float64(14.270584922321511), 1, 0.15]",0.4518011972523313,0.1464600243825969,9792057.422536692,0
2855728.7746254555,2.7945901094894436,"[0.15, 0.15, np.float64(18.782215271237142), np.float64(5.17498204770861), 0.15]",0.47503538104241616,2.7945901094894436,2855728.7746254555,0
4758652.253062752,0.6379447414051617,"[0.15, 0.15, np.float64(16.808697689827756), np.float64(2.3589958616414464), 0.15]",0.45704359920064674,0.6379447414051617,4758652.253062752,0
5949438.401769075,0.39322556430822586,"[0.15, 0.15, np.float64(15.849074724395042), np.float64(1.7997951173116005), 0.15]",0.45466451062924695,0.39322556430822586,5949438.401769075,0
5462635.733463625,0.46898639446074564,"[0.15, 0.15, np.float64(16.63638085166694), np.float64(1.9883000520040168), 0.15]",0.4551544931867889,0.46898639446074564,5462635.733463625,0
3282813.655719647,1.6355473395619045,"[0.15, 0.15, np.float64(18.40026007694857), np.float64(3.914449630230448), 0.15]",0.465558592203638,1.6355473395619045,3282813.655719647,0
7707749.077688119,0.23244980463596832,"[0.15, 0.15, np.float64(14.4779230981712), np.float64(1.3260143819728145), 0.15]",0.45305806206127264,0.23244980463596832,7707749.077688119,0
9789086.153789097,0.14646180456963942,"[0.15, 0.15, np.float64(14.161936983268692), 1, 0.15]",0.45182869203952625,0.14646180456963942,9789086.153789097,0
9728374.580587352,0.1489601812519176,"[0.15, 0.15, np.float64(15.141310334628477), np.float64(1.0107433194740039), 0.15]",0.4516358905282721,0.1489601812519176,9728374.580587352,0
5822659.824291603,0.40948347563477944,"[0.15, 0.15, np.float64(16.5150882745149), np.float64(1.8418446411437357), 0.15]",0.45450248871167587,0.40948347563477944,5822659.824291603,0
5925434.829346077,0.3953976542354748,"[0.15, 0.15, np.float64(16.242408345509645), np.float64(1.8055542235006612), 0.15]",0.4544739256154554,0.3953976542354748,5925434.829346077,0
6672428.305225943,0.30998085430620237,"[0.15, 0.15, np.float64(15.673755062801103), np.float64(1.5702367760670644), 0.15]",0.4536483361476964,0.30998085430620237,6672428.305225943,0
6393773.398994731,0.33828993213383624,"[0.15, 0.15, np.float64(15.743578309247697), np.float64(1.651464760354555), 0.15]",0.4539931314955051,0.33828993213383624,6393773.398994731,0
4998182.506638356,0.5696808863476347,"[0.15, 0.15, np.float64(16.825050343763607), np.float64(2.216110101312987), 0.15]",0.45622829158975564,0.5696808863476347,4998182.506638356,0
2579256.00971449,4.708731228814573,"[0.15, 0.15, 20, np.float64(6.763546087840119), 0.15]",0.4860362405391859,4.708731228814573,2579256.00971449,0
5673643.022163022,0.4333669411179206,"[0.15, 0.15, np.float64(16.340860415325324), np.float64(1.9017726590828263), 0.15]",0.45489388209383574,0.4333669411179206,5673643.022163022,0
4465373.772477968,0.7373996292807375,"[0.15, 0.15, np.float64(17.104981279189047), np.float64(2.5541142984605614), 0.15]",0.4579395625911237,0.7373996292807375,4465373.772477968,0
2637141.060899133,3.853184181927851,"[0.15, 0.15, np.float64(19.775883590219838), np.float64(6.106697744099645), 0.15]",0.48070637518266696,3.853184181927851,2637141.060899133,0
3118032.9962158212,1.9061350618373094,"[0.15, 0.15, np.float64(18.735967674527146), np.float64(4.242540851801843), 0.15]",0.4674760439430061,1.9061350618373094,3118032.9962158212,0
9785456.994519396,0.14646408493462065,"[0.15, 0.15, np.float64(14.02629293482505), 1, 0.15]",0.4518639085915063,0.14646408493462065,9785456.994519396,0
9798950.131437212,0.14645615629653477,"[0.15, 0.15, np.float64(14.515477858976853), 1, 0.15]",0.4517414470061815,0.14645615629653477,9798950.131437212,0
2783725.210117516,2.90238072244946,"[0.15, 0.15, np.float64(19.361914460058742), np.float64(5.2792610803130255), 0.15]",0.474566823867895,2.90238072244946,2783725.210117516,0
8764510.570863426,0.18076322464432318,"[0.15, 0.15, np.float64(14.22157305012433), np.float64(1.1393673698624478), 0.15]",0.452348048580406,0.18076322464432318,8764510.570863426,0
4381848.073770044,0.7726713390398252,"[0.15, 0.15, np.float64(17.075737660792374), np.float64(2.6199773554000556), 0.15]",0.45836607432253423,0.7726713390398252,4381848.073770044,0
9785326.364983236,0.14646416935756962,"[0.15, 0.15, np.float64(14.021345099341424), 1, 0.15]",0.45186521229368387,0.14646416935756962,9785326.364983236,0
7201765.94660853,0.26582315995039435,"[0.15, 0.15, np.float64(15.540684186816595), np.float64(1.435616300950017), 0.15]",0.45311019834524796,0.26582315995039435,7201765.94660853,0
8244872.443089933,0.20399242531547543,"[0.15, 0.15, np.float64(15.465216679980756), np.float64(1.2263416438522883), 0.15]",0.45230084073023136,0.20399242531547543,8244872.443089933,0
5618483.743755905,0.4415939769957173,"[0.15, 0.15, np.float64(16.581575540542314), np.float64(1.9221250679567945), 0.15]",0.4548559853120635,0.4415939769957173,5618483.743755905,0
2769301.0206815163,3.1447029829567383,"[0.15, 0.15, np.float64(19.129373814874878), np.float64(5.50049616349996), 0.15]",0.4770362393695893,3.1447029829567383,2769301.0206815163,0
9809437.227108387,0.1464508522178682,"[0.15, 0.15, np.float64(14.87257405098843), 1, 0.15]",0.4516594969565327,0.1464508522178682,9809437.227108387,0
8028506.697388465,0.21472654972990496,"[0.15, 0.15, np.float64(15.455378636772817), np.float64(1.2647743818108612), 0.15]",0.45244865083827573,0.21472654972990496,8028506.697388465,0
2582133.223153582,4.560049891670481,"[0.15, 0.15, 20, np.float64(6.654425925277862), 0.15]",0.48502527431493114,4.560049891670481,2582133.223153582,0
6854351.5698483875,0.29352043064790095,"[0.15, 0.15, np.float64(15.642049463848561), np.float64(1.5212712021303438), 0.15]",0.45344170956874313,0.29352043064790095,6854351.5698483875,0
9815498.569298323,0.14644804899461525,"[0.15, 0.15, np.float64(15.072188247571152), 1, 0.15]",0.4516161776327366,0.14644804899461525,9815498.569298323,0
5568332.427197483,0.4510453315217296,"[0.15, 0.15, np.float64(16.385205406576645), np.float64(1.945111572039104), 0.15]",0.4550870541782328,0.4510453315217296,5568332.427197483,0
4627493.750167001,0.6862028704602132,"[0.15, 0.15, np.float64(16.499032606060513), np.float64(2.4551531282763914), 0.15]",0.45788695733284684,0.6862028704602132,4627493.750167001,0
9828485.486691674,0.14644256391786376,"[0.15, 0.15, np.float64(15.487021073019319), 1, 0.15]",0.4515313976238285,0.14644256391786376,9828485.486691674,0
4649252.596548941,0.6728481127094984,"[0.15, 0.15, np.float64(16.880425793423612), np.float64(2.4290966317744647), 0.15]",0.4573928157594945,0.6728481127094984,4649252.596548941,0
4918819.629566059,0.5977360479335383,"[0.15, 0.15, np.float64(16.177933512918433), np.float64(2.2754757036666677), 0.15]",0.4570736660550199,0.5977360479335383,4918819.629566059,0
6691675.274316229,0.3081770545256456,"[0.15, 0.15, np.float64(15.662241349997363), np.float64(1.564934617753721), 0.15]",0.4536294039383615,0.3081770545256456,6691675.274316229,0
9803450.32391982,0.1464538027434603,"[0.15, 0.15, np.float64(14.670748869509506), 1, 0.15]",0.45170508628808675,0.1464538027434603,9803450.32391982,0
3732175.4277860573,1.1504774148622534,"[0.15, 0.15, np.float64(17.718022117271165), np.float64(3.2476899643562014), 0.15]",0.46175270503599286,1.1504774148622534,3732175.4277860573,0
8707056.054374091,0.18366965617243797,"[0.15, 0.15, np.float64(15.272804422702063), np.float64(1.1506330116513928), 0.15]",0.4520791491314918,0.18366965617243797,8707056.054374091,0
9834810.408768062,0.14644011044413247,"[0.15, 0.15, np.float64(15.683919725663781), 1, 0.15]",0.45149346827523296,0.14644011044413247,9834810.408768062,0
6501169.398825406,0.3264463262359541,"[0.15, 0.15, np.float64(16.050492607238418), np.float64(1.617992579193681), 0.15]",0.4536931100746998,0.3264463262359541,6501169.398825406,0
4739332.942355358,0.6490799680947039,"[0.15, 0.15, np.float64(16.429626129660512), np.float64(2.3813152032338594), 0.15]",0.4574963852526728,0.6490799680947039,4739332.942355358,0
7205040.699405315,0.26556916271276204,"[0.15, 0.15, np.float64(15.590214565556371), np.float64(1.4348186602299018), 0.15]",0.4530873787915527,0.26556916271276204,7205040.699405315,0
5626113.875088021,0.4403205868065974,"[0.15, 0.15, np.float64(16.578986476838868), np.float64(1.9189988882899538), 0.15]",0.4548420405839516,0.4403205868065974,5626113.875088021,0
9797256.326942984,0.14645707561085483,"[0.15, 0.15, np.float64(14.45614311788494), 1, 0.15]",0.45175564864077833,0.14645707561085483,9797256.326942984,0
9814609.569190346,0.14644844950020838,"[0.15, 0.15, np.float64(15.043179549635404), 1, 0.15]",0.4516223671631333,0.14644844950020838,9814609.569190346,0
7748291.061152588,0.23001655089468295,"[0.15, 0.15, np.float64(14.66851839813469), np.float64(1.3177634228980357), 0.15]",0.4529437956091214,0.23001655089468295,7748291.061152588,0
9792065.147106396,0.14646001984929974,"[0.15, 0.15, np.float64(14.270864771987714), 1, 0.15]",0.45180112723307486,0.14646001984929974,9792065.147106396,0
9789352.908819228,0.14646164169060788,"[0.15, 0.15, np.float64(14.171775600009097), 1, 0.15]",0.45182617648886153,0.14646164169060788,9789352.908819228,0
9768190.489411574,0.14647712166356847,"[0.15, 0.15, np.float64(13.31871260693254), 1, 0.15]",0.45206516608904745,0.14647712166356847,9768190.489411574,0
6632723.903888318,0.3156442753008184,"[0.15, 0.15, np.float64(14.576850847661053), np.float64(1.5865086434301894), 0.15]",0.45429247762003416,0.3156442753008184,6632723.903888318,0
5224849.961349922,0.5165215761153474,"[0.15, 0.15, np.float64(16.72776761694602), np.float64(2.0986455205429784), 0.15]",0.4556659493825395,0.5165215761153474,5224849.961349922,0
4015701.680308946,0.9548540404219287,"[0.15, 0.15, np.float64(17.401633047631954), np.float64(2.938478981052583), 0.15]",0.46005335471036574,0.9548540404219287,4015701.680308946,0
9809029.436701924,0.14645104717075416,"[0.15, 0.15, np.float64(14.85898280519851), 1, 0.15]",0.4516625094235384,0.14645104717075416,9809029.436701924,0
9799920.706269255,0.14645563802636447,"[0.15, 0.15, np.float64(14.549249483096732), 1, 0.15]",0.4517334404543958,0.14645563802636447,9799920.706269255,0
9780660.2667783,0.14646730303925626,"[0.15, 0.15, np.float64(13.841282903704398), 1, 0.15]",0.4519136004755787,0.14646730303925626,9780660.2667783,0
4404183.49592863,0.7618412815639928,"[0.15, 0.15, np.float64(17.14295370370717), np.float64(2.599964318014452), 0.15]",0.4581814041625324,0.7618412815639928,4404183.49592863,0
4276469.992062021,0.8188504209168885,"[0.15, 0.15, np.float64(17.161742426096207), np.float64(2.704030885058084), 0.15]",0.45880418841011755,0.8188504209168885,4276469.992062021,0
5303093.268037238,0.5036686717524294,"[0.15, 0.15, np.float64(16.13614320016455), np.float64(2.069094043575846), 0.15]",0.45591178719002823,0.5036686717524294,5303093.268037238,0
8447231.831369122,0.19409134468352623,"[0.15, 0.15, np.float64(14.097054241899132), np.float64(1.1898212682715166), 0.15]",0.4526027833521102,0.19409134468352623,8447231.831369122,0
3983667.4305712627,1.0093096533242691,"[0.15, 0.15, np.float64(16.544505981690556), np.float64(3.0264282004574463), 0.15]",0.46170747028326015,1.0093096533242691,3983667.4305712627,0
4031582.6796870916,0.944794040457682,"[0.15, 0.15, np.float64(17.409467978416345), np.float64(2.921768492013781), 0.15]",0.4599358444769833,0.944794040457682,4031582.6796870916,0
4649561.448524673,0.6727452109519232,"[0.15, 0.15, np.float64(16.8802171354303), np.float64(2.4288927077155202), 0.15]",0.45739179319376433,0.6727452109519232,4649561.448524673,0
5503786.157931086,0.46486040759810515,"[0.15, 0.15, np.float64(15.965415253798323), np.float64(1.9782076448626433), 0.15]",0.45553015563567967,0.46486040759810515,5503786.157931086,0
9785822.651510729,0.14646384951714173,"[0.15, 0.15, np.float64(14.040117702944562), 1, 0.15]",0.4518602731270519,0.14646384951714173,9785822.651510729,0
3982426.216666318,1.0101548124662085,"[0.15, 0.15, np.float64(16.545322008903803), np.float64(3.0277892068290138), 0.15]",0.4617163652683096,1.0101548124662085,3982426.216666318,0
3652263.9345910116,1.2209171063572628,"[0.15, 0.15, np.float64(17.76603415194735), np.float64(3.352306342470227), 0.15]",0.46241644452943237,1.2209171063572628,3652263.9345910116,0
9783255.174459947,0.14646553120814176,"[0.15, 0.15, np.float64(13.942240950325608), 1, 0.15]",0.4518862419557787,0.14646553120814176,9783255.174459947,0
9793616.077562056,0.14645911915443907,"[0.15, 0.15, np.float64(14.326792610969846), 1, 0.15]",0.45178721520567994,0.14645911915443907,9793616.077562056,0
9815883.182807257,0.14644787680236393,"[0.15, 0.15, np.float64(15.08471148603937), 1, 0.15]",0.4516135164866772,0.14644787680236393,9815883.182807257,0
9783161.41213843,0.14646559392463904,"[0.15, 0.15, np.float64(13.938629923249326), 1, 0.15]",0.45188721038932483,0.14646559392463904,9783161.41213843,0
9787992.406956498,0.14646247899263606,"[0.15, 0.15, np.float64(14.121414094503331), 1, 0.15]",0.4518391078135033,0.14646247899263606,9787992.406956498,0
9804273.137958445,0.14645338555836596,"[0.15, 0.15, np.float64(14.698791230575718), 1, 0.15]",0.4516986406464021,0.14645338555836596,9804273.137958445,0
7455660.00002109,0.24816844283592304,"[0.15, 0.15, np.float64(15.55653656918283), np.float64(1.378649004485728), 0.15]",0.4528658447721068,0.24816844283592304,7455660.00002109,0
3526773.221716185,1.3436480049489818,"[0.15, 0.15, np.float64(17.91118663675232), np.float64(3.5275715342787515), 0.15]",0.4634620862286413,1.3436480049489818,3526773.221716185,0
6269531.4464453105,0.35163674804203043,"[0.15, 0.15, np.float64(16.122791534843827), np.float64(1.688651222749725), 0.15]",0.453981132755271,0.35163674804203043,6269531.4464453105,0
6005561.286496664,0.3838409619613292,"[0.15, 0.15, np.float64(16.46007184903733), np.float64(1.7754147458725573), 0.15]",0.4542174017837294,0.3838409619613292,6005561.286496664,0
9825534.273951449,0.14644375448299574,"[0.15, 0.15, np.float64(15.394091903652235), 1, 0.15]",0.45154980148322327,0.14644375448299574,9825534.273951449,0
9817366.974378021,0.1464472185057732,"[0.15, 0.15, np.float64(15.132875566196521), 1, 0.15]",0.45160334263491153,0.1464472185057732,9817366.974378021,0
4754689.015440038,0.6442406290699817,"[0.15, 0.15, np.float64(16.4204314047668), np.float64(2.371533415673058), 0.15]",0.45744506818908937,0.6442406290699817,4754689.015440038,0
4715377.09370368,0.660896534825334,"[0.15, 0.15, np.float64(16.17182537954799), np.float64(2.4048549663286725), 0.15]",0.45787680082244936,0.660896534825334,4715377.09370368,0
9805953.034286015,0.14645254569453253,"[0.15, 0.15, np.float64(14.755732702255532), 1, 0.15]",0.451685664092243,0.14645254569453253,9805953.034286015,0
4601753.814547229,0.687357983909053,"[0.15, 0.15, np.float64(17.025189743364482), np.float64(2.4577695555525834), 0.15]",0.45743859739480497,0.687357983909053,4601753.814547229,0
4347861.605021094,0.7870890806414521,"[0.15, 0.15, np.float64(17.102863013940173), np.float64(2.6464873012994294), 0.15]",0.45850365601839926,0.7870890806414521,4347861.605021094,0
