xline_all_values,yline_all_values,X_all_values,obj1,obj2,obj3,inc
4.3744416817640426e-08,0.46790817673910634,"[np.float64(5.118278657796387), 3.1]",0.7255344585792386,1.5505915362188212,16585761.369360825,0
3.8983298075949806e-08,0.4732680007574981,"[np.float64(4.811643258119265), 3.1]",0.7380139918789008,1.5593997284787025,18931543.207069185,0
4.976329106484084e-08,0.4619535745516197,"[np.float64(5.510662284331815), 3.1]",0.711886343510038,1.541034386845058,14305451.433717689,0
4.534073433106407e-08,0.4662495544982668,"[np.float64(5.221562943068907), 3.1]",0.7217101155745866,1.547905212158802,15917477.43441652,0
5.6499966209056134e-08,0.4560969666864352,"[np.float64(5.964891263109109), 3.1]",0.6986817361981985,1.531871043287467,12366055.824051268,0
5.24300415060372e-08,0.45954691516466584,"[np.float64(5.688026957663134), 3.1]",0.7064340643461352,1.5372403579142822,13473841.409505483,0
5.076875919524386e-08,0.46103134037696003,"[np.float64(5.577215037234697), 3.1]",0.7097927049656271,1.5395758222971752,13980895.263481684,0
5.140052745265861e-08,0.46046120355003434,"[np.float64(5.619224698749899), 3.1]",0.7085010780103295,1.5386770319583347,13783926.218712049,0
3.880243364902247e-08,0.47348539793045097,"[4.8, 3.1]",0.7385240999227772,1.5597610890447293,19032932.48570203,0
4.083704650322562e-08,0.4711012676019384,"[np.float64(4.930930295729349), 3.1]",0.7329466966797528,1.5558155901611015,17948082.915885188,0
3.9596980577598875e-08,0.4725385010335345,"[np.float64(4.851139058661285), 3.1]",0.7363045186756624,1.5581894746464464,18594966.28114646,0
4.873049222316862e-08,0.4629207071156589,"[np.float64(5.44265991976887), 3.1]",0.7140876909738965,1.5425702069436364,14653816.49960818,0
4.264619677157978e-08,0.46908688355809447,"[np.float64(5.047426991843519), 3.1]",0.7282629793838997,1.552511922439433,17076856.42601611,0
5.876805383270418e-08,0.4542763837714442,"[np.float64(6.123190841830216), 3.1]",0.6946207261982412,1.5290707397805632,11819699.32466417,0
4.747826981926401e-08,0.4641217592696462,"[np.float64(5.360644853379503), 3.1]",0.7168297364211275,1.544486381222783,15098059.36799909,0
3.9948191019326916e-08,0.47212653796854265,"[np.float64(4.873737891647863), 3.1]",0.7353406744578822,1.5575076072230392,18407358.523496713,0
4.4267580558379466e-08,0.46735766334705664,"[np.float64(5.152083878976413), 3.1]",0.7242631654353622,1.5496978486421635,16361028.913252082,0
4.61759691012804e-08,0.4654059618810218,"[np.float64(5.275787028215417), 3.1]",0.7197717691325537,1.5465460868259333,15587583.393297864,0
4.2616255189657375e-08,0.4691194706249008,"[np.float64(5.045497097033614), 3.1]",0.7283385403400543,1.5525651479991975,17090627.440132663,0
4.0827800572931136e-08,0.4711118076306935,"[np.float64(4.930335322695022), 3.1]",0.73297127268169,1.5558329483778706,17952749.410842635,0
4.8259146906278715e-08,0.4633690408588611,"[np.float64(5.411736111977909), 3.1]",0.7151101814747692,1.5432843336907065,14818127.284005728,0
5.558283849052859e-08,0.4568528966121284,"[np.float64(5.9017516643655865), 3.1]",0.7003739973676913,1.5330405094537776,12600543.915853385,0
5.326431375838297e-08,0.45881895026635305,"[np.float64(5.744116718561063), 3.1]",0.7047920506161873,1.5361005690960285,13231974.672822366,0
4.5549069415965226e-08,0.46603762495858214,"[np.float64(5.235075064504515), 3.1]",0.7212227314455836,1.5475633142488878,15833972.915213732,0
3.952674080917131e-08,0.4726213687343748,"[np.float64(4.846619146007002), 3.1]",0.7364985323423338,1.5583267728977033,18632918.30454803,0
4.5658559130317263e-08,0.46592665207643735,"[np.float64(5.242179708375401), 3.1]",0.7209676365237461,1.5473844076330454,15790415.86629973,0
4.195944428034798e-08,0.46984053980804114,"[np.float64(5.003181063891291), 3.1]",0.7300122645522437,1.5537447340123072,17398044.16080292,0
4.3326476619165765e-08,0.46835299939786373,"[np.float64(5.091298986099358), 3.1]",0.7265631032177186,1.551315149367724,16769494.311852682,0
4.389464702962672e-08,0.46774938324124415,"[np.float64(5.1279821281282505), 3.1]",0.7251675592687737,1.5503335445228472,16520637.670906011,0
4.686854164498019e-08,0.46471841483884846,"[np.float64(5.32086403302562), 3.1]",0.7181953324690015,1.5454419483636168,15323611.686260417,0
4.321125928872072e-08,0.46847642899922576,"[np.float64(5.083864980470738), 3.1]",0.7268487574562639,1.5515161755501365,16820818.680606946,0
5.44641197034293e-08,0.45779139246646167,"[np.float64(5.825352167602825), 3.1]",0.7024799331611045,1.5344979060797195,12898031.529496532,0
4.9370274161467554e-08,0.46231918044715203,"[np.float64(5.484744029298199), 3.1]",0.71271782410683,1.5416142229216925,14436173.10642952,0
4.066148789815094e-08,0.47130184031056876,"[np.float64(4.919633477057917), 3.1]",0.7334144920495951,1.55614603916315,18037079.555146992,0
4.328311867630568e-08,0.4683994067498184,"[np.float64(5.088501282418632), 3.1]",0.7266704926768512,1.5513907195552463,16788773.889221847,0
4.1993716658471794e-08,0.46980261633771864,"[np.float64(5.005388303652598), 3.1]",0.729924154161654,1.5536826079251684,17381746.89556561,0
4.5858170834949844e-08,0.4657250495830296,"[np.float64(5.2551384637503915), 3.1]",0.7205044113620794,1.5470596052481125,15711581.998228375,0
4.2771593742533566e-08,0.46895067197006624,"[np.float64(5.055510410988929), 3.1]",0.7279472140973018,1.552289521282033,17019408.219371673,0
4.978135343131772e-08,0.46193684226808646,"[np.float64(5.511854694801207), 3.1]",0.711848310296726,1.541007871988705,14299496.924663732,0
3.960323931729697e-08,0.47253112485826415,"[np.float64(4.851541801222246), 3.1]",0.7362872513999287,1.55817725577501,18591591.599385925,0
4.9871910089317205e-08,0.4618530464535417,"[np.float64(5.517834597696515), 3.1]",0.7116578653895201,1.5408751135326908,14269713.434175456,0
4.582228057029198e-08,0.46576123019476795,"[np.float64(5.252807873217131), 3.1]",0.7205875249960061,1.5471178756005026,15725701.908062289,0
4.237039684307781e-08,0.4693879804966806,"[np.float64(5.029653232139497), 3.1]",0.7289614056023723,1.553003987939839,17204497.949408874,0
3.8877483052947325e-08,0.47339505481880184,"[np.float64(4.804831559174647), 3.1]",0.7383120783948505,1.5596108807631062,18990737.579110812,0
4.201080144982633e-08,0.4697837238742736,"[np.float64(5.006488643390532), 3.1]",0.7298802633748013,1.5536516619935865,17373633.40345935,0
4.125540893681171e-08,0.470627028023964,"[np.float64(4.9578544941708955), 3.1]",0.731841664776226,1.5550353490088147,17739290.03823817,0
4.2912635472174474e-08,0.4687979744660406,"[np.float64(5.064604165521111), 3.1]",0.727593373266959,1.5520403519142454,16955224.61534079,0
4.245130512719085e-08,0.4692994344797132,"[np.float64(5.034866631712124), 3.1]",0.7287559530899196,1.552859218545302,17166868.036364276,0
4.518021689962484e-08,0.46641353777114003,"[np.float64(5.211157780618351), 3.1]",0.7220874325679203,1.548169969547999,15982380.832127351,0
4.347105860039575e-08,0.468198604581798,"[np.float64(5.10062986041333), 3.1]",0.7262059238091271,1.5510638363772677,16705503.550873175,0
4.216864150215979e-08,0.4696095720271945,"[np.float64(5.0166552546387955), 3.1]",0.729475783984556,1.5533665143058732,17299010.78144037,0
4.029410549400587e-08,0.47172462081782246,"[np.float64(4.8959947687085075), 3.1]",0.7344013964537989,1.5568434718980266,18226025.555103786,0
4.695500080707142e-08,0.4646333231623875,"[np.float64(5.326499270111227), 3.1]",0.7180004402304161,1.5453055225216332,15291245.402817355,0
4.322215296947545e-08,0.4684647438896597,"[np.float64(5.084567792801432), 3.1]",0.7268217103029869,1.5514971399302988,16815953.40279061,0
4.670728757132246e-08,0.4648775533681097,"[np.float64(5.31035863546633), 3.1]",0.7185599439158545,1.5456972243761324,15384321.83240371,0
4.444639288059639e-08,0.4671710773885388,"[np.float64(5.163647418973667), 3.1]",0.7238327261688455,1.549395416803265,16285522.38453626,0
3.945421133078916e-08,0.4727071065778278,"[np.float64(4.8419517537370895), 3.1]",0.7366993127331332,1.5584688752967606,18672260.52389064,0
4.889744041221707e-08,0.4627629700726364,"[np.float64(5.453629119900897), 3.1]",0.7137282518782391,1.542319282301716,14596433.798197612,0
4.5004564544952985e-08,0.466593683967651,"[np.float64(5.199776948459117), 3.1]",0.7225021379262878,1.5484610331252984,16053974.640830347,0
4.24192834382409e-08,0.46933445741452773,"[np.float64(5.0328032188722345), 3.1]",0.7288372104424098,1.5529164733768586,17181742.62664146,0
4.057779019993273e-08,0.4713977937294261,"[np.float64(4.914247919514537), 3.1]",0.7336383762295123,1.5563042211661424,18079801.108309947,0
4.15192804167871e-08,0.4703305734512427,"[np.float64(4.9748397493222605), 3.1]",0.731151631205771,1.5545483803883877,17609930.226780888,0
5.0419533334689694e-08,0.46134955650895637,"[np.float64(5.5540581508982125), 3.1]",0.7105145058115059,1.5400784411455533,14092048.434781069,0
4.135364903853106e-08,0.4705164190846386,"[np.float64(4.964177783262153), 3.1]",0.7315841427385895,1.554853588662947,17690921.109693117,0
4.8287924841053786e-08,0.4633415398522156,"[np.float64(5.413622276898664), 3.1]",0.7150474246899359,1.5432404893332092,14807996.554907069,0
4.5521268516773213e-08,0.46606584683183866,"[np.float64(5.233271477543904), 3.1]",0.7212876180154064,1.5476088259169405,15845068.503520144,0
4.692469417641713e-08,0.4646631319853458,"[np.float64(5.324523736257073), 3.1]",0.7180687085014882,1.5453533088227325,15302576.2043723,0
4.4687087627626797e-08,0.46692116384321725,"[np.float64(5.179220806505194), 3.1]",0.7232565447198103,1.5489907091953221,16184911.192840256,0
4.448297458701585e-08,0.46713300285501813,"[np.float64(5.16601372085718), 3.1]",0.7237449186071427,1.5493337319002658,16270155.611814613,0
4.670016318972247e-08,0.4648845974013236,"[np.float64(5.309894638600721), 3.1]",0.7185760866356039,1.5457085277774316,15387014.467515701,0
4.3394654929067355e-08,0.46828012573748207,"[np.float64(5.095698690665095), 3.1]",0.726394497043517,1.5511965106346066,16739261.97203036,0
5.296372677795513e-08,0.4590799326758763,"[np.float64(5.723871598512101), 3.1]",0.7053803452301669,1.5365087755386289,13318178.084170701,0
4.316291379662735e-08,0.4685283246347614,"[np.float64(5.08074610384992), 3.1]",0.7269688892534543,1.5516007272776065,16842442.395773984,0
4.036878204751136e-08,0.47163834614025374,"[np.float64(4.90079962264209), 3.1]",0.7341999097254193,1.5567010522657674,18187318.826248337,0
4.930701639897043e-08,0.46237830176176925,"[np.float64(5.48057716706045), 3.1]",0.7128523604771729,1.5417080727210577,14457422.341459254,0
4.793557650392854e-08,0.4636794152736492,"[np.float64(5.390544996136038), 3.1]",0.7158187831072756,1.5437795156052412,14932933.643733503,0
4.3684601871466624e-08,0.4679715620212746,"[np.float64(5.114416010238672), 3.1]",0.7256809582622777,1.550694565985801,16611824.926262386,0
4.1841800115259824e-08,0.4699709701450031,"[np.float64(4.995605033806529), 3.1]",0.7303153738390763,1.5539584787838012,17454205.407685798,0
4.0303530706050736e-08,0.4717137221988716,"[np.float64(4.8966012060922965), 3.1]",0.7343759410472789,1.5568254780124258,18221131.7019188,0
4.196599412378664e-08,0.4698332896311602,"[np.float64(5.003602886492851), 3.1]",0.7299954189647434,1.553732856047348,17394927.350260876,0
4.1714826220110416e-08,0.4701121868322804,"[np.float64(4.98742916525097), 3.1]",0.7306436735744537,1.5541900296133395,17515203.58059686,0
4.138274819276004e-08,0.47048371057905,"[np.float64(4.96605085054967), 3.1]",0.7315080052735577,1.554799855606586,17676641.528643955,0
4.093680508983417e-08,0.47098771020886343,"[np.float64(4.9373498744978646), 3.1]",0.7326819625159042,1.5556286217977753,17897878.471660484,0
4.124929273172311e-08,0.47063392367092277,"[np.float64(4.957460833998929), 3.1]",0.7318577219858292,1.5550466831574166,17742309.589298435,0
4.4641663270108046e-08,0.4669682193414804,"[np.float64(5.176281045768776), 3.1]",0.7233650016740741,1.5490668780290124,16203809.371915532,0
4.644028344332602e-08,0.46514231065539274,"[np.float64(5.292977291762017), 3.1]",0.7191669022368687,1.5461223065765646,15485842.223907033,0
4.3799447139507214e-08,0.46784994270990066,"[np.float64(5.121832749394874), 3.1]",0.7253998875100797,1.5504969035763627,16561850.317415698,0
4.529921575908193e-08,0.4662919111589859,"[np.float64(5.218871138270266), 3.1]",0.7218075595748122,1.54797358114305,15934217.568216925,0
4.485203300695259e-08,0.46675071742329616,"[np.float64(5.189898603456261), 3.1]",0.7228638060787356,1.5487149330360226,16116634.1326531,0
5.0587833541897804e-08,0.46119592523719444,"[np.float64(5.565212365712881), 3.1]",0.7101659483942311,1.5398356957056605,14038275.582725996,0
4.529751446956087e-08,0.46629364765738535,"[np.float64(5.218760844208658), 3.1]",0.7218115547368166,1.5479763843301935,15934904.225746451,0
3.970404230814324e-08,0.47241249926868134,"[np.float64(4.858028235830407), 3.1]",0.736009603127343,1.5579807991251786,18537397.21046964,0
4.836698282434997e-08,0.46326607603677794,"[np.float64(5.4188051432421895), 3.1]",0.7148752423340843,1.543120205238882,14780232.31116633,0
4.520610344388237e-08,0.466387051053417,"[np.float64(5.21283549079873), 3.1]",0.7220264763580484,1.5481271933412921,15971880.373506477,0
4.328575547523461e-08,0.4683965830915066,"[np.float64(5.088671417583764), 3.1]",0.7266639581626152,1.5513861210653903,16787600.220547535,0
4.2610369643917065e-08,0.46912587906258063,"[np.float64(5.045117751884124), 3.1]",0.7283534006499968,1.5525756159634834,17093336.827083226,0
4.3380874018048005e-08,0.46829484591063414,"[np.float64(5.094809331873822), 3.1]",0.726428552030279,1.5512204722597036,16745364.598418616,0
4.20769865520229e-08,0.46971061370123385,"[np.float64(5.010751463254706), 3.1]",0.7297104362403412,1.5535319299905876,17342269.397979487,0
4.3149375177585714e-08,0.4685428685139186,"[np.float64(5.079872743973919), 3.1]",0.7270025595923051,1.551624426379907,16848507.22867367,0
5.220006909946987e-08,0.4597495936808712,"[np.float64(5.672619401236201), 3.1]",0.7068918236795269,1.5375583434886209,13541971.033266427,0
4.1282047281417204e-08,0.4705970077693094,"[np.float64(4.959569048357013), 3.1]",0.7317717631692818,1.5549860094478172,17726150.018211022,0
4.264999205433863e-08,0.4690827546882258,"[np.float64(5.047671623998537), 3.1]",0.7282534060938815,1.5525051791296667,17075112.350924782,0
4.220668598645035e-08,0.469567700354891,"[np.float64(5.019106006504731), 3.1]",0.7293785633878607,1.5532979862895366,17281114.267583426,0
4.298311680586371e-08,0.4687218688338795,"[np.float64(5.069149251808136), 3.1]",0.7274170722792808,1.5519162229170191,16923320.743926305,0
4.217812107399098e-08,0.4695991350479156,"[np.float64(5.017265900011306), 3.1]",0.7294515496129871,1.553349431826695,17294548.240623295,0
4.603594757562755e-08,0.46554626877692573,"[np.float64(5.2666866439148565), 3.1]",0.720093841112581,1.5467718020904728,15641990.20623211,0
4.212334458247818e-08,0.4696594785250413,"[np.float64(5.013737456619357), 3.1]",0.7295916751800756,1.5534482077767227,17320364.335066594,0
4.428152363016833e-08,0.4673430855659052,"[np.float64(5.152985381129841), 3.1]",0.7242295275907479,1.5496742114281614,16355117.6251158,0
4.2479073485801426e-08,0.4692690863804713,"[np.float64(5.03665603956589), 3.1]",0.7286855483033686,1.5528096127614277,17153988.740995746,0
4.56605668183617e-08,0.46592461978828537,"[np.float64(5.242310006904387), 3.1]",0.72096296560827,1.5473811320291966,15789619.267677285,0
4.215839399189363e-08,0.4696208573319895,"[np.float64(5.0159951485869305), 3.1]",0.7295019889348257,1.553384986091276,17303837.26370357,0
4.268616243049158e-08,0.4690434247812768,"[np.float64(5.050003121696432), 3.1]",0.7281622203977278,1.552440950936009,17058507.46324263,0
4.39407449314251e-08,0.4677007730183958,"[np.float64(5.130960241533767), 3.1]",0.7250552755924193,1.5502546017042849,16500750.652360508,0
4.5595637056199644e-08,0.4659903924801219,"[np.float64(5.238096486949267), 3.1]",0.7211141478640761,1.547487157462881,15815419.94851953,0
4.337132511819689e-08,0.46830504854567534,"[np.float64(5.094193101607744), 3.1]",0.7264521565510849,1.5512370810587826,16749595.60426929,0
4.166799883836999e-08,0.4701643835080356,"[np.float64(4.984414183900465), 3.1]",0.73076505271056,1.554275649844222,17537800.54437447,0
4.5135876238795656e-08,0.4664589434397141,"[np.float64(5.208284342371779), 3.1]",0.7221919390636447,1.54824331105784,16000397.006647646,0
4.2189357392204716e-08,0.46958676715034914,"[np.float64(5.017989718466075), 3.1]",0.7294228326134018,1.553329189917015,17289261.503380388,0
3.9623967435133634e-08,0.47250670501486997,"[np.float64(4.8528756248006), 3.1]",0.7362300882317302,1.5581368061402658,18580423.3116478,0
4.636850265553981e-08,0.4652137568359533,"[np.float64(5.288307324956478), 3.1]",0.7193307697910732,1.5462370990132357,15513349.118361754,0
4.409678420757081e-08,0.46753662896944215,"[np.float64(5.1410432418177106), 3.1]",0.7246762349670242,1.549988150798744,16433766.04415991,0
4.5192318477444005e-08,0.4664011536419435,"[np.float64(5.211942070042397), 3.1]",0.7220589313250072,1.548149968512583,15977470.412043475,0
4.5364466155143214e-08,0.46622536186091507,"[np.float64(5.223101712630977), 3.1]",0.7216544641314104,1.5478661676639875,15907923.652477339,0
5.592154829620464e-08,0.45657233879153325,"[np.float64(5.925015174587977), 3.1]",0.6997455103317819,1.5326060097812437,12512985.274037436,0
4.334541988231643e-08,0.4683327393227467,"[np.float64(5.092521383518571), 3.1]",0.7265162245037541,1.551282162238679,16761084.01940178,0
4.4976595558801505e-08,0.46662243656942665,"[np.float64(5.197965297702778), 3.1]",0.7225683470428556,1.548507509315506,16065429.987874119,0
4.650617322612641e-08,0.4650768288667027,"[np.float64(5.297265029110878), 3.1]",0.7190167430851598,1.5460171276157895,15460673.136641309,0
4.2603420232468605e-08,0.4691334471006295,"[np.float64(5.0446698407404655), 3.1]",0.7283709502588809,1.5525879784534842,17096536.998308416,0
4.202924472891408e-08,0.46976333843401236,"[np.float64(5.007676498734928), 3.1]",0.7298329067028317,1.5536182732687884,17364882.747958165,0
4.1853346857287196e-08,0.46995815103157024,"[np.float64(4.996348579495375), 3.1]",0.7302855784150346,1.5539374661595697,17448678.140488606,0
4.4004244486573524e-08,0.4676339010115243,"[np.float64(5.1350630598253195), 3.1]",0.7249008342116596,1.5501460280010693,16473429.83999736,0
4.1978989698458274e-08,0.469818908114903,"[np.float64(5.004439835264076), 3.1]",0.7299620049095512,1.5537092958613434,17388746.374150112,0
4.128298627802586e-08,0.4705959499420941,"[np.float64(4.959629486605684), 3.1]",0.7317693001445355,1.5549842709750865,17725687.168470226,0
3.9697765713217396e-08,0.4724198760159075,"[np.float64(4.85762435793801), 3.1]",0.7360268660523811,1.5579930130365585,18540763.008415874,0
5.021444837842536e-08,0.4615374651177314,"[np.float64(5.5404799332694346), 3.1]",0.7109410341461679,1.540375566184681,14158097.063785007,0
3.908657740123027e-08,0.4731443550240408,"[np.float64(4.818291201425728), 3.1]",0.7377240027693847,1.5591943450998171,18874100.82485668,0
4.176640142199445e-08,0.4700547707696029,"[np.float64(4.990749982889159), 3.1]",0.730510177506087,1.5540958691048925,17490378.692797694,0
4.387954302712849e-08,0.467765322155995,"[np.float64(5.12700641162341), 3.1]",0.725204379517173,1.5503594327484684,16527163.445362592,0
4.759823190707728e-08,0.4640052997193069,"[np.float64(5.368482886461946), 3.1]",0.7165634537536175,1.5443001495609898,15054413.26376397,0
4.173025175034947e-08,0.47009500637776636,"[np.float64(4.988422365897666), 3.1]",0.7306037256710748,1.554161851878862,17507771.820833944,0
5.315575260289422e-08,0.4589130403485866,"[np.float64(5.736800137549781), 3.1]",0.7050040948424678,1.536247682800542,13262987.735481368,0
5.038380199069554e-08,0.46138223987301374,"[np.float64(5.551691364383342), 3.1]",0.7105886768065525,1.5401301034086787,14103514.398095205,0
4.1500232278937845e-08,0.47035190563327245,"[np.float64(4.973613521408144), 3.1]",0.7312012654437791,1.5545834016751867,17619208.98488266,0
4.54564742583946e-08,0.4661316922393955,"[np.float64(5.229068526966624), 3.1]",0.7214390268643471,1.5477150317722468,15870985.126637194,0
4.745514193325581e-08,0.4641442467220586,"[np.float64(5.359134170862169), 3.1]",0.7168811635137927,1.5445223517831934,15106501.304370007,0
4.297311122246727e-08,0.4687326647465545,"[np.float64(5.068503996424199), 3.1]",0.7274420790667034,1.5519338287636388,16927842.9783874,0
4.0230309106268144e-08,0.4717984630840382,"[np.float64(4.891889986213533), 3.1]",0.7345738867644179,1.5569654084133235,18259215.578583922,0
4.215125181461584e-08,0.4696287245560445,"[np.float64(5.0155350810464085), 3.1]",0.7295202574445593,1.5533978636724124,17307202.658014536,0
4.658152840839701e-08,0.46500205818651696,"[np.float64(5.302169945347152), 3.1]",0.7188453166034209,1.5458970642127456,15431982.186180012,0
4.2512763455845695e-08,0.46923229499862673,"[np.float64(5.0388271289731), 3.1]",0.7286002036573288,1.5527494834077036,17138387.261370633,0
4.534150709200881e-08,0.46624876652345404,"[np.float64(5.221613047145008), 3.1]",0.7217083029006925,1.5479039403836963,15917166.172623532,0
4.276833459416222e-08,0.4689542068008436,"[np.float64(5.055300298631392), 3.1]",0.7279554070207992,1.552295291232879,17020896.74354922,0
4.250942140966591e-08,0.46923594331239793,"[np.float64(5.038611752397085), 3.1]",0.7286086662291404,1.5527554455564434,17139933.73862923,0
3.907554663513049e-08,0.4731575439598807,"[np.float64(4.817581189997138), 3.1]",0.7377549303307714,1.5592162478409646,18880220.33881159,0
4.453382313829952e-08,0.46708013403320336,"[np.float64(5.169303232946471), 3.1]",0.7236230078386402,1.5492480949472365,16248840.922357671,0
4.471401086905345e-08,0.4668932975618834,"[np.float64(5.1809633789193335), 3.1]",0.7231923231638728,1.5489456090725287,16173729.64554146,0
4.8912604422498316e-08,0.46274866990567015,"[np.float64(5.454625887901763), 3.1]",0.7136956735523848,1.5422965423063657,14591242.5228395,0
4.24626535232416e-08,0.4692870292294721,"[np.float64(5.035597920392348), 3.1]",0.7287271733380211,1.5528389406682022,17161602.322830766,0
4.709831112819257e-08,0.46449263567548565,"[np.float64(5.335844003869445), 3.1]",0.7176783136348498,1.5450800691192237,15237877.886565126,0
4.318352276364878e-08,0.46850619473816235,"[np.float64(5.082075602600958), 3.1]",0.7269176592382338,1.551564669586689,16833218.15167293,0
4.8276389630070656e-08,0.4633525612106955,"[np.float64(5.412866206575266), 3.1]",0.7150725746480712,1.54325805986624,14812055.750802519,0
4.5546186308362916e-08,0.46604055088659996,"[np.float64(5.23488801547574), 3.1]",0.7212294583823499,1.5475680324604288,15835122.91236384,0
4.260302117481633e-08,0.46913388172184706,"[np.float64(5.044644120369658), 3.1]",0.728371958118135,1.5525886884247515,17096720.796615552,0
4.20571141777377e-08,0.4697325523983214,"[np.float64(5.009471499919306), 3.1]",0.7297613938711719,1.5535678550383976,17351675.409471154,0
3.931354673013052e-08,0.4728738792225852,"[np.float64(4.8328992988116015), 3.1]",0.7370899969590748,1.5587454273661014,18749007.867920436,0
4.168319547355554e-08,0.4701474374967668,"[np.float64(4.985392605626216), 3.1]",0.7307256442060603,1.5542478506247002,17530461.27832603,0
4.20710292507198e-08,0.46971718927465006,"[np.float64(5.010367755401817), 3.1]",0.7297257091843086,1.5535426972795496,17345088.108863503,0
4.710825597070245e-08,0.46448288925917525,"[np.float64(5.336492659698759), 3.1]",0.7176560023175597,1.5450644553606305,15234187.458858253,0
4.416657203795867e-08,0.46746341486659665,"[np.float64(5.145553952652252), 3.1]",0.7245072250798446,1.5498693631171165,16403972.31773323,0
4.833016073299444e-08,0.4633012083956188,"[np.float64(5.416390940925467), 3.1]",0.7149553977419328,1.5431761989522448,14793151.665515589,0
3.8881192645232513e-08,0.4733905942374756,"[np.float64(4.805070368871051), 3.1]",0.738301611468002,1.5596034658382634,18988656.50044637,0
4.6911255073403194e-08,0.4646763567146945,"[np.float64(5.323647781918375), 3.1]",0.7180989976356007,1.545374511224604,15307605.744335203,0
4.4370114306108743e-08,0.46725057508728857,"[np.float64(5.1587139865518274), 3.1]",0.7240160938721119,1.5495242434679852,16317652.212413425,0
4.31574418075937e-08,0.468534202341698,"[np.float64(5.080393110022638), 3.1]",0.7269824964898143,1.5516103047683851,16844893.16421668,0
4.3740128985645926e-08,0.46791271745436336,"[np.float64(5.1180017483642715), 3.1]",0.7255449524814811,1.5505989160302,16587627.181428319,0
4.593671618411287e-08,0.46564597171651323,"[np.float64(5.260239863024443), 3.1]",0.7203227838130204,1.5469322780946448,15680763.529678307,0
4.9985702644635383e-08,0.46174796715983707,"[np.float64(5.525352901798427), 3.1]",0.7114191117473219,1.5407087033283235,14232451.963415053,0
3.897957708370157e-08,0.47327246221065083,"[np.float64(4.811403733763608), 3.1]",0.7380244572869018,1.559407141162613,18933618.89745823,0
4.58819627317698e-08,0.4657010814849155,"[np.float64(5.256683574928524), 3.1]",0.7204493567604419,1.5470210085474707,15702234.90595325,0
4.591640714200072e-08,0.4656664049304806,"[np.float64(5.258920698514767), 3.1]",0.7203697113816601,1.5469651745420718,15688721.226681573,0
4.370299820942492e-08,0.4679520578245203,"[np.float64(5.115603933651543), 3.1]",0.7256358763004572,1.5506628599388852,16603800.79241263,0
4.1274693611743714e-08,0.4706052929475695,"[np.float64(4.959095732781842), 3.1]",0.731791054470952,1.554999625880709,17729775.5703446,0
4.128293130606156e-08,0.4705960118700799,"[np.float64(4.9596259483498795), 3.1]",0.7317694443362791,1.5549843727496417,17725714.264598105,0
4.4840495900363576e-08,0.4667626178528437,"[np.float64(5.189151594393327), 3.1]",0.7228912207274126,1.54873418109785,16121392.197215894,0
4.2851037487299285e-08,0.46886459703150124,"[np.float64(5.060632351758994), 3.1]",0.7277477370525449,1.5521490461427403,16983199.934616372,0
4.7853707270337343e-08,0.4637582862743888,"[np.float64(5.385187934473826), 3.1]",0.7159989474014483,1.5439054537514354,14962246.150681585,0
4.124830274127251e-08,0.4706350399282386,"[np.float64(4.957397114923136), 3.1]",0.7318603213325298,1.5550485179431652,17742798.435200583,0
4.249378766059218e-08,0.4692530138219348,"[np.float64(5.037604255868152), 3.1]",0.7286482638570118,1.552783343728312,17147171.480144247,0
4.442338225595405e-08,0.46719504395455186,"[np.float64(5.162159076018449), 3.1]",0.7238880026747894,1.549434250302553,16295202.344206173,0
4.224851049959064e-08,0.4695217150136576,"[np.float64(5.021800388434458), 3.1]",0.7292718044160723,1.553222739431464,17261479.654368844,0
4.3291521795257196e-08,0.4683904087724396,"[np.float64(5.089043482824332), 3.1]",0.7266496697229469,1.5513760660201277,16785034.103433967,0
4.565320965996097e-08,0.4659320675492648,"[np.float64(5.241832532824197), 3.1]",0.720980083320576,1.5473931363274196,15792538.765415521,0
4.4482368916803414e-08,0.4671336329728025,"[np.float64(5.165974541116842), 3.1]",0.7237463717103572,1.5493347526798507,16270409.812570902,0
4.4107404076435455e-08,0.4675254798197057,"[np.float64(5.1417296072125005), 3.1]",0.7246504956765173,1.5499700592916734,16429225.678771345,0
5.551385306740232e-08,0.4569102393049467,"[np.float64(5.897021276835772), 3.1]",0.7005025132529535,1.5331293829583688,12618517.262753068,0
4.3133386557990925e-08,0.468560050562688,"[np.float64(5.078841363765356), 3.1]",0.7270423392755745,1.5516524261991143,16855674.856369052,0
4.7480492055104175e-08,0.46411959916378126,"[np.float64(5.3607900142589315), 3.1]",0.716824796592711,1.5444829261342046,15097248.692384856,0
4.796809316172678e-08,0.4636481277988347,"[np.float64(5.392673221181402), 3.1]",0.7157473243698383,1.5437295687310166,14921321.178156095,0
4.339931328844469e-08,0.4682751510021498,"[np.float64(5.095999325640358), 3.1]",0.726382988353497,1.551188413049409,16737200.045672165,0
4.093070391255757e-08,0.4709946467218983,"[np.float64(4.9369572489702485), 3.1]",0.7326981310803482,1.5556400400299546,17900941.372658774,0
4.322720879638886e-08,0.4684593218194842,"[np.float64(5.084893977084104), 3.1]",0.7268091603070682,1.5514883074247723,16813696.293242622,0
4.8818922558004597e-08,0.46283708734102047,"[np.float64(5.448469091888256), 3.1]",0.7138971249838407,1.542437165278067,14623369.127731528,0
4.3549227843442505e-08,0.4681153568329903,"[np.float64(5.105675723903787), 3.1]",0.7260134007333264,1.550928398600575,16671096.978878973,0
5.004044132585171e-08,0.4616975058873993,"[np.float64(5.528971109481122), 3.1]",0.7113044820809908,1.5406288165101476,14214592.502275141,0
4.987765448797868e-08,0.46184773611130553,"[np.float64(5.518214023979915), 3.1]",0.7116457979346913,1.5408667019278932,14267828.053266006,0
4.4722630690931344e-08,0.4668843795431834,"[np.float64(5.181521311458089), 3.1]",0.7231717714529807,1.5489311768377392,16170152.790220864,0
4.100375050692024e-08,0.470911672322997,"[np.float64(4.9416580462365465), 3.1]",0.7325047435351031,1.5555034767383724,17864335.200544097,0
4.411166963245426e-08,0.46752100247206774,"[np.float64(5.1420052960325116), 3.1]",0.7246401593502725,1.5499627942245577,16427402.666643417,0
4.180253657784262e-08,0.47001458869271723,"[np.float64(4.993076743775163), 3.1]",0.7304167642378322,1.5540299850466106,17473024.9413857,0
4.8832407765824766e-08,0.4628243492875521,"[np.float64(5.449355175203774), 3.1]",0.7138680993813864,1.5424169028277748,14618736.45069341,0
4.163665358555357e-08,0.4701993580993118,"[np.float64(4.982396088939575), 3.1]",0.7308463931351168,1.5543330303329619,17552957.075030025,0
5.735176009999052e-08,0.45540528713575074,"[np.float64(6.023968757904295), 3.1]",0.6971364353902877,1.5308044396561427,12155449.705028372,0
4.730335359272032e-08,0.4642921127394046,"[np.float64(5.349223026502109), 3.1]",0.7172194019744549,1.54475896164321,15162125.885400867,0
4.8886774956320116e-08,0.4627730306582402,"[np.float64(5.452928096034295), 3.1]",0.7137511724599984,1.5423352813900397,14600087.101219676,0
4.6239123298200534e-08,0.46534282376615294,"[np.float64(5.279892988728437), 3.1]",0.7196268777033163,1.5464445586141624,15563160.076854695,0
4.2232134137135e-08,0.4695397147362715,"[np.float64(5.020745388718413), 3.1]",0.7293135907140001,1.5532521910817214,17269162.584722657,0
4.2557684050242866e-08,0.469183287570857,"[np.float64(5.041722111102626), 3.1]",0.7284865351065132,1.5526694032052362,17117626.37850487,0
4.413046809676395e-08,0.4675012760821246,"[np.float64(5.143220298575979), 3.1]",0.7245946208840507,1.5499307872622003,16419373.102846934,0
4.27022191455633e-08,0.46902597689042863,"[np.float64(5.0510381570944665), 3.1]",0.7281217709611555,1.5524124607948004,17051145.948156334,0
4.853227674243868e-08,0.4631087034370383,"[np.float64(5.429647402420755), 3.1]",0.7145162887203719,1.5428694892094887,14722496.793470407,0
4.7052897761338374e-08,0.46453716996048,"[np.float64(5.33288221527849), 3.1]",0.7177802683983349,1.5451514212724877,15254751.621017236,0
4.599519744537189e-08,0.4655871854344716,"[np.float64(5.264038971514548), 3.1]",0.7201877882372908,1.546837650965917,15657891.002482418,0
4.4906648671583975e-08,0.4666944254308831,"[np.float64(5.193435191480535), 3.1]",0.7227341402600488,1.5486238979451554,16094145.558392122,0
4.458239123356076e-08,0.4670296956013974,"[np.float64(5.172445605135682), 3.1]",0.7235067180290755,1.5491664124214004,16228530.996435957,0
4.6459868884170496e-08,0.4651228364224121,"[np.float64(5.294251698717971), 3.1]",0.7191222421653256,1.5460910233877188,15478352.811502235,0
4.380413612052483e-08,0.4678449843326073,"[np.float64(5.122135602440285), 3.1]",0.7253884303680395,1.550488847075756,16559815.91263826,0
4.372791782753657e-08,0.46792565137341663,"[np.float64(5.117213161572921), 3.1]",0.7255748443752096,1.5506199376878835,16592942.91662561,0
4.975891813598944e-08,0.4619576263884918,"[np.float64(5.510373616555281), 3.1]",0.7118955537791491,1.5410408078867117,14306893.727744697,0
4.933630618634477e-08,0.4623509176823504,"[np.float64(5.482506356578519), 3.1]",0.7127900425569135,1.54166459997517,14447576.189929647,0
4.748634317092187e-08,0.4641139121332383,"[np.float64(5.361172227043983), 3.1]",0.7168117913743384,1.544473829882857,15095114.584718667,0
4.3483966554481184e-08,0.4681848470783957,"[np.float64(5.1014630230839995), 3.1]",0.7261741044187316,1.5510414507224253,16699812.872611472,0
4.268539094392005e-08,0.46904426328687127,"[np.float64(5.049953391345908), 3.1]",0.7281641643542116,1.5524423201587279,17058861.316530325,0
4.372974635768901e-08,0.46792371437162206,"[np.float64(5.117331245327757), 3.1]",0.7255703676550196,1.5506167893828442,16592146.721368814,0
4.567306395574131e-08,0.4659119716220119,"[np.float64(5.243121086652206), 3.1]",0.7209338962512027,1.5473607465834482,15784662.420498243,0
4.1973629480768833e-08,0.4698248394059561,"[np.float64(5.004094621930465), 3.1]",0.7299757855260417,1.553719012492015,17391295.3098444,0
5.630012830094859e-08,0.4562606756277209,"[np.float64(5.951092903583171), 3.1]",0.6990479200213674,1.5321239750930127,12416453.409922145,0
4.710937477127368e-08,0.4644817929146559,"[np.float64(5.336565635407841), 3.1]",0.7176534926236559,1.5450626990572218,15233772.388362626,0
4.875521261704659e-08,0.4628973159307512,"[np.float64(5.444283611423215), 3.1]",0.7140343789686391,1.5425329860315233,14645293.100803478,0
4.29709216833815e-08,0.46873502759183217,"[np.float64(5.068362795474164), 3.1]",0.727447552272315,1.5519376821690527,16928832.889187172,0
3.988384110904754e-08,0.47220172331946364,"[np.float64(4.869597401046991), 3.1]",0.7355164986468347,1.5576319660087896,18441465.972042117,0
4.551279799119693e-08,0.46607444920339247,"[np.float64(5.232721981170662), 3.1]",0.72130739724658,1.5476226995052569,15848452.063661193,0
4.334554419566271e-08,0.4683326063990183,"[np.float64(5.092529405524201), 3.1]",0.7265159169472992,1.5512819458235827,16761028.853803078,0
4.345159062501904e-08,0.4682193620638837,"[np.float64(5.099373310299946), 3.1]",0.7262539355801145,1.5510976145429558,16714093.204264516,0
4.094300845835393e-08,0.4709806586584537,"[np.float64(4.937749077374981), 3.1]",0.7326655261261229,1.5556170145352788,17894765.27772427,0
4.462534372519461e-08,0.46698513720707996,"[np.float64(5.175224965184464), 3.1]",0.7234039986752059,1.5490942666863068,16210609.001243075,0
4.35114821651995e-08,0.46815553496212653,"[np.float64(5.103239126845078), 3.1]",0.726106313204824,1.5509937595067962,16687694.306712542,0
4.080638257316835e-08,0.4711362333006796,"[np.float64(4.928957088388396), 3.1]",0.7330282283582517,1.5558731775368089,17963568.004193634,0
3.9777555100628746e-08,0.4723261957337608,"[np.float64(4.862758483851998), 3.1]",0.7358076634963319,1.5578379309520436,18498061.573540535,0
4.997672938234048e-08,0.4617562445502512,"[np.float64(5.524759872330021), 3.1]",0.7114379165066606,1.5407218091865726,14235383.653537972,0
4.298056499113136e-08,0.46872462195914943,"[np.float64(5.068984685474002), 3.1]",0.7274234493268843,1.5519207126061347,16924473.875040527,0
4.213706755254679e-08,0.4696443529865875,"[np.float64(5.014621404735903), 3.1]",0.7295565494648196,1.5534234465407377,17313889.927319463,0
3.921999861331125e-08,0.47298515168401556,"[np.float64(4.826878642905688), 3.1]",0.7373507662670591,1.5589300502178485,18800377.16311399,0
4.225224247612158e-08,0.4695176141380534,"[np.float64(5.022040813137265), 3.1]",0.7292622845388914,1.5532160297706419,17259729.704311587,0
4.2670981969205594e-08,0.46905992694216275,"[np.float64(5.049024593029451), 3.1]",0.7282004791535218,1.5524678987197136,17065472.729899745,0
4.542099251113554e-08,0.4661677912106398,"[np.float64(5.22676730903934), 3.1]",0.7215220467509229,1.5477732703864568,15885210.93135586,0
4.030573075903559e-08,0.4717111786183278,"[np.float64(4.896742762045257), 3.1]",0.7343700002332965,1.5568212786144122,18219989.72363671,0
4.453981823421214e-08,0.4670739049358186,"[np.float64(5.16969109707653), 3.1]",0.7236086452775944,1.5492380063001523,16246331.349456936,0
4.430307080743004e-08,0.4673205670516683,"[np.float64(5.154378591820576), 3.1]",0.7241775693931034,1.5496377015074456,16345990.38384608,0
5.3243142567073114e-08,0.45883728457571676,"[np.float64(5.742689439416995), 3.1]",0.7048333650017939,1.5361292307654288,13238012.08979878,0
4.402358297535693e-08,0.46761355572627183,"[np.float64(5.136312666980815), 3.1]",0.7248538523235915,1.5501130013174833,16465126.264923569,0
3.880824191628724e-08,0.4734783992079122,"[np.float64(4.8003739378559), 3.1]",0.7385076730851196,1.55974945070478,19029660.62410518,0
5.033953761079219e-08,0.4614227607325425,"[np.float64(5.548760006001569), 3.1]",0.7106806434347086,1.5401941644717545,14117742.775657661,0
4.485399887791703e-08,0.46674868996445756,"[np.float64(5.190025892715945), 3.1]",0.7228591355754057,1.548711653867632,16115823.642455455,0
4.233775225351836e-08,0.4694237579527842,"[np.float64(5.027549902255607), 3.1]",0.729044434045218,1.5530624977838192,17219724.601336926,0
4.08531726188518e-08,0.4710828905825067,"[np.float64(4.931968011877109), 3.1]",0.7329038490238947,1.5557853271165067,17939949.385612573,0
4.441736698481964e-08,0.4672013112782932,"[np.float64(5.161770017876747), 3.1]",0.7239024582423619,1.5494444060135826,16297734.588584851,0
4.38352432568042e-08,0.4678121042197788,"[np.float64(5.124144832933261), 3.1]",0.7253124594819728,1.5504354268294434,16546331.34422924,0
4.213677913262697e-08,0.46964467083041295,"[np.float64(5.014602826381105), 3.1]",0.7295572875715703,1.553423966850485,17314025.955217496,0
5.364794793295833e-08,0.45848795390694996,"[np.float64(5.770016112771219), 3.1]",0.7040465491662937,1.5355835266048883,13123457.211189367,0
4.232686777703888e-08,0.4694356935628476,"[np.float64(5.026848621787731), 3.1]",0.7290721347516445,1.5530820190050951,17224807.150675707,0
4.3133429635099905e-08,0.46856000426109634,"[np.float64(5.078844142508649), 3.1]",0.7270422320761055,1.5516523507434807,16855655.537404187,0
4.28477975056046e-08,0.468868104125861,"[np.float64(5.060423449624564), 3.1]",0.7277558637451736,1.552154768774414,16984673.801494263,0
4.394681597318444e-08,0.4676943751273559,"[np.float64(5.131352477759292), 3.1]",0.725040498375321,1.5502442127466003,16498134.900551787,0
4.428555027273054e-08,0.4673388765258984,"[np.float64(5.153245732903929), 3.1]",0.72421981559577,1.5496673869280295,16353411.239912236,0
4.173537536776645e-08,0.4700893013690119,"[np.float64(4.988752262353986), 3.1]",0.730590460836139,1.5541524955119925,17505304.65817727,0
4.389542786171581e-08,0.467748559404445,"[np.float64(5.128032570629785), 3.1]",0.7251656561800447,1.5503322064815181,16520300.439137785,0
5.7784695880021436e-08,0.45505744855873254,"[np.float64(6.054164154632692), 3.1]",0.6963604469777253,1.5302693081571406,12050949.414419016,0
4.193465855587405e-08,0.4698679867099966,"[np.float64(5.001584841305593), 3.1]",0.7300760397514853,1.5537897034940786,17409848.199401136,0
4.545973038756204e-08,0.46612838094477727,"[np.float64(5.22927971990714), 3.1]",0.7214314120145413,1.5477096900907437,15869680.833213383,0
4.666685897365433e-08,0.46491754078971304,"[np.float64(5.307725760017417), 3.1]",0.718651586770284,1.5457613957726268,15399613.399650425,0
4.240524780049968e-08,0.4693498174612098,"[np.float64(5.031898818134187), 3.1]",0.7288728500625327,1.5529415863100269,17188270.034208927,0
3.9706718331085746e-08,0.47240935458278854,"[np.float64(4.858200428724077), 3.1]",0.73600224410014,1.5579755924819594,18535962.55331773,0
3.885009601529504e-08,0.4734280006701396,"[np.float64(4.803068461367797), 3.1]",0.7383893911278369,1.55966565155133,19006114.96139257,0
4.5357278528241036e-08,0.46623268765490633,"[np.float64(5.222635656201427), 3.1]",0.7216713155992253,1.5478779903424278,15910816.05899012,0
4.334724428213514e-08,0.468330788599186,"[np.float64(5.092639113181864), 3.1]",0.7265117109671959,1.5512789862486924,16760274.453400856,0
5.4570728239663306e-08,0.4577011583716486,"[np.float64(5.832604619459561), 3.1]",0.7022772128730755,1.5343575169692574,12869119.315923728,0
4.5996448417611503e-08,0.4655859287883945,"[np.float64(5.26412024611694), 3.1]",0.7201849027426713,1.5468356284237925,15657402.419507697,0
4.626812338512379e-08,0.46531386110034456,"[np.float64(5.281778719204665), 3.1]",0.7195604217324452,1.5463979947446107,15551969.02504586,0
4.32735808642981e-08,0.46840962199532254,"[np.float64(5.087885877331099), 3.1]",0.7266941332413747,1.5514073561209452,16793020.561904028,0
4.2384385289653634e-08,0.46937265861868144,"[np.float64(5.030554551324821), 3.1]",0.7289258507725105,1.5529789334505957,17197980.94961276,0
4.493316851170465e-08,0.4666671175431002,"[np.float64(5.195152646596371), 3.1]",0.7226712452004197,1.548579743533517,16083246.945119638,0
4.235955779872481e-08,0.46939985648115184,"[np.float64(5.028954849870308), 3.1]",0.7289889651849626,1.5530234087624486,17209550.879846722,0
4.903746756227342e-08,0.462631091079583,"[np.float64(5.462836195790657), 3.1]",0.7134278572059949,1.5421096224664874,14548627.665162401,0
4.7647767520648004e-08,0.46395729848502043,"[np.float64(5.37172054355979), 3.1]",0.7164537248972803,1.5442234171910805,15036459.464481886,0
4.719386993710512e-08,0.4643990712925152,"[np.float64(5.342077889496664), 3.1]",0.7174641527310676,1.5449302056832754,15202486.12133792,0
4.4437089940589895e-08,0.4671807652299334,"[np.float64(5.163045688414381), 3.1]",0.7238550697701651,1.5494111137343245,16289434.585791333,0
4.227409982044744e-08,0.46949360401928075,"[np.float64(5.023448948306887), 3.1]",0.7292065490136822,1.553176747821544,17249487.324647285,0
4.295279992442592e-08,0.4687545886474265,"[np.float64(5.067194162538747), 3.1]",0.7274928641433314,1.5519695844311292,16937030.07541608,0
4.781791083624167e-08,0.4637928153026682,"[np.float64(5.382846200422643), 3.1]",0.7160778341821394,1.5439606017071041,14975096.604166506,0
4.358040948344359e-08,0.4680821936032146,"[np.float64(5.1076887274538985), 3.1]",0.7259367181272322,1.5508744576227065,16657409.297703343,0
4.1098825026743176e-08,0.4708039149739662,"[np.float64(4.947776667706629), 3.1]",0.7322536611621543,1.5553261939265,17816900.134874266,0
5.087084944818635e-08,0.4609387301140596,"[np.float64(5.583993163860077), 3.1]",0.7095827598024335,1.5394296756682753,13948710.656486424,0
5.016775829036329e-08,0.4615803527898828,"[np.float64(5.537390797197522), 3.1]",0.7110384149192919,1.540443414936609,14173214.812667344,0
4.171463039089888e-08,0.47011240498438295,"[np.float64(4.987416556522526), 3.1]",0.7306441808328464,1.5541903874183416,17515297.96587279,0
4.168790181178658e-08,0.4701421907305445,"[np.float64(4.985695621656144), 3.1]",0.730713443055437,1.554239243918943,17528189.505782217,0
4.4463621050288156e-08,0.4671531420593092,"[np.float64(5.164761803422546), 3.1]",0.7237913625207583,1.549366358385462,16278282.007265074,0
4.356191565805696e-08,0.4681018596710179,"[np.float64(5.106494800591236), 3.1]",0.7259821906900208,1.5509064441663214,16665524.913749915,0
4.069313495154596e-08,0.4712656149365666,"[np.float64(4.92166984956718), 3.1]",0.7333299843861572,1.5560863367569582,18020975.41168421,0
4.199213386089316e-08,0.4698043670219125,"[np.float64(5.005286365170337), 3.1]",0.7299282214507384,1.5536854756752259,17382498.919172883,0
3.947512170503043e-08,0.4726823705730868,"[np.float64(4.843297386203998), 3.1]",0.7366413811907478,1.5584278726063623,18660902.09157925,0
4.952370570735829e-08,0.4621761003964231,"[np.float64(5.494856218243249), 3.1]",0.7123923229765203,1.5413871949793139,14384875.13810325,0
4.5020126010635884e-08,0.4665776946304325,"[np.float64(5.200784980012324), 3.1]",0.7224653212907599,1.5484351901198603,16047607.710384449,0
4.2572284893952064e-08,0.46916737025713817,"[np.float64(5.04266312540162), 3.1]",0.7284496195842182,1.5526433971419928,17110888.48998339,0
4.243405067940076e-08,0.46931830259639845,"[np.float64(5.033754779182981), 3.1]",0.7287997283705149,1.552890062753985,17174880.000892878,0
4.226376972356165e-08,0.46950494989171854,"[np.float64(5.022783438587601), 3.1]",0.7292328861192848,1.553195309841711,17254326.599095214,0
4.508813126840234e-08,0.46650788750666833,"[np.float64(5.205190692446343), 3.1]",0.7223046043741855,1.5483223836464304,16019839.014272366,0
4.3397016839553004e-08,0.4682776033452101,"[np.float64(5.095851120163434), 3.1]",0.7263886616517338,1.5511924048100298,16738216.461682847,0
5.733384437089103e-08,0.45541973469898384,"[np.float64(6.02272170187088), 3.1]",0.6971686825796953,1.5308266846198462,12159810.496392509,0
4.0440075933807864e-08,0.47155614089491055,"[np.float64(4.905386863252396), 3.1]",0.7340079717112628,1.5565653971089761,18150509.235261668,0
4.8991400636581795e-08,0.4626744350317443,"[np.float64(5.459806518487717), 3.1]",0.71352657412825,1.5421785171235896,14564322.817001909,0
4.602367444689857e-08,0.4655585880893671,"[np.float64(5.26588918044232), 3.1]",0.7201221258757678,1.5467916268736848,15646776.02407939,0
4.392601033349301e-08,0.46771630477863113,"[np.float64(5.130008294005929), 3.1]",0.7250911504120671,1.5502798234824222,16507102.395757407,0
4.737536405916652e-08,0.46422190220334536,"[np.float64(5.353924262351029), 3.1]",0.7170587804275974,1.5446465947087105,15135689.079498606,0
4.565145357628274e-08,0.4659338454442238,"[np.float64(5.241718565908645), 3.1]",0.7209841696338728,1.5473960019935507,15793235.77132372,0
4.4443311948550587e-08,0.4671742855548901,"[np.float64(5.163448137347594), 3.1]",0.7238401252726812,1.549400614832501,16286817.825607335,0
4.999406387825237e-08,0.4617402556852849,"[np.float64(5.5259055085292434), 3.1]",0.7114015930381103,1.5406964939244778,14229721.247917457,0
4.0639154128885076e-08,0.4713274234414063,"[np.float64(4.91819639141963), 3.1]",0.7334741782858305,1.556188207616596,18048460.751905743,0
4.789435016015865e-08,0.46371911451945863,"[np.float64(5.387847143666741), 3.1]",0.7159094627844561,1.5438429005160517,14947680.89326728,0
4.2136106621098484e-08,0.46964541195900317,"[np.float64(5.014559507074654), 3.1]",0.7295590086458112,1.553425180079257,17314343.14058112,0
4.2281235557483766e-08,0.469485768346499,"[np.float64(5.023908668410761), 3.1]",0.7291883605981622,1.5531639290501185,17246145.979031023,0
4.308821983901086e-08,0.4686086252721002,"[np.float64(5.075927939866591), 3.1]",0.7271548091637429,1.5517315942307217,16875953.84261843,0
4.429554836517608e-08,0.4673284272891272,"[np.float64(5.153892193073073), 3.1]",0.7241957053787972,1.549650445147757,16349175.754829116,0
4.2344402231304866e-08,0.469416467390344,"[np.float64(5.027978361186812), 3.1]",0.7290275142284119,1.5530505742189653,17216620.75298935,0
4.6864187940957286e-08,0.4647227039757908,"[np.float64(5.320580315316731), 3.1]",0.7182051574417394,1.545448826358941,15325244.904415786,0
4.900828873406339e-08,0.4626585403619472,"[np.float64(5.460917117849933), 3.1]",0.7134903722422552,1.5421532512597242,14558565.30951143,0
4.7119709743761834e-08,0.46447166665234024,"[np.float64(5.337239766770701), 3.1]",0.7176303124811646,1.5450464775461,15229939.156748977,0
3.887784600561574e-08,0.47339461836753466,"[np.float64(4.804854924743879), 3.1]",0.738311054239323,1.5596101552344057,18990533.944001865,0
4.3802002216361654e-08,0.4678472407663937,"[np.float64(5.121997776952431), 3.1]",0.7253936442079314,1.5504925133674907,16560741.689953394,0
4.495839502235157e-08,0.4666411571182049,"[np.float64(5.196786458377874), 3.1]",0.7226114580208505,1.5485377725432943,16072892.674696151,0
4.1575632012511996e-08,0.47026752640172287,"[np.float64(4.978467504268867), 3.1]",0.7310049549075381,1.5544448933160697,17582533.79497744,0
4.399758568937134e-08,0.4676409086655917,"[np.float64(5.134632796485118), 3.1]",0.7249170170928189,1.550157404238568,16476290.817655927,0
4.279186089626584e-08,0.46892869692010836,"[np.float64(5.056817026945085), 3.1]",0.7278962827985439,1.5522536530165822,17010157.248432785,0
4.804758782634353e-08,0.4635717296772171,"[np.float64(5.397877421009778), 3.1]",0.7155728617247323,1.5436076359164146,14893002.835251555,0
4.219791666789786e-08,0.4695773482604042,"[np.float64(5.018541094265253), 3.1]",0.7294009635713343,1.5533137751926758,17285236.361590985,0
4.200943978746044e-08,0.46978522930633554,"[np.float64(5.006400945284829), 3.1]",0.7298837606954126,1.5536541278088443,17374279.79016465,0
4.6265382875417955e-08,0.46531659726618224,"[np.float64(5.2816005096172995), 3.1]",0.7195666997431839,1.546402393490295,15553025.93476448,0
4.343367555722946e-08,0.4682384725023867,"[np.float64(5.098217032669784), 3.1]",0.7262981402105897,1.551128715094823,16722005.008615915,0
4.3292148078057477e-08,0.4683897382292867,"[np.float64(5.089083893242338), 3.1]",0.72664811798515,1.551374974038053,16784755.440524098,0
4.7290173724384304e-08,0.4643049751022399,"[np.float64(5.348362717716132), 3.1]",0.7172488307671893,1.5447795505728776,15166973.903446523,0
4.1572023214517236e-08,0.4702715612252369,"[np.float64(4.978235175181202), 3.1]",0.7310143409845837,1.5544515153755256,17584285.884101704,0
4.5373251051297926e-08,0.46621640974317907,"[np.float64(5.2236713517140325), 3.1]",0.7216338721094727,1.5478517208499663,15904389.819755487,0
5.130809201502581e-08,0.4605441827193598,"[np.float64(5.613068455272072), 3.1]",0.7086889371833953,1.5388077056989917,13812420.406821063,0
3.951930353525586e-08,0.47263015250954626,"[np.float64(4.846140551761718), 3.1]",0.7365190999381778,1.55834132889628,18636945.341941975,0
4.7276174628750726e-08,0.4643186410067178,"[np.float64(5.347448983187923), 3.1]",0.717280099198455,1.5448014269753976,15172126.442782141,0
4.3429706710317626e-08,0.4682427073002105,"[np.float64(5.097960879896988), 3.1]",0.726307936100163,1.5511356071894906,16723758.715313027,0
4.4116161593046026e-08,0.4675162879729381,"[np.float64(5.142295620562589), 3.1]",0.724629275679275,1.549955144495885,16425483.30391231,0
4.093578718329647e-08,0.4709888674032716,"[np.float64(4.937284369673978), 3.1]",0.7326846598397709,1.5556305266392407,17898389.41068995,0
4.3836548580788786e-08,0.46781072503785687,"[np.float64(5.1242291475394515), 3.1]",0.7253092729757322,1.5504331862358172,16545765.952331303,0
5.477265183747767e-08,0.4575307165487596,"[np.float64(5.846357137616703), 3.1]",0.7018944367694175,1.5340924912406746,12814687.863791779,0
4.316266093089824e-08,0.46852859623162463,"[np.float64(5.0807297916015495), 3.1]",0.7269695180112278,1.5516011698287862,16842555.633330345,0
3.92636308676754e-08,0.4729332164710901,"[np.float64(4.829686808015592), 3.1]",0.7372290449935152,1.5588438691080628,18776384.88091162,0
4.7612407941508756e-08,0.4639915575444969,"[np.float64(5.36940936752572), 3.1]",0.7165320382077404,1.5442781804042303,15049271.170825701,0
4.741019337228571e-08,0.4641879829228167,"[np.float64(5.356198592506873), 3.1]",0.7169811940899558,1.5445923213595396,15122933.341779558,0
4.35760650868165e-08,0.46808681257655527,"[np.float64(5.107408257426236), 3.1]",0.7259473980539932,1.5508819700731582,16659315.076009957,0
3.903135249402322e-08,0.473210425583595,"[np.float64(4.8147365142384695), 3.1]",0.7378789471415038,1.5593040796417403,18904775.26379578,0
4.2444388574398854e-08,0.46930699689684885,"[np.float64(5.0344209356557945), 3.1]",0.7287734981230563,1.5528715807389437,17170078.839647368,0
4.793113422675017e-08,0.4636836913161377,"[np.float64(5.39025427069725), 3.1]",0.7158285498179274,1.5437863423362854,14934521.399629774,0
4.139885802454824e-08,0.47046561319730146,"[np.float64(4.967087831937584), 3.1]",0.7314658819327128,1.5547701286001414,17668745.391454425,0
4.723787830628117e-08,0.46435604718182427,"[np.float64(5.344949601654867), 3.1]",0.7173656929105978,1.5448613133484284,15186238.64220444,0
4.460161324647163e-08,0.4670097493342752,"[np.float64(5.173689381535565), 3.1]",0.7234607348246763,1.5491341151998932,16220505.989924217,0
4.766569180927904e-08,0.463939942051899,"[np.float64(5.372892241023067), 3.1]",0.7164140524083514,1.544195675931281,15029972.821434801,0
4.4317687631976294e-08,0.46730529788380104,"[np.float64(5.15532373579906), 3.1]",0.7241423398583021,1.5496129471195628,16339804.230575778,0
3.946983412310089e-08,0.47268862418648877,"[np.float64(4.842957118886648), 3.1]",0.7366560267316707,1.5584382382789046,18663773.058537405,0
4.7860059961308414e-08,0.46375216127761115,"[np.float64(5.385603552279168), 3.1]",0.7159849547124225,1.5438956720760593,14959967.774617236,0
4.479336414976944e-08,0.46681126730675937,"[np.float64(5.186100126224288), 3.1]",0.7230033023901977,1.5488128779785533,16140857.38174946,0
4.2470740218750825e-08,0.4692781915982265,"[np.float64(5.036119032409619), 3.1]",0.728706670943992,1.5528244951299075,17157851.9044099,0
4.368965208223336e-08,0.46796620681161966,"[np.float64(5.1147421176711525), 3.1]",0.7256685799979082,1.5506858602933844,16609621.39574935,0
4.7295243538338337e-08,0.4643000269835695,"[np.float64(5.348693641796923), 3.1]",0.7172375094599464,1.5447716299299887,15165108.704399446,0
4.666453798647523e-08,0.4649198375386645,"[np.float64(5.307574619550933), 3.1]",0.7186568507507298,1.5457650819018098,15400492.145856408,0
4.336269051238274e-08,0.4683142763468021,"[np.float64(5.0936358839003), 3.1]",0.7264735063007812,1.551252103539982,16753423.224357538,0
3.9327932519240347e-08,0.4728567934640887,"[np.float64(4.833825124640771), 3.1]",0.7370499632698394,1.5587170861399815,18741131.711138222,0
3.9491939843805074e-08,0.4726624858681622,"[np.float64(4.844379664478103), 3.1]",0.7365948142432237,1.5583949144817029,18651775.96128568,0
5.029131066533523e-08,0.46146694987228265,"[np.float64(5.545567037485048), 3.1]",0.7107809474638375,1.5402640376749752,14133275.471656462,0
4.2070724242407526e-08,0.4697175259647835,"[np.float64(5.010348109983294), 3.1]",0.7297264912148018,1.5535432486066363,17345232.4473947,0
5.7909744111089355e-08,0.4549574364078276,"[np.float64(6.062907477420119), 3.1]",0.6961374707769418,1.5301155999853102,12021076.61607912,0
4.843163057849882e-08,0.46320446101917595,"[np.float64(5.423044671462938), 3.1]",0.7147346849578425,1.5430220239788528,14757601.105322858,0
3.977308812485549e-08,0.4723314349737789,"[np.float64(4.862471054903515), 3.1]",0.7358199212917299,1.5578466026352416,18500447.312058028,0
4.26514838302896e-08,0.4690811318997368,"[np.float64(5.047767779615656), 3.1]",0.7282496434902643,1.552502528807582,17074426.915320747,0
4.283373851421991e-08,0.4688833254537422,"[np.float64(5.059516989595677), 3.1]",0.7277911357564535,1.552179606839642,16991072.01475869,0
4.551031364101834e-08,0.4660769725405998,"[np.float64(5.232560820108811), 3.1]",0.7213131991863733,1.547626769146034,15849444.696778696,0
4.232765711716744e-08,0.46943482788426405,"[np.float64(5.02689947818828), 3.1]",0.7290701256145363,1.5530806031168263,17224438.470487345,0
4.53018031310009e-08,0.46628927037126056,"[np.float64(5.219038877815473), 3.1]",0.7218014839512513,1.5479693182228949,15933173.385262199,0
4.459958889880109e-08,0.46701184952971,"[np.float64(5.173558391592234), 3.1]",0.7234655763982974,1.5491375157329335,16221350.785090879,0
3.884237929258021e-08,0.47343728827149717,"[np.float64(4.802571673946131), 3.1]",0.738411187255019,1.5596810930354306,19010452.003800716,0
4.9663797702022785e-08,0.46204585162948214,"[np.float64(5.504096094729204), 3.1]",0.7120961251769623,1.541180648339631,14338334.121153181,0
4.6321060001141656e-08,0.4652610414198998,"[np.float64(5.285221403523467), 3.1]",0.7194392386870508,1.5463130901556708,15531579.77536177,0
4.292436802859658e-08,0.4687852964346913,"[np.float64(5.065360719971947), 3.1]",0.7275640016375499,1.5520196712033827,16949905.963736974,0
4.0884064487115054e-08,0.47104770868047685,"[np.float64(4.933955923416993), 3.1]",0.7328218253914731,1.555727396369874,17924387.767816674,0
4.289507266810796e-08,0.4688169594840379,"[np.float64(5.063471683572303), 3.1]",0.7276373584432568,1.5520713227696943,16963192.1147029,0
4.8526106297050605e-08,0.46311456833182385,"[np.float64(5.429242513227165), 3.1]",0.7145296632306876,1.5428788297558447,14724644.480163379,0
4.303903300459739e-08,0.4686615851111952,"[np.float64(5.072755455978221), 3.1]",0.7272774496816252,1.551817927447735,16898089.917678636,0
5.490616999746804e-08,0.4574183489770004,"[np.float64(5.855462275968665), 3.1]",0.7016421826215054,1.5339178766892556,12778931.450761564,0
4.2778758079583574e-08,0.46894290263133376,"[np.float64(5.055972288581053), 3.1]",0.727929206842589,1.552276839585439,17016136.96892238,0
4.4803045867887235e-08,0.4668012694355397,"[np.float64(5.186726922303623), 3.1]",0.722980267430125,1.5487967037972268,16136855.283500358,0
4.27488282337637e-08,0.4689753691594338,"[np.float64(5.054042774679046), 3.1]",0.7280044581763303,1.5523298365992362,17029810.83353627,0
4.2515573115288114e-08,0.46922922809706075,"[np.float64(5.039008196898414), 3.1]",0.7285930897865825,1.5527444714843552,17137087.33999375,0
4.573219861415701e-08,0.46585217127885553,"[np.float64(5.246959426079689), 3.1]",0.720796470601766,1.5472643792193528,15761246.833617877,0
4.465348972224409e-08,0.46695596336484274,"[np.float64(5.1770463939166795), 3.1]",0.723336751836425,1.5490470378065746,16198885.156250073,0
5.447506915024811e-08,0.4577821168948075,"[np.float64(5.826096780044195), 3.1]",0.7024590922706724,1.5344834722586782,12895056.458454683,0
4.6331831168544406e-08,0.46525030172651793,"[np.float64(5.285921973019981), 3.1]",0.7194146010191682,1.546295829039682,15527437.247237338,0
4.757939699381739e-08,0.46402356470305184,"[np.float64(5.36725200544545), 3.1]",0.7166052106070689,1.544329351173479,15061250.370621275,0
4.444998814238169e-08,0.4671673339482935,"[np.float64(5.163879970498739), 3.1]",0.72382409262792,1.549389351585172,16284010.927277979,0
4.3355814891550645e-08,0.4683216257171128,"[np.float64(5.093192185251105), 3.1]",0.7264905104416955,1.5512640684257624,16756472.280798417,0
4.16139844322971e-08,0.470224669668107,"[np.float64(4.980936619414541), 3.1]",0.7309052651934783,1.5543745625029932,17563933.739212297,0
4.3516901912628506e-08,0.46814976367589745,"[np.float64(5.1035889769128735), 3.1]",0.726092966388657,1.5509843702310078,16685309.25860663,0
4.2980659967801145e-08,0.4687245194867301,"[np.float64(5.068990810499801), 3.1]",0.727423211969758,1.5519205454971976,16924430.953705814,0
4.224558058153121e-08,0.4695249348205682,"[np.float64(5.021611635416353), 3.1]",0.7292792790339421,1.5532280076086706,17262853.746949475,0
5.0003165937305746e-08,0.4617318624350798,"[np.float64(5.526507105340949), 3.1]",0.7113825259177484,1.5406832055428488,14226749.698402775,0
4.803922185838345e-08,0.4635797636617856,"[np.float64(5.397329650434361), 3.1]",0.7155912063761646,1.5436204564318283,14895978.300516224,0
4.1605374836326525e-08,0.4702342867219605,"[np.float64(4.980382329796196), 3.1]",0.7309276345389735,1.5543903436610853,17568105.981845047,0
3.946221389006903e-08,0.47269763823073396,"[np.float64(4.842466739016271), 3.1]",0.7366771374631719,1.558453179966141,18667912.031376485,0
4.5135371267062794e-08,0.46645946080951123,"[np.float64(5.208251620409561), 3.1]",0.7221931299271973,1.5482441468201251,16000602.402360484,0
4.5016912876320425e-08,0.4665809956365423,"[np.float64(5.2005768379440465), 3.1]",0.722472921968254,1.548440525278159,16048921.96746538,0
4.669654000973831e-08,0.46488818014638505,"[np.float64(5.309658672669885), 3.1]",0.7185842972874151,1.5457142770572176,15388384.17444972,0
4.4395582941425004e-08,0.4672240156085739,"[np.float64(5.160361108080547), 3.1]",0.7239548278356376,1.54948119884776,16306911.180574311,0
4.569198958329941e-08,0.4658928241555487,"[np.float64(5.244349443155034), 3.1]",0.7208898914582303,1.5473298880807513,15777161.336868515,0
4.448978294143141e-08,0.46712592030664624,"[np.float64(5.166454145339411), 3.1]",0.7237285858456334,1.5493222584834074,16267298.646936223,0
4.490153758465408e-08,0.4666996903423734,"[np.float64(5.193104205741468), 3.1]",0.7227462668630396,1.5486324114182055,16096247.60623011,0
4.225327322078299e-08,0.469516481574511,"[np.float64(5.022107216876227), 3.1]",0.7292596553961238,1.5532141767432126,17259246.43957347,0
4.088683919356104e-08,0.4710445500500184,"[np.float64(4.934134478786273), 3.1]",0.7328144617035781,1.5557221957578395,17922991.264606815,0
3.920936916654182e-08,0.4729978134198873,"[np.float64(4.826194522292571), 3.1]",0.7373804444143817,1.558951063817705,18806230.757816017,0
4.454621944337587e-08,0.4670672548483629,"[np.float64(5.170105241864187), 3.1]",0.7235933123053223,1.5492272361080903,16243652.578084769,0
4.267110868939069e-08,0.4690597891630417,"[np.float64(5.049032761290766), 3.1]",0.7282001597179262,1.5524676737208212,17065414.56465551,0
5.497483504592369e-08,0.45736066400729425,"[np.float64(5.860148433191236), 3.1]",0.7015127162536902,1.5338282704664388,12760615.209989728,0
4.6850033714951414e-08,0.46473665113913226,"[np.float64(5.319657958978668), 3.1]",0.718237106520633,1.545471192685442,15330556.87623592,0
4.3619419755866255e-08,0.46804073964887494,"[np.float64(5.110207300286167), 3.1]",0.7258408749988957,1.550807042018229,16640314.774046928,0
3.964940684396385e-08,0.472476753818801,"[np.float64(4.854512599715172), 3.1]",0.7361599822961886,1.5580871997323966,18566733.802431654,0
3.9942600443678e-08,0.47213306467390964,"[np.float64(4.873378176876232), 3.1]",0.7353559359846368,1.5575184010730714,18410317.00030504,0
4.457507085332299e-08,0.46703729418229667,"[np.float64(5.1719719496212315), 3.1]",0.7235242361176704,1.5491787168398168,16231589.143143963,0
4.504485101470521e-08,0.4665523017219677,"[np.float64(5.202386690610459), 3.1]",0.722406855597483,1.5483941520193947,16037501.275376583,0
4.4786258263023335e-08,0.46681860667921604,"[np.float64(5.185640100047271), 3.1]",0.7230202126125389,1.5488247517721097,16143795.90200065,0
4.841376181435653e-08,0.46322148311674916,"[np.float64(5.421872734292721), 3.1]",0.714773513688832,1.5430491454747195,14763849.924111336,0
4.331726164505234e-08,0.4683628583397561,"[np.float64(5.090704364610037), 3.1]",0.7265859162554856,1.5513312025446975,16773588.372442182,0
4.891941281762132e-08,0.4627422508305028,"[np.float64(5.455073443974886), 3.1]",0.7136810501781198,1.5422863352054987,14588912.84813304,0
4.447582126429052e-08,0.46714044549512584,"[np.float64(5.1655509887181665), 3.1]",0.7237620821072488,1.5493457890166793,16273158.348362075,0
4.35000599509425e-08,0.4681677005488626,"[np.float64(5.10250182353911), 3.1]",0.7261344483362597,1.551013552376566,16692722.93314453,0
3.989620943841686e-08,0.4721872621284119,"[np.float64(4.870393224761263), 3.1]",0.7354826776748387,1.5576080438078892,18434901.16047535,0
4.113265315116694e-08,0.47076563911219343,"[np.float64(4.949953786892217), 3.1]",0.7321644937411754,1.5552632412211485,17800079.441761073,0
4.257168567669001e-08,0.4691680233874391,"[np.float64(5.04262450588568), 3.1]",0.728451134295514,1.5526444642071413,17111164.91434529,0
4.216413555815874e-08,0.4696145339389935,"[np.float64(5.016364997711664), 3.1]",0.7294873056503036,1.5533746358562863,17301132.727933947,0
4.4214813565450045e-08,0.4674128762751573,"[np.float64(5.148672445990372), 3.1]",0.7243905801643822,1.5497873869823535,16383436.268301472,0
4.052896317633577e-08,0.47145386948091306,"[np.float64(4.911106177261493), 3.1]",0.7337692431144848,1.5563966924746846,18104811.61143844,0
4.546095205538086e-08,0.4661271386434174,"[np.float64(5.22935895796193), 3.1]",0.7214285551626206,1.5477076860665395,15869191.526912397,0
4.198068202082432e-08,0.46981703566259514,"[np.float64(5.004548826065543), 3.1]",0.729957654546841,1.553706228462667,17387941.77247404,0
4.5601038707710445e-08,0.4659849169731246,"[np.float64(5.238446987064759), 3.1]",0.7211015610462996,1.5474783298359176,15813270.519304471,0
4.055721497349884e-08,0.4714214145811028,"[np.float64(4.912924016235298), 3.1]",0.7336934989491632,1.5563431703693626,18090332.371899255,0
4.407823174185321e-08,0.46755611287545673,"[np.float64(5.139844229527409), 3.1]",0.724721218062405,1.5500197689757282,16441703.521746924,0
4.487929229826265e-08,0.46672261246274543,"[np.float64(5.191663689727143), 3.1]",0.7227990651567933,1.5486694791641111,16105402.472774154,0
5.321559569161089e-08,0.45886115096119917,"[np.float64(5.740832646588353), 3.1]",0.7048871484869468,1.5361665440850347,13245875.374050692,0
3.9640348713389725e-08,0.4724874160448132,"[np.float64(4.853929728823527), 3.1]",0.7361849384048386,1.5581048582572512,18571606.010019027,0
4.6688456381070145e-08,0.4648961745995194,"[np.float64(5.309132223405665), 3.1]",0.7186026186378488,1.5457271061799607,15391440.93290706,0
4.5990466590191163e-08,0.46559193806858234,"[np.float64(5.263731614877978), 3.1]",0.7201987012660059,1.5468453003151434,15659738.955977667,0
4.2877268658849444e-08,0.4688362136977149,"[np.float64(5.062323680343321), 3.1]",0.7276819696718779,1.5521027352657861,16971276.213082466,0
3.9348067944591576e-08,0.47283289042326454,"[np.float64(4.835120967694118), 3.1]",0.7369939591755135,1.558677439963579,18730118.08898266,0
4.3442114238425874e-08,0.4682294697136293,"[np.float64(5.098761678729257), 3.1]",0.7262773154378162,1.5511140635424119,16718277.37139464,0
4.217554979709769e-08,0.46960196576743923,"[np.float64(5.017100265454396), 3.1]",0.7294581223944427,1.5533540648671218,17295758.464413434,0
4.277194180442921e-08,0.4689502944835526,"[np.float64(5.055532850073082), 3.1]",0.7279463391752727,1.5522889051108248,17019249.266347103,0
4.3154758932665074e-08,0.4685370844266932,"[np.float64(5.080220041032409), 3.1]",0.7269891687668565,1.5516150010973153,16846095.001971558,0
3.951518585412084e-08,0.47263501646311634,"[np.float64(4.845875575205875), 3.1]",0.7365304893152582,1.5583493894019083,18639175.633244533,0
4.85628013323626e-08,0.46307970157267503,"[np.float64(5.4316505176151555), 3.1]",0.7144501550670334,1.542823303722175,14711881.01726987,0
4.0567746123172065e-08,0.47140932294816207,"[np.float64(4.913601637347891), 3.1]",0.7336652808994629,1.556323231605115,18084940.64895554,0
4.2803719224262975e-08,0.4689158444478973,"[np.float64(5.057581547662751), 3.1]",0.7278664962255855,1.5522326763826404,17004748.87268674,0
4.401858707743357e-08,0.4676188108143335,"[np.float64(5.13598983883801), 3.1]",0.7248659872619216,1.5501215316800574,16467270.655162148,0
4.2291160732025635e-08,0.4694748719771927,"[np.float64(5.024548104840037), 3.1]",0.729163068253688,1.5531461038219552,17241500.484556764,0
4.4021185999136146e-08,0.46761607698035557,"[np.float64(5.136157777186867), 3.1]",0.7248596743281385,1.5501170939394149,16466155.054122413,0
4.109527206924039e-08,0.4708079370490509,"[np.float64(4.94754800789139), 3.1]",0.7322630315360082,1.5553328096499737,17818668.539345272,0
4.270354306217813e-08,0.46902453858035836,"[np.float64(5.051123499459844), 3.1]",0.7281184366151345,1.552410112313101,17050539.238745693,0
3.897602186853043e-08,0.47327672533353143,"[np.float64(4.811174880031771), 3.1]",0.738034457584883,1.5594142244471652,18935602.511573356,0
4.1452174584615975e-08,0.4704057727546949,"[np.float64(4.970519877386881), 3.1]",0.7313266128099989,1.5546718496402632,17642659.76727344,0
4.7934597970628335e-08,0.4636803571542809,"[np.float64(5.390480955417159), 3.1]",0.7158209344032367,1.543781019313399,14933283.363341277,0
4.3486860023259756e-08,0.46818176376788806,"[np.float64(5.101649789049755), 3.1]",0.7261669732727564,1.5510364338598426,16698537.739545979,0
3.997998555428862e-08,0.47208943839289225,"[np.float64(4.875783643891477), 3.1]",0.7352539290286384,1.5574462574965082,18390550.142401647,0
4.980214071504857e-08,0.46191759332061905,"[np.float64(5.513227132478627), 3.1]",0.7118045587872668,1.5409773714620134,14292649.845314438,0
4.2225263502805895e-08,0.4695472686703291,"[np.float64(5.0203027742012445), 3.1]",0.7293311277700746,1.5532645516933903,17272387.83771261,0
5.3579894075173486e-08,0.45854650072333286,"[np.float64(5.765416693391639), 3.1]",0.7041783637906013,1.5356749264901097,13142585.963358331,0
4.47147793687425e-08,0.46689250240306224,"[np.float64(5.18101312085577), 3.1]",0.7231904906874849,1.548944322226798,16173410.690985657,0
5.0974286090125783e-08,0.4608450881979297,"[np.float64(5.590864719400571), 3.1]",0.7093705309555632,1.5392819607331774,13916242.587514633,0
4.168026784271989e-08,0.47015070162823086,"[np.float64(4.9852041117208765), 3.1]",0.7307332349064695,1.554253205144194,17531874.73899843,0
4.343832811113718e-08,0.46823350870567726,"[np.float64(5.098517314912404), 3.1]",0.7262866581552542,1.551120636715866,16719949.632892087,0
4.7110850104039405e-08,0.4644803472352031,"[np.float64(5.336661867027889), 3.1]",0.7176501832623923,1.54506038314467,15233225.078247083,0
4.441203292386553e-08,0.46720686959616586,"[np.float64(5.161425024065374), 3.1]",0.7239152787002495,1.5494534130586985,16299980.681839986,0
5.609523189225354e-08,0.4564291053968364,"[np.float64(5.936968974758649), 3.1]",0.6994248381077101,1.5323843940662025,12468525.65742396,0
4.868824514120617e-08,0.46296071060692184,"[np.float64(5.439885468548551), 3.1]",0.7141788729497405,1.5426338706225897,14668404.47583336,0
4.1307495712302176e-08,0.47056834799352815,"[np.float64(4.961207042508932), 3.1]",0.7317050348515565,1.5549389115768149,17713614.01203609,0
5.00384394378833e-08,0.4616993503617445,"[np.float64(5.5288387668772785), 3.1]",0.7113086717726148,1.5406317362484911,14215244.914974194,0
4.761769530308642e-08,0.46398643308116017,"[np.float64(5.369754939189777), 3.1]",0.7165203236435711,1.5442699884249371,15047354.120835172,0
4.31569524545128e-08,0.4685347280162375,"[np.float64(5.0803615423923105), 3.1]",0.726983713468038,1.5516111613456403,16845112.365945555,0
4.060558672526892e-08,0.4713659032496986,"[np.float64(4.916036483943256), 3.1]",0.7335639608587546,1.5562516418803436,18065591.95467201,0
4.26081594003643e-08,0.4691282859158669,"[np.float64(5.044975294346643), 3.1]",0.7283589818892386,1.5525795475480282,17094354.511896875,0
4.2277535689743763e-08,0.469489830953025,"[np.float64(5.023670303801152), 3.1]",0.7291977908015826,1.5531705752207077,17247878.309484366,0
5.465887108523616e-08,0.45762668278165425,"[np.float64(5.8386052406772935), 3.1]",0.7021099341404206,1.5342416877282825,12845306.172634557,0
4.8633999594308406e-08,0.46301212731833924,"[np.float64(5.436323851632681), 3.1]",0.7142960845621245,1.5427157139472019,14687175.443528973,0
4.2524583701122034e-08,0.4692193939959597,"[np.float64(5.039588886939028), 3.1]",0.7285702793804525,1.5527284010488407,17132919.736524753,0
4.258033361255866e-08,0.4691585983274158,"[np.float64(5.043181867961255), 3.1]",0.7284292763739304,1.552629066100106,17107176.35521501,0
4.25414786795584e-08,0.46920096091485336,"[np.float64(5.0406777084869185), 3.1]",0.7285275251368132,1.5526982803196352,17125110.545037962,0
4.3629063364521056e-08,0.468030498005108,"[np.float64(5.1108299388567335), 3.1]",0.7258171976275559,1.550790388064913,16636093.962488934,0
4.796707554348161e-08,0.46364910661956193,"[np.float64(5.392606613275453), 3.1]",0.7157495598440955,1.5437311312051973,14921684.337317515,0
4.2637088066734154e-08,0.46909679447523267,"[np.float64(5.046839878429236), 3.1]",0.7282859595062666,1.5525281095151857,17081043.582675666,0
5.5918548108281483e-08,0.4565748167265907,"[np.float64(5.924808834629348), 3.1]",0.6997510590836332,1.532609844976761,12513755.860195532,0
4.6536518817375035e-08,0.46504670355056177,"[np.float64(5.2992400849378765), 3.1]",0.7189476705887444,1.5459687491593572,15449107.257251818,0
3.965463903029802e-08,0.47247059627960253,"[np.float64(4.854849278653558), 3.1]",0.7361455702374757,1.5580770021121768,18563920.596403003,0
4.355534351507528e-08,0.46810885052603496,"[np.float64(5.10607052569813), 3.1]",0.7259983557857469,1.5509178153113532,16668410.743551271,0
4.523559944991978e-08,0.4663568905550398,"[np.float64(5.214747281399883), 3.1]",0.7219570708191289,1.5480784897589561,15959931.549451573,0
4.328028778928225e-08,0.46840243845398394,"[np.float64(5.088318624932371), 3.1]",0.7266775087081897,1.551395656919875,16790034.120062876,0
4.0531390324357496e-08,0.47145108027655525,"[np.float64(4.911262349712948), 3.1]",0.7337627333220418,1.556392092455517,18103566.826847393,0
4.396651792030738e-08,0.4676736189156387,"[np.float64(5.1326254113940735), 3.1]",0.7249925595355582,1.5502105105191661,16489651.530959575,0
4.244471295201705e-08,0.46930664219955814,"[np.float64(5.034441838148383), 3.1]",0.7287726752065306,1.5528710009108342,17169928.23182464,0
4.2098722709804904e-08,0.4696866301404925,"[np.float64(5.012151503806835), 3.1]",0.7296547325007456,1.5534926601646966,17331992.17302636,0
4.845143308954482e-08,0.46318560429754346,"[np.float64(5.42434354543898), 3.1]",0.7146916734534079,1.5429919816642244,14750681.824675046,0
4.680784184805048e-08,0.4647782516692448,"[np.float64(5.316908824273934), 3.1]",0.7183324091461608,1.5455379131150817,15346411.643545555,0
4.85511253985568e-08,0.46309079285109633,"[np.float64(5.430884274769982), 3.1]",0.7144754461474646,1.5428409659122704,14715939.955713212,0
4.3504530109283364e-08,0.468162939063173,"[np.float64(5.102790370088445), 3.1]",0.7261234364215169,1.5510058055311704,16690754.608715348,0
4.1467449368300604e-08,0.47038864420188314,"[np.float64(4.971503157025033), 3.1]",0.7312867530867145,1.5546437230165322,17635199.758530114,0
4.3296703517159257e-08,0.46838486116060085,"[np.float64(5.089377830834761), 3.1]",0.726636831801032,1.5513670318048156,16782728.770864803,0
4.3454802091173466e-08,0.4682159371989431,"[np.float64(5.099580589480202), 3.1]",0.7262460137237616,1.551092041139092,16712675.671609528,0
4.177383921498564e-08,0.4700464969367261,"[np.float64(4.991228899649904), 3.1]",0.7304909420635999,1.5540823021215553,17486804.08099883,0
4.1804605060142965e-08,0.47001228968192815,"[np.float64(4.993209936805258), 3.1]",0.7304114199287529,1.5540262158316007,17472032.539906383,0
4.739206116733262e-08,0.4642056381574393,"[np.float64(5.355014532585664), 3.1]",0.7170215774350269,1.544620570058313,15129571.48884823,0
4.5596542232333515e-08,0.4659894748804618,"[np.float64(5.238155221238138), 3.1]",0.721112038519152,1.547485678092055,15815059.721958378,0
4.3009301295523196e-08,0.4686936287253062,"[np.float64(5.070837927161805), 3.1]",0.7273516627012852,1.5518701730156743,16911496.834220707,0
4.058822306272343e-08,0.4713858215106002,"[np.float64(4.914919219554887), 3.1]",0.7336104386832849,1.5562844812182963,18074465.530299082,0
4.280534188920927e-08,0.46891408604203955,"[np.float64(5.057686163906656), 3.1]",0.7278624210702146,1.5522298065598301,17004009.054619893,0
4.371554780321875e-08,0.4679387574637502,"[np.float64(5.11641433540424), 3.1]",0.7256051352741755,1.5506412403345025,16598331.068397354,0
4.234534814930649e-08,0.46941543045268436,"[np.float64(5.0280393070994025), 3.1]",0.7290251077484715,1.5530488783579837,17216179.33516532,0
5.1728562787282104e-08,0.46016792248511534,"[np.float64(5.641099646053922), 3.1]",0.7078374575561514,1.538215557776188,13683686.911366869,0
4.210447365290666e-08,0.46968028680098517,"[np.float64(5.012521931640753), 3.1]",0.7296400002076759,1.553482274457991,17329274.9417212,0
3.987506423118794e-08,0.4722119883058167,"[np.float64(4.8690326633715095), 3.1]",0.7355405066098143,1.557648947560093,18446127.19230475,0
4.279804883741617e-08,0.4689219897383825,"[np.float64(5.057215969254135), 3.1]",0.7278807382667005,1.5522427060262078,17007334.63415162,0
4.038819208784171e-08,0.4716159498497316,"[np.float64(4.902048512904464), 3.1]",0.7341476131033685,1.5566640893661166,18177283.387843776,0
4.575636593542377e-08,0.4658277551348944,"[np.float64(5.248528293481921), 3.1]",0.7207403670502153,1.5472250399538845,15751696.01684278,0
4.332765332737943e-08,0.4683517406184555,"[np.float64(5.091374917143775), 3.1]",0.7265601905178672,1.5513130997622622,16768971.654847099,0
4.469618418357046e-08,0.4669117466874341,"[np.float64(5.179809555957732), 3.1]",0.7232348410738567,1.5489754674302798,16181131.662234945,0
4.86445110500226e-08,0.4630021594524085,"[np.float64(5.437013935746642), 3.1]",0.7142733601018455,1.5426998460366033,14683534.57941713,0
4.351075934476636e-08,0.46815630472420505,"[np.float64(5.103192468345723), 3.1]",0.7261080933914105,1.5509950118458131,16688012.443955416,0
4.642408421594793e-08,0.4651584243457349,"[np.float64(5.2919232886299135), 3.1]",0.7192038574367838,1.5461481933781478,15492041.891258627,0
4.294055363306138e-08,0.4687678125631936,"[np.float64(5.066404445116077), 3.1]",0.7275234978510609,1.5519911528758918,16942573.774617475,0
3.999820672860658e-08,0.4720681914088822,"[np.float64(4.876956042947165), 3.1]",0.7352042538138996,1.5574111265995085,18380930.395264048,0
4.3820972670866926e-08,0.467827185101531,"[np.float64(5.123223070094693), 3.1]",0.7253473036328522,1.5504599277945603,16552514.912912413,0
4.344751074691093e-08,0.4682237134334463,"[np.float64(5.0991099826116315), 3.1]",0.7262640005892953,1.5511046957952228,16715894.377008282,0
5.3137029001381564e-08,0.4589292871951978,"[np.float64(5.7355387911726075), 3.1]",0.7050407148537678,1.5362730915751965,13268350.303052073,0
5.00778348860259e-08,0.46166306635339593,"[np.float64(5.531443415517601), 3.1]",0.7112262572252821,1.5405743042066298,14202416.27546378,0
4.281929730150759e-08,0.4688989661506456,"[np.float64(5.058585906172129), 3.1]",0.7278273811154171,1.5522051308630616,16997648.886914164,0
4.3457885744009174e-08,0.4682126488932343,"[np.float64(5.099779620331069), 3.1]",0.7262384078055901,1.5510866900376992,16711314.767670322,0
4.1810539491000626e-08,0.4700056945478785,"[np.float64(4.9935920661830595), 3.1]",0.7303960889875204,1.5540154033455365,17469185.94879007,0
4.905567988124113e-08,0.46261396669734756,"[np.float64(5.464034148237757), 3.1]",0.7133888592837635,1.5420824070157797,14542431.39654381,0
4.414511303294652e-08,0.4674859143958719,"[np.float64(5.144166881680186), 3.1]",0.7245591600864432,1.5499058640574976,16413122.774103848,0
4.669313590053741e-08,0.4648915465279461,"[np.float64(5.309436976934892), 3.1]",0.7185920121690127,1.5457196792151517,15389671.272019709,0
4.3813172653276336e-08,0.46783543020839435,"[np.float64(5.122719264575241), 3.1]",0.7253663544459608,1.5504733237558577,16555896.560750848,0
4.5181352501213673e-08,0.46641237550736947,"[np.float64(5.211231376514875), 3.1]",0.7220847576540668,1.5481680923851422,15981919.922265938,0
4.374302015286253e-08,0.46790965572313936,"[np.float64(5.118188460512851), 3.1]",0.7255378765975359,1.5505939399268014,16586369.072416618,0
4.084007331672103e-08,0.4710978177038258,"[np.float64(4.931125070793714), 3.1]",0.732938652768574,1.5558099087382415,17946555.753818616,0
4.626812731370731e-08,0.4653138571781095,"[np.float64(5.281778974673357), 3.1]",0.7195604127330857,1.5463979884391397,15551967.51003817,0
4.27366973302808e-08,0.4689885351159431,"[np.float64(5.053260745653143), 3.1]",0.7280349763333173,1.5523513301947411,17035358.879205506,0
5.261989769933727e-08,0.4593802530060497,"[np.float64(5.700764099662486), 3.1]",0.7060578433812511,1.5369790903309744,13418077.082087213,0
4.904062179323175e-08,0.4626281248076488,"[np.float64(5.46304366423695), 3.1]",0.7134211018836927,1.5421049080842597,14547554.166251501,0
4.646393311325877e-08,0.46511879633806175,"[np.float64(5.2945161653966775), 3.1]",0.7191129773815815,1.5460845337648095,15476799.513048073,0
4.5575367386965874e-08,0.4660109453372186,"[np.float64(5.236781288601068), 3.1]",0.7211613954390418,1.5475202946514253,15823490.55611315,0
4.235049677829412e-08,0.46940978683850315,"[np.float64(5.028371036810452), 3.1]",0.729012010415044,1.5530396486297697,17213777.07164664,0
4.411632862399338e-08,0.4675161126768035,"[np.float64(5.142306416168502), 3.1]",0.7246288710016116,1.5499548600639388,16425411.941634474,0
4.431667153330355e-08,0.4673063591587449,"[np.float64(5.155258032404575), 3.1]",0.7241447884190017,1.5496146676082536,16340234.123287302,0
4.852344329462558e-08,0.4631170997019171,"[np.float64(5.4290677771902125), 3.1]",0.7145354359226374,1.5428828613379733,14725571.546604954,0
4.316578817742838e-08,0.468525237451965,"[np.float64(5.080931529295656), 3.1]",0.7269617423332007,1.5515956969292002,16841155.299773555,0
4.7578164761184e-08,0.46402475990858694,"[np.float64(5.367171481073583), 3.1]",0.7166079431237745,1.5443312621183114,15061697.875921633,0
4.2176321025809874e-08,0.46960111670210297,"[np.float64(5.017149945825934), 3.1]",0.72945615090408,1.553352675195658,17295395.453237563,0
4.101516848948862e-08,0.4708987169475012,"[np.float64(4.942392847022355), 3.1]",0.7324745526031358,1.5554821583529537,17858625.95665929,0
4.357796559550615e-08,0.468084791890881,"[np.float64(5.10753095212763), 3.1]",0.7259427258354434,1.5508786835455952,16658481.319979383,0
4.2924587495760006e-08,0.46878505931682246,"[np.float64(5.065374872082996), 3.1]",0.7275634523083196,1.55201928442136,16949806.503794283,0
4.531535851859378e-08,0.4662754377159412,"[np.float64(5.21991769533553), 3.1]",0.7217696600824158,1.5479469894833358,15927704.947678162,0
4.1000529019288234e-08,0.4709153282778718,"[np.float64(4.941450729122287), 3.1]",0.7325132634913017,1.5555094929062694,17865946.635632414,0
4.013960492358815e-08,0.4719036694680522,"[np.float64(4.886053911358166), 3.1]",0.7348197025619849,1.5571392004438145,18306600.27573331,0
5.0663485548344296e-08,0.461127034200924,"[np.float64(5.570229661021186), 3.1]",0.7100096973721545,1.539726896737931,14014229.176842688,0
4.0234779172419745e-08,0.4717932849857494,"[np.float64(4.892177598584398), 3.1]",0.7345617899394458,1.5569568565640635,18256886.3318871,0
4.2800382346058046e-08,0.46891946068965445,"[np.float64(5.057366413699253), 3.1]",0.7278748770308454,1.552238578369806,17006270.43809302,0
4.2450170410989803e-08,0.4693006750648221,"[np.float64(5.03479351140335), 3.1]",0.728758831259067,1.5528612464885274,17167394.71722829,0
4.7158438296393536e-08,0.4644337405960389,"[np.float64(5.33976619829592), 3.1]",0.717543501314661,1.5449857290596274,15215590.830316693,0
4.5845632039004214e-08,0.4657376864586224,"[np.float64(5.2543242071305), 3.1]",0.7205334396793328,1.5470799564409896,15716512.29644566,0
3.952376411633047e-08,0.47262488413411985,"[np.float64(4.846427593730597), 3.1]",0.7365067637451977,1.5583325983660954,18634529.888839386,0
4.455036798417503e-08,0.46706294555017325,"[np.float64(5.170373647268103), 3.1]",0.7235833765948939,1.5492202571166385,16241916.943355478,0
4.194356982875336e-08,0.4698581166537038,"[np.float64(5.002158730434929), 3.1]",0.730053105280499,1.553773531635221,17405602.53362196,0
4.70271257699032e-08,0.46456246283163666,"[np.float64(5.33120163478609), 3.1]",0.7178381783684419,1.5451919511383243,15264343.00664511,0
4.769145814210864e-08,0.4639150037715174,"[np.float64(5.374576719048388), 3.1]",0.7163570530556752,1.5441558199925949,15020657.387348277,0
4.353071665962602e-08,0.4681350563175455,"[np.float64(5.104480749070103), 3.1]",0.7260589547637054,1.5509604439262608,16679232.745945403,0
4.0066886274907376e-08,0.4719882014304103,"[np.float64(4.881375047326003), 3.1]",0.7350172644198485,1.5572788942441795,18344756.30017116,0
4.4511721806125414e-08,0.4671031056597437,"[np.float64(5.1678733951022355), 3.1]",0.7236759761513399,1.5492853020731017,16258098.918378672,0
4.154336430271475e-08,0.4703036167618987,"[np.float64(4.976390181029935), 3.1]",0.7310889144623017,1.5545041296852948,17598211.57321452,0
5.4070729157467665e-08,0.4581258522983684,"[np.float64(5.798639643468323), 3.1]",0.7032317771972223,1.535018758861094,13005775.73402484,0
5.125726571605779e-08,0.46058987301988813,"[np.float64(5.6096848393513445), 3.1]",0.7087923954417206,1.5388796779105804,13828135.10514025,0
4.627273973157934e-08,0.46530925245196014,"[np.float64(5.282078914277277), 3.1]",0.719549847501821,1.546390585852598,15550188.981154198,0
4.132051373686469e-08,0.4705536945774253,"[np.float64(4.962044961363224), 3.1]",0.7316709194772977,1.554914833118812,17707207.711324435,0
4.233753066059684e-08,0.4694240009125899,"[np.float64(5.027535625056989), 3.1]",0.7290449979082205,1.5530628951457766,17219828.046956364,0
4.949018939254257e-08,0.46220731708779145,"[np.float64(5.492646597663467), 3.1]",0.7124633285879445,1.5414367151886077,14396051.76971301,0
4.3970404906698874e-08,0.4676695250957791,"[np.float64(5.1328765542130075), 3.1]",0.7249831047178836,1.5502038636565136,16487978.817939717,0
5.6826937368866576e-08,0.45583029445676443,"[np.float64(5.9875179093935404), 3.1]",0.6980856026169533,1.5314594293231356,12284413.606273443,0
4.581135309340351e-08,0.4657722519431746,"[np.float64(5.252098333185806), 3.1]",0.7206128456755403,1.5471356283445088,15730005.70854789,0
5.0392387251116867e-08,0.46137438483102744,"[np.float64(5.5522599957992895), 3.1]",0.7105708501098214,1.5401176863558625,14100757.849968156,0
4.5725560687741725e-08,0.4658588799057326,"[np.float64(5.246528533292683), 3.1]",0.7208118863889511,1.547275188861504,15763872.01266597,0
4.353046880509044e-08,0.4681353201430621,"[np.float64(5.104464749307515), 3.1]",0.7260595648633729,1.5509608731114097,16679341.729911892,0
4.048098744113585e-08,0.47150903891373724,"[np.float64(4.908019240769056), 3.1]",0.733898014773002,1.5564876899576656,18129449.43203712,0
4.189247140796504e-08,0.4699147434379503,"[np.float64(4.998868045197716), 3.1]",0.7301846941652199,1.5538663222675346,17429974.16061707,0
4.7156760285396435e-08,0.4644353831702665,"[np.float64(5.33965672652664), 3.1]",0.7175472609090859,1.5449883598684087,15216211.982469391,0
4.1279101806440135e-08,0.47060032616428615,"[np.float64(4.959379463940326), 3.1]",0.7317794897039298,1.554991463071078,17727602.04752715,0
4.029648942887462e-08,0.4717218639502519,"[np.float64(4.896148155911002), 3.1]",0.7343949572913077,1.556838920166646,18224787.51126826,0
4.465871351603889e-08,0.4669505509357627,"[np.float64(5.177384458768415), 3.1]",0.7233242765769808,1.5490382763816182,16196711.002819274,0
4.5609463256496936e-08,0.46597637858998125,"[np.float64(5.238993647235359), 3.1]",0.721081933826537,1.5474645646384286,15809919.309318356,0
4.6960593465283905e-08,0.4646278245421177,"[np.float64(5.326863851427097), 3.1]",0.7179878478892345,1.5452967083854665,15289156.18198084,0
4.547997531250168e-08,0.46610779859376655,"[np.float64(5.230592854301703), 3.1]",0.7213840811895352,1.5476764889279468,15861575.918473264,0
4.7145881179862095e-08,0.4644460339915153,"[np.float64(5.3389470017253355), 3.1]",0.7175716393828863,1.5450054190709166,15220240.271792607,0
4.332257071851795e-08,0.46835717798154197,"[np.float64(5.0910469459254815), 3.1]",0.7265727721493278,1.551321953216573,16771229.409956483,0
4.290061057558664e-08,0.46881097222961504,"[np.float64(5.063828774643176), 3.1]",0.7276234867051787,1.5520615553101902,16960679.042625234,0
4.712235932036897e-08,0.4644690709521617,"[np.float64(5.337412598126395), 3.1]",0.7176243707394206,1.545042319541946,15228956.722233186,0
4.10163562798181e-08,0.4708973694488907,"[np.float64(4.942469287143117), 3.1]",0.7324714124833731,1.5554799410763593,17858032.231980152,0
4.333845829958999e-08,0.468340183735764,"[np.float64(5.092072151838275), 3.1]",0.7265334494297324,1.5512942827891962,16764173.852409648,0
4.452051635942508e-08,0.4670939633604609,"[np.float64(5.168442346223322), 3.1]",0.7236548952986877,1.5492704938689954,16254413.79557334,0
4.3570062517803654e-08,0.4680931953265694,"[np.float64(5.107020741329699), 3.1]",0.7259621563865788,1.5508923514260975,16661948.926282473,0
4.205192930195983e-08,0.46973827822392095,"[np.float64(5.009137550944964), 3.1]",0.7297746939190033,1.5535772317263121,17354131.095359568,0
4.925380407479364e-08,0.46242809415671,"[np.float64(5.477073020545802), 3.1]",0.7129656851477891,1.5417871322199028,14475342.535271501,0
4.2427938555554115e-08,0.46932498830553204,"[np.float64(5.033360928531426), 3.1]",0.728815240209263,1.552900992637541,17177719.800243653,0
4.5009197127229526e-08,0.466588923403382,"[np.float64(5.200077030675795), 3.1]",0.7224911762026962,1.5484533386106083,16052078.737605512,0
4.4378504385668657e-08,0.46724182387844304,"[np.float64(5.159256583238074), 3.1]",0.7239959065350375,1.5495100599628497,16314112.351403188,0
4.2149136564855944e-08,0.4696310548120889,"[np.float64(5.015398826721841), 3.1]",0.7295256686172942,1.5534016780666169,17308199.59964671,0
4.072705718181822e-08,0.471226819086097,"[np.float64(4.9238526429496), 3.1]",0.7332394896669888,1.556022407826962,18003743.466992475,0
4.4261533923715055e-08,0.467363986739778,"[np.float64(5.151692937393064), 3.1]",0.7242777569207139,1.5497081021862775,16363593.683151826,0
4.357797377778398e-08,0.4680847831914063,"[np.float64(5.107531480367259), 3.1]",0.7259427057206214,1.5508786693964658,16658477.730570998,0
4.424091936210588e-08,0.4673855516961712,"[np.float64(5.1503601566036075), 3.1]",0.7243275208614686,1.5497430723582255,16372343.326162525,0
4.4837850361819453e-08,0.4667653471573208,"[np.float64(5.188980303257314), 3.1]",0.7228975082689231,1.5487385956808706,16122483.625675514,0
5.542122691131789e-08,0.45698734072524944,"[np.float64(5.890673887671644), 3.1]",0.7006753446275564,1.5332489156386007,12642725.245847408,0
4.3646177533139087e-08,0.46801232843230034,"[np.float64(5.111934942779796), 3.1]",0.7257751935558603,1.5507608442431153,16628608.381680237,0
4.6468030834494285e-08,0.4651147233318731,"[np.float64(5.29478281528873), 3.1]",0.7191036372063321,1.5460779913716693,15475233.709979486,0
4.724776555847392e-08,0.4643463867506131,"[np.float64(5.345594850043245), 3.1]",0.7173435868259156,1.5448458463211427,15182592.834747495,0
4.2201771595570206e-08,0.46957310684790127,"[np.float64(5.018789424790202), 3.1]",0.7293911159280595,1.5533068339970233,17283424.09219194,0
4.179797524466035e-08,0.4700196588098057,"[np.float64(4.992783032842543), 3.1]",0.73042855041574,1.5540382976008866,17475213.718852364,0
4.19966975194536e-08,0.4697993194903353,"[np.float64(5.005580283465778), 3.1]",0.7299164947920215,1.5536772075018668,17380330.78562693,0
4.5880041476811715e-08,0.46570301648753853,"[np.float64(5.2565587989832645), 3.1]",0.7204538013156603,1.5470241244077028,15702989.320089992,0
4.351039079483692e-08,0.4681566972138495,"[np.float64(5.103168678248228), 3.1]",0.726109001082174,1.5509956503954367,16688174.65938128,0
4.9889383319481634e-08,0.46183689544831413,"[np.float64(5.5189887666020505), 3.1]",0.7116211636899992,1.5408495308700154,14263979.956074413,0
4.675869349671373e-08,0.46482676016181995,"[np.float64(5.313706958621889), 3.1]",0.7184435511433027,1.5456157276598947,15364919.278460935,0
4.450638531786067e-08,0.46710865408601193,"[np.float64(5.167528164616767), 3.1]",0.7236887703009345,1.5492942893917712,16260335.795244059,0
3.8819727053194445e-08,0.4734645634714,"[np.float64(4.8011133486371085), 3.1]",0.7384751998988455,1.5597264439061946,19023194.02933764,0
4.6432303639106465e-08,0.46515024759430706,"[np.float64(5.292458078148185), 3.1]",0.7191851046364087,1.5461350571260253,15488895.623750461,0
4.007301570857071e-08,0.47198106982318266,"[np.float64(4.881769428230756), 3.1]",0.7350005951623272,1.5572671070000308,18341534.37584003,0
4.6174309487587425e-08,0.46540762228300236,"[np.float64(5.275679140467717), 3.1]",0.7197755798210868,1.5465487571740064,15588226.176172202,0
4.359643262435409e-08,0.46806516198060694,"[np.float64(5.108723186575203), 3.1]",0.7258973390278889,1.5508467580801593,16650383.880776154,0
5.182950978009814e-08,0.46007804286646325,"[np.float64(5.647840076916608), 3.1]",0.70763419135879,1.5380742513812584,13653113.72538801,0
4.208314430281272e-08,0.469703817923778,"[np.float64(5.01114808467019), 3.1]",0.7296946521263541,1.553520802432069,17339356.747579895,0
4.1437960673541896e-08,0.4704217177914576,"[np.float64(4.96960489915099), 3.1]",0.7313637200869771,1.5546980346073171,17649606.983529773,0
4.798955270908309e-08,0.46362749137362513,"[np.float64(5.394077917250038), 3.1]",0.7157001954023099,1.5436966286918177,14913666.725358909,0
4.374096287862061e-08,0.46791183434399,"[np.float64(5.118055601223226), 3.1]",0.7255429115428836,1.5505974807414118,16587264.28945416,0
3.9314582595966615e-08,0.4728726487140326,"[np.float64(4.8329659642413345), 3.1]",0.7370871136874972,1.5587433861780553,18748440.52809852,0
4.9727109659589537e-08,0.46198711009766674,"[np.float64(5.508274057295228), 3.1]",0.7119625766085711,1.541087534797363,14317393.097695835,0
4.2588227709571934e-08,0.46914999663300067,"[np.float64(5.043690650793632), 3.1]",0.7284093284422593,1.5526150136841372,17103537.001107592,0
5.648261984468704e-08,0.456111155083448,"[np.float64(5.96369262299367), 3.1]",0.6987134661509566,1.5318929571523485,12370415.325497339,0
5.0119227832456056e-08,0.4616249736094024,"[np.float64(5.534180719257397), 3.1]",0.7111397433208084,1.5405140189025595,14188960.48634434,0
4.5053233788502916e-08,0.4665436958211089,"[np.float64(5.202929759909505), 3.1]",0.7223870419481488,1.5483802448059234,16034077.494621351,0
4.500698971991544e-08,0.46659119172947516,"[np.float64(5.199934042199467), 3.1]",0.7224963992552826,1.548457004893866,16052982.075705908,0
3.995459437021455e-08,0.4721190636113099,"[np.float64(4.874149902495918), 3.1]",0.7353231973575446,1.5574952465019027,18403971.031319372,0
4.629620364558418e-08,0.4652858350511402,"[np.float64(5.283604815553311), 3.1]",0.7194961199600858,1.5463529421242859,15541147.29294251,0
4.2818010779227255e-08,0.46890035980407235,"[np.float64(5.058502959878817), 3.1]",0.7278306108093703,1.5522074052438148,16998235.031564575,0
5.2243099619743556e-08,0.45971160303715697,"[np.float64(5.675500609638173), 3.1]",0.7068060002646631,1.5374987178810327,13529174.291135458,0
4.2169994982884874e-08,0.46960808169528967,"[np.float64(5.01674244136327), 3.1]",0.7294723234328891,1.5533640749952324,17298373.493498232,0
5.046988866396178e-08,0.4613035361464834,"[np.float64(5.5573943965583155), 3.1]",0.710410079532762,1.5400057096184425,14075919.292447995,0
4.6595684341912665e-08,0.4649880260536305,"[np.float64(5.303091510798492), 3.1]",0.7188131491527089,1.5458745362827964,15426603.542898046,0
4.303104011770258e-08,0.4686701971991272,"[np.float64(5.072239950245017), 3.1]",0.7272973946304646,1.5518319683584503,16901692.1887338,0
4.001679020818465e-08,0.47204653279526754,"[np.float64(4.878151751038169), 3.1]",0.7351536192313226,1.5573753182298404,18371129.1037271,0
4.684576625588908e-08,0.46474085702494433,"[np.float64(5.319379880661287), 3.1]",0.7182467412805014,1.5454779377014198,15332159.09751949,0
4.295499038060503e-08,0.4687522237500971,"[np.float64(5.067335418488691), 3.1]",0.7274873858866772,1.5519657273658458,16936038.84998543,0
4.769738598519253e-08,0.46390926839163404,"[np.float64(5.374964278125903), 3.1]",0.7163439447343082,1.5441466544047742,15018515.793647358,0
4.446711473964641e-08,0.4671495058586056,"[np.float64(5.164987794446856), 3.1]",0.7237829767244681,1.549360467360826,16276814.472047381,0
4.174398045496497e-08,0.4700797215315208,"[np.float64(4.989306325119409), 3.1]",0.7305681870289699,1.5541367848176413,17501162.540480185,0
4.847241426351208e-08,0.46316563379846465,"[np.float64(5.425719856542454), 3.1]",0.7146461239231916,1.5429601675372846,14743357.325635543,0
4.219500163368691e-08,0.4695805558237995,"[np.float64(5.018353311474672), 3.1]",0.72940841091746,1.5533190245448656,17286607.007383727,0
4.391244151123632e-08,0.4677306125685796,"[np.float64(5.129131689627539), 3.1]",0.7251241995101809,1.5503030591222244,16512955.658014052,0
4.069254293786378e-08,0.47126629231582423,"[np.float64(4.921631755471122), 3.1]",0.7333315645192386,1.556087453052527,18021276.42008052,0
4.697227817100325e-08,0.4646163384941196,"[np.float64(5.327625593677941), 3.1]",0.7179615444145391,1.5452782972323862,15284792.911273962,0
4.400436372943896e-08,0.46763377553169966,"[np.float64(5.135070764852777), 3.1]",0.7249005444420814,1.5501458242999437,16473378.615337694,0
4.2557251341752905e-08,0.46918375938306994,"[np.float64(5.04169422363083), 3.1]",0.7284876293609305,1.5526701740887607,17117826.13756851,0
4.5863330384071795e-08,0.46571985072175714,"[np.float64(5.255473529070545), 3.1]",0.7204924692921117,1.5470512330009478,15709554.087296216,0
4.0076696029803845e-08,0.47197678833243906,"[np.float64(4.8820062279027825), 3.1]",0.7349905878612903,1.557260030642855,18339600.333188638,0
4.287576477718607e-08,0.4688378404665712,"[np.float64(5.0622267114661055), 3.1]",0.7276857389383875,1.5521053893905403,16971959.397575215,0
4.453236417535256e-08,0.4670816500762188,"[np.float64(5.169208843438986), 3.1]",0.7236265034485799,1.5492505503705785,16249451.760503821,0
4.293892941135979e-08,0.4687695667487017,"[np.float64(5.0662997063150055), 3.1]",0.7275275615735913,1.551994014073027,16943309.289428137,0
4.1306726420472415e-08,0.4705692140835232,"[np.float64(4.961157526458534), 3.1]",0.7317070512838408,1.5549403347792472,17713992.724468056,0
4.163811260126538e-08,0.4701977295219981,"[np.float64(4.982490023233938), 3.1]",0.7308426053765863,1.5543303582506856,17552251.04402009,0
4.862967233242879e-08,0.4630162314388681,"[np.float64(5.436039773722606), 3.1]",0.7143054412038152,1.542722247520441,14688674.77290155,0
4.331494516208872e-08,0.46836533705544997,"[np.float64(5.090554888757565), 3.1]",0.7265916519626965,1.55133523870635,16774617.842495704,0
4.753796499097305e-08,0.46406376920655024,"[np.float64(5.364544714190531), 3.1]",0.7166971324020701,1.544393637166437,15076310.74527829,0
4.6035086996762746e-08,0.4655471324826316,"[np.float64(5.266630725567933), 3.1]",0.7200958241227857,1.5467731919703118,15642325.693300502,0
4.1517824736122604e-08,0.4703322033094374,"[np.float64(4.974746038922939), 3.1]",0.7311554233427127,1.5545510560366125,17610638.99637715,0
4.17428244953877e-08,0.4700810083102431,"[np.float64(4.98923189515284), 3.1]",0.7305711788470428,1.554138895066533,17501718.862550043,0
4.591654069300546e-08,0.46566627053216364,"[np.float64(5.258929372976599), 3.1]",0.7203694027095032,1.5469649581582636,15688668.872636529,0
4.895069658295791e-08,0.4627127676299924,"[np.float64(5.45713009745336), 3.1]",0.7136138874908846,1.5422394569875473,14578217.21252743,0
4.361422088468749e-08,0.4680462619168911,"[np.float64(5.109871640665586), 3.1]",0.7258536420563625,1.5508160220821272,16642591.04789379,0
4.797630398510929e-08,0.4636402307990065,"[np.float64(5.393210668855884), 3.1]",0.7157292890735121,1.5437169631290886,14918391.572966052,0
4.4492421756780975e-08,0.4671231755249075,"[np.float64(5.16662484920153), 3.1]",0.72372225630845,1.549317812149229,16266191.583472287,0
4.618957577728849e-08,0.4653923510824928,"[np.float64(5.276671590269274), 3.1]",0.7197405324722157,1.5465241979119648,15582315.281321842,0
4.559272817341877e-08,0.4659933414161378,"[np.float64(5.237907738969534), 3.1]",0.7211209268080105,1.5474919118297887,15816577.68021951,0
4.250907638465552e-08,0.46923631997321286,"[np.float64(5.038589517480282), 3.1]",0.7286095399305869,1.5527560611083575,17140093.40823017,0
3.8856172583164816e-08,0.47342068852972635,"[np.float64(4.803459656588746), 3.1]",0.7383722314047068,1.5596534948606158,19002701.046387177,0
3.96258396910085e-08,0.47250449999184146,"[np.float64(4.852996101200192), 3.1]",0.7362249267964583,1.5581331538835512,18579415.16286695,0
4.269947509189771e-08,0.4690289581965215,"[np.float64(5.05086127032727), 3.1]",0.728128682382658,1.552417328734689,17052403.590807177,0
4.355229456015278e-08,0.4681120941102151,"[np.float64(5.1058736975259675), 3.1]",0.7260058560978379,1.550923091354488,16669749.858876117,0
4.553721460118319e-08,0.4660496570818422,"[np.float64(5.234305963316083), 3.1]",0.7212503945857593,1.5475827170474707,15838702.49646361,0
4.63297306941468e-08,0.4652523958595598,"[np.float64(5.285785353638442), 3.1]",0.7194194050608079,1.5462991947234819,15528244.914915895,0
4.234604998737037e-08,0.46941466109723456,"[np.float64(5.028084526881591), 3.1]",0.7290233222661973,1.5530476201193626,17215851.832310855,0
4.5630622594718375e-08,0.4659549406060832,"[np.float64(5.240366716813097), 3.1]",0.7210326562898987,1.5474300054679693,15801508.182212625,0
4.3258442872488323e-08,0.46842584009397903,"[np.float64(5.086909155283074), 3.1]",0.7267316672477134,1.5514337703955683,16799764.831801265,0
4.406482666554934e-08,0.46757019635708774,"[np.float64(5.138977914685391), 3.1]",0.7247537345480155,1.5500426250318877,16447443.219256796,0
4.426053560175437e-08,0.46736503084320546,"[np.float64(5.151628392009564), 3.1]",0.7242801662564178,1.549709795252961,16364017.208768465,0
4.619426563619975e-08,0.4653876607691217,"[np.float64(5.276976484641693), 3.1]",0.7197297685190518,1.5465166552323117,15580500.27653306,0
4.2485047458810674e-08,0.46926256018451684,"[np.float64(5.037041014279378), 3.1]",0.7286704089072644,1.552798946118239,17151220.311421603,0
4.5312284052751836e-08,0.4662785746882876,"[np.float64(5.219718369752018), 3.1]",0.7217768769984749,1.5479520530854132,15928944.922710007,0
4.542882943382791e-08,0.4661598154228008,"[np.float64(5.227275562669531), 3.1]",0.7215037034335335,1.5477604022541909,15882066.793829303,0
4.312706146584611e-08,0.4685668496456723,"[np.float64(5.078433357937293), 3.1]",0.7270580809594203,1.5516635065182645,16858511.946964066,0
4.220950406449284e-08,0.46956460039299325,"[np.float64(5.019287546007324), 3.1]",0.7293713661277473,1.5532929133016282,17279789.99737416,0
4.1198382303362897e-08,0.470691364884929,"[np.float64(4.954184120413089), 3.1]",0.7319914916020166,1.5551411098883623,17767481.407692708,0
4.222227725913794e-08,0.4695505523128995,"[np.float64(5.020110397934294), 3.1]",0.7293387511210927,1.5532699248856923,17273790.010065027,0
4.26650112733913e-08,0.46906641919886904,"[np.float64(5.048639729420688), 3.1]",0.7282155313397615,1.5524785009839333,17068213.733109325,0
4.621307345643116e-08,0.4653688561007749,"[np.float64(5.278199256117585), 3.1]",0.7196866144818662,1.546486416198894,15573225.510750191,0
4.008261947300744e-08,0.47196989820985,"[np.float64(4.882387354666597), 3.1]",0.7349744835496997,1.5572486430541617,18336488.313710347,0
4.1277742690369497e-08,0.4706018574410704,"[np.float64(4.959291985055086), 3.1]",0.7317830551453304,1.5549939796762606,17728272.12559912,0
4.8054277013530544e-08,0.4635653069661356,"[np.float64(5.398315416843427), 3.1]",0.7155581965202309,1.5435973869643007,14890624.539388089,0
4.391306271685278e-08,0.46772995742950507,"[np.float64(5.129171821628462), 3.1]",0.7251226861970556,1.5503019951557069,16512687.599873804,0
4.375577282703533e-08,0.46789615326427886,"[np.float64(5.119012043961282), 3.1]",0.7255066721495129,1.5505719957046313,16580821.804185912,0
4.143861681948424e-08,0.47042098160322693,"[np.float64(4.969647136380499), 3.1]",0.7313620067941116,1.5546968255998697,17649286.171401083,0
4.39773351680153e-08,0.467662227012306,"[np.float64(5.13332433192504), 3.1]",0.7249662498100794,1.5501920145263364,16484997.261438139,0
4.7102416754588685e-08,0.464488611709712,"[np.float64(5.336111791783959), 3.1]",0.7176691019729687,1.5450736226477928,15236354.128327267,0
4.42205146474797e-08,0.467406907577702,"[np.float64(5.149041005864271), 3.1]",0.724376805274336,1.5497777065990734,16381012.546981316,0
3.898510016477405e-08,0.4732658402286242,"[np.float64(4.811759260313856), 3.1]",0.7380089238870553,1.5593961388181736,18930538.09706257,0
4.835318231781998e-08,0.46327924004448834,"[np.float64(5.417900280711255), 3.1]",0.7149052754486768,1.543141184957964,14785071.864550415,0
4.775821805936693e-08,0.4638504536972015,"[np.float64(5.378941996686604), 3.1]",0.7162095346837183,1.5440526768380722,14996571.559546418,0
4.2305471784639715e-08,0.4694591653822721,"[np.float64(5.025470118411702), 3.1]",0.7291266118968402,1.553120411022598,17234806.30610936,0
4.099303703572148e-08,0.47092383187085185,"[np.float64(4.940968587773081), 3.1]",0.732533080875793,1.555523486602152,17869695.290872473,0
3.895785165376672e-08,0.4732985202193552,"[np.float64(4.810005230487981), 3.1]",0.7380855851848878,1.5594504391072557,18945746.591586612,0
4.279568489364866e-08,0.4689245519225595,"[np.float64(5.057063563161458), 3.1]",0.7278866763381282,1.5522468878070923,17008412.837579202,0
4.3144480090767594e-08,0.46854812826229814,"[np.float64(5.079556972886035), 3.1]",0.7270147367000258,1.5516329974389214,16850701.066985354,0
4.419359510907958e-08,0.4674350978918335,"[np.float64(5.147300771542295), 3.1]",0.7244418664492862,1.5498234294270414,16392462.859407643,0
4.939545413036388e-08,0.4622956683864503,"[np.float64(5.48640302815136), 3.1]",0.7126643262511233,1.5415769062654952,14427731.029059239,0
4.7169919571584347e-08,0.46442250340466795,"[np.float64(5.340515244350332), 3.1]",0.7175177816092043,1.5449677316432822,15211342.061338695,0
4.109303973066656e-08,0.47081046432824064,"[np.float64(4.947404340164573), 3.1]",0.7322689194833456,1.5553369667094332,17819779.804142214,0
4.163144966701779e-08,0.47020516729853246,"[np.float64(4.982061051410651), 3.1]",0.7308599043581129,1.5543425619014757,17555475.73298009,0
4.3360673083304074e-08,0.46831643265405254,"[np.float64(5.093505694266438), 3.1]",0.7264784952843575,1.5512556140027878,16754317.763671577,0
4.4772503280267635e-08,0.4668328171029519,"[np.float64(5.184749644092253), 3.1]",0.7230529550062058,1.5488477427385938,16149486.895562379,0
4.671119626155689e-08,0.4648736892327502,"[np.float64(5.310613205826613), 3.1]",0.7185510886611781,1.5456910238286647,15382844.93160246,0
4.740368008204062e-08,0.46419432407908506,"[np.float64(5.355773255109846), 3.1]",0.7169956981777097,1.5446024670813396,15125317.210326694,0
4.571762227874899e-08,0.46586690420156296,"[np.float64(5.24601323301417), 3.1]",0.7208303258360415,1.5472881188489953,15767012.585234696,0
4.451261884407878e-08,0.4671021730648244,"[np.float64(5.167931427129942), 3.1]",0.72367382569446,1.5492837914800894,16257722.966814961,0
4.327579923182914e-08,0.4684072458522632,"[np.float64(5.088029011385053), 3.1]",0.7266886342080788,1.5514034862673287,16792032.662763692,0
4.1666039117480465e-08,0.4701665693078405,"[np.float64(4.9842880099804825), 3.1]",0.7307701359947266,1.5542792356983945,17538747.4181135,0
3.9093476184268124e-08,0.4731361085640046,"[np.float64(4.818735248968193), 3.1]",0.7377046657046763,1.5591806508779313,18870275.496287055,0
4.4262669098578284e-08,0.46736279953778553,"[np.float64(5.151766331030045), 3.1]",0.7242750173843775,1.5497061770869955,16363112.124380253,0
4.126081210383973e-08,0.4706209372007142,"[np.float64(4.9582022620116), 3.1]",0.7318274819356735,1.55502533798992,17736623.314488027,0
4.452149356809625e-08,0.46709294762934755,"[np.float64(5.168505566113905), 3.1]",0.7236525531990703,1.5492688486774384,16254004.419061853,0
4.243960530504508e-08,0.46931222759633406,"[np.float64(5.0341127087356305), 3.1]",0.7287856337174364,1.5528801315278775,17172299.989104774,0
4.1174913840846045e-08,0.4707178696656986,"[np.float64(4.952673669651979), 3.1]",0.7320532233719527,1.5551846882121834,17779107.594531175,0
4.104996060598316e-08,0.4708592641930516,"[np.float64(4.944631908794299), 3.1]",0.7323826194346296,1.5554172448741581,17841250.238078974,0
4.3431316665670086e-08,0.4682409894128377,"[np.float64(5.098064787561395), 3.1]",0.7263039622873494,1.551132811328876,16723047.285864353,0
4.434838652647209e-08,0.46727324619620175,"[np.float64(5.157308875182296), 3.1]",0.7240683939956245,1.5495609900413556,16326826.085621385,0
4.6797285976843414e-08,0.4647886656659749,"[np.float64(5.316221092556083), 3.1]",0.7183562682896483,1.5455546173019252,15350383.110787893,0
4.4789018300600416e-08,0.4668157558067574,"[np.float64(5.1858187803924265), 3.1]",0.7230136440417017,1.5488201395263097,16142654.415625121,0
4.967336293507518e-08,0.46203697204379485,"[np.float64(5.504727218244061), 3.1]",0.7120759360838417,1.541166571441271,14335166.656917306,0
5.093349037393502e-08,0.4608819981005124,"[np.float64(5.588154069912463), 3.1]",0.7094541764806248,1.5393401768881891,13929031.19876671,0
3.929172794524935e-08,0.4728998060666727,"[np.float64(4.831495093995007), 3.1]",0.7371507498504836,1.558788437622144,18760965.434700623,0
4.072271528879679e-08,0.4712317828285525,"[np.float64(4.923573253912467), 3.1]",0.7332510674869147,1.5560305866586512,18005947.351173785,0
4.7712276244299945e-08,0.4638948648160114,"[np.float64(5.375937836979197), 3.1]",0.7163110260064641,1.544123637347366,15013138.806012003,0
4.361165485850082e-08,0.46804898782052085,"[np.float64(5.109705969173112), 3.1]",0.7258599442074086,1.550820454900222,16643714.772174561,0
4.092887904336461e-08,0.47099672165806433,"[np.float64(4.936839814426299), 3.1]",0.7327029676832485,1.5556434556569556,17901857.68114835,0
4.595188750507841e-08,0.4656307137787756,"[np.float64(5.261225365738553), 3.1]",0.7202877436869337,1.5469077154329374,15674823.881985925,0
4.243637106781738e-08,0.4693157647234484,"[np.float64(5.033904300297144), 3.1]",0.7287938402035706,1.552885913885769,17173802.138709936,0
4.336705571840285e-08,0.46830961100827795,"[np.float64(5.093917582980256), 3.1]",0.7264627123489182,1.551244508488375,16751487.974329857,0
4.9026389772736015e-08,0.46264151028718015,"[np.float64(5.462107583004685), 3.1]",0.713451586121624,1.5421261824922625,14552399.012630956,0
5.122447677909202e-08,0.4606193726477704,"[np.float64(5.607502548573226), 3.1]",0.70885919954878,1.5389261538741994,13838290.67900037,0
4.5062483575807983e-08,0.4665342017784354,"[np.float64(5.203529012388846), 3.1]",0.7223651840505235,1.5483649029307103,16030301.189132169,0
4.497858021717743e-08,0.46662039568773633,"[np.float64(5.198093846529036), 3.1]",0.7225636472945833,1.5485042102148594,16064616.61986019,0
4.2789384343776875e-08,0.46893138157415715,"[np.float64(5.056657362360688), 3.1]",0.7279025048209358,1.552258034805514,17011287.168164156,0
4.158308033564389e-08,0.47025919998094956,"[np.float64(4.978947018500296), 3.1]",0.7309855857617373,1.554431228121321,17578918.63376837,0
5.389506005576997e-08,0.45827597175785084,"[np.float64(5.786735817442139), 3.1]",0.7035694641175914,1.5352527897520918,13054433.252130084,0
4.8279312518973856e-08,0.46334976827117147,"[np.float64(5.4130577823785355), 3.1]",0.7150662012852683,1.5432536072118677,14811027.00052421,0
4.1398718473749414e-08,0.47046576993260175,"[np.float64(4.967078849074797), 3.1]",0.7314662467396242,1.5547703860461795,17668813.76300189,0
4.079535807404417e-08,0.47114881134559583,"[np.float64(4.928247673326539), 3.1]",0.733057559299077,1.5558938951909327,17969141.439292353,0
4.5556726443763805e-08,0.46602985514690637,"[np.float64(5.235571841830725), 3.1]",0.7212048683080021,1.547550785304639,15830919.484486507,0
4.2767613707818254e-08,0.46895498870379154,"[np.float64(5.055253824320588), 3.1]",0.727957219302591,1.5522965675547902,17021226.021070115,0
4.1462847581995424e-08,0.4703938037523219,"[np.float64(4.971206926249383), 3.1]",0.7312987596371631,1.5546521952534398,17637446.588562764,0
4.4526154621720874e-08,0.4670881031559002,"[np.float64(5.168807112107709), 3.1]",0.7236413827752722,1.5492610021234947,16252052.056214696,0
4.2967136940770365e-08,0.46873911220649134,"[np.float64(5.0681187227989435), 3.1]",0.7274570138042861,1.5519443435815166,16930544.26239933,0
4.118188547677828e-08,0.47070999434770194,"[np.float64(4.953122368038549), 3.1]",0.732034880647156,1.5551717393670206,17775652.381432056,0
4.6545977100951645e-08,0.46503731808941184,"[np.float64(5.299855724802201), 3.1]",0.7189261524206012,1.545953678243032,15445505.65264431,0
5.1093169000015767e-08,0.4607376973099292,"[np.float64(5.598767477987586), 3.1]",0.7091272097392177,1.5391126315027828,13879100.15405384,0
4.3969330122191174e-08,0.46767065703320143,"[np.float64(5.1328071108936255), 3.1]",0.7249857189555065,1.55020570149655,16488441.30535454,0
4.517427121726686e-08,0.4664196235488726,"[np.float64(5.210772457596871), 3.1]",0.7221014389368547,1.5481797987883996,15984794.430083636,0
4.453349967050827e-08,0.4670804701517473,"[np.float64(5.169282305747015), 3.1]",0.7236237828413178,1.5492486393323692,16248976.348035099,0
4.282625025554588e-08,0.46889143498363406,"[np.float64(5.059034188668924), 3.1]",0.7278099283811201,1.5521928405591867,16994481.749820504,0
4.934826661952578e-08,0.46233974018498497,"[np.float64(5.483294218382124), 3.1]",0.7127646073031166,1.541646856958338,14443559.138531016,0
4.2556339161953626e-08,0.46918475401304605,"[np.float64(5.041635434942252), 3.1]",0.7284899361695126,1.5526717991975851,17118247.257997226,0
4.98490609435424e-08,0.4618741751987603,"[np.float64(5.51632548961111), 3.1]",0.7117058810447466,1.5409085834653458,14277217.41540536,0
4.612633861726986e-08,0.4654556427925091,"[np.float64(5.272560921522656), 3.1]",0.7198857964114203,1.5466259944609395,15606827.205268197,0
4.373941436900092e-08,0.4679134742627612,"[np.float64(5.1179555984512115), 3.1]",0.7255467015301126,1.5506001460489574,16587938.178804776,0
3.8980363702284693e-08,0.47327151901959463,"[np.float64(4.811454369321317), 3.1]",0.7380222447953381,1.5594055740438124,18933180.060402606,0
4.1136917814639327e-08,0.47076081614030707,"[np.float64(4.9502282561166275), 3.1]",0.7321532588218499,1.5552553095320418,17797960.997488726,0
4.6694638163818494e-08,0.46489006088285656,"[np.float64(5.309534812871721), 3.1]",0.7185886074432776,1.5457172951356088,15389103.239696555,0
4.1975690074876295e-08,0.46982255918163757,"[np.float64(5.004227329847105), 3.1]",0.7299704876817876,1.5537152770043436,17390315.355856337,0
5.78563949209289e-08,0.4550000796239335,"[np.float64(6.0591761186390105), 3.1]",0.6962325358272556,1.5301811296444288,12033804.331894197,0
4.113966928333902e-08,0.47075770474942535,"[np.float64(4.95040533807877), 3.1]",0.7321460110416214,1.5552501927320077,17796594.474281058,0
4.259493606329515e-08,0.469142688305922,"[np.float64(5.04412301566598), 3.1]",0.7283923802946292,1.5526030746101147,17100445.442910254,0
4.161885124127521e-08,0.47021923431277163,"[np.float64(4.981249948524371), 3.1]",0.7308926227771063,1.5543656436030535,17561576.088199392,0
4.367376102803714e-08,0.4679830597951471,"[np.float64(5.113715995318966), 3.1]",0.7257075353389465,1.5507132579897542,16616556.904111505,0
4.0122390469992164e-08,0.4719236654053056,"[np.float64(4.884946300424719), 3.1]",0.7348664314003616,1.557172240491968,18315619.353487268,0
4.6694616324855564e-08,0.4648900824798796,"[np.float64(5.309533390590333), 3.1]",0.7185886569381339,1.5457173297931868,15389111.497113401,0
4.539682993835252e-08,0.4661923909944628,"[np.float64(5.225200350361653), 3.1]",0.7215786257478539,1.5478129623879349,15894912.193819156,0
4.5365176992982494e-08,0.46622463742472353,"[np.float64(5.2231478049481925), 3.1]",0.7216527977350338,1.547864998557807,15907637.654464915,0
4.1093932077261987e-08,0.4708094540654176,"[np.float64(4.947461769338646), 3.1]",0.7322665658111207,1.5553353049477516,17819335.57573326,0
4.1026318611226884e-08,0.47088606925800863,"[np.float64(4.943110413694774), 3.1]",0.7324450797442914,1.5554613473667427,17853053.95507403,0
4.327942344523754e-08,0.46840336415476796,"[np.float64(5.088262854996976), 3.1]",0.7266796509955197,1.5513971645075826,16790418.93695752,0
4.7173533952363886e-08,0.46441896644743585,"[np.float64(5.340751055857882), 3.1]",0.7175096863809421,1.5449620670523407,15210004.980875244,0
4.334675842245508e-08,0.4683313080918812,"[np.float64(5.092607760313855), 3.1]",0.7265129129543233,1.5512798320367465,16760490.043425372,0
4.288229153838668e-08,0.468830780822677,"[np.float64(5.0626475525584), 3.1]",0.7276693816800451,1.5520938714885,16968994.789577927,0
4.230544459690149e-08,0.46945919521583107,"[np.float64(5.025468366780499), 3.1]",0.7291266811415869,1.5531204598226587,17234819.018897373,0
4.460797447472263e-08,0.4670031504180644,"[np.float64(5.174101003390225), 3.1]",0.7234455225487769,1.5491234307544683,16217851.87665765,0
4.219203798826889e-08,0.4695838171199638,"[np.float64(5.018162397875124), 3.1]",0.7294159830888033,1.5533243619050454,17288000.719273403,0
5.5688276482414166e-08,0.45676538547135925,"[np.float64(5.90898665601345), 3.1]",0.7001779078921629,1.5329049226653066,12573165.343216764,0
5.05137884112181e-08,0.4612634532663919,"[np.float64(5.560303690748239), 3.1]",0.7103191370880368,1.5399423736218023,14061886.059812713,0
4.9873891506160216e-08,0.4618512146860813,"[np.float64(5.517965472009337), 3.1]",0.7116537027805712,1.5408722119834193,14269063.056622935,0
4.490828121175767e-08,0.4666927438899838,"[np.float64(5.193540913104383), 3.1]",0.7227302672258933,1.5486211788976663,16093474.248501668,0
4.326124613937234e-08,0.4684228363568432,"[np.float64(5.087090023553176), 3.1]",0.7267247154859133,1.5514288781008458,16798515.53847212,0
4.8420096418793276e-08,0.46321544792698294,"[np.float64(5.422288183578133), 3.1]",0.7147597467402627,1.5430395293140804,14761634.106594699,0
4.4264815529652055e-08,0.46736055481968175,"[np.float64(5.151905106995356), 3.1]",0.724269837593979,1.5497025372058166,16362201.647690278,0
5.723359645466498e-08,0.4555006552332118,"[np.float64(6.01574737675288), 3.1]",0.6973493225522139,1.530951304988086,12184265.28734024,0
4.3219504826190835e-08,0.46846758413313044,"[np.float64(5.084396945012773), 3.1]",0.7268282844438624,1.5515017667419018,16817135.859534595,0
4.089386725852703e-08,0.47103655057901317,"[np.float64(4.934586743314193), 3.1]",0.7327958128949857,1.5557090251153753,17919454.970162697,0
5.027618772030189e-08,0.4614808154331772,"[np.float64(5.54456596300598), 3.1]",0.7108124231621524,1.5402859650729699,14138152.779533863,0
4.601049512265841e-08,0.46557182081761345,"[np.float64(5.26503287140631), 3.1]",0.7201525088928958,1.546812922715556,15651918.262845388,0
4.257130837731263e-08,0.4691684346384002,"[np.float64(5.042600188980458), 3.1]",0.7284520880522092,1.5526451360983937,17111338.97027277,0
3.9361968235045557e-08,0.47281639699179506,"[np.float64(4.8360155320632385), 3.1]",0.7369553177377045,1.5586500857974541,18722522.037949394,0
4.314385102130888e-08,0.4685488042405891,"[np.float64(5.079516393216964), 3.1]",0.7270163017042347,1.5516340989975688,16850983.03684479,0
4.185761216348841e-08,0.4699534166784358,"[np.float64(4.996623243524331), 3.1]",0.7302745746416284,1.5539297060613062,17446637.227878775,0
4.334752703434152e-08,0.46833048627666707,"[np.float64(5.09265735939413), 3.1]",0.726511011462921,1.551278494037079,16760148.990445336,0
4.544920782632011e-08,0.4661390826742954,"[np.float64(5.228597232671903), 3.1]",0.721456022600284,1.5477269540695986,15873896.534286376,0
4.362694447990865e-08,0.4680327480836815,"[np.float64(5.11069313227315), 3.1]",0.7258223994638573,1.5507940468603374,16637021.183047038,0
5.091041416404777e-08,0.46090288939946017,"[np.float64(5.586621065171482), 3.1]",0.7095015243250478,1.539373131831529,13936274.846219731,0
4.1258325535751104e-08,0.47062374012527136,"[np.float64(4.958042217131794), 3.1]",0.7318340086807265,1.5550299449108236,17737850.462364953,0
4.567319861619998e-08,0.46591183535385344,"[np.float64(5.243129826454024), 3.1]",0.7209335830708352,1.5473605269617081,15784609.024845589,0
4.052194894772498e-08,0.47146193103567224,"[np.float64(4.9106548540505734), 3.1]",0.7337880584583885,1.556409988069361,18108409.825129732,0
4.710049746991562e-08,0.4644904927748518,"[np.float64(5.335986606648433), 3.1]",0.7176734080941886,1.5450766361370065,15237066.414268473,0
4.215191168920972e-08,0.46962799763360036,"[np.float64(5.0155775870960575), 3.1]",0.7295185694385511,1.5533966737811808,17306891.67355836,0
4.163601270146098e-08,0.47020007348406634,"[np.float64(4.982354827601364), 3.1]",0.7308480569882891,1.5543342041035546,17553267.221542668,0
5.066144378282589e-08,0.4611288921389146,"[np.float64(5.570094221728462), 3.1]",0.7100139109481381,1.5397298305356395,14014877.151780486,0
4.5063482258532825e-08,0.46653317684618656,"[np.float64(5.203593713507926), 3.1]",0.7223628244090728,1.5483632467305362,16029893.568029635,0
4.3675679968988275e-08,0.46798102435044253,"[np.float64(5.113839904055144), 3.1]",0.7257028303515429,1.550709948889099,16615719.111112295,0
3.9463994127531226e-08,0.4726955322012753,"[np.float64(4.842581301623338), 3.1]",0.7366722051322653,1.5584496889608592,18666944.930907067,0
4.0271488949226725e-08,0.471750784209764,"[np.float64(4.894539575378576), 3.1]",0.734462508239311,1.5568866715709204,18237778.82077573,0
4.232488743748098e-08,0.4694378655005283,"[np.float64(5.026721030698896), 3.1]",0.729077175582143,1.553085571409498,17225732.18083755,0
4.355913094672509e-08,0.46810482166005385,"[np.float64(5.10631502856386), 3.1]",0.7259890397189515,1.55091126202109,16666747.566816038,0
4.5836338496133326e-08,0.4657470550224634,"[np.float64(5.253720714929139), 3.1]",0.7205549609771399,1.5470950448465786,15720168.421348155,0
4.6009549954034244e-08,0.4655727699678704,"[np.float64(5.264971461754396), 3.1]",0.7201546882331311,1.5468144502583983,15652287.165438486,0
4.1969210608055854e-08,0.46982972967298314,"[np.float64(5.003810035369837), 3.1]",0.7299871476235912,1.5537270238979686,17393397.136792287,0
3.9801454735942915e-08,0.4722981751393651,"[np.float64(4.864296307832355), 3.1]",0.7357421091706904,1.5577915560516162,18485306.98317101,0
4.371749944171867e-08,0.46793668943390765,"[np.float64(5.116540366145497), 3.1]",0.7256003555540429,1.5506378788802544,16597480.753018962,0
4.454883466932829e-08,0.4670645382322698,"[np.float64(5.170274443390742), 3.1]",0.7235870487400263,1.5492228364813017,16242558.39936063,0
4.5122451406195914e-08,0.4664726999432306,"[np.float64(5.207414434471817), 3.1]",0.7222236038809648,1.5482655340148714,16005859.198106287,0
4.555052722526459e-08,0.46603614557133066,"[np.float64(5.235169644258042), 3.1]",0.7212193302397126,1.5475609286819236,15833391.492331367,0
4.541876831502577e-08,0.46617005508034204,"[np.float64(5.2266230637858735), 3.1]",0.7215272534430255,1.5477769229914906,15886103.481241357,0
4.840879126930077e-08,0.4632262192867074,"[np.float64(5.421546753908324), 3.1]",0.7147843175886002,1.5430566920181055,14765589.035516622,0
4.9036240161751165e-08,0.4626322453923832,"[np.float64(5.4627554647996295), 3.1]",0.7134304860275885,1.5421114570656222,14549045.434035389,0
4.701774031641788e-08,0.4645716773609669,"[np.float64(5.33058965431995), 3.1]",0.7178592767531085,1.545206717789944,15267838.733254539,0
4.3109100493724134e-08,0.4685861623660999,"[np.float64(5.077274793109185), 3.1]",0.7271027966614806,1.551694981751094,16866573.144279197,0
4.0538782620296005e-08,0.4714425863908373,"[np.float64(4.911738000199082), 3.1]",0.7337429095445787,1.5563780844700525,18099776.611871555,0
4.381036893259544e-08,0.4678383942963768,"[np.float64(5.122538173409013), 3.1]",0.7253732032554039,1.550478139671192,16557112.412621513,0
4.296611307659692e-08,0.4687402172591533,"[np.float64(5.06805269551002), 3.1]",0.7274595735479469,1.551946145781118,16931007.285929818,0
4.274758913126808e-08,0.46897671380387995,"[np.float64(5.053962894230909), 3.1]",0.7280075749568173,1.5523320316949911,17030377.379207805,0
5.5732483708432295e-08,0.45672874180066375,"[np.float64(5.912021902362723), 3.1]",0.7000958132785935,1.5328481639198999,12561719.246915052,0
4.70789276058264e-08,0.46451163855570565,"[np.float64(5.334579777967443), 3.1]",0.7177218164186069,1.5451105135927299,15245075.725339653,0
4.870834981671307e-08,0.46294166920561297,"[np.float64(5.441205715169843), 3.1]",0.7141354696572321,1.542603565763817,14661458.915041998,0
4.4162846478485676e-08,0.4674673202461843,"[np.float64(5.145313134407617), 3.1]",0.7245162395206043,1.5498756985601672,16405560.26825759,0
4.046880671891141e-08,0.4715230573495296,"[np.float64(4.90723549223177), 3.1]",0.7339307385227847,1.5565108155013045,18135714.83885174,0
4.8590579802192846e-08,0.4630533250097083,"[np.float64(5.433473667603004), 3.1]",0.7143900125860104,1.5427813040129505,14702232.726882808,0
4.390133530027576e-08,0.46774232711319247,"[np.float64(5.128414199552928), 3.1]",0.7251512595338192,1.5503220844033951,16517749.50747943,0
5.2158139035169434e-08,0.4597866426119909,"[np.float64(5.669812634801609), 3.1]",0.7069755284530965,1.5376165006378963,13554462.285864796,0
4.712163929233001e-08,0.46446977632425274,"[np.float64(5.337365630666015), 3.1]",0.7176259853819035,1.5450434494599254,15229223.689140871,0
4.962332566631006e-08,0.46208344174610605,"[np.float64(5.50142605214824), 3.1]",0.7121815975714899,1.5412402463077253,14351750.673877135,0
4.503530840714652e-08,0.46656210037362866,"[np.float64(5.201768497980916), 3.1]",0.722429415933424,1.5484099873412214,16041400.436347047,0
4.325656523883447e-08,0.4684278521187149,"[np.float64(5.086788009867078), 3.1]",0.726736323851652,1.5514370474868204,16800601.70841326,0
4.2507142663041136e-08,0.46923843106082236,"[np.float64(5.038464900216988), 3.1]",0.7286144368208388,1.5527595111373056,17140988.341574658,0
4.291256912546898e-08,0.46879804616983695,"[np.float64(5.064599887303969), 3.1]",0.7275935393885424,1.5520404688823055,16955254.70081234,0
4.564587033989455e-08,0.46593949850130284,"[np.float64(5.241356227234752), 3.1]",0.720997162752963,1.5474051139086826,15795452.192809006,0
4.170878455759443e-08,0.4701189177006543,"[np.float64(4.98704016567148), 3.1]",0.7306593246744114,1.5542010694827109,17518115.96584565,0
5.514290977043021e-08,0.4572197589236984,"[np.float64(5.87162940628192), 3.1]",0.7011965608282288,1.5336094889662142,12715987.671804687,0
5.075171141396957e-08,0.461046823308743,"[np.float64(5.576083558938667), 3.1]",0.7098278096701537,1.539600261370444,13986283.218712725,0
4.849473782067803e-08,0.4631443952753656,"[np.float64(5.427184368364945), 3.1]",0.7145976850091533,1.542926336362733,14735571.674839547,0
4.060533185974278e-08,0.4713661955451513,"[np.float64(4.916020084593721), 3.1]",0.7335646428905087,1.5562521237699616,18065722.142706696,0
3.9933221375138384e-08,0.4721440164797799,"[np.float64(4.872774698158235), 3.1]",0.7353815454348372,1.5575365137902384,18415282.316609472,0
4.4058971732319604e-08,0.46757634901802064,"[np.float64(5.138599542608322), 3.1]",0.7247679404483697,1.5500526105960863,16449951.32550299,0
4.217830706163895e-08,0.4695989303012267,"[np.float64(5.01727788084131), 3.1]",0.7294510742039774,1.553349096719763,17294460.707917105,0
4.810991292083709e-08,0.46351192290058235,"[np.float64(5.401958847032712), 3.1]",0.7154363129262832,1.5435122109679487,14870871.08437516,0
4.8599505947137574e-08,0.46304485261189277,"[np.float64(5.434059555616717), 3.1]",0.7143706951973008,1.5427678143224284,14699134.924835095,0
4.125105924782742e-08,0.4706319319188983,"[np.float64(4.957574532945642), 3.1]",0.7318530839587107,1.5550434093469616,17741437.366781205,0
4.633376739996698e-08,0.4652483714279732,"[np.float64(5.286047910559088), 3.1]",0.7194101728465006,1.5462927266965727,15526692.80346526,0
4.3374297706126985e-08,0.4683018721931946,"[np.float64(5.094384933917366), 3.1]",0.7264448077622778,1.5512319102209102,16748278.270328315,0
3.959502573305121e-08,0.47254080515666785,"[np.float64(4.851013266517094), 3.1]",0.7363099125909308,1.5581932915757657,18596020.5596308,0
4.265675322124077e-08,0.4690754002190427,"[np.float64(5.048107431163186), 3.1]",0.7282363541292004,1.5524931680261598,17072006.168687444,0
4.194696908981707e-08,0.4698543522515424,"[np.float64(5.002377645446799), 3.1]",0.7300443583256322,1.5537673639230096,17403983.509808715,0
4.1625757836094096e-08,0.4702115220546568,"[np.float64(4.981694602922115), 3.1]",0.730874684704706,1.5543529888656151,17558231.31395238,0
5.473903767892061e-08,0.45755904766669275,"[np.float64(5.8440663073675125), 3.1]",0.7019580498265394,1.534136530369471,12823719.224732656,0
4.5480938886954353e-08,0.46610681919812597,"[np.float64(5.230655356033358), 3.1]",0.7213818290554471,1.5476749091474085,15861190.351599505,0
4.8106313919722864e-08,0.46351537431896855,"[np.float64(5.401723132513194), 3.1]",0.7154441924696193,1.54351771722956,14872147.42047193,0
4.390269556656541e-08,0.4677408921709347,"[np.float64(5.128502075370838), 3.1]",0.7251479448402175,1.5503197539017266,16517162.226195106,0
4.529317856185302e-08,0.46629807360732933,"[np.float64(5.218479751139894), 3.1]",0.7218217376074245,1.547983529126205,15936654.492501432,0
4.56443035699913e-08,0.4659410849940822,"[np.float64(5.241254548739387), 3.1]",0.7210008092219053,1.5474076711459401,15796074.270611174,0
4.46969908310579e-08,0.4669109117077085,"[np.float64(5.179861764652685), 3.1]",0.7232329167299731,1.5489741160359198,16180796.587931184,0
4.2080678375938555e-08,0.469706539226214,"[np.float64(5.010989253717994), 3.1]",0.7297009726842293,1.5535252583162358,17340523.0344734,0
4.563400184639919e-08,0.4659515178149925,"[np.float64(5.240586011120689), 3.1]",0.7210247889043602,1.5474244880357817,15800165.660054939,0
4.173244175465685e-08,0.4700925677753812,"[np.float64(4.988563374414218), 3.1]",0.7305980556000403,1.5541578524788193,17506717.19366898,0
4.568428930216905e-08,0.465900613696992,"[np.float64(5.243849652330843), 3.1]",0.7209077931345247,1.5473424415864407,15780212.500762196,0
4.768344360194168e-08,0.4639227592637752,"[np.float64(5.374052748003669), 3.1]",0.7163747787154535,1.544168214235293,15023553.766286347,0
4.285503416693955e-08,0.46886027124445534,"[np.float64(5.060890044451372), 3.1]",0.7277377133818012,1.552141987740249,16981382.17664083,0
4.2514049845046706e-08,0.46923089080546027,"[np.float64(5.038910029974631), 3.1]",0.7285969465355893,1.5527471886706203,17137792.075587872,0
4.115594678695847e-08,0.47073930256269064,"[np.float64(4.951452948719828), 3.1]",0.7321031456400823,1.5552199309777932,17788514.24387767,0
4.661780796357748e-08,0.4649661047640482,"[np.float64(5.304531874253893), 3.1]",0.7187628990049113,1.545839345364013,15418204.553214539,0
4.356596650360196e-08,0.46809755130285957,"[np.float64(5.1067563119260235), 3.1]",0.7259722285194292,1.5508994364504258,16663746.653236927,0
5.3807844847611746e-08,0.4583506796533557,"[np.float64(5.780831446392672), 3.1]",0.7037375688315267,1.5353693145251879,13078716.882725364,0
4.868168700789847e-08,0.46296692363555403,"[np.float64(5.439454831553306), 3.1]",0.7141930355300191,1.5426437593460336,14670671.44600275,0
5.093688477335973e-08,0.46087892589066465,"[np.float64(5.588379584683099), 3.1]",0.7094472138853176,1.5393353308882285,13927966.286944237,0
4.067378155485578e-08,0.4712877645291417,"[np.float64(4.920424526825363), 3.1]",0.7333816546247456,1.556122840060274,18030820.50867709,0
4.1708008873521376e-08,0.4701197819472063,"[np.float64(4.986990222489392), 3.1]",0.7306613343039475,1.5542024870291453,17518489.950447217,0
4.559117788867099e-08,0.46599491312750374,"[np.float64(5.237807146699393), 3.1]",0.7211245398433994,1.5474944458161672,15817194.756501183,0
4.4761644451977316e-08,0.4668440387199497,"[np.float64(5.184046699035178), 3.1]",0.7230788117713101,1.5488658990997,16153982.290509181,0
4.235327706406144e-08,0.46940673956345635,"[np.float64(5.028550173439097), 3.1]",0.7290049385823185,1.5530346651185407,17212480.098757464,0
4.7415524263735096e-08,0.4641827935847384,"[np.float64(5.3565467239559865), 3.1]",0.7169693247392103,1.5445840187273652,15120982.755590266,0
4.800784622367058e-08,0.46360990701420013,"[np.float64(5.395275473740954), 3.1]",0.7156600388036459,1.5436685626774702,14907147.3748136,0
4.772697772235774e-08,0.46388064838377535,"[np.float64(5.376899111947143), 3.1]",0.7162785362798282,1.5441009207334735,15007833.524398653,0
4.258808495226588e-08,0.469150152171418,"[np.float64(5.043681449885408), 3.1]",0.728409689142508,1.5526152677796892,17103602.802495897,0
4.096675553230207e-08,0.4709536753291596,"[np.float64(4.939277273637414), 3.1]",0.7326026339215255,1.5555726015079803,17882857.072825115,0
4.305001257685699e-08,0.46864975773810674,"[np.float64(5.073463600824751), 3.1]",0.7272500591517024,1.5517986452435295,16893143.941673566,0
4.312318631807559e-08,0.4685710157140987,"[np.float64(5.078183390183018), 3.1]",0.7270677266618383,1.5516702960250166,16860250.569125485,0
5.0284201631750177e-08,0.4614734673085079,"[np.float64(5.545096439528883), 3.1]",0.7107957423040501,1.5402743443727898,14135567.8172932,0
4.884223065148472e-08,0.4628150728994523,"[np.float64(5.450000650863656), 3.1]",0.7138469623602186,1.5424021475534433,14615363.648189949,0
4.0840626664871e-08,0.4710971870391811,"[np.float64(4.931160678701661), 3.1]",0.7329371822956886,1.5558088701445172,17946276.591444258,0
3.9617824233947656e-08,0.4725139408816707,"[np.float64(4.852480319962494), 3.1]",0.7362470258996762,1.5581487913899472,18583731.947318856,0
4.5968531190403556e-08,0.4656139811075679,"[np.float64(5.2623065664528), 3.1]",0.7202493185180903,1.5468807805229876,15668312.644900221,0
4.279893192477873e-08,0.4689210326340065,"[np.float64(5.057272903022823), 3.1]",0.7278785201098595,1.5522411439325856,17006931.887672864,0
4.6146398460181085e-08,0.4654355558737346,"[np.float64(5.273864797426342), 3.1]",0.719839691159736,1.5465936842930352,15599043.807955522,0
4.5476040096311136e-08,0.4661117986486215,"[np.float64(5.2303376005192), 3.1]",0.7213932794357543,1.5476829411468658,15863150.747249678,0
5.1944387949587434e-08,0.4599759708050592,"[np.float64(5.655515840787523), 3.1]",0.7074034132017587,1.5379138435506685,13618476.242097626,0
4.2425779395837956e-08,0.46932735033531,"[np.float64(5.0332217981971965), 3.1]",0.7288207205382533,1.5529048541866328,17178723.19417547,0
4.169885037450874e-08,0.4701299874094465,"[np.float64(4.986400546152859), 3.1]",0.7306850653951289,1.554219226519493,17522906.718833905,0
4.762646804488774e-08,0.46397793190979225,"[np.float64(5.370328325066465), 3.1]",0.7165008902661322,1.5442563988268219,15044174.377802553,0
4.3229283515443785e-08,0.4684570970032467,"[np.float64(5.0850278315492785), 3.1]",0.7268040107724553,1.5514846832759543,16812770.225830887,0
4.277517529582598e-08,0.4689467877943752,"[np.float64(5.05574130949603), 3.1]",0.7279382115655595,1.5522831811884537,17017772.727551907,0
4.232483457625052e-08,0.4694379234775802,"[np.float64(5.026717624912601), 3.1]",0.7290773101409745,1.553085666236751,17225756.87395781,0
4.778340959690636e-08,0.4638261201282947,"[np.float64(5.380589529138174), 3.1]",0.7161539312666495,1.5440138021303342,14987501.672819417,0
4.193721024524472e-08,0.46986516024881647,"[np.float64(5.001749170464564), 3.1]",0.7300694720051327,1.5537850723354876,17408632.279919375,0
4.998691939891e-08,0.46174684487970474,"[np.float64(5.525433317432053), 3.1]",0.7114165621597571,1.5407069264221975,14232054.519752422,0
4.159576237406408e-08,0.47024502652257905,"[np.float64(4.979763479936096), 3.1]",0.7309526161090042,1.5544079679360674,17572766.416339807,0
3.982164126321627e-08,0.47227452216671245,"[np.float64(4.865595204635075), 3.1]",0.7356867768902252,1.5577524138186063,18474546.843195736,0
5.07694768834744e-08,0.46103068868111663,"[np.float64(5.577262673318245), 3.1]",0.7097912273981751,1.5395747936622066,13980668.523082893,0
4.565005818713012e-08,0.4659352582156117,"[np.float64(5.241628007909079), 3.1]",0.720987416761654,1.5473982791575236,15793789.655341955,0
4.1143140223044446e-08,0.4707537800931521,"[np.float64(4.950628724918337), 3.1]",0.7321368689025544,1.5552437385796034,17794870.905174162,0
4.560271903104347e-08,0.46598321381332425,"[np.float64(5.238556020365972), 3.1]",0.7210976459480012,1.5474755840386931,15812601.995445123,0
4.347560303950971e-08,0.46819376055163225,"[np.float64(5.100923185508183), 3.1]",0.7261947200324388,1.5510559542203772,16703499.647204166,0
4.5220167941225024e-08,0.4663726671369418,"[np.float64(5.213747064437882), 3.1]",0.721993375268189,1.5481039652269948,15966180.758253725,0
4.067062678575753e-08,0.4712913761835093,"[np.float64(4.920221529240485), 3.1]",0.7333900801395703,1.5561287925073473,18032426.30124394,0
4.4638187566802713e-08,0.4669718219283624,"[np.float64(5.176056120216143), 3.1]",0.7233733057644492,1.5490727101632722,16205257.09476654,0
4.554389596725045e-08,0.4660428753822406,"[np.float64(5.234739424863057), 3.1]",0.7212348026181677,1.5475717808723564,15836036.581867982,0
4.305504839388806e-08,0.46864433414864004,"[np.float64(5.073788398127584), 3.1]",0.7272374991835765,1.551789803465155,16890876.362057753,0
3.9313126505122635e-08,0.47287437841940316,"[np.float64(4.832872254293997), 3.1]",0.7370911666571253,1.5587462554449971,18749238.03277462,0
4.445777148630708e-08,0.4671592309073728,"[np.float64(5.164383425808311), 3.1]",0.7238054047955832,1.5493762231556922,16280739.690663848,0
4.3788361601109326e-08,0.4678616673818994,"[np.float64(5.121116765710025), 3.1]",0.725426979911211,1.5505159547919747,16566661.856853606,0
4.3040395261992496e-08,0.4686601174909164,"[np.float64(5.072843316216766), 3.1]",0.727274050830885,1.5518155347302005,16897476.112937,0
5.5615317014691645e-08,0.45682592319327026,"[np.float64(5.903979641933561), 3.1]",0.7003135519163181,1.5329987121156323,12592098.535216825,0
4.3720124217454113e-08,0.4679339082766658,"[np.float64(5.116709866785613), 3.1]",0.725593927666294,1.550633358327362,16596337.285259122,0
3.9496856460905805e-08,0.47265667451641663,"[np.float64(4.844696056365524), 3.1]",0.7365812054290902,1.5583852828962999,18649109.61099302,0
4.072740074511866e-08,0.47122642634183226,"[np.float64(4.923874750332545), 3.1]",0.7332385736064594,1.5560217607035496,18003569.100695457,0
4.562703982536524e-08,0.4659585698262282,"[np.float64(5.240134217847283), 3.1]",0.721040998240438,1.5474358557442967,15802931.79220434,0
4.000378162297942e-08,0.47206169285017785,"[np.float64(4.8773147460252435), 3.1]",0.7351890608406997,1.5574003821446125,18377989.05537431,0
4.512165412945383e-08,0.46647351705230927,"[np.float64(5.207362773231409), 3.1]",0.7222254847465341,1.5482668540549653,16006183.697842112,0
4.300774066273701e-08,0.4686953113626978,"[np.float64(5.070737277680326), 3.1]",0.7273555598725869,1.55187291666702,16912201.121571265,0
5.5008589570820735e-08,0.4573323326189011,"[np.float64(5.8624529697517485), 3.1]",0.7014491377886253,1.5337842696837023,12751629.213934772,0
4.138339543652103e-08,0.4704829833352933,"[np.float64(4.966092513060011), 3.1]",0.7315063125051655,1.5547986609833493,17676324.158254255,0
3.991211711723387e-08,0.47216866986144995,"[np.float64(4.871416780570219), 3.1]",0.7354391971848881,1.5575772899135611,18426464.199448064,0
4.648714523469171e-08,0.4650957291423616,"[np.float64(5.296026692156035), 3.1]",0.7190600813263134,1.5460474828531818,15467933.720087944,0
4.513670996873302e-08,0.4664580892533227,"[np.float64(5.208338367833134), 3.1]",0.7221899729312818,1.548241931203978,16000057.900355507,0
4.29135228733399e-08,0.4687970154240155,"[np.float64(5.064661387620077), 3.1]",0.7275911513852791,1.5520387874636759,16954822.225450438,0
4.246994506834111e-08,0.4692790605070632,"[np.float64(5.036067792140399), 3.1]",0.7287086867006615,1.5528259153802444,17158220.60819833,0
4.328848142565465e-08,0.46839366415607464,"[np.float64(5.088847305952491), 3.1]",0.7266572032118246,1.5513813674680563,16786387.03138188,0
4.665654248014735e-08,0.4649277504538829,"[np.float64(5.307053969524955), 3.1]",0.7186749868305494,1.5457777818788991,15403520.034437831,0
4.234273393182723e-08,0.4694182962800499,"[np.float64(5.027870872096231), 3.1]",0.7290317586532066,1.5530535652966413,17217399.32586697,0
5.35509841812049e-08,0.45857139396498825,"[np.float64(5.76346348349113), 3.1]",0.7042344159419269,1.535713795517945,13150727.791648993,0
4.880769129099542e-08,0.4628476990711083,"[np.float64(5.447731153012558), 3.1]",0.7139213062189737,1.5424540462267533,14627229.58892927,0
4.1528940632886814e-08,0.47031975891285344,"[np.float64(4.975461634817011), 3.1]",0.7311264698133612,1.5545306272127792,17605228.033059463,0
4.052203164097185e-08,0.47146183598631447,"[np.float64(4.910660174857474), 3.1]",0.7337878366145636,1.55640983130576,18108367.396678854,0
4.570463315888963e-08,0.46588003699020875,"[np.float64(5.245170107050916), 3.1]",0.7208605052422941,1.5473092813750338,15772153.836926386,0
4.409579922395494e-08,0.4675376631871563,"[np.float64(5.140979582854154), 3.1]",0.724678622636175,1.5499898290463172,16434187.278376736,0
4.324700318369879e-08,0.46843810001570096,"[np.float64(5.086171069847383), 3.1]",0.7267600418554677,1.5514537392050485,16804864.80805235,0
4.3983739805172994e-08,0.46765548353163505,"[np.float64(5.133738154054324), 3.1]",0.7249506760601154,1.550181066167431,16482242.739505587,0
3.9565362255665705e-08,0.47257578393937355,"[np.float64(4.849104442335288), 3.1]",0.7363918016002471,1.5582512405983087,18612032.333781976,0
4.209484919475965e-08,0.4696909031842691,"[np.float64(5.011902005597003), 3.1]",0.7296646567152046,1.5534996564090207,17333822.799537193,0
4.449178708724508e-08,0.4671238356650789,"[np.float64(5.166583792593203), 3.1]",0.7237237786042294,1.5493188815205932,16266457.833780894,0
4.451485124279982e-08,0.4670998522637787,"[np.float64(5.168075848138547), 3.1]",0.72366847421773,1.5492800323324933,16256787.431919854,0
4.2291001676537777e-08,0.46947504657494055,"[np.float64(5.024537857515318), 3.1]",0.7291634735190091,1.5531463894377942,17241574.912223816,0
4.1172813099828243e-08,0.470720242992417,"[np.float64(4.952538465146308), 3.1]",0.732058751262841,1.555188590592723,17780148.99025432,0
4.24870720553195e-08,0.4692603486606264,"[np.float64(5.0371714840116475), 3.1]",0.7286652787012489,1.552795331591561,17150282.272981856,0
4.811075424073729e-08,0.4635111161184882,"[np.float64(5.402013949330879), 3.1]",0.715434471064154,1.5435109238701972,14870572.75145288,0
4.3271286690257845e-08,0.46841207947261754,"[np.float64(5.0877378526695995), 3.1]",0.7266998205421344,1.551411358478034,16794042.33444587,0
4.180009574237186e-08,0.4700173017119101,"[np.float64(4.99291957464091), 3.1]",0.7304230709999078,1.554034433072018,17474196.123897716,0
4.684380731598882e-08,0.4647427878329685,"[np.float64(5.319252232706169), 3.1]",0.7182511643750034,1.5454810341955159,15332894.6882985,0
4.968998451607964e-08,0.4620215460323797,"[np.float64(5.505824000290568), 3.1]",0.7120408638793007,1.541142117708508,14329665.642155409,0
4.106600740254275e-08,0.47084107998544295,"[np.float64(4.94566462073565), 3.1]",0.7323402498204044,1.5553873290814944,17833246.914942574,0
4.378896679244626e-08,0.4678610272173175,"[np.float64(5.121155852886928), 3.1]",0.7254255006491233,1.5505149145756252,16566399.113446577,0
4.273216992313607e-08,0.4689934498398537,"[np.float64(5.052968886122126), 3.1]",0.7280463687515951,1.5523593538464124,17037430.349574078,0
4.461252915453669e-08,0.46699842616064535,"[np.float64(5.174395731313681), 3.1]",0.723434632036753,1.5491157817904395,16215952.014977528,0
4.283209288760297e-08,0.4688851074818837,"[np.float64(5.059410888341246), 3.1]",0.7277952653042883,1.5521825148443387,16991821.231199663,0
5.145830018611817e-08,0.46040941660077256,"[np.float64(5.623074115389703), 3.1]",0.7083838578975139,1.5385955029494183,13766172.907682123,0
5.029651156867778e-08,0.4614621823635739,"[np.float64(5.545911334125659), 3.1]",0.7107701251989144,1.5402564985030935,14131598.853101125,0
4.1171210984659713e-08,0.4707220530809363,"[np.float64(4.952435352505356), 3.1]",0.7320629672984595,1.5551915668854124,17780943.28027476,0
4.6627643680566556e-08,0.46495636246312994,"[np.float64(5.305172267572615), 3.1]",0.7187405677225243,1.545823706798977,15414473.28212471,0
4.297181213056543e-08,0.46873406664858414,"[np.float64(5.068420219366051), 3.1]",0.7274453263753122,1.5519361150267903,16928430.29670344,0
4.0867817447127454e-08,0.4710662084048046,"[np.float64(4.932910412868691), 3.1]",0.7328649549364582,1.5557578570923096,17932568.96785836,0
4.425945327966432e-08,0.4673661628269529,"[np.float64(5.151558415862313), 3.1]",0.7242827783895021,1.5497116308303969,16364476.393617922,0
4.2482719371246134e-08,0.4692651033595039,"[np.float64(5.0368909873139325), 3.1]",0.728676308503401,1.5528031027382028,17152299.082732353,0
4.410405076223161e-08,0.4675289999524535,"[np.float64(5.141512879710648), 3.1]",0.7246586222835677,1.5499757712511173,16430659.083680525,0
3.9074111893938e-08,0.4731592597076713,"[np.float64(4.817488840378796), 3.1]",0.7377589537784773,1.5592190972533895,18881016.56106825,0
4.1904813217736166e-08,0.4699010595742026,"[np.float64(4.99966282923063), 3.1]",0.7301528938111547,1.5538438974212516,17424081.811731312,0
4.436039042800694e-08,0.4672607196878725,"[np.float64(5.158085145134339), 3.1]",0.7240394961075023,1.549540685960413,16321756.619400263,0
4.106430990733015e-08,0.47084300322178146,"[np.float64(4.9455553758716215), 3.1]",0.7323447309032711,1.5553904929926596,17834093.22002376,0
4.4209316617118735e-08,0.46741863202601014,"[np.float64(5.148317087420334), 3.1]",0.724403863820914,1.5497967222252356,16385773.842530068,0
4.5724085939353646e-08,0.46586037049965745,"[np.float64(5.246432803037241), 3.1]",0.7208153116712123,1.5472775907040632,15764455.360075846,0
5.687395270577633e-08,0.45579206951598433,"[np.float64(5.990776573817812), 3.1]",0.6980001888826662,1.531400468691542,12272756.783647548,0
4.115852492955566e-08,0.47073638861865286,"[np.float64(4.951618877370949), 3.1]",0.7320963582030986,1.5552151393084155,17787235.073562734,0
4.2934748505607326e-08,0.46877408251925945,"[np.float64(5.0660300996373255), 3.1]",0.7275380228379966,1.5520013797010759,16945202.85225333,0
4.781874319166184e-08,0.46379201211614257,"[np.float64(5.382900647508587), 3.1]",0.7160759990951173,1.5439593188073233,14974797.564733563,0
4.2215325089558685e-08,0.4695581978100907,"[np.float64(5.019662536129472), 3.1]",0.7293565012849698,1.5532824358865789,17277055.186420083,0
4.061694733868013e-08,0.47135287621774696,"[np.float64(4.91676748489062), 3.1]",0.7335335646107277,1.5562301655964932,18059790.621245746,0
4.072287543947838e-08,0.4712315997307876,"[np.float64(4.923583559167496), 3.1]",0.7332506404125758,1.556030284962805,18005866.051927496,0
4.546253510585201e-08,0.4661255289077156,"[np.float64(5.229461635926234), 3.1]",0.7214248533568844,1.5477050893295172,15868557.52054226,0
4.2863598260113584e-08,0.4688510033872925,"[np.float64(5.061442234275115), 3.1]",0.7277162384008928,1.5521268657705436,16977488.310356434,0
5.615147854890504e-08,0.4563828108343311,"[np.float64(5.940843799406035), 3.1]",0.6993212208370979,1.5323127958273488,12454190.68044709,0
4.7457834460745835e-08,0.46414162817276305,"[np.float64(5.359310035916233), 3.1]",0.7168751749253077,1.5445181630174143,15105518.04714693,0
4.521048194296951e-08,0.4663825726114993,"[np.float64(5.213119274083193), 3.1]",0.7220161701699082,1.548119961101878,15970105.584821925,0
4.333849624186338e-08,0.46834014315850786,"[np.float64(5.092074600241753), 3.1]",0.7265333555408764,1.5512942167227037,16764157.009192027,0
4.174703479378149e-08,0.47007632171952834,"[np.float64(4.989502988377699), 3.1]",0.7305602823655133,1.5541312093600899,17499692.756007075,0
4.039462552768655e-08,0.47160852919613294,"[np.float64(4.902462457033), 3.1]",0.7341302861695126,1.5566518430462946,18173959.445826236,0
4.6006173006036255e-08,0.4655761613075704,"[np.float64(5.264752055682762), 3.1]",0.7201624751220941,1.546819908260591,15653605.33308443,0
4.3982184837951347e-08,0.4676571206704471,"[np.float64(5.133637682593), 3.1]",0.7249544569280147,1.5501837241111576,16482911.424228886,0
5.3096310237520017e-08,0.4589646391145397,"[np.float64(5.732796258820487), 3.1]",0.7051204029819301,1.5363283854335443,13280026.4242027,0
4.655209209457056e-08,0.4650312512300646,"[np.float64(5.300253760865602), 3.1]",0.7189122431525742,1.5459439365654744,15443177.971295128,0
3.9930742862168115e-08,0.47214691107189166,"[np.float64(4.872615222701323), 3.1]",0.7353883142124333,1.5575413011660244,18416594.87154615,0
4.6685239259332124e-08,0.46489935663017357,"[np.float64(5.308922711473496), 3.1]",0.7186099111947938,1.5457322126742508,15392657.777825302,0
4.562928761801532e-08,0.4659562928560352,"[np.float64(5.240280085008548), 3.1]",0.7210357644966375,1.547432185274539,15802038.60583523,0
4.258067324251331e-08,0.46915822821923375,"[np.float64(5.043203757352018), 3.1]",0.7284284180573241,1.5526284614514647,17107019.748340853,0
4.013771989396007e-08,0.4719058586233727,"[np.float64(4.885932624974944), 3.1]",0.7348248183089361,1.5571428175368311,18307587.48255435,0
4.989734589319435e-08,0.46182953730937387,"[np.float64(5.5195147579123205), 3.1]",0.711604443531493,1.5408378764106594,14261368.63180434,0
4.217017862160081e-08,0.4696078794927103,"[np.float64(5.016754270768888), 3.1]",0.7294718539194706,1.5533637440399763,17298287.03039483,0
4.938113071473076e-08,0.4623090415351552,"[np.float64(5.485459294908945), 3.1]",0.7126947542384422,1.5415981307046254,14432532.101291882,0
4.896682022906228e-08,0.46269757948376994,"[np.float64(5.458190216145154), 3.1]",0.7135792910667549,1.5422153101879046,14572710.413473789,0
4.4150995765432054e-08,0.4674797452669285,"[np.float64(5.144547124037166), 3.1]",0.7245449197430388,1.5498958555505489,16410613.332311748,0
4.322149367963259e-08,0.46846545098805265,"[np.float64(5.084525257939416), 3.1]",0.7268233469762927,1.5514982918021611,16816247.776249252,0
4.598469778514324e-08,0.4655977341200606,"[np.float64(5.263356830598157), 3.1]",0.7202120103915041,1.5468546292490928,15661992.903739179,0
4.920554648811776e-08,0.4624732975035682,"[np.float64(5.473895948407235), 3.1]",0.7130685790063139,1.541858919975401,14491630.108782694,0
4.497300266424787e-08,0.46662613148744836,"[np.float64(5.197732583158638), 3.1]",0.7225768557786189,1.5485134822503082,16066902.6520892,0
4.547868472577791e-08,0.4661091104049785,"[np.float64(5.23050914137964), 3.1]",0.7213870977275246,1.5476786049102282,15862092.364307823,0
4.577109775983066e-08,0.4658128782356047,"[np.float64(5.249484696105609), 3.1]",0.7207061846953907,1.5472010722959508,15745879.386093559,0
3.93784425687528e-08,0.4727968575577808,"[np.float64(4.837075742781385), 3.1]",0.7369095423004441,1.5586176822471498,18713526.84946432,0
4.130351408385953e-08,0.4705728308087092,"[np.float64(4.96095076225661), 3.1]",0.731715471802358,1.5549462780179182,17715574.280598454,0
4.599146865988395e-08,0.46559093134325796,"[np.float64(5.263796717461928), 3.1]",0.7201963896048658,1.5468436799811707,15659347.496181546,0
4.351485859574894e-08,0.46815193943801153,"[np.float64(5.103457078354298), 3.1]",0.7260979980836252,1.550987909940654,16686208.378362035,0
4.109566737792673e-08,0.4708074895269094,"[np.float64(4.94757344898767), 3.1]",0.7322619889223059,1.5553320735362959,17818471.767065592,0
4.328511597055713e-08,0.4683972678985278,"[np.float64(5.088630154509754), 3.1]",0.7266655429393255,1.5513872363080226,16787884.857085954,0
5.028295773451209e-08,0.4614746077868503,"[np.float64(5.545014098911755), 3.1]",0.7107983312629818,1.5402761479593503,14135968.99004849,0
4.322665029652772e-08,0.4684599207438526,"[np.float64(5.08485794448194), 3.1]",0.7268105465761064,1.5514892830576137,16813945.60046419,0
5.7699604251304306e-08,0.4551256203446905,"[np.float64(6.048220194753292), 3.1]",0.6965124710865709,1.5303741207956287,12071356.123223776,0
3.9950464391292064e-08,0.4721238842095952,"[np.float64(4.87388416728027), 3.1]",0.7353344691989551,1.5575032185249704,18406155.73317928,0
4.284735384948161e-08,0.46886858438017703,"[np.float64(5.060394844387101), 3.1]",0.7277569766039765,1.5521555524263546,16984875.63924047,0
4.1656086327732625e-08,0.4701776719858479,"[np.float64(4.983647216709051), 3.1]",0.7307959567990957,1.5542974503925235,17543557.766072873,0
4.114211179792547e-08,0.47075494291537123,"[np.float64(4.950562536273231), 3.1]",0.7321395775834971,1.5552456508462316,17795381.55891196,0
4.5327577323216266e-08,0.46626297269495504,"[np.float64(5.220709889695158), 3.1]",0.7217409836870567,1.5479268694991228,15922778.721230911,0
4.4796286130933206e-08,0.46680824967003237,"[np.float64(5.186289294102088), 3.1]",0.7229963497285411,1.5488079960874677,16139649.336450014,0
5.6002916998611195e-08,0.4565051827160122,"[np.float64(5.930613280757396), 3.1]",0.699595144734932,1.5325020858966762,12492119.736410893,0
4.5927377456957125e-08,0.46565536637217847,"[np.float64(5.259633259544748), 3.1]",0.7203443595467137,1.5469474026655439,15684421.785716293,0
4.134039206199848e-08,0.47053132863062536,"[np.float64(4.963324464881156), 3.1]",0.7316188508399023,1.5548780842481051,17697433.77718064,0
4.532750051334481e-08,0.4662630510416035,"[np.float64(5.220704909713602), 3.1]",0.7217411639242811,1.5479269959563704,15922809.679562947,0
4.363213367131772e-08,0.4680272378011529,"[np.float64(5.111028175395881), 3.1]",0.7258096605941237,1.5507850867912367,16634750.573090728,0
4.187817260928296e-08,0.46993060250651614,"[np.float64(4.997947247948946), 3.1]",0.730221551057604,1.553892313381482,17436805.51370904,0
4.0837581164301125e-08,0.4711006581864269,"[np.float64(4.930964701085105), 3.1]",0.7329452757381986,1.5558145865467097,17947813.137838714,0
4.899806490931412e-08,0.46266816211327744,"[np.float64(5.460244765334437), 3.1]",0.7135122866644317,1.5421685456059948,14562050.317395268,0
4.2450871134427844e-08,0.4692999089597706,"[np.float64(5.034838665512668), 3.1]",0.7287570538869538,1.5528599941608436,17167069.47141842,0
5.03219611550327e-08,0.46143886066093287,"[np.float64(5.54759622180573), 3.1]",0.7107171869054874,1.54021962061779,14123400.01447675,0
4.736886662304392e-08,0.4642282327164368,"[np.float64(5.353500019180723), 3.1]",0.7170732615372606,1.5446567248641863,15138070.90306062,0
4.8735910448889595e-08,0.4629155791913801,"[np.float64(5.443015785108742), 3.1]",0.71407600337132,1.5425620468826442,14651947.543284064,0
4.353116885852203e-08,0.46813457498445576,"[np.float64(5.104509939901145), 3.1]",0.726057841676322,1.5509596609061198,16679033.913287232,0
4.3520571604267635e-08,0.46814585639159184,"[np.float64(5.10382586122017), 3.1]",0.7260839304299559,1.5509780136184854,16683694.714128155,0
4.702390134956793e-08,0.464565628315773,"[np.float64(5.330991383320228), 3.1]",0.7178454262741969,1.5451970238880122,15265543.812238213,0
4.164100083033277e-08,0.4701945058142178,"[np.float64(4.982675973435893), 3.1]",0.7308351077010151,1.554325069016823,17550853.560864683,0
5.609657065798754e-08,0.45642800299229175,"[np.float64(5.937061181383658), 3.1]",0.6994223705316104,1.5323826889373007,12468184.103372106,0
4.9396030133746526e-08,0.4622951306794702,"[np.float64(5.486440980953739), 3.1]",0.7126631028276211,1.5415760528997269,14427538.020727335,0
4.22100386166515e-08,0.46956401239620477,"[np.float64(5.019321981720234), 3.1]",0.7293700009676938,1.5532919510711398,17279538.82231142,0
4.972615569941845e-08,0.461987994630889,"[np.float64(5.5082110952585275), 3.1]",0.7119645874283358,1.5410889367312859,14317708.204349734,0
4.7808327552092775e-08,0.4638020637867397,"[np.float64(5.3822193402381), 3.1]",0.716098965027643,1.5439753742814557,14978540.386031477,0
4.298543024223787e-08,0.4687193730428907,"[np.float64(5.069298445731895), 3.1]",0.7274112913356933,1.5519121529229616,16922275.460230995,0
4.27218010235204e-08,0.46900470788593307,"[np.float64(5.052300461885377), 3.1]",0.7280724656909382,1.5523777340589364,17042176.318599008,0
4.366845933653944e-08,0.46798868385846204,"[np.float64(5.113373660076282), 3.1]",0.7257205356570715,1.5507224013915635,16618871.988685602,0
4.716468661686898e-08,0.4644276247602109,"[np.float64(5.340173838763392), 3.1]",0.7175295032780322,1.544975933868061,15213278.296678001,0
4.348653725097641e-08,0.46818210770661034,"[np.float64(5.101628954878079), 3.1]",0.7261677687385044,1.5510369934802435,16698679.97416142,0
4.761328748205769e-08,0.4639907050611078,"[np.float64(5.36946685206481), 3.1]",0.7165300894123162,1.544276817609846,15048952.24221451,0
3.91861417920628e-08,0.47302549480145273,"[np.float64(4.824699572383012), 3.1]",0.7374453311063984,1.5589970080067947,18819033.907945715,0
4.099068956359835e-08,0.47092649665716474,"[np.float64(4.94081751820773), 3.1]",0.7325392911817582,1.5555278719325236,17870870.165411595,0
4.101505128435525e-08,0.4708988499141233,"[np.float64(4.942385304300849), 3.1]",0.7324748624602095,1.5554823771470014,17858684.544412706,0
4.281705995978222e-08,0.4689013898287497,"[np.float64(5.058441657549109), 3.1]",0.7278329978272688,1.552209086206985,16998668.253049545,0
4.081662931527928e-08,0.471124545907565,"[np.float64(4.929616458176278), 3.1]",0.7330009752609705,1.555853927858783,17958390.674522925,0
4.3077036179064354e-08,0.46862066114926176,"[np.float64(5.075206586027498), 3.1]",0.7271826793821043,1.5517512130146716,16880982.16319531,0
4.3153204304929136e-08,0.4685387545765936,"[np.float64(5.080119754259583), 3.1]",0.726993035333366,1.5516177226157757,16846791.496554658,0
5.069431746954429e-08,0.461098987319967,"[np.float64(5.5722750670845365), 3.1]",0.7099460931269852,1.5396826118690596,14004451.1606947,0
4.3187905835675885e-08,0.46850148964662147,"[np.float64(5.082358363760842), 3.1]",0.7269067675052759,1.5515570037003785,16831257.58102413,0
4.051677639033057e-08,0.47146787689979575,"[np.float64(4.910322031651184), 3.1]",0.7338019361356246,1.5564197946227936,18111064.14454898,0
4.562895591543692e-08,0.4659566288569199,"[np.float64(5.240258559599648), 3.1]",0.7210365368114479,1.5474327269048354,15802170.405733764,0
4.2302130565253057e-08,0.46946283191174243,"[np.float64(5.025254853281775), 3.1]",0.7291351220845443,1.553126408570763,17236368.767757893,0
4.2546081083007514e-08,0.4691959408686532,"[np.float64(5.040974321486929), 3.1]",0.7285158818698017,1.552690077670008,17122984.381298605,0
3.889951726313216e-08,0.4733685667285176,"[np.float64(4.806250028747515), 3.1]",0.7382499249666769,1.559566850982042,18978382.687190022,0
4.181805493475206e-08,0.46999734382333735,"[np.float64(4.994076003135599), 3.1]",0.7303766774322455,1.5540017130538926,17465582.23647271,0
4.2174631750812476e-08,0.46960297648966554,"[np.float64(5.0170411275686915), 3.1]",0.7294604692506759,1.5533557191299638,17296190.600090377,0
5.6344070837667e-08,0.4562246300442051,"[np.float64(5.954125068266117), 3.1]",0.6989672789637826,1.5320682684230735,12405338.637628412,0
4.797267244091622e-08,0.4636437233719661,"[np.float64(5.392972960159281), 3.1]",0.7157372654194313,1.5437225381032902,14919687.167750405,0
4.769778635482169e-08,0.4639088810474899,"[np.float64(5.374990454412292), 3.1]",0.7163430594593334,1.5441460354064704,15018371.169900622,0
4.5373067090310696e-08,0.4662165971872898,"[np.float64(5.223659422979896), 3.1]",0.7216343032707162,1.5478520233393134,15904463.805243162,0
4.544286277127457e-08,0.46614553701959427,"[np.float64(5.228185706405298), 3.1]",0.7214708659025991,1.5477373665647094,15876439.59699336,0
4.749035687439093e-08,0.4641100114049919,"[np.float64(5.361434419653208), 3.1]",0.7168028712277333,1.5444675909010643,15093650.972630776,0
4.28825938842944e-08,0.4688304538192505,"[np.float64(5.06266704772009), 3.1]",0.727668624017943,1.55209333798628,16968857.48052776,0
4.2478018852318695e-08,0.469270238604198,"[np.float64(5.0365880772059946), 3.1]",0.728688221247547,1.5528114960261796,17154477.56122861,0
4.461680753425997e-08,0.4669939889527708,"[np.float64(5.174672583277409), 3.1]",0.7234244033709225,1.5491085977213417,16214167.784537824,0
4.721478762785804e-08,0.46437861627093446,"[np.float64(5.343442786324837), 3.1]",0.7174173403523065,1.5448974505185669,15194759.447123094,0
4.266188592383524e-08,0.4690698179452404,"[np.float64(5.048438274613492), 3.1]",0.7282234113834325,1.5524840514646925,17069648.8355798,0
4.098277875205342e-08,0.47093547800858077,"[np.float64(4.940308425926743), 3.1]",0.7325602226321793,1.5555426525304845,17874830.476092957,0
4.445904540938242e-08,0.4671579048009012,"[np.float64(5.1644658287495675), 3.1]",0.7238023464708258,1.5493740746596256,16280204.394988608,0
4.169569119144014e-08,0.4701335082966564,"[np.float64(4.9861971410733466), 3.1]",0.7306932527840654,1.5542250018116015,17524430.748232134,0
4.317569782314769e-08,0.46851459583147054,"[np.float64(5.08157080466023), 3.1]",0.7269371071342727,1.5515783576479214,16836719.353370626,0
5.4851815873437126e-08,0.4574640609341642,"[np.float64(5.851754533976489), 3.1]",0.7017447919282404,1.5339889006695802,12793465.097808577,0
4.227947877624873e-08,0.4694876973168963,"[np.float64(5.02379548734509), 3.1]",0.7291928381495085,1.5531670847113073,17246968.48815331,0
4.6264451131932176e-08,0.46531752757117956,"[np.float64(5.281539920675334), 3.1]",0.7195688342974774,1.5464038890892737,15553385.30323175,0
4.221493354642697e-08,0.4695586284412374,"[np.float64(5.019637312860333), 3.1]",0.7293575010707254,1.5532831405780467,17277239.114177346,0
4.3386088435147345e-08,0.46828927551182414,"[np.float64(5.095145844519491), 3.1]",0.726415664799437,1.5512114045436756,16743054.997577589,0
4.3701652846598245e-08,0.4679534839125064,"[np.float64(5.11551705681622), 3.1]",0.7256391724746071,1.5506651781019336,16604387.36772152,0
4.3046976839064466e-08,0.46865302756278227,"[np.float64(5.073267804828725), 3.1]",0.7272576315149887,1.5518039759543918,16894511.180980626,0
4.3128670418478424e-08,0.4685651200204582,"[np.float64(5.0785371444728815), 3.1]",0.7270540763892257,1.551660687755592,16857790.173789367,0
4.967023545519309e-08,0.46203987515177697,"[np.float64(5.504520860627232), 3.1]",0.7120825366879594,1.5411711737088603,14336202.15733264,0
4.186572616738465e-08,0.46994441182399666,"[np.float64(4.997145747307259), 3.1]",0.7302536455972952,1.5539149465847664,17442755.9832032,0
4.632313142681224e-08,0.4652589758455453,"[np.float64(5.285356129490068), 3.1]",0.7194345000463024,1.546309770249628,15530782.95630695,0
4.366694215140623e-08,0.4679902934299233,"[np.float64(5.113275694667088), 3.1]",0.7257242563035499,1.550725018214976,16619534.607833285,0
3.9094289355186487e-08,0.47313513664509405,"[np.float64(4.818787589445213), 3.1]",0.7377023866882076,1.5591790369218965,18869824.694494404,0
4.2682285252894656e-08,0.46904763893285595,"[np.float64(5.0497531977565036), 3.1]",0.7281719903572378,1.552447832407649,17060285.925244693,0
4.337111984962367e-08,0.46830526789350563,"[np.float64(5.094179854891468), 3.1]",0.726452664035218,1.5512374381413452,16749686.578395355,0
4.1964729819318474e-08,0.4698346890251709,"[np.float64(5.003521462611158), 3.1]",0.7299986703919898,1.5537351486468913,17395528.90093754,0
5.105844859212318e-08,0.46076903554426357,"[np.float64(5.596458870307862), 3.1]",0.709198206914871,1.5391620360885605,13889928.630230246,0
3.921786312321968e-08,0.4729876951663374,"[np.float64(4.826741201224838), 3.1]",0.7373567279126793,1.5589342713310337,18801552.8943012,0
5.090129261539134e-08,0.4609111499133847,"[np.float64(5.5860151560919356), 3.1]",0.7095202466364869,1.5393861631896328,13939140.052839147,0
4.417536372865888e-08,0.46745420020975037,"[np.float64(5.146122251141748), 3.1]",0.7244859560938373,1.5498544151892415,16400226.165513724,0
4.1219585467230624e-08,0.470667432484015,"[np.float64(4.955548792883833), 3.1]",0.731935755017131,1.5551017650705827,17756989.710607752,0
4.462540025313749e-08,0.4669850785954256,"[np.float64(5.1752286231805265), 3.1]",0.7234038635676007,1.5490941717954216,16210585.439325893,0
4.475235618776092e-08,0.4668536395724064,"[np.float64(5.183445440072838), 3.1]",0.7231009346232227,1.5488814337733652,16157829.357395481,0
4.18900465591253e-08,0.4699174324745631,"[np.float64(4.998711891698525), 3.1]",0.7301909434426854,1.5538707291566825,17431132.29564127,0
4.456994065891107e-08,0.46704262012551095,"[np.float64(5.1716400123648905), 3.1]",0.7235365149921347,1.5491873413987243,16233732.966558814,0
4.0206892953863154e-08,0.47182559842971245,"[np.float64(4.890383347772524), 3.1]",0.7346372819033615,1.5570102265504782,18271426.31355145,0
4.753876100735895e-08,0.46406299643386717,"[np.float64(5.364596723985901), 3.1]",0.7166953654719554,1.5443924014184796,15076021.130651928,0
4.5759679296474695e-08,0.46582440870916336,"[np.float64(5.248743395852519), 3.1]",0.7207326779112987,1.547219648511993,15750387.436977156,0
4.249653282836309e-08,0.4692500158841201,"[np.float64(5.037781163071795), 3.1]",0.7286413095510132,1.552778444084164,17145900.172465425,0
4.046681045785818e-08,0.4715253552240428,"[np.float64(4.907107046250222), 3.1]",0.7339361026572653,1.5565146063217308,18136742.044979814,0
4.0365511738293463e-08,0.47164212073903666,"[np.float64(4.900589203073043), 3.1]",0.7342087239503264,1.5567072822076677,18189010.676007513,0
4.937570701118493e-08,0.4623141064376933,"[np.float64(5.4851019585536775), 3.1]",0.7127062787304084,1.541606169498228,14434350.855350003,0
4.2857310081181746e-08,0.4688578081117775,"[np.float64(5.061036788595423), 3.1]",0.7277320058890782,1.552137968694304,16980347.21522615,0
5.0235269586639563e-08,0.4615183525287922,"[np.float64(5.541857768738495), 3.1]",0.7108976408361891,1.54034533392004,14151365.100372778,0
3.922776897905264e-08,0.4729758980426405,"[np.float64(4.827378747751414), 3.1]",0.7373290770946348,1.5589146934251645,18796100.21891287,0
4.231032405444656e-08,0.46945384123429384,"[np.float64(5.025782737757574), 3.1]",0.7291142544528043,1.5531117021767424,17232537.702016935,0
4.985594522701641e-08,0.46186780822983914,"[np.float64(5.5167801540731025), 3.1]",0.7116914116352765,1.5408984972624844,14274955.742883367,0
4.7387785268820194e-08,0.4642098025921162,"[np.float64(5.354735322545066), 3.1]",0.7170311031598149,1.5446272335395799,15131137.678037906,0
4.240086124360027e-08,0.46935461905078785,"[np.float64(5.031616169228326), 3.1]",0.7288839914103014,1.552949437004327,17190310.99917374,0
4.493310159457539e-08,0.4666671864273972,"[np.float64(5.195148312812154), 3.1]",0.7226714038475468,1.5485798549068932,16083274.4280175,0
4.2941804414924183e-08,0.46876646174688696,"[np.float64(5.0664851026365065), 3.1]",0.7275203685816918,1.5519889496158545,16942007.409657106,0
4.012534537521924e-08,0.47192023238857217,"[np.float64(4.885136424744771), 3.1]",0.7348584085418853,1.5571665677957494,18314070.612230092,0
4.964691971077001e-08,0.4620615240081869,"[np.float64(5.502982543704713), 3.1]",0.7121317599393049,1.5412054952376584,14343926.352087876,0
4.089212326618313e-08,0.4710385354840915,"[np.float64(4.934474515161694), 3.1]",0.7328004401766653,1.5557122931005172,17920332.36832862,0
4.669964393363353e-08,0.46488511084480155,"[np.float64(5.30986082094949), 3.1]",0.718577263299742,1.5457093517018095,15387210.753061349,0
4.243840656301486e-08,0.46931353856825986,"[np.float64(5.034035463848236), 3.1]",0.728788675293074,1.5528822746439361,17172856.719088376,0
4.1784947539295805e-08,0.47003414293542756,"[np.float64(4.99194416680331), 3.1]",0.7304622216536492,1.5540620455608025,17481467.96084166,0
4.412111593252573e-08,0.4675110887760342,"[np.float64(5.142615832993984), 3.1]",0.7246172732231414,1.549946708473211,16423366.85978877,0
4.561871201858741e-08,0.4659670067537591,"[np.float64(5.239593805982842), 3.1]",0.7210603912807818,1.5474494563556667,15806241.767347239,0
4.300135927270086e-08,0.4687021923032401,"[np.float64(5.07032572704867), 3.1]",0.7273714970692814,1.5518841366943892,16915081.508389633,0
5.745183035777973e-08,0.45532466701724444,"[np.float64(6.030937938169529), 3.1]",0.6969565139057783,1.5306803351362963,12131145.510343192,0
5.157481641154704e-08,0.4603051485930165,"[np.float64(5.6308416997192765), 3.1]",0.7081478978428225,1.5384314079635435,13730497.694690308,0
4.6925861648786075e-08,0.464661983320845,"[np.float64(5.324599833632487), 3.1]",0.7180660777211674,1.5453514672952038,15302139.427838147,0
4.253645844475791e-08,0.46920643737005857,"[np.float64(5.040354169484478), 3.1]",0.7285402271633568,1.5527072289265378,17127430.298634566,0
4.5125991275540384e-08,0.4664690722021063,"[np.float64(5.207643809221066), 3.1]",0.7222152534031664,1.5482596734521625,16004418.584254531,0
4.0134198500947287e-08,0.4719099484478956,"[np.float64(4.8857060518445685), 3.1]",0.7348343757348579,1.5571495751503366,18309431.935398277,0
4.799375500816431e-08,0.4636234513701079,"[np.float64(5.394353005899072), 3.1]",0.7156909692569327,1.5436901803433596,14912168.658926252,0
4.3320376624384475e-08,0.46835952542777676,"[np.float64(5.090905366083326), 3.1]",0.7265782040144425,1.5513257755371184,16772204.228839993,0
4.006445531396471e-08,0.4719910301863577,"[np.float64(4.881218634034296), 3.1]",0.7350238763815288,1.557283569756224,18346034.42431755,0
4.582922300936241e-08,0.46575422928728305,"[np.float64(5.253258670610398), 3.1]",0.7205714419493768,1.54710659965885,15722968.766068147,0
3.8909741545466715e-08,0.4733562813466968,"[np.float64(4.806908216365774), 3.1]",0.7382210992768221,1.559546431234811,18972654.917643126,0
4.960786976237415e-08,0.46209780526047856,"[np.float64(5.500406532839698), 3.1]",0.7122142596873133,1.5412630217662413,14356880.533247633,0
4.65889974271001e-08,0.46499465393709455,"[np.float64(5.302656180134808), 3.1]",0.7188283428457425,1.5458851768712745,15429143.843898455,0
4.232033236380548e-08,0.46944286169098964,"[np.float64(5.02642755354087), 3.1]",0.7290887713108231,1.5530937432610172,17227860.24087035,0
4.201804499435706e-08,0.4697757164072322,"[np.float64(5.0069551673194095), 3.1]",0.7298616612006147,1.5536385464588873,17370195.62187231,0
4.823317929980699e-08,0.46339387064660803,"[np.float64(5.4100343480666035), 3.1]",0.7151668467129072,1.5433239238036998,14827279.832987685,0
4.139626686836972e-08,0.47046852352528784,"[np.float64(4.966921039772263), 3.1]",0.7314726558491389,1.5547749089952072,17670014.984081727,0
5.862144580887003e-08,0.45439205324910165,"[np.float64(6.112859808461295), 3.1]",0.6948781254568566,1.529247970971707,11853650.41528393,0
4.2856841296337934e-08,0.46885831544781487,"[np.float64(5.0610065627080925), 3.1]",0.7277331814688183,1.5521387965013427,16980560.383273095,0
3.982002101614095e-08,0.4722764201618282,"[np.float64(4.86549095048806), 3.1]",0.7356912168067739,1.557755554585353,18475410.05838654,0
4.441180916444511e-08,0.4672071027783564,"[np.float64(5.161410551959255), 3.1]",0.7239158165475953,1.5494537909262518,16300074.916271202,0
4.262341801295538e-08,0.4691116727069451,"[np.float64(5.045958771721338), 3.1]",0.7283204583680607,1.55255241074132,17087331.150840316,0
4.31638644277497e-08,0.46852730360038275,"[np.float64(5.080807428677178), 3.1]",0.7269665255216283,1.551599063566366,16842016.69983625,0
4.270331030401821e-08,0.4690247914466167,"[np.float64(5.051108495382043), 3.1]",0.7281190228185068,1.552410525193698,17050645.901565943,0
4.598078484525338e-08,0.46560166597218466,"[np.float64(5.263102621068431), 3.1]",0.7202210389898982,1.546860957823387,15663522.086753745,0
5.6488405617066966e-08,0.4561064221701758,"[np.float64(5.964092402619815), 3.1]",0.6987028816503311,1.5318856470511202,12368960.922473451,0
4.686334000139521e-08,0.4647235393880598,"[np.float64(5.320525058197189), 3.1]",0.7182070711044106,1.5454501660280295,15325563.032490391,0
3.933904217995778e-08,0.4728436033799613,"[np.float64(4.834540103877377), 3.1]",0.7370190588458898,1.5586952082624368,18735053.473706126,0
4.0504410477076e-08,0.47148209487440385,"[np.float64(4.9095263621902125), 3.1]",0.733835121890433,1.5564432453917816,18117412.727331422,0
4.581489132682196e-08,0.46576868288516277,"[np.float64(5.25232807412853), 3.1]",0.7206046462586136,1.5471298795678836,15728611.929212227,0
4.256202671208321e-08,0.46917855274791004,"[np.float64(5.042001990661729), 3.1]",0.7284755539082645,1.5526616671663482,17115621.83906653,0
3.9222001037673924e-08,0.4729827668276101,"[np.float64(4.82700752021943), 3.1]",0.737345176461579,1.5589260923967705,18799274.819082703,0
4.4230248644561645e-08,0.46739671853265763,"[np.float64(5.149670294276272), 3.1]",0.7243532909607429,1.5497611819671586,16376875.85212809,0
4.655355310630201e-08,0.46502980184105724,"[np.float64(5.300348862058681), 3.1]",0.7189089202257785,1.54594160928958,15442621.932297986,0
4.280755944694371e-08,0.46891168309374015,"[np.float64(5.057829134421098), 3.1]",0.7278568522016792,1.5522258848393276,17002998.10606571,0
4.53040040076912e-08,0.4662870241821952,"[np.float64(5.219181561831554), 3.1]",0.721796316210439,1.5479656923251786,15932285.28074253,0
4.148719703356988e-08,0.4703665099972513,"[np.float64(4.972774385221055), 3.1]",0.731235247558847,1.554607379600899,17625564.02562359,0
4.4525317555730854e-08,0.4670889731224097,"[np.float64(5.168752958022999), 3.1]",0.7236433887396004,1.5492624111893896,16252402.643368915,0
4.376683717423698e-08,0.46788444177303307,"[np.float64(5.119726610695953), 3.1]",0.7254796076111293,1.55055296316746,16576011.758011552,0
4.39656928985319e-08,0.4676744878875344,"[np.float64(5.132572106028185), 3.1]",0.7249945664698594,1.5502119214255812,16490006.609086521,0
4.6610211782375114e-08,0.46497363025801675,"[np.float64(5.304037310260162), 3.1]",0.7187801493410878,1.545851425901792,15421087.393833356,0
4.295141478969168e-08,0.46875608415631675,"[np.float64(5.0671048396112015), 3.1]",0.7274963284905442,1.551972023573661,16937656.932901382,0
4.6963226614111984e-08,0.4646252359029077,"[np.float64(5.32703550714063), 3.1]",0.7179819197363632,1.5452925589396938,15288172.715130623,0
4.6010754801000156e-08,0.46557156004890254,"[np.float64(5.26504974330369), 3.1]",0.7201519101438739,1.5468125030408448,15651816.912341105,0
4.5487480473327923e-08,0.46610017077732546,"[np.float64(5.231079677235829), 3.1]",0.7213665410801541,1.547664185312602,15858573.250790074,0
4.675854837601365e-08,0.46482690347136946,"[np.float64(5.313697505304898), 3.1]",0.7184438795144031,1.5456159575725912,15364973.98800671,0
4.263058479127782e-08,0.46910387188370284,"[np.float64(5.046420706047913), 3.1]",0.7283023700512313,1.5525396691498365,17084034.235445004,0
4.272587669585841e-08,0.4690002823716962,"[np.float64(5.052563196171989), 3.1]",0.7280622069415861,1.5523705087336723,17040310.538839336,0
4.460946875448149e-08,0.46700160044805383,"[np.float64(5.174197696085576), 3.1]",0.723441949491679,1.549120921207956,16217228.532204872,0
4.943671366906205e-08,0.46225716812270456,"[np.float64(5.4891218915020605), 3.1]",0.7125767327460466,1.5415158095653274,14413917.913641246,0
4.339877471815984e-08,0.4682757261208468,"[np.float64(5.0959645679774175), 3.1]",0.7263843188408305,1.5511893491856426,16737438.408298688,0
4.274491852921912e-08,0.46897961201887023,"[np.float64(5.05379073069714), 3.1]",0.7280142928317191,1.5523367629943499,17031598.559114594,0
4.039057612501464e-08,0.4716131998316453,"[np.float64(4.902201907974114), 3.1]",0.7341411918778018,1.5566595509622563,18176051.50284386,0
4.175583224485553e-08,0.47006653069104126,"[np.float64(4.990069443171625), 3.1]",0.7305375183517726,1.5541151531844117,17495460.611775436,0
4.5434416552693315e-08,0.46615413018269547,"[np.float64(5.227637915352514), 3.1]",0.7214906283385732,1.5477512299543632,15879825.979537176,0
4.521369209043239e-08,0.46637928947853846,"[np.float64(5.2133273353436795), 3.1]",0.7220086148143702,1.548114659254386,15968804.612776877,0
4.6451808866398446e-08,0.4651308496425865,"[np.float64(5.293727230050598), 3.1]",0.7191406185133871,1.546103895422085,15481434.115552545,0
4.6215280330709936e-08,0.4653666501181115,"[np.float64(5.2783427389141755), 3.1]",0.719681552213533,1.5464828690042047,15572372.320660932,0
5.12391525483871e-08,0.46060616678630956,"[np.float64(5.608479252553722), 3.1]",0.708829293212155,1.5389053476155572,13833743.494152842,0
4.6809592508723676e-08,0.4647765247730954,"[np.float64(5.31702288517523), 3.1]",0.7183284527816161,1.5455351432224447,15345753.173299782,0
4.109051525869599e-08,0.47081332251658364,"[np.float64(4.947241871671279), 3.1]",0.7322755784185376,1.5553416681252565,17821036.650631096,0
4.426282764989675e-08,0.46736263372232895,"[np.float64(5.151776582028272), 3.1]",0.7242746347564699,1.5497059082108358,16363044.866568968,0
4.5942347801383526e-08,0.4656403073341882,"[np.float64(5.260605677471809), 3.1]",0.7203097752845121,1.5469231592263095,15678558.23125392,0
4.2365274672838945e-08,0.46939359228506816,"[np.float64(5.029323198804701), 3.1]",0.7289744282869336,1.5530131647903258,17206885.44843286,0
3.994903358027546e-08,0.47212555440876774,"[np.float64(4.87379210457507), 3.1]",0.7353383746042205,1.5575059806391294,18406912.726101298,0
4.424663830074309e-08,0.467379568034097,"[np.float64(5.150729893266847), 3.1]",0.724313712484248,1.5497333688138604,16369915.100919288,0
4.1834247047470015e-08,0.46997935756407394,"[np.float64(4.9951186629759405), 3.1]",0.730334869264508,1.553972227737553,17457822.736376368,0
4.128851243273888e-08,0.47058972497450197,"[np.float64(4.959985176725985), 3.1]",0.7317548061951505,1.5549740407842507,17722963.67875246,0
4.918679992641024e-08,0.46249086973335485,"[np.float64(5.472661958207626), 3.1]",0.7131085811877359,1.5418868303256938,14497966.573443236,0
4.9845361844718946e-08,0.46187759669841677,"[np.float64(5.516081193698066), 3.1]",0.7117136567626228,1.5409140037318947,14278432.945873538,0
5.060334130506359e-08,0.46118179496797923,"[np.float64(5.566240678606887), 3.1]",0.7101338972382577,1.5398133772551965,14033340.07051425,0
4.266279294005779e-08,0.46906883155840584,"[np.float64(5.04849673926881), 3.1]",0.7282211244233201,1.552482440591762,17069232.32725264,0
4.3520376101519866e-08,0.4681460645432683,"[np.float64(5.103813241171208), 3.1]",0.7260844117976111,1.5509783522499374,16683780.721560767,0
4.651689695330958e-08,0.465066180652273,"[np.float64(5.297962963263307), 3.1]",0.7189923277838222,1.5460000268680214,15456584.056015098,0
4.4191965071894325e-08,0.4674368054593429,"[np.float64(5.147195399998451), 3.1]",0.7244458075534493,1.549826199161933,16393156.68300503,0
4.6187094568950084e-08,0.4653948327316314,"[np.float64(5.276510285347182), 3.1]",0.7197462277465694,1.5465281888112603,15583275.684771668,0
4.347886309254818e-08,0.46819028591141404,"[np.float64(5.101133610260313), 3.1]",0.7261866836161122,1.5510503004189058,16702062.380756523,0
4.312250151969884e-08,0.4685717519640591,"[np.float64(5.078139217197744), 3.1]",0.7270694313137231,1.551671495915297,16860557.845457774,0
4.790644963668492e-08,0.46370745959427323,"[np.float64(5.3886388845236874), 3.1]",0.715882839959265,1.5438242908268844,14943349.911930636,0
4.3081356613230964e-08,0.46861601109518336,"[np.float64(5.075485255422298), 3.1]",0.7271719116290997,1.551743633192677,16879039.305966835,0
4.131573412308217e-08,0.4705590740528806,"[np.float64(4.961737315642199), 3.1]",0.7316834435503865,1.5549236724912485,17709559.301806316,0
4.115042520375199e-08,0.4707455439912741,"[np.float64(4.951097581751643), 3.1]",0.7321176839570186,1.5552301945328437,17791254.411880683,0
4.331783124827549e-08,0.4683622488664758,"[np.float64(5.090741119531985), 3.1]",0.7265845059504242,1.5513302101287936,16773335.252774226,0
4.326256019495355e-08,0.4684214284003228,"[np.float64(5.087174807429681), 3.1]",0.7267214569722966,1.5514265849324578,16797929.981431533,0
5.834274845326231e-08,0.4546126838575648,"[np.float64(6.093259809459413), 3.1]",0.6953693255483736,1.5295862835323806,11918693.307796868,0
4.764643290370568e-08,0.46395859108884385,"[np.float64(5.371633304102019), 3.1]",0.7164566795447403,1.5442254832771174,15036942.660381576,0
4.3787707303979105e-08,0.46786235950057614,"[np.float64(5.1210745070182195), 3.1]",0.725428579229329,1.5505170794327081,16566945.928301832,0
4.139990310885047e-08,0.4704644394377883,"[np.float64(4.967155103877048), 3.1]",0.7314631499713063,1.5547682006432095,17668233.378423877,0
4.059888244740254e-08,0.4713735927891209,"[np.float64(4.915605096809642), 3.1]",0.7335819035393496,1.5562643193453845,18069017.15803961,0
4.1313639853394194e-08,0.47056143137357176,"[np.float64(4.961602515708191), 3.1]",0.7316889317386246,1.5549275460226735,17710589.876251522,0
4.7665484844481154e-08,0.4639401424215846,"[np.float64(5.372878711393233), 3.1]",0.7164145103926847,1.5441959961758933,15030047.690276105,0
4.362779041102016e-08,0.4680318497615653,"[np.float64(5.110747750065044), 3.1]",0.7258203226771058,1.550792586117523,16636650.99330282,0
4.376318582614116e-08,0.46788830633859996,"[np.float64(5.119490794538538), 3.1]",0.7254885382878875,1.5505592434337698,16577598.833184805,0
4.131406900693163e-08,0.4705609483056594,"[np.float64(4.961630138624484), 3.1]",0.7316878070827615,1.5549267522460948,17710378.683832854,0
4.106692582944104e-08,0.47084003945747344,"[np.float64(4.945723727523978), 3.1]",0.732337825431489,1.555385617322025,17832789.054457862,0
4.49860482441954e-08,0.46661271694622813,"[np.float64(5.198577566291262), 3.1]",0.7225459649052579,1.548491797724671,16061556.707161732,0
4.342579978502592e-08,0.46824687642840346,"[np.float64(5.0977087254647016), 3.1]",0.7263175801960536,1.5511423925261572,16725485.397887878,0
4.1248143591404593e-08,0.4706352193793355,"[np.float64(4.9573868715124085), 3.1]",0.7318607392079155,1.5550488129066904,17742877.023935273,0
4.0049284228144593e-08,0.47200868803915813,"[np.float64(4.880242492806419), 3.1]",0.7350651511929872,1.5573127567770655,18354014.69363642,0
4.9816286682387106e-08,0.4619044988508421,"[np.float64(5.514161175653693), 3.1]",0.7117747973144075,1.5409566243351385,14287993.841300508,0
4.2575109995695376e-08,0.46916429110638963,"[np.float64(5.042845203472082), 3.1]",0.7284424785891823,1.5526383665546228,17109585.357802544,0
4.76851421712985e-08,0.4639211154840712,"[np.float64(5.374163794864718), 3.1]",0.7163710217227958,1.5441655872363336,15022939.832063176,0
4.736924139562562e-08,0.46422786754766504,"[np.float64(5.353524489259241), 3.1]",0.7170724262032483,1.5446561405097512,15137933.50022843,0
4.8900100623347136e-08,0.4627604610783238,"[np.float64(5.453803976981194), 3.1]",0.7137225358488002,1.5423152924208021,14595522.846593827,0
4.293628115180272e-08,0.46877242706314665,"[np.float64(5.066128932473083), 3.1]",0.7275341877820062,1.5519986794871847,16944508.659466423,0
4.3115733951322196e-08,0.4685790286754268,"[np.float64(5.077702677323726), 3.1]",0.7270862793932007,1.5516833552037506,16863595.09069435,0
4.4690352396689926e-08,0.46691778377836274,"[np.float64(5.179432108079442), 3.1]",0.7232487546451732,1.5489852384557836,16183554.522580627,0
4.300515389427438e-08,0.46869810049854294,"[np.float64(5.070570450467934), 3.1]",0.7273620198548512,1.551877464579382,16913368.6079354,0
4.3142852768424945e-08,0.4685498769533213,"[np.float64(5.0794519985552595), 3.1]",0.7270187852218893,1.5516358470718747,16851430.50516989,0
4.7461527750109485e-08,0.46413803660679287,"[np.float64(5.35955126980429), 3.1]",0.7168669611311737,1.5445124178402274,15104169.526644029,0
4.149083685108984e-08,0.4703624315394339,"[np.float64(4.973008695462169), 3.1]",0.7312257574742707,1.554600683309391,17623789.08139722,0
4.710532655938499e-08,0.46448576000008895,"[np.float64(5.336301585247333), 3.1]",0.7176625739021214,1.5450690542202714,15235274.358991543,0
4.234288303845158e-08,0.4694181328173093,"[np.float64(5.027880479076422), 3.1]",0.7290313792935806,1.5530532979587923,17217329.737126004,0
4.2007892746466333e-08,0.46978693975354346,"[np.float64(5.006301307991498), 3.1]",0.7298877343114597,1.5536569294462903,17375014.231649533,0
3.942965457069364e-08,0.472736174366513,"[np.float64(4.840371451202638), 3.1]",0.7367673943694957,1.5585170636810182,18685616.25485563,0
4.3157160556841715e-08,0.46853450446706735,"[np.float64(5.080374966841955), 3.1]",0.7269831959337736,1.5516107970760395,16845019.147547342,0
4.2968487710875793e-08,0.4687376543684287,"[np.float64(5.068205831872532), 3.1]",0.7274536368806522,1.5519419660466882,16929933.438093185,0
4.3420640811318405e-08,0.46825238224308713,"[np.float64(5.097375766188256), 3.1]",0.7263303165083285,1.5511513535264057,16727765.941192577,0
4.533986666771317e-08,0.46625043926064835,"[np.float64(5.221506685869621), 3.1]",0.7217121509053797,1.5479066401520758,15917826.93572224,0
4.5623255698167465e-08,0.46596240333810207,"[np.float64(5.239888654814291), 3.1]",0.721049809857513,1.5474420354346048,15804435.672627265,0
4.104449177063565e-08,0.47086546322332556,"[np.float64(4.944279956911971), 3.1]",0.7323970638043251,1.5554274437345141,17843979.35530784,0
4.025928370323032e-08,0.4717649101748067,"[np.float64(4.893754266311648), 3.1]",0.7344955051557094,1.5569099975738998,18244127.505347915,0
4.872285770774529e-08,0.4629279335705557,"[np.float64(5.442158505310386), 3.1]",0.7141041618459516,1.5425817066990917,14656450.697727304,0
4.3592842377386915e-08,0.46806897761727356,"[np.float64(5.108491396242163), 3.1]",0.7259061610632025,1.5508529635064918,16651957.557136824,0
5.746222479616164e-08,0.45531630049465366,"[np.float64(6.031662188997278), 3.1]",0.6969378444956441,1.5306674585085003,12128626.18821188,0
4.858456848917406e-08,0.46305903164199624,"[np.float64(5.433079114816257), 3.1]",0.7144030241809834,1.5427903903477003,14704319.630628632,0
3.9504667987684275e-08,0.4726474430575501,"[np.float64(4.845198738777554), 3.1]",0.736559587983003,1.5583699833817122,18644874.783218738,0
4.546351525565567e-08,0.4661245322650679,"[np.float64(5.229525209497135), 3.1]",0.7214225614501453,1.5477034816092854,15868164.99765491,0
4.551438401782177e-08,0.4660728383624864,"[np.float64(5.232824868156179), 3.1]",0.7213036934418658,1.5476201015620537,15847818.420643235,0
4.2263483230820235e-08,0.4695052645980757,"[np.float64(5.0227649816004005), 3.1]",0.7292336166570972,1.5531958247185245,17254460.84683599,0
3.968957891127891e-08,0.4724294996988523,"[np.float64(4.8570975634470415), 3.1]",0.7360493877459009,1.5580089478220385,18545154.87280042,0
3.95143440040967e-08,0.47263601095484137,"[np.float64(4.845821401328893), 3.1]",0.7365328180244579,1.5583510374854423,18639631.672693264,0
5.038266371294185e-08,0.46138328143576396,"[np.float64(5.551615974330548), 3.1]",0.7105910406199202,1.5401317499165867,14103879.951019539,0
4.3084345119668866e-08,0.4686127948763176,"[np.float64(5.075678016236405), 3.1]",0.7271644641733767,1.5517383906798776,16877695.64916542,0
4.783012540131707e-08,0.46378103022283973,"[np.float64(5.38364521414146), 3.1]",0.7160509085353486,1.5439417782812226,14970709.41226575,0
3.956740011058133e-08,0.4725733800127539,"[np.float64(4.84923557757504), 3.1]",0.7363861735005542,1.558247257771228,18610931.510347728,0
4.1785788080706616e-08,0.4700332082800843,"[np.float64(4.991998289732377), 3.1]",0.7304600488200512,1.554060513070777,17481064.313283112,0
4.7572397928447294e-08,0.4640303538783946,"[np.float64(5.366794633442209), 3.1]",0.7166207323552826,1.5443402061216942,15063792.525933582,0
4.3161161180774784e-08,0.4685302071111559,"[np.float64(5.080633043578227), 3.1]",0.7269732472725471,1.5516037946728953,16843227.27620131,0
4.288579878709132e-08,0.4688269876948848,"[np.float64(5.062873699336761), 3.1]",0.7276605931013831,1.5520876830899262,16967402.11634836,0
4.7306986248475616e-08,0.46428856824471754,"[np.float64(5.34946015400065), 3.1]",0.7172112924365149,1.5447532881285302,15160790.177362561,0
4.3035925582772937e-08,0.46866493305956813,"[np.float64(5.072555040248759), 3.1]",0.7272852032218999,1.5518233857907622,16899490.213660665,0
4.004036346106587e-08,0.4720190744484677,"[np.float64(4.879668510305954), 3.1]",0.7350894301237322,1.5573299256659277,18358710.22595768,0
4.781028757874674e-08,0.463800172080369,"[np.float64(5.382347547121061), 3.1]",0.7160946428312924,1.5439723526174218,14977835.923949143,0
4.573834212717187e-08,0.46584596323694333,"[np.float64(5.247358232599664), 3.1]",0.720782205367419,1.5472543764446176,15758817.916122552,0
4.568422133415049e-08,0.46590068245898736,"[np.float64(5.243845240883759), 3.1]",0.7209079511628812,1.5473425524040563,15780239.437373934,0
4.3722649532515755e-08,0.4679312326728309,"[np.float64(5.116872945391802), 3.1]",0.7255877437833955,1.5506290093927402,16595237.28642723,0
4.015540141685875e-08,0.4718853287992076,"[np.float64(4.887070287427784), 3.1]",0.7347768442301051,1.5571088978330174,18298331.439954627,0
4.462784002778558e-08,0.4669825489612037,"[np.float64(5.175386504642848), 3.1]",0.7233980324475577,1.5490900763995288,16209568.556245731,0
4.8522250510628045e-08,0.4631182335725573,"[np.float64(5.428989511953316), 3.1]",0.7145380216841235,1.5428846672092342,14725986.823871968,0
4.219483074331565e-08,0.4695807438707072,"[np.float64(5.018342302954717), 3.1]",0.729408847528321,1.5533193322960321,17286687.366173908,0
5.699568422898029e-08,0.4556932371358812,"[np.float64(5.999219968111648), 3.1]",0.6977793899236583,1.5312480701037712,12242670.640119487,0
4.181830222089395e-08,0.46999706908073163,"[np.float64(4.994091926526552), 3.1]",0.7303760387909696,1.5540012626451347,17465463.68460762,0
4.589491565451826e-08,0.4656880380808669,"[np.float64(5.257524822845157), 3.1]",0.7204193976680299,1.5470000059201194,15697150.488108722,0
4.251265337057403e-08,0.4692324151673121,"[np.float64(5.038820034564536), 3.1]",0.7286004823973737,1.5527496797883835,17138438.197360057,0
4.2379291007325236e-08,0.46937823788082106,"[np.float64(5.030226308968348), 3.1]",0.7289387974250824,1.5529880565322798,17200353.760025993,0
4.4369398954896663e-08,0.46725132130966934,"[np.float64(5.158667724420841), 3.1]",0.7240178152847564,1.5495254529305351,16317954.093107065,0
4.46195295794059e-08,0.4669911660890601,"[np.float64(5.174848727113759), 3.1]",0.7234178961620965,1.5491040274285042,16213032.790376825,0
3.9343832095323974e-08,0.47283791774826434,"[np.float64(4.8348483649204095), 3.1]",0.7370057377355745,1.558685778089293,18732433.99244701,0
4.707347992911683e-08,0.4645169807091323,"[np.float64(5.334224488234024), 3.1]",0.7177340464811374,1.5451190726880286,15247099.801457213,0
4.470220534745829e-08,0.46690551442192646,"[np.float64(5.1801992667344585), 3.1]",0.723220477932237,1.5489653807744226,16178630.837356627,0
4.552620724046212e-08,0.46606083200787035,"[np.float64(5.233591866824732), 3.1]",0.7212760877665186,1.5476007384253618,15843096.350127611,0
4.3420709493057805e-08,0.4682523089392703,"[np.float64(5.09738019887476), 3.1]",0.7263301469371745,1.5511512342192753,16727735.576345239,0
4.2741019075369966e-08,0.4689838441665782,"[np.float64(5.053539349006678), 3.1]",0.728024102773567,1.5523436720241912,17033381.948375203,0
4.005679749042368e-08,0.4719999423325229,"[np.float64(4.880725912881556), 3.1]",0.7350447080584239,1.5572983005590848,18350061.76502627,0
4.760486990015763e-08,0.46399886435883436,"[np.float64(5.368916708766045), 3.1]",0.716548741932558,1.544289861404518,15052005.04560533,0
4.2096373004935084e-08,0.46968922215236575,"[np.float64(5.012000156089233), 3.1]",0.7296607524768992,1.553496904044776,17333102.60224459,0
4.187163345589577e-08,0.4699378571426102,"[np.float64(4.997526151615976), 3.1]",0.7302384115640199,1.5539042034283637,17439931.316106755,0
5.1165175524576155e-08,0.46067277288050307,"[np.float64(5.603556781382088), 3.1]",0.7089801423199793,1.5390102998422404,13856693.249873346,0
4.9150941500631345e-08,0.46252450086024705,"[np.float64(5.4703018966727), 3.1]",0.7131851459901687,1.5419402532486801,14510101.418525377,0
4.728465284856957e-08,0.4643103640778554,"[np.float64(5.348002358797601), 3.1]",0.7172611609334253,1.5447881771020626,15169005.53823403,0
4.246122625133349e-08,0.4692885892255774,"[np.float64(5.035505946629372), 3.1]",0.7287307924205509,1.552841490612645,17162264.41759122,0
4.794519841831509e-08,0.4636701548154754,"[np.float64(5.391174722532361), 3.1]",0.7157976321218149,1.5437647316478187,14929495.668712884,0
4.434992389089289e-08,0.4672716417008199,"[np.float64(5.157408292433626), 3.1]",0.7240646924667871,1.5495583892728164,16326176.663754577,0
4.474688697574607e-08,0.4668592938259899,"[np.float64(5.1830914073415055), 3.1]",0.723113963764896,1.5488905829395754,16160095.430925548,0
4.8011802388870526e-08,0.463606105115061,"[np.float64(5.395534470331909), 3.1]",0.7156513568384725,1.543662494825984,14905738.198330281,0
4.135697116705061e-08,0.47051268363790666,"[np.float64(4.964391621580031), 3.1]",0.731575447174964,1.5548474517595874,17689289.77462971,0
4.7506886549711174e-08,0.46409395057369335,"[np.float64(5.362514254928399), 3.1]",0.7167661444979119,1.5444419036530768,15087626.164427513,0
4.329133343339955e-08,0.4683906104481312,"[np.float64(5.0890313289286615), 3.1]",0.7266501364314222,1.5513763944503542,16785117.91625265,0
4.2062653745552454e-08,0.4697264357110713,"[np.float64(5.009828296109659), 3.1]",0.7297471861568053,1.553557838515337,17349052.453305233,0
4.176480715317889e-08,0.4700565444470987,"[np.float64(4.99064732893881), 3.1]",0.7305143011025104,1.5540987775455262,17491145.078755807,0
4.9819419014483604e-08,0.4619015998593838,"[np.float64(5.514368009504696), 3.1]",0.7117682085531649,1.5409520312764617,14286963.249134604,0
4.28728930049902e-08,0.46884094706983703,"[np.float64(5.062041542927666), 3.1]",0.7276929370677402,1.5521104579616536,16973264.131791625,0
5.342870928123516e-08,0.458676826097113,"[np.float64(5.755206710014621), 3.1]",0.7044718607757195,1.535878467569595,13185268.187325256,0
5.142311974833017e-08,0.4604409451154417,"[np.float64(5.620729872436325), 3.1]",0.7084552208918663,1.5386451365967084,13776978.611160042,0
4.383764780563143e-08,0.46780956365031245,"[np.float64(5.124300149792795), 3.1]",0.7253065896780941,1.5504312994769398,16545289.858935373,0
4.6161536512721025e-08,0.46542040340284163,"[np.float64(5.27484881825762), 3.1]",0.7198049135880245,1.5465693130883262,15593174.923665361,0
4.182960566322333e-08,0.46998451246655554,"[np.float64(4.99481978832415), 3.1]",0.7303468513661177,1.553980678072003,17460046.294632893,0
4.3897297998516854e-08,0.46774658633198396,"[np.float64(5.128153383602357), 3.1]",0.725161098338768,1.5503290019183242,16519492.802569963,0
4.445913901846717e-08,0.46715780735891,"[np.float64(5.164471883806541), 3.1]",0.7238021217462872,1.5493739167891107,16280165.06225275,0
4.3553412388956926e-08,0.46811090489712975,"[np.float64(5.1059458598871705), 3.1]",0.7260031062093661,1.550921156961532,16669258.879780589,0
4.448508502943386e-08,0.46713080729628,"[np.float64(5.166150242119526), 3.1]",0.7237398554887685,1.5493301751552708,16269269.913947588,0
4.058068164465851e-08,0.4713944753216259,"[np.float64(4.914433968664062), 3.1]",0.7336306325282781,1.5562987496358163,18078322.068423,0
4.403567697694967e-08,0.4676008368905225,"[np.float64(5.137094179697871), 3.1]",0.7248244829903486,1.5500923561435986,16459937.322406912,0
4.5943711283063556e-08,0.46563893602850037,"[np.float64(5.26069424651319), 3.1]",0.7203066260453491,1.5469209516475257,15678024.389616063,0
4.2597455120020575e-08,0.4691399442704454,"[np.float64(5.044285374236564), 3.1]",0.728386016913739,1.5525985919754595,17099284.801438797,0
4.249123225018996e-08,0.46925580471591344,"[np.float64(5.037439577813603), 3.1]",0.7286547379362048,1.552787905047506,17148355.06877886,0
4.308629125925959e-08,0.468610700576209,"[np.float64(5.07580354416163), 3.1]",0.7271596146612949,1.5517349769588513,16876820.75688105,0
4.256028139345891e-08,0.4691804556143038,"[np.float64(5.041889506681409), 3.1]",0.7284799670977613,1.5526647761658217,17116427.41181973,0
4.961648468039882e-08,0.4620897986673029,"[np.float64(5.500974789600329), 3.1]",0.7121960528209007,1.5412503259646082,14354020.793864433,0
4.859449492251571e-08,0.46304960871304657,"[np.float64(5.433730642552746), 3.1]",0.7143815392324475,1.5427753868919738,14700873.841194034,0
4.853498447307352e-08,0.463106130029314,"[np.float64(5.429825080533458), 3.1]",0.7145104203006731,1.5428653908240118,14721554.525212072,0
4.2855791257258405e-08,0.4688594518598321,"[np.float64(5.060938859313256), 3.1]",0.7277358147254693,1.552140650761648,16981037.880200475,0
4.3304356165923216e-08,0.46837666943602896,"[np.float64(5.089871619885389), 3.1]",0.7266178754075637,1.551353692066862,16779325.21669377,0
4.744618356578086e-08,0.46415296005681,"[np.float64(5.358549060071078), 3.1]",0.7169010911121153,1.5445362904167845,15109773.584174192,0
4.2391619655664105e-08,0.46936473676765944,"[np.float64(5.0310206904362165), 3.1]",0.7289074684978177,1.5529659801831996,17194612.388451774,0
4.1147660525916394e-08,0.47074866943795163,"[np.float64(4.950919648573848), 3.1]",0.7321249642334771,1.5552353341913734,17792626.722298253,0
4.685125582470018e-08,0.46473544673568484,"[np.float64(5.319737595520641), 3.1]",0.7182343475178408,1.5454692611952445,15330098.091824992,0
4.580367179077461e-08,0.46578000115408624,"[np.float64(5.251599587584974), 3.1]",0.7206306486954569,1.547148110502629,15733032.320797484,0
4.764203159937321e-08,0.4639628541060817,"[np.float64(5.371345608916329), 3.1]",0.7164664240698267,1.544232297325277,15038536.351570128,0
4.277279272542698e-08,0.46894937164079886,"[np.float64(5.05558770785961), 3.1]",0.7279442002538355,1.5522873987587278,17018860.67918818,0
4.130758557068349e-08,0.4705682468296136,"[np.float64(4.961212826313271), 3.1]",0.7317047993218653,1.5549387453395376,17713569.776907157,0
4.077328654344109e-08,0.47117400419568306,"[np.float64(4.9268274017181), 3.1]",0.7331163099848286,1.5559353942633014,17980309.465702362,0
4.77236322708213e-08,0.4638838830631954,"[np.float64(5.3766803601524735), 3.1]",0.7162859285877647,1.5441060893468987,15009040.479630655,0
4.209802039330966e-08,0.4696874048652417,"[np.float64(5.012106266594915), 3.1]",0.7296565318029749,1.5534939286105,17332324.061464276,0
4.642012730483603e-08,0.4651623612502584,"[np.float64(5.291665841168299), 3.1]",0.7192128866005966,1.546154518322385,15493556.962427141,0
4.139088787003431e-08,0.47047456572103225,"[np.float64(4.966574795797086), 3.1]",0.7314867195004502,1.554784833861104,17672651.08681139,0
4.396164697108051e-08,0.467678749597149,"[np.float64(5.13231069656345), 3.1]",0.725004409172746,1.5502188410254971,16491748.128765032,0
4.6580981082469135e-08,0.4650026008145986,"[np.float64(5.302134314817032), 3.1]",0.718846560556564,1.5458979354035391,15432190.21694465,0
4.407469004264812e-08,0.4675598333733111,"[np.float64(5.139615341580388), 3.1]",0.7247298079676537,1.5500258068340356,16443219.61802525,0
4.835976798087767e-08,0.4632729576422586,"[np.float64(5.418332078155635), 3.1]",0.7148909422823196,1.5431311724315269,14782762.03816777,0
4.562588367915074e-08,0.46595974102546983,"[np.float64(5.240059191850155), 3.1]",0.7210436903205416,1.5474377437280116,15803391.23711111,0
4.816911386817573e-08,0.4634551875158262,"[np.float64(5.405836710402316), 3.1]",0.715306797623978,1.5434217091367683,14849905.679841982,0
4.5204311658859677e-08,0.46638888386846944,"[np.float64(5.212719361010457), 3.1]",0.7220306942317661,1.5481301531950589,15972606.76549322,0
4.727245174313193e-08,0.46432227598688564,"[np.float64(5.34720599530225), 3.1]",0.7172884164571106,1.544807246071842,15173497.248560272,0
4.786797134379848e-08,0.46374453462318777,"[np.float64(5.386121161363548), 3.1]",0.7159675317869514,1.5438834925972886,14957131.286068348,0
4.2946043091544174e-08,0.4687618843831021,"[np.float64(5.066758437791175), 3.1]",0.7275097648554574,1.5519814837609323,16940088.364012744,0
4.195537082239323e-08,0.4698450494275968,"[np.float64(5.002918726768577), 3.1]",0.7300227427009996,1.5537521223015383,17399983.086583942,0
4.2525129241850495e-08,0.4692187986674672,"[np.float64(5.039624044712899), 3.1]",0.7285688985233926,1.552727428211429,17132667.47244549,0
4.5878724885913965e-08,0.4657043425481725,"[np.float64(5.256473293402171), 3.1]",0.7204568471908233,1.5470262597267903,15703506.341607664,0
4.294881413042525e-08,0.4687588921873494,"[np.float64(5.066937131916474), 3.1]",0.7275028333349555,1.5519766034522362,16938834.00658523,0
4.7181113868902276e-08,0.4644115498084962,"[np.float64(5.34124559985987), 3.1]",0.7174927117706646,1.5449501892589201,15207201.630811308,0
4.939623056801395e-08,0.46229494357285095,"[np.float64(5.486454187572188), 3.1]",0.7126626771117331,1.541575755953359,14427470.859956892,0
4.076160230309858e-08,0.47118734677492163,"[np.float64(4.926075541915693), 3.1]",0.7331474270532529,1.555957374643732,17986226.880917314,0
3.995039719943943e-08,0.47212396264182094,"[np.float64(4.873879843953846), 3.1]",0.7353346525956154,1.5575033482328886,18406191.280769877,0
4.1687582826274084e-08,0.4701425463249912,"[np.float64(4.985675083839462), 3.1]",0.730714269970863,1.5542398272241218,17528343.464191496,0
3.941311735700763e-08,0.4727557605728006,"[np.float64(4.8393072206923105), 3.1]",0.7368132716498198,1.558549536777895,18694620.49844212,0
4.473338298824883e-08,0.466873257811025,"[np.float64(5.182217289519606), 3.1]",0.7231461419644517,1.5489131790391764,16165693.127980452,0
4.497812219839655e-08,0.4666208666733239,"[np.float64(5.198064180013194), 3.1]",0.7225647318791931,1.5485049715641042,16064804.321798747,0
5.087875539023546e-08,0.46093156608136765,"[np.float64(5.584518231504243), 3.1]",0.7095665213746692,1.5394183726818362,13946224.036581833,0
4.568584130311067e-08,0.46589904359522355,"[np.float64(5.243950384812986), 3.1]",0.7209041847454016,1.5473399112012953,15779597.446010401,0
4.0199337887460824e-08,0.471834357131308,"[np.float64(4.889897240938608), 3.1]",0.7346577455007319,1.5570246939357197,18275369.299798593,0
4.777679622542513e-08,0.46383250698662676,"[np.float64(5.380156996291369), 3.1]",0.7161685251917738,1.5440240052265728,14989881.73699797,0
4.676087900326356e-08,0.4648246019867677,"[np.float64(5.313849325453896), 3.1]",0.7184386060433295,1.545612265298689,15364095.401054969,0
4.3220874335119235e-08,0.46846611525491894,"[np.float64(5.084485300242506), 3.1]",0.7268248845132612,1.5514993739040328,16816524.32289362,0
3.913978520355146e-08,0.47308079426421606,"[np.float64(4.821715924975058), 3.1]",0.7375749710519326,1.5590888068053683,18844635.125514347,0
4.09022757567538e-08,0.4710269818261461,"[np.float64(4.935127842158559), 3.1]",0.732773506234207,1.555693271313851,17915225.807776995,0
4.300584577820219e-08,0.46869735446983335,"[np.float64(5.070615071735348), 3.1]",0.7273602919555374,1.551876248113861,16913056.325105574,0
4.27684454785222e-08,0.4689540865323582,"[np.float64(5.0553074471611055), 3.1]",0.7279551282648316,1.5522950949156555,17020846.096227694,0
5.1245460449440024e-08,0.4606004918380471,"[np.float64(5.6088990828930045), 3.1]",0.708816441914952,1.5388964069195583,13831789.89316111,0
4.457427857784676e-08,0.4670381166458678,"[np.float64(5.171920687006859), 3.1]",0.7235261322820357,1.5491800486825151,16231920.1872989,0
4.999886026256235e-08,0.4617358326198356,"[np.float64(5.526222519944925), 3.1]",0.7113915450131731,1.5406894911681859,14228155.227487091,0
4.4242427431829997e-08,0.46738397374029317,"[np.float64(5.150457654753272), 3.1]",0.7243238794219731,1.549740513405903,16371702.943696572,0
4.0307959906554696e-08,0.4717086015539603,"[np.float64(4.896886190021869), 3.1]",0.7343639812569468,1.5568170239798784,18218832.78040891,0
4.3480698267233773e-08,0.46818833006126187,"[np.float64(5.1012520647914155), 3.1]",0.7261821600089163,1.5510471179704464,16701253.405494489,0
4.5586079435517307e-08,0.4660000824406666,"[np.float64(5.23747633019896), 3.1]",0.721136423123507,1.547502780142374,15819224.46617883,0
4.69994676324833e-08,0.46458962272501503,"[np.float64(5.329398242651128), 3.1]",0.7179003675652847,1.5452354776124677,15274648.921110623,0
4.968270051883669e-08,0.46202830545801066,"[np.float64(5.505343351125809), 3.1]",0.7120562317597151,1.5411528327335935,14332075.83975324,0
4.5897084038712116e-08,0.4656858549246603,"[np.float64(5.25766565538124), 3.1]",0.7204143833332893,1.5469964906918625,15696299.632579107,0
4.6852177783976084e-08,0.4647345381555536,"[np.float64(5.319797673546119), 3.1]",0.7182322661822558,1.545467804120581,15329752.002006156,0
4.2813818749094124e-08,0.46890490122231865,"[np.float64(5.05823268714176), 3.1]",0.7278411353140375,1.5522148167288001,17000145.20030259,0
3.9977267659206995e-08,0.47209260852452684,"[np.float64(4.875608767022192), 3.1]",0.7352613410128749,1.557451499422651,18391985.847575553,0
4.319772187425476e-08,0.4684909542764172,"[np.float64(5.082991624823812), 3.1]",0.7268823798800685,1.5515398392328323,16826868.370419327,0
4.336472399687413e-08,0.46831210298673337,"[np.float64(5.093767110118856), 3.1]",0.7264684778928601,1.551248565347114,16752521.65666329,0
4.279870352045734e-08,0.4689212801802875,"[np.float64(5.057258177497525), 3.1]",0.7278790938152452,1.552241547953199,17007036.05349462,0
5.845448377989341e-08,0.45452411063017534,"[np.float64(6.1011117427394845), 3.1]",0.6951720944915197,1.529450425694025,11892536.714705162,0
4.041573647989006e-08,0.471584187761847,"[np.float64(4.903820792511962), 3.1]",0.7340734523866672,1.5566116749388954,18163060.14247508,0
4.7679694757754354e-08,0.4639263873970021,"[np.float64(5.373807663699409), 3.1]",0.7163830711708316,1.54417401258487,15024908.92214286,0
4.1754892130562675e-08,0.47006757687534656,"[np.float64(4.9900089103899425), 3.1]",0.7305399506871116,1.5541168687770135,17495912.775987983,0
4.071333430001059e-08,0.47124250932598416,"[np.float64(4.922969614046893), 3.1]",0.7332760873511506,1.556048261435395,18010710.740312908,0
4.771119835239051e-08,0.4638959073222019,"[np.float64(5.375867359946301), 3.1]",0.7163134085634556,1.5441253032351836,15013527.920066709,0
4.360277604934338e-08,0.46805842114040175,"[np.float64(5.10913272915244), 3.1]",0.7258817539333848,1.5508357955932275,16647604.113828344,0
4.105039744864834e-08,0.47085876906193175,"[np.float64(4.944660022244611), 3.1]",0.7323814657395957,1.5554164302784093,17841032.273944784,0
4.623469474193528e-08,0.4653472482700593,"[np.float64(5.27960503823336), 3.1]",0.7196370303720551,1.5464516724818396,15564870.372537311,0
4.9672226112694884e-08,0.46203802728677995,"[np.float64(5.504652207959609), 3.1]",0.7120783353136746,1.5411682443005896,14335543.039648198,0
4.483711220422121e-08,0.46676610871746593,"[np.float64(5.188932509855482), 3.1]",0.7228992626954803,1.5487398274947424,16122788.180533685,0
4.2144505665882453e-08,0.46963615686004134,"[np.float64(5.015100527407063), 3.1]",0.72953751639166,1.553410029733024,17310382.572175898,0
4.129825457451479e-08,0.4705787530718764,"[np.float64(4.960612231358386), 3.1]",0.7317292602946778,1.5549560100579236,17718164.310659,0
4.249651555003054e-08,0.46925003475276256,"[np.float64(5.037780049599904), 3.1]",0.7286413533203573,1.5527784749217168,17145908.173636924,0
4.442618951919114e-08,0.46719211936716826,"[np.float64(5.16234064726891), 3.1]",0.7238812572069884,1.5494295113271956,16294020.825132605,0
4.340053217554489e-08,0.46827384942701933,"[np.float64(5.096077988978351), 3.1]",0.7263799772799261,1.551186294448699,16736660.609180802,0
4.431871050340853e-08,0.4673042295609015,"[np.float64(5.155389877296196), 3.1]",0.7241398750439393,1.5496112152127774,16339371.493858019,0
4.49915677236224e-08,0.46660704259149416,"[np.float64(5.198935080877498), 3.1]",0.7225328984037607,1.5484826255319186,16059295.88500206,0
4.2230178593993764e-08,0.4695418646285011,"[np.float64(5.020619409908148), 3.1]",0.7293185818215803,1.55325570894219,17270080.4520232,0
4.258385216088333e-08,0.46915476417914886,"[np.float64(5.043408641394712), 3.1]",0.7284203846567241,1.5526228022669584,17105554.04674818,0
4.1612389819852716e-08,0.47022645071375724,"[np.float64(4.980833957252409), 3.1]",0.7309094078750545,1.554377485072578,17564706.354027938,0
4.781321926773449e-08,0.46379734272939455,"[np.float64(5.382539313171145), 3.1]",0.7160881783342956,1.5439678332786433,14976782.3480886,0
4.2860173417256874e-08,0.4688547094335739,"[np.float64(5.061221408682041), 3.1]",0.7277248257859537,1.5521329126993781,16979045.29459856,0
4.553834483903114e-08,0.4660485097982154,"[np.float64(5.234379288221243), 3.1]",0.7212477568179011,1.5475808669148607,15838251.464065425,0
4.337311575791119e-08,0.46830313513374416,"[np.float64(5.094308658215349), 3.1]",0.7264477296856965,1.5512339661749819,16748802.039963972,0
3.998530578853736e-08,0.47208323359162047,"[np.float64(4.876125962263023), 3.1]",0.7352394219684706,1.55743599783189,18387740.382849406,0
4.9359064001728966e-08,0.462329651965131,"[np.float64(5.484005507532085), 3.1]",0.7127416514633462,1.5416308437796271,14439934.506018592,0
4.6469746584213206e-08,0.465113018041274,"[np.float64(5.294894464940062), 3.1]",0.7190997266831597,1.546075252229012,15474578.183463857,0
4.2608334748409745e-08,0.46912809496506375,"[np.float64(5.0449865960942), 3.1]",0.728358539093077,1.5525792356292758,17094273.770468377,0
4.175115066936928e-08,0.4700717407241443,"[np.float64(4.9897680029130145), 3.1]",0.7305496315338108,1.554123696966767,17497712.51382009,0
4.000071082219912e-08,0.4720652723080981,"[np.float64(4.8771171628148275), 3.1]",0.7351974292174781,1.5574063002407095,18379609.114582706,0
4.2517932905107666e-08,0.4692266524208837,"[np.float64(5.039160273604812), 3.1]",0.7285871153908025,1.5527402623695796,17135995.698964883,0
4.3269086241466775e-08,0.46841443668326066,"[np.float64(5.087595875918672), 3.1]",0.7267052758338651,1.5514151975748334,16795022.473514352,0
5.3245088857363453e-08,0.45883559878437635,"[np.float64(5.742820642065608), 3.1]",0.7048295661649588,1.536126595304093,13237456.848895567,0
4.740289004811128e-08,0.4641950932949603,"[np.float64(5.355721664276378), 3.1]",0.7169974576178518,1.5446036978298154,15125606.411131041,0
4.6366372728721826e-08,0.4652158785884638,"[np.float64(5.288168772405183), 3.1]",0.7193356366986792,1.5462405085597113,15514166.719646886,0
4.501403211275429e-08,0.46658395539254904,"[np.float64(5.200390227920499), 3.1]",0.7224797369652214,1.5484453089634869,16050100.447689371,0
4.3350551846954386e-08,0.46832725223680305,"[np.float64(5.092852553416187), 3.1]",0.7265035286806183,1.5512732287321005,16758806.92927463,0
4.743796674963755e-08,0.4641609536136391,"[np.float64(5.3580124018023945), 3.1]",0.7169193729864537,1.5445490780838214,15112776.160287926,0
4.275376005675617e-08,0.46897001767496116,"[np.float64(5.0543607129070045), 3.1]",0.727992053969955,1.5523211005666457,17027556.243089173,0
5.184486664286539e-08,0.4600643849122097,"[np.float64(5.6488658529489575), 3.1]",0.7076033078271945,1.538052783551634,13648473.873055492,0
4.334689643795252e-08,0.46833116052180845,"[np.float64(5.092616666548459), 3.1]",0.7265125715107934,1.5512795917771574,16760428.801419169,0
4.53781578382264e-08,0.46621141034450975,"[np.float64(5.223989528927118), 3.1]",0.7216223725142178,1.547843653120739,15902416.644739283,0
4.740861717423536e-08,0.4641895173825912,"[np.float64(5.356095661029157), 3.1]",0.7169847038269028,1.544594776439026,15123510.166766785,0
4.209619936785638e-08,0.4696894137014551,"[np.float64(5.01198897190241), 3.1]",0.7296611973534916,1.5534972176683552,17333184.66537487,0
4.2383855400428924e-08,0.46937323892036303,"[np.float64(5.030520408615736), 3.1]",0.7289271973505875,1.5529798823367988,17198227.732326843,0
4.775379188012982e-08,0.463854730492652,"[np.float64(5.378652541440663), 3.1]",0.7162193077632707,1.5440595097576921,14998166.20973479,0
4.278296252595131e-08,0.4689383437813135,"[np.float64(5.0562433473351724), 3.1]",0.7279186408252897,1.5522693984792808,17014217.759785764,0
5.102071876555543e-08,0.460803114222639,"[np.float64(5.5939506901484), 3.1]",0.7092754196355501,1.5392157686088481,13901713.593936834,0
4.0036666557253244e-08,0.4720233794744767,"[np.float64(4.879430642941947), 3.1]",0.7350994936171016,1.5573370421514259,18360656.788593885,0
4.405899448062706e-08,0.4675763251112728,"[np.float64(5.138601012696554), 3.1]",0.724767885249526,1.5500525717957325,16449941.57931157,0
3.998776223401052e-08,0.47208036902905154,"[np.float64(4.87628401658025), 3.1]",0.7352327245971555,1.5574312613535297,18386443.339703143,0
4.319293386908702e-08,0.4684960928345061,"[np.float64(5.082682735393877), 3.1]",0.7268942746959759,1.5515482109959615,16829009.043449365,0
4.502108943542004e-08,0.4665767049063862,"[np.float64(5.200847389596833), 3.1]",0.7224630424314753,1.54843359052062,16047213.683440596,0
4.376956949539053e-08,0.4678815501235911,"[np.float64(5.119903074212219), 3.1]",0.7254729253221178,1.5505482640435038,16574824.328544494,0
4.505314124245403e-08,0.46654379082131536,"[np.float64(5.2029237643411115), 3.1]",0.7223872606676696,1.5483803983243694,16034115.285771832,0
5.7118742009135847e-08,0.4555935311826267,"[np.float64(6.007764354062787), 3.1]",0.6975567010895131,1.5310943930191458,12212396.081446305,0
4.857108794098568e-08,0.46307183155573556,"[np.float64(5.43219435804629), 3.1]",0.7144322097975079,1.5428107717053363,14709001.590937177,0
4.256872318890569e-08,0.46917125256178055,"[np.float64(5.042433574203813), 3.1]",0.7284586232961408,1.5526497399800028,17112531.660005074,0
4.440296036556252e-08,0.4672163252034844,"[np.float64(5.1608382437563165), 3.1]",0.7239370888499441,1.549468735996439,16303802.334121084,0
4.222135806746842e-08,0.4695515630965877,"[np.float64(5.020051182991337), 3.1]",0.7293410977847945,1.5532715788974332,17274221.653868407,0
4.2768264220916305e-08,0.46895428312993787,"[np.float64(5.055295761786273), 3.1]",0.7279555839349452,1.5522954158267988,17020928.887240887,0
4.102064494631846e-08,0.47089250448630315,"[np.float64(4.942745284194566), 3.1]",0.732460075600931,1.5554719359994316,17855888.822797947,0
4.569583057727379e-08,0.46588893914978985,"[np.float64(5.244598749368916), 3.1]",0.7208809632065085,1.5473236272190938,15775639.792507218,0
4.280699926733128e-08,0.4689122900925275,"[np.float64(5.057793018441952), 3.1]",0.7278582589269151,1.5522268754851605,17003253.47220471,0
4.7280981829540376e-08,0.4643139477511714,"[np.float64(5.347762748167906), 3.1]",0.71726936060666,1.5447939138607332,15170356.72382171,0
4.2587787056506394e-08,0.4691504767396814,"[np.float64(5.0436622500926696), 3.1]",0.7284104418307082,1.552615798011611,17103740.11366774,0
4.631994752429561e-08,0.4652621507938635,"[np.float64(5.285149048188276), 3.1]",0.7194417837166521,1.5463148732152168,15532007.745459829,0
4.258573622643751e-08,0.4691527112594398,"[np.float64(5.043530071483197), 3.1]",0.7284156237995706,1.552619448460907,17104685.47323987,0
4.443123650720531e-08,0.467186861939882,"[np.float64(5.162667085006876), 3.1]",0.7238691312560167,1.5494209923847662,16291897.056221439,0
4.63968420039306e-08,0.4651855358793338,"[np.float64(5.290150907677106), 3.1]",0.7192660388700595,1.546191752308981,15502478.354219139,0
4.554148709845084e-08,0.46604532030494217,"[np.float64(5.2345831456331), 3.1]",0.7212404237644816,1.5475757235209668,15836997.641410256,0
5.3302550614415836e-08,0.45878585515943887,"[np.float64(5.7466950242593535), 3.1]",0.7047174797138013,1.5360488380115715,13221083.636534426,0
4.7082488996846494e-08,0.4645081464951891,"[np.float64(5.3348120508333805), 3.1]",0.7177138219657355,1.5451049187856791,15243752.76790925,0
4.1299018570158044e-08,0.47057789275423195,"[np.float64(4.9606614062395415), 3.1]",0.7317272572484929,1.554954596285404,17717788.03908978,0
4.835087167228458e-08,0.46328144449532727,"[np.float64(5.417748783290102), 3.1]",0.7149103049155118,1.5431446983470163,14785882.450291144,0
4.46330247594766e-08,0.466977173753414,"[np.float64(5.175722019621004), 3.1]",0.7233856420642892,1.5490813742563592,16207407.98909664,0
4.265687815659423e-08,0.4690752643321405,"[np.float64(5.048115484209902), 3.1]",0.728236039067095,1.5524929461030996,17071948.781477313,0
3.887765854087312e-08,0.473394843793683,"[np.float64(4.804842856448239), 3.1]",0.7383115832133129,1.5596105299682712,18990639.12084896,0
4.0877224815170964e-08,0.4710554957177102,"[np.float64(4.9335157839846815), 3.1]",0.7328399795201036,1.555740217834701,17927831.03142856,0
4.872995416205609e-08,0.4629212163798942,"[np.float64(5.442624580776034), 3.1]",0.7140888517017757,1.5425710173451241,14654002.12212401,0
4.220876451859434e-08,0.46956541389198614,"[np.float64(5.019239904686374), 3.1]",0.7293732548429798,1.5532942445602629,17280137.50607808,0
4.87275130621221e-08,0.4629235269048746,"[np.float64(5.442464254352679), 3.1]",0.7140941179292009,1.542574694148001,14654844.318010056,0
4.257388824768371e-08,0.4691656226940539,"[np.float64(5.042766461610682), 3.1]",0.7284455667256818,1.5526405420388318,17110148.889567632,0
4.3587367724492234e-08,0.4680747966012866,"[np.float64(5.108137949724197), 3.1]",0.7259196151664594,1.5508624271962437,16654357.743162293,0
4.3568321260112095e-08,0.46809504704373744,"[np.float64(5.106908329416332), 3.1]",0.7259664380160407,1.550895363240638,16662713.114004726,0
4.2406174015953315e-08,0.46934880368010473,"[np.float64(5.031958499268045), 3.1]",0.7288704977589013,1.5529399287777443,17187839.145420153,0
4.807520891916192e-08,0.4635452148412748,"[np.float64(5.399686081941166), 3.1]",0.7155123211494595,1.5435653270511318,14883186.932220884,0
4.3420751451589216e-08,0.4682522641571147,"[np.float64(5.097382906858522), 3.1]",0.7263300433441982,1.5511511613331772,16727717.02613208,0
5.2529677887543735e-08,0.4594593767993901,"[np.float64(5.694709435159302), 3.1]",0.7062364346047502,1.5371031047933281,13444522.468168775,0
4.302902914475237e-08,0.46867236422833486,"[np.float64(5.072110252489591), 3.1]",0.7273024133825164,1.5518355015022356,16902598.730169468,0
4.644846751894413e-08,0.46513417201290985,"[np.float64(5.293509811542526), 3.1]",0.7191482376720257,1.5461092324389911,15482711.832822455,0
4.597418696268739e-08,0.46560829653350594,"[np.float64(5.26267398787578), 3.1]",0.7202362647798003,1.5468716303855012,15666101.183351941,0
4.252227058460188e-08,0.46922191830544396,"[np.float64(5.039439816733838), 3.1]",0.728576134510392,1.5527325260967866,17133989.424690396,0
4.0039866508035476e-08,0.4720196531226442,"[np.float64(4.879636535200486), 3.1]",0.7350907828341654,1.5573308822443623,18358971.8683663,0
4.182064145707783e-08,0.4699944702027889,"[np.float64(4.994242556151252), 3.1]",0.730369997703549,1.5539970021102922,17464342.302189615,0
4.446471441884627e-08,0.4671520040587075,"[np.float64(5.164832528300753), 3.1]",0.7237887380577173,1.549364514696073,16277822.707682591,0
4.3073699775574825e-08,0.468624252437486,"[np.float64(5.0749913883144115), 3.1]",0.727190995532134,1.551757067095328,16882482.79857519,0
5.456655323472298e-08,0.4577046889013236,"[np.float64(5.83232049024738), 3.1]",0.7022851436164066,1.5343630088260074,12870249.300802696,0
4.5409060404478296e-08,0.46617993751171866,"[np.float64(5.225993490120523), 3.1]",0.7215499825100347,1.547792868053007,15890000.27930273,0
4.523585138753245e-08,0.4663566330304833,"[np.float64(5.214763611489866), 3.1]",0.7219564782269665,1.5480780739314068,15959829.561778659,0
3.893718474048888e-08,0.47332332339314526,"[np.float64(4.80867484407678), 3.1]",0.7381437735524565,1.5594916562760415,18957296.950770475,0
4.4281762893050165e-08,0.46734283545369204,"[np.float64(5.153000851149277), 3.1]",0.7242289504753207,1.5496738058950792,16355016.222468084,0
4.0768018244049155e-08,0.4711800197102535,"[np.float64(4.926488395774298), 3.1]",0.7331303390020124,1.555945303989847,17982977.112433624,0
4.608574160759597e-08,0.4654963224299945,"[np.float64(5.269922410477526), 3.1]",0.7199791757596223,1.5466914367898132,15622601.495490603,0
4.200808723080451e-08,0.46978672472308275,"[np.float64(5.006313833761063), 3.1]",0.7298872347635872,1.5536565772347473,17374921.899047125,0
4.016426637924279e-08,0.47187503948379217,"[np.float64(4.887640675588021), 3.1]",0.7347528011942396,1.5570918987323903,18293694.057710104,0
4.118132661166282e-08,0.4707106256013788,"[np.float64(4.953086399099193), 3.1]",0.7320363509110822,1.5551727772786823,17775929.314131536,0
4.4450362969167985e-08,0.46716694369141454,"[np.float64(5.163904215454501), 3.1]",0.7238231925789922,1.5493887192864206,16283853.364280878,0
4.5421138074061224e-08,0.4661676430553123,"[np.float64(5.226776749229743), 3.1]",0.7215217060084382,1.5477730313487832,15885152.521541059,0
4.3147923601949756e-08,0.46854442815908104,"[np.float64(5.079779105802927), 3.1]",0.7270061703866137,1.5516269678908214,16849157.727575146,0
4.429378210934184e-08,0.467330273062815,"[np.float64(5.1537779887772), 3.1]",0.724199964203915,1.549653437723204,16349923.842948977,0
4.869536093923234e-08,0.4629539702247377,"[np.float64(5.440352739193256), 3.1]",0.7141635085455195,1.5426231428555064,14665945.477573,0
4.194844437109109e-08,0.46985271860067673,"[np.float64(5.002472654929408), 3.1]",0.7300405624072837,1.553764687329048,17403280.940505948,0
5.818898292472062e-08,0.4547348345390888,"[np.float64(6.082467533395757), 3.1]",0.6956414055558892,1.5297737334351766,11954864.487936556,0
4.9784980396070613e-08,0.4619334831270757,"[np.float64(5.512094147028939), 3.1]",0.7118406750356071,1.5410025491479324,14298301.804529598,0
4.4425571306147204e-08,0.4671927634005077,"[np.float64(5.1623006617014555), 3.1]",0.7238827426446981,1.5494305549081018,16294281.004429847,0
4.086686412100392e-08,0.4710672941584304,"[np.float64(4.932849065754278), 3.1]",0.73286748628952,1.5557596449118805,17933049.23322599,0
4.232383715105009e-08,0.46943901744644806,"[np.float64(5.02665336203387), 3.1]",0.7290798491353444,1.5530874555362566,17226222.814659312,0
4.4805430238345855e-08,0.4667988075527971,"[np.float64(5.186881289302021), 3.1]",0.7229745953838063,1.548792721159714,16135869.950090615,0
4.283785036866778e-08,0.4688788730979012,"[np.float64(5.0597821012874045), 3.1]",0.7277808182666569,1.552172341351574,16989200.251723327,0
4.563038340293193e-08,0.46595518288973037,"[np.float64(5.240351194706311), 3.1]",0.7210332131887925,1.5474303960246476,15801603.217352396,0
4.7523371863042125e-08,0.46407793857569835,"[np.float64(5.363591264114234), 3.1]",0.7167295310697733,1.5444162962572365,15081622.009804359,0
4.033630583260243e-08,0.4716758449852012,"[np.float64(4.898710027766448), 3.1]",0.7342874789626541,1.556762948048977,18204133.070836525,0
4.41383721939496e-08,0.4674929844751991,"[np.float64(5.143731180119819), 3.1]",0.7245754804147697,1.549917334541753,16415999.149920918,0
4.794691343676261e-08,0.4636685044235397,"[np.float64(5.391286968232648), 3.1]",0.7157938626662017,1.5437620969233596,14928883.036658144,0
4.340159761274987e-08,0.4682727117434607,"[np.float64(5.09614674926408), 3.1]",0.7263773453632542,1.551184442627086,16736189.110925032,0
4.209176597181048e-08,0.46969430472355206,"[np.float64(5.011703411919339), 3.1]",0.7296725569303697,1.553505225829453,17335280.192782667,0
4.171522038935941e-08,0.4701117477343739,"[np.float64(4.987454544377525), 3.1]",0.7306426525625433,1.5541893094221857,17515013.602778744,0
4.4597115502230934e-08,0.46701441573510666,"[np.float64(5.173398345842978), 3.1]",0.7234714923015159,1.549141670846994,16222383.088101847,0
4.289158399402285e-08,0.4688207316528305,"[np.float64(5.0632467311901825), 3.1]",0.7276460982166653,1.5520774767176875,16964775.614676908,0
4.779919536106018e-08,0.4638108787091045,"[np.float64(5.38162201036157), 3.1]",0.7161191057816553,1.543989454871745,14981823.446447486,0
4.629063236989178e-08,0.4652913941657685,"[np.float64(5.283242494220619), 3.1]",0.7195088741572601,1.546361878124318,15543293.26088967,0
4.835199690882153e-08,0.4632803709599502,"[np.float64(5.417822559201946), 3.1]",0.7149078556347319,1.5431429873736966,14785487.701425238,0
4.3023800907545746e-08,0.46867799869378646,"[np.float64(5.07177305920771), 3.1]",0.7273154627181978,1.5518446881339392,16904956.033083476,0
4.5109678640223965e-08,0.46648579225490217,"[np.float64(5.206586809838755), 3.1]",0.7222537409814301,1.548286685196124,16011059.32812835,0
4.085288360968498e-08,0.47108321986291174,"[np.float64(4.931949414068476), 3.1]",0.7329046167512097,1.5557858693512574,17940095.092270553,0
4.47352511960219e-08,0.46687132570075146,"[np.float64(5.182338217433999), 3.1]",0.7231416895914764,1.548910052477683,16164918.498452112,0
4.515269054407911e-08,0.4664417197739794,"[np.float64(5.209373929029179), 3.1]",0.722152295214878,1.5482154888820978,15993560.660795974,0
5.007307427056007e-08,0.4616674494473165,"[np.float64(5.5311286361547625), 3.1]",0.7112362124280526,1.5405812414964632,14203965.360405609,0
3.9481593970303685e-08,0.4726747170812209,"[np.float64(4.843713889366974), 3.1]",0.7366234575750744,1.5584151869254699,18657389.013450928,0
4.1158241379619664e-08,0.47073670909114923,"[np.float64(4.951600628151698), 3.1]",0.7320971046755806,1.555215666288358,17787375.751144055,0
4.764846381303425e-08,0.46395662412637506,"[np.float64(5.371766058060885), 3.1]",0.7164521834453896,1.5442223393069574,15036207.384495026,0
4.3457263532742674e-08,0.46821331237886676,"[np.float64(5.099739460321782), 3.1]",0.7262399424557932,1.5510877697303436,16711589.350503191,0
4.057921265678379e-08,0.4713961611945135,"[np.float64(4.9143394470612645), 3.1]",0.7336345666036368,1.5563015293646296,18079073.46080536,0
4.3950397007323285e-08,0.4676906017378786,"[np.float64(5.131583842662474), 3.1]",0.7250317830960136,1.5502380856102047,16496592.351036198,0
4.3963567354870297e-08,0.4676767267414764,"[np.float64(5.132434773266359), 3.1]",0.72499973723798,1.5502155565648816,16490921.480184756,0
4.320005910460576e-08,0.4684884461461744,"[np.float64(5.083142407921426), 3.1]",0.7268765740820163,1.551535753040154,16825823.60181356,0
4.8784618200449686e-08,0.46286950721784914,"[np.float64(5.446215281521976), 3.1]",0.7139710032719999,1.5424887406462273,14635166.362036195,0
4.033095385808315e-08,0.4716820278167619,"[np.float64(4.898365669923455), 3.1]",0.7343019183059332,1.556773154374229,18206906.80636516,0
4.442102414431152e-08,0.467197500769464,"[np.float64(5.162006556442873), 3.1]",0.7238936692826383,1.5494382313484156,16296194.948835706,0
4.4813462662854216e-08,0.46679051501946406,"[np.float64(5.18740132521445), 3.1]",0.7229554901155834,1.5487793064634954,16132551.406585228,0
4.154681640117252e-08,0.4702997542640613,"[np.float64(4.976612416838147), 3.1]",0.7310799284584091,1.5544977896117003,17596533.06282637,0
4.61902933059851e-08,0.4653916334521712,"[np.float64(5.276718237514425), 3.1]",0.7197388855498835,1.5465230438523812,15582037.567547193,0
4.2871776245973864e-08,0.4688421552085736,"[np.float64(5.061969535827467), 3.1]",0.7276957363923688,1.552112429115166,16973771.56050789,0
5.6092081075789616e-08,0.45643170003100464,"[np.float64(5.936751968301585), 3.1]",0.6994306458579885,1.5323884073136844,12469329.581709454,0
4.913724432951543e-08,0.4625373538307612,"[np.float64(5.4694005113281206), 3.1]",0.7132144090240653,1.5419606721861103,14514741.694532847,0
3.9089589494861357e-08,0.4731407543221602,"[np.float64(4.818485078309308), 3.1]",0.7377155594550123,1.5591883656521879,18872430.46008429,0
4.100978478359016e-08,0.4709048250658837,"[np.float64(4.942046379759713), 3.1]",0.7324887866971325,1.5554922092689343,17861317.50172544,0
4.718105359452178e-08,0.46441160877966586,"[np.float64(5.341241667261409), 3.1]",0.7174928467377822,1.5449502837001379,15207223.918820895,0
4.3046228106469e-08,0.4686538340681714,"[np.float64(5.073219513970898), 3.1]",0.7272594992562266,1.5518052907904683,16894848.42800742,0
3.973253203998793e-08,0.47237903186577,"[np.float64(4.859861445326432), 3.1]",0.7359312877838666,1.5579253907124881,18522134.130369663,0
4.444665716059926e-08,0.4671708022053879,"[np.float64(5.1636645132693815), 3.1]",0.7238320915076005,1.5493949709412138,16285411.271587322,0
4.30574492199372e-08,0.4686417486897844,"[np.float64(5.073943246221035), 3.1]",0.7272315118352222,1.5517855886045062,16889795.494399305,0
5.628386022225677e-08,0.45627402696545033,"[np.float64(5.949970638387874), 3.1]",0.6990777916488388,1.5321446112070145,12420572.94734729,0
4.6067241080901505e-08,0.4655148729852937,"[np.float64(5.268720128303228), 3.1]",0.7200217617195144,1.5467212832580344,15629799.936467653,0
5.119401846528101e-08,0.4606467923586084,"[np.float64(5.605475751662654), 3.1]",0.7089212984509444,1.538969358325754,13847736.89785114,0
3.9429209794977014e-08,0.4727367010288647,"[np.float64(4.840342828359333), 3.1]",0.7367686279517606,1.5585179368309177,18685858.321350873,0
4.262799185821573e-08,0.4691066940518809,"[np.float64(5.046253578135338), 3.1]",0.7283089139655684,1.5525442787329338,17085226.918218076,0
4.1356368529166544e-08,0.4705133612281785,"[np.float64(4.964352831029862), 3.1]",0.7315770244974951,1.5548485649543797,17689585.679689236,0
4.4306453759228654e-08,0.46731703264741464,"[np.float64(5.154597335232753), 3.1]",0.7241694145644109,1.5496319713875877,16344558.255546972,0
4.4695121036664284e-08,0.46691284719993575,"[np.float64(5.17974074600063), 3.1]",0.7232373773871743,1.548977248590203,16181573.304027714,0
4.0697875550803603e-08,0.47126019114996065,"[np.float64(4.921974891484256), 3.1]",0.7333173323423934,1.5560773986721976,18018565.40219121,0
4.6278952614154075e-08,0.4653030506841839,"[np.float64(5.282482937500944), 3.1]",0.7195356181808524,1.5463806160798723,15547793.922215685,0
4.7965901261010376e-08,0.46365023615804063,"[np.float64(5.392529751318825), 3.1]",0.715752139541814,1.5437329342755721,14922103.426077418,0
4.5971007407232776e-08,0.4656114921910365,"[np.float64(5.26246743049777), 3.1]",0.7202436030838266,1.5468767742277219,15667344.348223012,0
4.343420519079876e-08,0.46823790740934534,"[np.float64(5.0982512158177675), 3.1]",0.7262968330520565,1.551127795420266,16721771.00655033,0
4.2863596696566434e-08,0.4688510050791455,"[np.float64(5.061442133461118), 3.1]",0.7277162423211133,1.5521268685310154,16977489.021106962,0
4.3543878114393093e-08,0.46812104906797763,"[np.float64(5.105330371963162), 3.1]",0.7260265634735987,1.5509376579393457,16673447.449174635,0
4.33543317485404e-08,0.4683232112151552,"[np.float64(5.093096475567929), 3.1]",0.7264941788330941,1.5512666496885013,16757130.13054463,0
4.796063672076105e-08,0.46365530045085246,"[np.float64(5.39218516873408), 3.1]",0.7157637057322689,1.5437410184597684,14923982.554685961,0
4.214502697986344e-08,0.4696355824774233,"[np.float64(5.015134107762744), 3.1]",0.7295361825746269,1.5534090895033443,17310136.80269308,0
4.104733745717079e-08,0.4708622374714992,"[np.float64(4.944463093539194), 3.1]",0.7323895474441361,1.5554221365829255,17842559.172280513,0
4.0079768033824875e-08,0.4719732148529609,"[np.float64(4.882203887106891), 3.1]",0.7349822355146746,1.5572541245664795,18337986.26015985,0
4.32263889177187e-08,0.46846020104422054,"[np.float64(5.084841081179952), 3.1]",0.72681119535952,1.5514897396607492,16814062.27901671,0
3.999217847460984e-08,0.47207521954972737,"[np.float64(4.876568169270227), 3.1]",0.7352206852053144,1.5574227469651536,18384111.9250878,0
4.564358209344504e-08,0.46594181557187525,"[np.float64(5.241207727319719), 3.1]",0.7210024884213622,1.5474088487560134,15796360.744546093,0
4.493218292586869e-08,0.46666813211316455,"[np.float64(5.195088816735719), 3.1]",0.7226735818554285,1.5485813839119917,16083651.73460926,0
5.795019890283287e-08,0.4549251245793098,"[np.float64(6.065738172823687), 3.1]",0.6960654451608284,1.530065954929423,12011441.864555905,0
4.579663395641856e-08,0.46578710239819854,"[np.float64(5.251142632904642), 3.1]",0.7206469634146966,1.5471595492968802,15735806.349883392,0
4.6759685585318096e-08,0.4648257804671256,"[np.float64(5.313771584464783), 3.1]",0.7184413063318167,1.5456141559313272,15364545.277383076,0
4.7542020846207576e-08,0.4640598319213685,"[np.float64(5.364809715768096), 3.1]",0.7166881299136391,1.5443873410596687,15074835.212243807,0
4.267628978959603e-08,0.46905415627952035,"[np.float64(5.049366731318526), 3.1]",0.7281871001987286,1.5524584751036399,17063036.73043883,0
4.006297156805264e-08,0.4719927568196057,"[np.float64(4.88112316659407), 3.1]",0.7350279122564221,1.557286423650242,18346814.614284735,0
4.194844728370281e-08,0.4698527153754609,"[np.float64(5.002472842504437), 3.1]",0.7300405549132541,1.5537646820448323,17403279.55349324,0
4.9614769079098994e-08,0.4620913930126823,"[np.float64(5.500861623207095), 3.1]",0.7121996783047538,1.5412528540327242,14354590.206180748,0
4.1993135901523395e-08,0.46980325868707024,"[np.float64(5.005350900566884), 3.1]",0.7299256465019018,1.5536836601384574,17382022.81948232,0
5.121447931840397e-08,0.46062837093887804,"[np.float64(5.606837244436952), 3.1]",0.7088795779425231,1.538940331655312,13841389.922864774,0
4.147691051242551e-08,0.4703780382465422,"[np.float64(4.972112202483262), 3.1]",0.7312620730006045,1.5546263080788725,17630582.026632275,0
4.3780920910150204e-08,0.46786953882683047,"[np.float64(5.120636201703268), 3.1]",0.7254451690896057,1.550528745488836,16569892.8667674,0
4.3721041605431015e-08,0.4679329362733518,"[np.float64(5.11676910933692), 3.1]",0.7255916811569937,1.5506317784246024,16595937.665557833,0
4.49351838062486e-08,0.4666650430552692,"[np.float64(5.195283164392529), 3.1]",0.7226664674706805,1.5485763894791922,16082419.30391721,0
4.5380946523781726e-08,0.466208569276847,"[np.float64(5.224170361362442), 3.1]",0.7216158375738553,1.5478390684520873,15901295.430135973,0
4.549263393562332e-08,0.46609493385490747,"[np.float64(5.231413963372254), 3.1]",0.7213544990298351,1.5476557384217104,15856512.068538936,0
4.7204040694396396e-08,0.46438912432925067,"[np.float64(5.342741526042041), 3.1]",0.7174413882566004,1.5449142769931372,15198728.280517055,0
4.427740314614147e-08,0.4673473931162622,"[np.float64(5.152718964370102), 3.1]",0.7242394670074567,1.5496811957765373,16356864.123603648,0
4.1997319514289025e-08,0.469798631592541,"[np.float64(5.005620342590466), 3.1]",0.7299148966487963,1.5536760806954746,17380035.323455643,0
4.473831489156983e-08,0.46686815739441506,"[np.float64(5.1825365297891635), 3.1]",0.7231343885684928,1.5489049255453533,16163648.32517988,0
4.370452624665165e-08,0.4679504381576296,"[np.float64(5.115702606978337), 3.1]",0.7256321327154934,1.550660227122308,16603134.618604556,0
4.054202699097767e-08,0.4714388590784188,"[np.float64(4.9119467564775885), 3.1]",0.7337342105627366,1.5563719375977187,18098113.61247487,0
4.7227313699943374e-08,0.4643663717339946,"[np.float64(5.344260176264315), 3.1]",0.717389319368164,1.5448778443825597,15190136.02861397,0
4.3186772921007704e-08,0.46850270574662006,"[np.float64(5.082285276854854), 3.1]",0.726909582619947,1.5515589850468887,16831764.298516277,0
5.69741256547873e-08,0.45571072568811116,"[np.float64(5.997724005045851), 3.1]",0.697818456224458,1.5312750323591147,12247988.858181331,0
3.959031170263668e-08,0.4725463619689304,"[np.float64(4.850709923355848), 3.1]",0.7363229211412708,1.5582024969429,18598563.372569565,0
4.836417720845552e-08,0.46326875194260264,"[np.float64(5.418621181934786), 3.1]",0.7148813472084832,1.5431244697830482,14781215.942685371,0
4.121998785931932e-08,0.47066697842505595,"[np.float64(4.9555746917084535), 3.1]",0.7319346975871424,1.5551010186360203,17756790.71243737,0
4.224506582773831e-08,0.4695255005292798,"[np.float64(5.021578473693977), 3.1]",0.7292805923048307,1.5532289332160616,17263095.18083368,0
4.5756472600412013e-08,0.46582764740153604,"[np.float64(5.248535218104973), 3.1]",0.7207401195083438,1.5472248663829893,15751653.88736399,0
4.230640266073687e-08,0.4694581439287834,"[np.float64(5.025530092233672), 3.1]",0.7291242410705927,1.553118740189968,17234371.04585751,0
5.2626801622633873e-08,0.45937420370498266,"[np.float64(5.701227570260927), 3.1]",0.7060441910547448,1.536969610745007,13416057.394433932,0
4.540093979461477e-08,0.46618820580535814,"[np.float64(5.225466869340317), 3.1]",0.7215689996258219,1.5478062092525133,15893261.304503012,0
4.031449522415833e-08,0.47170104712025496,"[np.float64(4.897306686043767), 3.1]",0.7343463374144001,1.556804552157771,18215441.699846596,0
4.726066652131042e-08,0.4643337848811923,"[np.float64(5.346436812669652), 3.1]",0.7173147507044503,1.5448256708005588,15177838.221579127,0
4.506439231375974e-08,0.46653224289168344,"[np.float64(5.203652672921023), 3.1]",0.7223606742262082,1.548361737548591,16029522.137939628,0
4.321476338763852e-08,0.4684726699848746,"[np.float64(5.0840910480383315), 3.1]",0.7268400564888982,1.5515100518294171,16819253.41044003,0
4.058961996465708e-08,0.4713842187505606,"[np.float64(4.915009102998246), 3.1]",0.7336066986632399,1.556281838640504,18073751.35076453,0
3.933955041135756e-08,0.47284300007319724,"[np.float64(4.834572811786873), 3.1]",0.7370176453226229,1.5586942076091448,18734775.50241249,0
4.997986972997533e-08,0.4617533475643472,"[np.float64(5.524967410004186), 3.1]",0.7114313350204661,1.5407172222423904,14234357.529623302,0
4.17966620056584e-08,0.4700211186413554,"[np.float64(4.992698471694121), 3.1]",0.7304319440238435,1.5540406910549733,17475843.978281286,0
4.2246651010744956e-08,0.4695237584543607,"[np.float64(5.021680595200592), 3.1]",0.7292765481519105,1.5532260828560365,17262351.706089728,0
4.283191016323958e-08,0.4688853053562768,"[np.float64(5.059399107262483), 3.1]",0.7277957238458792,1.5521828377472235,16991904.42527844,0
4.446583428787856e-08,0.46715083850643024,"[np.float64(5.164904967566446), 3.1]",0.7237860500634611,1.5493626263789706,16277352.301039947,0
4.025100090677637e-08,0.4717744990693998,"[np.float64(4.893221335428459), 3.1]",0.7345179046430858,1.5569258323456678,18248438.252362255,0
4.400994794977407e-08,0.46762789963311824,"[np.float64(5.135431598522651), 3.1]",0.7248869753885877,1.5501362856179122,16470980.066049114,0
4.018434201098482e-08,0.47185174737284763,"[np.float64(4.88893237873968), 3.1]",0.7346983770741093,1.5570534201997257,18283200.37872641,0
4.258733471814996e-08,0.46915096958340735,"[np.float64(5.04363309627685), 3.1]",0.7284115847584683,1.5526166031486133,17103948.617099825,0
4.198551660528242e-08,0.46981168693344333,"[np.float64(5.004860189353102), 3.1]",0.7299452276997974,1.5536974664557597,17385643.591389302,0
4.905058588048815e-08,0.46261875574985545,"[np.float64(5.463699069341726), 3.1]",0.7133997653642838,1.542090017962932,14544164.000456259,0
4.9828618566024896e-08,0.4618930866861588,"[np.float64(5.514975492905808), 3.1]",0.7117488603158123,1.5409385436405596,14283937.23925372,0
4.595668771705544e-08,0.4656258872544161,"[np.float64(5.2615371892777425), 3.1]",0.720276659797164,1.5468999458864017,15672945.453156648,0
4.261593178905177e-08,0.4691198227329766,"[np.float64(5.045476252588366), 3.1]",0.7283393568247228,1.5525657231485062,17090776.295353387,0
4.214056333743079e-08,0.4696405007555052,"[np.float64(5.014846583610941), 3.1]",0.7295476037466121,1.5534171405000152,17312241.364808742,0
4.0480856988575366e-08,0.4715091890235367,"[np.float64(4.908010847004989), 3.1]",0.7338983651730728,1.5564879375795966,18129516.511475928,0
4.4129815837264926e-08,0.46750196038964886,"[np.float64(5.143178140173857), 3.1]",0.724596200569465,1.5499318975380036,16419651.58525742,0
4.191702760922137e-08,0.46988752124252997,"[np.float64(5.000449417615871), 3.1]",0.7301214328533406,1.5538217123167488,17418253.97688076,0
5.530185973607423e-08,0.45708688429849814,"[np.float64(5.882500842975865), 3.1]",0.7008985375809814,1.533403301774162,12674050.039654901,0
4.0660699779038234e-08,0.4713027428348974,"[np.float64(4.919582764702868), 3.1]",0.7334165975946101,1.5561475267109448,18037480.94794737,0
4.3938438023134574e-08,0.46770320436985113,"[np.float64(5.13081119877649), 3.1]",0.7250608913568779,1.5502585498292054,16501744.804289972,0
4.0159266557370736e-08,0.4718808423346689,"[np.float64(4.887318977767537), 3.1]",0.7347663606271752,1.557101485603566,18296309.260964774,0
4.562346007465073e-08,0.46596219628592317,"[np.float64(5.239901917326535), 3.1]",0.7210493339300151,1.5474417016602044,15804354.44287234,0
4.258783469885573e-08,0.469150424831446,"[np.float64(5.043665320707301), 3.1]",0.7284103214531622,1.5526157132115181,17103718.153408103,0
4.683901257871681e-08,0.4647475140667486,"[np.float64(5.318939803137369), 3.1]",0.7182619913302981,1.5454886139038906,15334695.412786506,0
4.372144724270327e-08,0.46793250649395346,"[np.float64(5.11679530438196), 3.1]",0.725590687846044,1.5506310798594196,16595760.973286144,0
4.4734039207143354e-08,0.466872579136336,"[np.float64(5.182259766089232), 3.1]",0.7231445780174298,1.5489120807976544,16165421.02690236,0
4.614056921274135e-08,0.465441392052547,"[np.float64(5.273485891374463), 3.1]",0.7198530866020598,1.5466030716081876,15601304.857836,0
4.0644141048327007e-08,0.4713217096504004,"[np.float64(4.918517278289192), 3.1]",0.7334608474666203,1.5561787892407075,18045918.268872138,0
4.35576523835518e-08,0.468106394431777,"[np.float64(5.106219577667202), 3.1]",0.7259926764734356,1.5509138202538346,16667396.811945362,0
4.7849066705825205e-08,0.46376276103875036,"[np.float64(5.384884337703749), 3.1]",0.7160091702491704,1.5439126001523509,14963910.887775008,0
4.316945499974132e-08,0.4685212994774179,"[np.float64(5.081168076246456), 3.1]",0.7269526258936524,1.5515892803688651,16839513.630598497,0
4.233836968799355e-08,0.4694230809899608,"[np.float64(5.027589683487154), 3.1]",0.7290428629466518,1.5530613906098991,17219436.37223698,0
4.406894950832916e-08,0.4675658643830474,"[np.float64(5.139244354263365), 3.1]",0.724743732583725,1.55003559453602,16445677.527365303,0
4.9405728154167565e-08,0.46228607840043007,"[np.float64(5.487079998905964), 3.1]",0.712642506808726,1.541561686812118,14424289.11451256,0
4.154802924115476e-08,0.47029839731874945,"[np.float64(4.9766904960075005), 3.1]",0.731076771582222,1.5544955622860168,17595943.41620577,0
4.5546377553486136e-08,0.4660403567950762,"[np.float64(5.23490042294492), 3.1]",0.7212290121491012,1.547567719475922,15835046.624775939,0
4.5833238805814604e-08,0.4657501801752215,"[np.float64(5.253519435172638), 3.1]",0.720562140147022,1.5471000781490558,15721388.209109245,0
4.1724930975151454e-08,0.4701009317131551,"[np.float64(4.9880797765957485), 3.1]",0.7306175030146562,1.5541715698203773,17510334.611452386,0
4.418298912765982e-08,0.46744620952268245,"[np.float64(5.146615169324463), 3.1]",0.7244675126780068,1.5498414532396643,16396978.271089163,0
4.475321944739866e-08,0.46685274717222736,"[np.float64(5.183501321008733), 3.1]",0.7230988782770755,1.5488799897975454,16157471.735122435,0
4.717986751185649e-08,0.46441276923349495,"[np.float64(5.341164281553858), 3.1]",0.7174955026690608,1.5449521421499122,15207662.515982084,0
4.238743204109133e-08,0.4693693221568206,"[np.float64(5.030750865163987), 3.1]",0.7289181086237427,1.5529734778452446,17196562.129951943,0
4.904943560028744e-08,0.4626198372394658,"[np.float64(5.463623406060232), 3.1]",0.713402228254199,1.5420917367296567,14544555.294536728,0
4.4519383471738347e-08,0.46709514093698945,"[np.float64(5.168369054969897), 3.1]",0.7236576105940129,1.5492724012122263,16254888.414018648,0
3.906798989376897e-08,0.47316658152990576,"[np.float64(4.817094786127461), 3.1]",0.7377761237488123,1.5592312571258422,18884414.728142478,0
4.9247582118280856e-08,0.46243391979714676,"[np.float64(5.476663351333799), 3.1]",0.7129789450017101,1.54179638317723,14477440.6038718,0
4.705801722935978e-08,0.46453214737140935,"[np.float64(5.333216073240375), 3.1]",0.7177687692798885,1.5451433734811206,15252847.687600154,0
4.290572970179606e-08,0.4688054384690375,"[np.float64(5.064158864968254), 3.1]",0.7276106658622382,1.5520525278852833,16958356.632535722,0
4.2088948187999086e-08,0.46969741365297013,"[np.float64(5.011521916060567), 3.1]",0.7296797776123716,1.5535103162213408,17336612.31811031,0
4.256867099088013e-08,0.4691713094608844,"[np.float64(5.042430210059707), 3.1]",0.7284587552553741,1.5526498329414724,17112555.743434846,0
4.4272183426125576e-08,0.46735285041427693,"[np.float64(5.152381478373545), 3.1]",0.7242520595695063,1.5496900445295358,16359077.043896507,0
4.193572369403226e-08,0.46986680685285975,"[np.float64(5.001653436302077), 3.1]",0.7300732981535509,1.5537877702907745,17409340.625196967,0
4.683676872333095e-08,0.4647497260356675,"[np.float64(5.318793593326301), 3.1]",0.7182670586038972,1.5454921614064026,15335538.25727744,0
5.011038348660132e-08,0.4616331101421936,"[np.float64(5.533595794318983), 3.1]",0.7111582217446027,1.5405268948874782,14191833.553514006,0
4.150539650314848e-08,0.4703461211307291,"[np.float64(4.973945967628976), 3.1]",0.7311878061747519,1.5545739048872136,17616692.47321336,0
4.875675863617682e-08,0.46289585344243617,"[np.float64(5.44438516370643), 3.1]",0.7140310458545244,1.5425306589904857,14644760.353792746,0
4.0525623303778934e-08,0.471457707856347,"[np.float64(4.910891276572729), 3.1]",0.7337782016754981,1.5564030228965524,18106524.757808592,0
4.4029592793321946e-08,0.46760723495066253,"[np.float64(5.136701017978166), 3.1]",0.7248392567568774,1.5501027413174127,16462547.363527179,0
4.036538891316172e-08,0.47164226251056374,"[np.float64(4.9005813002097405), 3.1]",0.7342090550088027,1.5567075162021937,18189074.223669954,0
4.540425285750422e-08,0.4661848323032757,"[np.float64(5.225681719629751), 3.1]",0.7215612405017502,1.5478007659252626,15891930.713325098,0
4.272759325474666e-08,0.468998418604029,"[np.float64(5.052673852960823), 3.1]",0.7280578865943318,1.5523674658890998,17039524.839453742,0
4.880275663583411e-08,0.46285236230865123,"[np.float64(5.447406938887607), 3.1]",0.7139319326897952,1.5424614646640014,14628926.353835935,0
4.836063413126791e-08,0.4632721314420223,"[np.float64(5.4183888693644), 3.1]",0.7148890573427873,1.5431298557017874,14782458.298671702,0
3.983189412367972e-08,0.47226251367674077,"[np.float64(4.866254919931266), 3.1]",0.7356586863735154,1.5577325429582303,18469086.207381047,0
4.9754670364887915e-08,0.46196156260237187,"[np.float64(5.510093217004503), 3.1]",0.7119045013240132,1.5410470458053602,14308295.002320169,0
4.7122868895801136e-08,0.46446857175570605,"[np.float64(5.337445837832729), 3.1]",0.7176232280482586,1.5450415198936278,15228767.790753124,0
4.2253772561227675e-08,0.4695159329189224,"[np.float64(5.022139385952195), 3.1]",0.7292583817452873,1.5532132790714435,17259012.33288834,0
4.0883062976482745e-08,0.4710488488226768,"[np.float64(4.933891475172084), 3.1]",0.7328244834110037,1.555729273604213,17924891.875947453,0
4.302364016619426e-08,0.4686781719361152,"[np.float64(5.071762692298121), 3.1]",0.7273158639480152,1.5518449705977655,16905028.51777526,0
4.6525643100227514e-08,0.4650574979782506,"[np.float64(5.298532209824441), 3.1]",0.7189724198071137,1.5459860832966035,15453250.549557645,0
4.272010156406393e-08,0.46900655335432834,"[np.float64(5.052190908339502), 3.1]",0.7280767436938179,1.5523807471060334,17042954.418120455,0
4.593021637426892e-08,0.46565251024233023,"[np.float64(5.259817661445247), 3.1]",0.7203378001091629,1.546942804483738,15683309.52851142,0
3.8903424458909385e-08,0.4733638714687128,"[np.float64(4.806501554900609), 3.1]",0.7382389081719415,1.5595590467886726,18976193.44414487,0
4.455680758174904e-08,0.4670562572529457,"[np.float64(5.170790286684379), 3.1]",0.723567955993691,1.549209425539984,16239223.48265526,0
4.216545582800186e-08,0.4696130800088874,"[np.float64(5.0164500446533085), 3.1]",0.7294839295769234,1.553372256077531,17300510.93370315,0
4.2750570574085175e-08,0.4689734784836572,"[np.float64(5.054155097297126), 3.1]",0.7280000757576941,1.5523267501427875,17029014.25598745,0
4.186669768548111e-08,0.4699433337668533,"[np.float64(4.997208308796113), 3.1]",0.7302511400165701,1.5539131796236092,17442291.37684802,0
4.2301327118899e-08,0.46946371363001843,"[np.float64(5.025203089683492), 3.1]",0.729137168607149,1.5531278508604347,17236744.5247691,0
5.416253891994518e-08,0.45804758453905925,"[np.float64(5.80486694904311), 3.1]",0.7030557734808898,1.5348968037641466,12980480.3744529,0
4.389088857385612e-08,0.4677533489127836,"[np.float64(5.1277393294591915), 3.1]",0.7251767201548212,1.5503399854653659,16522261.082378203,0
3.880459601037813e-08,0.4734827922399884,"[np.float64(4.800139213642963), 3.1]",0.738517984018746,1.5597567559422993,19031714.279958807,0
4.1678187007147894e-08,0.47015302178399876,"[np.float64(4.985070138560676), 3.1]",0.7307386304440417,1.554257011198714,17532879.49686292,0
4.505177721647912e-08,0.4665451910425948,"[np.float64(5.202835396499802), 3.1]",0.7223904844118589,1.548382661061243,16034672.304728119,0
4.291343513606859e-08,0.4687971102434703,"[np.float64(5.064655730072838), 3.1]",0.7275913710600707,1.5520389421389462,16954862.008903425,0
4.158516894533921e-08,0.4702568654289269,"[np.float64(4.979081481251219), 3.1]",0.7309801551439387,1.55442739677432,17577905.144614436,0
4.4877270079803155e-08,0.4667246968008724,"[np.float64(5.191532743177204), 3.1]",0.7228038663409687,1.5486728499592388,16106235.184440594,0
4.165741312841514e-08,0.47017619172946595,"[np.float64(4.983732640170607), 3.1]",0.730792514213322,1.554295021883651,17542916.358261276,0
5.360507536274667e-08,0.4585248287558036,"[np.float64(5.767118314028373), 3.1]",0.7041295681550394,1.5356410907249636,13135501.879069842,0
4.018928634059799e-08,0.47184601281208766,"[np.float64(4.889250505980895), 3.1]",0.7346849782953735,1.5570439472759967,18280617.67678659,0
4.243073254493326e-08,0.4693219319896236,"[np.float64(5.033540966135567), 3.1]",0.728808149066404,1.5528959960953146,17176421.55469768,0
4.424629835058613e-08,0.46737992369735726,"[np.float64(5.150707914918822), 3.1]",0.7243145332348168,1.549733945576645,16370059.42272732,0
4.524893694709782e-08,0.46634325935226256,"[np.float64(5.215611807381372), 3.1]",0.7219257045141936,1.5480564799348182,15954534.033765769,0
4.4177910634214084e-08,0.46745153113493204,"[np.float64(5.146286886297261), 3.1]",0.7244797955196107,1.549850085549268,16399141.225083858,0
4.253685161962217e-08,0.46920600843998855,"[np.float64(5.040379508338718), 3.1]",0.7285392323009616,1.5527065280412788,17127248.598833483,0
4.654955357381616e-08,0.4650337696684514,"[np.float64(5.300088522879628), 3.1]",0.7189180170562854,1.5459479804420275,15444144.183171554,0
4.554526068180461e-08,0.46604149030177894,"[np.float64(5.234827963415886), 3.1]",0.7212316181827355,1.5475695473287403,15835492.154090764,0
4.170707745213082e-08,0.4701208197349594,"[np.float64(4.986930252053018), 3.1]",0.7306637474746179,1.554204189226389,17518939.04129905,0
4.4583785261028156e-08,0.4670282487447844,"[np.float64(5.1725358048246655), 3.1]",0.7235033824268048,1.5491640695639712,16227948.752912147,0
4.219610828795676e-08,0.4695793380867358,"[np.float64(5.018424600656832), 3.1]",0.7294055835580737,1.55331703164364,17286086.635772858,0
3.960474963958001e-08,0.472529345073389,"[np.float64(4.851638988552431), 3.1]",0.7362830850611103,1.5581743075591579,18590777.41335567,0
4.045219596776064e-08,0.4715421815496369,"[np.float64(4.906166703302494), 3.1]",0.733975382900993,1.5565423659213635,18144265.48032034,0
4.620020573596215e-08,0.4653817208046341,"[np.float64(5.277362665858821), 3.1]",0.7197161369022418,1.5465071031536637,15578201.98930448,0
4.255284737208833e-08,0.46918856162956873,"[np.float64(5.041410394747463), 3.1]",0.7284987670928558,1.5526780204586834,17119859.47080711,0
4.253373308649406e-08,0.4692094106880619,"[np.float64(5.040178529295173), 3.1]",0.7285471235235276,1.5527120874561438,17128689.881087974,0
4.380531099293417e-08,0.46784374204823864,"[np.float64(5.122211485849071), 3.1]",0.7253855598914724,1.5504868286058617,16559306.245045895,0
4.609218480255322e-08,0.46548986363157135,"[np.float64(5.270341147651038), 3.1]",0.7199643490030762,1.5466810456111624,15620095.946573455,0
4.3023887335627107e-08,0.4686779055444125,"[np.float64(5.071778633332097), 3.1]",0.7273152469840134,1.5518445362581574,16904917.059452694,0
4.207391955500813e-08,0.46971399887858184,"[np.float64(5.010553918650097), 3.1]",0.7297182988846364,1.5535374730725537,17343720.44730919,0
4.2165939320717464e-08,0.46961254758098214,"[np.float64(5.016481189513719), 3.1]",0.7294826932652809,1.5533713846082564,17300283.2384873,0
4.271660527204895e-08,0.46901035027641996,"[np.float64(5.051965525078565), 3.1]",0.7280855454543987,1.55238694631214,17044555.40924765,0
5.5822963992423235e-08,0.45665382894426176,"[np.float64(5.918237595304395), 3.1]",0.6999280084575559,1.5327321574763093,12538352.649145538,0
4.318249868375579e-08,0.4685072941292876,"[np.float64(5.082009537372666), 3.1]",0.7269202042197755,1.5515664608183821,16833676.289631322,0
3.958460592337911e-08,0.4725530888018347,"[np.float64(4.850342761432231), 3.1]",0.7363386689897365,1.5582136408350098,18601642.022532977,0
4.4854617468759144e-08,0.46674805201337677,"[np.float64(5.1900659463319805), 3.1]",0.7228576659812748,1.5487106220650237,16115568.625342505,0
4.67491958812366e-08,0.4648361402156836,"[np.float64(5.313088284425964), 3.1]",0.7184650443249027,1.545630776452828,15368500.58662224,0
4.278079011350316e-08,0.46894069925234966,"[np.float64(5.056103292672385), 3.1]",0.7279241000686116,1.552273243139632,17015209.35301409,0
4.2693009517561096e-08,0.4690359835966731,"[np.float64(5.050444490283288), 3.1]",0.7281449692633756,1.552428800195236,17055367.552944813,0
3.918079036147931e-08,0.4730318749484156,"[np.float64(4.824355142940247), 3.1]",0.7374602872319094,1.5590075981926796,18821985.98926032,0
4.676601124702326e-08,0.4648195343364439,"[np.float64(5.3141836511879506), 3.1]",0.7184269944802826,1.5456041353896144,15362161.008033622,0
4.290646669199425e-08,0.4688046418427148,"[np.float64(5.064206387622198), 3.1]",0.7276088202220096,1.552051228336865,16958022.32901576,0
5.302139227457529e-08,0.45902975236214943,"[np.float64(5.727752284512751), 3.1]",0.705267197824674,1.5364302514061368,13301559.381398257,0
4.7664410618815544e-08,0.46394118243049304,"[np.float64(5.372808487677303), 3.1]",0.7164168875417374,1.544197658394057,15030436.29913115,0
4.327466232269868e-08,0.4684084636048776,"[np.float64(5.087955655384166), 3.1]",0.7266914524101934,1.5514054695288095,16792538.945567343,0
4.3114071198493957e-08,0.46858081670776625,"[np.float64(5.07759542274527), 3.1]",0.7270904193527032,1.55168626932109,16864341.481583435,0
4.160887500769357e-08,0.4702303767174105,"[np.float64(4.9806076719007235), 3.1]",0.7309185397644822,1.5543839274418776,17566409.561165348,0
4.6938010879987535e-08,0.4646500315664901,"[np.float64(5.325391756184747), 3.1]",0.7180387051790998,1.5453323068941847,15297595.524765674,0
4.3961909232183206e-08,0.467678473336256,"[np.float64(5.132327641319216), 3.1]",0.7250037711262355,1.5502183924658965,16491635.231244273,0
4.852209032424505e-08,0.4631183858492674,"[np.float64(5.428979001260216), 3.1]",0.714538368947685,1.5428849097350412,14726042.595709264,0
4.105020003838274e-08,0.4708589928121876,"[np.float64(4.944647317707079), 3.1]",0.7323819870953566,1.5554167983948501,17841130.771849226,0
4.5297282712333515e-08,0.4662938842162087,"[np.float64(5.218745819502944), 3.1]",0.7218120989892126,1.5479767662029351,15934997.769583166,0
4.55010742515773e-08,0.46608635818818367,"[np.float64(5.231961466775469), 3.1]",0.7213347800767572,1.5476419067075897,15853137.358658122,0
4.3035922517965654e-08,0.4686649363617305,"[np.float64(5.072554842581988), 3.1]",0.7272852108694399,1.5518233911744956,16899491.59486077,0
4.1311535730024835e-08,0.47056379991532254,"[np.float64(4.961467081721561), 3.1]",0.7316944460873348,1.5549314380302999,17711625.41303315,0
4.3580206518481854e-08,0.46808240938519424,"[np.float64(5.107675624179816), 3.1]",0.725937217052311,1.5508748085744084,16657498.324255291,0
4.7362185337501165e-08,0.4642347432891805,"[np.float64(5.353063783189124), 3.1]",0.7170881548010871,1.5446671434378179,15140520.854161263,0
4.1651947369247524e-08,0.47018228997557276,"[np.float64(4.983380738611921), 3.1]",0.7308066968037318,1.5543050267624907,17545558.92249353,0
5.548678105678917e-08,0.4569327610678606,"[np.float64(5.895165633517845), 3.1]",0.7005529944344749,1.5331642948894038,12625583.627161188,0
4.2330094023273824e-08,0.46943215540972605,"[np.float64(5.02705648594714), 3.1]",0.7290639231492391,1.5530762320976996,17223300.34864527,0
4.3541735620745434e-08,0.4681233289386426,"[np.float64(5.105192064219838), 3.1]",0.7260318355113672,1.5509413665784832,16674388.954891587,0
3.979186220343724e-08,0.4723094194880869,"[np.float64(4.863679076644197), 3.1]",0.7357684147697574,1.557810165139668,18490424.273388274,0
4.395399752043328e-08,0.4676868081509511,"[np.float64(5.131816467881182), 3.1]",0.7250230212594211,1.5502319257750197,16495041.683577772,0
4.2346334010045653e-08,0.4694143497552283,"[np.float64(5.028102826617915), 3.1]",0.7290225997200722,1.553047110937734,17215719.300450638,0
4.6551855273251197e-08,0.4650314861718535,"[np.float64(5.3002383455738835), 3.1]",0.7189127817907108,1.5459443138115487,15443268.105445407,0
4.230738103104024e-08,0.46945707038566864,"[np.float64(5.025593126053479), 3.1]",0.7291217493499071,1.553116984159848,17233913.60044155,0
5.064232227046885e-08,0.46114629572107274,"[np.float64(5.5688258830141315), 3.1]",0.7100533812011116,1.5397573130037499,14020948.277389055,0
4.850980783989074e-08,0.4631300633792683,"[np.float64(5.428173104030505), 3.1]",0.7145649997265957,1.5429035086012572,14730320.146496072,0
4.6366342030018546e-08,0.4652159091700907,"[np.float64(5.288166775450284), 3.1]",0.719335706847482,1.5462405577030276,15514178.504350612,0
4.754408992990569e-08,0.46405782345904534,"[np.float64(5.36494490729683), 3.1]",0.7166835376607358,1.5443841293712948,15074082.577189788,0
4.3219634046014775e-08,0.46846744553521685,"[np.float64(5.084405281749051), 3.1]",0.7268279636383969,1.551501540961949,16817078.15629727,0
3.939319420516083e-08,0.47277936890903643,"[np.float64(4.838025081317588), 3.1]",0.7368685733874616,1.5585886818365722,18705479.163477577,0
4.4040077258368465e-08,0.4675962101855507,"[np.float64(5.13737853046575), 3.1]",0.7248137996253344,1.5500848463628802,16458050.138583846,0
4.6771053151415784e-08,0.4648145564492644,"[np.float64(5.314512098141343), 3.1]",0.7184155887518398,1.5455961496555595,15360261.109067906,0
4.149092277506494e-08,0.47036233526527527,"[np.float64(4.9730142267549144), 3.1]",0.7312255334570928,1.5546005252412394,17623747.18492745,0
4.888268748101719e-08,0.4627768869129193,"[np.float64(5.452659442027086), 3.1]",0.7137599581625139,1.5423414140750338,14601487.662471322,0
4.435161235025391e-08,0.4672698795803311,"[np.float64(5.157517481011348), 3.1]",0.7240606273199742,1.549555533025742,16325463.471359663,0
4.718967890520635e-08,0.4644031707500275,"[np.float64(5.341804434511871), 3.1]",0.7174735348727702,1.5449367705953108,15204035.109330077,0
4.4349026711307025e-08,0.4672725780497596,"[np.float64(5.157350274181559), 3.1]",0.7240668525972698,1.5495599070231858,16326555.649363665,0
4.078384277070885e-08,0.4711619532840877,"[np.float64(4.927506678543347), 3.1]",0.733088206287075,1.5559155427922648,17974966.469162207,0
4.623303220312274e-08,0.46534890940133083,"[np.float64(5.279496938911174), 3.1]",0.7196408421119886,1.5464543433395024,15565512.53117639,0
4.369489528874957e-08,0.46796064764458645,"[np.float64(5.115080690950913), 3.1]",0.7256557304924657,1.5506768232434733,16607334.236576263,0
4.781823642438403e-08,0.4637925011226608,"[np.float64(5.382867498183491), 3.1]",0.7160771163562946,1.5439600998786118,14974979.629134635,0
4.27868168142545e-08,0.4689341650249051,"[np.float64(5.056491833075898), 3.1]",0.7279089558660751,1.5522625778981487,17012458.744618997,0
4.165984034576261e-08,0.47017348391512703,"[np.float64(4.983888912057857), 3.1]",0.730786216771202,1.5542905794813373,17541743.096131027,0
4.214847582329602e-08,0.46963178274094664,"[np.float64(5.015356264962801), 3.1]",0.729527358974683,1.5534028696202984,17308511.036867995,0
4.596803708960809e-08,0.46561447775916154,"[np.float64(5.262274468024317), 3.1]",0.7202504590108637,1.5468815799654156,15668505.870869335,0
4.240555426907988e-08,0.4693494820160571,"[np.float64(5.03191856557514), 3.1]",0.7288720717193674,1.5529410378563744,17188127.458360482,0
4.238385512992028e-08,0.4693732392166091,"[np.float64(5.030520391185879), 3.1]",0.7289271980380211,1.5529798828212094,17198227.858311202,0
5.019588492280806e-08,0.46155451196171726,"[np.float64(5.539251634322682), 3.1]",0.7109797393275722,1.54040253296569,14164104.097794607,0
4.2201821449062096e-08,0.4695730519989483,"[np.float64(5.018792636308953), 3.1]",0.7293909885814034,1.5533067442359043,17283400.657523364,0
5.84204706245275e-08,0.45455105627948394,"[np.float64(6.09872068888848), 3.1]",0.695232090737455,1.5294917504492314,11900487.67675565,0
4.457792848525226e-08,0.4670343277938032,"[np.float64(5.172156847877586), 3.1]",0.723517397236613,1.5491739133061064,16230395.216232954,0
5.039458394173781e-08,0.4613723751959871,"[np.float64(5.552405494499772), 3.1]",0.7105662893878724,1.54011450964317,14100052.700293595,0
4.257749615450431e-08,0.4691616905408119,"[np.float64(5.042998992190059), 3.1]",0.7284364475498277,1.5526341179096372,17108484.841534436,0
4.165743762111462e-08,0.4701761644044552,"[np.float64(4.983734217086004), 3.1]",0.7307924506645359,1.5542949770543733,17542904.518306814,0
4.67839167816557e-08,0.46480185866586465,"[np.float64(5.315350106693662), 3.1]",0.7183864953022531,1.5455757801060872,15355415.807851672,0
4.2234936383036114e-08,0.46953663417866176,"[np.float64(5.020925913815309), 3.1]",0.7293064390612324,1.5532471504315604,17267847.462750345,0
5.4171849082075585e-08,0.458039654848263,"[np.float64(5.805498674440674), 3.1]",0.7030379438239344,1.5348844502488177,12977920.37260467,0
4.520251804339194e-08,0.4663907186321303,"[np.float64(5.212603113179884), 3.1]",0.7220349166113591,1.5481331162185292,15973333.961578095,0
3.9854890860893106e-08,0.4722355913714085,"[np.float64(4.86773462833244), 3.1]",0.735595712546076,1.5576879972342819,18456849.251288906,0
4.4105703014431144e-08,0.46752726546972523,"[np.float64(5.141619665947729), 3.1]",0.7246546180327186,1.5499729567743117,16429952.784011073,0
4.6537634357073573e-08,0.46504559649684324,"[np.float64(5.299312694363784), 3.1]",0.7189451324031527,1.5459669714516542,15448682.390833115,0
4.3054689598232174e-08,0.46864472055025175,"[np.float64(5.073765256636251), 3.1]",0.7272383940075654,1.5517904333877697,16891037.90536736,0
3.988500140066484e-08,0.4722003664858841,"[np.float64(4.869672058547624), 3.1]",0.7355133253075434,1.5576297214278652,18440849.930502526,0
4.430909299035929e-08,0.4673142754573812,"[np.float64(5.15476799049571), 3.1]",0.7241630530352274,1.5496275013778618,16343441.135046247,0
4.2930952458407005e-08,0.4687781830123137,"[np.float64(5.065785312217196), 3.1]",0.7275475221814657,1.552008068093806,16946922.45382487,0
4.2632803062987344e-08,0.4691014576452845,"[np.float64(5.046563685595424), 3.1]",0.7282967720664659,1.5525357259008443,17083014.01131078,0
5.590083348047051e-08,0.45658945030566556,"[np.float64(5.923590601411662), 3.1]",0.6997838283194621,1.5326324947959027,12518307.594893701,0
3.912775507412532e-08,0.47309515689301485,"[np.float64(4.820941615578679), 3.1]",0.7376086449881404,1.55911265258406,18851289.668696366,0
5.099447369531279e-08,0.4608268344087169,"[np.float64(5.592206309848957), 3.1]",0.709329167245737,1.5392531733875077,13909922.30812916,0
4.030726670187558e-08,0.47170940293481195,"[np.float64(4.8968415877921885), 3.1]",0.7343658529527249,1.5568183470241548,18219192.543724466,0
4.1344135021496865e-08,0.47052711856468105,"[np.float64(4.963565389022122), 3.1]",0.7316090500339464,1.5548711671830573,17695594.542092767,0
4.230847600339483e-08,0.4694558689293277,"[np.float64(5.025663672327224), 3.1]",0.7291189607482067,1.5531150189070677,17233401.663763598,0
4.407389443409612e-08,0.4675606691907107,"[np.float64(5.139563924360984), 3.1]",0.724731737719533,1.5500271632640816,16443560.230494888,0
4.4329983358713594e-08,0.4672924575168205,"[np.float64(5.1561188197318595), 3.1]",0.7241127152914144,1.5495921315300696,16334603.815028982,0
4.0037699310665014e-08,0.47202217679478686,"[np.float64(4.879497092699802), 3.1]",0.7350966822029051,1.5573350540317743,18360112.965009812,0
5.070401510187155e-08,0.46109016921092605,"[np.float64(5.5729184865763965), 3.1]",0.709926096593975,1.5396686895513028,14001378.29652411,0
4.462281034797166e-08,0.46698776404890807,"[np.float64(5.17506102761658), 3.1]",0.7234100539151962,1.5490985195051765,16211665.026787784,0
4.317889886822282e-08,0.46851115889672673,"[np.float64(5.081777307759202), 3.1]",0.7269291508352339,1.5515727577269294,16835286.908398025,0
4.1829104237443575e-08,0.46998506940635926,"[np.float64(4.994787499878929), 3.1]",0.7303481459322699,1.5539815910636836,17460286.545617547,0
4.2881551115607966e-08,0.46883158164027444,"[np.float64(5.062599810387689), 3.1]",0.7276712371654797,1.5520951780159895,16969331.058097452,0
4.733305100475612e-08,0.4642631442835254,"[np.float64(5.351161673021617), 3.1]",0.7171531266639755,1.544712595635225,15151212.766570117,0
4.2726597450220706e-08,0.4689994997970989,"[np.float64(5.052609659072192), 3.1]",0.7280603928747627,1.5523692310753852,17039980.62853006,0
5.188066148177501e-08,0.4600325656042189,"[np.float64(5.65125718145292), 3.1]",0.7075313621804952,1.538002774327954,13637670.41461184,0
4.622451168114555e-08,0.46535742368466104,"[np.float64(5.278942938755269), 3.1]",0.7196603798170853,1.546468033364279,15568804.37767018,0
4.752614869830995e-08,0.46407524202981537,"[np.float64(5.363772685830508), 3.1]",0.716723365242124,1.5444119839430623,15080611.09247026,0
3.934866891840387e-08,0.47283217720434995,"[np.float64(4.835159643980785), 3.1]",0.7369922881825219,1.5586762570602435,18729789.556815766,0
4.338882361273511e-08,0.4682863538913875,"[np.float64(5.095322360631302), 3.1]",0.7264089056509412,1.551206648698163,16741843.755305963,0
4.358204619693622e-08,0.46808045357198486,"[np.float64(5.107794392707858), 3.1]",0.7259326948864542,1.5508716276160737,16656691.4184375,0
4.4672839454841166e-08,0.4669359182337687,"[np.float64(5.178298660520537), 3.1]",0.723290550191727,1.5490145905409143,16190834.49850745,0
4.476466092442894e-08,0.46684092118139603,"[np.float64(5.184241968048825), 3.1]",0.7230716282816195,1.5488608548963563,16152733.279992867,0
5.324636952874146e-08,0.4588344895559565,"[np.float64(5.742906975197184), 3.1]",0.7048270665902716,1.5361248612160299,13237091.520574342,0
4.830714409783006e-08,0.4633231827271513,"[np.float64(5.41488208071274), 3.1]",0.7150055367448955,1.5432112257718793,14801237.996949054,0
4.788849036959795e-08,0.4637247600996178,"[np.float64(5.387463717265155), 3.1]",0.7159223590414712,1.543851915277666,14949779.237475714,0
4.605763680723943e-08,0.46552450628916703,"[np.float64(5.268096010348076), 3.1]",0.7200438774761887,1.5467367834528638,15633539.351784779,0
4.211982635069526e-08,0.46966335719130464,"[np.float64(5.0135108363093455), 3.1]",0.7296006827617936,1.553454557589875,17322024.945854276,0
4.099120435961017e-08,0.4709259122606651,"[np.float64(4.940850647451255), 3.1]",0.7325379292370734,1.5555269102108822,17870612.505322345,0
4.238444978557243e-08,0.46937258798729725,"[np.float64(5.030558707035356), 3.1]",0.7289256868739896,1.5529788179571251,17197950.91269804,0
4.79736894682009e-08,0.4636427452367442,"[np.float64(5.393039530979665), 3.1]",0.7157350315442152,1.5437209767592681,14919324.310435543,0
4.174199063387578e-08,0.4700819365630584,"[np.float64(4.989178204497158), 3.1]",0.7305733370829901,1.5541404173588969,17502120.190935317,0
5.223346655337788e-08,0.45972010515402134,"[np.float64(5.674855536681994), 3.1]",0.706825206328393,1.5375120609345185,13532037.082127826,0
4.5769701155570034e-08,0.46581428837882694,"[np.float64(5.249394025463407), 3.1]",0.7207094246926954,1.5472033440643904,15746430.64072065,0
4.751653760472451e-08,0.4640845759192953,"[np.float64(5.363144763477959), 3.1]",0.7167447079848802,1.544426910903246,15084110.58792329,0
3.954078403089873e-08,0.4726047879357649,"[np.float64(4.847522834046888), 3.1]",0.7364597090409998,1.5582992975117664,18625318.821839776,0
4.474426131979673e-08,0.4668620085747632,"[np.float64(5.182921445314387), 3.1]",0.7231202194549297,1.5488949757605504,16161183.53785385,0
4.5098152828346964e-08,0.4664976097536839,"[np.float64(5.205840008257392), 3.1]",0.7222809445408936,1.5483057778629699,16015754.509725632,0
4.8201126947515456e-08,0.4634245374435996,"[np.float64(5.407934094747722), 3.1]",0.7152368382704963,1.5433728266007993,14838591.617355607,0
4.5715437416343276e-08,0.4658691129575676,"[np.float64(5.245871410839257), 3.1]",0.7208354015236431,1.5472916780153623,15767877.160592241,0
4.636069351060898e-08,0.4652215365055975,"[np.float64(5.28779934209099), 3.1]",0.7193486150539077,1.5462496006894395,15516347.159243746,0
4.061387344145039e-08,0.4713564006166084,"[np.float64(4.916569694150759), 3.1]",0.7335417880562766,1.5562359757853896,18061359.97133497,0
4.719817214443416e-08,0.4643948634795787,"[np.float64(5.342358603050613), 3.1]",0.7174545227151387,1.544923467368816,15200896.350808036,0
4.365244542000337e-08,0.4680056759040389,"[np.float64(5.112339648463984), 3.1]",0.725759814898407,1.550750027756541,16625868.445982493,0
3.910544125307321e-08,0.47312180989466657,"[np.float64(4.819505388454267), 3.1]",0.7376711379079005,1.5591569073345655,18863644.400123693,0
4.1107807723334374e-08,0.4707937479135144,"[np.float64(4.9483547744631515), 3.1]",0.7322299750603977,1.55530947109117,17812430.66982518,0
4.605995591444292e-08,0.4655221799806217,"[np.float64(5.2682467119107415), 3.1]",0.7200385367751105,1.5467330403141772,15632636.255939828,0
4.1245084779508927e-08,0.4706386685197387,"[np.float64(4.957189996483289), 3.1]",0.7318687710236329,1.5550544822964079,17744387.6024528,0
5.8648689151019934e-08,0.4543705386527674,"[np.float64(6.1147784903376134), 3.1]",0.6948302427295973,1.5292149988196981,11847327.754255762,0
4.501052880426314e-08,0.4665875550319388,"[np.float64(5.2001632926866765), 3.1]",0.7224880254035668,1.5484511269361034,16051533.821018716,0
4.241204868113635e-08,0.4693423741675944,"[np.float64(5.032337037794889), 3.1]",0.72885557934194,1.552929416685649,17185106.638484877,0
4.006679567305723e-08,0.4719883068547226,"[np.float64(4.881369217807288), 3.1]",0.7350175108387299,1.5572790684938882,18344803.93282335,0
4.502733517127774e-08,0.46657028921543797,"[np.float64(5.201251985418756), 3.1]",0.722448270327621,1.5484232215953038,16044659.70680983,0
4.4790318547275645e-08,0.46681441283199127,"[np.float64(5.185902956696373), 3.1]",0.723010549770178,1.5488179668316988,16142116.71674201,0
4.6119832006114094e-08,0.4654621601385334,"[np.float64(5.27213801504164), 3.1]",0.7199007561469785,1.5466364783180606,15609353.391650287,0
4.489374700524108e-08,0.4667077166000799,"[np.float64(5.1925997091276255), 3.1]",0.7227647539808013,1.5486453904085236,16099452.645296521,0
5.678928004103745e-08,0.4558609327091512,"[np.float64(5.984908797770651), 3.1]",0.6981540704590112,1.5315066950570386,12293765.125293126,0
4.569133532276154e-08,0.4658934859468766,"[np.float64(5.24430697756407), 3.1]",0.720891412350933,1.5473309545974905,15777420.538458517,0
4.74670556964004e-08,0.46413266145325266,"[np.float64(5.359912344333911), 3.1]",0.7168546684837896,1.544503819746784,15102151.544195132,0
4.751794178855818e-08,0.46408321211383524,"[np.float64(5.36323650160757), 3.1]",0.7167415894915853,1.5444247298386982,15083599.21565814,0
4.3314753622697567e-08,0.4683655420154288,"[np.float64(5.090542529310515), 3.1]",0.7265921262384737,1.5513355724502433,16774702.969976695,0
3.907653147544171e-08,0.4731563662698939,"[np.float64(4.817644580907603), 3.1]",0.7377521686457154,1.5592142920146042,18879673.829530336,0
4.13623528681655e-08,0.470506633065612,"[np.float64(4.964738031235149), 3.1]",0.7315613625353127,1.5548375115750954,17686647.683390327,0
4.269503218637906e-08,0.4690337856717541,"[np.float64(5.0505748739440595), 3.1]",0.7281398738125403,1.5524252112663746,17054440.212949127,0
4.255691093828994e-08,0.4691841305522829,"[np.float64(5.041672285103865), 3.1]",0.7284884901992372,1.552670780534976,17117983.287264176,0
5.620730908162009e-08,0.4563369025788807,"[np.float64(5.944691729346081), 3.1]",0.6992184814294979,1.5322418096762043,12439992.108751277,0
3.941712633136374e-08,0.4727510116335659,"[np.float64(4.839565213706477), 3.1]",0.7368021478567163,1.558541663000859,18692436.928626418,0
4.461606511077489e-08,0.4669947589054508,"[np.float64(5.174624541183836), 3.1]",0.723426178259265,1.549109844304981,16214477.374082813,0
4.421246833930845e-08,0.46741533182478967,"[np.float64(5.148520834734012), 3.1]",0.7243962472839555,1.5497913696067953,16384433.49791237,0
4.216959866875795e-08,0.46960851807564974,"[np.float64(5.016716912111736), 3.1]",0.7294733367068899,1.5533647892421283,17298560.093893714,0
4.707033365108914e-08,0.4645200663336892,"[np.float64(5.33401929582513), 3.1]",0.7177411106405776,1.545124016504782,15248269.025685353,0
4.5153528039102545e-08,0.4664408620651425,"[np.float64(5.209428201035369), 3.1]",0.7221503210692238,1.5482141034384103,15993220.295961108,0
5.791828308359176e-08,0.4549506144414317,"[np.float64(6.063504878653236), 3.1]",0.6961222635337807,1.5301051178674612,12019041.768366784,0
5.0517575545015326e-08,0.4612599970457502,"[np.float64(5.560554702250332), 3.1]",0.7103112958824858,1.5399369128730955,14060676.66983622,0
3.917095684099514e-08,0.47304360127147166,"[np.float64(4.823722233645781), 3.1]",0.7374877763745783,1.5590270630282697,18827412.855096404,0
5.059956376529511e-08,0.461185236563011,"[np.float64(5.565990183414649), 3.1]",0.7101417035621076,1.5398188130531842,14034542.014158132,0
4.7820577925819495e-08,0.4637902417287469,"[np.float64(5.383020664133943), 3.1]",0.7160719542024304,1.5439564910493166,14974138.441263082,0
4.274575145850388e-08,0.4689787080790626,"[np.float64(5.05384442639921), 3.1]",0.728012197551903,1.5523352873179295,17031217.669869076,0
4.0805434837289044e-08,0.4711373144448,"[np.float64(4.928896102457026), 3.1]",0.7330307494549737,1.5558749582779183,17964047.004471853,0
4.2024523039431585e-08,0.46976855642509696,"[np.float64(5.007372391982231), 3.1]",0.7298450281719945,1.5536268193981728,17367122.22735238,0
4.530118891577102e-08,0.46628989725255154,"[np.float64(5.218999058075187), 3.1]",0.7218029262042741,1.5479703301685128,15933421.251842419,0
4.308246211643521e-08,0.46861482132931315,"[np.float64(5.075556561060699), 3.1]",0.7271691566071445,1.5517416938380095,16878542.239342958,0
4.491268442824049e-08,0.46668820883094647,"[np.float64(5.1938260631916435), 3.1]",0.7227198218737796,1.5486138458140866,16091663.882360661,0
4.78356210031181e-08,0.46377572886405777,"[np.float64(5.384004721411944), 3.1]",0.7160387966851363,1.5439333111263829,14968736.302983548,0
4.815497611313923e-08,0.46346872997562105,"[np.float64(5.404910548168553), 3.1]",0.7153377104378417,1.5434433094881486,14854907.388120573,0
4.614856298841374e-08,0.4654333889670312,"[np.float64(5.274005495486461), 3.1]",0.7198347176399499,1.546590198948832,15598204.386573743,0
4.39058317599614e-08,0.46773758398588205,"[np.float64(5.128704680470019), 3.1]",0.7251403030361702,1.5503143811040367,16515808.355495956,0
4.120933305070817e-08,0.47067900291670095,"[np.float64(4.954888927346162), 3.1]",0.7319627011364064,1.555120786354573,17762061.33294428,0
4.638389810917298e-08,0.4651984234772936,"[np.float64(5.289308835468247), 3.1]",0.7192955987574834,1.5462124600097495,15507441.764909232,0
5.775746550716633e-08,0.45507925408743516,"[np.float64(6.05226152093279), 3.1]",0.6964090704849717,1.5303028301772892,12057472.81965764,0
4.475091637470583e-08,0.46685512802864415,"[np.float64(5.183352237684698), 3.1]",0.7231043644649565,1.5488838422282256,16158425.861278463,0
4.442849888133776e-08,0.467189713635712,"[np.float64(5.162490015654048), 3.1]",0.723875708504988,1.5494256131448672,16293048.98277922,0
4.4565502534149317e-08,0.46704722811306626,"[np.float64(5.171352857301711), 3.1]",0.7235471387783079,1.5491948034924345,16235588.013932383,0
4.360149054268204e-08,0.4680597870999634,"[np.float64(5.109049734186728), 3.1]",0.7258849120634124,1.5508380169997074,16648167.368334224,0
3.902161292107531e-08,0.4732220885311816,"[np.float64(4.814109588121401), 3.1]",0.7379063012795826,1.5593234533281097,18910194.788002837,0
4.408334844165341e-08,0.467550738422706,"[np.float64(5.1401749075974905), 3.1]",0.724708809654115,1.5500110471409758,16439513.677444546,0
4.650208838319179e-08,0.4650808856156771,"[np.float64(5.296999181540625), 3.1]",0.7190260449990581,1.5460236428491503,15462231.267423045,0
4.2371357200523934e-08,0.46938692842135465,"[np.float64(5.029715110443206), 3.1]",0.728958964184892,1.553002267524858,17204050.38561942,0
5.4664062100751167e-08,0.4576223003057241,"[np.float64(5.838958760420172), 3.1]",0.7021000917962646,1.534234873010367,12843906.303600822,0
4.761458855525236e-08,0.4639894440423184,"[np.float64(5.369551887288584), 3.1]",0.7165272067046246,1.544274801732932,15048480.485621765,0
4.183584747969689e-08,0.4699775802039819,"[np.float64(4.995221720609475), 3.1]",0.7303307379925367,1.5539693141863387,17457056.137011904,0
4.2854001476935644e-08,0.46886138893031964,"[np.float64(5.06082345985984), 3.1]",0.7277403032608325,1.5521438114602062,16981851.826660994,0
4.192689322831604e-08,0.46987658936156884,"[np.float64(5.001084755763187), 3.1]",0.7300960297414226,1.553803799277209,17413549.47922399,0
4.080964515015679e-08,0.4711325116740101,"[np.float64(4.929167032377099), 3.1]",0.7330195500349569,1.5558670477450596,17961919.23105072,0
4.649171024318247e-08,0.4650911940423064,"[np.float64(5.29632377419933), 3.1]",0.7190496821560007,1.5460401989262202,15466191.249900125,0
4.2616301678152004e-08,0.4691194200099725,"[np.float64(5.0455000934013245), 3.1]",0.7283384229718578,1.552565065322546,17090606.042552333,0
4.774317496979036e-08,0.4638649907423778,"[np.float64(5.377958257770262), 3.1]",0.7162427543520817,1.5440759027875635,15001992.532027595,0
5.080877933414629e-08,0.4609950142389875,"[np.float64(5.579871643905222), 3.1]",0.7097103480600925,1.5395184896558705,13968262.126366971,0
4.395478348770839e-08,0.467685980080693,"[np.float64(5.131867248609746), 3.1]",0.7250211087239155,1.5502305812092607,16494703.219881903,0
4.527439825573826e-08,0.4663172490418878,"[np.float64(5.217262281155087), 3.1]",0.7218658563564495,1.5480144855023508,15944239.662311964,0
4.297862050055236e-08,0.46872671996585463,"[np.float64(5.068859285886409), 3.1]",0.7274283089600269,1.551924133987962,16925352.663440604,0
4.120911106266854e-08,0.4706792534771141,"[np.float64(4.954874639808278), 3.1]",0.7319632846704732,1.5551211982749173,17762171.17513998,0
4.067507901536349e-08,0.47128627925363575,"[np.float64(4.920508013606978), 3.1]",0.7333781896967865,1.5561203921705913,18030160.173008643,0
4.8732632771716404e-08,0.46291868118543383,"[np.float64(5.442800508450551), 3.1]",0.7140830734389594,1.5425669830613624,14653078.08802403,0
4.306116562871063e-08,0.4686377467774457,"[np.float64(5.074182947783542), 3.1]",0.727222244380084,1.5517790647056844,16888122.59868821,0
5.473304341529869e-08,0.4575641015990836,"[np.float64(5.843657854980843), 3.1]",0.7019693981631105,1.5341443870047615,12825330.994967107,0
4.499472322377476e-08,0.46660379887699416,"[np.float64(5.1991394752798925), 3.1]",0.7225254291007295,1.548477382395254,16058003.635389725,0
4.635842176144388e-08,0.4652237999357436,"[np.float64(5.2876515679681395), 3.1]",0.7193538070571321,1.5462532380254166,15517219.51965621,0
3.9302381452567344e-08,0.4728871447431185,"[np.float64(4.832180730360069), 3.1]",0.7371210807482489,1.5587674330810313,18755125.096881326,0
4.369024939836891e-08,0.46796557346497475,"[np.float64(5.114780688406698), 3.1]",0.7256671160651256,1.5506848307067587,16609360.808368763,0
4.373618443675655e-08,0.4679168950571576,"[np.float64(5.117747010405607), 3.1]",0.7255546073230525,1.5506057058153961,16589343.964657452,0
4.64944284567928e-08,0.4650884938570381,"[np.float64(5.296500672625226), 3.1]",0.7190434905827923,1.5460358621639358,15465153.878620064,0
4.517641542928718e-08,0.4664174287169866,"[np.float64(5.210911417224709), 3.1]",0.7220963875214477,1.5481762538500727,15983923.927114492,0
4.9642337923590274e-08,0.4620657794441385,"[np.float64(5.502680269973016), 3.1]",0.7121414359213367,1.5412122420708958,14345445.152431544,0
4.6560414167956285e-08,0.46502299599188673,"[np.float64(5.300795473672742), 3.1]",0.7188933170448001,1.5459306813664386,15440011.217502343,0
4.012552203562722e-08,0.47192002715274445,"[np.float64(4.88514779141649), 3.1]",0.7348579289142556,1.5571662286678227,18313978.027794365,0
4.457396489698144e-08,0.4670384422831768,"[np.float64(5.171900390936366), 3.1]",0.7235268830299936,1.5491805759991413,16232051.259119445,0
4.4726826253144344e-08,0.46688003949243223,"[np.float64(5.18179288081425), 3.1]",0.7231617699237434,1.5489241534290636,16168412.34901849,0
4.273364129562677e-08,0.4689918525314534,"[np.float64(5.053063738008486), 3.1]",0.7280426661449754,1.5523567461039176,17036757.08579229,0
4.243912173907758e-08,0.46931275643046216,"[np.float64(5.034081548556513), 3.1]",0.728786860659998,1.5528809960399659,17172524.566853542,0
4.0060453891527044e-08,0.47199568679566967,"[np.float64(4.880961173782267), 3.1]",0.7350347608986174,1.5572912665551948,18348138.612929706,0
4.719579523913548e-08,0.4643971881844444,"[np.float64(5.342203512423854), 3.1]",0.7174598430291824,1.544927190093643,15201774.636784881,0
4.193779920501847e-08,0.4698645078947066,"[np.float64(5.001787099619395), 3.1]",0.7300679561606377,1.553784003460506,17408351.65411528,0
5.069644038574988e-08,0.46109705679619434,"[np.float64(5.572415915537818), 3.1]",0.7099417153003581,1.5396795638497287,14003778.369810626,0
4.1521689947038656e-08,0.4703278757470052,"[np.float64(4.9749948646523405), 3.1]",0.7311453545846314,1.5545439517557385,17608757.14637855,0
4.371631875751286e-08,0.46793794051978327,"[np.float64(5.116464121173591), 3.1]",0.7256032471146172,1.5506399124392873,16597995.159185695,0
4.005979243872956e-08,0.47199645660245104,"[np.float64(4.880918614457667), 3.1]",0.7350365602847501,1.5572925389646517,18348486.488265507,0
4.170859740837473e-08,0.47011912621575336,"[np.float64(4.987028115881671), 3.1]",0.7306598095334129,1.5542014114909435,17518206.195701577,0
4.09274375078305e-08,0.4709983608019608,"[np.float64(4.936747048354801), 3.1]",0.7327067884894753,1.5556461539312114,17902581.571330704,0
4.1696068627010455e-08,0.47013308763229733,"[np.float64(4.986221442361092), 3.1]",0.7306922745767707,1.5542243117937342,17524248.65550592,0
4.5222767701534924e-08,0.4663700088467573,"[np.float64(5.213915568809916), 3.1]",0.7219872580039473,1.5480996725953324,15965127.627061225,0
4.8907989915858547e-08,0.46275302106129795,"[np.float64(5.454322557332627), 3.1]",0.7137055861222071,1.5423034613266569,14592821.895769348,0
4.0104234353195515e-08,0.47194476526238377,"[np.float64(4.88377810014812), 3.1]",0.7349157428220191,1.557207107516985,18325140.84048237,0
4.949913786328172e-08,0.46219898049435415,"[np.float64(5.493236504360981), 3.1]",0.7124443655352379,1.5414234898857389,14393066.148001065,0
4.71327619599684e-08,0.4644588812969215,"[np.float64(5.338091177296943), 3.1]",0.7176010463108422,1.545025997365073,15225100.683052,0
4.358369274392677e-08,0.4680787031564435,"[np.float64(5.107900693149312), 3.1]",0.7259286476550552,1.5508687807409853,16655969.284663485,0
4.061193840118346e-08,0.4713586193990438,"[np.float64(4.916445183545873), 3.1]",0.73354696516103,1.5562396336281321,18062348.019804295,0
4.4454261090954566e-08,0.46716288530538735,"[np.float64(5.164156359342121), 3.1]",0.7238138327864868,1.549382143903245,16282214.910861865,0
4.208499474246138e-08,0.46970177596172696,"[np.float64(5.01126727222727), 3.1]",0.7296899094510274,1.5535174589386378,17338481.65875643,0
5.2828303965752287e-08,0.45919798887803226,"[np.float64(5.714764020111493), 3.1]",0.7056466027400907,1.536693582792493,13357358.64618235,0
4.389436924070622e-08,0.4677496763332656,"[np.float64(5.12796418271795), 3.1]",0.7251682363215455,1.5503340205517802,16520757.647635767,0
4.707320993831169e-08,0.46451724548673806,"[np.float64(5.334206880009997), 3.1]",0.7177346526546531,1.5451194969146615,15247200.129229069,0
4.108638852961593e-08,0.4708179951766917,"[np.float64(4.946976286524663), 3.1]",0.7322864647782132,1.5553493542730794,17823091.563532427,0
4.522659729067867e-08,0.46636609333154894,"[np.float64(5.214163787246215), 3.1]",0.7219782476925628,1.5480933498724447,15963576.54440133,0
4.804378150514486e-08,0.4635753847758418,"[np.float64(5.397628195660558), 3.1]",0.7155812076583375,1.543613468614929,14894356.464877939,0
4.1981741363982014e-08,0.46981586360469185,"[np.float64(5.00461705114497), 3.1]",0.7299549314572276,1.5537043084424658,17387438.151469536,0
4.640817564902598e-08,0.46517425459323697,"[np.float64(5.290888255304914), 3.1]",0.7192401642003007,1.5461736265460928,15498134.846750783,0
4.640050721103484e-08,0.46518188729163523,"[np.float64(5.290389356623361), 3.1]",0.7192576704089774,1.546185889989425,15501073.450290333,0
4.172855487467903e-08,0.4700968959686422,"[np.float64(4.988313108808262), 3.1]",0.730608119244614,1.5541649509069493,17508589.057033185,0
4.349766994145768e-08,0.4681702465320996,"[np.float64(5.102347550603355), 3.1]",0.7261403365058019,1.5510176947052419,16693775.493792985,0
4.667291357565349e-08,0.4649115499734882,"[np.float64(5.308120035882168), 3.1]",0.7186378564163253,1.5457517810803063,15397321.516075145,0
4.369578411326803e-08,0.4679597053287457,"[np.float64(5.115138086001149), 3.1]",0.7256535524353815,1.5506752914240847,16606946.57759992,0
4.0978356592613697e-08,0.4709404994180286,"[np.float64(4.940023843157763), 3.1]",0.7325719254842797,1.5555509164948986,17877045.01591274,0
4.029868672596758e-08,0.47171932307405157,"[np.float64(4.896289534480467), 3.1]",0.7343890226593707,1.5568347250936858,18223646.533527024,0
4.796592883067896e-08,0.4636502096385415,"[np.float64(5.3925315558705424), 3.1]",0.7157520789751332,1.543732891942675,14922093.586507155,0
4.3119061552320665e-08,0.4685754505778826,"[np.float64(5.0779173225518655), 3.1]",0.7270779948291236,1.5516775237209637,16862101.55448043,0
5.850142447844634e-08,0.4544869476726359,"[np.float64(6.104412816813201), 3.1]",0.695089356156394,1.5293934396044802,11881580.018833311,0
3.9914788495507924e-08,0.4721655484508269,"[np.float64(4.871588666129799), 3.1]",0.7354318975710075,1.5575721269456364,18425048.090979468,0
5.1134064209314276e-08,0.46070081307418925,"[np.float64(5.601487255915415), 3.1]",0.7090436559640338,1.539054492291188,13866366.128489327,0
4.360810295885468e-08,0.46805276130354057,"[np.float64(5.1094766476821505), 3.1]",0.7258686683877016,1.5508265913572141,16645270.46894419,0
4.073012545446236e-08,0.47122331171827875,"[np.float64(4.924050078205059), 3.1]",0.7332313089050805,1.5560166287856392,18002186.360188298,0
4.300670604040702e-08,0.4686964269038886,"[np.float64(5.070670552195708), 3.1]",0.7273581435974218,1.551874735641146,16912668.059581947,0
4.544640081890126e-08,0.4661419379146858,"[np.float64(5.228415175407733), 3.1]",0.7214625888718896,1.5477315602612292,15875021.473027887,0
5.4663972326266354e-08,0.45762237609373274,"[np.float64(5.8389526464600285), 3.1]",0.7021002620030597,1.534234990859039,12843930.510803668,0
4.3181582173522854e-08,0.4685082780635525,"[np.float64(5.081950411755755), 3.1]",0.7269224819367166,1.5515680639438147,16834086.324480142,0
3.9708390742650555e-08,0.47240738939214805,"[np.float64(4.85830804259922), 3.1]",0.7359976452978327,1.5579723387579718,18535066.053616267,0
4.6171880909034164e-08,0.4654100521269856,"[np.float64(5.2755212651304975), 3.1]",0.7197811564413075,1.5465526650140284,15589166.875384372,0
4.5657028777796427e-08,0.46592820124297796,"[np.float64(5.242080389363324), 3.1]",0.7209711970729664,1.5473869045694135,15791023.12114501,0
4.23850142961255e-08,0.46937196978003687,"[np.float64(5.030595080552491), 3.1]",0.7289242523394692,1.5529778070920321,17197688.014136206,0
3.9854475834962486e-08,0.47223607709284715,"[np.float64(4.86770792385386), 3.1]",0.7355968486529039,1.5576888008670224,18457069.958692037,0
4.0451243452779686e-08,0.47154327845212385,"[np.float64(4.906105415523332), 3.1]",0.7339779436305747,1.5565441756267044,18144756.03172436,0
5.004645743237183e-08,0.46169196329085044,"[np.float64(5.5293688361162), 3.1]",0.7112918922981031,1.5406200429137924,14212632.197978795,0
4.3203265117223015e-08,0.4684850059424382,"[np.float64(5.083349240277489), 3.1]",0.7268686107941703,1.5515301484023998,16824390.67561131,0
5.7762006061733634e-08,0.45507561743176356,"[np.float64(6.052578745127011), 3.1]",0.6964009610075759,1.5302972392538652,12056384.611422453,0
4.524294607112736e-08,0.46634938163277456,"[np.float64(5.215223479466955), 3.1]",0.7219397921421365,1.5480663652099058,15956958.041749982,0
4.96167147878687e-08,0.46208958482770107,"[np.float64(5.500989968279516), 3.1]",0.7121955665585874,1.5412499868919207,14353944.423839998,0
4.5284818333751065e-08,0.4663066087019874,"[np.float64(5.217937774885498), 3.1]",0.7218413748223569,1.547997307676331,15940030.265824515,0
4.324647423112021e-08,0.46843866697790193,"[np.float64(5.086136942342372), 3.1]",0.726761354067498,1.5514546626907342,16805100.692914285,0
4.697309244282406e-08,0.4646155381762667,"[np.float64(5.327678678443853), 3.1]",0.7179597116883715,1.5452770144247534,15284488.935070146,0
4.3806837378761166e-08,0.4678421281339644,"[np.float64(5.122310073308736), 3.1]",0.7253818307254006,1.550484206325453,16558644.13250446,0
5.134670424698345e-08,0.4605095024435442,"[np.float64(5.615639636121876), 3.1]",0.7086104181256522,1.5387530862352263,13800504.404667454,0
4.4102000800626295e-08,0.4675311520335162,"[np.float64(5.141380389783402), 3.1]",0.7246635906345493,1.5499792633766571,16431535.47410616,0
4.13001605795432e-08,0.47057660679613067,"[np.float64(4.960734912170673), 3.1]",0.7317242632080868,1.5549524830610502,17717225.62189079,0
4.5789189464742214e-08,0.4657946152027416,"[np.float64(5.250659285713285), 3.1]",0.7206642240221363,1.5471716514122005,15738741.664712137,0
4.766143070870583e-08,0.46394406754923617,"[np.float64(5.3726136881885695), 3.1]",0.7164234820955666,1.5442022696400488,15031514.401532743,0
4.368436957015613e-08,0.4679718083678106,"[np.float64(5.114401009918311), 3.1]",0.7256815276828009,1.550694966463533,16611926.298200835,0
4.127424001477781e-08,0.4706058040549558,"[np.float64(4.959066537295031), 3.1]",0.7317922445536444,1.5550004658850067,17729999.251146328,0
4.1662845092751915e-08,0.4701701320411384,"[np.float64(4.984082367578187), 3.1]",0.7307784215341172,1.5542850805124653,17540290.873252213,0
4.2525286782115783e-08,0.4692186267510999,"[np.float64(5.039634197516176), 3.1]",0.7285684997659345,1.552727147280128,17132594.62537799,0
4.145370305128032e-08,0.4704040584852145,"[np.float64(4.970618268460237), 3.1]",0.7313226234612792,1.554669034566303,17641913.016952824,0
5.414041697756436e-08,0.4580664316577282,"[np.float64(5.803366073753169), 3.1]",0.7030981522087618,1.5349261670720367,12986566.994859383,0
4.706282437544552e-08,0.4645274317079352,"[np.float64(5.33352956956327), 3.1]",0.7177579730077394,1.5451358176389014,15251060.312101057,0
4.060167209492168e-08,0.47137039300757244,"[np.float64(4.915784596748659), 3.1]",0.7335744371602609,1.5562590439329445,18067591.784034282,0
4.3463745304886286e-08,0.4682064011331278,"[np.float64(5.10015782220223), 3.1]",0.7262239568005165,1.5510765231806927,16708729.349168004,0
4.468403350754457e-08,0.4669243260551754,"[np.float64(5.1790231401061355), 3.1]",0.7232638327726193,1.548995827403417,16186180.521292947,0
4.311344303086497e-08,0.4685814922235558,"[np.float64(5.077554903359802), 3.1]",0.7270919834282086,1.5516873702756486,16864623.475041937,0
4.792869663361711e-08,0.46368603786477613,"[np.float64(5.390094744420005), 3.1]",0.7158339095103925,1.5437900886701914,14935392.77695083,0
4.405099223188519e-08,0.46758473567345576,"[np.float64(5.138083879399564), 3.1]",0.724787304817686,1.5500662222726005,16453370.698266977,0
4.8469884475382425e-08,0.46316804125692623,"[np.float64(5.425553902002928), 3.1]",0.7146516148186411,1.5429640026096128,14744240.110198913,0
4.430758020820106e-08,0.4673158558312666,"[np.float64(5.154670172393481), 3.1]",0.7241666993483321,1.5496300635042146,16344081.440364763,0
4.8037775401784666e-08,0.4635811528646702,"[np.float64(5.397234944169717), 3.1]",0.7155943784978591,1.5436226733461644,14896492.864473358,0
4.590325207806536e-08,0.46567964545371304,"[np.float64(5.258066263476408), 3.1]",0.7204001214117096,1.546986492634484,15693879.81894096,0
4.230564565919568e-08,0.46945897458730734,"[np.float64(5.025481320672416), 3.1]",0.729126169055108,1.5531200989310499,17234725.0040521,0
4.270661620296311e-08,0.4690212000872613,"[np.float64(5.05132160102427), 3.1]",0.7281106972427074,1.5524046612546354,17049131.07098822,0
4.2838007112442884e-08,0.46887870338323917,"[np.float64(5.059792207370946), 3.1]",0.7277804249876576,1.5521720644087442,16989128.90782596,0
4.59372438996299e-08,0.46564544089998955,"[np.float64(5.2602741416973915), 3.1]",0.7203215647584499,1.5469314235445488,15680556.855616087,0
4.242495384053011e-08,0.46932825349201374,"[np.float64(5.033168601780182), 3.1]",0.7288228160318682,1.5529063307165036,17179106.87119233,0
4.033235444324635e-08,0.4716804097144323,"[np.float64(4.89845578664662), 3.1]",0.7342981393766664,1.5567704832626603,18206180.85685857,0
4.9007950020551006e-08,0.46265885909616433,"[np.float64(5.460894842400863), 3.1]",0.7134910981793053,1.5421537578966042,14558680.742208352,0
4.869442916932677e-08,0.462954852779087,"[np.float64(5.440291552102534), 3.1]",0.7141655202728789,1.542624547481879,14666267.424338978,0
4.456969305515386e-08,0.4670428771932183,"[np.float64(5.171623991849587), 3.1]",0.7235371076621034,1.5491877576858366,16233836.449507171,0
4.035994914512856e-08,0.4716485418596171,"[np.float64(4.900231292597873), 3.1]",0.7342237183923139,1.556717880431507,18191889.086682227,0
4.480357588585958e-08,0.4668007221755802,"[np.float64(5.186761236218044), 3.1]",0.7229790065690591,1.5487958184801633,16136636.245528739,0
4.371343972847464e-08,0.46794099136924183,"[np.float64(5.116278203060216), 3.1]",0.7256102984041555,1.5506448714419048,16599249.6337802,0
4.9900016760857405e-08,0.4618270694514943,"[np.float64(5.519691194877512), 3.1]",0.7115988358077339,1.5408339676859784,14260492.921636181,0
4.7005380338703937e-08,0.4645838151444204,"[np.float64(5.329783752637842), 3.1]",0.7178870692989052,1.5452261699554537,15272444.64625258,0
3.888794438601822e-08,0.4733824768360786,"[np.float64(4.805505018868851), 3.1]",0.7382825640039881,1.5595899724434419,18984869.878322247,0
4.68059995508781e-08,0.4647800690301715,"[np.float64(5.31678879376943), 3.1]",0.7183365727884121,1.5455408281325869,15347104.637891145,0
4.439488731928303e-08,0.46722474081139864,"[np.float64(5.160316119083914), 3.1]",0.7239565006360736,1.5494823741114945,16307204.373095037,0
4.350309595749999e-08,0.46816446662435085,"[np.float64(5.102697796017724), 3.1]",0.7261269692049725,1.5510082908270086,16691386.05478462,0
4.218497524739986e-08,0.46959159018939417,"[np.float64(5.017707429374758), 3.1]",0.7294340311018915,1.553337083416887,17291322.960936226,0
4.3442213988603054e-08,0.46822936330647164,"[np.float64(5.0987681168179755), 3.1]",0.7262770693055463,1.5511138903737949,16718233.317852609,0
4.3225478070515194e-08,0.46846117784294494,"[np.float64(5.08478231637181), 3.1]",0.7268134562624307,1.5514913308485516,16814468.889777347,0
4.353241819664677e-08,0.46813324518175786,"[np.float64(5.104590588656682), 3.1]",0.7260547665025763,1.5509574976258684,16678484.600207739,0
5.527848159144949e-08,0.4571064042081101,"[np.float64(5.880901041817602), 3.1]",0.7009423116787037,1.5334335840098636,12680201.979121039,0
5.040298635851327e-08,0.46136468908623457,"[np.float64(5.5529620481939315), 3.1]",0.7105488465509521,1.5401023601486372,14097356.087134656,0
4.7200602586380944e-08,0.46439248653875126,"[np.float64(5.3425171883710645), 3.1]",0.7174490828895651,1.5449196610326672,15199998.380880306,0
4.367852590358781e-08,0.4679780058064716,"[np.float64(5.114023670967306), 3.1]",0.7256958529516698,1.5507050415779056,16614476.746617043,0
4.488803004640338e-08,0.46671360743740387,"[np.float64(5.192229501211564), 3.1]",0.7227783227838305,1.5486549165609453,16101805.35961708,0
4.90436990025401e-08,0.4626252311546818,"[np.float64(5.463246069650467), 3.1]",0.7134145119959605,1.5421003091753671,14546507.023440685,0
4.4191775108615386e-08,0.4674370044622722,"[np.float64(5.147183120105558), 3.1]",0.7244462668578968,1.5498265219530096,16393237.544256572,0
4.383420367663202e-08,0.4678132026526528,"[np.float64(5.124077683644909), 3.1]",0.7253149973453271,1.550437211332548,16546781.65699157,0
4.6865805119850356e-08,0.4647211107321429,"[np.float64(5.3206857014324855), 3.1]",0.7182015078417622,1.545446271442833,15324638.20913988,0
3.989514294440051e-08,0.47218850889307723,"[np.float64(4.870324602693412), 3.1]",0.7354855934802338,1.5576101061933674,18435467.05686044,0
4.652698120323248e-08,0.46505616973554414,"[np.float64(5.298619302362364), 3.1]",0.7189693744023534,1.5459839503069015,15452740.663785055,0
4.2594068563222884e-08,0.4691436333231675,"[np.float64(5.044067103572417), 3.1]",0.7283945717879798,1.5526046183946154,17100845.173003726,0
3.9496658699864906e-08,0.47265690825112144,"[np.float64(4.844683330150724), 3.1]",0.7365817527763601,1.5583856702778076,18649216.84575003,0
4.324270115226027e-08,0.46844271139758176,"[np.float64(5.08589350790065), 3.1]",0.726770714780002,1.5514612504306196,16806783.46667098,0
4.276932421131177e-08,0.46895313344431944,"[np.float64(5.055364097640392), 3.1]",0.7279529192191152,1.5522935391699388,17020444.73797376,0
4.35379452092315e-08,0.4681273626834491,"[np.float64(5.104947377266242), 3.1]",0.7260411633394137,1.5509479283106287,16676054.872370705,0
5.5578628168496265e-08,0.4568563943939235,"[np.float64(5.901462884819132), 3.1]",0.7003818359732068,1.5330459298974022,12601639.498007717,0
4.940932238953338e-08,0.46228272394441766,"[np.float64(5.4873168366469445), 3.1]",0.7126348747807905,1.54155636338786,14423085.367625916,0
4.481351774624446e-08,0.4667904581577375,"[np.float64(5.18740489146599), 3.1]",0.7229553591126812,1.5487792144808166,16132528.653662043,0
4.551734236265422e-08,0.4660698338894959,"[np.float64(5.233016779981488), 3.1]",0.7212967853047604,1.5476152560343097,15846636.641434615,0
4.020073627962309e-08,0.47183273581951435,"[np.float64(4.889987216054922), 3.1]",0.7346539574734413,1.5570220158578854,18274639.358926915,0
4.287609533558462e-08,0.46883748289192695,"[np.float64(5.062248025541552), 3.1]",0.7276849104270089,1.5521048059946811,16971809.226832125,0
4.406237936297967e-08,0.4675727680017136,"[np.float64(5.138819758403157), 3.1]",0.7247596721977418,1.5500467986944135,16448491.494916191,0
4.6354083031462466e-08,0.46522812309772826,"[np.float64(5.287369342841039), 3.1]",0.7193637238979758,1.546260185450703,15518885.864050278,0
4.6187961949309e-08,0.4653939651814129,"[np.float64(5.276566674139311), 3.1]",0.719744236752951,1.5465267936432976,15582939.934497776,0
4.524318473575095e-08,0.4663491377170122,"[np.float64(5.215238949553712), 3.1]",0.7219392308770034,1.548065971369046,15956861.460871706,0
4.267578735364704e-08,0.4690547024950833,"[np.float64(5.04933434454499), 3.1]",0.7281883665594108,1.5524593670757276,17063267.29311487,0
4.0356428296926e-08,0.47165260660969666,"[np.float64(4.90000475295298), 3.1]",0.734233210434429,1.556724589549494,18193711.421443023,0
4.3971020965761175e-08,0.4676688762902536,"[np.float64(5.1329163587177), 3.1]",0.7249816062890975,1.550202810244626,16487713.734316459,0
4.8216787960042206e-08,0.4634095508157891,"[np.float64(5.40896025673284), 3.1]",0.7152026331885519,1.5433489273786107,14833062.579391401,0
4.165940622448427e-08,0.4701739682102766,"[np.float64(4.9838609619402225), 3.1]",0.7307873430711885,1.5542913740055413,17541952.92974883,0
5.5178742120400973e-08,0.4571897725656586,"[np.float64(5.874078998393091), 3.1]",0.701129295052753,1.533562947215888,12706511.024170807,0
4.805474889990165e-08,0.46356485391283925,"[np.float64(5.398346315584744), 3.1]",0.7155571620574303,1.5435966640214085,14890456.790190298,0
5.023019753682021e-08,0.46152300762342613,"[np.float64(5.5415221135007995), 3.1]",0.7109082095717772,1.5403526971115464,14153004.456147334,0
4.064105528768746e-08,0.47132524508847123,"[np.float64(4.918318722780713), 3.1]",0.733469095955775,1.5561846168840319,18047491.40404298,0
4.4741985710498644e-08,0.46686436153473354,"[np.float64(5.182774143187621), 3.1]",0.7231256415006284,1.5488987832000745,16162126.691908266,0
4.048185768641849e-08,0.4715080375489959,"[np.float64(4.908075235332749), 3.1]",0.7338956772992571,1.5564860381049086,18129001.95895596,0
4.565062392893988e-08,0.4659346854209717,"[np.float64(5.241664723388011), 3.1]",0.7209861002432307,1.547397355901547,15793565.08610974,0
4.5604839965579465e-08,0.4659810641477949,"[np.float64(5.2386936449728525), 3.1]",0.7210927044816868,1.5474721184227742,15811758.248158222,0
4.5274098842324996e-08,0.4663175548222755,"[np.float64(5.217242871630913), 3.1]",0.7218665599135682,1.5480149791673368,15944360.647079809,0
4.314866003920544e-08,0.4685436368872373,"[np.float64(5.079826611832592), 3.1]",0.7270043384808773,1.5516256784762243,16848827.699870903,0
3.89497424276022e-08,0.4733082507015156,"[np.float64(4.809483219694149), 3.1]",0.7381084124659377,1.559466608435301,18950277.11256104,0
4.463137859715995e-08,0.4669788803210581,"[np.float64(5.17561549248967), 3.1]",0.7233895758507026,1.549084137067091,16208093.914821051,0
4.7683620257328e-08,0.4639225883038424,"[np.float64(5.374064297113677), 3.1]",0.7163743879717752,1.5441679410156064,15023489.913429614,0
4.248212666523201e-08,0.46926575084825073,"[np.float64(5.036852792139829), 3.1]",0.7286778105388731,1.5528041610147467,17152573.746625394,0
4.1726060203817076e-08,0.4700996741107406,"[np.float64(4.988152484219573), 3.1]",0.7306145788708293,1.5541695072494766,17509790.6512629,0
4.1765692099902996e-08,0.4700555599052233,"[np.float64(4.990704310074059), 3.1]",0.7305120121532419,1.554097163110961,17490719.665458113,0
4.964528943519056e-08,0.46206303811705113,"[np.float64(5.5028749889042325), 3.1]",0.7121352026968588,1.541207895785983,14344466.731864171,0
4.2319492361582286e-08,0.469443783102513,"[np.float64(5.026373433531242), 3.1]",0.729090909845362,1.5530952503553541,17228252.730820373,0
4.0450547537354195e-08,0.47154407987597524,"[np.float64(4.906060638164116), 3.1]",0.7339798145673258,1.556545497846937,18145114.448439285,0
4.432262462310453e-08,0.4673001417567966,"[np.float64(5.1556429758211815), 3.1]",0.7241304438072994,1.5496045883593343,16337715.78206188,0
4.732017030340667e-08,0.46427570651153516,"[np.float64(5.3503207931367776), 3.1]",0.7171818664272781,1.5447327016440808,15155944.322027234,0
4.007504948027051e-08,0.4719787037880991,"[np.float64(4.88190028542235), 3.1]",0.7349950649183637,1.5572631964520782,18340465.562749006,0
4.492473565180349e-08,0.4666757991530868,"[np.float64(5.1946065116554125), 3.1]",0.7226912400182697,1.548593780371286,16086711.018615808,0
4.230431042031658e-08,0.46946043978499863,"[np.float64(5.025395294955948), 3.1]",0.7291295698358011,1.5531224956243908,17235349.367274825,0
4.6088420737114015e-08,0.4654936366982775,"[np.float64(5.27009652349638), 3.1]",0.7199730103869647,1.546687115840501,15621559.577700738,0
4.341224187266299e-08,0.4682613473336127,"[np.float64(5.0968337070163505), 3.1]",0.7263510553989271,1.5511659451179054,16731479.971236309,0
5.09190025040501e-08,0.4608951131163736,"[np.float64(5.587191584257598), 3.1]",0.7094838999079736,1.539360864797958,13933578.134244503,0
4.717769684352814e-08,0.464414893076081,"[np.float64(5.3410226576893365), 3.1]",0.7175003635308878,1.544955543476393,15208465.260832563,0
3.985932860709243e-08,0.4722303980438129,"[np.float64(4.868020171065493), 3.1]",0.7355835654017869,1.557679404902563,18454489.603994478,0
4.735274909901085e-08,0.46424394003629077,"[np.float64(5.35244768991731), 3.1]",0.7171091932839673,1.5446818610662092,15143982.280406756,0
4.4550746758109256e-08,0.46706255211967085,"[np.float64(5.170398153606495), 3.1]",0.7235824694898791,1.5492196199546366,16241758.49214403,0
4.250210351989734e-08,0.46924393288961735,"[np.float64(5.03814015789284), 3.1]",0.7286271990276855,1.5527685026011495,17143320.887319826,0
4.086025361234846e-08,0.47107482369291676,"[np.float64(4.932423676160674), 3.1]",0.7328850410439447,1.5557720433849724,17936380.13109292,0
4.052661908014489e-08,0.47145656341647374,"[np.float64(4.910955348770961), 3.1]",0.7337755306046321,1.556401135424287,18106013.954767052,0
4.213494641436944e-08,0.4696466905726477,"[np.float64(5.014484773340197), 3.1]",0.7295619778946177,1.5534272731807206,17314890.369619943,0
4.1998559236922665e-08,0.4697972605486948,"[np.float64(5.005700186103849), 3.1]",0.7299117114108363,1.5536738348758006,17379446.454180762,0
4.898422572235685e-08,0.4626811895753529,"[np.float64(5.459334707184561), 3.1]",0.7135419588407006,1.542189254539582,14566770.18608122,0
5.135380038048997e-08,0.4605031317537757,"[np.float64(5.616112230439774), 3.1]",0.7085959951734788,1.538743053657135,13798316.578780103,0
4.373200842159168e-08,0.46792131823681826,"[np.float64(5.117477326657952), 3.1]",0.7255648298385354,1.5506128948613578,16591161.852065874,0
4.472503255227098e-08,0.46688189491313487,"[np.float64(5.181676778208425), 3.1]",0.7231660456756615,1.5489271559999327,16169156.385308022,0
4.563036537584251e-08,0.46595520114989714,"[np.float64(5.240350024857185), 3.1]",0.7210332551605497,1.5474304254597093,15801610.379878242,0
4.447348498107469e-08,0.46714287654294895,"[np.float64(5.165399861643547), 3.1]",0.723767688432628,1.549349727408473,16274139.270637797,0
4.2417741749722914e-08,0.4693361443117068,"[np.float64(5.032703877777487), 3.1]",0.7288411244430558,1.5529192312940645,17182459.376159903,0
4.381869208721768e-08,0.4678295956604644,"[np.float64(5.123075765648646), 3.1]",0.7253528733284506,1.5504638442217928,16553503.511348363,0
4.953432510557653e-08,0.4621662140823925,"[np.float64(5.495556398408964), 3.1]",0.7123698368133268,1.5413715133368215,14381337.290757371,0
4.016841862150989e-08,0.4718702209400133,"[np.float64(4.887907838539681), 3.1]",0.7347415419427612,1.5570839382046224,18291522.722512968,0
4.351424081822892e-08,0.46815259728043707,"[np.float64(5.103417200175662), 3.1]",0.7260995194243243,1.550988980179404,16686480.236606766,0
4.4462342542877e-08,0.467154472793657,"[np.float64(5.164679103021249), 3.1]",0.7237944314779192,1.5493685143364142,16278819.110350119,0
4.2331226870377555e-08,0.46943091310973495,"[np.float64(5.02712947447304), 3.1]",0.7290610399484575,1.5530742002455875,17222771.316808634,0
4.034977813238954e-08,0.4716602851437622,"[np.float64(4.899576865954339), 3.1]",0.7342511417109334,1.5567372637429786,18197154.375962626,0
3.980497273320182e-08,0.4722940520891878,"[np.float64(4.864522672889815), 3.1]",0.7357324637041044,1.5577847327308052,18483430.917927016,0
4.384284075742303e-08,0.46780407744661834,"[np.float64(5.124635580459267), 3.1]",0.7252939143385819,1.5504223868620428,16543041.048629643,0
4.272066508274992e-08,0.4690059414122921,"[np.float64(5.0522272348420705), 3.1]",0.7280753251410611,1.5523797480020134,17042696.403035376,0
5.458948033993367e-08,0.4576853041723029,"[np.float64(5.8338808997709855), 3.1]",0.7022416000336978,1.534332856292296,12864046.253248343,0
4.793833311233705e-08,0.4636767620248819,"[np.float64(5.390725405520541), 3.1]",0.7158127230030326,1.5437752797381303,14931948.537418302,0
4.08819192892541e-08,0.4710501508588345,"[np.float64(4.933817877748831), 3.1]",0.73282751886507,1.5557314174063084,17925467.580914073,0
4.6345661478169995e-08,0.4652365156332476,"[np.float64(5.286821550834009), 3.1]",0.7193829757582442,1.5462736728200925,15522121.225890629,0
4.312578963638636e-08,0.4685682169118266,"[np.float64(5.078351317953235), 3.1]",0.7270612465798122,1.5516657347602982,16859082.528343353,0
4.5331315928453224e-08,0.4662591594574185,"[np.float64(5.220952284172005), 3.1]",0.7217322113445879,1.5479207147039449,15921272.007274255,0
4.785583241015993e-08,0.4637562372112506,"[np.float64(5.385326968162895), 3.1]",0.7159942662453785,1.5439021813505622,14961483.902500689,0
4.5680639799706845e-08,0.46590430598270166,"[np.float64(5.243612783610444), 3.1]",0.7209162787635,1.547348392161601,15781658.968098044,0
4.478137631935329e-08,0.4668236497435455,"[np.float64(5.185324054117428), 3.1]",0.7230318322444935,1.5488329107612664,16145815.329307307,0
4.6816923382841614e-08,0.4647692941387814,"[np.float64(5.3175005220654326), 3.1]",0.718311887414367,1.5455235457097067,15342996.410516545,0
3.9361648643906405e-08,0.47281677613216155,"[np.float64(4.835994964590752), 3.1]",0.7369562059822774,1.558650714576768,18722696.618968118,0
4.2732733180656544e-08,0.4689928383657535,"[np.float64(5.053005196439575), 3.1]",0.7280449513351767,1.5523583555606368,17037172.61091866,0
4.620624462996283e-08,0.4653756828623511,"[np.float64(5.277755277874287), 3.1]",0.7197022806670651,1.5464973937624902,15575866.128717331,0
4.3343652685198676e-08,0.46833462896598665,"[np.float64(5.092407345556702), 3.1]",0.7265205967374874,1.551285238807852,16761868.272020027,0
3.93902176604777e-08,0.47278289714451566,"[np.float64(4.837833526957152), 3.1]",0.7368768384725244,1.5585945323383452,18707102.47970709,0
3.940997327805143e-08,0.4727594853457919,"[np.float64(4.839104886695189), 3.1]",0.7368219965649483,1.5585557125860994,18696333.32066495,0
4.651232099438187e-08,0.46507072407731614,"[np.float64(5.297665142117599), 3.1]",0.7190027453191445,1.5460073233928464,15458328.673944082,0
4.3487533917731054e-08,0.46818104569017044,"[np.float64(5.10169328735242), 3.1]",0.7261653124961444,1.5510352654829622,16698240.784816427,0
5.3924735525023856e-08,0.4582505788763244,"[np.float64(5.788745653440137), 3.1]",0.7035123340470419,1.5352131922498025,13046189.790223004,0
4.7824444850808704e-08,0.4637865106508241,"[np.float64(5.383273616776757), 3.1]",0.7160634296871997,1.543950531640861,14972749.436423227,0
4.380780884202393e-08,0.4678411009945143,"[np.float64(5.122372819138324), 3.1]",0.7253794573902167,1.5504825374432465,16558222.759006726,0
3.909238556598997e-08,0.47313741212854205,"[np.float64(4.818665050296849), 3.1]",0.7377077223942885,1.559182815570433,18870880.1397909,0
4.632102256085187e-08,0.46526107875531236,"[np.float64(5.285218968407865), 3.1]",0.7194393243385909,1.5463131501634906,15531594.178290524,0
4.100646807366531e-08,0.4709085884917392,"[np.float64(4.941832934043806), 3.1]",0.732497556941678,1.5554984021161626,17862976.046261683,0
4.377598554549181e-08,0.46787476068948375,"[np.float64(5.120317450637904), 3.1]",0.7254572358855094,1.5505372309812975,16572036.627973057,0
4.4041980995054633e-08,0.4675942086404627,"[np.float64(5.137501552772303), 3.1]",0.7248091779691143,1.5500815976239484,16457233.79360482,0
4.814106069114975e-08,0.4634820634419017,"[np.float64(5.403999006892326), 3.1]",0.715368147328765,1.5434645777148561,14859833.51962742,0
5.118659758367111e-08,0.46065347538247264,"[np.float64(5.6049819966483), 3.1]",0.7089364345753908,1.538979889355601,13850040.206648676,0
4.818745801203129e-08,0.46343762185159293,"[np.float64(5.407038518105854), 3.1]",0.7152667029425656,1.543393693599645,14843420.51751267,0
4.799997355394325e-08,0.46361747365432543,"[np.float64(5.394760090117789), 3.1]",0.7156773181533943,1.5436806393690965,14909952.342975836,0
4.374892175345678e-08,0.46790340662375685,"[np.float64(5.118569590483172), 3.1]",0.7255234346603842,1.5505837837247907,16583801.510560833,0
4.1979254009263976e-08,0.46981861566565253,"[np.float64(5.004456857685654), 3.1]",0.7299613254459936,1.553708816777648,17388620.70500123,0
4.260789492115361e-08,0.4691285739304614,"[np.float64(5.044958247813038), 3.1]",0.7283596497672455,1.5525800180212637,17094476.296355013,0
4.820712953627433e-08,0.46341879274537173,"[np.float64(5.408327396101478), 3.1]",0.7152237265550104,1.543363665331532,14836471.97904259,0
4.248355285943071e-08,0.46926419284986837,"[np.float64(5.0369446990295526), 3.1]",0.7286741963202681,1.552801614576616,17151912.852752693,0
5.042215919454921e-08,0.4613471555609926,"[np.float64(5.554232101941607), 3.1]",0.7105090574127101,1.5400746462796322,14091206.500524443,0
5.0303568800513117e-08,0.4614557140089706,"[np.float64(5.546378534160316), 3.1]",0.7107554422362935,1.5402462699215305,14129324.403501239,0
4.85404093093102e-08,0.4631009747450683,"[np.float64(5.4301810585448305), 3.1]",0.7144986642753722,1.542857180701672,14719667.06589615,0
4.388505945874468e-08,0.4677595001166652,"[np.float64(5.127362768712477), 3.1]",0.7251909299221831,1.5503499763047277,16524779.477715377,0
3.962333622028878e-08,0.47250744844488357,"[np.float64(4.85283500720857), 3.1]",0.7362318284319727,1.5581380375167815,18580763.223440826,0
4.4714523066294864e-08,0.4668927675950038,"[np.float64(5.180996531404033), 3.1]",0.7231911018328313,1.5489447513998504,16173517.064256957,0
4.2464814246061354e-08,0.469284667684401,"[np.float64(5.0357371582511625), 3.1]",0.7287216947474542,1.55283508055611,17160600.07998372,0
5.083854867447913e-08,0.4609680113129449,"[np.float64(5.581848176889616), 3.1]",0.7096491336988194,1.539475877463975,13958878.689529981,0
4.27226457049783e-08,0.46900379066287223,"[np.float64(5.052354913330493), 3.1]",0.728070339473093,1.5523762365418536,17041789.60499756,0
4.82964023474037e-08,0.4633334417059709,"[np.float64(5.414177956019706), 3.1]",0.7150289457862467,1.5432275795883528,14805014.68086442,0
4.61929756421504e-08,0.4653889508387918,"[np.float64(5.2768926198207184), 3.1]",0.7197327291280267,1.5465187298297896,15580999.47281338,0
4.2221395860290014e-08,0.46955152153747004,"[np.float64(5.020053617628939), 3.1]",0.7293410012998539,1.553271510891383,17274203.906314056,0
3.902134429575436e-08,0.47322241024989353,"[np.float64(4.814092296927784), 3.1]",0.7379070558473706,1.5593239877581149,18910344.30424933,0
4.0645804011123147e-08,0.4713198044701942,"[np.float64(4.9186242829063405), 3.1]",0.7334564025465863,1.5561756488697884,18045070.589472614,0
4.3557344200307114e-08,0.46810672225844446,"[np.float64(5.106199682463324), 3.1]",0.725993434516217,1.550914353490937,16667532.142859578,0
4.295266861835628e-08,0.46875473041438703,"[np.float64(5.067185695019937), 3.1]",0.7274931925459601,1.551969815649314,16937089.497509316,0
5.195547110829629e-08,0.4599661350076544,"[np.float64(5.656256669464103), 3.1]",0.7073811785831559,1.5378983902181933,13615143.188841198,0
4.909732336510396e-08,0.4625748351219397,"[np.float64(5.466773729457376), 3.1]",0.7132997506281991,1.5420202234740366,14528281.823509315,0
3.986401373012966e-08,0.4722249159034012,"[np.float64(4.868321630752561), 3.1]",0.735570742917175,1.5576703349292227,18451999.0359431,0
4.362675909087238e-08,0.4680329449568737,"[np.float64(5.1106811625875785), 3.1]",0.7258228546060075,1.5507943669924507,16637102.31360882,0
4.0416510671378775e-08,0.4715832953626274,"[np.float64(4.9038706061463655), 3.1]",0.7340713688345964,1.556610202382438,18162660.671111178,0
4.2126464568420516e-08,0.4696560391943974,"[np.float64(5.013938425430192), 3.1]",0.7295836879662297,1.5534425772905787,17318891.946920022,0
4.9179476735133224e-08,0.4624977360295585,"[np.float64(5.472179940763606), 3.1]",0.713124212452001,1.5418977367846505,14500443.270120312,0
4.1933212351814735e-08,0.4698695887265961,"[np.float64(5.001491705750242), 3.1]",0.7300797623228336,1.5537923284233797,17410537.40880975,0
4.756137734540489e-08,0.46404104605676344,"[np.float64(5.366074491451936), 3.1]",0.7166451779362746,1.5443573020663597,15067796.980137557,0
4.686726086808224e-08,0.46471967657853624,"[np.float64(5.320780568196299), 3.1]",0.7181982226788535,1.5454439716573527,15324092.114117216,0
4.700735167616315e-08,0.4645818790244246,"[np.float64(5.329912286274012), 3.1]",0.717882635996298,1.5452230670377838,15271709.85810561,0
4.3746399656460935e-08,0.4679060771179157,"[np.float64(5.11840671092613), 3.1]",0.7255296062564277,1.5505881238503108,16584898.68775461,0
3.9983010748771704e-08,0.4720859101052889,"[np.float64(4.875978293178567), 3.1]",0.7352456797280411,1.5574404234264478,18388952.356486265,0
4.241529430515341e-08,0.4693388224110212,"[np.float64(5.032546173296176), 3.1]",0.7288473383048971,1.5529236097724994,17183597.337820265,0
4.6350373319538386e-08,0.4652318198320458,"[np.float64(5.28712803734915), 3.1]",0.7193722038797066,1.5462661262924975,15520310.892004505,0
4.1291236066386497e-08,0.4705866572526935,"[np.float64(4.96016048347048), 3.1]",0.7317476635345636,1.5549689993476228,17721621.662235714,0
5.1351028415069196e-08,0.4605056202342708,"[np.float64(5.615927618360209), 3.1]",0.70860162894979,1.5387469724892966,13799171.132896874,0
4.370490944672477e-08,0.46795003198814583,"[np.float64(5.115727352252081), 3.1]",0.7256311939263507,1.5506595668845524,16602967.563881528,0
4.626556123778923e-08,0.46531641918139977,"[np.float64(5.2816121080968745), 3.1]",0.7195662911341234,1.5464021071940863,15552957.143128509,0
4.197780323836456e-08,0.46982022090950054,"[np.float64(5.00436342367589), 3.1]",0.7299650550048246,1.5537114464586543,17389310.50917146,0
4.5364349407500884e-08,0.46622548084307963,"[np.float64(5.223094142461622), 3.1]",0.7216547378224305,1.5478663596795608,15907970.625565868,0
4.201615451114398e-08,0.4697778061228004,"[np.float64(5.006833409498084), 3.1]",0.7298665157861194,1.5536419691894332,17371092.72083756,0
4.3418276522686576e-08,0.46825490571639933,"[np.float64(5.097223176482464), 3.1]",0.7263361539918864,1.5511554606793487,16728811.278641311,0
4.4266347013317326e-08,0.4673589532782008,"[np.float64(5.152004124401925), 3.1]",0.7242661419830108,1.5496999402767042,16361552.078492464,0
4.081024687770635e-08,0.4711318253176018,"[np.float64(4.9292057530486915), 3.1]",0.7330179495556868,1.555865917276,17961615.1735685,0
3.9843464509985776e-08,0.47224896609824063,"[np.float64(4.866999408976104), 3.1]",0.7356269967128777,1.5577101264841038,18462927.502916094,0
4.415392309878224e-08,0.4674766757420054,"[np.float64(5.144736340068691), 3.1]",0.7245378343784418,1.5498908757927106,16409364.86566523,0
4.5309310079324985e-08,0.4662816093371886,"[np.float64(5.21952556104519), 3.1]",0.7217838585691895,1.5479569515838143,15930144.539952848,0
4.2937356081170284e-08,0.4687712660379713,"[np.float64(5.066198249540503), 3.1]",0.7275314981431228,1.5519967857504975,16944021.815590408,0
4.091489479576786e-08,0.47101262552597134,"[np.float64(4.935939898943247), 3.1]",0.7327400399633033,1.5556696365518135,17908882.416070547,0
3.9469683176318183e-08,0.4726888027243947,"[np.float64(4.842947405123384), 3.1]",0.7366564448591436,1.5584385342181621,18663855.02939982,0
4.848056635804046e-08,0.4631578767774653,"[np.float64(5.426254648313801), 3.1]",0.7146284320752647,1.5429478109008263,14740513.276960598,0
4.310692480665705e-08,0.4685885023774521,"[np.float64(5.0771344537518335), 3.1]",0.7271082147691343,1.5516987955958048,16867550.121711448,0
5.138504650066624e-08,0.46047509039542583,"[np.float64(5.618193423710004), 3.1]",0.7085325138548084,1.538698897363519,13788690.720472965,0
4.0175132782558424e-08,0.4718624305165252,"[np.float64(4.888339840048966), 3.1]",0.7347233387666526,1.5570710682823088,18288012.70535251,0
4.2059614367692996e-08,0.4697297916283552,"[np.float64(5.009632533556689), 3.1]",0.7297549811820196,1.5535633340441677,17350491.49053925,0
4.016827572807449e-08,0.4718703867542648,"[np.float64(4.887898644511941), 3.1]",0.7347419293901679,1.5570842121372586,18291597.43784174,0
4.5055957855439874e-08,0.46654089960842876,"[np.float64(5.203106238467536), 3.1]",0.7223806042375139,1.548375726209242,16032965.19752707,0
4.0328283920590185e-08,0.47168511257645707,"[np.float64(4.8981938803142375), 3.1]",0.7343091225257328,1.5567782466458617,18208290.8355746,0
4.840704150151437e-08,0.46322788666635856,"[np.float64(5.421432001635446), 3.1]",0.7147881211605308,1.5430593488326823,14766201.34155832,0
4.249002430122884e-08,0.4692571240410032,"[np.float64(5.037361734278624), 3.1]",0.7286577984121496,1.5527900613150418,17148914.607494738,0
4.513726603194005e-08,0.46645751955570763,"[np.float64(5.208374400640157), 3.1]",0.7221886616264981,1.5482410109164275,15999831.738046842,0
4.0540020176789836e-08,0.47144116457938295,"[np.float64(4.911817629704878), 3.1]",0.7337395912416717,1.5563757396881324,18099142.23135379,0
4.24162040264425e-08,0.4693378269354873,"[np.float64(5.032604792388712), 3.1]",0.7288450285466812,1.552921982243857,17183174.338097654,0
4.7060113751728816e-08,0.46453009068580775,"[np.float64(5.333352796493742), 3.1]",0.7177640605851934,1.5451400780636715,15252068.118063683,0
4.252082105296664e-08,0.4692235002575102,"[np.float64(5.039346401023946), 3.1]",0.7285798038654393,1.5527351112329075,17134659.81660782,0
4.2663689814909727e-08,0.4690678562223999,"[np.float64(5.0485545503049405), 3.1]",0.728218863090966,1.552480847772469,17068820.49466979,0
4.179106262182173e-08,0.47002734361891885,"[np.float64(4.992337921351643), 3.1]",0.7304464151180111,1.5540508973244558,17478531.755174834,0
4.6009990751908325e-08,0.46557232731055676,"[np.float64(5.265000101323027), 3.1]",0.7201536718486691,1.5468137378540878,15652115.118471302,0
4.218275346337728e-08,0.4695940357155151,"[np.float64(5.017564307003258), 3.1]",0.7294397093625066,1.5533410858829746,17292368.313410364,0
4.9422454748334177e-08,0.4622704697775607,"[np.float64(5.488182213577482), 3.1]",0.7126069948169774,1.5415369170344708,14418688.80138934,0
4.343599248617677e-08,0.46823600050683667,"[np.float64(5.098366570129029), 3.1]",0.7262924220698945,1.5511246920008877,16720981.391205288,0
4.0966829706894947e-08,0.4709535910725181,"[np.float64(4.939282047023635), 3.1]",0.732602437545213,1.5555724628340415,17882819.900557548,0
4.0637861556397945e-08,0.47132890453749954,"[np.float64(4.918113219996121), 3.1]",0.7334776338587683,1.5561906490299109,18049119.854420368,0
4.159899694946738e-08,0.47024141230195965,"[np.float64(4.979971721189766), 3.1]",0.7309442090814969,1.5544020368247156,17571197.929830268,0
4.299284437615806e-08,0.46871137546014313,"[np.float64(5.069776588343713), 3.1]",0.7273927669877552,1.5518991112039036,16918926.336289007,0
4.319781322199908e-08,0.4684908562465528,"[np.float64(5.082997517982263), 3.1]",0.7268821529606319,1.5515396795238527,16826827.53465069,0
4.318075475350503e-08,0.46850916637266643,"[np.float64(5.081897033579506), 3.1]",0.726924538295615,1.5515695112726933,16834456.51761355,0
4.5277960506950904e-08,0.46631361120251885,"[np.float64(5.217493205966344), 3.1]",0.7218574862520895,1.5480086124670045,15942800.386101149,0
3.9647401074177014e-08,0.4724791145594635,"[np.float64(4.854383532969894), 3.1]",0.7361655078047538,1.5580911094687218,18567812.46335539,0
4.2296115766373074e-08,0.46946943310888756,"[np.float64(5.024867339387498), 3.1]",0.7291504439927874,1.5531372067490283,17239182.151390083,0
4.5139812491324166e-08,0.46645491075233925,"[np.float64(5.208539411521109), 3.1]",0.7221826568247715,1.5482367966926796,15998796.117364785,0
4.3420679624486464e-08,0.4682523408178927,"[np.float64(5.097378271171429), 3.1]",0.7263302206808718,1.5511512861039767,16727748.781510742,0
4.154005574368404e-08,0.47030731897990313,"[np.float64(4.976177186441031), 3.1]",0.731097527669711,1.554510206763233,17599820.572722048,0
4.0179908347054e-08,0.47185689030220546,"[np.float64(4.888647108656475), 3.1]",0.7347103936899468,1.5570619159961705,18285516.914172255,0
4.5613408293631446e-08,0.46597238081307557,"[np.float64(5.239249641419861), 3.1]",0.7210727442789132,1.5474581197724913,15808350.466535727,0
4.23573021660583e-08,0.4694023283123742,"[np.float64(5.028809515961507), 3.1]",0.7289947014668486,1.5530274510733209,17210602.757675294,0
5.652024340766159e-08,0.4560803862835039,"[np.float64(5.966292645897427), 3.1]",0.6986446585211662,1.5318454367535157,12360963.371691028,0
4.5467620616722676e-08,0.46612035806783836,"[np.float64(5.229791489654031), 3.1]",0.7214129624208241,1.5476967481343753,15866521.111850163,0
4.874050001502834e-08,0.46291123598290024,"[np.float64(5.443317231697695), 3.1]",0.7140661044291877,1.5425551356795433,14650364.772807358,0
3.937178523148239e-08,0.47280475243788184,"[np.float64(4.836647308902235), 3.1]",0.7369280375006344,1.5586307745446228,18717160.859431222,0
4.3417886344405365e-08,0.4682553221789359,"[np.float64(5.097197994685836), 3.1]",0.7263371173875082,1.5511561385093038,16728983.802342573,0
4.229041323180406e-08,0.46947569252622806,"[np.float64(5.024499946333739), 3.1]",0.7291649728622576,1.5531474461194208,17241850.27149124,0
4.301585579095489e-08,0.46868656253313024,"[np.float64(5.0712606473407655), 3.1]",0.7273352968302046,1.5518586513322348,16908539.501453884,0
4.463319402483558e-08,0.4669769982806803,"[np.float64(5.1757329732156085), 3.1]",0.7233852375854787,1.549081090179697,16207337.462404327,0
4.4958221581759135e-08,0.46664133555248166,"[np.float64(5.19677522500096), 3.1]",0.7226118689424711,1.5485380610076735,16072963.821052384,0
4.814420814042118e-08,0.4634790472763535,"[np.float64(5.404205178318329), 3.1]",0.715361262095964,1.5434597665197656,14858719.038632542,0
4.697602213670881e-08,0.46461265880643676,"[np.float64(5.327869675121774), 3.1]",0.7179531179713734,1.545272399197546,15283395.34330937,0
4.444739304784556e-08,0.4671700359674295,"[np.float64(5.1637121123665155), 3.1]",0.72383032431789,1.5493937294564724,16285101.88524938,0
4.22392718214325e-08,0.46953186858712614,"[np.float64(5.02120521078981), 3.1]",0.7292953756471622,1.553239352723157,17265813.16861416,0
4.0266232339657584e-08,0.4717568674732703,"[np.float64(4.894201354930844), 3.1]",0.734476718007943,1.5568967166112497,18240512.59160317,0
4.251538714106633e-08,0.4692294310917073,"[np.float64(5.038996211806433), 3.1]",0.7285935606435371,1.5527448032157622,17137173.377395317,0
4.698827292701739e-08,0.4646006204618732,"[np.float64(5.328668368574025), 3.1]",0.7179255509010657,1.5452531040258937,15278823.974146785,0
4.133014378357915e-08,0.47054285795571915,"[np.float64(4.962664814177603), 3.1]",0.7316456910723541,1.5548970273419946,17702471.467400115,0
4.192408939170138e-08,0.4698796959519766,"[np.float64(5.000904190226665), 3.1]",0.7301032486460383,1.5538088896708946,17414886.26800223,0
5.091733526376453e-08,0.46089662261063374,"[np.float64(5.587080828127686), 3.1]",0.7094873210442618,1.5393632459824682,13934101.566174665,0
4.8980138845487446e-08,0.462685037456504,"[np.float64(5.459065967711302), 3.1]",0.7135507232253654,1.542195371494901,14568164.567199977,0
4.618462194976231e-08,0.4653973059280507,"[np.float64(5.276349540151134), 3.1]",0.7197519036614075,1.5465321661588636,15584232.873970982,0
4.099864460677639e-08,0.4709174669762765,"[np.float64(4.941329458912484), 3.1]",0.732518247623771,1.555513012348453,17866889.372794,0
4.5942003700930636e-08,0.46564065341587985,"[np.float64(5.2605833254567855), 3.1]",0.7203105700720119,1.54692371636348,15678692.961696418,0
4.2736721760510234e-08,0.46898850859723007,"[np.float64(5.053262320554475), 3.1]",0.7280349148628862,1.5523512869014167,17035347.70267775,0
4.7349856509066124e-08,0.46424675959073575,"[np.float64(5.352258836954475), 3.1]",0.7171156434057917,1.544686373337267,15145043.64482044,0
4.5840778835712725e-08,0.4657425785916766,"[np.float64(5.2540090537943955), 3.1]",0.7205446777302196,1.547087835321004,15718421.371341795,0
4.1144856673897496e-08,0.4707518394021754,"[np.float64(4.95073919445366), 3.1]",0.7321323482716989,1.5552405471244892,17794018.680739928,0
4.131793141947979e-08,0.470556600903235,"[np.float64(4.961878747205294), 3.1]",0.7316776857339924,1.554919608670954,17708478.149732225,0
4.6968347477586215e-08,0.4646202020300082,"[np.float64(5.327369342550231), 3.1]",0.7179703919608227,1.5452844900498999,15286260.439617246,0
4.221508854680201e-08,0.46955845796655876,"[np.float64(5.01964729800708), 3.1]",0.7293571052837082,1.5532828616104961,17277166.302164737,0
3.952035120439289e-08,0.47262891505319604,"[np.float64(4.846207970158523), 3.1]",0.7365162023493438,1.5583392782188248,18636377.964866776,0
4.2447800434677416e-08,0.469303266274052,"[np.float64(5.034640792162688), 3.1]",0.7287648429209095,1.5528654822856989,17168494.84444783,0
4.18702851695664e-08,0.4699393531031915,"[np.float64(4.997439327502038), 3.1]",0.7302418883696462,1.5539066552898289,17440575.94574077,0
4.348605548165762e-08,0.46818262107395675,"[np.float64(5.101597857855514), 3.1]",0.7261689560622929,1.5510378287783202,16698892.277516188,0
5.0108509976431115e-08,0.4616348339011734,"[np.float64(5.533471892401878), 3.1]",0.7111621365307867,1.5405296227776262,14192442.299028384,0
4.357112380586837e-08,0.46809206675249104,"[np.float64(5.107089256030161), 3.1]",0.7259595468541423,1.5508905158138508,16661483.189845255,0
4.82731046559554e-08,0.4633557003439465,"[np.float64(5.412650901475278), 3.1]",0.7150797380685564,1.5432630645047778,14813212.101541055,0
4.0640249025945375e-08,0.4713261688918966,"[np.float64(4.9182668433108585), 3.1]",0.7334712512840769,1.5561861396503658,18047902.482482754,0
4.489036057989233e-08,0.46671120592674514,"[np.float64(5.192380416769705), 3.1]",0.7227727911791808,1.548651033017251,16100846.191530287,0
4.490326635954935e-08,0.466697909467392,"[np.float64(5.193216157904661), 3.1]",0.7227421649767132,1.5486295316846945,16095536.55160793,0
4.4626157082843e-08,0.4669842938752804,"[np.float64(5.1752775986569075), 3.1]",0.7234020546861335,1.5490929013542707,16210269.984556952,0
4.2487116299574344e-08,0.4692603003326361,"[np.float64(5.037174335218847), 3.1]",0.7286651665922327,1.5527952526044009,17150261.77475671,0
4.673564689367556e-08,0.4648495249104167,"[np.float64(5.31220574124812), 3.1]",0.71849571459453,1.5456522510870472,15373612.271359392,0
4.143941035120712e-08,0.47042009128649404,"[np.float64(4.9696982173937245), 3.1]",0.7313599348106206,1.5546953634792984,17648898.20130648,0
4.713780230149736e-08,0.4644539449868867,"[np.float64(5.338419975823633), 3.1]",0.7175897471857742,1.5450180904503557,15223232.992408294,0
4.340975986577656e-08,0.46826399699904575,"[np.float64(5.096673522383595), 3.1]",0.7263571849531362,1.5511702578206463,16732577.816579506,0
4.01083317615893e-08,0.47194000261417024,"[np.float64(4.884041735560814), 3.1]",0.7349046120222833,1.5571992370883998,18322991.25255771,0
4.3798353564387896e-08,0.46785109919507845,"[np.float64(5.121762117725064), 3.1]",0.7254025597810166,1.5504987826875827,16562324.853481157,0
4.224577043640894e-08,0.469524726174025,"[np.float64(5.02162386634603), 3.1]",0.7292787946695855,1.5532276662236633,17262764.70131709,0
4.2160690303670844e-08,0.46961832821070537,"[np.float64(5.016143067667097), 3.1]",0.7294961161378678,1.5533808463509586,17302755.50242478,0
5.097537064407198e-08,0.4608441073519212,"[np.float64(5.5909367907025), 3.1]",0.7093683082715453,1.539280413820806,13915902.901905414,0
3.9253037337380664e-08,0.4729458200858747,"[np.float64(4.829005016667273), 3.1]",0.7372585826453029,1.5588647818294192,18782204.7070791,0
5.067167046332331e-08,0.4611195869577697,"[np.float64(5.570772618054592), 3.1]",0.7099928081549103,1.5397151373227893,14011632.1736188,0
4.546565669200585e-08,0.46612235487325027,"[np.float64(5.229664106009885), 3.1]",0.7214175542823555,1.547699969203421,15867307.474945175,0
4.184320981412857e-08,0.4699694049034795,"[np.float64(4.995695810088364), 3.1]",0.730311735696371,1.5539559130372744,17453530.428006925,0
4.4175776080524424e-08,0.46745376806728006,"[np.float64(5.146148906016082), 3.1]",0.7244849586493213,1.5498537141860134,16400050.501177765,0
4.476463744328632e-08,0.46684094544841526,"[np.float64(5.1842404480092545), 3.1]",0.7230716841978913,1.5488608941603406,16152743.001972768,0
4.546296151031442e-08,0.46612509532544344,"[np.float64(5.229489292955605), 3.1]",0.7214238562784313,1.5477043899014729,15868386.755111808,0
3.9338785938433454e-08,0.472843907560077,"[np.float64(4.834523613109013), 3.1]",0.737019771528456,1.5586957127808911,18735193.624986727,0
4.205757995682682e-08,0.4697320380604958,"[np.float64(5.009501500046545), 3.1]",0.7297601991686331,1.5535670127628145,17351454.83686295,0
4.54571653856788e-08,0.46613098938226905,"[np.float64(5.229113353396387), 3.1]",0.7214374105264865,1.5477138979379106,15870708.268003311,0
4.333717680119675e-08,0.4683415542527231,"[np.float64(5.091989457233073), 3.1]",0.726536620578654,1.5512965142243293,16764742.749892069,0
4.0445554368882386e-08,0.47154983050212085,"[np.float64(4.905739362341696), 3.1]",0.7339932396178719,1.5565549855808307,18147686.465699296,0
4.3752242521322076e-08,0.4678998907145923,"[np.float64(5.118784050295532), 3.1]",0.7255153093535043,1.5505780696923719,16582357.098608924,0
4.178268455596415e-08,0.4700366594013838,"[np.float64(4.991798452261183), 3.1]",0.7304680718186652,1.5540661716661728,17482554.785111256,0
4.1323861833302343e-08,0.47054992668017764,"[np.float64(4.962260466298581), 3.1]",0.7316621474657323,1.5549086419537939,17705560.782707285,0
4.170707555508476e-08,0.4701208218486696,"[np.float64(4.9869301299099895), 3.1]",0.730663752389641,1.5542041926933399,17518939.95599414,0
4.7181581627702706e-08,0.4644110921658962,"[np.float64(5.341276118786924), 3.1]",0.717491664366338,1.5449494563537185,15207028.666988607,0
4.661528321623572e-08,0.4649686058759665,"[np.float64(5.304367494224576), 3.1]",0.7187686321461729,1.5458433603104578,15419162.612656437,0
4.0281325450482644e-08,0.4717394031365224,"[np.float64(4.895172475158184), 3.1]",0.7344359240720462,1.5568678791487316,18232665.282449048,0
4.602815340785613e-08,0.4655540918776916,"[np.float64(5.26618020338716), 3.1]",0.7201118025995106,1.5467843912511359,15645029.167661572,0
4.361248655880998e-08,0.46804810428211413,"[np.float64(5.109759666518675), 3.1]",0.7258579015061595,1.5508190180995831,16643350.535112562,0
4.284726905187439e-08,0.4688686761735337,"[np.float64(5.060389376966325), 3.1]",0.7277571893102924,1.5521557022097614,16984914.217734866,0
4.382287987308147e-08,0.467825169305807,"[np.float64(5.12334625812104), 3.1]",0.7253426460825387,1.5504566527680734,16551688.2547029,0
4.09754609157469e-08,0.4709437878073219,"[np.float64(4.939837495665873), 3.1]",0.7325795894635176,1.5555563284407083,17878495.399230193,0
4.2283720237670014e-08,0.46948304027933907,"[np.float64(5.024068744964455), 3.1]",0.7291820282139153,1.5531594661652894,17244982.79988847,0
4.8709548403450805e-08,0.46294053426162635,"[np.float64(5.441284428625554), 3.1]",0.7141328827193176,1.542601759550682,14661045.03380543,0
4.466694933427782e-08,0.4669420190685477,"[np.float64(5.177917459998886), 3.1]",0.7233046116182773,1.549024465737994,16193284.350028507,0
4.232306778710021e-08,0.46943986129820653,"[np.float64(5.026603792915948), 3.1]",0.7290818076377245,1.5530888357488313,17226582.23419106,0
4.276884060529832e-08,0.4689536579687726,"[np.float64(5.055332920334895), 3.1]",0.7279541349492044,1.5522943953615103,17020665.621200483,0
4.379758147044354e-08,0.4678519157236586,"[np.float64(5.121712249931304), 3.1]",0.7254044465251079,1.5505001094268798,16562659.90428356,0
4.2494480953192815e-08,0.4692522566726776,"[np.float64(5.037648933751343), 3.1]",0.7286465074950265,1.5527821062846519,17146850.394469395,0
4.321772013597018e-08,0.46846949839177005,"[np.float64(5.0842818042692945), 3.1]",0.726832715292567,1.5515048851371191,16817932.85267778,0
5.510308476126748e-08,0.45725310861240276,"[np.float64(5.868907663608228), 3.1]",0.7012713778802325,1.5336612582215934,12726535.745112464,0
4.573941432365201e-08,0.4658448798677613,"[np.float64(5.247427835084843), 3.1]",0.7207797159579019,1.5472526308811392,15758394.081254868,0
4.712630948135576e-08,0.4644652013935016,"[np.float64(5.3376702696167), 3.1]",0.7176155131249348,1.5450361210526093,15227492.265415773,0
4.099513755298096e-08,0.47092144756069565,"[np.float64(4.941103764913038), 3.1]",0.7325275242607413,1.5555195628806608,17868644.136491638,0
4.60747027458704e-08,0.46550739020963894,"[np.float64(5.2692050260134025), 3.1]",0.7200045834689413,1.5467092437451762,15626895.900776574,0
4.445794502427316e-08,0.46715905025845805,"[np.float64(5.164394650991275), 3.1]",0.7238049881744898,1.5493759304760149,16280666.768994981,0
4.35612653815094e-08,0.4681025513268924,"[np.float64(5.106452820736621), 3.1]",0.7259837900059171,1.5509075691812182,16665810.408576375,0
4.616406864152111e-08,0.4654178693670065,"[np.float64(5.275013419432282), 3.1]",0.7197990976754504,1.5465652375024106,15592193.644475373,0
4.446389689977724e-08,0.46715285494667635,"[np.float64(5.164779646812917), 3.1]",0.723790700379294,1.5493658932297694,16278166.126795787,0
4.059176150852076e-08,0.4713817617284946,"[np.float64(4.915146900371922), 3.1]",0.733600965266018,1.5562777876174085,18072656.568797223,0
4.82197901123133e-08,0.463406678509612,"[np.float64(5.409156975889123), 3.1]",0.7151960776759602,1.5433443470779102,14832003.125897666,0
4.609667686990744e-08,0.4654853612417885,"[np.float64(5.270633088170723), 3.1]",0.7199540135171961,1.5466738021504143,15618349.573203016,0
4.237339061620723e-08,0.4693847008907337,"[np.float64(5.0298461289044365), 3.1]",0.7289537950612717,1.5529986249614942,17203102.807223953,0
4.1590522117158135e-08,0.47025088247513047,"[np.float64(4.979426114540531), 3.1]",0.7309662378014851,1.554417578025795,17575308.041154057,0
4.293356990229719e-08,0.468775355606095,"[np.float64(5.065954097455814), 3.1]",0.7275409721032314,1.5520034562451985,16945736.72207733,0
4.882999087646197e-08,0.46282663200437657,"[np.float64(5.449196362582514), 3.1]",0.7138733008250248,1.542420533869093,14619566.541208195,0
4.350001709823596e-08,0.468167746196861,"[np.float64(5.1024990574297), 3.1]",0.7261345539073475,1.5510136266457224,16692741.80438872,0
4.230243190230905e-08,0.46946250122298594,"[np.float64(5.025274267522608), 3.1]",0.7291343545367979,1.553125867640859,17236227.841950584,0
4.3949667472017424e-08,0.4676913704338149,"[np.float64(5.13153670840453), 3.1]",0.7250335585214913,1.5502393337918003,16496906.580308422,0
4.6175522815905826e-08,0.46540640837227215,"[np.float64(5.27575801614938), 3.1]",0.7197727938459881,1.5465468048954147,15587756.238637583,0
3.9148908259283964e-08,0.4730699055755568,"[np.float64(4.8223031188971435), 3.1]",0.7375494428458734,1.5590707296177289,18839591.591189962,0
4.431674375087079e-08,0.46730628372950017,"[np.float64(5.155262702161683), 3.1]",0.7241446143893232,1.5496145453256813,16340203.568658952,0
4.4165869190314646e-08,0.4674641516116864,"[np.float64(5.1455085207858176), 3.1]",0.7245089256355969,1.5498705582827936,16404271.871422334,0
4.7862545970893656e-08,0.4637497645992397,"[np.float64(5.385766199754083), 3.1]",0.7159794795131939,1.5438918446285883,14959076.350610306,0
4.4296346354291686e-08,0.46732759339954805,"[np.float64(5.153943790389024), 3.1]",0.7241937813202393,1.5496490931599667,16348837.791902337,0
5.453451126560087e-08,0.4577317934330507,"[np.float64(5.830140174945878), 3.1]",0.7023460320068642,1.5344051736917232,12878927.778158857,0
4.0535247700156516e-08,0.47144664787050355,"[np.float64(4.911510548922332), 3.1]",0.7337523885246416,1.556384782538931,18101588.867848672,0
3.929810455747453e-08,0.4728922272338002,"[np.float64(4.831905479259134), 3.1]",0.7371329903521425,1.5587758645643808,18757469.314431332,0
4.819654640917713e-08,0.4634289216800861,"[np.float64(5.407633975905354), 3.1]",0.7152468450052546,1.5433798184460383,14840209.481670747,0
4.4625199971243816e-08,0.4669852862603856,"[np.float64(5.175215662683358), 3.1]",0.723404342262863,1.5490945080001965,16210668.920901641,0
4.2588832849279005e-08,0.46914933732110986,"[np.float64(5.043729652915324), 3.1]",0.7284077994714895,1.55261393660017,17103258.07822228,0
4.254546105663642e-08,0.4691966171251815,"[np.float64(5.040934362280867), 3.1]",0.7285174503389941,1.55269118264897,17123270.78484808,0
3.890805782265678e-08,0.4733583042456627,"[np.float64(4.806799827172736), 3.1]",0.738225845619091,1.5595497934604052,18973597.93654903,0
4.38508061284902e-08,0.46779566359853164,"[np.float64(5.125150098386437), 3.1]",0.7252744753371999,1.5504087185375022,16539592.754852086,0
4.323678564669588e-08,0.46844905307176327,"[np.float64(5.085511849984779), 3.1]",0.7267853926448533,1.551471580269188,16809422.388234213,0
4.963493927441329e-08,0.4620726519421735,"[np.float64(5.502192174683467), 3.1]",0.7121570628037971,1.5412231384187625,14347898.339646254,0
4.661949209706773e-08,0.46496443647465546,"[np.float64(5.304641524831258), 3.1]",0.7187590749124206,1.5458366673417594,15417565.541380685,0
4.7832758116234173e-08,0.46377849048364506,"[np.float64(5.3838174381271635), 3.1]",0.7160451060495839,1.5439377218699084,14969764.11666636,0
4.515323007584164e-08,0.4664411672181451,"[np.float64(5.209408892172904), 3.1]",0.7221510234241318,1.5482145963467167,15993341.389113706,0
3.9584702389127145e-08,0.4725529750646779,"[np.float64(4.8503489689255845), 3.1]",0.7363384027229825,1.558213452411765,18601589.964845482,0
4.874067864296306e-08,0.46291106695174467,"[np.float64(5.443328964262264), 3.1]",0.7140657191796352,1.542554866708494,14650303.177153824,0
4.4511265384136485e-08,0.46710358018107584,"[np.float64(5.167843867868665), 3.1]",0.7236770703452257,1.5492860706926874,16258290.212597266,0
5.308231785691201e-08,0.4589767934124172,"[np.float64(5.731854004564467), 3.1]",0.7051478022688312,1.536347397928712,13284043.175537629,0
4.597848277243798e-08,0.4656039793343752,"[np.float64(5.262953065250967), 3.1]",0.7202263511427568,1.5468646813809201,15664421.871147515,0
3.936568897979269e-08,0.47281198321031515,"[np.float64(4.836254982493506), 3.1]",0.7369449772630637,1.558642765903117,18720489.755465843,0
4.8699664450044855e-08,0.4629498942463947,"[np.float64(5.440635343845666), 3.1]",0.7141542176722885,1.5426166558150154,14664458.692623101,0
4.529114317874664e-08,0.4663001514115375,"[np.float64(5.21834780026649), 3.1]",0.7218265180958939,1.5479868833644004,15937476.235632287,0
4.3422665016950936e-08,0.46825022186607107,"[np.float64(5.097506407687811), 3.1]",0.7263253189982797,1.551147837375768,16726871.064103125,0
3.9552711284409544e-08,0.47259071050043944,"[np.float64(4.848290354499096), 3.1]",0.7364267486719607,1.5582759718068473,18618868.966442697,0
4.364043496389977e-08,0.4680184242947826,"[np.float64(5.11156416032057), 3.1]",0.7257892856180006,1.5507707558984054,16631119.424414258,0
4.961439750678451e-08,0.4620917383302206,"[np.float64(5.500837113273086), 3.1]",0.7122004635464934,1.5412534015865476,14354713.537519097,0
4.21491885184256e-08,0.46963099757615534,"[np.float64(5.0154021733195995), 3.1]",0.7295255357072211,1.553401584376724,17308175.11203822,0
5.73017348676389e-08,0.4554456390532121,"[np.float64(6.020487153070717), 3.1]",0.6972265047666072,1.5308665732665991,12167633.429897517,0
5.012549471972712e-08,0.46161920913738524,"[np.float64(5.5345951995305525), 3.1]",0.7111266522046781,1.5405048969550905,14186925.359657567,0
5.034202054993288e-08,0.4614204868311873,"[np.float64(5.548924417049647), 3.1]",0.7106754822861511,1.5401905692716995,14116943.947079983,0
3.960826398363545e-08,0.47252520400772924,"[np.float64(4.851865131944823), 3.1]",0.7362733912262184,1.5581674479615164,18588883.156565942,0
4.4222876636960305e-08,0.46740443495166806,"[np.float64(5.149193703661568), 3.1]",0.7243710988781836,1.5497736964200761,16380008.582996013,0
4.277695929654929e-08,0.4689448531844199,"[np.float64(5.055856322380364), 3.1]",0.7279337276677856,1.5522800233858507,17016958.185864,0
4.6753994378117355e-08,0.4648314008680126,"[np.float64(5.313400855584013), 3.1]",0.7184541846519239,1.545623172854294,15366691.00059155,0
4.414728525470338e-08,0.4674836363200072,"[np.float64(5.144307287050637), 3.1]",0.7245539015226613,1.5499021681834473,16412196.069190199,0
5.381817069301997e-08,0.45834182844355015,"[np.float64(5.781530302637166), 3.1]",0.7037176503649292,1.5353555069469287,13075837.422623487,0
4.619180470912724e-08,0.4653901218729009,"[np.float64(5.276816495685573), 3.1]",0.7197354165688965,1.5465206130126197,15581452.621327888,0
4.47403569497972e-08,0.4668660457362236,"[np.float64(5.182668712655821), 3.1]",0.7231295225138193,1.5489015085118933,16162801.81504223,0
4.444142137960986e-08,0.4671762543153447,"[np.float64(5.163325851829743), 3.1]",0.7238446659249542,1.5494038047497978,16287612.849778494,0
4.231758254025526e-08,0.46944587808811616,"[np.float64(5.026250386987204), 3.1]",0.7290957721872487,1.5530986770116995,17229145.154822703,0
4.288648861600998e-08,0.46882624167628534,"[np.float64(5.0629181795307865), 3.1]",0.7276588646065478,1.552086465989634,16967088.891835857,0
4.990297590543016e-08,0.4618243353841095,"[np.float64(5.519886678241853), 3.1]",0.7115926232199891,1.5408296373731405,14259522.81019292,0
4.3271040417969755e-08,0.46841234328322157,"[np.float64(5.087721962729055), 3.1]",0.7267004310771432,1.551411788134178,16794152.025412276,0
4.385237291988351e-08,0.4677940087819453,"[np.float64(5.1252513052687325), 3.1]",0.7252706521719239,1.5504060303388734,16538914.632897144,0
4.745572279069601e-08,0.46414368181094723,"[np.float64(5.35917210997022), 3.1]",0.7168798715656728,1.5445214481184488,15106289.176702237,0
4.364238080583699e-08,0.46801635864588725,"[np.float64(5.11168979769513), 3.1]",0.7257845103436745,1.5507673971986544,16630268.489995025,0
3.917219495756719e-08,0.47304212465921064,"[np.float64(4.82380192205597), 3.1]",0.7374843148135432,1.5590246119092293,18826729.40876594,0
4.391146466865523e-08,0.4677316427911791,"[np.float64(5.129068582374289), 3.1]",0.7251265792385376,1.5503047322421024,16513377.194547227,0
4.08061807919124e-08,0.47113646348344085,"[np.float64(4.9289441039485595), 3.1]",0.7330287651158477,1.5558735566677522,17963669.985531475,0
4.602307279445864e-08,0.46555919209378993,"[np.float64(5.2658500880708115), 3.1]",0.7201235126762965,1.5467925988908902,15647010.704661211,0
4.6336290528682e-08,0.4652458561562344,"[np.float64(5.286212022687508), 3.1]",0.7194044027604418,1.5462886842324894,15525722.809320116,0
4.6855597283557924e-08,0.4647311684401,"[np.float64(5.320020501650841), 3.1]",0.7182245470315515,1.545462400213694,15328468.500466289,0
4.3045520334296633e-08,0.468654596466331,"[np.float64(5.073173864984706), 3.1]",0.7272612648558192,1.5518065337231084,16895167.23709742,0
4.674275910714613e-08,0.46484249843743713,"[np.float64(5.312669005505114), 3.1]",0.7184796136874556,1.5456409775410311,15370928.618922988,0
4.360658832418869e-08,0.46805437052700305,"[np.float64(5.109378858731642), 3.1]",0.7258723888922197,1.550829208313829,16645933.946856752,0
4.119731332685974e-08,0.4706925718101148,"[np.float64(4.954115319691464), 3.1]",0.7319943025292376,1.5551430941734432,17768010.664229248,0
4.3657779319126444e-08,0.46800001547693804,"[np.float64(5.112684052314999), 3.1]",0.725746729906256,1.5507408245844794,16623537.459412344,0
4.8769941275247516e-08,0.4628833849760502,"[np.float64(5.445251112395042), 3.1]",0.7140026298902125,1.5425108203595497,14640219.18461063,0
4.349242066589511e-08,0.4681758389003135,"[np.float64(5.102008717126674), 3.1]",0.7261532702848121,1.5510267936731963,16696087.712915698,0
5.540415773402549e-08,0.4570015625268384,"[np.float64(5.889504694975894), 3.1]",0.7007072284339271,1.5332709686146349,12647195.753751168,0
4.775829847149248e-08,0.46385037600275647,"[np.float64(5.378947255382494), 3.1]",0.7162093571420515,1.5440525527089264,14996542.591850623,0
3.988013048074631e-08,0.4722060627800384,"[np.float64(4.869358645237901), 3.1]",0.7355266477836961,1.5576391447695515,18443436.34078129,0
4.3913165508253114e-08,0.467729849024053,"[np.float64(5.129178462308583), 3.1]",0.7251224357903467,1.5503018191021145,16512643.244861636,0
4.5546056869274644e-08,0.46604068225268064,"[np.float64(5.2348796178199395), 3.1]",0.7212297604045009,1.5475682442964505,15835174.545944992,0
3.989417165785143e-08,0.4721896443888145,"[np.float64(4.870262106605347), 3.1]",0.735488249070053,1.5576119845280445,18435982.46325047,0
4.418741034291271e-08,0.4674415771798633,"[np.float64(5.1469009678119635), 3.1]",0.7244568208907464,1.5498339391662375,16395095.690574752,0
4.48472281126564e-08,0.4667556732409497,"[np.float64(5.189587491512564), 3.1]",0.7228752225312256,1.5487229485865537,16118615.41844594,0
4.089559548157111e-08,0.47103458371184476,"[np.float64(4.934697956773148), 3.1]",0.7327912276890957,1.5557057868544542,17918585.585073955,0
5.077246821603117e-08,0.4610279725050538,"[np.float64(5.577461223134089), 3.1]",0.7097850691349846,1.5395705064885277,13979723.540619073,0
4.568410994489321e-08,0.46590079514968286,"[np.float64(5.243838011194181), 3.1]",0.7209082101479464,1.5473427340177337,15780283.582574928,0
4.5508592703113695e-08,0.46607872056970256,"[np.float64(5.232449182696455), 3.1]",0.7213172184747186,1.5476295883944886,15850132.373470783,0
4.355638441178172e-08,0.46810774323910137,"[np.float64(5.10613772203845), 3.1]",0.7259957953627991,1.5509160142048173,16667953.623038141,0
3.945064724856496e-08,0.47271132414951006,"[np.float64(4.841722395271326), 3.1]",0.7367091906524329,1.55847586680497,18674197.81507466,0
4.4441227108506645e-08,0.46717645662625323,"[np.float64(5.163313286045113), 3.1]",0.7238451325262902,1.549404132548946,16287694.5490044,0
4.3317985143462926e-08,0.4683620842006725,"[np.float64(5.090751049969673), 3.1]",0.7265841249185175,1.5513299420010445,16773266.866226017,0
5.976126685693024e-08,0.45349975420102806,"[np.float64(6.193562330362284), 3.1]",0.692894647104381,1.5278831811609617,11594376.818737557,0
4.68325574708831e-08,0.46475387773991855,"[np.float64(5.318519191031767), 3.1]",0.7182765695908404,1.5454988198996717,15337120.336368771,0
4.574369670115113e-08,0.4658405531305619,"[np.float64(5.247705831347916), 3.1]",0.7207697738809683,1.5472456595657462,15756701.48807257,0
4.730904742761022e-08,0.4642865572132303,"[np.float64(5.3495947023239765), 3.1]",0.7172066913828865,1.5447500691981029,15160032.3908512,0
4.17745759677307e-08,0.470045677455958,"[np.float64(4.991276339070425), 3.1]",0.7304890369156111,1.5540809584065496,17486450.071447443,0
4.14802115405412e-08,0.4703743384024474,"[np.float64(4.97232470172797), 3.1]",0.7312534636247077,1.5546202331281405,17628971.417130023,0
4.291322543186619e-08,0.46879733687590736,"[np.float64(5.064642207756357), 3.1]",0.7275918961153517,1.552039311835827,16954957.097563256,0
3.8833280997256296e-08,0.47344824128795276,"[np.float64(4.80198593945042), 3.1]",0.7384368924981899,1.559699304171816,19015567.923564404,0
4.197227691670103e-08,0.46982633619952474,"[np.float64(5.004007513248572), 3.1]",0.7299792631754772,1.553721464574245,17391938.603288256,0
4.4386851842224514e-08,0.46723311885820257,"[np.float64(5.1597964342907545), 3.1]",0.7239758262332321,1.5494959518333002,16310591.90245444,0
4.5847175634108524e-08,0.46573613059484265,"[np.float64(5.254424444865069), 3.1]",0.7205298656310793,1.547077450724752,15715905.192969684,0
4.375841004352767e-08,0.46789336151459676,"[np.float64(5.119182361356922), 3.1]",0.7255002205071611,1.5505674587018645,16579675.079270167,0
3.955881415381939e-08,0.4725835092290694,"[np.float64(4.848683073605183), 3.1]",0.7364098883887205,1.5582640401270749,18615570.363795154,0
4.1941093625727363e-08,0.4698608590510724,"[np.float64(5.001999261552302), 3.1]",0.7300594775653425,1.5537780249237303,17406782.094912086,0
4.949500205768861e-08,0.46220283331257034,"[np.float64(5.492963857882165), 3.1]",0.7124531293953847,1.5414296019980898,14394445.899102887,0
4.269032661370214e-08,0.4690388991348284,"[np.float64(5.050271547675381), 3.1]",0.7281517284054833,1.552433560944742,17056597.739211753,0
4.8810222968712376e-08,0.4628453068280808,"[np.float64(5.4478974908944835), 3.1]",0.7139158548880176,1.542450240622607,14626359.222854638,0
3.9096827679938517e-08,0.4731321029284878,"[np.float64(4.818950970812525), 3.1]",0.7376952730786618,1.5591739992121434,18868417.640370097,0
4.995770267569846e-08,0.4617738007095477,"[np.float64(5.523502518741384), 3.1]",0.7114778024134433,1.5407496079686807,14241603.682859825,0
4.508841370488303e-08,0.46650759781711987,"[np.float64(5.205208991791514), 3.1]",0.7223039374870177,1.5483219155846955,16019723.87440175,0
4.376331918062651e-08,0.4678881651909809,"[np.float64(5.119499406981724), 3.1]",0.725488212106261,1.5505590140544243,16577540.865031688,0
4.253256180123861e-08,0.46921068860225235,"[np.float64(5.040103044095558), 3.1]",0.7285500875551468,1.5527141756413296,17129231.268969327,0
4.512628127447201e-08,0.4664687750176243,"[np.float64(5.207662600533068), 3.1]",0.7222145693359201,1.5482591933589405,16004300.574718036,0
4.569673503775803e-08,0.4658880243751979,"[np.float64(5.2446574553399605), 3.1]",0.7208788609487932,1.5473221530335821,15775281.5458949,0
4.520427408888127e-08,0.4663889222995769,"[np.float64(5.212716926018384), 3.1]",0.7220307826738485,1.5481302152585528,15972621.997074468,0
4.4403422180013764e-08,0.4672158438417473,"[np.float64(5.160868111936641), 3.1]",0.7239359785349613,1.5494679559286708,16303607.76248478,0
4.2589325471804227e-08,0.469148800606342,"[np.float64(5.043761403167837), 3.1]",0.7284065548104427,1.552613059798998,17103031.023411628,0
4.290080426682775e-08,0.46881076283713624,"[np.float64(5.063841264148732), 3.1]",0.7276230015725271,1.5520612137168481,16960591.15924659,0
4.37784587345009e-08,0.4678721438538857,"[np.float64(5.120477181412546), 3.1]",0.725451188821947,1.550532978617556,16570962.290415993,0
4.743805203994003e-08,0.46416087063343664,"[np.float64(5.358017972208023), 3.1]",0.7169191832023115,1.544548945334271,15112744.987899335,0
4.330391772305092e-08,0.4683771387226021,"[np.float64(5.089843329066322), 3.1]",0.7266189613675959,1.5513544562599548,16779520.181399487,0
4.4043552356368595e-08,0.4675925566161093,"[np.float64(5.1376030968773705), 3.1]",0.7248053633911113,1.5500789162180189,16456560.032363197,0
4.4176933285539e-08,0.4674525553455858,"[np.float64(5.146223709144858), 3.1]",0.7244821595265282,1.5498517469669653,16399557.543838881,0
4.218943581025198e-08,0.4695866808474305,"[np.float64(5.017994770014671), 3.1]",0.729422632230274,1.5533290486730493,17289224.618003193,0
3.999689866487685e-08,0.4720697163390088,"[np.float64(4.876871878719432), 3.1]",0.7352078189860858,1.5574136478987965,18381620.66379677,0
4.18697996339729e-08,0.46993989183088547,"[np.float64(4.997408061028204), 3.1]",0.7302431404459341,1.5539075382617709,17440808.09628282,0
4.4558385572456055e-08,0.4670546184749214,"[np.float64(5.170892383081062), 3.1]",0.7235641776553394,1.549206771614852,16238563.591554662,0
4.522993467565847e-08,0.4663626813475615,"[np.float64(5.2143801052201955), 3.1]",0.7219703961779054,1.5480878403301093,15962225.047529206,0
4.2345275911010905e-08,0.46941550964113654,"[np.float64(5.028034652751687), 3.1]",0.7290252915253517,1.553049007866579,17216213.044813,0
5.3340155020710895e-08,0.4587533301651497,"[np.float64(5.749231345975449), 3.1]",0.7046442001096841,1.5359980054117852,13210389.055601453,0
4.694449972599533e-08,0.4646436495025478,"[np.float64(5.325814733013019), 3.1]",0.7180240890102229,1.5453220759154822,15295169.683374427,0
4.118966725435844e-08,0.4707012055737718,"[np.float64(4.953623209780183), 3.1]",0.7320144108286706,1.555157289083985,17771797.14291606,0
4.988116065290133e-08,0.4618444951817297,"[np.float64(5.518445617120797), 3.1]",0.7116384331917032,1.540861568376349,14266677.516661009,0
4.4977879744656785e-08,0.46662111599312284,"[np.float64(5.1980484759610075), 3.1]",0.7225653060128707,1.5485053745907205,16064903.68409838,0
4.336475444068885e-08,0.4683120704496282,"[np.float64(5.093769074743763), 3.1]",0.7264684026134168,1.5512485123775088,16752508.159755116,0
4.0092894645444836e-08,0.47195794879999153,"[np.float64(4.8830484804549945), 3.1]",0.7349465548762061,1.5572288945337056,18331092.363761447,0
4.2094060912930945e-08,0.46969177282402635,"[np.float64(5.011851231458467), 3.1]",0.7296666764822753,1.5535010802832405,17334195.386649612,0
4.6835700117851876e-08,0.46475077949420707,"[np.float64(5.318723963327898), 3.1]",0.718269471923017,1.5454938509295604,15335939.680962337,0
4.276230993131179e-08,0.46896074182999853,"[np.float64(5.054911900464115), 3.1]",0.7279705539249525,1.5523059586698769,17023648.981878586,0
4.2570221240254554e-08,0.46916961962412224,"[np.float64(5.042530123182921), 3.1]",0.7284548362295494,1.5526470721040184,17111840.507437155,0
4.159152587260093e-08,0.4702497607235892,"[np.float64(4.979490735752954), 3.1]",0.7309636284471759,1.5544157371232203,17574821.14712963,0
4.8941307380543445e-08,0.46272161441356846,"[np.float64(5.456512801434189), 3.1]",0.7136340398721247,1.5422535227288892,14581425.753980348,0
4.380490590113325e-08,0.4678441703794567,"[np.float64(5.12218532150036), 3.1]",0.7253865496111894,1.5504875245593988,16559481.973283347,0
4.2600099064100945e-08,0.46913706438024944,"[np.float64(5.044455782684088), 3.1]",0.7283793385397858,1.5525938874644378,17098066.777820952,0
4.2712705565394e-08,0.46901458569219545,"[np.float64(5.051714137668244), 3.1]",0.7280953638100922,1.5523938615587662,17046341.46145024,0
4.617447183433669e-08,0.46540745985640175,"[np.float64(5.275689694237642), 3.1]",0.7197752070448068,1.5465484959499542,15588163.29566678,0
4.1572652946108134e-08,0.47027085712548566,"[np.float64(4.9782757163218125), 3.1]",0.7310127030529451,1.5544503597803931,17583980.122716215,0
4.7509706346639855e-08,0.4640912113313715,"[np.float64(5.362698471211447), 3.1]",0.7167598807634696,1.5444375227603417,15086598.842220856,0
4.0831758800687295e-08,0.47110729507714555,"[np.float64(4.9305900332881825), 3.1]",0.7329607507508854,1.5558255166285642,17950751.382733677,0
4.4211553519372677e-08,0.467416289716716,"[np.float64(5.148461694817885), 3.1]",0.7243984579962797,1.5497929232105094,16384822.52560661,0
4.798108891966526e-08,0.4636356293874505,"[np.float64(5.393523880264266), 3.1]",0.7157187804778473,1.5437096183126517,14916684.814639686,0
4.343340872186055e-08,0.4682387572054091,"[np.float64(5.098199810826988), 3.1]",0.7262987987789978,1.5511291784425736,16722122.903824564,0
4.175323014662285e-08,0.47006942643740546,"[np.float64(4.9899018974550104), 3.1]",0.7305442508598745,1.5541199018123208,17496712.18955891,0
4.716568718974168e-08,0.46442664548042434,"[np.float64(5.340239117059828), 3.1]",0.7175272619067055,1.5449743654661807,15212908.04097018,0
4.140821496059808e-08,0.470455105331749,"[np.float64(4.96769013848936), 3.1]",0.7314414248692181,1.554752869252913,17664162.185334966,0
4.669278490276757e-08,0.4648918936500795,"[np.float64(5.309414118038888), 3.1]",0.7185928076878622,1.54572023625936,15389803.996147376,0
4.523204427260484e-08,0.4663605247318429,"[np.float64(5.2145168432034374), 3.1]",0.7219654335025458,1.5480843579496262,15961370.862466415,0
4.522157538885386e-08,0.46637122798276937,"[np.float64(5.213838288491992), 3.1]",0.7219900634772763,1.5481016412615212,15965610.602217792,0
4.408535059360999e-08,0.467548635592083,"[np.float64(5.140304302138628), 3.1]",0.7247039547393871,1.5500076346531393,16438656.945702737,0
4.012521695600016e-08,0.4719203815806516,"[np.float64(4.885128162004216), 3.1]",0.7348587571977682,1.5571668143181907,18314137.914907407,0
4.643721847611915e-08,0.4651453589909554,"[np.float64(5.292777865018454), 3.1]",0.7191738931744698,1.5461272036220701,15487014.872441443,0
4.35993864180527e-08,0.46806202300251654,"[np.float64(5.10891388800848), 3.1]",0.7258900815475838,1.5508416531876612,16649089.383675886,0
5.8010694643730353e-08,0.45487684525985833,"[np.float64(6.0699731054467625), 3.1]",0.6959578388653084,1.5299917903443234,11997060.940909207,0
4.557440241588371e-08,0.46601192402810443,"[np.float64(5.236718678436863), 3.1]",0.7211636453527553,1.5475218726576256,15823874.96322746,0
4.1056406313120874e-08,0.4708519590045498,"[np.float64(4.945046729419817), 3.1]",0.7323655979232913,1.555405226457207,17838034.637952242,0
4.6099338312089756e-08,0.46548269389925756,"[np.float64(5.270806057980091), 3.1]",0.7199478905452636,1.5466695109852546,15617315.061471373,0
4.304470919243854e-08,0.4686554702286803,"[np.float64(5.073121549058611), 3.1]",0.7272632883627433,1.5518079582168867,16895532.621939473,0
4.026138777182646e-08,0.4717624746608473,"[np.float64(4.893889646114725), 3.1]",0.7344898159334001,1.5569059757485564,18243032.75624719,0
4.0888842528726594e-08,0.47104226966615415,"[np.float64(4.934263395705169), 3.1]",0.7328091455045437,1.5557184412004337,17921983.117758986,0
4.358975730839406e-08,0.46807225662795726,"[np.float64(5.10829222207009), 3.1]",0.7259137424541324,1.5508582962888955,16653310.02690266,0
4.324891471442518e-08,0.46843605118712106,"[np.float64(5.0862944002150785), 3.1]",0.7267552999383963,1.5514504020274205,16804012.418281455,0
4.881522667479392e-08,0.4628405790780117,"[np.float64(5.448226253367448), 3.1]",0.7139050816201323,1.542442719785388,14624639.28265977,0
4.611543726467551e-08,0.4654665626720418,"[np.float64(5.271852377733228), 3.1]",0.7199108617538791,1.5466435604336064,15611060.079990434,0
4.7116299546574376e-08,0.46447500772852224,"[np.float64(5.337017322879616), 3.1]",0.7176379605045698,1.5450518296218363,15231203.795942973,0
4.480608676027336e-08,0.4667981297125099,"[np.float64(5.186923793487788), 3.1]",0.7229730336828115,1.5487916246109936,16135598.664327558,0
4.027809857962951e-08,0.4717431363727134,"[np.float64(4.894964851925908), 3.1]",0.7344446441566095,1.556874043369953,18234342.485274415,0
4.271887866654535e-08,0.46900788136547145,"[np.float64(5.052112075938459), 3.1]",0.7280798221862798,1.5523829153287259,17043514.364445727,0
4.362743062719491e-08,0.46803223182560544,"[np.float64(5.110724520504945), 3.1]",0.7258212059515495,1.5507932073832031,16636808.437192563,0
4.142034979715134e-08,0.47044148168445976,"[np.float64(4.968471264756291), 3.1]",0.7314097168847323,1.55473049329292,17658221.63421311,0
4.551312415747104e-08,0.4660741179292692,"[np.float64(5.23274313983255), 3.1]",0.7213066355469999,1.5476221652292317,15848321.751135962,0
4.622426734405471e-08,0.4653576678669206,"[np.float64(5.278927052313339), 3.1]",0.7196609401483411,1.5464684259895858,15568898.794907622,0
4.6592630884658866e-08,0.46499105243292993,"[np.float64(5.302892723727473), 3.1]",0.718820086759271,1.5458793948792235,15427763.427627144,0
4.289122654801381e-08,0.4688211181638888,"[np.float64(5.063223682867203), 3.1]",0.7276469937329509,1.5520781072805316,16964937.87414542,0
4.251659282717257e-08,0.46922811507766365,"[np.float64(5.039073912192908), 3.1]",0.7285905080831989,1.5527426526064134,17136615.60428598,0
4.269247598213374e-08,0.46903656337931965,"[np.float64(5.050410098013458), 3.1]",0.7281463133790668,1.5524297469112225,17055612.180558156,0
4.304217043484211e-08,0.46865820509272604,"[np.float64(5.072957808174931), 3.1]",0.7272696219431315,1.5518124168961003,16896676.31989152,0
4.188721666032586e-08,0.469920570902705,"[np.float64(4.998529654593668), 3.1]",0.7301982371578192,1.5538758725865685,17432484.069762457,0
4.661305778931219e-08,0.4649708105860132,"[np.float64(5.3042226034392375), 3.1]",0.718773685897168,1.5458468994887684,15420007.182235833,0
3.941442668791675e-08,0.4727542095113859,"[np.float64(4.839391481258035), 3.1]",0.7368096384673233,1.558546965089642,18693907.291900467,0
4.109087527451321e-08,0.4708129148977714,"[np.float64(4.947265041345591), 3.1]",0.7322746287552655,1.5553409976322885,17820857.401143312,0
4.207051796442432e-08,0.4697177536707553,"[np.float64(5.01033482373502), 3.1]",0.7297270201080936,1.553543621473566,17345330.065229185,0
4.070131510362383e-08,0.47125625633702284,"[np.float64(4.922196215631199), 3.1]",0.7333081537404383,1.5560709144538272,18016817.193092328,0
4.7135216605979786e-08,0.46445647724615363,"[np.float64(5.338251301360584), 3.1]",0.7175955434624065,1.5450221465683074,15224191.064210981,0
4.258414131188718e-08,0.4691544491074849,"[np.float64(5.043427277472754), 3.1]",0.7284196539828452,1.5526222875400288,17105420.739798035,0
5.5753153857283954e-08,0.45671161774239705,"[np.float64(5.91344147390149), 3.1]",0.7000574522892162,1.532821643009037,12556374.013947485,0
4.6443847111969606e-08,0.4651387665871239,"[np.float64(5.293209169959394), 3.1]",0.7191587744791098,1.5461166132331094,15484478.982658753,0
4.2279485199868915e-08,0.4694876902635152,"[np.float64(5.023795901187955), 3.1]",0.7291928217770642,1.5531670731724214,17246965.480538186,0
4.602494791002269e-08,0.4655573096751374,"[np.float64(5.265971923972197), 3.1]",0.720119190630887,1.546789569544899,15646279.318744633,0
4.617277459857186e-08,0.46540915795632337,"[np.float64(5.275579361325632), 3.1]",0.71977910426805,1.5465512269434074,15588820.696305156,0
4.34308770498159e-08,0.46824145849399607,"[np.float64(5.098036414410025), 3.1]",0.72630504736284,1.5511335747561807,16723241.543792835,0
4.2115584541015e-08,0.469668034025995,"[np.float64(5.013237609291171), 3.1]",0.729611544091048,1.5534622142299463,17324027.483947255,0
3.9237815200450374e-08,0.4729639370801553,"[np.float64(4.828025324425419), 3.1]",0.737301043186347,1.5588948445796478,18790573.313518338,0
4.6712411122057246e-08,0.4648724882885943,"[np.float64(5.310692329609472), 3.1]",0.7185483365341269,1.5456890967659282,15382385.94999079,0
4.30303367255377e-08,0.46867095516392543,"[np.float64(5.072194584898979), 3.1]",0.7272991500428633,1.5518332041474137,16902009.265737973,0
4.407767206283626e-08,0.46755670078821526,"[np.float64(5.139808059259699), 3.1]",0.7247225754326021,1.5500207230713454,16441943.086273974,0
3.991375214531382e-08,0.4721667593622261,"[np.float64(4.871521983844619), 3.1]",0.7354347293555014,1.5575741298453147,18425597.440150637,0
4.304575888172441e-08,0.46865433950627766,"[np.float64(5.073189250506215), 3.1]",0.7272606697745241,1.5518061148024052,16895059.784467902,0
4.46923097177941e-08,0.46691575745872554,"[np.float64(5.1795587901809315), 3.1]",0.7232440845979151,1.5489819588319387,16182741.262753708,0
4.343145066583401e-08,0.46824084643229974,"[np.float64(5.098073436041526), 3.1]",0.7263036315459785,1.5511325786290424,16722988.074569104,0
4.3759768417116427e-08,0.4678919236138154,"[np.float64(5.119270088551608), 3.1]",0.7254968975849393,1.5505651219227792,16579084.483938096,0
4.28196610298317e-08,0.4688985721420716,"[np.float64(5.0586093569549115), 3.1]",0.7278264680304823,1.5522044878608805,16997483.17772573,0
4.56785146686153e-08,0.46590645616868415,"[np.float64(5.243474854513835), 3.1]",0.7209212203715164,1.547351857494979,15782501.370755943,0
4.854053326701416e-08,0.4631008569535127,"[np.float64(5.430189192758381), 3.1]",0.7144983956674192,1.542856993113149,14719623.942676345,0
4.03448284830205e-08,0.47166600108938533,"[np.float64(4.899258394216087), 3.1]",0.7342644901062765,1.556746698745255,18199717.726283025,0
4.266713661680868e-08,0.4690641080881956,"[np.float64(5.048776726025475), 3.1]",0.7282101730380294,1.5524747267618864,17067237.944229696,0
4.5002797335467446e-08,0.46659550013444767,"[np.float64(5.199662475912481), 3.1]",0.72250631988861,1.5484639686418378,16054697.989166796,0
4.261361804956129e-08,0.46912234194062896,"[np.float64(5.045327123227206), 3.1]",0.7283451985045111,1.5525698381610842,17091841.33713822,0
4.0117404514760766e-08,0.47192945872428615,"[np.float64(4.8846254943598035), 3.1]",0.7348799703888195,1.557181813517931,18318233.177782685,0
4.303262604426983e-08,0.46866848827695823,"[np.float64(5.0723422349270555), 3.1]",0.7272934368571105,1.5518291821389079,16900977.32146086,0
4.3331730389668515e-08,0.4683473794765668,"[np.float64(5.091638004523273), 3.1]",0.7265500993151852,1.5513059988233313,16767160.987607706,0
4.1994913974073015e-08,0.46980129207042043,"[np.float64(5.005465415670966), 3.1]",0.7299210775616952,1.5536804386912677,17381178.063904043,0
5.106396529247999e-08,0.46076405481099175,"[np.float64(5.596825652149349), 3.1]",0.709186922584975,1.5391541835351887,13888207.046259575,0
4.751587288748449e-08,0.4640852215365562,"[np.float64(5.36310133635733), 3.1]",0.7167461842648812,1.5444279434104387,15084352.6743601,0
4.977075900374961e-08,0.4619466557949915,"[np.float64(5.511155276439073), 3.1]",0.7118706166583805,1.5410234227873778,14302988.961947512,0
4.397854179657132e-08,0.46766095646650646,"[np.float64(5.133402295243264), 3.1]",0.724963315522276,1.550189951711732,16484478.24567926,0
4.188877984888906e-08,0.46991883725957784,"[np.float64(4.998630319245304), 3.1]",0.7301942081588371,1.5538730313879416,17431737.348114777,0
4.772165092294307e-08,0.46388579891604437,"[np.float64(5.376550805561723), 3.1]",0.7162903069739485,1.544109150673925,15009755.386094125,0
4.4509203772151145e-08,0.4671057236098268,"[np.float64(5.167710496754729), 3.1]",0.7236820128736399,1.5492895425921416,16259154.321840255,0
3.965439112391886e-08,0.4724708880101652,"[np.float64(4.854833326471837), 3.1]",0.7361462530433185,1.5580774852470494,18564053.870929,0
4.748868604420096e-08,0.4641116351644477,"[np.float64(5.361325273224597), 3.1]",0.7168065844129677,1.544470187994712,15094260.214860165,0
4.855927532328902e-08,0.4630830507349714,"[np.float64(5.431419116026331), 3.1]",0.7144577919703204,1.5428286369721058,14713106.55304748,0
4.510879027908703e-08,0.4664867029854089,"[np.float64(5.2065292486564605), 3.1]",0.7222558374264032,1.5482881565629416,16011421.121201063,0
4.27495734638755e-08,0.46897456047353364,"[np.float64(5.054090817035441), 3.1]",0.7280025837113739,1.5523285164472336,17029470.114515997,0
4.14474891090907e-08,0.47041102822814856,"[np.float64(4.970218262767068), 3.1]",0.731338843162065,1.5546804799979452,17644949.28117757,0
4.925184817146518e-08,0.46242992539555344,"[np.float64(5.476944237615508), 3.1]",0.7129698532430994,1.5417900401520057,14476002.012370564,0
4.271239631331371e-08,0.4690149215841291,"[np.float64(5.051694202364215), 3.1]",0.728096142465034,1.5523944099813303,17046483.11286815,0
4.041935796272802e-08,0.4715800134909378,"[np.float64(4.904053808838341), 3.1]",0.7340637064445388,1.5566047869809585,18161191.65280761,0
5.1213590223045215e-08,0.4606291712609315,"[np.float64(5.606778079426634), 3.1]",0.7088813904533978,1.5389415926761605,13841665.608016945,0
4.1704016101266084e-08,0.47012423086114674,"[np.float64(4.986733144471425), 3.1]",0.7306716794245921,1.5542097842652982,17520415.24371102,0
4.155406570879033e-08,0.4702916442534297,"[np.float64(4.977079107667273), 3.1]",0.7310610610368204,1.5544844778123847,17593009.217439152,0
4.237833459802035e-08,0.4693792854210564,"[np.float64(5.0301646844252845), 3.1]",0.7289412282598418,1.5529897694695782,17200799.3040362,0
4.385060935419337e-08,0.4677958714323899,"[np.float64(5.125137387775402), 3.1]",0.7252749555023453,1.5504090561585229,16539677.924292935,0
4.7622362501433497e-08,0.46398191016082435,"[np.float64(5.370059984422095), 3.1]",0.7165099843502487,1.544262758222392,15045662.30473511,0
4.51561322477157e-08,0.4664381951077995,"[np.float64(5.209596961813249), 3.1]",0.7221441826965871,1.5482097955757907,15992162.011021616,0
4.657016312942829e-08,0.4650133272713585,"[np.float64(5.3014300880202105), 3.1]",0.7188711509143589,1.5459151571689507,15436303.044858672,0
3.960445752668131e-08,0.4725296892975362,"[np.float64(4.851620191460727), 3.1]",0.7362838908616239,1.558174877765216,18590934.880640477,0
5.0346889855462555e-08,0.4614160277984783,"[np.float64(5.54924685092925), 3.1]",0.710665361568089,1.5401835193260114,14115377.605414946,0
4.6323202399744655e-08,0.4652589050747963,"[np.float64(5.28536074560168), 3.1]",0.7194343376913827,1.5463096565034569,15530755.656378116,0
4.366421072387333e-08,0.4679931913323628,"[np.float64(5.113099325767186), 3.1]",0.7257309550667275,1.5507297296368627,16620727.663123323,0
4.022429018730239e-08,0.4718054363513523,"[np.float64(4.89150271781365), 3.1]",0.7345901776521588,1.556976925346641,18262352.778173998,0
4.450782903582169e-08,0.4671071529618164,"[np.float64(5.167621561815423), 3.1]",0.7236853088301289,1.549291857856192,16259730.580156535,0
4.6152944555087774e-08,0.46542900290938927,"[np.float64(5.2742903079794115), 3.1]",0.7198246507802667,1.546583144326319,15596505.439021122,0
4.264755220691509e-08,0.46908540894147444,"[np.float64(5.0475143588476525), 3.1]",0.7282595602922171,1.5525095140682121,17076233.514150746,0
5.109403653388694e-08,0.4607369145567553,"[np.float64(5.598825167483442), 3.1]",0.7091254364810893,1.53911139758205,13878829.79280328,0
5.0264668039986335e-08,0.46149138013769264,"[np.float64(5.543803464443712), 3.1]",0.7108364065238317,1.5403026732844791,14141870.109603632,0
4.047295719992401e-08,0.47151828016902714,"[np.float64(4.907502547925016), 3.1]",0.7339195868316554,1.5565029346657868,18133579.49621317,0
3.9645197739246193e-08,0.47248170797941186,"[np.float64(4.854241753254351), 3.1]",0.7361715779601807,1.5580954045997883,18568997.506384443,0
4.177418346271038e-08,0.4700461140323996,"[np.float64(4.991251065715354), 3.1]",0.7304900518781576,1.5540816742669763,17486638.66835908,0
4.302566927166051e-08,0.4686759850761354,"[np.float64(5.071893558345813), 3.1]",0.7273107991871001,1.5518414050358267,16904113.555908218,0
4.5131207805797946e-08,0.4664637267233775,"[np.float64(5.207981831587262), 3.1]",0.7222029491225699,1.548251038072358,16002296.06595615,0
4.467774248635251e-08,0.46693084044574695,"[np.float64(5.1786159823777576), 3.1]",0.7232788469024873,1.549006371504659,16188795.732537823,0
4.7568656735566234e-08,0.46403398330086315,"[np.float64(5.366550160888816), 3.1]",0.71662903024055,1.544346009192851,15065151.707442252,0
4.9758774091820704e-08,0.46195775986202425,"[np.float64(5.510364107956983), 3.1]",0.7118958571808786,1.5410410194072828,14306941.241502557,0
4.2542634103183696e-08,0.46919970058834864,"[np.float64(5.040752172374324), 3.1]",0.7285246019775274,1.5526962209566646,17124576.729559112,0
4.566334146132804e-08,0.46592181130134874,"[np.float64(5.242490081975317), 3.1]",0.720956510757462,1.5473766054089322,15788518.485184336,0
4.339405984349559e-08,0.4682807612795856,"[np.float64(5.095660286015037), 3.1]",0.7263959673356214,1.5511975451452058,16739525.408671852,0
4.4296364590021147e-08,0.46732757434360256,"[np.float64(5.153944969497343), 3.1]",0.7241937373519342,1.5496490622645578,16348830.068891855,0
4.6437275719657316e-08,0.46514530205612786,"[np.float64(5.2927815896365615), 3.1]",0.7191737626017444,1.546127112157662,15486992.969686886,0
4.179975278656312e-08,0.47001768292522095,"[np.float64(4.992897491220432), 3.1]",0.7304239571830915,1.554035058079508,17474360.695690345,0
5.236254135946756e-08,0.45960631282073866,"[np.float64(5.683502262877982), 3.1]",0.7065681900745164,1.5373335186327193,13493771.916529857,0
4.3567239254936386e-08,0.4680961977271907,"[np.float64(5.1068384776438265), 3.1]",0.7259690986927432,1.5508972348368495,16663188.007959152,0
4.649827580152217e-08,0.4650846723095368,"[np.float64(5.296751056591186), 3.1]",0.7190347277853489,1.5460297244687433,15463685.811804028,0
4.2007918177892266e-08,0.46978691163537645,"[np.float64(5.006302945903107), 3.1]",0.7298876689887418,1.5536568833898075,17375002.15787565,0
4.248183868259988e-08,0.46926606545207644,"[np.float64(5.036834233967673), 3.1]",0.7286785403534681,1.5528046752144367,17152707.202664636,0
4.2626710357226724e-08,0.46910808891504635,"[np.float64(5.046170979014107), 3.1]",0.7283121483293516,1.5525465570499812,17085816.43354229,0
4.375588287930644e-08,0.46789603675970265,"[np.float64(5.119019151366922), 3.1]",0.7255064029102408,1.550571806366548,16580773.947846819,0
4.7427093185853665e-08,0.46417153392453403,"[np.float64(5.357302252715362), 3.1]",0.7169435715897964,1.5445660045718326,15116751.279280236,0
4.680037972795453e-08,0.4647856132440166,"[np.float64(5.316422652566724), 3.1]",0.718349274920927,1.5455497211007416,15349218.940030243,0
4.619939626336336e-08,0.46538253021204945,"[np.float64(5.277310039500804), 3.1]",0.7197179943970213,1.5465084047505717,15578515.145397384,0
4.306375959699255e-08,0.4686349537520776,"[np.float64(5.0743502548724315), 3.1]",0.7272157764740579,1.5517745115930417,16886955.139997683,0
4.1619682269356235e-08,0.47021830627133926,"[np.float64(4.98130345091549), 3.1]",0.7308904642094022,1.554364120795506,17561173.56877428,0
4.009851717328466e-08,0.4719514115459413,"[np.float64(4.883410245310186), 3.1]",0.7349312761178409,1.557218090969308,18328140.986906204,0
4.9977203718405806e-08,0.4617558069611533,"[np.float64(5.524791219786379), 3.1]",0.7114369223711826,1.54072111632596,14235228.653042302,0
4.3523154971891455e-08,0.4681431059745563,"[np.float64(5.103992622627516), 3.1]",0.7260775698933547,1.5509735391314665,16682558.29252905,0
4.367500980217774e-08,0.46798173519400293,"[np.float64(5.1137966303801665), 3.1]",0.7257044734833038,1.550711104531593,16616011.691132316,0
5.1554627391186044e-08,0.4603231985175598,"[np.float64(5.629495402048569), 3.1]",0.7081887401858311,1.5384598092525117,13736666.833264815,0
5.123476052306883e-08,0.4606101185153485,"[np.float64(5.608186944972444), 3.1]",0.7088382422849685,1.5389115735661993,13835104.039684324,0
3.926149064175903e-08,0.47293576249758784,"[np.float64(4.829549065081569), 3.1]",0.7372350117415365,1.558848093551176,18777560.395463023,0
4.6430406144145926e-08,0.4651521351048569,"[np.float64(5.292334617949589), 3.1]",0.7191894334703399,1.5461380894408163,15489621.849043794,0
4.500128695748481e-08,0.46659705241401805,"[np.float64(5.199564640291067), 3.1]",0.7225098942327071,1.5484664776485,16055316.260517213,0
4.539931323463617e-08,0.4661898621324523,"[np.float64(5.225361388597351), 3.1]",0.7215728092387901,1.5478088818537612,15893914.639402203,0
4.329768771706004e-08,0.4683838075444565,"[np.float64(5.089441336193742), 3.1]",0.7266343936135523,1.5513653160278902,16782290.970407773,0
4.310690441702532e-08,0.46858852430765724,"[np.float64(5.077133138552341), 3.1]",0.7271082655469233,1.551698831338712,16867559.27803871,0
4.324826843728887e-08,0.468436743873071,"[np.float64(5.086252702906498), 3.1]",0.7267569031243212,1.5514515302865426,16804300.59710108,0
3.901817465122865e-08,0.4732262065530036,"[np.float64(4.8138882692296345), 3.1]",0.7379159598505215,1.5593302941219747,18912108.689002577,0
4.78188371947341e-08,0.4637919214081976,"[np.float64(5.382906796568454), 3.1]",0.7160757918496515,1.5439591739231937,14974763.79305407,0
4.4518809543019255e-08,0.46709573751742883,"[np.float64(5.168331925193739), 3.1]",0.7236589862125253,1.5492733675085684,16255128.868916446,0
4.3601681442929605e-08,0.46805958424960326,"[np.float64(5.109062059087753), 3.1]",0.7258844430679409,1.5508376871113203,16648083.721680632,0
4.006969866258272e-08,0.47198492906499867,"[np.float64(4.881556002402462), 3.1]",0.7350096156259079,1.5572734855792127,18343277.84232287,0
4.451117314210886e-08,0.46710367608156944,"[np.float64(5.167837900474201), 3.1]",0.7236772914813683,1.549286226030458,16258328.873312678,0
4.534050693949429e-08,0.4662497863693255,"[np.float64(5.221548199534096), 3.1]",0.7217106489764213,1.5479055863947149,15917569.028055312,0
4.1411732408578447e-08,0.4704511558891434,"[np.float64(4.967916557887905), 3.1]",0.7314322327237451,1.5547463824195578,17662439.849346384,0
4.8882275583514465e-08,0.462777275528385,"[np.float64(5.452632369879595), 3.1]",0.7137608435501052,1.542342032104223,14601628.81187186,0
4.2686630019622886e-08,0.46904291658056035,"[np.float64(5.050033262716788), 3.1]",0.7281610422085348,1.552440121081052,17058293.00354237,0
4.8709534367066454e-08,0.4629405475525402,"[np.float64(5.441283506827108), 3.1]",0.7141329130139538,1.542601780702532,14661049.880550575,0
4.21452808883026e-08,0.46963530272441023,"[np.float64(5.01515046324107), 3.1]",0.7295355329399071,1.5534086315653546,17310017.10187651,0
4.284344616097938e-08,0.468872814651728,"[np.float64(5.060142892539103), 3.1]",0.7277667791722974,1.5521624552126618,16986653.60479632,0
4.797893970566822e-08,0.46363769611153227,"[np.float64(5.393383196595958), 3.1]",0.7157235003971344,1.5437129172192259,14917451.381539784,0
4.353845453278682e-08,0.46812682064114997,"[np.float64(5.104980256132308), 3.1]",0.7260399098883072,1.550947046558703,16675831.002259387,0
5.545744327458824e-08,0.4569571797079978,"[np.float64(5.893155132107819), 3.1]",0.7006077309377845,1.5332021512069969,12633249.741947941,0
4.679632192758848e-08,0.46478961687927406,"[np.float64(5.316158284554017), 3.1]",0.7183584476155931,1.5455561430972797,15350745.913902463,0
4.24402582593533e-08,0.4693115135271032,"[np.float64(5.0341547840466445), 3.1]",0.7287839770157001,1.5528789642055352,17171996.75275504,0
4.7242020933785274e-08,0.4643519993353981,"[np.float64(5.34521994913202), 3.1]",0.7173564301010636,1.5448548323852962,15184710.89766704,0
4.213072840976952e-08,0.46965133937097414,"[np.float64(5.014213074981715), 3.1]",0.7295727736127813,1.5534348833965468,17316880.128842104,0
4.0786839651634634e-08,0.47115853268174573,"[np.float64(4.927699523636871), 3.1]",0.7330802293379705,1.555909908211607,17973450.15204164,0
4.4057443785482816e-08,0.46757795480426356,"[np.float64(5.138500800634395), 3.1]",0.7247716480938176,1.5500552167760344,16450605.977567723,0
4.988939507064141e-08,0.4618368845883043,"[np.float64(5.518989542843439), 3.1]",0.7116211390121638,1.5408495136687166,14263976.101625133,0
4.152985532841028e-08,0.47031873505848704,"[np.float64(4.975520519448579), 3.1]",0.7311240877257574,1.5545289464916545,17604782.919279773,0
4.108036092354226e-08,0.4708248210940951,"[np.float64(4.946588367117495), 3.1]",0.732302368048974,1.5553605826202228,17826093.821617506,0
4.9890069170252746e-08,0.4618362616134278,"[np.float64(5.519034071635282), 3.1]",0.7116197233911622,1.540848526932715,14263754.996264262,0
4.364075666345366e-08,0.46801808278120755,"[np.float64(5.111584931494759), 3.1]",0.7257884961203673,1.5507702006028348,16630978.736630585,0
4.118421008895761e-08,0.47070736873281394,"[np.float64(4.953271981788801), 3.1]",0.7320287653094852,1.5551674223417655,17774500.56048928,0
4.4340272064101587e-08,0.46728171595884876,"[np.float64(5.156784140607803), 3.1]",0.7240879337898588,1.5495747191906515,16330254.643973848,0
4.437762448480867e-08,0.4672427415704753,"[np.float64(5.1591996784626994), 3.1]",0.7239980234490587,1.5495115472860832,16314483.523039801,0
4.661332778090308e-08,0.46497054310200336,"[np.float64(5.30424018170972), 3.1]",0.718773072754762,1.545846470100108,15419904.713373302,0
4.639712830384584e-08,0.46518525086683105,"[np.float64(5.2901695335037955), 3.1]",0.7192653851576126,1.5461912943656877,15502368.604524022,0
4.774776517529384e-08,0.46386055445086416,"[np.float64(5.378258426517822), 3.1]",0.7162326165144712,1.5440688147375987,15000338.002941173,0
4.458737593204264e-08,0.46702452221823626,"[np.float64(5.172768138437029), 3.1]",0.7234947913052427,1.5491580353614929,16226449.21755318,0
4.663995993071318e-08,0.4649441661918966,"[np.float64(5.305974197762004), 3.1]",0.7187126123071507,1.5458041299748584,15409803.382653993,0
4.7148395791587034e-08,0.46444357192027524,"[np.float64(5.339111045860815), 3.1]",0.7175660039279917,1.5450014755531305,15219308.989851808,0
4.2163536471031294e-08,0.4696151936920398,"[np.float64(5.0163264067589655), 3.1]",0.7294888376230086,1.5533757157384191,17301414.8878192,0
4.11000368049409e-08,0.4708025432834968,"[np.float64(4.947854654942938), 3.1]",0.7322504655091794,1.5553239377219126,17816297.074973688,0
4.4235599782129995e-08,0.46739111824661245,"[np.float64(5.1500162434019225), 3.1]",0.7243403668847124,1.5497520997019123,16374602.592758935,0
4.420186415920092e-08,0.4674264365606526,"[np.float64(5.147835319165747), 3.1]",0.7244218761904372,1.5498093807461342,16388943.995241972,0
4.150344116066886e-08,0.47034831123953325,"[np.float64(4.973820092569102), 3.1]",0.7311929020522613,1.5545775005023634,17617645.22661276,0
4.3923578948878655e-08,0.4677188682342954,"[np.float64(5.129851214202888), 3.1]",0.7250970715582016,1.5502839863945304,16508150.950133651,0
4.3931388767242195e-08,0.4677106347254948,"[np.float64(5.130355771083941), 3.1]",0.7250780537045399,1.5502706157838324,16504783.346280199,0
4.0021779903844365e-08,0.47204071928360547,"[np.float64(4.878472800256482), 3.1]",0.7351400286336358,1.5573657072409433,18368499.112230152,0
3.9479606627395676e-08,0.47267706698024464,"[np.float64(4.843586000018707), 3.1]",0.7366289607332989,1.5584190818466046,18658467.59025551,0
4.4236514054326455e-08,0.46739016147750895,"[np.float64(5.150075351201754), 3.1]",0.7243381589182155,1.5497505480826665,16374214.252702247,0
3.9784441311713345e-08,0.47231812026904835,"[np.float64(4.863201578607192), 3.1]",0.7357887703814475,1.5578245652788367,18494384.893242586,0
4.721615917150212e-08,0.4643772753905927,"[np.float64(5.343532284579643), 3.1]",0.7174142717710507,1.544895303431086,15194253.076901153,0
4.376277032468748e-08,0.46788874612456105,"[np.float64(5.119463960190707), 3.1]",0.725489554601283,1.5505599581318923,16577779.450859385,0
4.069872041145785e-08,0.47125922460474207,"[np.float64(4.922029255525045), 3.1]",0.7333150777065187,1.5560758058827815,18018135.958399065,0
4.886313551105091e-08,0.46279533740921497,"[np.float64(5.4513744383253355), 3.1]",0.7138019952209145,1.5423707577022394,14608190.566474816,0
4.665304262325827e-08,0.4649312146005848,"[np.float64(5.306826071166661), 3.1]",0.7186829266394877,1.5457833418582083,15404845.777008286,0
4.7879930342055773e-08,0.4637330084816758,"[np.float64(5.386903622126301), 3.1]",0.7159412012698686,1.5438650865375236,14952845.506565308,0
4.326941281976707e-08,0.468414086831191,"[np.float64(5.087616947278491), 3.1]",0.7267044661690899,1.5514146277820688,16794876.999974087,0
4.019582364007689e-08,0.4718384318601489,"[np.float64(4.889671127817915), 3.1]",0.7346672657584833,1.5570314246386692,18277203.92886762,0
4.253922983381559e-08,0.46920341404200716,"[np.float64(5.040532776879762), 3.1]",0.7285332148675195,1.5527022887397297,17126149.62032972,0
4.5214235012063605e-08,0.46637873423725995,"[np.float64(5.213362524245278), 3.1]",0.7220073370644475,1.5481137626166765,15968584.603318155,0
4.146170126514201e-08,0.4703950891055796,"[np.float64(4.97113313455875), 3.1]",0.7313017507498735,1.5546543058950466,17638006.363349564,0
5.5902629968828475e-08,0.45658796607240004,"[np.float64(5.9237141377693385), 3.1]",0.6997805045883168,1.532630197435721,12517845.850517536,0
4.94346102662785e-08,0.46225913006993696,"[np.float64(5.4889832708147654), 3.1]",0.7125811962244607,1.541518922766656,14414621.504774831,0
4.150997893933266e-08,0.47034098894378906,"[np.float64(4.9742409624495805), 3.1]",0.7311758648821832,1.5545654792369517,17614460.03022082,0
3.895155290652473e-08,0.47330607806597913,"[np.float64(4.809599764949848), 3.1]",0.7381033155054971,1.5594629980699406,18949265.44460974,0
4.508440526463413e-08,0.4665117093737115,"[np.float64(5.204949282241161), 3.1]",0.7223134026503604,1.54832855882666,16021358.126176052,0
4.3240465183786e-08,0.46844510834268926,"[np.float64(5.085749246713968), 3.1]",0.7267762625017089,1.551465154739194,16807780.84631315,0
4.800476842369505e-08,0.46361286502117327,"[np.float64(5.3950739837624), 3.1]",0.7156667937316629,1.543673283740688,14908243.85225888,0
4.54831920065958e-08,0.4661045291685948,"[np.float64(5.230801504114501), 3.1]",0.721376563124176,1.5476712153192715,15860288.851749118,0
4.649232356528553e-08,0.4650905847737028,"[np.float64(5.296363688395801), 3.1]",0.7190482850881128,1.5460392203767728,15465957.172013776,0
4.222150832242775e-08,0.4695513978679979,"[np.float64(5.020060862512009), 3.1]",0.7293407141850252,1.5532713085225662,17274151.09416176,0
4.6902353059840405e-08,0.4646851188857713,"[np.float64(5.323067577165883), 3.1]",0.7181190666050599,1.5453885597347643,15310938.998920739,0
4.752421611425155e-08,0.46407711871799867,"[np.float64(5.363646422194655), 3.1]",0.7167276564068946,1.5444149851361701,15081314.643545747,0
4.231986628663325e-08,0.46944337293588273,"[np.float64(5.026397524921588), 3.1]",0.7290899578753615,1.5530945794711253,17228078.01275225,0
4.0975473890989355e-08,0.4709437730718139,"[np.float64(4.9398383306700335), 3.1]",0.7325795551205215,1.5555563041892284,17878488.89971272,0
4.435476047006255e-08,0.46726659430881307,"[np.float64(5.157721063470265), 3.1]",0.7240530483732179,1.5495502079369632,16324133.885514293,0
4.366446305909499e-08,0.4679929236097719,"[np.float64(5.113115619069497), 3.1]",0.725730336199521,1.5507292943699702,16620617.43934251,0
4.3054526916861826e-08,0.468644895749555,"[np.float64(5.0737547640680765), 3.1]",0.7272387997322234,1.5517907190028624,16891111.151598983,0
4.31550703895764e-08,0.4685367498335606,"[np.float64(5.080240132696838), 3.1]",0.7269883941519566,1.5516144558782345,16845955.47149315,0
4.883642139490817e-08,0.4628205587275882,"[np.float64(5.449618912812616), 3.1]",0.7138594622095796,1.5424108733893789,14617358.148277605,0
4.6948171871988645e-08,0.4646400381905098,"[np.float64(5.326054107212941), 3.1]",0.7180158185175453,1.5453162868051147,15293797.178627636,0
4.369458898138394e-08,0.4679609723908768,"[np.float64(5.115060911450071), 3.1]",0.7256564811083133,1.5506773511492524,16607467.835833834,0
4.492740221336814e-08,0.4666730537490601,"[np.float64(5.194779204090732), 3.1]",0.7226849169622428,1.5485893414168406,16085615.489853717,0
4.325413327246634e-08,0.46843045829037283,"[np.float64(5.086631099361731), 3.1]",0.7267423555802205,1.5514412923374084,16801685.77190824,0
4.418876203321646e-08,0.4674401610395838,"[np.float64(5.14698834505623), 3.1]",0.7244535523625039,1.5498316420893832,16394520.213486316,0
4.88475201274648e-08,0.4628100784914337,"[np.float64(5.4503482421817475), 3.1]",0.713835582412475,1.542394203555979,14613548.048084365,0
4.008990587838791e-08,0.47196142421367043,"[np.float64(4.882856177063728), 3.1]",0.7349546776665853,1.557234638172145,18332661.5905774,0
4.115764221339151e-08,0.4707373862858663,"[np.float64(4.951562065938497), 3.1]",0.7320986820587491,1.555216779859004,17787673.022254545,0
4.71559978883655e-08,0.46443612948669183,"[np.float64(5.339606988737012), 3.1]",0.7175489691158425,1.5449895552029906,15216494.215953786,0
4.3683815703879065e-08,0.46797239572713145,"[np.float64(5.114365245311629), 3.1]",0.7256828853428058,1.5506959213165683,16612167.999746554,0
4.010677885871094e-08,0.4719418075782931,"[np.float64(4.883941818705202), 3.1]",0.7349088303921366,1.5572022198313473,18323805.88281821,0
4.0875249695335326e-08,0.47105774467417105,"[np.float64(4.933388683364425), 3.1]",0.7328452226456738,1.5557439208489825,17928825.587805666,0
4.840550674492132e-08,0.46322934920938225,"[np.float64(5.421331350848321), 3.1]",0.7147914574803734,1.543061679274738,14766738.446661733,0
4.3315895762001604e-08,0.4683643198641152,"[np.float64(5.090616228106192), 3.1]",0.7265892981939542,1.5513335823803933,16774195.371283231,0
5.72788450863702e-08,0.45546411377133084,"[np.float64(6.018894602105665), 3.1]",0.6972677455099687,1.5308950242785477,12173215.86108389,0
4.2040321658181775e-08,0.4697510996642094,"[np.float64(5.00838992936984), 3.1]",0.7298044765520818,1.5535982290914603,17359631.129512284,0
5.039531502094762e-08,0.4613717063901689,"[np.float64(5.552453918218791), 3.1]",0.7105647715869088,1.540113452440459,14099818.034504818,0
4.4196037306212286e-08,0.4674325396596268,"[np.float64(5.14745864480432), 3.1]",0.7244359620268978,1.5498192799209374,16391423.443863135,0
4.020531848465594e-08,0.4718274235879935,"[np.float64(4.890282043533485), 3.1]",0.7346415461135412,1.5570132412545836,18272247.89660382,0
4.3687793744172685e-08,0.4679681773045606,"[np.float64(5.1146221187567456), 3.1]",0.7256731346595212,1.550689063601097,16610432.170343129,0
4.301066084051844e-08,0.46869216294901156,"[np.float64(5.0709256081515734), 3.1]",0.7273482678187326,1.5518677829862924,16910883.339265738,0
4.882977175999234e-08,0.46282683896238364,"[np.float64(5.449181964635667), 3.1]",0.7138737724052605,1.5424208630720329,14619641.80201551,0
4.837114501561566e-08,0.4632621065655821,"[np.float64(5.419078058043959), 3.1]",0.7148661863729876,1.5431138792522565,14778773.298465589,0
3.8833468915035384e-08,0.4734480150339917,"[np.float64(4.801998037358478), 3.1]",0.7384363615029377,1.559698927980342,19015462.23229707,0
4.2069316206705036e-08,0.46971908028988557,"[np.float64(5.010257419260268), 3.1]",0.7297301014566784,1.5535457938100532,17345898.798810843,0
4.758610198470992e-08,0.4640170617471641,"[np.float64(5.367690172653855), 3.1]",0.7165903435027753,1.5443189541449114,15058815.780561848,0
4.2518506459635904e-08,0.46922602641755806,"[np.float64(5.039197236412938), 3.1]",0.7285856633546249,1.5527392393751538,17135730.391806994,0
4.138886479828531e-08,0.4704768384439714,"[np.float64(4.9664445718210875), 3.1]",0.7314920094899634,1.554788567082832,17673642.7310823,0
4.3539876975962166e-08,0.4681253068564157,"[np.float64(5.1050720806822625), 3.1]",0.72603640933174,1.5509445840628977,16675205.805762285,0
4.307831557367193e-08,0.4686192840937639,"[np.float64(5.0752891071803745), 3.1]",0.7271794906318977,1.5517489683296934,16880406.788150422,0
4.318375130789739e-08,0.4685059493904659,"[np.float64(5.082090346415905), 3.1]",0.7269170912836835,1.5515642698442034,16833115.912066348,0
5.476983749715556e-08,0.4575330879214746,"[np.float64(5.846165315839752), 3.1]",0.7018997611200456,1.53409617719388,12815443.557898056,0
4.2682857290026864e-08,0.4690470171530305,"[np.float64(5.0497900713392), 3.1]",0.7281705488348051,1.552446817068732,17060023.509835344,0
4.2004726506306384e-08,0.4697904406384831,"[np.float64(5.0060973865682366), 3.1]",0.7298958674319805,1.5536626638038722,17376517.552671067,0
3.946754367670433e-08,0.47269133337706426,"[np.float64(4.842809723464755), 3.1]",0.7366623715523111,1.5584427289778084,18665016.946243986,0
4.08201661984176e-08,0.47112051248945674,"[np.float64(4.929844054406919), 3.1]",0.7329915701922222,1.5558472848465197,17956604.258525454,0
4.0676886983797624e-08,0.4712842096567227,"[np.float64(4.920624349736511), 3.1]",0.7333733616572946,1.5561169812828533,18029240.092768434,0
4.903276371988232e-08,0.46263551498291827,"[np.float64(5.462526808047055), 3.1]",0.7134379322095173,1.5421166536163124,14550228.828325765,0
4.471051074926447e-08,0.4668969192820973,"[np.float64(5.180736831298008), 3.1]",0.7232006696191212,1.5489514703397864,16175182.468274947,0
4.761444342936155e-08,0.4639895846986553,"[np.float64(5.36954240216361), 3.1]",0.7165275282466002,1.5442750265869851,15048533.105497815,0
4.568799464489085e-08,0.46589686523147983,"[np.float64(5.244090148071576), 3.1]",0.7208991784819614,1.5473364005653574,15778744.155551976,0
4.051480760030808e-08,0.47147014024365147,"[np.float64(4.910195352155394), 3.1]",0.7338072188519819,1.5564235276337055,18112074.629385673,0
4.891266937836933e-08,0.4627486086598299,"[np.float64(5.454630157766767), 3.1]",0.713695534026247,1.5422964449167909,14591220.293159155,0
4.796494715790856e-08,0.46365115392759115,"[np.float64(5.392467301355577), 3.1]",0.7157542355967981,1.5437343993078427,14922443.951421784,0
4.308227384881461e-08,0.4686150239446023,"[np.float64(5.075544417673692), 3.1]",0.7271696257824827,1.551742024106435,16878626.88803949,0
3.908204929023161e-08,0.4731497685671977,"[np.float64(4.817999743578608), 3.1]",0.7377366971885689,1.559203335177779,18876612.42403077,0
4.13417826341106e-08,0.4705297644726976,"[np.float64(4.963413972160484), 3.1]",0.7316152095514094,1.554875514349871,17696750.42865139,0
4.5876262470287394e-08,0.4657068227815156,"[np.float64(5.256313373562977), 3.1]",0.7204625441558942,1.5470302536106415,15704473.410895558,0
4.2970823858877354e-08,0.46873513316232474,"[np.float64(5.0683564868919975), 3.1]",0.7274477968126577,1.5519378543377498,16928877.119082138,0
4.1480724639950125e-08,0.47037376334104447,"[np.float64(4.9723577318605265), 3.1]",0.7312521254898419,1.5546192889156694,17628721.09484732,0
4.0286668749304683e-08,0.47173322207312873,"[np.float64(4.8955162736156135), 3.1]",0.7344214865571157,1.556857673346705,18229888.67923688,0
4.857948122170021e-08,0.46306386162672525,"[np.float64(5.43274522030722), 3.1]",0.7144140371082492,1.5427980810217854,14706086.173458848,0
4.486897496567202e-08,0.4667332477616624,"[np.float64(5.190995609509941), 3.1]",0.722823563406411,1.5486866788961244,16109651.801928231,0
4.2744054043574875e-08,0.46898055022521795,"[np.float64(5.053735000750352), 3.1]",0.7280164675449445,1.5523382946165467,17031993.895636983,0
4.3436159314307305e-08,0.4682358225186944,"[np.float64(5.098377337448061), 3.1]",0.7262920103549575,1.5511244023324597,16720907.691203866,0
4.4537255627420626e-08,0.46707656745860077,"[np.float64(5.1695253036494915), 3.1]",0.7236147842820255,1.5492423184902397,16247403.978715554,0
4.2137908268793485e-08,0.4696434265157957,"[np.float64(5.014675558883302), 3.1]",0.7295543979894434,1.5534219299136853,17313493.430563502,0
4.126398467333626e-08,0.47061736126184306,"[np.float64(4.958406460892352), 3.1]",0.7318191552632791,1.5550194606103962,17735057.849034198,0
4.940825778542443e-08,0.4622837175006495,"[np.float64(5.48724668541816), 3.1]",0.7126371353035024,1.5415579401247268,14423441.895045575,0
4.595776114391333e-08,0.4656248080154345,"[np.float64(5.261606920146348), 3.1]",0.7202741813951499,1.5468982085921725,15672525.455268905,0
4.317821289272854e-08,0.46851189539993693,"[np.float64(5.081733054594443), 3.1]",0.7269308557898619,1.5515739577312764,16835593.85831555,0
4.025439887049616e-08,0.4717705650282291,"[np.float64(4.893439966860161), 3.1]",0.7345087147206363,1.5569193357298283,18246669.5648257,0
4.2005881919527616e-08,0.46978916307506974,"[np.float64(5.006171800776399), 3.1]",0.729892899436892,1.5536605711789462,17375968.937759183,0
4.497841824928855e-08,0.46662056224046455,"[np.float64(5.198083355638562), 3.1]",0.7225640308316896,1.5485044794475413,16064682.995897012,0
4.1673818450840587e-08,0.4701578931800716,"[np.float64(4.984788872882124), 3.1]",0.730749959020978,1.5542650025043798,17534989.261494905,0
5.4707047286298526e-08,0.4575860258729267,"[np.float64(5.8418866786333234), 3.1]",0.7020186298073903,1.534178471617801,12832325.351677535,0
5.071214698903098e-08,0.46108277614662135,"[np.float64(5.573458048966562), 3.1]",0.7099093319660003,1.5396570175509086,13998802.53777371,0
4.073620090220515e-08,0.47121636766725206,"[np.float64(4.9244410178277604), 3.1]",0.7332151124847494,1.55600518741426,17999103.8988876,0
4.303332597588257e-08,0.46866773408388984,"[np.float64(5.072387377255539), 3.1]",0.7272916901918328,1.551827952511982,16900661.84053339,0
4.356252228637999e-08,0.4681012144507273,"[np.float64(5.106533962698758), 3.1]",0.7259806987498975,1.5509053946842832,16665258.590338292,0
4.826450648653131e-08,0.463363917821119,"[np.float64(5.412087371631305), 3.1]",0.7150984904341343,1.5432761657332954,14816239.561751029,0
4.314242316712795e-08,0.4685503386067776,"[np.float64(5.079424286142245), 3.1]",0.7270198540326891,1.551636599376844,16851623.08144612,0
4.963538085695026e-08,0.46207224173345596,"[np.float64(5.502221305747232), 3.1]",0.7121561300511013,1.5412224880236476,14347751.901079262,0
4.4348706501113474e-08,0.4672729122446294,"[np.float64(5.157329567057773), 3.1]",0.7240676235767302,1.5495604487290762,16326690.916195061,0
3.980463253512793e-08,0.4722944507798779,"[np.float64(4.864500782899128), 3.1]",0.7357333963965701,1.5577853925272416,18483612.32193964,0
4.065190458148877e-08,0.47131281604917113,"[np.float64(4.91901682920356), 3.1]",0.7334400982679776,1.5561641298365612,18041961.522313435,0
4.458219751804178e-08,0.4670298966618789,"[np.float64(5.1724330709173), 3.1]",0.7235071815576163,1.5491667379945535,16228611.908706907,0
4.336798026357719e-08,0.46830862295942643,"[np.float64(5.093977246783954), 3.1]",0.7264604263694739,1.5512428999890813,16751078.14461895,0
4.086919853921985e-08,0.4710646355123712,"[np.float64(4.932999287024714), 3.1]",0.7328612878693826,1.5557552671561907,17931873.245962907,0
5.035402203872141e-08,0.4614094973344852,"[np.float64(5.549719142698638), 3.1]",0.7106505395252759,1.540173194593155,14113083.935555285,0
4.3345016706087215e-08,0.4683331704271735,"[np.float64(5.0924953663570385), 3.1]",0.7265172219859548,1.5512828641270229,16761262.936228732,0
5.232006275316891e-08,0.45964373127852814,"[np.float64(5.680655829616826), 3.1]",0.7066526960180334,1.5373922190833196,13506342.669194007,0
4.960607526878013e-08,0.462099473216722,"[np.float64(5.500288167692725), 3.1]",0.7122180526445361,1.5412656666468647,14357476.353158997,0
4.763434692093297e-08,0.46397029830636277,"[np.float64(5.370843305543907), 3.1]",0.716483440509954,1.5442441965042666,15041319.695202844,0
4.426962545848696e-08,0.467355525056898,"[np.float64(5.152216092033571), 3.1]",0.7242582313020555,1.5496943814109847,16360161.70909816,0
4.4438189990556825e-08,0.4671796195548902,"[np.float64(5.163116840874888), 3.1]",0.7238524274054465,1.549409257396767,16288971.885652097,0
4.2928063205161275e-08,0.4687813042447868,"[np.float64(5.065599000238649), 3.1]",0.7275547530086881,1.5520131592721875,16948231.499091104,0
4.180920385157367e-08,0.47000717880153914,"[np.float64(4.993506061610751), 3.1]",0.7303995392349175,1.5540178367005948,17469826.544124108,0
4.45183003890215e-08,0.4670962667734104,"[np.float64(5.168298986001166), 3.1]",0.7236602065935785,1.549274224759814,16255342.191186568,0
4.602928276668516e-08,0.4655529582410678,"[np.float64(5.266253584771768), 3.1]",0.7201091997966866,1.5467825669444188,15644588.759872738,0
4.795902282602442e-08,0.46365685307205506,"[np.float64(5.3920795352294), 3.1]",0.715767251751129,1.5437434969604438,14924558.708121259,0
4.185244387055605e-08,0.46995915338433636,"[np.float64(4.996290431889891), 3.1]",0.730287908142095,1.5539391091396824,17449110.269421227,0
4.6598456498389724e-08,0.4649852786586361,"[np.float64(5.30327198642476), 3.1]",0.7188068511343052,1.5458701256260834,15425550.654433042,0
4.212909260395163e-08,0.46965314237931816,"[np.float64(5.014107706612549), 3.1]",0.7295769607043745,1.553437835012136,17317651.90299735,0
4.078132706022337e-08,0.4711648248944447,"[np.float64(4.9273447962526395), 3.1]",0.733094903028638,1.55592027310798,17976239.516336687,0
3.992441151920118e-08,0.4721543061735682,"[np.float64(4.872207843539366), 3.1]",0.7354056073273268,1.5575535322068736,18419948.581424728,0
4.404876312898015e-08,0.4675870788035335,"[np.float64(5.137939828613359), 3.1]",0.7247927150688964,1.550070025295616,16454326.150920855,0
4.349534758931522e-08,0.4681727205848371,"[np.float64(5.102197645564595), 3.1]",0.7261460583594952,1.551021720044688,16694798.377421761,0
4.78274022639023e-08,0.463783657342269,"[np.float64(5.383467077007527), 3.1]",0.7160569106999324,1.5439459743004431,14971687.292336509,0
3.9982944919092724e-08,0.47208598687942405,"[np.float64(4.875974057517792), 3.1]",0.7352458592286814,1.557440550372598,18388987.122296374,0
4.5553555591718184e-08,0.46603307253829224,"[np.float64(5.23536611995612), 3.1]",0.7212122651850021,1.5475559733493867,15832183.80687986,0
3.907698903531861e-08,0.4731558191225082,"[np.float64(4.817674032507366), 3.1]",0.7377508855872237,1.5592133833531217,18879419.92972971,0
4.221730541052511e-08,0.46955601985787065,"[np.float64(5.01979010889324), 3.1]",0.7293514448051233,1.553278871871113,17276124.985070463,0
4.2920762015890697e-08,0.46878919264694136,"[np.float64(5.065128190714889), 3.1]",0.7275730280157692,1.5520260266830115,16951540.3232216,0
4.5836677110056025e-08,0.46574671364034814,"[np.float64(5.253742703093604), 3.1]",0.7205541767503901,1.547094495028054,15720035.181003753,0
4.174717982298252e-08,0.47007616029286775,"[np.float64(4.989512326554976), 3.1]",0.7305599070456089,1.5541309446334273,17499622.971979138,0
4.159617496420918e-08,0.47024456548951227,"[np.float64(4.979790042367653), 3.1]",0.7309515436967029,1.5544072113535252,17572566.331535038,0
4.737908834754823e-08,0.46421827399762,"[np.float64(5.354167440739417), 3.1]",0.7170504809870086,1.5446407889377591,15134324.15007864,0
4.943609460117019e-08,0.462257745548987,"[np.float64(5.489081092879585), 3.1]",0.7125780464025704,1.541516725817753,14414124.98603203,0
4.607495481018274e-08,0.46550713745421113,"[np.float64(5.269221406669254), 3.1]",0.7200040032231102,1.5467088370775675,15626797.816500226,0
4.257687369839258e-08,0.46916236891230906,"[np.float64(5.042958874639942), 3.1]",0.7284380207746313,1.5526352261870844,17108771.910656564,0
4.042678504542215e-08,0.47157145399693007,"[np.float64(4.904531688454687), 3.1]",0.7340437223899332,1.5565906633413646,18157360.80831525,0
4.023674896264035e-08,0.47179100339064517,"[np.float64(4.892304338560629), 3.1]",0.7345564598415761,1.5569530884703198,18255860.097534437,0
4.6020350002534386e-08,0.4655619256324898,"[np.float64(5.265673175610651), 3.1]",0.72012978893912,1.5467969979735492,15648072.839503868,0
4.1438920029746605e-08,0.4704206414090267,"[np.float64(4.9696666545473835), 3.1]",0.7313612150788945,1.5546962669161073,17649137.92526187,0
4.631097379096798e-08,0.46527110051052006,"[np.float64(5.284565407960063), 3.1]",0.7194623156681076,1.5463292581006547,15535460.750955407,0
4.841901083561657e-08,0.463216482141118,"[np.float64(5.422216985747914), 3.1]",0.7147621058829408,1.5430411771599912,14762013.794738004,0
4.095037290341155e-08,0.4709722887770338,"[np.float64(4.938222999989854), 3.1]",0.732646017269409,1.5556032376593945,17891070.711309023,0
5.020212911593935e-08,0.4615487772027339,"[np.float64(5.539664783747828), 3.1]",0.710966718243883,1.5403934608012038,14162082.978631053,0
4.465905276217264e-08,0.46695019946222127,"[np.float64(5.177406413694778), 3.1]",0.7233234664622562,1.549037707437101,16196569.826821981,0
4.175109283281988e-08,0.4700718050932255,"[np.float64(4.9897642789046825), 3.1]",0.7305497811912305,1.554123802524907,17497740.337396793,0
4.3521527800202635e-08,0.4681448383445562,"[np.float64(5.103887585431575), 3.1]",0.7260815761175244,1.5509763574133992,16683274.06727996,0
4.4815380945884706e-08,0.46678853484899696,"[np.float64(5.187525520486431), 3.1]",0.7229509280419388,1.548776103243,16131759.069836173,0
5.003930288660887e-08,0.4616985547990927,"[np.float64(5.528895848346807), 3.1]",0.7113068646631512,1.5406304768977999,14214963.511282362,0
5.031034389645801e-08,0.46144950510735966,"[np.float64(5.546827073231526), 3.1]",0.7107413484725885,1.5402364518892036,14127141.52650876,0
4.7170691915784504e-08,0.4644217475813266,"[np.float64(5.340565633796933), 3.1]",0.7175160517081233,1.5449665211521482,15211056.326863509,0
4.7444057922728205e-08,0.4641550278072167,"[np.float64(5.358410227967816), 3.1]",0.7169058201760797,1.5445395982521624,15110550.226199012,0
4.354173177354866e-08,0.46812333303262926,"[np.float64(5.1051918158662435), 3.1]",0.7260318449784484,1.5509413732381554,16674390.645608367,0
4.089297740603659e-08,0.47103756334308516,"[np.float64(4.934529480150603), 3.1]",0.7327981738836089,1.5557106925459099,17919902.642634034,0
4.096035117492301e-08,0.47096095080887773,"[np.float64(4.938865132171354), 3.1]",0.7326195910000227,1.555584576049766,17886067.135297205,0
4.2195270865220057e-08,0.4695802595644256,"[np.float64(5.018370654999945), 3.1]",0.7294077230573145,1.5533185396973463,17286480.406469848,0
4.266748378204409e-08,0.46906373059039586,"[np.float64(5.048799103841454), 3.1]",0.7282092978140161,1.552474110282289,17067078.563476738,0
5.555107963307656e-08,0.45687928699702823,"[np.float64(5.899573611420046), 3.1]",0.7004331406869125,1.5330814082002113,12608812.381566323,0
4.026337010877537e-08,0.4717601801808426,"[np.float64(4.8940171934808845), 3.1]",0.7344844561936132,1.5569021868527755,18242001.457139153,0
4.119862648584054e-08,0.4706910891960666,"[np.float64(4.954199836321952), 3.1]",0.7319908495243295,1.5551406566343946,17767360.51566927,0
4.334451245199839e-08,0.46833370961716503,"[np.float64(5.092462826618236), 3.1]",0.7265184695564063,1.5512837419930587,16761486.713248525,0
4.2920895819805325e-08,0.4687890480687144,"[np.float64(5.0651368188704975), 3.1]",0.7275726930687808,1.5520257908459805,16951479.673754882,0
4.3446296864503934e-08,0.4682250081761859,"[np.float64(5.099031635356968), 3.1]",0.7262669954394475,1.5511068028347694,16716430.348585475,0
4.562858151289598e-08,0.4659570081141516,"[np.float64(5.240234263258404), 3.1]",0.7210374085539983,1.5474333382648822,15802319.17466494,0
5.549511031059863e-08,0.45692583066492015,"[np.float64(5.895736517515715), 3.1]",0.7005374600137521,1.533153551407517,12623408.730840225,0
4.164448620899005e-08,0.47019061591579514,"[np.float64(4.982900369987764), 3.1]",0.7308260606936053,1.554318686837609,17549167.422212966,0
4.1219488374400934e-08,0.4706675420442137,"[np.float64(4.955542543780403), 3.1]",0.7319360101653406,1.555101945178501,17757037.727326673,0
4.686977488503022e-08,0.4647171999631465,"[np.float64(5.32094440038052), 3.1]",0.7181925496179388,1.5454400002300188,15323149.116453787,0
4.297067765050269e-08,0.46873529094832134,"[np.float64(5.068347058095259), 3.1]",0.7274481623035716,1.5519381116617772,16928943.225429017,0
4.207325447827675e-08,0.4697147329874579,"[np.float64(5.010511081292725), 3.1]",0.7297200039858479,1.553538675154421,17344035.13668325,0
3.913967455305063e-08,0.47308092634653,"[np.float64(4.821708803074352), 3.1]",0.7375752807197214,1.5590890260907504,18844696.312433526,0
4.880245970675991e-08,0.46285264292125616,"[np.float64(5.447387430449239), 3.1]",0.7139325721472842,1.542461911076834,14629028.463669697,0
4.322280868390353e-08,0.4684640406373286,"[np.float64(5.084610097040411), 3.1]",0.7268200825350929,1.551495994327078,16815660.63534797,0
5.8336132359220654e-08,0.4546179334467085,"[np.float64(6.092795133725506), 3.1]",0.6953810166408398,1.5295943373125958,11920245.45540389,0
4.2589241136298374e-08,0.4691488924898376,"[np.float64(5.0437559676178285), 3.1]",0.7284067678914756,1.5526132099038343,17103069.8941161,0
4.2020836990064284e-08,0.4697726303558915,"[np.float64(5.007134988103645), 3.1]",0.7298544920946298,1.5536334918909704,17368870.883442946,0
3.994442062121024e-08,0.4721309396025021,"[np.float64(4.873495292711097), 3.1]",0.7353509668569377,1.5575148866033788,18409353.682463247,0
4.513086200409639e-08,0.46646408105297194,"[np.float64(5.207959424066857), 3.1]",0.7222037647165942,1.5482516104698323,16002436.750511035,0
4.103404987824416e-08,0.47087730178719006,"[np.float64(4.943607962133385), 3.1]",0.7324246495508202,1.555446921673525,17849192.35912769,0
4.9075907385009895e-08,0.4625949550866877,"[np.float64(5.465364777036846), 3.1]",0.7133455656908282,1.5420521945751684,14535555.299966143,0
4.370748646855031e-08,0.4679473005949676,"[np.float64(5.11589376480469), 3.1]",0.7256248808201627,1.5506551269717193,16601844.202189151,0
4.118927924101322e-08,0.4707016437553257,"[np.float64(4.953598236860492), 3.1]",0.7320154313797624,1.555158009518806,17771989.33480914,0
4.6167639684751295e-08,0.465414295880056,"[np.float64(5.275245557673289), 3.1]",0.7197908961690129,1.546559490202066,15590809.950086154,0
4.468874995600462e-08,0.466919442777013,"[np.float64(5.179328395089028), 3.1]",0.7232525781494406,1.5489879235867345,16184220.38793816,0
4.698859140441524e-08,0.4646003075505908,"[np.float64(5.328689132283749), 3.1]",0.7179248343657382,1.54525260250191,15278705.168809954,0
4.2307508976994185e-08,0.4694569299954961,"[np.float64(5.0256013692797135), 3.1]",0.7291214235013205,1.5531167545195586,17233853.779899906,0
4.260313565356393e-08,0.4691337570404386,"[np.float64(5.044651498840478), 3.1]",0.7283716689896703,1.5525884847525178,17096668.06951894,0
4.058217726705706e-08,0.47139275894974286,"[np.float64(4.914530204090883), 3.1]",0.7336266273007954,1.5562959196388726,18077557.112647165,0
5.032478218144255e-08,0.46143627623635697,"[np.float64(5.547783002000162), 3.1]",0.7107113206917547,1.5402155341764114,14122491.740338463,0
4.3580227288146997e-08,0.46808238730389834,"[np.float64(5.107676965054429), 3.1]",0.7259371659965405,1.5508747726609764,16657489.214012926,0
5.0514325929452184e-08,0.461262962699709,"[np.float64(5.560339317174671), 3.1]",0.710318024123768,1.539941598532806,14061714.395947622,0
4.529062874621856e-08,0.46630067658125973,"[np.float64(5.218314450490325), 3.1]",0.7218277263795598,1.5479877311603487,15937683.939524183,0
3.932557260070194e-08,0.47285959583118803,"[np.float64(4.833673247921506), 3.1]",0.7370565293738787,1.5587217344681095,18742423.329920504,0
4.5382559036276884e-08,0.4662069265586109,"[np.float64(5.224274925481372), 3.1]",0.7216120590651844,1.5478364176008534,15900647.17347381,0
4.054814515433376e-08,0.4714318310734095,"[np.float64(4.912340424894685), 3.1]",0.7337178085100584,1.5563603476656347,18094978.345307592,0
4.437961319251581e-08,0.46724066747637966,"[np.float64(5.159328291947636), 3.1]",0.7239932389770769,1.549508185765266,16313644.642111737,0
4.577918871664232e-08,0.4658047097268108,"[np.float64(5.250009986788436), 3.1]",0.7206874166769057,1.5471879129336856,15742686.51062641,0
4.0973059782367145e-08,0.4709465147734181,"[np.float64(4.9396829740642945), 3.1]",0.7325859450328585,1.555560816466219,17879698.243774526,0
4.583901380895641e-08,0.46574435791046637,"[np.float64(5.253894439141741), 3.1]",0.7205487651620891,1.547090700990533,15719115.776904045,0
5.284943887553275e-08,0.45917954469556427,"[np.float64(5.716184861492695), 3.1]",0.7056049989633549,1.5366647036317147,13351229.719300253,0
4.1110551480515454e-08,0.4707906428714576,"[np.float64(4.9485313572554), 3.1]",0.7322227414075059,1.5553043640407025,17811065.895200808,0
4.4733776525070745e-08,0.4668728508061259,"[np.float64(5.182242762861913), 3.1]",0.7231452040565696,1.5489125204173921,16165529.94695826,0
4.649309543702003e-08,0.4650898180151895,"[np.float64(5.296413920916572), 3.1]",0.7190465268953536,1.5460379888855578,15465662.592188137,0
4.2514580398670356e-08,0.46923031167842866,"[np.float64(5.038944221400717), 3.1]",0.7285956032146755,1.5527462422632112,17137546.61065554,0
3.921109366652649e-08,0.47299575895038937,"[np.float64(4.826305512939909), 3.1]",0.7373756288229524,1.5589476541169003,18805280.849700738,0
4.109282681248502e-08,0.4708107053852994,"[np.float64(4.947390637292028), 3.1]",0.7322694810899661,1.5553373632205232,17819885.802246258,0
4.468497020380894e-08,0.4669233561830436,"[np.float64(5.179083764072876), 3.1]",0.7232615974699432,1.5489942576066162,16185791.199392866,0
4.232486689767472e-08,0.4694378880281333,"[np.float64(5.0267197073435455), 3.1]",0.7290772278664172,1.5530856082556415,17225741.775610212,0
4.6431548982221374e-08,0.4651509982706789,"[np.float64(5.292408976423632), 3.1]",0.7191868262417334,1.5461362630962836,15489184.444764266,0
4.950985367852594e-08,0.4621889994128317,"[np.float64(5.493942954109758), 3.1]",0.7124216623830114,1.5414076563658528,14389492.382846856,0
5.101943061589139e-08,0.4608042781620129,"[np.float64(5.593865067014126), 3.1]",0.7092780569249273,1.5392176039553915,13902116.279282885,0
4.085223366559414e-08,0.47108396038098993,"[np.float64(4.931907590019394), 3.1]",0.7329063432942771,1.555787088784636,17940422.775744885,0
4.171358814900792e-08,0.47011356605164334,"[np.float64(4.987349450407406), 3.1]",0.7306468806108175,1.5541922917632924,17515800.319090858,0
4.458880045142197e-08,0.4670230438887077,"[np.float64(5.1728603122448), 3.1]",0.7234913831940557,1.5491556415928478,16225854.382027516,0
4.18453066022591e-08,0.469967076865725,"[np.float64(4.995830831092575), 3.1]",0.7303063245903919,1.553952096944546,17452526.552905336,0
4.449459739019932e-08,0.4671209126539891,"[np.float64(5.166765590852583), 3.1]",0.7237170381063108,1.5493141465117628,16265278.945207886,0
4.4568290190853006e-08,0.4670443337064143,"[np.float64(5.1715332235883205), 3.1]",0.7235404656633679,1.549190116324563,16234422.78276729,0
4.6334409329617476e-08,0.46524773148378257,"[np.float64(5.2860896635221755), 3.1]",0.7194087047972938,1.5462916981947084,15526446.008613292,0
4.7510508547452696e-08,0.46409043207803097,"[np.float64(5.362750879075977), 3.1]",0.7167580988794562,1.5444362765034172,15086306.604434054,0
4.268739872643861e-08,0.4690420811220557,"[np.float64(5.050082813972776), 3.1]",0.7281591053235364,1.552438756841633,17057940.447248388,0
4.196723376698082e-08,0.4698319175773692,"[np.float64(5.003682722241263), 3.1]",0.7299922310735061,1.5537306082516098,17394337.571228076,0
4.219927130617151e-08,0.4695758577623946,"[np.float64(5.018628358557651), 3.1]",0.729397502943823,1.5533113359352009,17284599.48163017,0
4.63576353657193e-08,0.46522458347857704,"[np.float64(5.287600414290498), 3.1]",0.7193556044062395,1.5462544971881624,15517521.520051278,0
4.3155702582455414e-08,0.46853607068685316,"[np.float64(5.0802809146383225), 3.1]",0.726986821865002,1.551613349211879,16845672.260253094,0
5.1128156143994525e-08,0.46070613985758924,"[np.float64(5.601094293821877), 3.1]",0.7090557221840427,1.5390628881204445,13868204.4427164,0
4.582413487201743e-08,0.46575936016804753,"[np.float64(5.252928278686002), 3.1]",0.7205832289898765,1.5471148636280496,15724971.808030829,0
4.510565009862831e-08,0.4664899223879096,"[np.float64(5.206325782436743), 3.1]",0.7222632483332344,1.5482933578415796,16012700.110827109,0
3.994745912261764e-08,0.472127392363228,"[np.float64(4.87369079918788), 3.1]",0.7353426722904612,1.5575090202026032,18407745.78511607,0
4.235816809025875e-08,0.46940137937415694,"[np.float64(5.028865308750451), 3.1]",0.7289924992984425,1.5530258992216703,17210198.933652453,0
4.458371228904246e-08,0.4670283244809915,"[np.float64(5.172531083209432), 3.1]",0.7235035570297205,1.549164192201297,16227979.230153501,0
4.2397000571117006e-08,0.4693588454391613,"[np.float64(5.031367407151359), 3.1]",0.7288937982154216,1.5529563473623753,17192107.6584833,0
4.678313740173691e-08,0.4648026278945894,"[np.float64(5.315299332416002), 3.1]",0.7183882577473357,1.5455770140573644,15355709.292824475,0
4.466387041575599e-08,0.4669452084697233,"[np.float64(5.177718198902234), 3.1]",0.7233119627613668,1.5490296284050342,16194565.227517886,0
3.894412259955743e-08,0.4733149953886318,"[np.float64(4.809121455647376), 3.1]",0.7381242355658689,1.559477816585562,18953418.033206817,0
5.0336682498568775e-08,0.46142537561337676,"[np.float64(5.548570953783422), 3.1]",0.7106865785559785,1.5401982988284002,14118661.446871981,0
4.705680639676948e-08,0.4645333352396683,"[np.float64(5.333137110130558), 3.1]",0.7177714888662957,1.5451452768098406,15253297.956819521,0
4.326873654739326e-08,0.46841481130157264,"[np.float64(5.087573313105461), 3.1]",0.7267061428161786,1.5514158077044964,16795178.246542983,0
4.243189938184574e-08,0.4693206556625718,"[np.float64(5.0336161543490014), 3.1]",0.728805187800863,1.55289390954242,17175879.43076332,0
4.543077008089919e-08,0.46615784061108884,"[np.float64(5.22740142268541), 3.1]",0.7214991616756907,1.5477572161606754,15881288.395308012,0
4.1394758165587665e-08,0.4704702181565025,"[np.float64(4.966823925041924), 3.1]",0.7314766002030761,1.5547776925589571,17670754.28432308,0
4.435740682417912e-08,0.4672638328532531,"[np.float64(5.157892198953879), 3.1]",0.7240466778955646,1.5495457319568657,16323016.373916801,0
4.94057472215344e-08,0.4622860606044359,"[np.float64(5.48708125531556), 3.1]",0.7126424663192533,1.5415616585701895,14424282.728156675,0
5.126457535954873e-08,0.4605832992316762,"[np.float64(5.6101713953907), 3.1]",0.708777509356001,1.5388693218758713,13825873.02020793,0
4.078383495938499e-08,0.4711619622001902,"[np.float64(4.927506175895852), 3.1]",0.7330882270797975,1.5559155574794012,17974970.421733294,0
4.418890953286198e-08,0.46744000650977213,"[np.float64(5.1469978798843865), 3.1]",0.7244531957001316,1.5498313914322317,16394457.41835691,0
4.1574192046533026e-08,0.4702691363132674,"[np.float64(4.978374801302163), 3.1]",0.7310086999791231,1.5544475355324305,17583232.866219554,0
4.3316934804734745e-08,0.46836320806149695,"[np.float64(5.090683274524696), 3.1]",0.7265867255034288,1.551331772003805,16773733.61662722,0
5.231933121007885e-08,0.45964437594179236,"[np.float64(5.680606816718417), 3.1]",0.7066541520044595,1.5373932304872746,13506559.34738571,0
4.199420392105676e-08,0.4698020774056628,"[np.float64(5.005419685342729), 3.1]",0.7299229020880341,1.5536817251188169,17381515.398177028,0
4.03526888123422e-08,0.4716569241925261,"[np.float64(4.899764145814831), 3.1]",0.7342432930113196,1.5567317161055991,18195647.29443123,0
4.232656550892199e-08,0.46943602506841353,"[np.float64(5.02682914696652), 3.1]",0.7290729041379441,1.55308256121096,17224948.33615223,0
4.6272427723796654e-08,0.46530956392438855,"[np.float64(5.282058624663588), 3.1]",0.7195505621498782,1.5463910865730734,15550309.278020287,0
4.321472192345971e-08,0.46847271446358557,"[np.float64(5.084088372961278), 3.1]",0.7268401594429653,1.551510124288066,16819271.93076279,0
4.2871668629366896e-08,0.4688422716327699,"[np.float64(5.061962596861876), 3.1]",0.7276960061542018,1.552112619069008,16973820.460436508,0
4.4091794115577364e-08,0.467541868741048,"[np.float64(5.140720736295567), 3.1]",0.7246883319500543,1.5499966535647935,16435900.295879008,0
4.3944737290033636e-08,0.4676965656162093,"[np.float64(5.131218178179919), 3.1]",0.7250455577206406,1.550247769652453,16499030.428498566,0
4.248405175783614e-08,0.4692636478581102,"[np.float64(5.036976849111369), 3.1]",0.7286729320611908,1.5528007238300234,17151681.676095966,0
5.20546827401935e-08,0.4598781818473559,"[np.float64(5.662890535175945), 3.1]",0.7071823804070614,1.5377602337346619,13585374.901555544,0
4.66117814487822e-08,0.46497207509411637,"[np.float64(5.30413950530725), 3.1]",0.7187765844823675,1.5458489293940454,15420491.604084497,0
4.016010857382966e-08,0.47187986502570767,"[np.float64(4.887373154671909), 3.1]",0.734764076948959,1.5570998709786643,18295868.787261397,0
4.40803510352481e-08,0.46755388674301496,"[np.float64(5.139981193102723), 3.1]",0.7247160783984473,1.5500161563126482,16440796.44054877,0
4.025104381816228e-08,0.4717744493858804,"[np.float64(4.893224096428256), 3.1]",0.7345177885817297,1.5569257502984069,18248415.914379265,0
4.3015031321867827e-08,0.4686874513038759,"[np.float64(5.071207474466071), 3.1]",0.7273373552772778,1.5518601004866779,16908911.44155733,0
4.308629512183312e-08,0.468610696419676,"[np.float64(5.075803793301851), 3.1]",0.7271596050365529,1.5517349701837087,16876819.020535354,0
4.5127173384256526e-08,0.46646786081583075,"[np.float64(5.207720407439479), 3.1]",0.7222124650051481,1.5482577164952627,16003937.557877395,0
4.7166700132411074e-08,0.46442565411592723,"[np.float64(5.340305202630857), 3.1]",0.7175249928821636,1.5449727777162354,15212533.22509007,0
4.429347197130404e-08,0.4673305971714602,"[np.float64(5.1537579356178895), 3.1]",0.7242007120346001,1.549653963206899,16350055.206866164,0
4.520846333093919e-08,0.466384637243534,"[np.float64(5.212988441515724), 3.1]",0.7220209214685047,1.5481232952608686,15970923.766709346,0
4.338697114608677e-08,0.46828833260968755,"[np.float64(5.095202810632318), 3.1]",0.7264134833959253,1.5512098696710042,16742664.081114203,0
4.118544390266183e-08,0.47070597522352753,"[np.float64(4.953351391030324), 3.1]",0.7320255196955544,1.5551651311584311,17773889.27567789,0
4.3830435640297416e-08,0.46781718423615926,"[np.float64(5.123834297241334), 3.1]",0.7253241966204417,1.5504436798420171,16548414.042081375,0
5.024496061272203e-08,0.4615094594837193,"[np.float64(5.5424991215805655), 3.1]",0.7108774508128534,1.5403312677666383,14148233.815768164,0
4.285461063505503e-08,0.46886072963178527,"[np.float64(5.060862736439488), 3.1]",0.7277387755466583,1.552142735686523,16981574.78885991,0
5.8369961795461733e-08,0.4545910970832509,"[np.float64(6.09517141407997), 3.1]",0.6953212525464472,1.5295531676879948,11912312.963009484,0
4.8545434577641836e-08,0.4630961996997385,"[np.float64(5.430510824765283), 3.1]",0.7144877754910725,1.5428495762960932,14717919.032084186,0
4.389472920404626e-08,0.46774929654029834,"[np.float64(5.127987436670553), 3.1]",0.7251673589866767,1.5503334037065748,16520602.180177707,0
4.0290663528732294e-08,0.47172860154194746,"[np.float64(4.895773305723151), 3.1]",0.734410694241487,1.556850044370653,18227813.34235809,0
4.4373522686565034e-08,0.46724701979148925,"[np.float64(5.1589344093592535), 3.1]",0.7240078924368333,1.5495184811663958,16316214.007864673,0
4.003130243759639e-08,0.47202962673362103,"[np.float64(4.879085502892055), 3.1]",0.7351140975178257,1.5573473694960895,18363481.89429443,0
4.604640819176035e-08,0.46553577149711395,"[np.float64(5.267366362267627), 3.1]",0.7200697404448814,1.5467549102171312,15637913.329659713,0
4.417726130689707e-08,0.46745221159357053,"[np.float64(5.146244912877409), 3.1]",0.7244813661029218,1.5498511893507245,16399417.815196566,0
5.0556123309354725e-08,0.4612248323213873,"[np.float64(5.563109951190081), 3.1]",0.7102315211706013,1.53988135806986,14048377.816168167,0
5.0081197411442836e-08,0.4616599707328196,"[np.float64(5.531665755788098), 3.1]",0.7112192262991222,1.5405694047291185,14201322.313763583,0
4.136647127232643e-08,0.4705020033735256,"[np.float64(4.965003125795697), 3.1]",0.7315505856080817,1.5548299058512467,17684626.29534172,0
4.256171650798545e-08,0.46917889094765935,"[np.float64(5.04198199830848), 3.1]",0.7284763382703942,1.5526622197324336,17115765.01229026,0
4.5338762470692937e-08,0.4662515652436972,"[np.float64(5.22143509260363), 3.1]",0.721714741153818,1.5479084574795947,15918271.73536851,0
4.374338013452748e-08,0.46790927451941317,"[np.float64(5.118211708277282), 3.1]",0.7255369956121637,1.5505933203768154,16586212.436735852,0
3.903067688891295e-08,0.4732112345046228,"[np.float64(4.814693026387404), 3.1]",0.7378808443466264,1.5593054233360937,18905151.105801824,0
3.9100337456175785e-08,0.47312790852219,"[np.float64(4.819176879991299), 3.1]",0.737685437924954,1.5591670341940018,18866472.412207756,0
4.2594505364681495e-08,0.4691431574878871,"[np.float64(5.044095256280848), 3.1]",0.728393468326072,1.5526038410671663,17100643.899718605,0
4.3472626929107616e-08,0.46819693280065994,"[np.float64(5.100731089377703), 3.1]",0.7262020571228224,1.5510611160539383,16704811.933888106,0
4.564258621368089e-08,0.4659428240342298,"[np.float64(5.2411430982180365), 3.1]",0.7210048063313065,1.5474104742910235,15796756.190717185,0
5.0175591684994655e-08,0.46157315453562997,"[np.float64(5.537909020470321), 3.1]",0.7110220697469867,1.5404320263432936,14170676.336231876,0
4.500931752930937e-08,0.4665887996818715,"[np.float64(5.200084829945437), 3.1]",0.7224908913222247,1.5484531386412013,16052029.46815956,0
3.968008616823592e-08,0.47244066124013306,"[np.float64(4.856486734148684), 3.1]",0.73607550914565,1.5580274297590913,18550249.76570947,0
4.513750308544492e-08,0.4664572766919995,"[np.float64(5.208389761686532), 3.1]",0.7221881026141834,1.548240618595907,15999735.32534769,0
4.56829930680504e-08,0.46590192509163947,"[np.float64(5.243765520742988), 3.1]",0.7209108069781066,1.5473445550505265,15780726.230092276,0
4.8100790538133856e-08,0.46352067172026346,"[np.float64(5.401361388974362), 3.1]",0.7154562865151411,1.543526168660115,14874106.61053344,0
4.48183284973244e-08,0.46678549237756634,"[np.float64(5.187716354839967), 3.1]",0.7229439186040815,1.548771181644432,16130541.74136013,0
4.724652713680043e-08,0.46434759664769654,"[np.float64(5.345514028486951), 3.1]",0.7173463554158961,1.5448477834163343,15183049.398294363,0
4.039056673080501e-08,0.47161321066764383,"[np.float64(4.9022013035264544), 3.1]",0.7341412171794995,1.5566595688449978,18176056.35673307,0
4.542731209441314e-08,0.46616135953610255,"[np.float64(5.227177156634576), 3.1]",0.721507254669816,1.5477628934921146,15882675.452386063,0
4.322585893289605e-08,0.4684607694008797,"[np.float64(5.084806888324373), 3.1]",0.7268125108797634,1.5514906655028828,16814298.866983056,0
4.226001248081524e-08,0.4695090773266947,"[np.float64(5.02254138277105), 3.1]",0.7292424673152814,1.553202062604337,17256087.36264182,0
4.062969988611958e-08,0.4713382577775906,"[np.float64(4.917588052635122), 3.1]",0.7334994564061992,1.5562060670922964,18053282.659289006,0
4.634876867858026e-08,0.4652334189547559,"[np.float64(5.287023661286287), 3.1]",0.71937587215285,1.5462686961935759,15520927.365764178,0
4.2114655258039174e-08,0.4696690586803612,"[np.float64(5.013177751709276), 3.1]",0.7296139237339748,1.553463891753879,17324466.252034687,0
5.919410145512049e-08,0.45394176244882306,"[np.float64(6.153294731358968), 3.1]",0.6938765620492591,1.5285585496828704,11722055.82975762,0
5.02089808028551e-08,0.46154248533936676,"[np.float64(5.540118144241213), 3.1]",0.7109524324634217,1.5403835075782173,14159865.846609533,0
4.4316133109628646e-08,0.46730692153141845,"[np.float64(5.155223216693304), 3.1]",0.7241460859213521,1.5496155793033028,16340461.929066991,0
4.4355996928296205e-08,0.46726530405001193,"[np.float64(5.157801023109877), 3.1]",0.724050071833677,1.549548116579572,16323611.731783234,0
4.307019497416726e-08,0.4686280253073046,"[np.float64(5.074765330250801), 3.1]",0.7271997322501368,1.55176321726229,16884059.444966484,0
4.5874792961347566e-08,0.46570830298976373,"[np.float64(5.256217937946341), 3.1]",0.7204659441348271,1.5470326371884826,15705050.58718991,0
4.286197112124159e-08,0.4688527640862224,"[np.float64(5.061337320144536), 3.1]",0.7277203181553464,1.5521297385835995,16978227.99835498,0
4.211501883795466e-08,0.46966865778371375,"[np.float64(5.013201170848705), 3.1]",0.7296129926964177,1.5534632354207685,17324294.58250366,0
4.605948690815193e-08,0.4655226504334431,"[np.float64(5.268216234580287), 3.1]",0.7200396168302103,1.5467337972916877,15632818.886281876,0
3.9538654845101814e-08,0.47260730144714896,"[np.float64(4.84738582025332), 3.1]",0.7364655942161064,1.5583034624327832,18626470.655142743,0
4.3804244375110266e-08,0.4678448698651028,"[np.float64(5.122142594448727), 3.1]",0.7253881658740055,1.5504886610879414,16559768.949836599,0
4.4714486232100615e-08,0.466892805706872,"[np.float64(5.1809941472720835), 3.1]",0.7231911896631802,1.5489448130781849,16173532.351669958,0
4.2594309292476433e-08,0.46914337108101795,"[np.float64(5.0440826190415455), 3.1]",0.7283939636483138,1.5526041899940326,17100734.247073993,0
3.9617980641456884e-08,0.4725137566394318,"[np.float64(4.852490384537745), 3.1]",0.7362465946224683,1.5581484862128303,18583647.694856215,0
4.548258526313154e-08,0.46610514583986584,"[np.float64(5.230762147743893), 3.1]",0.7213779811587178,1.5476722100093547,15860531.607544111,0
4.19013061137467e-08,0.4699049476022492,"[np.float64(4.999436978828184), 3.1]",0.7301619291967933,1.5538502689161693,17425755.827626735,0
4.583630189087295e-08,0.4657470919271323,"[np.float64(5.253718337938832), 3.1]",0.7205550457549955,1.5470951042840408,15720182.825187178,0
4.2406294727826596e-08,0.46934867155771326,"[np.float64(5.031966277400389), 3.1]",0.7288701911922425,1.5529397127581244,17187782.99000891,0
3.886497592774873e-08,0.4734100973890765,"[np.float64(4.804026391802907), 3.1]",0.738347377324828,1.5596358873562646,18997757.227418337,0
4.839320115356296e-08,0.463241077510661,"[np.float64(5.420524363675527), 3.1]",0.7148182123051697,1.5430803678862415,14771046.247527296,0
4.31834498325337e-08,0.46850627303174275,"[np.float64(5.082070897680192), 3.1]",0.726917840479859,1.5515647971497022,16833250.777760025,0
4.0124969671752446e-08,0.4719206688666122,"[np.float64(4.885112251258095), 3.1]",0.7348594285738982,1.5571672890250232,18314267.514356066,0
4.677765651178836e-08,0.46480803777235113,"[np.float64(5.314942272886145), 3.1]",0.7184006528829802,1.5455856923774434,15357773.485337755,0
4.457227881138161e-08,0.46704019267794616,"[np.float64(5.171791296534265), 3.1]",0.7235309185291636,1.549183410490934,16232755.825452855,0
4.627548558337394e-08,0.46530651140574275,"[np.float64(5.28225747572911), 3.1]",0.7195435584217568,1.5463861793980394,15549130.373259174,0
5.0038818638836845e-08,0.4616990009726262,"[np.float64(5.528863835325695), 3.1]",0.7113078781396145,1.5406311831759572,14215121.329573996,0
4.6919369101405176e-08,0.4646683716488285,"[np.float64(5.324176645128273), 3.1]",0.7180807089820661,1.5453617091131675,15304568.725766614,0
4.286747835010577e-08,0.4688468050963025,"[np.float64(5.061692414531258), 3.1]",0.727706510528473,1.552120015788526,16975724.687726527,0
4.132363651183136e-08,0.4705501802432376,"[np.float64(4.962245963149992), 3.1]",0.7316627377809904,1.554909058589199,17705671.609310284,0
4.659134272075004e-08,0.4649923292351289,"[np.float64(5.302808861953447), 3.1]",0.7188230136905772,1.545881444696039,15428252.797926778,0
4.225209289744524e-08,0.4695177784948483,"[np.float64(5.022031176826135), 3.1]",0.729262666078859,1.5532162986813516,17259799.836399432,0
5.737546097299218e-08,0.45538618087958005,"[np.float64(6.0256188004646), 3.1]",0.6970937919233238,1.530775023908026,12149685.250484701,0
4.3080979247914285e-08,0.4686164172311377,"[np.float64(5.075460915157064), 3.1]",0.727172852079637,1.5517442952088687,16879208.986755848,0
4.470366143347038e-08,0.46690400741821814,"[np.float64(5.180293510619139), 3.1]",0.7232170048653661,1.5489629417927906,16178026.176707787,0
4.2433465337285045e-08,0.4693189428246886,"[np.float64(5.0337170609988435), 3.1]",0.7288012137828161,1.552891109394354,17175151.9228961,0
4.2996972453066e-08,0.46870692316441037,"[np.float64(5.070042813382851), 3.1]",0.7273824545657076,1.5518918509990953,16917062.134076834,0
4.629877838939894e-08,0.4652832661624215,"[np.float64(5.283772263309203), 3.1]",0.7194902262620474,1.5463488128345606,15540155.729611855,0
4.239104821875465e-08,0.46936536245586885,"[np.float64(5.030983870314038), 3.1]",0.7289089203625302,1.5529670032501905,17194878.423413135,0
5.449431037039832e-08,0.4577658215221671,"[np.float64(5.8274054179066015), 3.1]",0.7024224801914589,1.5344581162825945,12889831.533183685,0
4.187091589958364e-08,0.46993865328453843,"[np.float64(4.997479943915731), 3.1]",0.730240261898901,1.5539055082935584,17440274.381630197,0
4.1070852047190915e-08,0.4708355915485027,"[np.float64(4.945976405680963), 3.1]",0.7323274620589405,1.555378300205456,17830831.978296608,0
4.4474968948280796e-08,0.46714133236729266,"[np.float64(5.165495854880459), 3.1]",0.7237641273501351,1.549347225779352,16273516.192710293,0
4.3135868837673995e-08,0.4685573825553506,"[np.float64(5.079001486684598), 3.1]",0.7270361622108639,1.5516480782905586,16854561.68616419,0
4.210538299871006e-08,0.46967928386980334,"[np.float64(5.012580504340294), 3.1]",0.7296376709416338,1.5534806324221269,17328845.363168575,0
4.9583279673783006e-08,0.4621206667165726,"[np.float64(5.498784660023319), 3.1]",0.7122662485108564,1.541299274866023,14365049.129403694,0
4.1596269943575765e-08,0.47024445935915027,"[np.float64(4.979796157112506), 3.1]",0.7309512968263064,1.5544070371875254,17572520.27207782,0
4.8756245429374135e-08,0.462896338915632,"[np.float64(5.444351452966717), 3.1]",0.7140321522807057,1.542531431450457,14644937.197123127,0
3.905568912794513e-08,0.47318129686210947,"[np.float64(4.8163030186974005), 3.1]",0.737810632856389,1.5592556970217604,18891246.04713403,0
4.8277856935652986e-08,0.4633511591187539,"[np.float64(5.412962378324163), 3.1]",0.7150693751309173,1.5432558245692218,14811539.296037842,0
3.9138913702966764e-08,0.4730818345761625,"[np.float64(4.821659831761456), 3.1]",0.7375774100726987,1.5590905339527563,18845117.053332772,0
4.588088433400574e-08,0.46570216758882393,"[np.float64(5.25661353826756), 3.1]",0.7204518514563351,1.5470227574556488,15702658.34920611,0
4.199091342352052e-08,0.4698057169588511,"[np.float64(5.00520776424908), 3.1]",0.7299313577145174,1.5536876869858312,17383078.81880127,0
4.8725622235855425e-08,0.46292531667156284,"[np.float64(5.442340070026593), 3.1]",0.7140981972498183,1.5425775422787216,14655496.728050794,0
4.513456500823469e-08,0.4664602868761841,"[np.float64(5.208199375262742), 3.1]",0.7221950313418822,1.5482454812569706,16000930.355928311,0
4.8043681457274645e-08,0.46357548085288214,"[np.float64(5.397621644911501), 3.1]",0.7155814270386787,1.543613621933063,14894392.047683666,0
4.256143267924306e-08,0.46917920039400746,"[np.float64(5.041963705828859), 3.1]",0.7284770559474931,1.5526627253205862,17115896.014063615,0
3.9475494570006944e-08,0.47268192962087574,"[np.float64(4.843321380840352), 3.1]",0.7366403485200039,1.5584271417162943,18660699.670617815,0
4.452059960925814e-08,0.4670938768279301,"[np.float64(5.1684477320120905), 3.1]",0.723654695769436,1.549270353710971,16254378.919437345,0
4.5449536372695997e-08,0.46613874849454634,"[np.float64(5.228618541676303), 3.1]",0.7214552540817117,1.5477264149606573,15873764.87552311,0
4.305249682680387e-08,0.46864708210934203,"[np.float64(5.073623828243599), 3.1]",0.7272438628972634,1.5517942832888205,16892025.23660583,0
3.95370162879084e-08,0.4726092358702771,"[np.float64(4.847280378488548), 3.1]",0.7364701235328399,1.5583066678260769,18627357.162459284,0
4.347409219827455e-08,0.4681953709350744,"[np.float64(5.100825666558726), 3.1]",0.726198444677989,1.5510585746023797,16704165.81365237,0
4.285367133883679e-08,0.4688617462465909,"[np.float64(5.060802173619974), 3.1]",0.7277411312285507,1.5521443944923714,16982001.973049723,0
4.202511136001648e-08,0.46976790623124703,"[np.float64(5.007410283474733), 3.1]",0.7298435177526422,1.5536257544877297,17366843.15956459,0
5.2544533159961085e-08,0.4594463393335622,"[np.float64(5.6957061291888), 3.1]",0.7062070048808051,1.5370826675976461,13440161.371895766,0
4.8126430763060736e-08,0.46349608579143214,"[np.float64(5.403040721056196), 3.1]",0.71540015798196,1.5434869460880016,14865015.889170462,0
4.9772271435769865e-08,0.46194525471302533,"[np.float64(5.51125512117555), 3.1]",0.711867431931086,1.5410212025520644,14302490.35047028,0
4.396793118781909e-08,0.4676721304013642,"[np.float64(5.13271672404487), 3.1]",0.7249891217482335,1.5502080937045264,16489043.313211085,0
4.444372993980682e-08,0.4671738502879638,"[np.float64(5.163475173876072), 3.1]",0.723839121397806,1.54939990958748,16286642.061279528,0
4.590062296207174e-08,0.46568229212348733,"[np.float64(5.257895504004629), 3.1]",0.72040620025645,1.5469907540856551,15694911.17477274,0
4.342815322691753e-08,0.46824436499382777,"[np.float64(5.097860617270633), 3.1]",0.7263117706909153,1.5511383051037664,16724445.24398368,0
4.2520304773789245e-08,0.4692240637147453,"[np.float64(5.039313129227844), 3.1]",0.7285811108145281,1.5527360320067758,17134898.60175336,0
4.1440704452747454e-08,0.4704186393861213,"[np.float64(4.969781521018822), 3.1]",0.7313565558964616,1.5546929791108077,17648265.529134214,0
4.444450000804985e-08,0.4671730484039278,"[np.float64(5.163524983535449), 3.1]",0.7238372719812672,1.5493986103312665,16286318.258730885,0
4.486776763687783e-08,0.46673449246661175,"[np.float64(5.190917432318758), 3.1]",0.7228264306127095,1.5486886919213871,16110149.193573922,0
4.2744799167925985e-08,0.46897974155772615,"[np.float64(5.053783035945633), 3.1]",0.7280145930956722,1.5523369744662239,17031653.143008463,0
3.910687003783028e-08,0.4731201027676249,"[np.float64(4.819597352703063), 3.1]",0.7376671350923414,1.5591540726703172,18862852.853699476,0
4.20290059885045e-08,0.46976360225358044,"[np.float64(5.007661122300799), 3.1]",0.7298335195553066,1.5536187053532924,17364995.968615722,0
4.983991282902725e-08,0.4618826372596679,"[np.float64(5.515721338350102), 3.1]",0.7117251121032067,1.5409219890270063,14280223.854819646,0
4.289036149420533e-08,0.4688220535721272,"[np.float64(5.063167903756947), 3.1]",0.7276491610056126,1.5520796333307845,16965330.569757987,0
4.702630666015961e-08,0.46456326694837596,"[np.float64(5.331148223694042), 3.1]",0.7178400195222601,1.5451932397445216,15264648.034339674,0
4.948235443663154e-08,0.462214617560539,"[np.float64(5.4921301186460445), 3.1]",0.7124799351627247,1.5414482971633994,14398666.823243951,0
4.23480643514009e-08,0.46941245302553863,"[np.float64(5.028214313600576), 3.1]",0.7290181979032425,1.5530440089615174,17214911.922630206,0
4.0756890325250835e-08,0.4711927286924939,"[np.float64(4.925772335487991), 3.1]",0.7331599788882541,1.555966241080777,17988614.269573618,0
4.0340521652269474e-08,0.471670975315408,"[np.float64(4.89898128301123), 3.1]",0.7342761065431319,1.5567549096107067,18201948.72224274,0
4.395314554116272e-08,0.4676877057870489,"[np.float64(5.131761422267223), 3.1]",0.7250250944712145,1.5502333833024435,16495408.588953404,0
4.4560152149936934e-08,0.4670527839178883,"[np.float64(5.1710066815672056), 3.1]",0.723559947952699,1.5492038006563016,16237824.896065194,0
3.919798143697993e-08,0.4730113825828466,"[np.float64(4.825461593003422), 3.1]",0.7374122506606762,1.5589735845976613,18812505.736966114,0
4.612202690104775e-08,0.4654599615154295,"[np.float64(5.2722806743466455), 3.1]",0.719895709458098,1.5466329415623308,15608501.139869552,0
4.465561305379098e-08,0.46695376327776916,"[np.float64(5.177183807634254), 3.1]",0.7233316807714424,1.5490434763691279,16198001.355398169,0
4.5609305467854396e-08,0.46597653849555676,"[np.float64(5.23898340836565), 3.1]",0.7210823013979221,1.5474648224264576,15809982.063992258,0
4.293667725562352e-08,0.4687719992300303,"[np.float64(5.066154475305129), 3.1]",0.7275331966598652,1.551997981651755,16944329.25790918,0
4.0040459577308795e-08,0.4720189625273474,"[np.float64(4.8796746946467895), 3.1]",0.7350891684968478,1.5573297406547706,18358659.622214425,0
4.1397714861329665e-08,0.47046689714817325,"[np.float64(4.96701424672905), 3.1]",0.7314688703781019,1.5547722375623938,17669305.487713765,0
4.797192701088834e-08,0.46364444030957136,"[np.float64(5.392924167268554), 3.1]",0.7157389027727216,1.5437236825159144,14919953.134471085,0
4.2754231937622344e-08,0.4689695056750638,"[np.float64(5.054391133620484), 3.1]",0.7279908672150114,1.5523202647624097,17027340.551390022,0
5.7466073116837826e-08,0.4553132033291562,"[np.float64(6.031930344383266), 3.1]",0.6969309334610588,1.5306626918904254,12127693.709714347,0
5.096692039025164e-08,0.4608517501227268,"[np.float64(5.590375262288859), 3.1]",0.7093856276284751,1.5392924675658988,13918549.957437847,0
4.297986609905466e-08,0.4687253760166119,"[np.float64(5.068939614097469), 3.1]",0.7274251959541875,1.5519219423025374,16924789.720789455,0
4.350463443331467e-08,0.46816282794637776,"[np.float64(5.102797104183555), 3.1]",0.7261231794428195,1.5510056247481225,16690708.677390335,0
4.2575980124289694e-08,0.4691633427749131,"[np.float64(5.04290128348593), 3.1]",0.7284402792839106,1.5526368172233542,17109184.03187467,0
4.229826547138057e-08,0.46946707370821705,"[np.float64(5.025005837544705), 3.1]",0.7291449676022451,1.5531333472289963,17238176.54167384,0
4.205097150910418e-08,0.46973933602830237,"[np.float64(5.009075861354945), 3.1]",0.7297771510286739,1.5535789640250692,17354584.80122569,0
4.534059505423784e-08,0.4662496965186252,"[np.float64(5.221553912685785), 3.1]",0.7217104422816393,1.5479054413771811,15917533.535197468,0
4.8541238027471264e-08,0.46310018725647956,"[np.float64(5.430235439846832), 3.1]",0.7144968685142098,1.5428559265913204,14719378.770476555,0
5.176172468122583e-08,0.46013837709234184,"[np.float64(5.6433134695696285), 3.1]",0.7077706339039053,1.5381691011655563,13673629.27457895,0
4.099344698288365e-08,0.4709233665269233,"[np.float64(4.940994969590321), 3.1]",0.732531996392735,1.5555227208095126,17869490.13335218,0
4.103785123132264e-08,0.47087299160171764,"[np.float64(4.943852600272441), 3.1]",0.7324146060245506,1.5554398300339443,17847294.242967725,0
4.509560520999899e-08,0.46650022227274446,"[np.float64(5.205674941530037), 3.1]",0.7222869586090453,1.5483099988465865,16016792.66184665,0
4.227955093315453e-08,0.4694876180859142,"[np.float64(5.023800136066748), 3.1]",0.7291926542370426,1.553166955094444,17246934.703491107,0
4.190275346830174e-08,0.46990334300096825,"[np.float64(4.999530185436425), 3.1]",0.7301582002531785,1.5538476393679836,17425064.93769014,0
4.454949274243157e-08,0.4670638546726646,"[np.float64(5.170317019990257), 3.1]",0.7235854726984207,1.5492217294475417,16242283.091345621,0
4.3504278969122185e-08,0.46816320655677446,"[np.float64(5.102774159047374), 3.1]",0.726124055051611,1.5510062407340282,16690865.180571973,0
4.184498971815477e-08,0.4699674286901658,"[np.float64(4.99581042557489), 3.1]",0.7303071423409223,1.5539526736487732,17452678.25992733,0
5.2833768096926775e-08,0.4591932196996191,"[np.float64(5.715131339320833), 3.1]",0.7056358448973046,1.5366861151802191,13355773.595454568,0
5.123579400800407e-08,0.46060918860583533,"[np.float64(5.608255727019157), 3.1]",0.7088361364060273,1.53891010848377,13834783.867998468,0
4.326597849585901e-08,0.4684177660443911,"[np.float64(5.087395359764861), 3.1]",0.7267129810339931,1.5514206200392573,16796406.929836266,0
4.053263096116747e-08,0.47144965464453603,"[np.float64(4.91134217729757), 3.1]",0.7337594060239947,1.5563897412911145,18102930.61723472,0
4.436562739066834e-08,0.4672552558465148,"[np.float64(5.158423816732357), 3.1]",0.7240268916749973,1.5495318300129033,16319545.879504135,0
4.8265311677191974e-08,0.4633631482174716,"[np.float64(5.412140143460695), 3.1]",0.715096734172672,1.5432749387248499,14815956.000768866,0
4.224922580432394e-08,0.46952092897231074,"[np.float64(5.021846470346225), 3.1]",0.7292699796712462,1.5532214533385662,17261144.217147052,0
4.872542802318729e-08,0.4629255005080971,"[np.float64(5.442327314728807), 3.1]",0.7140986162598651,1.5425778348267396,14655563.742201349,0
4.8559074203789154e-08,0.4630832417748199,"[np.float64(5.431405917258672), 3.1]",0.7144582275897093,1.5428289411887717,14713176.461958965,0
3.9805078977063546e-08,0.47229392757884264,"[np.float64(4.864529509133714), 3.1]",0.7357321724262307,1.5577845266778512,18483374.26613759,0
5.001857873459668e-08,0.4617176534008591,"[np.float64(5.527525873913533), 3.1]",0.7113502479759143,1.5406607105800358,14221720.528094294,0
4.7273849506566895e-08,0.46432091119307567,"[np.float64(5.347297225080843), 3.1]",0.7172852936398065,1.5448050612166857,15172982.55011298,0
4.3749039656169484e-08,0.46790328178777996,"[np.float64(5.118577204779434), 3.1]",0.7255231461616334,1.550583580840748,16583750.223173646,0
3.9647448868947345e-08,0.47247905830470505,"[np.float64(4.854386608456174), 3.1]",0.7361653761354225,1.5580910163020694,18567786.75896097,0
4.2536432869880136e-08,0.46920646527085524,"[np.float64(5.040352521266402), 3.1]",0.7285402918766349,1.552707274517362,17127442.117801823,0
4.9687696553791144e-08,0.46202366911449244,"[np.float64(5.505673022572419), 3.1]",0.7120456907778059,1.5411454831794698,14330422.622971786,0
4.3030184850665926e-08,0.4686711188237306,"[np.float64(5.072184789721306), 3.1]",0.7272995290720998,1.5518334709795518,16902077.729764722,0
5.23683102447442e-08,0.45960123345450854,"[np.float64(5.683888887961759), 3.1]",0.7065567194996945,1.5373255510847745,13492066.408054594,0
4.134370620156162e-08,0.4705276008788056,"[np.float64(4.963537787015721), 3.1]",0.7316101728293442,1.5548719596106881,17695805.23967902,0
4.234584132620663e-08,0.469414889830345,"[np.float64(5.028071082732835), 3.1]",0.7290238530983472,1.5530479941993947,17215949.199884597,0
4.106771764491995e-08,0.47083914239355684,"[np.float64(4.945774686060718), 3.1]",0.7323357353137544,1.5553841415793386,17832394.33088739,0
4.6239397173692204e-08,0.4653425501557389,"[np.float64(5.27991079661154), 3.1]",0.7196262498684649,1.5464441186984157,15563054.3184913,0
4.5074477647621414e-08,0.4665218940277342,"[np.float64(5.204306077695275), 3.1]",0.7223368490817321,1.5483450151619036,16025406.988157298,0
4.809968230585576e-08,0.463521734686083,"[np.float64(5.401288808422373), 3.1]",0.7154587133033029,1.5435278645301123,14874499.768082697,0
4.494172967743631e-08,0.46665830559250415,"[np.float64(5.195707103696366), 3.1]",0.7226509506855276,1.5485654964781912,16079731.596275115,0
5.8430504560315533e-08,0.4545431057448243,"[np.float64(6.099425975176843), 3.1]",0.6952143878834094,1.5294795567171036,11898141.101379104,0
4.929030165070423e-08,0.4623939363830525,"[np.float64(5.479476365533736), 3.1]",0.7128879422982113,1.5417328952766514,14463046.855547616,0
3.8914549612925475e-08,0.4733505052499624,"[np.float64(4.807217733584333), 3.1]",0.7382075469266715,1.559536831035695,18969962.50167253,0
4.242554034755329e-08,0.4693276118519678,"[np.float64(5.033206394605195), 3.1]",0.7288213273056016,1.55290528172777,17178834.29026575,0
4.7557839132636565e-08,0.464044479374306,"[np.float64(5.365843293159478), 3.1]",0.7166530277015967,1.5443627918338674,15069083.052804086,0
4.309534920544252e-08,0.46860095436896926,"[np.float64(5.076387796063391), 3.1]",0.7271370469442703,1.5517190909767837,16872749.85237711,0
3.936830273505469e-08,0.4728088828818717,"[np.float64(4.83642319177662), 3.1]",0.7369377139825402,1.5586376243414601,18719062.361973487,0
4.022406964213142e-08,0.47180569188726507,"[np.float64(4.891488527529489), 3.1]",0.7345907746389774,1.5569773473917798,18262467.750641365,0
4.6889878695533097e-08,0.4646974001841764,"[np.float64(5.32225457049281), 3.1]",0.7181471966441749,1.545408251390146,15315612.166695332,0
4.147716957301626e-08,0.47037774787590597,"[np.float64(4.972128879140896), 3.1]",0.7312613973175939,1.5546258313021084,17630455.618006527,0
3.988318533384004e-08,0.47220249019552973,"[np.float64(4.869555206011096), 3.1]",0.7355182922088214,1.5576332346410493,18441814.164345335,0
4.627876977658344e-08,0.46530323318229955,"[np.float64(5.282471047467018), 3.1]",0.7195360369005827,1.5463809094545409,15547864.396012103,0
4.4472512232650186e-08,0.4671438887877909,"[np.float64(5.165336937753972), 3.1]",0.7237700228174355,1.5493513672962165,16274547.725821266,0
4.092088880570167e-08,0.4710058079979212,"[np.float64(4.936325625303615), 3.1]",0.7327241479488211,1.555658413350298,17905870.799334344,0
4.345966092558078e-08,0.46821075601046763,"[np.float64(5.0998941979258525), 3.1]",0.7262340295606642,1.5510836097589096,16710531.423709195,0
4.0655921139597794e-08,0.4713082155584305,"[np.float64(4.919275278350903), 3.1]",0.73342936530339,1.556156547015385,18039915.090966888,0
4.762690114707014e-08,0.46397751225651784,"[np.float64(5.370356633134163), 3.1]",0.7164999309654743,1.544255728000337,15044017.429413443,0
4.569767594346515e-08,0.46588707275983754,"[np.float64(5.244718527042415), 3.1]",0.720876674032409,1.5473206194841498,15774908.879922932,0
4.303465702052302e-08,0.4686662998874606,"[np.float64(5.072473223578919), 3.1]",0.7272883686902272,1.5518256142267295,16900061.927840784,0
4.990342636904161e-08,0.4618239191978288,"[np.float64(5.519916436480325), 3.1]",0.711591677529161,1.5408289782070397,14259375.143238828,0
3.9196626786938226e-08,0.4730129970165185,"[np.float64(4.8253744055989465), 3.1]",0.7374160349882777,1.5589762641607197,18813252.451458707,0
4.6895409686907574e-08,0.46469195437898836,"[np.float64(5.32261504374016), 3.1]",0.7181347230307171,1.5453995195385473,15313539.807526376,0
4.753872168053982e-08,0.4640630346120289,"[np.float64(5.364594154462232), 3.1]",0.7166954527655106,1.5443924624694363,15076035.438683093,0
4.295441872384464e-08,0.4687528409194426,"[np.float64(5.067298554010443), 3.1]",0.727488815548685,1.5519667339439283,16936297.52565701,0
4.2200240369676424e-08,0.4695747915407624,"[np.float64(5.018690784637762), 3.1]",0.7293950274069327,1.5533095910316048,17284143.905754853,0
4.680064485903188e-08,0.46478535166452084,"[np.float64(5.316439926145449), 3.1]",0.7183486756219251,1.5455493015202093,15349119.179568177,0
4.263342663574202e-08,0.46910077900897634,"[np.float64(5.046603878296458), 3.1]",0.7282951984938806,1.5525346174706405,17082727.23927167,0
5.708926497257393e-08,0.455617396015972,"[np.float64(6.0057168194254915), 3.1]",0.6976099964931719,1.5311311696902739,12219635.28219024,0
4.501332615131233e-08,0.466584680742245,"[np.float64(5.2003444973946), 3.1]",0.7224814071303589,1.548446481314029,16050389.271429023,0
4.7252743079295724e-08,0.46434152420712105,"[np.float64(5.345919695677878), 3.1]",0.7173324600320039,1.5448380612887755,15180758.053098308,0
3.912457292815951e-08,0.4730989568272692,"[np.float64(4.820736798340564), 3.1]",0.7376175543579713,1.559118961717092,18853050.631693378,0
4.319714969744415e-08,0.4684915683131801,"[np.float64(5.082954711743239), 3.1]",0.726883801253188,1.5515408396150179,16827124.158522792,0
4.104604426350117e-08,0.4708637033520894,"[np.float64(4.944379868904985), 3.1]",0.7323929631004447,1.5554245483067022,17843204.53388247,0
4.6507631536351883e-08,0.46507538067572773,"[np.float64(5.297359939008448), 3.1]",0.7190134224841725,1.546014801814466,15460116.947090032,0
4.634181574259832e-08,0.4652403486446981,"[np.float64(5.286571404742346), 3.1]",0.7193917685545348,1.546279832886831,15523599.087060707,0
4.3435852040988446e-08,0.46823615034770494,"[np.float64(5.098357505604352), 3.1]",0.7262927686758592,1.5511249358609442,16721043.436433334,0
4.521127351988464e-08,0.46638176301470313,"[np.float64(5.2131705788674765), 3.1]",0.7220143070675785,1.548118653697907,15969784.765076902,0
4.8609290783938444e-08,0.46303556699726195,"[np.float64(5.434701833479577), 3.1]",0.7143495241664496,1.5427530303966341,14695740.51885748,0
4.446383980271852e-08,0.46715291437489714,"[np.float64(5.164775953474987), 3.1]",0.723790837433092,1.5493659895103193,16278190.112335721,0
4.3403250506684814e-08,0.4682709468269437,"[np.float64(5.0962534226059555), 3.1]",0.7263732624225839,1.55118156986798,16735457.689066641,0
4.001477709418988e-08,0.4720488785045167,"[np.float64(4.878022222312509), 3.1]",0.7351591029997987,1.5573791962578818,18372190.385300018,0
3.982484930883028e-08,0.47227076443551463,"[np.float64(4.865801624926977), 3.1]",0.7356779866242604,1.5577461956671939,18472837.92386228,0
4.9684769895563184e-08,0.4620263850096215,"[np.float64(5.505479901269039), 3.1]",0.7120518654982054,1.54114978841171,14331391.027772298,0
4.276658759601945e-08,0.46895610169105917,"[np.float64(5.055187672733353), 3.1]",0.7279597989729644,1.552298384321978,17021694.736306716,0
4.646400808930448e-08,0.4651187218108794,"[np.float64(5.2945210442579045), 3.1]",0.7191128064756751,1.5460844140521859,15476770.86086784,0
4.5253529069716206e-08,0.46633856708039084,"[np.float64(5.215909472778954), 3.1]",0.7219149075592759,1.548048903780302,15952676.45197606,0
4.364408858714571e-08,0.46801454579563684,"[np.float64(5.11180006458721), 3.1]",0.725780319500485,1.5507644495677795,16629521.728957487,0
4.260717869997851e-08,0.4691293538960633,"[np.float64(5.044912085092709), 3.1]",0.7283614584347723,1.5525812921016715,17094806.10212616,0
4.0285104235404895e-08,0.4717350317917326,"[np.float64(4.895415609674098), 3.1]",0.7344257136098181,1.55686066141906,18230701.58434298,0
4.736176706945621e-08,0.4642351509015913,"[np.float64(5.353036473923563), 3.1]",0.7170890872440261,1.5446677957310364,15140674.252977349,0
4.6601855409228966e-08,0.4649819103388529,"[np.float64(5.303493268067012), 3.1]",0.7187991297984091,1.545864718209335,15424259.90309517,0
4.848425548038176e-08,0.46315436687841083,"[np.float64(5.426496667746495), 3.1]",0.7146204269883955,1.5429422199013845,14739226.57794659,0
4.873266552537313e-08,0.462918650186317,"[np.float64(5.442802659682674), 3.1]",0.7140830027854421,1.5425669337323862,14653066.78974184,0
4.050555707461275e-08,0.47148077635136887,"[np.float64(4.909600138518271), 3.1]",0.733832044309599,1.5564410705956633,18116823.895492982,0
4.7334851741364e-08,0.4642613883506767,"[np.float64(5.3512792323941145), 3.1]",0.7171491095350468,1.5447097853275558,15150551.510196438,0
4.569192239470168e-08,0.4658928921170574,"[np.float64(5.2443450821918445), 3.1]",0.7208900476435308,1.5473299976046948,15777187.95493541,0
4.255003112213244e-08,0.46919163284790744,"[np.float64(5.041228892798049), 3.1]",0.7285058901717563,1.5526830385909882,17121159.984130383,0
4.153349879251242e-08,0.4703146570278848,"[np.float64(4.975755072286332), 3.1]",0.731114599894657,1.554522252219134,17603010.127970748,0
4.047147817254021e-08,0.47151998246039006,"[np.float64(4.907407382383926), 3.1]",0.7339235605869704,1.55650574288996,18134340.37318992,0
4.241340815211353e-08,0.46934088643371746,"[np.float64(5.032424636756585), 3.1]",0.7288521273865781,1.5529269843178473,17184474.41838645,0
4.1230972028958916e-08,0.4706545857414142,"[np.float64(4.956281659088469), 3.1]",0.7319058375432704,1.5550806466494138,17751360.240287576,0
5.791862171815066e-08,0.4549503439185758,"[np.float64(6.063528571061049), 3.1]",0.6961216605014815,1.5301047022091472,12018961.084554425,0
3.9853343745574454e-08,0.4722374020503133,"[np.float64(4.867635080545859), 3.1]",0.7355999477481665,1.557690993035308,18457672.01980014,0
4.4565929587024164e-08,0.46704678469435223,"[np.float64(5.171380488291416), 3.1]",0.7235461164637266,1.5491940854217299,16235409.497087985,0
4.449450571265094e-08,0.4671210080052273,"[np.float64(5.166759660219896), 3.1]",0.7237172579865224,1.5493143009710744,16265317.400317831,0
4.032523346906435e-08,0.4716886372410498,"[np.float64(4.897997607646276), 3.1]",0.734317354185269,1.5567840651840983,18209872.35569518,0
4.4394546554969074e-08,0.46722509607076895,"[np.float64(5.160294080358428), 3.1]",0.7239573201018861,1.5494829498461504,16307348.002878828,0
4.335366175156923e-08,0.4683239274690165,"[np.float64(5.093053239635488), 3.1]",0.726495836046056,1.5512678157878657,16757427.324342672,0
4.597464839068419e-08,0.46560783278785367,"[np.float64(5.262703964368741), 3.1]",0.7202351998692952,1.5468708839300351,15665920.786361814,0
4.2198127104737195e-08,0.46957711671501573,"[np.float64(5.018554650363447), 3.1]",0.7294004259699841,1.553313396258732,17285137.422321785,0
4.3628999849031054e-08,0.46803056545157173,"[np.float64(5.110825837946795), 3.1]",0.7258173535529551,1.55079049773739,16636121.755357511,0
4.582759587697979e-08,0.4657558700239329,"[np.float64(5.253153014194791), 3.1]",0.7205752111532224,1.5471092422650423,15723609.265638636,0
4.298943919352204e-08,0.46871504842825235,"[np.float64(5.069556985047302), 3.1]",0.7274012744246338,1.5519051006871594,16920464.376149476,0
4.0490201419395336e-08,0.47149843785378986,"[np.float64(4.90861210013801), 3.1]",0.733873269175458,1.5564702027772779,18124712.731706075,0
4.372900741019283e-08,0.4679244971444591,"[np.float64(5.117283525145458), 3.1]",0.7255721767650334,1.5506180616592777,16592468.471989812,0
4.9975384760393705e-08,0.4617574850266906,"[np.float64(5.524671010701317), 3.1]",0.7114407346859166,1.5407237733131576,14235823.05762946,0
4.288827484796417e-08,0.4688243100071063,"[np.float64(5.063033356057506), 3.1]",0.7276543890240629,1.5520833145641133,16966277.88372335,0
5.69476900618077e-08,0.45573217909891217,"[np.float64(5.995890001138966), 3.1]",0.6978663819171527,1.5313081101646053,12254516.05077799,0
5.0083512543449295e-08,0.46165783948927697,"[np.float64(5.531818841581292), 3.1]",0.7112143857488733,1.540566031621332,14200569.201927852,0
4.5718982837668225e-08,0.46586552881927995,"[np.float64(5.246101549098142), 3.1]",0.7208271652442853,1.5472859025890942,15766474.241207093,0
3.953522157929075e-08,0.4726113547406646,"[np.float64(4.847164888241195), 3.1]",0.736475084747888,1.5583101788826317,18628328.24323076,0
4.234437634515066e-08,0.4694164957677063,"[np.float64(5.027976693331543), 3.1]",0.7290275800854608,1.5530506206288597,17216632.833203837,0
4.389771813840347e-08,0.4677461430790852,"[np.float64(5.128180525185162), 3.1]",0.7251600744181497,1.5503282820133093,16519311.37130681,0
4.535816108432044e-08,0.4662317880680945,"[np.float64(5.222692881923161), 3.1]",0.7216692462680872,1.5478765385312707,15910460.852381341,0
4.339500972068482e-08,0.46827974682997564,"[np.float64(5.095721587640921), 3.1]",0.7263936204628362,1.5511958938650774,16739104.91409778,0
4.771598682364546e-08,0.463891276235029,"[np.float64(5.376180452421421), 3.1]",0.7163028246703831,1.5441179029792114,15011799.448218102,0
4.093239089848894e-08,0.47099272865244934,"[np.float64(4.937065810492452), 3.1]",0.7326936601530218,1.5556368826527776,17900094.376848873,0
4.066293930762683e-08,0.4713001782606493,"[np.float64(4.9197268695599705), 3.1]",0.7334106145824228,1.5561432997736215,18036340.38931521,0
4.5133430966847236e-08,0.4664614488044333,"[np.float64(5.208125890179178), 3.1]",0.7221977058397324,1.5482473582560046,16001391.659548834,0
4.298717644622058e-08,0.4687174892906425,"[np.float64(5.0694110591104815), 3.1]",0.7274069280699927,1.5519090810348277,16921486.550297633,0
4.223170769680745e-08,0.46954018354872257,"[np.float64(5.020717916813867), 3.1]",0.7293146790885154,1.5532529581950827,17269362.733907364,0
4.083704650322562e-08,0.4711012676019384,"[np.float64(4.930930295729349), 3.1]",0.7329466966797528,1.5558155901611015,17948082.915885188,0
4.421671438164285e-08,0.46741088614216536,"[np.float64(5.148795328189418), 3.1]",0.7243859872000185,1.5497841592411967,16382628.092800057,0
4.700667078746627e-08,0.4645825477397228,"[np.float64(5.329867891381766), 3.1]",0.7178841672092686,1.5452241387497303,15271963.642247206,0
4.160679592692868e-08,0.4702326991939635,"[np.float64(4.980473819964377), 3.1]",0.7309239418947506,1.5543877385550684,17567417.187769637,0
5.4018024872960396e-08,0.4581708411804084,"[np.float64(5.795066671342385), 3.1]",0.7033329628136408,1.5350888786410086,13020338.386450438,0
4.915153762747803e-08,0.4625239415572713,"[np.float64(5.4703411280373455), 3.1]",0.7131838726194369,1.5419393647347617,14509899.527959703,0
3.880243364902247e-08,0.47348539793045097,"[4.8, 3.1]",0.7385240999227772,1.5597610890447293,19032932.48570203,0
4.645393354328516e-08,0.46512873716179576,"[np.float64(5.293865482210234), 3.1]",0.7191357740189227,1.5461005019966552,15480621.750768242,0
3.880243364902247e-08,0.47348539793045097,"[4.8, 3.1]",0.7385240999227772,1.5597610890447293,19032932.48570203,0
4.387373641658115e-08,0.46777145128684183,"[np.float64(5.126631313726061), 3.1]",0.725218538764796,1.5503693882337535,16529673.513075013,0
4.4091617289108494e-08,0.46754205442653657,"[np.float64(5.1407093082133), 3.1]",0.7246887606426212,1.549996954886738,16435975.933720939,0
4.354143581326946e-08,0.46812364797931133,"[np.float64(5.105172710324825), 3.1]",0.7260325732727477,1.5509418855610444,16674520.711406715,0
4.363994405295114e-08,0.4680189454469129,"[np.float64(5.11153246370044), 3.1]",0.7257904903984156,1.5507716032848964,16631334.117151191,0
4.2183974622478075e-08,0.4695926915639729,"[np.float64(5.017642971302736), 3.1]",0.7294365883758298,1.5533388859746728,17291793.741672307,0
4.759477868052062e-08,0.4640086478971664,"[np.float64(5.368257207444755), 3.1]",0.7165711080977734,1.544305502376283,15055666.355920011,0
4.0130337651689945e-08,0.4719144329726124,"[np.float64(4.885457637418692), 3.1]",0.7348448556522704,1.557156985056478,18311454.591544535,0
4.213487811118977e-08,0.46964676584780335,"[np.float64(5.014480373651785), 3.1]",0.7295621527019859,1.553427396407138,17314922.586858887,0
4.6400678735989306e-08,0.4651817165517695,"[np.float64(5.290400515670096), 3.1]",0.7192572787992775,1.5461856156576443,15501007.709212817,0
4.340186039724905e-08,0.4682724311443364,"[np.float64(5.096163708648971), 3.1]",0.7263766962266359,1.5511839858937662,16736072.822184278,0
4.102436257189594e-08,0.47088828774357405,"[np.float64(4.942984532393064), 3.1]",0.7324502493971946,1.555464997668526,17854031.201912332,0
