xline_all_values,yline_all_values,X_all_values,obj1,obj2,obj3,inc
5.971187830876662e-08,0.29077773288130565,"[np.float64(6.89838211265357), 4.0]",0.7173212801593369,2.46690581514419,12013041.633862372,0
7.178894819439085e-08,0.2855539119683649,"[np.float64(7.725513435951253), 4.0]",0.6980920287546859,2.4446943273956063,9724227.005867047,0
5.760360922743968e-08,0.2917978994239251,"[np.float64(6.758173954124468), 4.0]",0.7211325260618865,2.4713424170823877,12518877.47544771,0
5.6096702596323616e-08,0.2925511392279288,"[np.float64(6.658406245722377), 4.0]",0.7239584073423323,2.4746388246955036,12905542.996920785,0
6.231691930878575e-08,0.28956706126917614,"[np.float64(7.072917878328741), 4.0]",0.7128221773015431,2.4616825345301163,11438662.007174123,0
5.986398784489696e-08,0.2907055712581405,"[np.float64(6.9085310316924895), 4.0]",0.7170523884204333,2.4665932108459856,11978025.758629069,0
7.005934120624101e-08,0.28624672038543014,"[np.float64(7.603729354196618), 4.0]",0.7006149457471398,2.447591171712865,10000307.363505837,0
5.369567325185935e-08,0.2937964043618052,"[6.5, 4.0]",0.7286523624687009,2.4801268894066455,13570038.670545386,0
5.992937517037764e-08,0.2906746089520649,"[np.float64(6.912895235684955), 4.0]",0.7169370435445777,2.4664591314985054,11963032.17756475,0
6.122211512535529e-08,0.29006946450446675,"[np.float64(6.999371156066412), 4.0]",0.7146860755530712,2.4638445717614164,11673658.678562744,0
6.568139260935848e-08,0.288076884149922,"[np.float64(7.30103895448926), 4.0]",0.7073197316663171,2.455315822210196,10768951.503100988,0
5.709132206261692e-08,0.2920516376245593,"[np.float64(6.724220095673468), 4.0]",0.7220833330141178,2.472450895626808,12647864.980638344,0
6.246759445451708e-08,0.28949861719183767,"[np.float64(7.08306402578115), 4.0]",0.7125685957648374,2.4613885989398367,11407011.939344993,0
5.92409807015246e-08,0.2910023329694879,"[np.float64(6.866993254611818), 4.0]",0.7181587835750032,2.467879814730913,12122668.718016699,0
7.423209540545831e-08,0.2846016696784559,"[7.9, 4.0]",0.6946379062894172,2.4407372840581782,9357649.17446127,0
6.514130882239307e-08,0.2883108949734033,"[np.float64(7.264184059411206), 4.0]",0.7081812378756779,2.4563110524873077,10871461.606743652,0
6.163655887364463e-08,0.28987821339333314,"[np.float64(7.0271772937156), 4.0]",0.7139760171226371,2.4630206208489684,11583645.00176418,0
5.804192591441539e-08,0.2915826558698769,"[np.float64(6.7872583158782085), 4.0]",0.7203268619002641,2.470403665647797,12410457.622691711,0
6.682001017125938e-08,0.28758969591608297,"[np.float64(7.379064250969843), 4.0]",0.7055292256300639,2.4532493189044344,10558651.874218453,0
5.634203700965894e-08,0.29242707483679925,"[np.float64(6.674627558652437), 4.0]",0.7234922688863622,2.4740946757072213,12841074.041436078,0
6.230885906316601e-08,0.28957072733834555,"[np.float64(7.072375287700584), 4.0]",0.7128357622089164,2.4616982826997282,11440359.732574698,0
6.059375353453065e-08,0.29036195941156445,"[np.float64(6.957290730374872), 4.0]",0.715773268344317,2.465106895527477,11812657.684862157,0
6.810693081842818e-08,0.2870487522684758,"[np.float64(7.467820466748687), 4.0]",0.7035460063622202,2.450963471543662,10330020.71753697,0
5.957794577854e-08,0.29084142769448074,"[np.float64(6.889449943477671), 4.0]",0.7175586989477887,2.4671818751404295,12044032.226540003,0
6.141177069189384e-08,0.28998178243952644,"[np.float64(7.012090450228708), 4.0]",0.714360458208616,2.4634666777992877,11632305.177986171,0
6.32185050854501e-08,0.28915997907907603,"[np.float64(7.133720632280504), 4.0]",0.7113151708764385,2.4599364446693244,11251692.36309812,0
6.475410777382196e-08,0.28847985063780235,"[np.float64(7.237820437411441), 4.0]",0.7088038399720531,2.457030667497065,10946083.026081013,0
6.161899734865472e-08,0.2898862908812309,"[np.float64(7.025998188023591), 4.0]",0.714005993406563,2.4630553974665115,11587432.839365268,0
6.20877479473505e-08,0.2896714834557826,"[np.float64(7.057497413457396), 4.0]",0.7132092143945526,2.462131259473533,11487116.830189163,0
6.658263383496216e-08,0.2876905865866032,"[np.float64(7.362759986918016), 4.0]",0.7058996773277281,2.4536766590214167,10601858.723063374,0
5.768501028346603e-08,0.29175779751555975,"[np.float64(6.763572916377176), 4.0]",0.7209823609155349,2.4711674102800427,12498608.51844533,0
6.391550312325643e-08,0.28884925054027766,"[np.float64(7.180883109747395), 4.0]",0.7101668199293535,2.45860710595933,11111026.045744302,0
6.584810736988592e-08,0.28800503319402126,"[np.float64(7.312435170329109), 4.0]",0.7070554057842701,2.455010587637702,10737672.410424134,0
5.99840593314121e-08,0.29064874141877894,"[np.float64(6.916545762578662), 4.0]",0.7168406913701668,2.4663471373416774,11950519.84410758,0
5.788620546264725e-08,0.29165893133501497,"[np.float64(6.776921900301284), 4.0]",0.7206122696304719,2.470736165465608,12448773.656367367,0
5.797049216780606e-08,0.2916176193612226,"[np.float64(6.7825161794649205), 4.0]",0.7204576755747619,2.4705560560877537,12428006.881315878,0
7.019452359030716e-08,0.28619198767694015,"[np.float64(7.6131991369170855), 4.0]",0.700415329685844,2.4473617705764994,9978204.763862249,0
6.097938669239183e-08,0.2901820874420397,"[np.float64(6.983105077744815), 4.0]",0.7151045123519983,2.464330306035281,11726987.612376548,0
6.061141723226681e-08,0.2903536949837319,"[np.float64(6.958472397312002), 4.0]",0.7157425290662495,2.4650711922448636,11808708.024817808,0
6.329704341995684e-08,0.28912479464299035,"[np.float64(7.139027919053773), 4.0]",0.7111850557064046,2.4597857703092254,11235675.748516493,0
5.9387179754215264e-08,0.29093240562952044,"[np.float64(6.876733753650942), 4.0]",0.7178979383650815,2.4675764008196053,12088432.91323538,0
6.161175967328125e-08,0.28988962055643036,"[np.float64(7.025512262536527), 4.0]",0.7140183504648773,2.4630697335570364,11588994.605108168,0
6.214041107349851e-08,0.2896474529933783,"[np.float64(7.061039793964647), 4.0]",0.7131201293649572,2.4620279653598747,11475948.051284889,0
6.067610474401683e-08,0.29032345020410566,"[np.float64(6.962800469514551), 4.0]",0.7156300448340693,2.4649405493457763,11794264.774464391,0
5.880907621340943e-08,0.2912099574008433,"[np.float64(6.83824188773597), 4.0]",0.7189337805560371,2.4687815862231743,12224877.975418843,0
6.207539833379457e-08,0.28967712163450626,"[np.float64(7.056666821762373), 4.0]",0.7132301175569926,2.4621554975849804,11489738.877256658,0
6.350037945726664e-08,0.28903390518036487,"[np.float64(7.152776702367483), 4.0]",0.7108490389070934,2.4593967218603803,11194406.159186307,0
5.829512179862327e-08,0.2914590867172169,"[np.float64(6.8040737769587745), 4.0]",0.7198647094301427,2.4698653850122674,12348626.90426943,0
7.374592148126866e-08,0.2847888019194496,"[np.float64(7.865034334435721), 4.0]",0.6953154660291195,2.441512662516079,9428527.734997908,0
6.353453239967075e-08,0.28901866774487645,"[np.float64(7.155087159588135), 4.0]",0.7107927205480506,2.459331523787536,11187502.192929244,0
5.983994587319631e-08,0.2907169643742774,"[np.float64(6.906926603152936), 4.0]",0.7170948358242107,2.466642555131396,11983547.534347188,0
6.028857680793085e-08,0.2905051344674801,"[np.float64(6.936886029867778), 4.0]",0.7163059946684949,2.465725764129928,11881288.83769348,0
6.038738004272543e-08,0.29045869951247677,"[np.float64(6.94348993787532), 4.0]",0.7161331796763702,2.465524981274002,11858987.41044387,0
5.8174847459714053e-08,0.2915177156144025,"[np.float64(6.796084636079095), 4.0]",0.7200839495844229,2.4701207199938935,12377925.873945426,0
6.952136660581493e-08,0.286465543885069,"[np.float64(7.566121687716979), 4.0]",0.7014135377129639,2.448509262930321,10089179.369703243,0
5.552690595394575e-08,0.2928414948742164,"[np.float64(6.620760428990271), 4.0]",0.7250504118956926,2.47591418766361,13057641.146024821,0
5.749444985651466e-08,0.2918517689879055,"[np.float64(6.750935569497362), 4.0]",0.7213342903333784,2.4715775848638795,12546155.18773669,0
6.331622470699699e-08,0.28911620826652,"[np.float64(7.140324375740367), 4.0]",0.7111533058203721,2.459749005717451,11231770.515556078,0
6.138607523020865e-08,0.28999364589879,"[np.float64(7.010366667746512), 4.0]",0.7144045065974224,2.463517793237287,11637891.882129278,0
5.552977821382227e-08,0.2928400233887978,"[np.float64(6.620950100418699), 4.0]",0.7250448739677442,2.4759077177272206,13056866.014769508,0
6.177912244075907e-08,0.2898127270334029,"[np.float64(7.036752064093548), 4.0]",0.7137330337407952,2.4627387521823105,11552981.096894095,0
6.354041961069308e-08,0.28901604197807923,"[np.float64(7.155485465452229), 4.0]",0.71078301598781,2.4593202893620703,11186312.906693393,0
6.650942946130167e-08,0.2877217714518597,"[np.float64(7.357736002629215), 4.0]",0.706014218242853,2.4538088121738824,10615249.957205623,0
6.204254136493472e-08,0.2896921279133745,"[np.float64(7.054457169080588), 4.0]",0.7132857550345575,2.462220013268184,11496720.46538205,0
5.9988223721251e-08,0.2906467725067289,"[np.float64(6.916823788951967), 4.0]",0.716833357990605,2.4663386137343375,11949567.990569869,0
6.485365968057254e-08,0.28843631540448306,"[np.float64(7.244594103550378), 4.0]",0.7086433647604928,2.4568451575410695,10926806.108565265,0
6.031002240024479e-08,0.2904950489836731,"[np.float64(6.9383192489045475), 4.0]",0.7162684567190506,2.4656821492310788,11876441.563320383,0
5.9559012850155516e-08,0.2908504435692461,"[np.float64(6.8881875728708), 4.0]",0.7175923108995932,2.467220961032324,12048425.1930935,0
6.268582903916164e-08,0.2893997791262144,"[np.float64(7.097770251550312), 4.0]",0.7122025514290451,2.4609643918160558,11361460.195160085,0
6.209915364841865e-08,0.2896662772252858,"[np.float64(7.058264555952939), 4.0]",0.7131899131470383,2.4621088791511623,11484696.187404472,0
6.068892435882903e-08,0.2903174602754784,"[np.float64(6.963658309374418), 4.0]",0.7156077694313753,2.464914679097649,11791406.372607239,0
6.565615005386897e-08,0.28808777892101983,"[np.float64(7.299314255315217), 4.0]",0.7073598193121778,2.45536211900923,10773702.3680464,0
5.424325336740581e-08,0.29350729335311315,"[np.float64(6.536078825028723), 4.0]",0.727560105768273,2.478848472405621,13412914.244658047,0
6.2178845903581e-08,0.2896299279770968,"[np.float64(7.063625564107556), 4.0]",0.7130551675378277,2.461952645978679,11467809.6252147,0
6.220564650847075e-08,0.289617714265489,"[np.float64(7.065428849290136), 4.0]",0.7130098968770882,2.4619001592681613,11462141.090037465,0
6.869613725168474e-08,0.28680439712046035,"[np.float64(7.508670497296204), 4.0]",0.7026518160528454,2.4499339030626004,10228403.577897144,0
6.457435165774105e-08,0.28855862899087603,"[np.float64(7.225597499860018), 4.0]",0.7090943091394651,2.4573665033662397,10981051.93371245,0
6.454887785919267e-08,0.28856981056711645,"[np.float64(7.223866171042939), 4.0]",0.7091355463122384,2.457414186600457,10986024.386963801,0
6.193017880317591e-08,0.28974350647287617,"[np.float64(7.046902810896854), 4.0]",0.7134762768513122,2.4624409552319095,11520655.852114601,0
5.5676974002121197e-08,0.29276472068747017,"[np.float64(6.630671524343214), 4.0]",0.7247615241656986,2.475576710417203,13017257.8010092,0
6.21123713977203e-08,0.28966024507982063,"[np.float64(7.0591536181643955), 4.0]",0.7131675505509567,2.462082949472171,11481892.165803414,0
7.23370281487709e-08,0.28533767479195143,"[np.float64(7.764396478664812), 4.0]",0.6973062849346985,2.443793254582053,9639686.65536817,0
6.123350471369037e-08,0.2900641910484294,"[np.float64(7.000134756562583), 4.0]",0.714666488146105,2.4638218373766225,11671167.467674319,0
7.40548584253258e-08,0.2846697573248036,"[np.float64(7.887238571376375), 4.0]",0.6948843650050194,2.4410192762843,9383373.08018373,0
5.619642451980054e-08,0.29250064183516516,"[np.float64(6.664998845285263), 4.0]",0.7237686439551164,2.4744172847421875,12879265.009112813,0
5.979794635264046e-08,0.2907368785688834,"[np.float64(6.904124077105975), 4.0]",0.7171690357692313,2.4667288143816077,11993205.110087594,0
6.177962982700878e-08,0.2898124942400758,"[np.float64(7.036786149976596), 4.0]",0.7137321701091109,2.462737750422406,11552872.234871857,0
6.409336611681076e-08,0.28877050067236426,"[np.float64(7.192941182768983), 4.0]",0.709876055023672,2.458270679902617,11075655.68845169,0
5.854974840667922e-08,0.2913353787517275,"[np.float64(6.820995588423092), 4.0]",0.7194023088272795,2.469326972610304,12287026.475850949,0
6.256628255824851e-08,0.28945387845315595,"[np.float64(7.089712755808077), 4.0]",0.7124028856908917,2.461196545363216,11386370.686601887,0
5.4005184106683315e-08,0.293632606306695,"[np.float64(6.520390131260949), 4.0]",0.7280333524094222,2.4794022760844276,13480804.934786359,0
5.725986061040361e-08,0.2919678987374493,"[np.float64(6.735386208729069), 4.0]",0.721769420534498,2.4720848547242023,12605155.039503517,0
6.246885557756869e-08,0.2894980450312647,"[np.float64(7.083148972630888), 4.0]",0.7125664762883905,2.4613861423880636,11406747.725730048,0
6.10458494197339e-08,0.290151204251316,"[np.float64(6.987557590440588), 4.0]",0.7149897473826168,2.4641970700329217,11712340.055530239,0
5.78782377760348e-08,0.29166283981813923,"[np.float64(6.776393130099043), 4.0]",0.7206268971814924,2.470753208159207,12450740.120492695,0
6.180144034162246e-08,0.2898024892137631,"[np.float64(7.038251427725925), 4.0]",0.7136950537189303,2.462694698224269,11548194.504429147,0
6.294237994231017e-08,0.28928403017613014,"[np.float64(7.115075077372791), 4.0]",0.7117740961729548,2.4604679896764168,11308344.184400579,0
6.87966711751365e-08,0.28676290662423815,"[np.float64(7.515654495243973), 4.0]",0.7025000893171621,2.4497592718213315,10211251.174185438,0
6.20947051954966e-08,0.2896683076448473,"[np.float64(7.057965350938164), 4.0]",0.7131974405385715,2.46211760733245,11485640.173234867,0
6.730590181640674e-08,0.28738427077360673,"[np.float64(7.412501966481115), 4.0]",0.7047754913216137,2.4523801856811294,10471228.708056845,0
5.904432061048058e-08,0.29109667684612783,"[np.float64(6.853897395393435), 4.0]",0.7185108451782007,2.468289411486486,12169008.598104903,0
6.481388048869182e-08,0.2884537033452549,"[np.float64(7.241887087175865), 4.0]",0.7087074544670737,2.456919243012146,10934501.20751099,0
6.057799139800724e-08,0.2903693362216263,"[np.float64(6.956236333703144), 4.0]",0.7158007071735751,2.4651387659860733,11816184.238771608,0
5.9577695647339885e-08,0.29084154678794866,"[np.float64(6.88943326527182), 4.0]",0.7175591429290545,2.4671823914216215,12044090.244384825,0
6.021180454494229e-08,0.29054126923266904,"[np.float64(6.931756128491445), 4.0]",0.7164405022086046,2.465882055588014,11898671.823958557,0
6.448307061289729e-08,0.28859871662608094,"[np.float64(7.219394514283204), 4.0]",0.7092421607573437,2.457537472962029,10998889.383153658,0
5.930272557129624e-08,0.2909727786084632,"[np.float64(6.87110648559157), 4.0]",0.7180485283989199,2.467751560241776,12108187.633562502,0
7.229936178961534e-08,0.28535248599532237,"[np.float64(7.7617196062218525), 4.0]",0.6973600788071946,2.4438549269152894,9645452.761207629,0
6.296530237682393e-08,0.2892737113077235,"[np.float64(7.116622120407345), 4.0]",0.7117359113643145,2.460423756264475,11303620.954678174,0
5.925772630747078e-08,0.290994314502757,"[np.float64(6.868108715177731), 4.0]",0.7181288684438325,2.4678450150167066,12118738.14931195,0
6.349012556048441e-08,0.28903848159019946,"[np.float64(7.152083089026403), 4.0]",0.7108659543524433,2.4594163048514535,11196480.524758622,0
6.245380728856054e-08,0.28950487306984596,"[np.float64(7.082135376197598), 4.0]",0.7125917700299698,2.4614154590000625,11409901.188850226,0
6.293928375377417e-08,0.28928542426043763,"[np.float64(7.114866125716591), 4.0]",0.7117792551031198,2.4604739658860924,11308982.445489584,0
5.9540239077185e-08,0.2908593865637145,"[np.float64(6.8869358860266185), 4.0]",0.7176256525666208,2.4672597334568764,12052784.195849914,0
6.212979566523702e-08,0.2896522952019488,"[np.float64(7.060325691583128), 4.0]",0.7131380794425449,2.462048777985126,11478197.727947162,0
6.684826420865116e-08,0.2875777106877531,"[np.float64(7.381006244115152), 4.0]",0.7054852299044798,2.4531985744558744,10553531.01918209,0
6.071847117678744e-08,0.2903036595261092,"[np.float64(6.965635612851069), 4.0]",0.7155564494832439,2.464855078476503,11784823.227841742,0
7.223220177876361e-08,0.28537891276465194,"[np.float64(7.756948400378885), 4.0]",0.6974560695054836,2.443964982376487,9655749.822519418,0
6.196904125002428e-08,0.2897257256808376,"[np.float64(7.049515244277499), 4.0]",0.7134103369194311,2.462364483661093,11512366.861398742,0
5.983378175007038e-08,0.2907198862128208,"[np.float64(6.906515263092643), 4.0]",0.7171057221056549,2.4666552104409516,11984964.030872267,0
6.15344933529096e-08,0.289925191505387,"[np.float64(7.020325539127043), 4.0]",0.7141503732033029,2.4632229075893655,11605691.934563316,0
6.917677791575372e-08,0.2866065636487662,"[np.float64(7.542097576135849), 4.0]",0.7019286268618831,2.4491017160447535,10146882.34998051,0
5.954569030288622e-08,0.2908567895424428,"[np.float64(6.887299323314011), 4.0]",0.7176159700915593,2.467248473795185,12051518.194538018,0
6.183706126397481e-08,0.28978615670273744,"[np.float64(7.040644776963032), 4.0]",0.7136344675721504,2.462624425169476,11540562.45534911,0
5.4066592728548906e-08,0.29360022649772083,"[np.float64(6.524436506775594), 4.0]",0.7279110425562987,2.4792591315046186,13463231.282409593,0
6.109382571488102e-08,0.29012893241469184,"[np.float64(6.990772295616942), 4.0]",0.7149069934805432,2.4641010034073423,11701787.948539106,0
6.30350956135149e-08,0.2892423161180324,"[np.float64(7.121333390329664), 4.0]",0.7116197454581333,2.4602891963005145,11289262.569240239,0
7.036180930047665e-08,0.286124396420052,"[np.float64(7.624928947237826), 4.0]",0.700168888797412,2.447078604823029,9950979.02908345,0
6.84796451275577e-08,0.28689394360544657,"[np.float64(7.493644867330525), 4.0]",0.7029793808709377,2.450310982645616,10265523.128244769,0
6.436883425810082e-08,0.28864896519315913,"[np.float64(7.21163525628826), 4.0]",0.7094275277577359,2.4577518484537046,11021289.043594174,0
6.308514920961664e-08,0.28921982195681956,"[np.float64(7.124713008141387), 4.0]",0.7115365250461089,2.460192805015768,11278986.163317863,0
5.447226954873396e-08,0.2933872950095756,"[np.float64(6.551175376429815), 4.0]",0.7271071930814065,2.478318609732828,13348208.163621591,0
6.202704218712581e-08,0.2896992094163703,"[np.float64(7.0534149358351295), 4.0]",0.7133120118838192,2.462250460817141,11500016.552971674,0
6.91874246240877e-08,0.2866021964603313,"[np.float64(7.542839101046684), 4.0]",0.7019126700770898,2.4490833592555585,10145090.294815194,0
6.087292163527075e-08,0.2902316300405927,"[np.float64(6.975974859071688), 4.0]",0.7152886526219694,2.464544104038305,11750522.784296913,0
6.31410643345266e-08,0.28919471482263776,"[np.float64(7.1284892274736755), 4.0]",0.7114436480492371,2.460085235255988,11267527.013481267,0
5.8965665524364086e-08,0.2911345008337146,"[np.float64(6.848661734467018), 4.0]",0.7186520365934664,2.4684537027919413,12187635.468924299,0
5.966330016230555e-08,0.2908008183992271,"[np.float64(6.8951419348570235), 4.0]",0.7174073218300308,2.467005855688945,12024264.830782505,0
5.886611944351892e-08,0.29118244567192014,"[np.float64(6.842037153356374), 4.0]",0.718831044047174,2.468662018372812,12211286.404514581,0
6.923408621895896e-08,0.28658306391230787,"[np.float64(7.546089557984673), 4.0]",0.7018427676887641,2.449002945629482,10137243.170497317,0
6.02902161914698e-08,0.29050436336473423,"[np.float64(6.93699558707953), 4.0]",0.7163031245776225,2.4657224293677444,11880918.162621701,0
6.549100755239673e-08,0.28815915729718117,"[np.float64(7.288036166572762), 4.0]",0.707622509544104,2.455665529359966,10804880.486499824,0
5.842274311495476e-08,0.2913970133275086,"[np.float64(6.812553709059546), 4.0]",0.7196326551322504,2.469595164736423,12317680.012324557,0
6.299080167570816e-08,0.2892622368658923,"[np.float64(7.118343248484308), 4.0]",0.7116934525694749,2.460374573191972,11298371.089694086,0
6.915520947211332e-08,0.28661541282582637,"[np.float64(7.540595515722786), 4.0]",0.7019609609026983,2.449138913995786,10150514.563704163,0
5.442736890007098e-08,0.2934107795535653,"[np.float64(6.54821520627161), 4.0]",0.7271958111094399,2.4784222727463985,13360848.150579836,0
6.148960311875528e-08,0.28994587836984886,"[np.float64(7.017312830090156), 4.0]",0.7142271634190653,2.4633120064842315,11615413.4551767,0
6.308950052003132e-08,0.2892178673192278,"[np.float64(7.125006841698896), 4.0]",0.7115292940002041,2.460184429805109,11278093.631035944,0
5.796171742534504e-08,0.2916219172721268,"[np.float64(6.781933726608759), 4.0]",0.7204737574305343,2.4705747913941076,12430165.796217268,0
6.157509554033158e-08,0.2899064939044139,"[np.float64(7.023050893263139), 4.0]",0.7140809736702571,2.4631423879235324,11596912.150993504,0
6.195541302410767e-08,0.28973195973697347,"[np.float64(7.048599075999522), 4.0]",0.7134334552361002,2.462391293952433,11515272.361407612,0
6.755363414846659e-08,0.28728009191208687,"[np.float64(7.429584028087596), 4.0]",0.7043935251078837,2.4519399183548067,10427174.40722429,0
5.965169324363027e-08,0.29080633714743065,"[np.float64(6.894367821570901), 4.0]",0.7174278920642425,2.46702977349674,12026949.329570808,0
5.6487813075077916e-08,0.29235362451534164,"[np.float64(6.684269881565787), 4.0]",0.723216428235863,2.473772745026841,12803052.355286555,0
5.5854145285900435e-08,0.29267436032590305,"[np.float64(6.642376005946174), 4.0]",0.7244216486433238,2.475179745286383,12969881.553736594,0
6.008388328651291e-08,0.2906015834607194,"[np.float64(6.92321130901914), 4.0]",0.7166650663773985,2.4661430190529914,11927742.136105722,0
6.226321688296571e-08,0.2895914959715665,"[np.float64(7.069303120927636), 4.0]",0.7129127264711711,2.4617875054631035,11449982.2232316,0
6.455716767064421e-08,0.2885661713202906,"[np.float64(7.224429566474574), 4.0]",0.7091221246860835,2.4573986668000725,10984405.764265575,0
6.075180368009447e-08,0.2902880987813028,"[np.float64(6.967866497979737), 4.0]",0.7154985887824328,2.4647878841270545,11777404.87426661,0
6.541546015013046e-08,0.2881918699892684,"[np.float64(7.282879839912507), 4.0]",0.7077429301613105,2.4558046352510403,10819199.750900155,0
5.547683842227232e-08,0.29286715781992473,"[np.float64(6.6174543383038085), 4.0]",0.7251470004705898,2.4760270351531224,13071166.654289091,0
6.287104214911397e-08,0.2893161681404369,"[np.float64(7.110261396493167), 4.0]",0.7118930341767242,2.460605775171073,11323067.183907922,0
6.283926765009945e-08,0.2893304944985608,"[np.float64(7.108117791779383), 4.0]",0.7119460598202546,2.460667207077946,11329636.490744937,0
5.827857373141765e-08,0.2914671457934508,"[np.float64(6.80297443333934), 4.0]",0.7198948423761484,2.469900476832145,12352650.318689203,0
5.8191857193919624e-08,0.29150941643114814,"[np.float64(6.797214343592622), 4.0]",0.720052911456226,2.470084569725369,12373774.376313653,0
6.198570560552527e-08,0.28971810467269377,"[np.float64(7.050635583413452), 4.0]",0.7133820761711945,2.462331710257221,11508815.931065327,0
5.7650988249807666e-08,0.2917745511732613,"[np.float64(6.761316259824433), 4.0]",0.7210450929994453,2.4712405180644934,12507072.55658971,0
6.207212923122367e-08,0.28967861432339004,"[np.float64(7.056446959987813), 4.0]",0.7132356516926397,2.4621619147086955,11490433.154560875,0
5.706049735003842e-08,0.2920669808665632,"[np.float64(6.722178338166426), 4.0]",0.7221408638230504,2.4725179877590318,12655705.73970057,0
5.848395799351721e-08,0.2913672889841652,"[np.float64(6.816622222340887), 4.0]",0.7195215582303971,2.469465809765284,12302887.542429227,0
6.17110874505062e-08,0.2898439596630478,"[np.float64(7.032182103311114), 4.0]",0.7138489112085189,2.4628731681639646,11567595.722260496,0
5.996301665932265e-08,0.2906586924800455,"[np.float64(6.915140950973833), 4.0]",0.7168777559872767,2.4663902182677444,11955331.73489565,0
6.37803000546762e-08,0.28890925918805543,"[np.float64(7.1717234595775565), 4.0]",0.7103884603523309,2.458863597341227,11138054.536327746,0
5.9365102734050884e-08,0.2909429537516105,"[np.float64(6.875262602579336), 4.0]",0.7179372797716697,2.467622159306876,12093591.12857851,0
6.050627500421375e-08,0.2904029248632835,"[np.float64(6.951439624062041), 4.0]",0.7159256558310829,2.465283902247637,11832254.684017893,0
5.774540352676509e-08,0.2917280830253302,"[np.float64(6.76757921745122), 4.0]",0.7208711107814084,2.471037766764527,12483610.240030333,0
6.665705474299837e-08,0.28765891797412785,"[np.float64(7.3678694262274425), 4.0]",0.705783376984221,2.45354248689658,10588277.260455409,0
5.650659261599439e-08,0.29234417674584035,"[np.float64(6.685512256608049), 4.0]",0.723180954366422,2.4737313478118113,12798169.574318362,0
5.460090490510337e-08,0.29332012775006544,"[np.float64(6.5596569309320945), 4.0]",0.7268537944119122,2.478022220934172,13312119.930524733,0
6.330130752290612e-08,0.2891228856196946,"[np.float64(7.139316119251223), 4.0]",0.7111779965898648,2.4597775961787107,11234807.374753183,0
6.29911890451818e-08,0.28926206258934983,"[np.float64(7.118369396185746), 4.0]",0.7116928077130523,2.460373826219324,11298291.372188183,0
6.790270035887963e-08,0.28713392965349915,"[np.float64(7.4536930337720815), 4.0]",0.703857947569502,2.4513227970615925,10365684.190017026,0
6.153623592090619e-08,0.2899243887829984,"[np.float64(7.02044249773958), 4.0]",0.71414739362732,2.4632194505093623,11605314.86757215,0
6.273407882429334e-08,0.2893779737178329,"[np.float64(7.1010234105344985), 4.0]",0.7121218187424463,2.460870845121139,11351435.010896852,0
6.875133444062392e-08,0.28678160989652707,"[np.float64(7.512504486043431), 4.0]",0.7025684816733638,2.4498379862183484,10218979.564391246,0
6.444103666696992e-08,0.28861719556317655,"[np.float64(7.216538978665477), 4.0]",0.7093103244307185,2.457616300534854,11007121.565973885,0
6.215296967861031e-08,0.2896417254776823,"[np.float64(7.061884653719078), 4.0]",0.7130988979841479,2.46200334847506,11473287.626826912,0
5.95917392854704e-08,0.2908348610702212,"[np.float64(6.890369684331737), 4.0]",0.7175342189153929,2.467153408896695,12040833.63766396,0
6.60383933531175e-08,0.2879232425530748,"[np.float64(7.325454257684304), 4.0]",0.7067546234319803,2.4546633233393775,10702177.741557915,0
6.403640722294749e-08,0.28879569575977976,"[np.float64(7.189078666009548), 4.0]",0.7099690699906871,2.458378294464746,11086959.758983312,0
5.975639622590599e-08,0.2907565938146187,"[np.float64(6.901351899882), 4.0]",0.7172425013348089,2.466814223969449,12002773.705149662,0
6.121230967364709e-08,0.2900740052941796,"[np.float64(6.998713786912691), 4.0]",0.7147029419809147,2.4638641482407087,11675804.193492247,0
6.406276046660593e-08,0.2887840359353867,"[np.float64(7.190865619748286), 4.0]",0.7099260229873865,2.4583284899662083,11081727.009835152,0
6.390698552766823e-08,0.2888530272484877,"[np.float64(7.180305904575991), 4.0]",0.7101807672446888,2.458623245217891,11112725.17989789,0
5.998221229923758e-08,0.29064961473537093,"[np.float64(6.916422450698179), 4.0]",0.716843944133638,2.466350918050609,11950942.065248728,0
6.753175213143049e-08,0.28728927892995076,"[np.float64(7.428074249468736), 4.0]",0.7044272012175383,2.45197872973637,10431051.749502664,0
5.5437934428795516e-08,0.2928871155558095,"[np.float64(6.614885599044198), 4.0]",0.7252221242548252,2.4761148092109724,13081694.542322831,0
5.943064983551018e-08,0.2909116479617405,"[np.float64(6.879630763010983), 4.0]",0.7178205240869817,2.4674863626683883,12078288.325531308,0
6.250821465368239e-08,0.2894801940172624,"[np.float64(7.085800338806127), 4.0]",0.7125003529789573,2.4613095047755467,11398507.490998762,0
6.520700598057934e-08,0.2882823268670796,"[np.float64(7.268662037074085), 4.0]",0.7080760136660742,2.456189463159675,10858894.730988894,0
6.367411140929327e-08,0.28895647936569485,"[np.float64(7.1645332531984645), 4.0]",0.710562911258833,2.459065506399548,11159369.098869372,0
5.9345502158974916e-08,0.29095232204332194,"[np.float64(6.873956556168599), 4.0]",0.7179722224058402,2.467662802494961,12098174.188206108,0
6.123426654436504e-08,0.2900638383513074,"[np.float64(7.000185833643781), 4.0]",0.7146651781266683,2.4638203168955863,11671000.870221643,0
5.910280037300446e-08,0.29106858851623485,"[np.float64(6.857790858441405), 4.0]",0.7184060119270679,2.4681674363738413,12155194.12605031,0
6.206326676451216e-08,0.2896826613710194,"[np.float64(7.055850933334655), 4.0]",0.7132506562960991,2.462179313461163,11492315.720382553,0
6.091291979070429e-08,0.29021300689267,"[np.float64(6.978653320970007), 4.0]",0.7152194289039195,2.464463728079667,11741670.426592598,0
5.994628479987044e-08,0.29066660751774365,"[np.float64(6.914023996836816), 4.0]",0.7169072382965616,2.466424486867822,11959160.449891817,0
5.975892500115888e-08,0.2907553935262273,"[np.float64(6.9015206066357555), 4.0]",0.7172380284645931,2.4668090237847826,12002190.943874642,0
6.040309700998872e-08,0.2904513201110471,"[np.float64(6.94454064275563), 4.0]",0.7161057195761118,2.4654930791924996,11855447.071823006,0
6.269604300425073e-08,0.28939516174275576,"[np.float64(7.098458857747931), 4.0]",0.712185455259037,2.4609445816931137,11359336.58860658,0
6.762084193407483e-08,0.2872518933093541,"[np.float64(7.434222254724987), 4.0]",0.704290168944696,2.4518208072738976,10415282.460270537,0
5.875687672929362e-08,0.2912351571678967,"[np.float64(6.8347694240803305), 4.0]",0.7190278953072086,2.46889112667359,12237340.296693008,0
5.910774996517893e-08,0.2910662125001218,"[np.float64(6.858120422428566), 4.0]",0.7183971446319606,2.4681571195133474,12154026.24960647,0
6.763056154372584e-08,0.28724781748105205,"[np.float64(7.434893178663805), 4.0]",0.704275230981759,2.45180359300107,10413564.73916629,0
5.5049372190043023e-08,0.293087261834534,"[np.float64(6.5892387378104615), 4.0]",0.725975896516146,2.4769957314828805,13187723.449595595,0
5.85983663585647e-08,0.2913118214759839,"[np.float64(6.824227931415009), 4.0]",0.7193142862206242,2.469224498257876,12275330.029153444,0
6.118879530057765e-08,0.2900848975408141,"[np.float64(6.997137449144599), 4.0]",0.7147434019066274,2.463911110043449,11680952.344225675,0
5.981140038425819e-08,0.2907304977383995,"[np.float64(6.905021791863758), 4.0]",0.7171452601424322,2.4667011741840805,11990109.837508138,0
5.5645229704550786e-08,0.29278094276138444,"[np.float64(6.628574787718231), 4.0]",0.7248225562147497,2.4756480028328816,13025780.647563256,0
6.051358433682961e-08,0.29039949964873757,"[np.float64(6.951928451687253), 4.0]",0.7159129132329257,2.4652691003217364,11830614.911984462,0
6.363609113589617e-08,0.28897340546869565,"[np.float64(7.161959644269012), 4.0]",0.7106254528152575,2.459137897699168,11167019.220236238,0
5.425086003767956e-08,0.2935032990437695,"[np.float64(6.536580178530991), 4.0]",0.7275450258060612,2.478830828056771,13410755.613841878,0
6.114626794157814e-08,0.2901046077398893,"[np.float64(6.994286869439111), 4.0]",0.7148166219761553,2.46399609970024,11690273.929050302,0
6.211658956043688e-08,0.28965832032261973,"[np.float64(7.05943735293313), 4.0]",0.7131604151534618,2.4620746759808174,11480997.591788039,0
6.042437068113715e-08,0.2904413348632537,"[np.float64(6.94596290962389), 4.0]",0.716068564175206,2.465449914394407,11850658.204682687,0
7.141701472052178e-08,0.28570154355544825,"[np.float64(7.699208802241995), 4.0]",0.6986289441086997,2.445310359245964,9782387.94834346,0
5.845817248762801e-08,0.2913798058243657,"[np.float64(6.814908363299417), 4.0]",0.7195683389261751,2.4695202774618763,12309114.505392097,0
6.012805458942675e-08,0.2905807420592305,"[np.float64(6.926161441782316), 4.0]",0.7165874616382508,2.466052831168644,11917689.114196943,0
6.402159869903396e-08,0.28880224980050023,"[np.float64(7.188074625437595), 4.0]",0.7099932679541973,2.45840629165683,11089902.195224477,0
6.825870467776026e-08,0.28698561329364786,"[np.float64(7.478329844252032), 4.0]",0.7033148568666898,2.4506972624688603,10303665.4473146,0
6.246946793620797e-08,0.2894977672136748,"[np.float64(7.083190220097096), 4.0]",0.7125654471600668,2.461384949591445,11406619.43667774,0
5.901651168032461e-08,0.2911100437787634,"[np.float64(6.852046164131452), 4.0]",0.7185607390911793,2.4683474666963674,12175588.130037492,0
7.076587155369068e-08,0.2859617674111688,"[np.float64(7.653312562373759), 4.0]",0.699576260282113,2.4463978755461757,9885785.971721388,0
5.384380929815456e-08,0.2937178835289871,"[np.float64(6.5097581047846), 4.0]",0.7283555640571072,2.479779424071826,13527192.328163728,0
5.804401272071547e-08,0.2915816351467573,"[np.float64(6.787396861696734), 4.0]",0.7203230432553914,2.470399217333569,12409945.651436906,0
6.265772077727523e-08,0.2894124898238273,"[np.float64(7.095875392030613), 4.0]",0.712249615568397,2.461018928388203,11367308.078443807,0
6.477460968040475e-08,0.28847087947286026,"[np.float64(7.239215161203038), 4.0]",0.7087707686508828,2.456992435236656,10942107.905364903,0
6.531113280285234e-08,0.2882371061879667,"[np.float64(7.27576231048619), 4.0]",0.7079094826087301,2.4559970503835284,10839032.370570267,0
6.057533364778947e-08,0.2903705802638447,"[np.float64(6.9560585509580015), 4.0]",0.7158053346154326,2.465144140859647,11816779.066829853,0
6.177216154227777e-08,0.28981592095130004,"[np.float64(7.036284441941931), 4.0]",0.7137448828394864,2.4627524964697245,11554474.783126848,0
6.115737376485619e-08,0.29009945916679913,"[np.float64(6.9950312435491675), 4.0]",0.714797495234024,2.4639738980796766,11687838.297019536,0
6.204538646055662e-08,0.289690828196787,"[np.float64(7.054648492612075), 4.0]",0.7132809360315495,2.46221442519063,11496115.613446862,0
5.986916857317338e-08,0.2907031168065177,"[np.float64(6.908876780793424), 4.0]",0.7170432441548823,2.4665825809914597,11976836.512745231,0
6.236628479295052e-08,0.2895446186424894,"[np.float64(7.07624138315754), 4.0]",0.7127390195341428,2.4615861378317856,11428274.457912013,0
5.6561033425185837e-08,0.2923168067713206,"[np.float64(6.6891141004645), 4.0]",0.7230781963324381,2.4736114365743673,12784034.388071515,0
5.975852305342068e-08,0.29075558430806486,"[np.float64(6.901493790681104), 4.0]",0.7172387394106984,2.466809850333815,12002283.569985963,0
5.926240239479239e-08,0.2909920758217042,"[np.float64(6.868420209179002), 4.0]",0.7181205166215275,2.467835299616654,12117640.99331605,0
6.952768358580934e-08,0.2864629650033527,"[np.float64(7.566562563516152), 4.0]",0.7014041212975087,2.4484984343065066,10088127.277127724,0
5.8294515565923386e-08,0.2914593819168554,"[np.float64(6.804033502040423), 4.0]",0.7198658131634807,2.4698666703713688,12348774.257321132,0
5.991203926054666e-08,0.2906828145013586,"[np.float64(6.911738081967304), 4.0]",0.7169676102926971,2.4664946619654606,11967003.946815,0
7.29474251059573e-08,0.2850986593987494,"[np.float64(7.8078740043762265), 4.0]",0.6964387119018411,2.4427989713125116,9547132.21049616,0
6.065436589489859e-08,0.2903336105733295,"[np.float64(6.961345873952693), 4.0]",0.7156678307570482,2.464984434092215,11799114.873233559,0
6.137540927111003e-08,0.28999857179821414,"[np.float64(7.009651188074857), 4.0]",0.7144227969262479,2.4635390184726678,11640212.349061,0
6.285164118183916e-08,0.2893249147035103,"[np.float64(7.108952514944766), 4.0]",0.7119254070933712,2.4606432799709856,11327077.443111867,0
6.42369951581362e-08,0.2887070672107458,"[np.float64(7.202685375052176), 4.0]",0.7096419212568957,2.457999826997247,11047246.520636996,0
5.851501953449546e-08,0.2913522186230819,"[np.float64(6.818686916721871), 4.0]",0.7194652376352719,2.469400236714976,12295394.299768398,0
6.284216794047875e-08,0.2893291865248649,"[np.float64(7.1083134426921), 4.0]",0.7119412185139021,2.460661598178302,11329036.566469518,0
5.994138752429532e-08,0.2906689246117989,"[np.float64(6.913697084904455), 4.0]",0.7169158693281598,2.4664345192236574,11960281.517300228,0
6.209959095634929e-08,0.28966607763157254,"[np.float64(7.058293969764546), 4.0]",0.7131891731954979,2.462108021162927,11484603.396128794,0
5.9355113089918335e-08,0.29094772800447743,"[np.float64(6.874596952423906), 4.0]",0.7179550869834905,2.4676428714797933,12095926.527776048,0
7.308002235321101e-08,0.2850469859951931,"[np.float64(7.817343354506389), 4.0]",0.6962512785910496,2.442584250313002,9527245.014046682,0
5.674520842575093e-08,0.2922244172220558,"[np.float64(6.70130227340233), 4.0]",0.722731426725848,2.473206837389834,12736430.912427014,0
5.988114318935528e-08,0.29069744447733986,"[np.float64(6.9096759588924215), 4.0]",0.7170221118234684,2.4665580157150675,11974088.56334141,0
5.9408538196413075e-08,0.2909222046745685,"[np.float64(6.8781571131929224), 4.0]",0.7178598936612685,2.4675321516426743,12083446.512148162,0
6.578178188424755e-08,0.28803359670228235,"[np.float64(7.307900190669099), 4.0]",0.7071604746536,2.4551319108254446,10750096.06608027,0
5.8779893467452704e-08,0.29122404278310937,"[np.float64(6.836300502908468), 4.0]",0.7189863845077797,2.468842811317088,12231842.25241737,0
5.927312292215987e-08,0.2909869440460259,"[np.float64(6.869134365192859), 4.0]",0.7181013718979722,2.467813029385913,12115126.32531637,0
6.36256546191366e-08,0.28897805343433,"[np.float64(7.161253265924309), 4.0]",0.7106426278190717,2.45915777815482,11169120.884853462,0
5.5212432282796584e-08,0.29300308959519455,"[np.float64(6.599999486714361), 4.0]",0.7256588077866648,2.476625105862249,13143032.787794242,0
6.258656699756278e-08,0.2894446916344414,"[np.float64(7.091079665694373), 4.0]",0.7123688625208497,2.4611571160563788,11382136.721903767,0
6.114153820677542e-08,0.29010680069707495,"[np.float64(6.993969865196097), 4.0]",0.7148247688657826,2.4640055563957346,11691311.5016555,0
6.472097640356912e-08,0.28849435413831936,"[np.float64(7.235566825804725), 4.0]",0.7088573086852206,2.45709248211269,10952512.58672497,0
6.296177472193151e-08,0.2892752990869511,"[np.float64(7.116384028258368), 4.0]",0.7117417867944447,2.460430562308424,11304347.597217957,0
5.696356232254071e-08,0.29211528747353144,"[np.float64(6.715758498176313), 4.0]",0.7223220209284206,2.4727292678712343,12680422.211631853,0
6.196616294002452e-08,0.2897270422109673,"[np.float64(7.049321743648748), 4.0]",0.7134152190707705,2.4623701454532885,11512980.394820752,0
6.727260363969586e-08,0.2873983021936768,"[np.float64(7.410207690552622), 4.0]",0.7048269512165696,2.4524395093384683,10477176.637781698,0
5.75206223750737e-08,0.29183884329635806,"[np.float64(6.752670903558503), 4.0]",0.7212858734620512,2.4715211495325042,12539604.817882102,0
6.20223634060811e-08,0.2897013474818366,"[np.float64(7.053100326062528), 4.0]",0.7133199395921191,2.4622596539246064,11501011.899881588,0
5.710567021345823e-08,0.2920444986680521,"[np.float64(6.725170531975303), 4.0]",0.7220565663069043,2.472419681247339,12644218.404370211,0
5.91905272189304e-08,0.29102650623907783,"[np.float64(6.863632772594306), 4.0]",0.718248975594359,2.4679847374600254,12134525.731418854,0
5.802818376246095e-08,0.2915893785431621,"[np.float64(6.786345974752487), 4.0]",0.7203520126707533,2.470432963881516,12413830.072978377,0
6.045509422913339e-08,0.2904269204581498,"[np.float64(6.948017132505427), 4.0]",0.7160149308519476,2.465387608429793,11843748.48773123,0
6.278687639001924e-08,0.2893541323959026,"[np.float64(7.104583923703919), 4.0]",0.7120335578138367,2.4607685811088125,11340483.8519252,0
6.76130738107591e-08,0.2872551512105891,"[np.float64(7.433686063602494), 4.0]",0.7043021094024484,2.451834567402131,10416655.68072982,0
5.638563303076037e-08,0.29240508782011715,"[np.float64(6.677510910936273), 4.0]",0.7234096871861283,2.4739982897669623,12829681.042890528,0
5.901089207064929e-08,0.2911127457483978,"[np.float64(6.851672086556708), 4.0]",0.7185708249482408,2.4683592025520085,12176918.526972108,0
7.318623744169902e-08,0.28500565705164177,"[np.float64(7.824935079280871), 4.0]",0.6961014005948635,2.442412574529119,9511370.237462824,0
6.195690333462867e-08,0.2897312779460321,"[np.float64(7.048699260989806), 4.0]",0.7134309268555283,2.462388361771622,11514954.564502593,0
6.23322174384801e-08,0.28956010448566266,"[np.float64(7.073947747892269), 4.0]",0.7127963990430427,2.4616526517324013,11435441.066195821,0
7.084094814158577e-08,0.2859316477956863,"[np.float64(7.658594466372891), 4.0]",0.6994665531416284,2.446271892370009,9873760.466102803,0
6.465101927253461e-08,0.2885250026585691,"[np.float64(7.230809448463979), 4.0]",0.7089703098560952,2.457223129099377,10966111.870061168,0
6.200665857320338e-08,0.2897085253229599,"[np.float64(7.052044345613881), 4.0]",0.7133465548144747,2.462290517751432,11504354.068237964,0
6.240129773524385e-08,0.2895287118678058,"[np.float64(7.078599001751396), 4.0]",0.7126800847407472,2.4615178237181032,11420917.682906296,0
5.955599818560268e-08,0.2908518794266736,"[np.float64(6.887986574034868), 4.0]",0.7175976640314303,2.4672271860369506,12049124.95623162,0
6.21134610713864e-08,0.28965974784659143,"[np.float64(7.059226914635472), 4.0]",0.7131657072178095,2.46208081212414,11481661.058915636,0
6.016801964265909e-08,0.2905618988080984,"[np.float64(6.928831008308347), 4.0]",0.7165173037828325,2.4659713015437594,11908607.064654363,0
6.03902552539955e-08,0.29045734940180895,"[np.float64(6.943682146344948), 4.0]",0.7161281555962258,2.4655191444495284,11858339.604365986,0
6.135407336559691e-08,0.29000842805016974,"[np.float64(7.008220044222702), 4.0]",0.7144593954014584,2.4635814903898625,11644856.750490464,0
6.030229659879358e-08,0.2904986818688789,"[np.float64(6.93780291832016), 4.0]",0.7162819780312498,2.4656978593608727,11878187.373141937,0
6.131451766711122e-08,0.29002671026827115,"[np.float64(7.005567067346846), 4.0]",0.7145272859091397,2.4636602789040043,11653476.421170777,0
6.316497903030383e-08,0.28918398341406265,"[np.float64(7.130104571483035), 4.0]",0.711403953504067,2.460039263258424,11262632.623732306,0
5.992632958133283e-08,0.2906760503344303,"[np.float64(6.9126919412284416), 4.0]",0.7169424127969848,2.4664653726102443,11963729.762957381,0
6.016860602848699e-08,0.2905616224265972,"[np.float64(6.928870180000579), 4.0]",0.7165162747961434,2.465970105797962,11908473.90509441,0
6.103315285061994e-08,0.2901571013100515,"[np.float64(6.986706933612469), 4.0]",0.7150116601337889,2.4642225087910323,11715135.57367414,0
5.382945034030359e-08,0.2937254845616818,"[np.float64(6.508812173232557), 4.0]",0.7283842901343633,2.4798130513643057,13531334.344482467,0
5.55378307025126e-08,0.29283589845128033,"[np.float64(6.62148185638174), 4.0]",0.7250293499920109,2.4758895812517174,13054693.365241751,0
6.15143067853687e-08,0.2899344922283742,"[np.float64(7.018970700815832), 4.0]",0.7141848968133871,2.4632629644176363,11610061.693538543,0
6.780034669687105e-08,0.2871767115721138,"[np.float64(7.446618912105916), 4.0]",0.7040146734475414,2.4515033603995926,10383644.151483836,0
5.8162683450823166e-08,0.2915236520729483,"[np.float64(6.795276789756537), 4.0]",0.7201061521038051,2.4701465798171744,12380896.2960359,0
6.333735260396861e-08,0.28910675352440707,"[np.float64(7.1417525247478135), 4.0]",0.7111183464706762,2.459708525662794,11227471.89825106,0
6.273956972409436e-08,0.28937549329992657,"[np.float64(7.1013936652418055), 4.0]",0.7121126357331992,2.4608602048934456,11350295.178382792,0
6.037409377149753e-08,0.29046493919024313,"[np.float64(6.942601771653663), 4.0]",0.7161563994063984,2.4655519575026714,11861981.765173826,0
6.213248096132315e-08,0.2896510702275794,"[np.float64(7.060506329664094), 4.0]",0.7131335384209685,2.4620435127709284,11477628.567011302,0
6.132633853286076e-08,0.29002124553536396,"[np.float64(7.006359846002461), 4.0]",0.7145069921589692,2.4636367271646837,11650899.258825174,0
7.290667753466605e-08,0.28511455648418266,"[np.float64(7.804965827229957), 4.0]",0.6964963841735814,2.442865046114266,9553259.148894936,0
5.8796807992041754e-08,0.29121587791692255,"[np.float64(6.837425723859296), 4.0]",0.7189558911746848,2.468807320251223,12227804.80314504,0
6.03054524853581e-08,0.2904971978263256,"[np.float64(6.938013830874398), 4.0]",0.7162764545137812,2.465691441684779,11877474.175120234,0
6.135862090582806e-08,0.2900063269940424,"[np.float64(7.008525069312057), 4.0]",0.7144515935651296,2.4635724364034535,11643866.55074362,0
6.290819113001236e-08,0.28929942779715906,"[np.float64(7.112767933340782), 4.0]",0.7118310783007565,2.460534000087458,11315395.745994592,0
6.318883024633862e-08,0.28917328455660124,"[np.float64(7.131715788476972), 4.0]",0.7113643813743317,2.459993434265858,11257755.18554643,0
5.997452246716549e-08,0.29065325094997885,"[np.float64(6.9159090685950995), 4.0]",0.7168574877586998,2.466366659982999,11952700.217849353,0
6.339099967609463e-08,0.2890827606534229,"[np.float64(7.145379395176865), 4.0]",0.7110296387505638,2.4596058137240733,11216570.844184054,0
5.654930809843344e-08,0.2923226993179406,"[np.float64(6.688338310201272), 4.0]",0.7231003182272353,2.473637250594644,12787076.315214315,0
5.5522434014123565e-08,0.2928437860500739,"[np.float64(6.620465123578188), 4.0]",0.7250590348013279,2.4759242618088155,13058848.151665874,0
6.246120812043771e-08,0.28950151479515496,"[np.float64(7.0826338609853075), 4.0]",0.7125793295567369,2.4614010398561907,11408350.094393648,0
6.780330773905479e-08,0.28717547302899454,"[np.float64(7.446823506278098), 4.0]",0.7040101357615233,2.451498132260213,10383123.762500638,0
5.8673087121429244e-08,0.291275655747976,"[np.float64(6.829196547732267), 4.0]",0.7191791708037681,2.469067210429808,12257394.422000704,0
6.161515083641168e-08,0.28988806041054394,"[np.float64(7.025739937969311), 4.0]",0.7140125604422968,2.4630630162246114,11588262.801433386,0
6.256464016532615e-08,0.2894546224240639,"[np.float64(7.089602084533001), 4.0]",0.7124056410347913,2.4611997385589697,11386713.631729838,0
6.210960227826589e-08,0.2896615087071991,"[np.float64(7.058967355817019), 4.0]",0.7131722350648283,2.46208838118609,11482479.502439026,0
6.194260631692336e-08,0.28973781926570413,"[np.float64(7.047738178267691), 4.0]",0.7134551852819544,2.462416494643663,11518003.966956602,0
6.121694722554955e-08,0.2900718576060424,"[np.float64(6.9990246910407725), 4.0]",0.7146949645067696,2.4638548889407392,11674789.366309399,0
7.386658646763436e-08,0.28474225021545035,"[np.float64(7.873700898681226), 4.0]",0.695146857355581,2.4413196735981324,9410843.124044577,0
5.457402290512e-08,0.29333415039177435,"[np.float64(6.557884346275052), 4.0]",0.7269066902946058,2.4780840871196075,13319646.44714526,0
6.024467585995189e-08,0.29052579176478077,"[np.float64(6.933952423100594), 4.0]",0.7163828862792614,2.4658151069054433,11891223.183681903,0
6.082381318922236e-08,0.2902545120125486,"[np.float64(6.972686837515366), 4.0]",0.7153737150966628,2.4646428754421397,11761408.527136263,0
6.437541573308946e-08,0.28864606782137614,"[np.float64(7.212082179108615), 4.0]",0.709416838150137,2.4577394852617496,11019996.221717468,0
6.103976064483487e-08,0.29015403209270685,"[np.float64(6.987149644159556), 4.0]",0.7150002552199323,2.4642092686531516,11713680.52014855,0
5.7862205231231254e-08,0.2916707061448176,"[np.float64(6.7753291728915155), 4.0]",0.7206563378370161,2.4707875102109247,12454698.796167558,0
6.327260878954266e-08,0.28913573642802487,"[np.float64(7.1373765426058124), 4.0]",0.7112255170724542,2.4598326234553887,11240654.221135916,0
5.492947568976423e-08,0.2931493209688208,"[np.float64(6.58132819966322), 4.0]",0.7262097630432822,2.477269129067918,13220766.335816436,0
5.99149569167372e-08,0.29068143332629937,"[np.float64(6.911932828003317), 4.0]",0.7169624651510904,2.4664886812577285,11966335.320034377,0
6.24966470026494e-08,0.289485439261429,"[np.float64(7.08502105803578), 4.0]",0.7125197817090975,2.461332022525782,11400928.143855331,0
6.634467044939493e-08,0.28779208191089495,"[np.float64(7.3464356295738575), 4.0]",0.7062725283329017,2.454106880367803,10645505.110642131,0
6.077004796069462e-08,0.29027958542022436,"[np.float64(6.969087663103396), 4.0]",0.7154669347111793,2.4647511249384997,11773348.198999861,0
5.946613507009823e-08,0.290894714764339,"[np.float64(6.8819959128505985), 4.0]",0.7177573785463734,2.467412923359046,12070018.972988348,0
6.357448498860685e-08,0.2890008531963428,"[np.float64(7.157790394624928), 4.0]",0.7107268822069392,2.4592553078868673,11179435.937771391,0
6.20870576861649e-08,0.28967179856249864,"[np.float64(7.057450987870398), 4.0]",0.7132103826164284,2.4621326140678774,11487263.355618088,0
6.070018452791302e-08,0.2903122000588309,"[np.float64(6.964411827972812), 4.0]",0.7155882082101557,2.4648919613614027,11788896.751723908,0
7.312063005790672e-08,0.2850311786543903,"[np.float64(7.82024511242431), 4.0]",0.696193950329552,2.442518582059088,9521170.014238283,0
6.349485315175912e-08,0.2890363715300295,"[np.float64(7.152402877851091), 4.0]",0.7108581550473949,2.45940727557722,11195524.042686926,0
6.002383259105072e-08,0.2906299424507434,"[np.float64(6.919201287965471), 4.0]",0.7167706758159827,2.4662657597211015,11941434.67478033,0
6.460712702683655e-08,0.2885442488900442,"[np.float64(7.2278253795558305), 4.0]",0.7090412791622189,2.457305185910719,10974660.409643304,0
6.56767789454432e-08,0.28807887511361796,"[np.float64(7.300723709557883), 4.0]",0.707327057323732,2.455324282437451,10769819.54171807,0
6.494053766419595e-08,0.2883983768547637,"[np.float64(7.2505080018711485), 4.0]",0.7085035465198405,2.4566835439460193,10910035.11833355,0
5.797675496172653e-08,0.2916145522276869,"[np.float64(6.782931901253908), 4.0]",0.720446199222775,2.470542686293189,12426466.42949194,0
6.884433486901071e-08,0.28674325622945857,"[np.float64(7.518967085496118), 4.0]",0.7024282401614004,2.4496765831497047,10203137.868902389,0
5.9234532674344704e-08,0.291005421165665,"[np.float64(6.866563752430981), 4.0]",0.7181703052572297,2.4678932178668456,12124182.851336636,0
6.27665832218452e-08,0.2893632936089448,"[np.float64(7.103215321699899), 4.0]",0.7120674715799716,2.46080787476204,11344690.678210195,0
6.209520712549944e-08,0.2896680785401945,"[np.float64(7.057999110727446), 4.0]",0.7131965911733353,2.4621166224719917,11485533.653699024,0
6.365943406770064e-08,0.2889630123165096,"[np.float64(7.1635396873278046), 4.0]",0.7105870497647648,2.4590934461412592,11162321.188860532,0
6.411388575852998e-08,0.2887614295324313,"[np.float64(7.194332908367064), 4.0]",0.709842569004337,2.458231939610942,11071588.636474065,0
6.171995550376244e-08,0.28983988665252575,"[np.float64(7.032777711179508), 4.0]",0.713833798790907,2.4628556374184827,11565688.811091121,0
5.785112070201214e-08,0.2916761460641397,"[np.float64(6.774593602480759), 4.0]",0.7206766980187186,2.4708112327438716,12457437.112253774,0
6.197678841782576e-08,0.2897221824577305,"[np.float64(7.050036074967383), 4.0]",0.7133971975679704,2.462349246150845,11510715.798283977,0
5.816532020055912e-08,0.29152236513830126,"[np.float64(6.795451901617418), 4.0]",0.7201013388795514,2.4701409737051487,12380252.29460749,0
7.39280390692294e-08,0.2847185694237026,"[np.float64(7.878117578264701), 4.0]",0.6950611006822361,2.4412215265379626,9401860.368991405,0
6.262583982611972e-08,0.28942691350969524,"[np.float64(7.093726463851178), 4.0]",0.7123030258588618,2.46108082078898,11373947.684159877,0
6.017086965980053e-08,0.29056055553408905,"[np.float64(6.929021395590528), 4.0]",0.71651230269711,2.465965489982165,11907959.894018346,0
6.110954017713268e-08,0.29012164122693423,"[np.float64(6.99182537913581), 4.0]",0.7148799040241474,2.4640695571722815,11698335.512785563,0
6.362069986624951e-08,0.2889802603307555,"[np.float64(7.160917922834279), 4.0]",0.7106507827999639,2.4591672178112813,11170118.912460452,0
6.367837649667355e-08,0.2889545812388919,"[np.float64(7.164821985266265), 4.0]",0.7105558980377106,2.4590573888505394,11158511.52509877,0
5.9060452330799644e-08,0.2910889257790063,"[np.float64(6.854971346635325), 4.0]",0.7184819147029889,2.4682557496139785,12165194.920600113,0
7.006496328470048e-08,0.2862444421009531,"[np.float64(7.604123032100653), 4.0]",0.7006066355629632,2.447581620871689,9999386.322606537,0
5.450230283383815e-08,0.29337159803811325,"[np.float64(6.55315548385608), 4.0]",0.7270479666570515,2.4782493312887004,13339766.007201781,0
6.005184338242276e-08,0.29061671071511214,"[np.float64(6.921071675865749), 4.0]",0.716721398804408,2.466208488289584,11935044.0958186,0
6.230732906112028e-08,0.28957142328853375,"[np.float64(7.072272294662423), 4.0]",0.7128383411337028,2.4617012723089697,11440682.049369268,0
6.56096398273357e-08,0.288107863734767,"[np.float64(7.296137003407471), 4.0]",0.7074337274379356,2.4554474781334026,10782466.254954038,0
5.868604979053659e-08,0.2912693865099753,"[np.float64(6.830058614791419), 4.0]",0.7191557512413407,2.46903994909438,12254287.923759831,0
6.280674097692931e-08,0.2893451675511437,"[np.float64(7.105923730820369), 4.0]",0.7120003724074672,2.4607301322273383,11336368.697573481,0
5.417581183821455e-08,0.2935427333254328,"[np.float64(6.531633982469814), 4.0]",0.7276939169775017,2.479005045479195,13432081.44532503,0
5.729080107257464e-08,0.29195255379717516,"[np.float64(6.737436560501573), 4.0]",0.7217119103657664,2.472017802136278,12597343.672180787,0
6.213345475486718e-08,0.289650626017122,"[np.float64(7.060571836570445), 4.0]",0.7131318917242397,2.4620416034663934,11477422.180011278,0
5.897401294306477e-08,0.2911304842241788,"[np.float64(6.8492173228358615), 4.0]",0.7186370419760189,2.4684362542489633,12185656.12399163,0
6.708199803868495e-08,0.2874787518297111,"[np.float64(7.397082720208954), 4.0]",0.7051220645314031,2.452779762133809,10511345.594160333,0
5.724985812657674e-08,0.2919728613237817,"[np.float64(6.734723398805929), 4.0]",0.7217880203403263,2.472106541230568,12607682.253892874,0
6.031994982835457e-08,0.29049038153181006,"[np.float64(6.938982737806373), 4.0]",0.7162510851731657,2.46566196579811,11874198.95426501,0
5.8352329843392334e-08,0.2914312440656313,"[np.float64(6.807874669687033), 4.0]",0.7197606144049725,2.46974416457173,12334736.527859073,0
6.876062854156109e-08,0.2867777747250714,"[np.float64(7.513150174665578), 4.0]",0.702554457085845,2.4498218446648146,10217394.343060708,0
5.701840931939351e-08,0.29208794448756104,"[np.float64(6.71939075107942), 4.0]",0.7222194754895499,2.4726096681484457,12666426.231639953,0
5.916696516841621e-08,0.2910378025600494,"[np.float64(6.862063579517269), 4.0]",0.7182911264357021,2.468033774710411,12140070.466536816,0
6.666649246964494e-08,0.28765490438239494,"[np.float64(7.3685175244654575), 4.0]",0.7057686386514331,2.453525484527173,10586557.241972625,0
5.6206578828598016e-08,0.29249550514967576,"[np.float64(6.665670216072525), 4.0]",0.723749343426481,2.474394753711255,12876594.849039912,0
6.35156881156597e-08,0.28902707416181156,"[np.float64(7.153812296061596), 4.0]",0.7108237906014946,2.459367492346203,11191310.55160909,0
7.104620084993792e-08,0.2858494582971292,"[np.float64(7.673047831847099), 4.0]",0.6991672675451104,2.445928257867656,9841022.590664273,0
6.562875460775342e-08,0.2880996075719425,"[np.float64(7.29744270279287), 4.0]",0.7074033455453634,2.4554123884695502,10778862.859326458,0
5.903819572228691e-08,0.2910996203416563,"[np.float64(6.8534896508927465), 4.0]",0.7185218319083491,2.468302195190217,12170457.161127422,0
6.195033070438355e-08,0.2897342849340628,"[np.float64(7.048257425196729), 4.0]",0.7134420781507085,2.46240129404455,11516356.249252856,0
5.7406562789555414e-08,0.29189521819951625,"[np.float64(6.745109121053908), 4.0]",0.7214970635125174,2.4717673278887347,12568198.276518082,0
6.20994955478778e-08,0.28966612117726803,"[np.float64(7.058287552481783), 4.0]",0.7131893346319081,2.462108208351556,11484623.640493982,0
5.921395634287722e-08,0.29101527823985396,"[np.float64(6.865193220376044), 4.0]",0.7182070819237677,2.4679360007065454,12129016.979797872,0
7.400651223520034e-08,0.2846883563470178,"[np.float64(7.8837604519153235), 4.0]",0.69495170229211,2.4410963314741476,9390412.83398793,0
6.403673289504934e-08,0.28879555163898635,"[np.float64(7.189100747818695), 4.0]",0.7099685378953849,2.4583776788324387,11086895.064727332,0
6.023622658155298e-08,0.2905297692842307,"[np.float64(6.933387862665196), 4.0]",0.7163976924629314,2.4658323111875884,11893136.956263531,0
6.09347558619385e-08,0.29020284527399476,"[np.float64(6.980115722701848), 4.0]",0.7151816599388838,2.4644198759100577,11736842.953129902,0
6.711145829647752e-08,0.28746630282956265,"[np.float64(7.399110453893605), 4.0]",0.7050763905021425,2.452727097270176,10506050.805621518,0
5.909046252231112e-08,0.2910745121057382,"[np.float64(6.8569693747314835), 4.0]",0.7184281192053563,2.468193157854969,12158106.207648914,0
5.883119032163916e-08,0.2911992885830415,"[np.float64(6.83971313663703), 4.0]",0.7188939386090287,2.4687352160340916,12219605.530310113,0
6.494472811056252e-08,0.28839654821285327,"[np.float64(7.25079331223987), 4.0]",0.7084968079025961,2.456675755285686,10909227.4079036,0
6.056905568602864e-08,0.290373519079507,"[np.float64(6.9556386106430015), 4.0]",0.7158162661845228,2.4651568381775393,11818184.35299857,0
6.191386896070459e-08,0.28975097210560635,"[np.float64(7.045806536353537), 4.0]",0.7135039647510452,2.462473066323285,11524137.914945858,0
6.490573434286144e-08,0.2884135689819391,"[np.float64(7.248138603800188), 4.0]",0.7085595323665173,2.4567482551796593,10916747.796482593,0
5.902322009760244e-08,0.2911068186459993,"[np.float64(6.852492727692448), 4.0]",0.7185487005505803,2.468333458806309,12174000.32330273,0
5.964137314362856e-08,0.29081124497786326,"[np.float64(6.893679554754862), 4.0]",0.7174461856541553,2.467051044428381,12029337.150343586,0
6.267520775135497e-08,0.28940458145064973,"[np.float64(7.097054214497404), 4.0]",0.7122203327526097,2.460984996099863,11363669.276983166,0
6.614171393947384e-08,0.2878789295312921,"[np.float64(7.332528532066003), 4.0]",0.706591712552341,2.4544752674423687,10682996.712164758,0
6.232992567245358e-08,0.2895611465502732,"[np.float64(7.073793462349163), 4.0]",0.7128002603438924,2.461657127815444,11435923.477427011,0
6.204232766309726e-08,0.28969222554058643,"[np.float64(7.054442798403422), 4.0]",0.7132861170114619,2.462220433014448,11496765.899641192,0
5.888199831864976e-08,0.2911747922491351,"[np.float64(6.84309373351341), 4.0]",0.7188024664025394,2.468628760237999,12207508.014803097,0
6.014376037622309e-08,0.2905733353577907,"[np.float64(6.927210508246792), 4.0]",0.7165598839993079,2.4660207830735352,11914118.430855362,0
6.763187127755662e-08,0.28724726829995634,"[np.float64(7.434983589551062), 4.0]",0.7042732182481197,2.451801273572727,10413333.313783824,0
6.021586584079655e-08,0.2905393565020801,"[np.float64(6.932027470944899), 4.0]",0.7164333817096353,2.4658737815594565,11897751.061220283,0
6.355007371667923e-08,0.28901173665865637,"[np.float64(7.1561386466146795), 4.0]",0.7107671042378638,2.459301869381626,11184363.174882002,0
6.478899247542667e-08,0.28846458757570564,"[np.float64(7.240193687747784), 4.0]",0.7087475750282014,2.4569656226596455,10939320.831343642,0
6.207580660314014e-08,0.2896769352222313,"[np.float64(7.056694279896498), 4.0]",0.7132294264372828,2.462154696196696,11489652.176363403,0
5.936494642845005e-08,0.2909430284468488,"[np.float64(6.875252187155864), 4.0]",0.7179375583700497,2.467622483352293,12093627.663512645,0
6.967551804625123e-08,0.28640267640652284,"[np.float64(7.57688509900943), 4.0]",0.7011840190534187,2.4482453441117675,10063563.769816056,0
5.457861885577665e-08,0.2933317524564094,"[np.float64(6.558187396121878), 4.0]",0.7268976446095693,2.478073507291339,13318359.090954421,0
6.345402412847387e-08,0.2890545998962187,"[np.float64(7.149641290165844), 4.0]",0.7109255341803675,2.4594852821425994,11203789.577489575,0
6.129688496900331e-08,0.2900348637761497,"[np.float64(7.004384574876102), 4.0]",0.7145575656314285,2.4636954203648,11657322.651759006,0
6.752039586921268e-08,0.2872940479249801,"[np.float64(7.427290780709373), 4.0]",0.7044446831170635,2.4519988778222523,10433065.062023276,0
6.084277859026588e-08,0.2902456728935538,"[np.float64(6.973956586466667), 4.0]",0.7153408550630221,2.4646047189319167,11757202.278356632,0
6.160871762260132e-08,0.2898910201630382,"[np.float64(7.025308028195679), 4.0]",0.7140235447295981,2.463075759739031,11589651.1448837,0
6.555437630631292e-08,0.2881317468467422,"[np.float64(7.292362732802519), 4.0]",0.7075216217197039,2.4555489961195978,10792896.852739476,0
5.821372194570002e-08,0.29149875213938264,"[np.float64(6.798666572341572), 4.0]",0.7200130298472626,2.470038120447878,12368441.765652241,0
6.210617457300436e-08,0.2896630729448153,"[np.float64(7.058736797035811), 4.0]",0.7131780340385431,2.462095105144497,11483206.604525592,0
6.101133848450438e-08,0.2901672361466022,"[np.float64(6.985245482593971), 4.0]",0.7150493213820552,2.4642662310116514,11719941.55748055,0
7.112771445744324e-08,0.2858168803845988,"[np.float64(7.678793168610492), 4.0]",0.6990486704086972,2.4457921081079905,9828077.223357828,0
5.8828251391357015e-08,0.2912007062135598,"[np.float64(6.839517604698732), 4.0]",0.7188992325340664,2.4687413773194713,12220305.98447613,0
6.034222130504876e-08,0.2904799132953058,"[np.float64(6.940471306717767), 4.0]",0.7162121253870858,2.4656167005219904,11869170.704976372,0
6.314258620559037e-08,0.28919403178111946,"[np.float64(7.128592019097789), 4.0]",0.7114411214779601,2.460082309085909,11267215.428293183,0
6.43234099136793e-08,0.2886689704718256,"[np.float64(7.208551026892975), 4.0]",0.7095013395488564,2.4578372188364614,11030219.643221539,0
5.77976347987607e-08,0.2917024103975636,"[np.float64(6.771044557912188), 4.0]",0.7207750058690876,2.470925779758684,12470666.115986852,0
6.000583118914571e-08,0.29063844929289595,"[np.float64(6.91799935378986), 4.0]",0.7168023582325753,2.4663025830770424,11945545.025001433,0
6.478307568464563e-08,0.28846717576672576,"[np.float64(7.2397911337721705), 4.0]",0.7087571157115353,2.4569766519456087,10940467.216494313,0
5.581888769538868e-08,0.29269231825453895,"[np.float64(6.64004648349412), 4.0]",0.724489182830842,2.4752586168004322,12979283.76474427,0
6.064557494917321e-08,0.2903377203680005,"[np.float64(6.9607576824045285), 4.0]",0.7156831154022416,2.465002186058083,11801077.259174349,0
6.123288480505775e-08,0.2900644780446184,"[np.float64(7.000093194774189), 4.0]",0.7146675541348323,2.463823074623086,11671303.032840319,0
6.860127605294687e-08,0.2868436003742287,"[np.float64(7.502084334209515), 4.0]",0.7027952060544881,2.450098956844743,10244637.512457736,0
6.396773591344842e-08,0.28882610148038,"[np.float64(7.184423202445905), 4.0]",0.7100813363296266,2.4585081912268323,11100616.99370449,0
6.047037247602191e-08,0.2904197552313806,"[np.float64(6.949038737492884), 4.0]",0.7159882717382514,2.465356639281704,11840315.222502714,0
6.239479669237429e-08,0.2895316646834176,"[np.float64(7.0781612253392145), 4.0]",0.7126910246223456,2.4615305044497386,11422282.985168355,0
5.653810723294904e-08,0.29232832949175913,"[np.float64(6.687597237689958), 4.0]",0.723121455694784,2.473661916215921,12789983.448072813,0
6.199546519716649e-08,0.28971364234126895,"[np.float64(7.051291750608789), 4.0]",0.7133655291200699,2.4623125212714667,11506737.256528795,0
5.795508015155338e-08,0.291625168689294,"[np.float64(6.78149316396481), 4.0]",0.7204859237500524,2.4705889652400996,12431799.280856332,0
6.265706525088057e-08,0.28941278632474765,"[np.float64(7.09583120365199), 4.0]",0.712250713461807,2.461020200616142,11367444.526964933,0
5.646141904985273e-08,0.29236690860476156,"[np.float64(6.682523844758163), 4.0]",0.7232663091555998,2.473830956475833,12809920.850855524,0
6.047773849642406e-08,0.29041630135962676,"[np.float64(6.949531297118733), 4.0]",0.7159754215040827,2.4653417117156926,11838660.626280148,0
6.054776788130417e-08,0.2903834865630903,"[np.float64(6.9542147102199205), 4.0]",0.7158533435591696,2.4651999052419926,11822951.838001769,0
6.586415789611655e-08,0.28799812519666024,"[np.float64(7.3135328443209024), 4.0]",0.7070299973382935,2.4549812498102073,10734669.961976103,0
5.864756395516779e-08,0.2912880039038438,"[np.float64(6.827499249737377), 4.0]",0.71922530099798,2.4691209090622257,12263515.353302322,0
5.8064891446629805e-08,0.29157142479545206,"[np.float64(6.788783068520907), 4.0]",0.7202848461505208,2.4703547223663183,12404825.50135427,0
6.78629061864033e-08,0.2871505554120093,"[np.float64(7.450942198923761), 4.0]",0.7039188500439469,2.4513929601631808,10372659.964052362,0
5.4972250367927956e-08,0.2931271641408899,"[np.float64(6.58415022407214), 4.0]",0.7261262583308059,2.477171504930186,13208960.038398651,0
6.250128751014918e-08,0.2894833349486377,"[np.float64(7.085333671933537), 4.0]",0.7125119871377456,2.4613229886416943,11399956.953239487,0
6.614860081145351e-08,0.2878759782551926,"[np.float64(7.333000202185522), 4.0]",0.7065808637991217,2.4544627449698524,10681720.476796215,0
6.263065741366821e-08,0.28942473344596953,"[np.float64(7.094051174582722), 4.0]",0.712294952941911,2.461071465666164,11372943.896106433,0
5.768718480156029e-08,0.29175672705496714,"[np.float64(6.763717156921975), 4.0]",0.7209783528721039,2.4711627394156745,12498067.904547896,0
6.261237807295389e-08,0.28943300614396106,"[np.float64(7.092819160061164), 4.0]",0.7123255877202149,2.4611069663765694,11376753.441471852,0
5.919085440512174e-08,0.2910263494092767,"[np.float64(6.863654563408077), 4.0]",0.7182483904190045,2.4679840566907436,12134448.769789256,0
6.211905297321325e-08,0.289657196322947,"[np.float64(7.059603056558862), 4.0]",0.7131562483284414,2.462069844566621,11480475.219671587,0
5.8752532339477795e-08,0.29123725550315543,"[np.float64(6.834480445282715), 4.0]",0.719035732565247,2.4689002487782905,12238378.56742224,0
6.446526859692502e-08,0.28860654127189705,"[np.float64(7.218185084451351), 4.0]",0.709271022975697,2.4575708500920315,11002374.432199745,0
5.582313698262388e-08,0.2926901533115888,"[np.float64(6.640327232442381), 4.0]",0.7244810408487641,2.4752491078082293,12978149.921497138,0
6.026983904071393e-08,0.29051394951461945,"[np.float64(6.935633858610479), 4.0]",0.7163388055505815,2.465763887577224,11885527.105301792,0
6.351912209332184e-08,0.2890255420814147,"[np.float64(7.154044605668733), 4.0]",0.7108181279515828,2.4593609368661085,11190616.37702193,0
6.437798377132477e-08,0.2886449373704554,"[np.float64(7.212256568401323), 4.0]",0.7094126674871484,2.4577346616568834,11019491.84999383,0
6.378719108262059e-08,0.2889061975916712,"[np.float64(7.172190177271175), 4.0]",0.7103771508956507,2.4588505086334984,11136673.975430774,0
6.115655819781038e-08,0.29009983722494675,"[np.float64(6.994976578705241), 4.0]",0.7147988996889644,2.4639755283099354,11688017.127729021,0
6.518182587318203e-08,0.28829327294652024,"[np.float64(7.266945571655466), 4.0]",0.7081163294073907,2.456236048000848,10863708.095337864,0
5.401778787881456e-08,0.29362595734612373,"[np.float64(6.521220602842099), 4.0]",0.7280082354313152,2.4793728797387806,13477194.532004068,0
5.450839353628109e-08,0.29336841583469225,"[np.float64(6.553557056301711), 4.0]",0.7270359603854623,2.4782352875884692,13338055.173127476,0
6.316884282572578e-08,0.2891822499692362,"[np.float64(7.130365570866927), 4.0]",0.7113975418322924,2.46003183773545,11261842.231223727,0
6.536237017139912e-08,0.2882148807990759,"[np.float64(7.279257430189381), 4.0]",0.7078276478127448,2.4559025052776327,10829283.668211771,0
5.7040361385233356e-08,0.2920770083720231,"[np.float64(6.720844654356645), 4.0]",0.7221784650795612,2.472561839443764,12660832.567349743,0
5.940808925351641e-08,0.2909224190542919,"[np.float64(6.878127194008136), 4.0]",0.7178606931766149,2.4675330815348677,12083551.283954553,0
6.272645928048548e-08,0.28938141607584356,"[np.float64(7.100509633696104), 4.0]",0.7121345632277365,2.4608856120916007,11353017.074395671,0
5.604063717193933e-08,0.29257957113894056,"[np.float64(6.654700321416441), 4.0]",0.7240652711693844,2.4747635945694215,12920361.146998849,0
6.20114446681712e-08,0.2897063376593858,"[np.float64(7.052366152109086), 4.0]",0.7133384429267222,2.4622811108999976,11503335.339853154,0
5.777544090914135e-08,0.2917133161543612,"[np.float64(6.769572025658628), 4.0]",0.7208158298991645,2.4709733494570476,12476163.202851743,0
6.430510314645171e-08,0.28867703691501634,"[np.float64(7.207308210697071), 4.0]",0.7095311036071584,2.4578716450385256,11033822.649988387,0
6.126046217441915e-08,0.2900517135374235,"[np.float64(7.001942209405117), 4.0]",0.7146201443825219,2.4637680490390177,11665275.105954546,0
6.022642041459183e-08,0.2905343862785966,"[np.float64(6.932732657725263), 4.0]",0.7164148794208312,2.465852282056049,11895358.789201027,0
5.789081007235858e-08,0.2916566728363165,"[np.float64(6.777227486959482), 4.0]",0.7206038172920224,2.4707263176400542,12447637.481516134,0
6.800633072420797e-08,0.2870906779706277,"[np.float64(7.460859527505715), 4.0]",0.7036995331509198,2.451140309135762,10347559.200108798,0
6.522612480223413e-08,0.2882740184957012,"[np.float64(7.26996545821308), 4.0]",0.708045414322626,2.4561541064901222,10855242.68794785,0
6.088871320819362e-08,0.29022427599157585,"[np.float64(6.977032291560682), 4.0]",0.715261316308103,2.464512363289914,11747026.314424597,0
6.271195905256339e-08,0.28938796815384543,"[np.float64(7.099531944175467), 4.0]",0.7121588212627643,2.460913720103816,11356028.9300778,0
6.07862081804363e-08,0.290272046725797,"[np.float64(6.970169397303282), 4.0]",0.715438905676908,2.4647185760630315,11769757.10597405,0
6.182548426524791e-08,0.28979146381387977,"[np.float64(7.039866889901138), 4.0]",0.7136541540127478,2.462647258896129,11543041.87818376,0
5.900827409805481e-08,0.29111400458879955,"[np.float64(6.851497819425516), 4.0]",0.7185755239660889,2.4683646703327846,12177538.403716447,0
6.743769922874248e-08,0.28732879950791274,"[np.float64(7.4215870082913025), 4.0]",0.7045720853699916,2.452145717995068,10447747.972245432,0
5.6680492299441804e-08,0.2922568456297829,"[np.float64(6.697019009614893), 4.0]",0.7228531243515747,2.4733488202608287,12753120.077587849,0
6.111692639117916e-08,0.2901182148347717,"[np.float64(6.9923203765568935), 4.0]",0.7148671740347989,2.4640547800210704,11696713.435150327,0
6.858897505749483e-08,0.28684868784496015,"[np.float64(7.501230548650221), 4.0]",0.7028138159692088,2.450120379665376,10246746.148051837,0
5.953617769354052e-08,0.29086132160852274,"[np.float64(6.886665114464553), 4.0]",0.7176328670721637,2.4672681231849833,12053727.579995861,0
6.213310462661262e-08,0.28965078573253966,"[np.float64(7.060548283481055), 4.0]",0.7131324837919724,2.46204228995419,11477496.385824025,0
5.8808790125450046e-08,0.2912100954493923,"[np.float64(6.838222854937821), 4.0]",0.7189342961018023,2.4687821862506194,12224946.212431546,0
6.106560781458705e-08,0.2901420297354527,"[np.float64(6.988881457837726), 4.0]",0.7149556572185946,2.46415749510845,11707992.154756043,0
6.674771156125492e-08,0.287620387282015,"[np.float64(7.374096247281164), 4.0]",0.7056418998088657,2.453379283983009,10571776.669246443,0
5.949310248837206e-08,0.29088185313243986,"[np.float64(6.883793505429932), 4.0]",0.7177094196565809,2.4673571483670536,12063741.67151322,0
6.140136730741477e-08,0.2899865850194781,"[np.float64(7.011392518816153), 4.0]",0.7143782896321974,2.4634873698871735,11634566.475621948,0
6.719054620642584e-08,0.2874329091290798,"[np.float64(7.404555619717772), 4.0]",0.7049538859801483,2.4525858507856837,10491861.218308259,0
6.055998891180328e-08,0.2903777639327658,"[np.float64(6.955032139030898), 4.0]",0.7158320561156604,2.465175178776445,11820214.451461747,0
5.855940077169614e-08,0.2913307001988986,"[np.float64(6.821637287532181), 4.0]",0.7193848264645378,2.4693066194994078,12284702.660622893,0
7.088087650702434e-08,0.2859156415085345,"[np.float64(7.661404611687275), 4.0]",0.699408258526482,2.4462049534481483,9867375.983382065,0
5.460854196773061e-08,0.29331614530985706,"[np.float64(6.560160526804463), 4.0]",0.7268387725842963,2.4780046519991905,13309983.134393176,0
6.281552006158297e-08,0.2893412064792551,"[np.float64(7.106515888379847), 4.0]",0.7119857100509223,2.460713144575795,11334550.909598567,0
6.267054389693403e-08,0.28940669043172634,"[np.float64(7.096739809143104), 4.0]",0.7122281416980794,2.460994044870225,11364639.5485156,0
6.209218076582613e-08,0.28966945994265786,"[np.float64(7.057795558901331), 4.0]",0.713201712494189,2.4621225607814243,11486175.935484555,0
6.483747093004004e-08,0.28844339041363126,"[np.float64(7.243492380930536), 4.0]",0.7086694416932775,2.45687530117101,10929936.524790354,0
6.142410901874773e-08,0.2899760876914857,"[np.float64(7.012918225256701), 4.0]",0.7143393147944401,2.4634421426998743,11629624.364211958,0
6.209868106444121e-08,0.28966649292109986,"[np.float64(7.05823276949134), 4.0]",0.7131907127945041,2.4621098063584625,11484796.465393683,0
6.285092891075634e-08,0.28932523586932696,"[np.float64(7.108904463722784), 4.0]",0.7119265958229041,2.46064465715823,11327224.72302338,0
6.206514203755697e-08,0.28968180497833906,"[np.float64(7.055977049207341), 4.0]",0.7132474811593132,2.462175631681963,11491917.32660036,0
6.129877349411222e-08,0.2900339903922249,"[np.float64(7.00451122046367), 4.0]",0.7145543220852656,2.4636916559984727,11656910.593062663,0
5.872728544850786e-08,0.29124945289570764,"[np.float64(6.832801149483849), 4.0]",0.7190812912294876,2.468953277268406,12244415.619379833,0
6.677203215061124e-08,0.2876100593508466,"[np.float64(7.375767226919733), 4.0]",0.705603982062351,2.4533355462425135,10567358.20876004,0
6.01202790225785e-08,0.29058440967695087,"[np.float64(6.925642093268904), 4.0]",0.7166011177702414,2.466068701231779,11919457.617638765,0
6.122994806463745e-08,0.2900658376937129,"[np.float64(6.999896302199011), 4.0]",0.7146726042934123,2.4638289361329453,11671945.296098692,0
6.324476117635995e-08,0.2891482117150778,"[np.float64(7.135494712215752), 4.0]",0.7112716517017481,2.4598860476530433,11246333.110790716,0
5.697713370373504e-08,0.2921085191466455,"[np.float64(6.716657224600885), 4.0]",0.7222966361776583,2.4726996606868834,12676956.337140374,0
5.967821298127133e-08,0.2907937294114119,"[np.float64(6.896136572913485), 4.0]",0.7173808995732636,2.4669751339731287,12020817.375989417,0
7.039271252602379e-08,0.2861119268855203,"[np.float64(7.627097187658236), 4.0]",0.7001234329438052,2.4470263807769888,9945964.68611681,0
5.4067149046610094e-08,0.2935999333384107,"[np.float64(6.524473165391935), 4.0]",0.7279099352768369,2.4792578356543067,13463072.274244048,0
6.128692869314035e-08,0.29003946869546743,"[np.float64(7.003716915479351), 4.0]",0.7145746674602732,2.463715268388368,11659495.469875835,0
6.349884386355448e-08,0.289034590482998,"[np.float64(7.152672826915931), 4.0]",0.7108515719171715,2.459399654308802,11194716.764365671,0
5.58799305516861e-08,0.2926612345258032,"[np.float64(6.644079772265732), 4.0]",0.7243722902237998,2.475122102855524,12963013.430265311,0
6.132098364461232e-08,0.2900237209433398,"[np.float64(7.00600071066512), 4.0]",0.7145161847317485,2.463647395487831,11652066.58902847,0
6.239848062196242e-08,0.28952999138069097,"[np.float64(7.078409297618469), 4.0]",0.7126848251870728,2.4615233184944665,11421509.275279194,0
5.890060753709964e-08,0.2911658255453872,"[np.float64(6.844332051103585), 4.0]",0.7187689863260429,2.4685897975138587,12203082.724967021,0
6.202184992350776e-08,0.28970158213822744,"[np.float64(7.053065798900549), 4.0]",0.7133208096767419,2.462260662892721,11501121.146120094,0
5.746071244189112e-08,0.29186843975597865,"[np.float64(6.748698814092727), 4.0]",0.7213967398381812,2.471650379332951,12554608.34335661,0
5.563812606353672e-08,0.29278457422035153,"[np.float64(6.628105602447838), 4.0]",0.7248362194372608,2.4756639634017894,13027689.297254983,0
5.9481156748145634e-08,0.29088754970148367,"[np.float64(6.882997208904469), 4.0]",0.717730660855948,2.4673818511397334,12066521.56909043,0
5.990909357900125e-08,0.2906842090131969,"[np.float64(6.911541467133004), 4.0]",0.7169728051505393,2.46650070048349,11967679.067036422,0
6.491416140986369e-08,0.2884098897093907,"[np.float64(7.248712279948859), 4.0]",0.7085459731845413,2.4567325825702118,10915121.720680164,0
5.662709938169119e-08,0.29228362929295587,"[np.float64(6.693485616127354), 4.0]",0.7229536524293578,2.473466112960919,12766920.084610673,0
5.8755313701080604e-08,0.2912359120902574,"[np.float64(6.834665454642938), 4.0]",0.7190307149245596,2.468894408536141,12237713.827597784,0
6.948851115510799e-08,0.2864789606262663,"[np.float64(7.56382890699769), 4.0]",0.7014625288751609,2.4485656026596394,10094654.745291624,0
5.7295206034627975e-08,0.2919503698560464,"[np.float64(6.7377284788778224), 4.0]",0.7217037256739822,2.4720082595882196,12596232.313708764,0
6.320336444984417e-08,0.28916676698845944,"[np.float64(7.132697693832083), 4.0]",0.7113402756677084,2.4599655177391035,11254784.96057281,0
6.545196703723845e-08,0.28817605751941405,"[np.float64(7.285371302543449), 4.0]",0.7076847196123699,2.455737390899291,10812275.805396918,0
5.920326666971502e-08,0.2910204005115345,"[np.float64(6.864481243758495), 4.0]",0.7182261937577525,2.4679582341832624,12131529.798256144,0
5.892917372049206e-08,0.29115206684492634,"[np.float64(6.846233064533744), 4.0]",0.7187176165531001,2.468530017119556,12196295.504872706,0
6.124603955841977e-08,0.2900583884842596,"[np.float64(7.000975175305461), 4.0]",0.7146449360178099,2.4637968229510143,11668426.908423083,0
6.243569979464716e-08,0.2895130913995571,"[np.float64(7.080915803222049), 4.0]",0.7126222150433634,2.4614507468329756,11413697.890585013,0
6.206575660340754e-08,0.28968152432640193,"[np.float64(7.056018380190668), 4.0]",0.7132464406250965,2.462174425116039,11491786.770322522,0
5.932818283363631e-08,0.29096060263962836,"[np.float64(6.872802579892683), 4.0]",0.7180031093551275,2.467698729110814,12102226.548358956,0
7.405817464597989e-08,0.2846684819715676,"[np.float64(7.88747719230415), 4.0]",0.694879747839556,2.4410139929328736,9382890.560850142,0
6.546306549108477e-08,0.2881712521026858,"[np.float64(7.286128819570343), 4.0]",0.7076670302659852,2.455716956852511,10810172.49890872,0
6.046471524755633e-08,0.2904224081553988,"[np.float64(6.948660451579711), 4.0]",0.7159981421650736,2.4653681054182237,11841586.274467912,0
5.990601578138806e-08,0.29068566614509456,"[np.float64(6.911336035928321), 4.0]",0.7169782333183212,2.466507010223354,11968384.54312757,0
6.533852219803063e-08,0.288225223259519,"[np.float64(7.277630550302321), 4.0]",0.7078657281033957,2.4559464994013758,10833819.074725438,0
6.002527995500248e-08,0.29062925859001276,"[np.float64(6.919297929896744), 4.0]",0.7167681289380512,2.46626279960748,11941104.30597527,0
5.988589739931024e-08,0.29069519274928224,"[np.float64(6.909993260134909), 4.0]",0.7170137231407391,2.4665482643847727,11972997.888965383,0
7.13990695295002e-08,0.28570868494795537,"[np.float64(7.6979412937255205), 4.0]",0.6986549259134208,2.445340175923205,9785210.514889905,0
5.7074703954280435e-08,0.29205990834384987,"[np.float64(6.723119333224464), 4.0]",0.7221143442696254,2.4724870604953453,12652090.930652456,0
6.293070440659459e-08,0.28928928754251204,"[np.float64(7.114287147472155), 4.0]",0.711793551692546,2.4604905274549633,11310751.379702596,0
6.321771021020317e-08,0.2891603354000613,"[np.float64(7.133666926945317), 4.0]",0.7113164886941903,2.4599379707803433,11251854.683268577,0
5.711990416600187e-08,0.29203741838002373,"[np.float64(6.726113433915351), 4.0]",0.7220300204648143,2.472388724944993,12640602.798745086,0
5.9228517131822125e-08,0.29100830254133364,"[np.float64(6.86616306534201), 4.0]",0.7181810554695311,2.467905723643481,12125595.747587422,0
6.125928597073167e-08,0.2900522578376832,"[np.float64(7.001863343262469), 4.0]",0.7146221659562826,2.46377039532026,11665532.084355555,0
5.8973367444953696e-08,0.29113079480392656,"[np.float64(6.849174359232053), 4.0]",0.7186382014075147,2.4684376034198294,12185809.163404115,0
6.202769533554244e-08,0.28969891095971945,"[np.float64(7.053458855174271), 4.0]",0.7133109052462375,2.462249177544952,11499877.617369799,0
5.699049088452119e-08,0.2921018592892921,"[np.float64(6.717541792433997), 4.0]",0.7222716590387769,2.4726705293698688,12673546.899294183,0
7.183501495250798e-08,0.2855356770890016,"[np.float64(7.728776030635989), 4.0]",0.6980257372210802,2.4446182849630564,9717068.169089453,0
5.972643623634167e-08,0.2907708183561353,"[np.float64(6.899353225868296), 4.0]",0.7172955109738234,2.466875854423885,12009682.08006644,0
6.024695673217285e-08,0.2905247181362214,"[np.float64(6.934104828160431), 4.0]",0.7163788897805635,2.465810463138174,11890706.662001494,0
6.010104041477234e-08,0.2905934863273816,"[np.float64(6.924357157112263), 4.0]",0.7166349150987521,2.466107978385289,11923835.430353202,0
6.415773997918771e-08,0.2887420525642239,"[np.float64(7.197307708119867), 4.0]",0.709771043954445,2.458149194588042,11062905.959354078,0
6.174877015280225e-08,0.28982665646074257,"[np.float64(7.03471313472543), 4.0]",0.7137847117633341,2.462798696571988,11559496.812600754,0
5.7943156054654306e-08,0.2916310109462308,"[np.float64(6.780701696161669), 4.0]",0.7205077850777636,2.4706144341097067,12434734.904639157,0
6.521788916643255e-08,0.28827759711906575,"[np.float64(7.269403981020955), 4.0]",0.7080585940772551,2.4561693352286738,10856815.562833192,0
5.9448657599491584e-08,0.2909030535383187,"[np.float64(6.880830978802636), 4.0]",0.7177884740124241,2.4674490875286557,12074090.534528112,0
6.196203113766684e-08,0.28972893219289036,"[np.float64(7.049043977986779), 4.0]",0.7134222278339831,2.462378273492597,11513861.226545434,0
5.834074124238615e-08,0.29143688185162164,"[np.float64(6.807104678485158), 4.0]",0.7197816912263743,2.469768708247553,12337547.927886682,0
5.9420908784526406e-08,0.29091629811292125,"[np.float64(6.878981549960881), 4.0]",0.7178378658402721,2.467506531935994,12080560.20218933,0
6.375135501611708e-08,0.2889221227185107,"[np.float64(7.169763214273303), 4.0]",0.7104359796915416,2.4589185937267284,11143856.934679037,0
6.272152546221787e-08,0.2893836453013461,"[np.float64(7.100176960602908), 4.0]",0.712142816498814,2.4608951751825257,11354041.714559283,0
5.901548928855113e-08,0.2911105353361329,"[np.float64(6.851978106671562), 4.0]",0.7185625739568753,2.468349601731802,12175830.152716786,0
6.214759664417242e-08,0.2896441757768528,"[np.float64(7.0615231865382935), 4.0]",0.713107980950171,2.4620138797458937,11474425.713243397,0
5.899640834006243e-08,0.291119710907765,"[np.float64(6.8507079835645115), 4.0]",0.7185968249485328,2.4683894563779805,12180348.688456656,0
6.729246004579283e-08,0.28738993414491504,"[np.float64(7.411575765905545), 4.0]",0.704796261186615,2.4524041291969008,10473629.002521202,0
6.767689041497036e-08,0.28722839774141373,"[np.float64(7.438091657093705), 4.0]",0.7042040613591471,2.451721580792748,10405384.423563508,0
5.9549324012204636e-08,0.2908550585408606,"[np.float64(6.88754158877634), 4.0]",0.7176095164641275,2.4672409689698234,12050674.434474746,0
5.8217075563011536e-08,0.29149711681670964,"[np.float64(6.798889322627964), 4.0]",0.7200069143545546,2.4700309979645096,12367624.230372952,0
6.117063432502426e-08,0.2900933129207822,"[np.float64(6.995920078626081), 4.0]",0.7147746627885184,2.4639473953806954,11684931.351056984,0
6.462383651140252e-08,0.2885369204449526,"[np.float64(7.228961323246794), 4.0]",0.709014255203118,2.457273939535182,10971404.569550995,0
6.049939039201585e-08,0.29040615143702597,"[np.float64(6.950979211491445), 4.0]",0.7159376596283402,2.4652978460877746,11833799.56375268,0
6.011587308213484e-08,0.2905864881083597,"[np.float64(6.925347815863855), 4.0]",0.716608856777527,2.4660776949487877,11920459.939065376,0
5.532883650428574e-08,0.29294316156787287,"[np.float64(6.607683010692841), 4.0]",0.7254331274790541,2.4763613651072593,13111302.772883402,0
5.4388075212590564e-08,0.29343134831852974,"[np.float64(6.5456248318770776), 4.0]",0.7272734346559956,2.478513079204187,13371928.162804987,0
6.305987282520149e-08,0.28923117895809713,"[np.float64(7.123006259498669), 4.0]",0.7115785408095893,2.460241469723015,11284173.420108948,0
6.259097040848462e-08,0.28944269772719,"[np.float64(7.091376413509756), 4.0]",0.7123614783274059,2.461148558665079,11381217.988447111,0
6.15349624144854e-08,0.28992497542762985,"[np.float64(7.020357021779554), 4.0]",0.7141495711564181,2.463221977006537,11605590.43403765,0
6.241789406423667e-08,0.2895211751165735,"[np.float64(7.079716639718169), 4.0]",0.7126521625384191,2.461485458711181,11417433.625764452,0
6.775426781751668e-08,0.28719599221116093,"[np.float64(7.443435511532256), 4.0]",0.7040853159219884,2.4515847540250824,10391748.573216217,0
6.214829426992219e-08,0.2896438576220286,"[np.float64(7.061570118404708), 4.0]",0.7131068015823183,2.4620125123208676,11474277.934083855,0
6.014257649284871e-08,0.29057389359701774,"[np.float64(6.927131429018371), 4.0]",0.716561962477839,2.466023198462566,11914387.514858833,0
6.53279203464695e-08,0.2882298223026872,"[np.float64(7.276907365110079), 4.0]",0.7078826620924186,2.455966063598475,10835836.47448337,0
5.9589328178439366e-08,0.2908360088044245,"[np.float64(6.890208910699012), 4.0]",0.7175384975536241,2.4671583842155522,12041392.636697726,0
6.348044242981125e-08,0.2890428039421804,"[np.float64(7.151428112453273), 4.0]",0.710881931079806,2.4594348012967986,11198440.084374184,0
6.455824307080335e-08,0.28856569925117176,"[np.float64(7.224502654818945), 4.0]",0.7091203837012803,2.457396653661361,10984195.820254317,0
5.871447314780295e-08,0.29125564490505046,"[np.float64(6.831948984978521), 4.0]",0.7191044201045831,2.468980198955497,12247481.43944627,0
5.8972905272361314e-08,0.2911310171792297,"[np.float64(6.849143597610303), 4.0]",0.7186390315622745,2.468438569428887,12185918.740874333,0
6.365557673044026e-08,0.2889647294850097,"[np.float64(7.163278579769669), 4.0]",0.7105933946301245,2.459100790247092,11163097.267019449,0
5.8543748248717034e-08,0.29133828746241675,"[np.float64(6.8205967002751136), 4.0]",0.7194131780108842,2.4693396267172405,12288471.434294436,0
6.266873796635762e-08,0.2894075071106441,"[np.float64(7.096618067168511), 4.0]",0.7122311656443157,2.4609975489406386,11365015.297207067,0
6.479874361878094e-08,0.2884603226305001,"[np.float64(7.240857139504952), 4.0]",0.708731853688641,2.456947448528243,10937432.025815168,0
6.432017788869895e-08,0.2886703944206271,"[np.float64(7.208331602562434), 4.0]",0.7095065936399263,2.457843295859744,11030855.587303756,0
5.89233352405765e-08,0.29115487834781817,"[np.float64(6.845844514656321), 4.0]",0.7187281133669964,2.4685422323866835,12197682.131069476,0
6.152247662667341e-08,0.2899307276970317,"[np.float64(7.019519014434538), 4.0]",0.7141709229622697,2.46324675081889,11608292.808105791,0
6.257801685120741e-08,0.28944856362790633,"[np.float64(7.090503482467042), 4.0]",0.7123832021780842,2.4611737341141944,11383921.032076284,0
6.213071471068674e-08,0.28965187594713654,"[np.float64(7.060387514948282), 4.0]",0.7131365252477518,2.4620469759288013,11478002.926064674,0
6.129569793437615e-08,0.29003541275662426,"[np.float64(7.0043049720871124), 4.0]",0.7145596044249838,2.4636977865340466,11657581.665682299,0
6.92167573863928e-08,0.28659016776310237,"[np.float64(7.54488232171959), 4.0]",0.7018687214687188,2.449032801602911,10140156.05427217,0
5.8550597066377366e-08,0.29133496736985776,"[np.float64(6.821052007512603), 4.0]",0.7194007715998374,2.4693251829483907,12286822.12726662,0
6.017677883631525e-08,0.2905577706204552,"[np.float64(6.929416146914453), 4.0]",0.7165019344063346,2.465953441466463,11906618.271397782,0
6.354844823017564e-08,0.28901246151039683,"[np.float64(7.156028666936212), 4.0]",0.7107697831474968,2.4593049705641423,11184691.411709273,0
6.759702295044183e-08,0.28726188399493185,"[np.float64(7.432578233154291), 4.0]",0.7043267861587272,2.451863005156485,10419494.164337656,0
6.171813999408169e-08,0.2898407204501271,"[np.float64(7.0326557739239925), 4.0]",0.7138368924732587,2.462859226145515,11566079.155037891,0
5.8337306139961084e-08,0.29143855323151724,"[np.float64(6.806876441624375), 4.0]",0.719787939776031,2.469775984662658,12338381.51609431,0
6.922814843856261e-08,0.2865854978766995,"[np.float64(7.545675880469292), 4.0]",0.7018516600313797,2.449013174886275,10138241.103678321,0
5.849003856670391e-08,0.29136433817500745,"[np.float64(6.8170263909975235), 4.0]",0.719510530219849,2.469452969867837,12301419.999908125,0
6.20710706261971e-08,0.2896790977048876,"[np.float64(7.056375764655163), 4.0]",0.7132374438352234,2.4621639927981223,11490657.993165039,0
6.867832625660623e-08,0.2868117538677621,"[np.float64(7.5074336118134735), 4.0]",0.7026787220895857,2.4499648728258325,10231447.97478221,0
6.38164125788589e-08,0.28889321852755623,"[np.float64(7.174169456118342), 4.0]",0.7103292083980479,2.458795024744732,11130823.24269299,0
6.142521719370353e-08,0.28997557627082593,"[np.float64(7.0129925742347226), 4.0]",0.714337416023919,2.4634399393580497,11629383.641758503,0
5.6122405861694986e-08,0.29253811455112866,"[np.float64(6.660105363558524), 4.0]",0.7239094577616764,2.474581675869639,12898760.248191062,0
6.465846740285436e-08,0.2885217380317543,"[np.float64(7.231315879022581), 4.0]",0.7089582723866472,2.45720921142039,10964662.492995467,0
6.210475021985241e-08,0.2896637229758589,"[np.float64(7.058640991232009), 4.0]",0.71318044385959,2.4620978993597613,11483508.770825306,0
6.020579515882477e-08,0.2905440996890746,"[np.float64(6.9313546372198935), 4.0]",0.7164510392328177,2.4658942996933235,11900034.495729148,0
6.235667798909017e-08,0.2895489846986732,"[np.float64(7.0755945597387235), 4.0]",0.712755196603102,2.461604889911286,11430294.550453836,0
6.58438148155775e-08,0.28800688095116045,"[np.float64(7.3121416231966085), 4.0]",0.7070622021987509,2.4550184351972235,10738475.651496917,0
6.021484246312902e-08,0.2905398384652969,"[np.float64(6.931959096910841), 4.0]",0.7164351759021726,2.465875866409784,11897983.065236166,0
6.25541208600159e-08,0.28945938792467757,"[np.float64(7.088893267142829), 4.0]",0.7124232906021138,2.4612201929601913,11388910.607446315,0
6.57677073470542e-08,0.28803966165154543,"[np.float64(7.306938042100071), 4.0]",0.7071827859796619,2.4551576749009407,10752735.871540722,0
6.055262111953488e-08,0.2903812138402997,"[np.float64(6.95453932503686), 4.0]",0.7158448892556484,2.465190085090491,11821864.619906763,0
6.009992907810545e-08,0.29059401073975455,"[np.float64(6.9242829339746725), 4.0]",0.7166368678169658,2.4661102477392753,11924088.410913588,0
6.708109090513218e-08,0.28747913524138435,"[np.float64(7.397020287777807), 4.0]",0.7051234712700528,2.4527813842141613,10511508.70917196,0
6.277803976607623e-08,0.2893581212631374,"[np.float64(7.103987954540285), 4.0]",0.7120483239643796,2.4607856895672016,11342315.348131556,0
6.25102446520888e-08,0.28947927363432563,"[np.float64(7.085937097900565), 4.0]",0.7124969438697439,2.4613055536742166,11398082.791633029,0
6.405908271229954e-08,0.28878566284659296,"[np.float64(7.190616226980191), 4.0]",0.70993202925151,2.458335439002164,11082456.994271023,0
6.353638029692006e-08,0.28901784353425775,"[np.float64(7.155212180065002), 4.0]",0.7107896743385419,2.4593279973535296,11187128.870370941,0
6.309849176864444e-08,0.28921382881982544,"[np.float64(7.125614015990402), 4.0]",0.7115143540647693,2.4601671260610045,11276249.782222884,0
6.187943782253271e-08,0.2897667390858955,"[np.float64(7.043492452026412), 4.0]",0.7135624431998445,2.4625408887537064,11531495.248006416,0
5.402918357176386e-08,0.29361994711064077,"[np.float64(6.52197148389289), 4.0]",0.7279855319688369,2.479346308493544,13473931.750271508,0
6.204335457624536e-08,0.28969175641030886,"[np.float64(7.054511854713213), 4.0]",0.7132843775970849,2.4622184160008156,11496547.574978823,0
5.768236595672111e-08,0.2917590993076732,"[np.float64(6.763397513426331), 4.0]",0.7209872351432204,2.4711730905876794,12499265.992039487,0
6.759041899530525e-08,0.28726465457979405,"[np.float64(7.4321224566018484), 4.0]",0.7043369410348077,2.45187470788949,10420662.447494669,0
6.009117999045841e-08,0.2905981395655315,"[np.float64(6.92369861560741), 4.0]",0.7166522422105641,2.466128115210989,11926080.371934082,0
6.041954492871905e-08,0.2904435996170149,"[np.float64(6.945640271598545), 4.0]",0.7160769912363669,2.4654597043302084,11851744.20100599,0
5.986014218209475e-08,0.2907073933424064,"[np.float64(6.908274385231128), 4.0]",0.7170591768171269,2.466601102134843,11978908.680768423,0
6.761689291387258e-08,0.28725354945757087,"[np.float64(7.4339496725585015), 4.0]",0.7042962388317654,2.451827802168879,10415980.511391835,0
6.189156778488087e-08,0.2897611834234085,"[np.float64(7.044307660939006), 4.0]",0.7135418372001254,2.462516989922266,11528902.28407548,0
5.849627970595314e-08,0.2913613097756678,"[np.float64(6.8174412391998285), 4.0]",0.7194992123931564,2.469439792631119,12299914.045985617,0
6.821069037632643e-08,0.2870055728222705,"[np.float64(7.47500417735426), 4.0]",0.7033879204810486,2.450781403177229,10311989.46382707,0
5.375424353017923e-08,0.2937653311568145,"[np.float64(6.503857986660958), 4.0]",0.7285348966450216,2.479989363537671,13553067.605462635,0
6.057043549960656e-08,0.29037287313972615,"[np.float64(6.955730907249319), 4.0]",0.7158138634568474,2.4651540473355475,11817875.46271641,0
6.097973858801824e-08,0.2901819238366482,"[np.float64(6.983128649424871), 4.0]",0.7151039043340164,2.464329600132395,11726909.968658434,0
6.466140049440338e-08,0.28852045251658126,"[np.float64(7.231515317385062), 4.0]",0.7089535324321563,2.4572037311338017,10964091.8231197,0
6.837307135909703e-08,0.2869381259212506,"[np.float64(7.486255023607615), 4.0]",0.7031410530050435,2.4504971263317534,10283888.657160502,0
6.327934163088549e-08,0.289132721049992,"[np.float64(7.137831554228698), 4.0]",0.7112143663682442,2.4598197111190085,11239282.015872197,0
6.26038790695916e-08,0.289436853375152,"[np.float64(7.092246364050659), 4.0]",0.7123398348815095,2.4611234767613164,11378525.507814934,0
6.05657559116505e-08,0.29037506388214596,"[np.float64(6.955417888379964), 4.0]",0.7158220124776614,2.465163512691265,11818923.11427364,0
6.234647802484014e-08,0.28955362107536353,"[np.float64(7.074907825721677), 4.0]",0.712772375627753,2.461624803656785,11432440.102611242,0
6.209072378080979e-08,0.2896701250176739,"[np.float64(7.057697563476254), 4.0]",0.713204178161632,2.462125419796455,11486485.174167996,0
6.055247130862744e-08,0.29038128399246144,"[np.float64(6.954529304670508), 4.0]",0.7158451502133745,2.4651903882068327,11821898.177612146,0
5.587042492021143e-08,0.2926660725568143,"[np.float64(6.6434516765232665), 4.0]",0.7243904828577137,2.4751433486267533,12965544.541539032,0
5.997773990110326e-08,0.29065172949575013,"[np.float64(6.916123866685928), 4.0]",0.7168518208465017,2.4663600732401054,11951964.54598843,0
6.237061661765549e-08,0.28954265015684905,"[np.float64(7.0765330516967895), 4.0]",0.7127317260298435,2.4615776834388554,11427363.79213682,0
6.260840316325648e-08,0.2894348053948554,"[np.float64(7.09255126593774), 4.0]",0.7123322507180734,2.4611146878008987,11377582.157152442,0
6.274309375924473e-08,0.28937390149394315,"[np.float64(7.1016312974071045), 4.0]",0.7121067426021096,2.460853376637404,11349563.751742572,0
6.001931409537192e-08,0.2906320774902182,"[np.float64(6.918899586389304), 4.0]",0.7167786273198663,2.4662750014027304,11942466.156492399,0
6.145600877534328e-08,0.289961369761492,"[np.float64(7.015058543717037), 4.0]",0.7142846728285303,2.463378737023024,11622698.692322303,0
5.561530688467385e-08,0.2927962429359926,"[np.float64(6.626598467902052), 4.0]",0.7248801241152969,2.475715251147403,13033824.0444926,0
5.896363679342264e-08,0.2911354771067423,"[np.float64(6.848526707981943), 4.0]",0.7186556812130553,2.468457943892446,12188116.61381818,0
6.058335272422688e-08,0.2903668268566772,"[np.float64(6.956594969431084), 4.0]",0.7157913732161695,2.4651279244425486,11814984.49705193,0
6.246532277022021e-08,0.2894996478646851,"[np.float64(7.082911010519655), 4.0]",0.712572413740476,2.4613930241239506,11407487.901114129,0
5.951120246106993e-08,0.2908732240335608,"[np.float64(6.8850000946077), 4.0]",0.7176772448185754,2.4673197307971195,12059531.905577842,0
5.792618511499654e-08,0.29163932807574344,"[np.float64(6.779575282729747), 4.0]",0.7205389082543712,2.470650693816012,12438915.264727669,0
6.254803609239291e-08,0.2894621448411529,"[np.float64(7.0884832736999694), 4.0]",0.7124335013344195,2.4612320264723357,11390181.78415782,0
5.844714554204468e-08,0.29138516028559525,"[np.float64(6.814175482831459), 4.0]",0.7195883516471332,2.4695435791645783,12311779.214769151,0
5.823211806232525e-08,0.2914897828514468,"[np.float64(6.799888483020788), 4.0]",0.719979488661403,2.469999056633588,12363958.458299872,0
6.195762008590031e-08,0.2897309500508025,"[np.float64(7.048747444250774), 4.0]",0.7134297108787638,2.462386951596536,11514801.728821067,0
6.191600425119802e-08,0.28974999458894285,"[np.float64(7.045950057155277), 4.0]",0.7135003393651241,2.4624688617417907,11523681.929964311,0
6.139012925807785e-08,0.28999177384022023,"[np.float64(7.010638621906785), 4.0]",0.7143975555795538,2.4635097269109876,11637010.122202206,0
6.162058968176181e-08,0.28988555838547014,"[np.float64(7.0261050963662095), 4.0]",0.7140032750015828,2.4630522437138787,11587089.294163479,0
6.021092829665933e-08,0.2905416819327809,"[np.float64(6.9316975852441995), 4.0]",0.716442038570775,2.4658838408477637,11898870.501395762,0
6.206195168080756e-08,0.28968326195414773,"[np.float64(7.055762491859982), 4.0]",0.7132528830084668,2.462181895484743,11492595.11974126,0
6.848551278340109e-08,0.2868915129857499,"[np.float64(7.494051863416983), 4.0]",0.7029704877210845,2.4503007440167863,10264513.751169054,0
5.772263727474029e-08,0.2917392806085129,"[np.float64(6.766068905103862), 4.0]",0.7209130323477838,2.4710866183124045,12489260.130587604,0
5.99617513467658e-08,0.29065929095937415,"[np.float64(6.915056481533764), 4.0]",0.7168799851929142,2.4663928093498084,11955621.193368979,0
6.763516389668097e-08,0.2872458877261622,"[np.float64(7.435210881839016), 4.0]",0.704268158506256,2.451795442856436,10412751.56192556,0
5.449476078839587e-08,0.2933755390453262,"[np.float64(6.5526582259967885), 4.0]",0.727062836102844,2.4782667241746883,13341885.08370634,0
5.980060104878721e-08,0.2907356194120379,"[np.float64(6.904301207630675), 4.0]",0.7171643439651231,2.4667233599221965,11992594.244663827,0
6.698047737783066e-08,0.2875216923722435,"[np.float64(7.390097556357484), 4.0]",0.7052796294423388,2.452961457006311,10529629.782480078,0
6.789765830826736e-08,0.28713603566637647,"[np.float64(7.453344460183637), 4.0]",0.7038656619225971,2.451331684262783,10366567.55858829,0
6.271150415152236e-08,0.28938817373028447,"[np.float64(7.099501273033972), 4.0]",0.7121595823892938,2.460914602035675,11356123.442177165,0
6.235127537382086e-08,0.2895514403529815,"[np.float64(7.075230813890947), 4.0]",0.7127642954167951,2.461615437132312,11431430.89124461,0
6.072009215492866e-08,0.2903029025968045,"[np.float64(6.9657440961490105), 4.0]",0.7155536348366643,2.464851809733647,11784462.266804758,0
6.20513244548054e-08,0.28968811575480624,"[np.float64(7.055047810352452), 4.0]",0.7132708791146629,2.462202763327646,11494853.419835838,0
6.095871259258535e-08,0.29019170105548736,"[np.float64(6.981720276936446), 4.0]",0.715140240913842,2.46437178703846,11731550.92190755,0
6.668169040875247e-08,0.2876484423110089,"[np.float64(7.369561249637025), 4.0]",0.7057449098329824,2.4534981109681198,10583788.52585819,0
5.5033706709285545e-08,0.2930953622679338,"[np.float64(6.5882050773987935), 4.0]",0.7260064186645669,2.477031410687715,13192031.975961229,0
6.029700217945324e-08,0.2905011717261015,"[np.float64(6.9374490893772025), 4.0]",0.7162912452179557,2.4657086267910464,11879384.03780277,0
6.453670815459115e-08,0.28857515393930616,"[np.float64(7.223039127704108), 4.0]",0.709155253212067,2.4574369744985676,10988401.384113941,0
6.353831842173032e-08,0.2890169791055971,"[np.float64(7.155343306001255), 4.0]",0.7107864794995078,2.4593242988669197,11186737.344569327,0
5.902946440607202e-08,0.29110381697748455,"[np.float64(6.852908404361412), 4.0]",0.7185374963063963,2.468320421789494,12172522.714478238,0
6.027351980929786e-08,0.2905122177023004,"[np.float64(6.935879823823594), 4.0]",0.7163323593860845,2.4657563976195287,11884694.334303375,0
6.480931208601131e-08,0.2884557009253347,"[np.float64(7.241576234796577), 4.0]",0.7087148176282887,2.456927754781092,10935385.592238996,0
5.3742915558849604e-08,0.29377133815882306,"[np.float64(6.503111801369853), 4.0]",0.7285576035253789,2.4800159474083725,13556346.84031225,0
5.8649729854554655e-08,0.291286955821978,"[np.float64(6.827643278041683), 4.0]",0.7192213854728382,2.4691163510678975,12262995.707847826,0
6.346425056049145e-08,0.28905003313956423,"[np.float64(7.150332938905031), 4.0]",0.7109086531240357,2.4594657381712954,11201718.240514437,0
7.066862032619746e-08,0.28600082846565494,"[np.float64(7.646474387789664), 4.0]",0.6997185589647561,2.4465613009536558,9901403.985742798,0
6.078573870687888e-08,0.2902722657049756,"[np.float64(6.9701379707939655), 4.0]",0.7154397198322566,2.464719521497135,11769861.402561078,0
6.402748543534216e-08,0.28879964423391474,"[np.float64(7.188473747253569), 4.0]",0.7099836479352625,2.45839516118035,11088732.332807852,0
6.261170211555391e-08,0.2894333121093135,"[np.float64(7.092773602746358), 4.0]",0.7123267207691267,2.4611082794094354,11376894.361608028,0
5.860094140769851e-08,0.2913105743288763,"[np.float64(6.8243991443888845), 4.0]",0.7193096264845935,2.469219073635569,12274711.108823527,0
6.24874120791359e-08,0.28948962745525975,"[np.float64(7.084398952398979), 4.0]",0.7125352954022077,2.4613500029887225,11402861.339493977,0
6.205310750426496e-08,0.28968730131924364,"[np.float64(7.055167718488267), 4.0]",0.7132678594584585,2.462199261790965,11494474.46140284,0
5.992182525603641e-08,0.2906781822289335,"[np.float64(6.9123912790551145), 4.0]",0.7169503543237586,2.466474603722064,11964761.608317904,0
7.39482142620258e-08,0.28471079889463236,"[np.float64(7.879568031095981), 4.0]",0.695032962905825,2.441189324761255,9398914.765447436,0
5.5393620854208856e-08,0.2929098663880093,"[np.float64(6.611959882308266), 4.0]",0.7253077703189174,2.476214882287792,13093705.721600393,0
5.982486464802774e-08,0.29072411352981403,"[np.float64(6.905920227190476), 4.0]",0.717121472648236,2.466673520614913,11987013.708552996,0
6.039920540371774e-08,0.29045314710790576,"[np.float64(6.944280477433386), 4.0]",0.7161125180755615,2.465500977372849,11856323.494472377,0
6.548946978535585e-08,0.2881598227915088,"[np.float64(7.287931190624509), 4.0]",0.7076249591481162,2.4556683589443398,10805171.60189849,0
6.165342274432136e-08,0.2898704589918013,"[np.float64(7.028309630128452), 4.0]",0.7139472409215787,2.462987237142961,11580009.821714845,0
5.83380801458607e-08,0.291438176623109,"[np.float64(6.806927868345169), 4.0]",0.719786531799564,2.4697743450762792,12338193.680695463,0
7.153241666467349e-08,0.28565565928918,"[np.float64(7.707363505196099), 4.0]",0.6984620290852394,2.445118821812523,9764272.782219268,0
5.5874127302560075e-08,0.29266418807200517,"[np.float64(6.643696314478164), 4.0]",0.7243833965074936,2.4751350729979684,12964558.579768697,0
6.302897725623417e-08,0.2892450669487927,"[np.float64(7.120920327039716), 4.0]",0.7116299231649603,2.460300985153692,11290519.918670792,0
6.768033701254481e-08,0.28722695354397937,"[np.float64(7.438329637972021), 4.0]",0.7041987689147214,2.4517154822202176,10404776.335321669,0
5.4929773847627015e-08,0.2931491664631415,"[np.float64(6.581347869753864), 4.0]",0.726209180711516,2.477268448255419,13220683.972338773,0
6.187064944787904e-08,0.28977076495206555,"[np.float64(7.04290184195128), 4.0]",0.7135773755112074,2.462558207448045,11533374.578722306,0
6.30148804568836e-08,0.2892514059320018,"[np.float64(7.119968661973201), 4.0]",0.7116533770628477,2.460328152147843,11293417.870558038,0
6.695759207268039e-08,0.28753138104953857,"[np.float64(7.388523447727126), 4.0]",0.7053151852665365,2.4530024607819008,10533759.704216046,0
6.216006865393612e-08,0.28963848841517087,"[np.float64(7.06236224389657), 4.0]",0.7130868987423427,2.461989436017897,11471784.285057869,0
5.877127125895571e-08,0.2912282057717906,"[np.float64(6.835726940045502), 4.0]",0.7190019324795879,2.468860907803021,12233901.310583351,0
6.739998299577423e-08,0.2873446628016018,"[np.float64(7.4189864916474635), 4.0]",0.7046302485428748,2.4522127596620416,10454457.363691812,0
6.402479805022287e-08,0.28880083368520065,"[np.float64(7.188291540748407), 4.0]",0.7099880394965871,2.4584002422599993,11089266.364255492,0
6.001003635954896e-08,0.2906364618401292,"[np.float64(6.918280122294169), 4.0]",0.7167949561580494,2.4662939798391084,11944584.600205647,0
6.318051326415778e-08,0.28917701481572505,"[np.float64(7.13115393459218), 4.0]",0.7113781783482995,2.4600094125794114,11259455.512398684,0
6.32033069467859e-08,0.2891667927715701,"[np.float64(7.132693808908336), 4.0]",0.7113403710269769,2.4599656281726188,11254796.709069207,0
6.129376186519114e-08,0.29003630817424,"[np.float64(7.004175139614538), 4.0]",0.7145629298217889,2.4637016459074275,11658004.143935418,0
5.95146518493142e-08,0.29087157985591355,"[np.float64(6.885230046912937), 4.0]",0.7176711144146843,2.467312601561798,12058729.944884224,0
6.444358040962278e-08,0.28861607694329666,"[np.float64(7.216711769771085), 4.0]",0.7093061979822733,2.4576115284167908,11006623.056535807,0
5.65043163099975e-08,0.29234532175391165,"[np.float64(6.685361663288684), 4.0]",0.7231852534835712,2.47373636473762,12798761.24004381,0
6.075571570568361e-08,0.29028627308615923,"[np.float64(6.968128339588753), 4.0]",0.7154918004411535,2.46478000090893,11776534.802209895,0
7.028178144997336e-08,0.2861567122207627,"[np.float64(7.619315978644719), 4.0]",0.7002867038388303,2.4472139702897366,9963986.247805843,0
5.5797127626199795e-08,0.29270340737287837,"[np.float64(6.638608837010689), 4.0]",0.7245308884275701,2.4753073253588114,12985092.94746139,0
6.092802876792643e-08,0.29020597539405885,"[np.float64(6.979665185027689), 4.0]",0.7151932938555077,2.4644333835110594,11738329.769040514,0
6.133180833843792e-08,0.29001871723134864,"[np.float64(7.006726695644586), 4.0]",0.7144976032650353,2.46362583107034,11649707.103405997,0
6.543791478391089e-08,0.2881821430314116,"[np.float64(7.2844122348119145), 4.0]",0.7077071217303532,2.4557632693196183,10814939.994150853,0
6.194934972028835e-08,0.2897347337634411,"[np.float64(7.048191480872715), 4.0]",0.7134437426301972,2.46240322436695,11516565.482148154,0
5.8017530044827637e-08,0.291594591488379,"[np.float64(6.785638696712317), 4.0]",0.7203715158194722,2.47045568349707,12416445.775317775,0
6.244452632063957e-08,0.2895090850614661,"[np.float64(7.081510275044932), 4.0]",0.7126073733127953,2.4614335441718542,11411846.887166789,0
6.234579728585129e-08,0.2895539305314055,"[np.float64(7.074861994518671), 4.0]",0.7127735222592037,2.4616261328281124,11432583.32219548,0
5.972398191046806e-08,0.29077198395693415,"[np.float64(6.899189502495746), 4.0]",0.7172998548981256,2.4668809048823768,12010248.345018698,0
6.128247497371137e-08,0.2900415288503824,"[np.float64(7.003418260579629), 4.0]",0.714582318620067,2.4637241482363152,11660467.677367872,0
6.175570063130999e-08,0.28982347527856783,"[np.float64(7.035178672497524), 4.0]",0.7137729093115758,2.4627850060300434,11558008.443186453,0
5.97987164662012e-08,0.2907365132881157,"[np.float64(6.904175461599683), 4.0]",0.7171676746763352,2.466727232040622,11993027.89520048,0
5.8996972207639956e-08,0.29111943971344734,"[np.float64(6.850745516406169), 4.0]",0.7185958126006698,2.4683882783918283,12180215.114626061,0
6.751849931857753e-08,0.2872948444464327,"[np.float64(7.427159942402343), 4.0]",0.7044476029968265,2.452002243041203,10433401.365646167,0
5.5409123980377274e-08,0.292901904817806,"[np.float64(6.612983421119644), 4.0]",0.725277797743235,2.4761798602654363,13089501.252538962,0
6.109923193587988e-08,0.29012642382373693,"[np.float64(6.991134579628499), 4.0]",0.7148976730326099,2.4640901838949283,11700599.997441111,0
6.686609064420372e-08,0.2875701513529761,"[np.float64(7.382231663111473), 4.0]",0.7054574821658269,2.4531665711714212,10550302.483206104,0
6.521738097836801e-08,0.2882778179562368,"[np.float64(7.269369335242222), 4.0]",0.7080594074084384,2.4561702750085623,10856912.632589387,0
6.317586795780454e-08,0.2891790985020831,"[np.float64(7.130840129345108), 4.0]",0.7113858853096585,2.460018338097606,11260405.40962249,0
6.174702744006687e-08,0.28982745644612223,"[np.float64(7.034596074201979), 4.0]",0.7137876798039768,2.462802139440047,11559871.128967237,0
6.16777611253359e-08,0.28985927142914203,"[np.float64(7.029943972739721), 4.0]",0.7139057262938686,2.4629390765179906,11574767.197582526,0
6.434868925167147e-08,0.28865783549276197,"[np.float64(7.210267368944349), 4.0]",0.7094602548900697,2.4577896999711246,11025247.959835347,0
6.208925678120431e-08,0.2896707946800384,"[np.float64(7.05759889503433), 4.0]",0.7132066608438502,2.4621282985453767,11486796.554146426,0
5.969059062617624e-08,0.2907878469308971,"[np.float64(6.896962157606812), 4.0]",0.7173589749154783,2.4669496421078136,12017957.393118732,0
6.797970230677374e-08,0.2871017856166469,"[np.float64(7.459017657370801), 4.0]",0.7037402131154887,2.4511871690521594,10352210.869351888,0
6.722112737884953e-08,0.28742000698570286,"[np.float64(7.406661741165535), 4.0]",0.7049065597745338,2.4525312874604372,10486384.076865776,0
5.96376657401667e-08,0.2908130082850054,"[np.float64(6.893432306400352), 4.0]",0.7174527583604158,2.467058686925348,12030195.17038546,0
6.384179034381495e-08,0.28888195152440094,"[np.float64(7.1758885904192855), 4.0]",0.7102875923620173,2.4587468639487557,11125746.764569402,0
6.66174740765033e-08,0.28767575656209277,"[np.float64(7.365151730173957), 4.0]",0.7058452131194893,2.4536138239620398,10595496.49554258,0
5.899138851767929e-08,0.2911221253288429,"[np.float64(6.850373850695723), 4.0]",0.7186058378570506,2.468399943993727,12181537.94840224,0
6.052416399871989e-08,0.29039454267925935,"[np.float64(6.952636010962461), 4.0]",0.7158944725150845,2.465247679622512,11828242.229504004,0
6.996590716650108e-08,0.2862846091537245,"[np.float64(7.597188787662357), 4.0]",0.7007531605808147,2.44775002977731,10015637.457729237,0
5.597814647588993e-08,0.29261129664836116,"[np.float64(6.650570148321212), 4.0]",0.7241845312689481,2.4749028474427632,12936915.151001973,0
6.112007181661918e-08,0.29011675583078694,"[np.float64(6.992531175555461), 4.0]",0.7148617534964683,2.464048487821288,11696022.799863432,0
6.895509245646954e-08,0.2866976447228275,"[np.float64(7.526668242046821), 4.0]",0.7022614933805313,2.4494846968814867,10184331.111206327,0
5.708056785991318e-08,0.2920569896311104,"[np.float64(6.723507746234312), 4.0]",0.7221034003491431,2.472474297777339,12650599.44955918,0
6.051571539344867e-08,0.2903985010973424,"[np.float64(6.952070973020243), 4.0]",0.7159091984274568,2.4652647851907545,11830136.911922881,0
6.184685598227053e-08,0.28978166740830846,"[np.float64(7.041302934712106), 4.0]",0.7136178151650929,2.4626051107628917,11538465.518274102,0
5.808270255737438e-08,0.2915627176139478,"[np.float64(6.789965664969136), 4.0]",0.7202522738906163,2.4703167805023942,12400460.759881955,0
6.212234340429991e-08,0.2896556950438142,"[np.float64(7.059824392753484), 4.0]",0.7131506829100002,2.4620633915108305,11479777.545877934,0
5.97990257861073e-08,0.2907363665726549,"[np.float64(6.904196100469562), 4.0]",0.7171671279923955,2.466726596492619,11992956.717348563,0
6.211269725101565e-08,0.289660096387511,"[np.float64(7.059175536526031), 4.0]",0.7131669993213257,2.462082310320168,11481823.055263698,0
5.708731903722932e-08,0.2920536296733295,"[np.float64(6.723954936598797), 4.0]",0.7220908021364836,2.472459605943481,12648882.699598737,0
6.021140229385768e-08,0.29054145868627684,"[np.float64(6.931729253571027), 4.0]",0.7164412074887673,2.4658828751265127,11898763.028175699,0
6.272281347424122e-08,0.2893830633274708,"[np.float64(7.100263806887627), 4.0]",0.7121406618460374,2.4608926785745124,11353774.207505804,0
6.552011762209847e-08,0.2881465623444363,"[np.float64(7.2900235196339676), 4.0]",0.7075761505078035,2.4556119800659,10799372.409385813,0
6.133897239367575e-08,0.29001540614234994,"[np.float64(7.0072071864048056), 4.0]",0.7144853076578592,2.463611561749807,11648146.028144497,0
5.951307538252146e-08,0.29087233127887313,"[np.float64(6.885124951986786), 4.0]",0.7176739161292652,2.4673158597584077,12059096.450929515,0
6.869775356121546e-08,0.28680372960278455,"[np.float64(7.508782748356238), 4.0]",0.7026493747684115,2.4499310930913,10228127.389089834,0
5.8521065578389535e-08,0.29134928618087363,"[np.float64(6.819088824016554), 4.0]",0.7194542790495052,2.4693874781037155,12293936.75489024,0
6.059784867220037e-08,0.29036004317408554,"[np.float64(6.957564680818013), 4.0]",0.7157661408523257,2.4650986169718525,11811741.778560659,0
6.58581472471592e-08,0.2880007119295234,"[np.float64(7.313121773783863), 4.0]",0.7070395115555916,2.4549922353268734,10735794.144073647,0
5.576926195939318e-08,0.2927176145972345,"[np.float64(6.63676788761507), 4.0]",0.7245843242606792,2.4753697356330013,12992539.237622777,0
6.263355953680152e-08,0.28942342025338674,"[np.float64(7.094246783923865), 4.0]",0.7122900901451488,2.461065830545252,11372339.29243043,0
6.13481619235214e-08,0.2900111594933607,"[np.float64(7.0078235432686125), 4.0]",0.714469538165671,2.463593261079416,11646144.167389266,0
6.283667467635062e-08,0.2893316639299909,"[np.float64(7.107942874122501), 4.0]",0.7119503883546106,2.460672221920654,11330172.896984348,0
6.367844650608734e-08,0.2889545500830904,"[np.float64(7.1648267247126265), 4.0]",0.7105557829234177,2.459057255610246,11158497.449454773,0
6.201637714112355e-08,0.2897040832671189,"[np.float64(7.052697806898159), 4.0]",0.7133300836960819,2.4622714172736138,11502285.631307332,0
6.074001850921763e-08,0.2902935995035084,"[np.float64(6.967077708377501), 4.0]",0.7155190420483213,2.46481163646763,11780026.737063596,0
6.600468243698201e-08,0.28793771556507,"[np.float64(7.323146898718851), 4.0]",0.7068078389451276,2.454724757255354,10708449.95913665,0
5.564079259802728e-08,0.2927832110015668,"[np.float64(6.628281722531407), 4.0]",0.7248310903522747,2.47565797189237,13026972.774970377,0
6.045837930926745e-08,0.2904253796576346,"[np.float64(6.948236790372069), 4.0]",0.7160091980363463,2.4653809487325367,11843010.120626766,0
6.093412019102437e-08,0.2902031410369066,"[np.float64(6.9800731490832515), 4.0]",0.7151827592123506,2.4644211522210826,11736983.433424504,0
6.793421640539395e-08,0.28712076917035745,"[np.float64(7.455872065221734), 4.0]",0.7038097422934414,2.4512672640405535,10360165.75349148,0
6.607718534581089e-08,0.28790659710539573,"[np.float64(7.328109879249979), 4.0]",0.7066934246571066,2.4545926761046153,10694968.633404555,0
6.020972985472626e-08,0.2905422463913404,"[np.float64(6.931617516105449), 4.0]",0.716444139890261,2.4658862825933414,11899142.241941525,0
6.662268610088905e-08,0.28767353867748463,"[np.float64(7.365509567155305), 4.0]",0.7058370681269174,2.4536044273374844,10594545.333372535,0
5.417795575961468e-08,0.29354160599206836,"[np.float64(6.531775275300943), 4.0]",0.7276896601428932,2.4790000643471157,13431471.341805913,0
5.58592362435628e-08,0.29267176830685104,"[np.float64(6.642712385581601), 4.0]",0.724411901339897,2.475168361918629,12968524.993454022,0
6.323262609862997e-08,0.28915364976232005,"[np.float64(7.134674741097682), 4.0]",0.7112917628986749,2.4599093370716436,11248809.464108055,0
6.799487720751625e-08,0.2870954551154129,"[np.float64(7.46006726145061), 4.0]",0.7037170284111943,2.451160462043186,10349559.515542509,0
5.5048498077169834e-08,0.293087713763762,"[np.float64(6.589181060283442), 4.0]",0.725977599338747,2.4769977219990458,13187963.79005716,0
5.904739642394389e-08,0.2910951987920851,"[np.float64(6.854102160380265), 4.0]",0.7185053283324682,2.468282992347328,12168281.276515558,0
6.20914667611294e-08,0.2896697858648913,"[np.float64(7.057747535556568), 4.0]",0.7132029208017845,2.462123961849576,11486327.477904983,0
6.840327050001594e-08,0.2869255994807914,"[np.float64(7.488348577260503), 4.0]",0.7030952127487737,2.450444345227702,10278678.30893568,0
6.314198592895236e-08,0.2891943011934693,"[np.float64(7.128551474579515), 4.0]",0.7114421180335405,2.4600834632546578,11267338.325944616,0
6.200981409546114e-08,0.2897070829543848,"[np.float64(7.052256515326573), 4.0]",0.7133412064817615,2.462284315617092,11503682.391042277,0
5.847191553028698e-08,0.29137313394442116,"[np.float64(6.815821793336556), 4.0]",0.7195434029595821,2.469491243818085,12305794.95188381,0
6.983598542555211e-08,0.2863373748748027,"[np.float64(7.588100308210054), 4.0]",0.7009456866917311,2.447971338000184,10037027.22057193,0
6.354468637832405e-08,0.2890141391008934,"[np.float64(7.155774144694046), 4.0]",0.7107759832277396,2.459312147976301,11185451.116966954,0
5.975152661185206e-08,0.29075890533389437,"[np.float64(6.901027028257227), 4.0]",0.7172511152744754,2.4668242386275896,12003896.066685677,0
5.922104639543699e-08,0.2910118813578005,"[np.float64(6.865665459642595), 4.0]",0.7181944079894027,2.4679212568176188,12127350.860938856,0
6.290687080106051e-08,0.28930002260281096,"[np.float64(7.112678840829326), 4.0]",0.7118332795873912,2.4605365501982326,11315668.233419597,0
5.9151612005783383e-08,0.2910451657999705,"[np.float64(6.861041142758256), 4.0]",0.7183186026807882,2.468065740609051,12143686.001499953,0
5.954937212818174e-08,0.2908550356204289,"[np.float64(6.887544796766794), 4.0]",0.7176094310111086,2.467240869598015,12050663.262518262,0
6.601983884745101e-08,0.2879312076049797,"[np.float64(7.324184237581704), 4.0]",0.7067839095111856,2.4546971319650797,10705629.123759579,0
5.601181856544304e-08,0.29259419725872937,"[np.float64(6.6527955643926), 4.0]",0.724120250328956,2.4748277891808135,12927990.35765834,0
6.089329214897896e-08,0.2902221439676006,"[np.float64(6.977338916612695), 4.0]",0.7152533913723724,2.464503161592731,11746012.838695986,0
6.126132413316887e-08,0.29005131466396483,"[np.float64(7.00200000518571), 4.0]",0.7146186629385943,2.4637663296458645,11665086.790895475,0
6.140861420503863e-08,0.28998323950107596,"[np.float64(7.011878688340863), 4.0]",0.7143658680666165,2.4634729555256447,11632991.190477023,0
6.801223375847193e-08,0.287088216180808,"[np.float64(7.461267873899673), 4.0]",0.7036905175328186,2.451129924084501,10346528.538259685,0
5.814898329163231e-08,0.2915303397676025,"[np.float64(6.794366953865174), 4.0]",0.7201311650152802,2.4701757134071975,12384243.442462865,0
6.1581994528698e-08,0.2899033181144632,"[np.float64(7.02351401686245), 4.0]",0.7140691867619273,2.4631287127248047,11595421.555064473,0
6.508071493924039e-08,0.2883372692847826,"[np.float64(7.260055171968978), 4.0]",0.7082783944022558,2.4564233273039333,10883076.423845487,0
6.20653312701689e-08,0.2896817185617523,"[np.float64(7.055989775530361), 4.0]",0.7132471607643863,2.4621752601634794,11491877.126372507,0
6.044930647619028e-08,0.2904296352950743,"[np.float64(6.947630138524454), 4.0]",0.7160250319755757,2.4653993427636944,11845049.574846702,0
7.196414907866525e-08,0.2854846200044364,"[np.float64(7.737927137158863), 4.0]",0.6978401536210244,2.444405424047642,9697052.804142842,0
6.03691139387718e-08,0.29046727824826213,"[np.float64(6.942268887770978), 4.0]",0.7161651039264542,2.4655620703491032,11863104.445309741,0
5.979524106743079e-08,0.29073816177980943,"[np.float64(6.903943572615176), 4.0]",0.7171738172312054,2.466734373089822,11993827.67639405,0
6.353001896007178e-08,0.28902068095828704,"[np.float64(7.154781804586032), 4.0]",0.7108001612567441,2.4593401375292254,11188414.121259393,0
6.093680381157195e-08,0.290201892431983,"[np.float64(6.980252883349679), 4.0]",0.7151781184845668,2.464415764112182,11736390.387261398,0
6.239649562952008e-08,0.2895308929852208,"[np.float64(7.0782756296868286), 4.0]",0.7126881655442032,2.4615271904010005,11421926.157132246,0
6.060897033083755e-08,0.290354839684449,"[np.float64(6.958308700166304), 4.0]",0.7157467866725166,2.4650761373579098,11809255.012345063,0
7.12232966337302e-08,0.28577872495744533,"[np.float64(7.685534008677773), 4.0]",0.6989097921661276,2.445632691062642,9812937.973937241,0
5.7848734938170826e-08,0.29167731705949224,"[np.float64(6.774435285624416), 4.0]",0.7206810808137957,2.4708163393686227,12458026.637644975,0
6.08906350439718e-08,0.29022338113591134,"[np.float64(6.977160985139634), 4.0]",0.7152579900348001,2.464508501125364,11746600.926698843,0
6.647589861605185e-08,0.28773606676265584,"[np.float64(7.355435432962504), 4.0]",0.7060667300877704,2.453869402024537,10621394.29157378,0
5.5314162958164815e-08,0.29295070857780525,"[np.float64(6.606714369907991), 4.0]",0.725461544903689,2.4763945730857055,13115294.638958376,0
6.131666895454553e-08,0.29002571565806445,"[np.float64(7.0057113431604705), 4.0]",0.714523592300444,2.463655992294337,11653007.32220345,0
6.228580804122698e-08,0.289581214359024,"[np.float64(7.070823659159475), 4.0]",0.7128746239924701,2.4617433336288355,11445217.56096699,0
5.676772795492815e-08,0.29221314204787424,"[np.float64(6.70279287562747), 4.0]",0.722689117529799,2.4731574783566663,12730633.117879797,0
5.920297379386746e-08,0.2910205408650312,"[np.float64(6.864461737325313), 4.0]",0.7182267174406712,2.4679588434060697,12131598.658225995,0
6.194158418985238e-08,0.2897382869784336,"[np.float64(7.047669470228212), 4.0]",0.7134569198193245,2.4624185062308657,11518222.033723947,0
6.11724324950494e-08,0.2900924795765878,"[np.float64(6.996040610443401), 4.0]",0.714771567082459,2.4639438020789886,11684537.265054883,0
6.666149627194822e-08,0.2876570290510663,"[np.float64(7.368174426526373), 4.0]",0.7057764406242235,2.4535344849818723,10587467.730171861,0
6.342751148382108e-08,0.2890664429279235,"[np.float64(7.147848289401622), 4.0]",0.7109693137559823,2.459535968805819,11209162.981860552,0
5.9496287721279936e-08,0.29088033438802835,"[np.float64(6.884005836178023), 4.0]",0.7177037567038648,2.467350562607862,12063000.637385396,0
6.252192235672827e-08,0.2894739796542411,"[np.float64(7.0867238353928075), 4.0]",0.7124773351943079,2.4612828277184646,11395640.254456043,0
6.052111215998102e-08,0.29039597248960763,"[np.float64(6.952431903866148), 4.0]",0.7158997915933735,2.465253858226265,11828926.5686488,0
5.8890287410061146e-08,0.2911707978552081,"[np.float64(6.843645308407102), 4.0]",0.7187875518705221,2.4686114032216824,12205536.489667742,0
5.805240016336956e-08,0.29157753296664224,"[np.float64(6.787953722516114), 4.0]",0.7203076967048857,2.470381340345904,12407888.298809601,0
6.989919282517025e-08,0.2863116924111378,"[np.float64(7.592520973948972), 4.0]",0.7008519731390408,2.447863610587833,10026610.391510393,0
5.995247922355597e-08,0.29066367696984935,"[np.float64(6.914437505656102), 4.0]",0.7168963223232568,2.466411798670051,11957742.72570167,0
6.301525428340937e-08,0.28925123781301937,"[np.float64(7.119993898024653), 4.0]",0.7116527550225246,2.4603274316238473,11293341.003146412,0
6.733254597065059e-08,0.2873730481563831,"[np.float64(7.414338072446889), 4.0]",0.7047343351119548,2.4523327418250145,10466473.901330564,0
5.745454679836883e-08,0.2918714875048304,"[np.float64(6.7482900576552485), 4.0]",0.7214081573864458,2.4716636885420566,12556154.34437518,0
6.075728500919325e-08,0.29028554074485513,"[np.float64(6.968233377965433), 4.0]",0.7154890774495445,2.4647768387417535,11776185.807862926,0
6.13673735952487e-08,0.2900022835188956,"[np.float64(7.009112167829625), 4.0]",0.7144365791772329,2.4635550124234884,11641961.148432584,0
6.4085797260411e-08,0.2887738473769945,"[np.float64(7.192427864309535), 4.0]",0.7098884097132453,2.458284973384329,11077156.562921919,0
6.206146173662901e-08,0.28968348570913494,"[np.float64(7.055729542447434), 4.0]",0.7132537126004879,2.462182857453776,11492699.215292921,0
5.725919452925866e-08,0.29196822917580156,"[np.float64(6.735342070699905), 4.0]",0.7217706590059977,2.47208629871643,12605323.30117188,0
7.056346685313949e-08,0.2860431211842412,"[np.float64(7.639085365648533), 4.0]",0.6998726603459527,2.446738301024071,9918342.898352282,0
6.897234781456568e-08,0.2866905450992558,"[np.float64(7.527868488661162), 4.0]",0.7022355417910012,2.4494548348215623,10181406.955711925,0
5.983735727995672e-08,0.2907181913484058,"[np.float64(6.906753861945642), 4.0]",0.7170994073061142,2.4666478694713665,11984142.346913368,0
6.199609512633963e-08,0.2897133543461988,"[np.float64(7.051334103513399), 4.0]",0.7133644611995119,2.462311282851886,11506603.113402093,0
6.355479287897008e-08,0.2890096323521236,"[np.float64(7.15645794734415), 4.0]",0.7107593271865158,2.4592928664763,11183410.32972986,0
6.06460713993209e-08,0.2903374882597958,"[np.float64(6.96079089881586), 4.0]",0.7156822521658868,2.4650011834692527,11800966.4212792,0
6.057479777401627e-08,0.2903708311028984,"[np.float64(6.956022705378192), 4.0]",0.7158062676603353,2.465145224613404,11816899.006923014,0
6.528184751704269e-08,0.2882498171131818,"[np.float64(7.273765024731341), 4.0]",0.7079562886392305,2.4560511285988094,10844611.719274784,0
5.4798723903404155e-08,0.29321716222445626,"[np.float64(6.572703075636805), 4.0]",0.7264654978609257,2.477568135335885,13256978.376750063,0
6.077697072949824e-08,0.29027635571878974,"[np.float64(6.969551052652036), 4.0]",0.7154549264864325,2.4647371802460616,11771809.583447779,0
6.286896396069797e-08,0.2893171049228442,"[np.float64(7.110121187053879), 4.0]",0.7118965013462579,2.4606097919309273,11323496.626909493,0
6.559582700788263e-08,0.28811383132506113,"[np.float64(7.295193548736394), 4.0]",0.7074556883431048,2.4554728424159755,10785071.560391944,0
6.775246297540976e-08,0.28719674766536546,"[np.float64(7.443310839005587), 4.0]",0.7040880839679101,2.451587943427187,10392066.25187122,0
6.393070709238009e-08,0.2888425103397021,"[np.float64(7.181913478991284), 4.0]",0.710141929111226,2.4585783037131264,11107994.286455624,0
6.220225626149403e-08,0.2896192589925598,"[np.float64(7.065200725343058), 4.0]",0.713015622331236,2.461906797260168,11462857.863768915,0
6.211628770359898e-08,0.28965845805618606,"[np.float64(7.059417048375831), 4.0]",0.7131609257527095,2.4620752680191895,11481061.604256004,0
6.125323518317943e-08,0.29005505806938386,"[np.float64(7.001457634545486), 4.0]",0.714632566318435,2.463782466249867,11666854.235230306,0
6.997929013569571e-08,0.28627917920438184,"[np.float64(7.5981253887263), 4.0]",0.7007333510834226,2.4477272606093075,10013438.972082196,0
6.72165921245036e-08,0.2874219200391401,"[np.float64(7.406349376824661), 4.0]",0.7049135768409873,2.4525393774594324,10487196.011593293,0
6.021276935103685e-08,0.2905408148302375,"[np.float64(6.931820588590409), 4.0]",0.716438810604335,2.465880089938307,11898453.074422462,0
6.300202921721553e-08,0.2892571860606239,"[np.float64(7.119101132079645), 4.0]",0.7116747638435293,2.4603529251452136,11296060.979081316,0
6.053531418353665e-08,0.29038931935656737,"[np.float64(6.9533817535413665), 4.0]",0.7158750413897214,2.4652251087468633,11825742.561098536,0
6.560947730378512e-08,0.28810793394304124,"[np.float64(7.296125902216247), 4.0]",0.7074339858028019,2.4554477765359324,10782496.902501445,0
5.945118474781573e-08,0.29090184764047317,"[np.float64(6.880999418209813), 4.0]",0.7177839771176101,2.4674438575746773,12073501.649502147,0
6.304660205544174e-08,0.28923714351638435,"[np.float64(7.122110242991142), 4.0]",0.7116006078817956,2.460267029436645,11286898.654046895,0
5.813674852695832e-08,0.2915363135150461,"[np.float64(6.793554463006482), 4.0]",0.720153508334889,2.470201737999689,12387234.00571585,0
6.327286068710963e-08,0.28913562360709094,"[np.float64(7.137393565843155), 4.0]",0.7112250998638949,2.459832140332819,11240602.87681588,0
6.666009944063564e-08,0.2876576230914903,"[np.float64(7.36807850519679), 4.0]",0.705778622007705,2.4535370014624305,10587722.30959899,0
5.388971007776111e-08,0.29369360001898964,"[np.float64(6.51278203383223), 4.0]",0.7282637979332726,2.479672004722556,13513967.636537874,0
6.153708678622784e-08,0.28992399683615266,"[np.float64(7.020499606846253), 4.0]",0.7141459387879928,2.4632177625213427,11605130.760720713,0
6.326451092838872e-08,0.2891393635721958,"[np.float64(7.136829298777167), 4.0]",0.7112389302659731,2.4598481558474568,11242305.043202642,0
6.33760784390043e-08,0.2890894319131856,"[np.float64(7.144370545382264), 4.0]",0.7110543030738573,2.4596343711636925,11219600.84289855,0
6.211940516382263e-08,0.2896570356300019,"[np.float64(7.0596267470983625), 4.0]",0.7131556526188869,2.4620691538452664,11480400.540509643,0
5.902493108123018e-08,0.29110599613553023,"[np.float64(6.852606625226833), 4.0]",0.7185456303728814,2.4683298864044976,12173595.414859835,0
6.59104804371482e-08,0.287978197716604,"[np.float64(7.316701274815021), 4.0]",0.7069567063366387,2.454896627391031,10726013.551225558,0
6.203619670702303e-08,0.2896950265418827,"[np.float64(7.05403051875058), 4.0]",0.7132965024842004,2.4622324759899716,11498069.51984613,0
6.04157038140677e-08,0.2904454024067349,"[np.float64(6.945383467747993), 4.0]",0.7160836994118799,2.465467497430337,11852608.74582646,0
6.4069766297035e-08,0.2887809370566068,"[np.float64(7.191340704504477), 4.0]",0.7099145826114958,2.4583152539336015,11080336.696098562,0
7.006503370965425e-08,0.2862444135631379,"[np.float64(7.604127963593571), 4.0]",0.7006065314700807,2.4475815012387847,9999374.78619302,0
6.110793675936909e-08,0.29012238509238886,"[np.float64(6.991717925571583), 4.0]",0.714882667716245,2.464072765321408,11698687.693078412,0
6.089181235038944e-08,0.29022283296629353,"[np.float64(6.977239822568539), 4.0]",0.7152559524372306,2.4645061352574573,11746340.350676985,0
6.106344908351418e-08,0.29014303196289787,"[np.float64(6.988736812367172), 4.0]",0.7149593811683381,2.4641618181606506,11708467.04368951,0
6.23379812384152e-08,0.2895574838604273,"[np.float64(7.074335782727525), 4.0]",0.7127866885755274,2.461641395250918,11434227.96849057,0
6.330421875458837e-08,0.28912158234607227,"[np.float64(7.139512885196963), 4.0]",0.7111731774290411,2.459772015835823,11234214.581907218,0
6.614774510487244e-08,0.2878763449402406,"[np.float64(7.332941595402928), 4.0]",0.7065822117079756,2.4544643008255953,10681879.03590275,0
6.062227920862043e-08,0.29034861414230445,"[np.float64(6.959199077409186), 4.0]",0.7157236316350569,2.4650492434734663,11806280.479360163,0
6.030122157375214e-08,0.2904991874130877,"[np.float64(6.937731073310269), 4.0]",0.7162838596453808,2.465700045579922,11878430.336097274,0
6.21682650067593e-08,0.2896347514243815,"[np.float64(7.06291367748225), 4.0]",0.7130730465802919,2.4619733753408477,11470049.011384867,0
5.67979767748205e-08,0.29219800429550724,"[np.float64(6.704795204146926), 4.0]",0.7226323178701533,2.4730912163908445,12722853.152588146,0
6.207620513327238e-08,0.2896767532579935,"[np.float64(7.056721083061922), 4.0]",0.71322875180917,2.4621539139316098,11489567.544889832,0
5.7568237337063304e-08,0.2918153436206737,"[np.float64(6.755828228190482), 4.0]",0.7211978563082606,2.4714185599703584,12527704.332610207,0
6.250034829250102e-08,0.2894837608392659,"[np.float64(7.085270399834732), 4.0]",0.7125135646701775,2.4613248169930895,11400153.505315218,0
5.850662809832408e-08,0.2913562891430591,"[np.float64(6.818129111734167), 4.0]",0.7194804494892133,2.469417947370755,12297417.794785252,0
6.006678275831748e-08,0.2906096562400319,"[np.float64(6.922069303898443), 4.0]",0.7166951281212544,2.466177956348749,11931638.340027679,0
6.317683122010971e-08,0.28917866641103557,"[np.float64(7.13090520028232), 4.0]",0.7113842871218885,2.4600164872146353,11260208.424246656,0
6.293367019254719e-08,0.2892879519884567,"[np.float64(7.1144872915751645), 4.0]",0.7117886092674005,2.4604848019934225,11310139.820062375,0
6.06698648902783e-08,0.29032636622553815,"[np.float64(6.962382935784245), 4.0]",0.7156408891908519,2.464953143921179,11795656.550168544,0
5.798224976797312e-08,0.29161186149075286,"[np.float64(6.783296649756841), 4.0]",0.7204361313784873,2.470530957470441,12425115.173375437,0
6.380635938377413e-08,0.28889768309882324,"[np.float64(7.1734884878896725), 4.0]",0.7103456994463675,2.458814109642338,11132835.446289504,0
5.3944244915676366e-08,0.29366477727475765,"[np.float64(6.516374977691109), 4.0]",0.7281548919780633,2.47954452943054,13498286.853700295,0
6.118304133724334e-08,0.290087563520473,"[np.float64(6.996751739680531), 4.0]",0.7147533051717773,2.4639226049459144,11682212.74310358,0
5.986118654343798e-08,0.29070689850961534,"[np.float64(6.908344082049696), 4.0]",0.7170573332515393,2.4665989590467943,11978668.89476389,0
6.335624529358725e-08,0.2890983017188775,"[np.float64(7.143029692116383), 4.0]",0.7110870968532073,2.4596723419865554,11223630.654848507,0
6.269733668186945e-08,0.289394576969549,"[np.float64(7.098546077069037), 4.0]",0.7121832901239786,2.4609420728672355,11359067.670412304,0
6.227200491310157e-08,0.2895874959446624,"[np.float64(7.0698945990461155), 4.0]",0.7128979026086877,2.4617703201691974,11448128.313895015,0
6.745605331690274e-08,0.2873210829858454,"[np.float64(7.42285270790474), 4.0]",0.7045437941285373,2.4521131091631236,10444485.846491065,0
6.485990687580941e-08,0.288433585646748,"[np.float64(7.245019277718866), 4.0]",0.7086333037059908,2.456833527611005,10925598.537519446,0
6.21111762774052e-08,0.28966079043996745,"[np.float64(7.059073229219829), 4.0]",0.7131695723042556,2.462085293701706,11482145.646687621,0
5.7758376640422064e-08,0.2917217042502863,"[np.float64(6.768439891125972), 4.0]",0.7208472308869216,2.4710099398996435,12480392.850626593,0
6.929294123020087e-08,0.28655894943890925,"[np.float64(7.550190707670184), 4.0]",0.7017546724680181,2.4489016093968594,10127361.604361558,0
5.8981710520802944e-08,0.2911267808247915,"[np.float64(6.849729670773552), 4.0]",0.718623216872886,2.468420166763614,12183831.403455593,0
5.966904669675219e-08,0.29079808649943784,"[np.float64(6.8955252051891165), 4.0]",0.7173971393180784,2.4669940162053483,12022936.162597124,0
6.305500029927406e-08,0.2892333687722031,"[np.float64(7.122677270319731), 4.0]",0.7115866423907947,2.4602508535287027,11285173.880159145,0
6.549509050212059e-08,0.28815739040762306,"[np.float64(7.288314893708532), 4.0]",0.7076160058752038,2.4556580168713387,10804107.612497957,0
5.976190808871824e-08,0.2907539776646041,"[np.float64(6.901719624454373), 4.0]",0.7172327522942504,2.4668028896980596,12001503.553559538,0
6.092203615888389e-08,0.2902087640545961,"[np.float64(6.979263847344204), 4.0]",0.7152036587932041,2.4644454178463575,11739654.546804085,0
6.645578102820054e-08,0.28774464695851754,"[np.float64(7.3540553460183125), 4.0]",0.7060982499612207,2.4539057717484307,10625083.913491102,0
6.108907174373098e-08,0.29013113853589556,"[np.float64(6.990453726175288), 4.0]",0.71491519022048,2.4641105185337744,11702832.762290994,0
6.305068024200464e-08,0.2892353104377545,"[np.float64(7.122385588954078), 4.0]",0.7115938259755832,2.4602591740911355,11286061.042391678,0
6.605042449772352e-08,0.28791807901916794,"[np.float64(7.32627782988388), 4.0]",0.7067356386279045,2.454641407151282,10699940.901246784,0
6.258040275599222e-08,0.28944748310059815,"[np.float64(7.090664263501334), 4.0]",0.7123792004942083,2.461169096594353,11383423.070507428,0
6.383245749840307e-08,0.28888609452035097,"[np.float64(7.175256344878316), 4.0]",0.7103028947589562,2.458764572723032,11127613.170411406,0
6.246639479897825e-08,0.2894991614759544,"[np.float64(7.08298321966024), 4.0]",0.7125706119827929,2.461390935814433,11407263.28573789,0
5.754810935644268e-08,0.29182527502564065,"[np.float64(6.754493507863714), 4.0]",0.7212350528171747,2.4714619141669782,12532732.367452318,0
6.208017241391441e-08,0.2896749419081042,"[np.float64(7.056987904972306), 4.0]",0.7132220363039885,2.46214612698619,11488725.120617248,0
6.077929151489451e-08,0.2902752730793704,"[np.float64(6.969706401588598), 4.0]",0.7154509012089211,2.464732505869676,11771293.863035463,0
6.07249907389846e-08,0.29030061528732176,"[np.float64(6.966071935532615), 4.0]",0.715545129522748,2.4648419322657835,11783371.570996022,0
6.145772805140671e-08,0.2899605767412509,"[np.float64(7.015173905845791), 4.0]",0.7142817287602187,2.4633753208375455,11622325.64410375,0
5.963778283113861e-08,0.29081295259273054,"[np.float64(6.893440115205269), 4.0]",0.717452550767288,2.46705844554333,12030168.069774138,0
6.112758810231637e-08,0.2901132697150479,"[np.float64(6.993034908822716), 4.0]",0.7148488019194812,2.4640334536286903,11694372.771962725,0
6.322254400258392e-08,0.2891581686117393,"[np.float64(7.133993522396046), 4.0]",0.711308475077338,2.4599286905583897,11250867.650125984,0
6.01352584169545e-08,0.29057734455588,"[np.float64(6.9266426141128035), 4.0]",0.7165748114711126,2.466038130282763,11916051.087743923,0
5.8525394567742424e-08,0.2913471867341542,"[np.float64(6.819376595145173), 4.0]",0.7194464334754207,2.4693783438928296,12292893.34636899,0
5.99836085452532e-08,0.2906489545576401,"[np.float64(6.916515667048497), 4.0]",0.7168414852279998,2.4663480600472596,11950622.888704602,0
5.416416920120159e-08,0.2935488561737545,"[np.float64(6.5308666935703705), 4.0]",0.7277170373791887,2.4790321000210125,13435395.541210385,0
6.275116052688414e-08,0.2893702580756616,"[np.float64(7.102175267136787), 4.0]",0.712093254227797,2.4608377480231787,11347889.79596192,0
6.033810924445655e-08,0.2904818457848355,"[np.float64(6.94019645881326), 4.0]",0.7162193174155813,2.4656250564659943,11870098.788045513,0
6.034868289891944e-08,0.2904768768995418,"[np.float64(6.940903203686089), 4.0]",0.7162008251511492,2.4656035716014646,11867712.611901477,0
5.8245371235723173e-08,0.2914833228981084,"[np.float64(6.8007688245130105), 4.0]",0.7199553321647898,2.4699709232300027,12360730.421840375,0
6.165786841540963e-08,0.2898684151268688,"[np.float64(7.028608149627371), 4.0]",0.7139396564159913,2.4629784383494018,11579051.867410362,0
6.285967779925849e-08,0.2893212912151955,"[np.float64(7.109494690802581), 4.0]",0.7119119956185302,2.4606277423565563,11325415.91912086,0
5.646765238699175e-08,0.29236377078527315,"[np.float64(6.682936188574873), 4.0]",0.7232545265576844,2.473817205924873,12808298.131485593,0
6.21438381965304e-08,0.2896458898930673,"[np.float64(7.061270344030807), 4.0]",0.7131143350367595,2.462021247047663,11475221.93240671,0
6.051042815585427e-08,0.2904009786097343,"[np.float64(6.951717373703962), 4.0]",0.7159184152878966,2.465275491547186,11831322.915844098,0
6.802189150215299e-08,0.28708418898224186,"[np.float64(7.461935984147904), 4.0]",0.7036757692694524,2.45111293577014,10344842.722392982,0
6.032368920900996e-08,0.2904886236388282,"[np.float64(6.939232660880117), 4.0]",0.7162445426625283,2.4656543643273725,11873354.432632245,0
6.244099550153385e-08,0.28951068762282745,"[np.float64(7.081272469768476), 4.0]",0.7126133100679584,2.461440425288707,11412587.26489159,0
6.635263893220827e-08,0.2877886774338654,"[np.float64(7.346981945240721), 4.0]",0.706260018807489,2.454092444167785,10644038.129803197,0
6.387156586068165e-08,0.2888687377555755,"[np.float64(7.177905880135377), 4.0]",0.7102387885466984,2.4586903867308156,11119796.093552645,0
5.872176475568895e-08,0.29125212079972845,"[np.float64(6.83243395656461), 4.0]",0.7190912565089482,2.4689648766657792,12245736.47438419,0
7.305275618181654e-08,0.2850576044989526,"[np.float64(7.81539543016874), 4.0]",0.6962897909921505,2.4426283670489095,9531328.14399497,0
5.662809132847792e-08,0.2922831314586491,"[np.float64(6.693551256786746), 4.0]",0.7229517837737433,2.4734639326115992,12766663.44942082,0
6.105017260482673e-08,0.29014919658637517,"[np.float64(6.987847247987655), 4.0]",0.7149822872843263,2.4641884096049242,11711388.465882873,0
6.164339506078021e-08,0.28987506969543025,"[np.float64(7.027636305756865), 4.0]",0.7139643508874546,2.4630070865963467,11582171.134206476,0
5.677288514855688e-08,0.2922105605801464,"[np.float64(6.70313424825671), 4.0]",0.7226794310950744,2.4731461780857185,12729306.062287452,0
6.229728153575511e-08,0.28957599402336925,"[np.float64(7.07159595457252), 4.0]",0.7128552787375614,2.461720907293278,11442799.12645021,0
6.221544439560004e-08,0.2896132504492314,"[np.float64(7.066088149316646), 4.0]",0.7129933521996425,2.4618809777994906,11460070.069837296,0
5.98360381686695e-08,0.2907188166183913,"[np.float64(6.906665835956803), 4.0]",0.7171017369583101,2.466650577694135,11984445.476435116,0
6.209767575602114e-08,0.2896669517674403,"[np.float64(7.058165151653857), 4.0]",0.7131924138748051,2.4621117787968894,11485009.788078137,0
6.035506757619437e-08,0.2904738769746375,"[np.float64(6.941329968546944), 4.0]",0.716189660804747,2.4655906006559087,11866272.204908129,0
6.583947051424677e-08,0.2880087511041871,"[np.float64(7.311844543736258), 4.0]",0.7070690810504268,2.4550263779819823,10739288.690018043,0
6.066523356449815e-08,0.2903285307443098,"[np.float64(6.9620730408648415), 4.0]",0.7156489388904472,2.464962492855082,11796689.74866111,0
5.984084292496635e-08,0.29071653919105406,"[np.float64(6.906986465262903), 4.0]",0.717093251675243,2.466640713564567,11983341.420748314,0
6.502511911222052e-08,0.2883614895635407,"[np.float64(7.256267901527403), 4.0]",0.7083676267126271,2.456526451520281,10893753.619891481,0
6.606491460753422e-08,0.287911861375477,"[np.float64(7.327269792953012), 4.0]",0.7067127787881,2.45461501798444,10697248.047415242,0
6.537704803605862e-08,0.2882085171163207,"[np.float64(7.280258829808092), 4.0]",0.7078042180610611,2.455875437488865,10826493.996343682,0
5.7417175439943126e-08,0.2918899678898362,"[np.float64(6.745812619687627), 4.0]",0.7214773925698944,2.4717443966494637,12565532.648406591,0
7.198499307002053e-08,0.28547638681436793,"[np.float64(7.739405000083932), 4.0]",0.697810231631591,2.4443711069011975,9693829.253450423,0
5.3994624185147295e-08,0.29363817832879413,"[np.float64(6.519694339973592), 4.0]",0.7280544017759537,2.4794269121256183,13483831.265858224,0
5.8041148488072366e-08,0.29158303614348247,"[np.float64(6.787206701708323), 4.0]",0.7203282845531335,2.4704053228894756,12410648.36442999,0
6.154450614008744e-08,0.289920579381149,"[np.float64(7.020997592954877), 4.0]",0.7141332538969579,2.463203044852192,11603525.62211564,0
6.807942127304201e-08,0.2870602110574681,"[np.float64(7.465916573806784), 4.0]",0.7035879640077701,2.45101179789391,10334811.17863697,0
6.17470235137215e-08,0.2898274582485214,"[np.float64(7.034595810464561), 4.0]",0.7137876864911044,2.4628021471969896,11559871.972330546,0
6.038223387908485e-08,0.2904611161565909,"[np.float64(6.943145920338681), 4.0]",0.7161421726592542,2.4655354290974136,11860147.0441343,0
6.185816810216325e-08,0.2897764835270783,"[np.float64(7.042063084771635), 4.0]",0.7135985867269441,2.462582808795323,11536044.610121405,0
5.80028102082047e-08,0.29160179565112626,"[np.float64(6.784661509105469), 4.0]",0.7203984694868829,2.470487082832545,12420061.491865097,0
6.210694407334717e-08,0.28966272177476116,"[np.float64(7.058788555906339), 4.0]",0.713176732169984,2.4620935956147756,11483043.366740687,0
5.9240152343680503e-08,0.2910027296809902,"[np.float64(6.86693807735614), 4.0]",0.7181602636476562,2.4678815364891404,12122863.214146791,0
6.499428707843047e-08,0.2883749303754066,"[np.float64(7.25416800831265), 4.0]",0.7084171497554103,2.4565836871921998,10899683.366024815,0
5.954099890140898e-08,0.2908590245607991,"[np.float64(6.886986543713406), 4.0]",0.7176243029039104,2.467258163942248,12052607.718123596,0
5.982503757106723e-08,0.2907240315463033,"[np.float64(6.905931766141876), 4.0]",0.7171211671832175,2.466673165506796,11986973.95436378,0
5.749169776675293e-08,0.2918531285046227,"[np.float64(6.750753102115816), 4.0]",0.7213393829641048,2.47158352099926,12546844.344215047,0
6.948177442186571e-08,0.2864817123697659,"[np.float64(7.563358848120008), 4.0]",0.7014725772386855,2.448577158507365,10095778.109805068,0
5.891541634109152e-08,0.2911586921300974,"[np.float64(6.845317523503286), 4.0]",0.7187423524387464,2.46855880269442,12199563.324437508,0
6.111372506458128e-08,0.290119699846977,"[np.float64(6.992105833606533), 4.0]",0.7148726912382142,2.4640611844534246,11697416.422952129,0
6.390069385042273e-08,0.2888558173060666,"[np.float64(7.179879555363713), 4.0]",0.7101910710375633,2.4586351684413446,11113980.588379245,0
5.9396626239022235e-08,0.290927893450775,"[np.float64(6.8773632707403785), 4.0]",0.7178811098603666,2.4675568277258777,12086227.035378905,0
6.0441699503499e-08,0.2904332038699391,"[np.float64(6.947121515059505), 4.0]",0.7160383098091363,2.4654147675545746,11846760.029765286,0
6.199722069903073e-08,0.28971283975701406,"[np.float64(7.051409780961901), 4.0]",0.7133625530441976,2.4623090700519317,11506363.430503754,0
5.814418927285934e-08,0.29153268034040153,"[np.float64(6.794048587795859), 4.0]",0.7201399192715288,2.4701859099661614,12385415.090956941,0
6.172749959070563e-08,0.28983642219403255,"[np.float64(7.033284412594745), 4.0]",0.713820944562448,2.462840726361771,11564067.057560336,0
6.178695414616844e-08,0.28980913399317587,"[np.float64(7.037278200270973), 4.0]",0.7137197041548649,2.46272329074235,11551300.982832545,0
6.077570737492878e-08,0.2902769450876324,"[np.float64(6.969466486633662), 4.0]",0.7154571177816234,2.4647397249052356,11772090.341424212,0
6.134220486815068e-08,0.2900139122833283,"[np.float64(7.00742399144468), 4.0]",0.7144797603305447,2.463605123993278,11647441.787693352,0
6.205032571567192e-08,0.289688571954782,"[np.float64(7.054980646590823), 4.0]",0.7132725705575486,2.462204724696163,11495065.69596296,0
6.076385016429977e-08,0.29028247721645606,"[np.float64(6.9686728103957245), 4.0]",0.7154776867400392,2.4647636109517084,11774726.005765837,0
6.52914453725467e-08,0.2882456506575329,"[np.float64(7.274419576974349), 4.0]",0.7079409459948617,2.4560334019956205,10842782.57213359,0
5.9032503611230834e-08,0.2911023561357173,"[np.float64(6.85311072356983), 4.0]",0.7185320435208239,2.468314077079579,12171803.660113178,0
5.948915767081642e-08,0.2908837341687756,"[np.float64(6.883530542861931), 4.0]",0.7177164335462014,2.4673653052383133,12064659.538763167,0
6.241169918877192e-08,0.28952398810653746,"[np.float64(7.079299452874282), 4.0]",0.712662584004187,2.46149753830396,11418733.879503116,0
6.774659798465939e-08,0.28719920271458105,"[np.float64(7.4429057134651435), 4.0]",0.7040970795373998,2.4515983083599724,10393098.701381821,0
5.6751944182609656e-08,0.29222104424422296,"[np.float64(6.701748116008438), 4.0]",0.722718769657335,2.473192071181994,12734696.230526596,0
6.055233163377568e-08,0.290381349398358,"[np.float64(6.954519962276655), 4.0]",0.7158453935156348,2.4651906708154536,11821929.464997532,0
6.922028302972709e-08,0.2865887223079196,"[np.float64(7.545127930218097), 4.0]",0.7018634404554605,2.4490267265344694,10139563.28601027,0
5.385664645740647e-08,0.29371108989718697,"[np.float64(6.510603797035204), 4.0]",0.7283298902116706,2.4797493702625295,13523491.307385502,0
6.148261512216144e-08,0.28994910004313085,"[np.float64(7.016843890680876), 4.0]",0.7142391230377966,2.4633258835138694,11616928.161215262,0
6.0374765146877e-08,0.29046462385619953,"[np.float64(6.942646651099224), 4.0]",0.7161552259364745,2.465550594178456,11861830.421936126,0
6.133669628005668e-08,0.29001645807581783,"[np.float64(7.007054526887271), 4.0]",0.714489213953165,2.4636160950782284,11648641.959633512,0
5.83295232257772e-08,0.2914423404553326,"[np.float64(6.806359332885507), 4.0]",0.7198020987127548,2.4697924728032916,12340270.568072416,0
5.875669173568498e-08,0.2912352465163286,"[np.float64(6.834757118660505), 4.0]",0.7190282290209845,2.468891515095756,12237384.505164264,0
6.105113438889738e-08,0.2901487499584857,"[np.float64(6.987911689042331), 4.0]",0.7149806277103115,2.46418648301125,11711176.784297986,0
5.50726010645727e-08,0.2930752549394483,"[np.float64(6.590771502149591), 4.0]",0.7259306571120782,2.4769428495833306,13181339.596815547,0
6.205263568317201e-08,0.28968751682855914,"[np.float64(7.055135988953434), 4.0]",0.713268658494192,2.4622001883371234,11494574.737098921,0
5.7540703628382576e-08,0.2918289300168838,"[np.float64(6.7540024377334165), 4.0]",0.7212487424503573,2.471477870301033,12534583.29443496,0
6.225604539573125e-08,0.28959476062329065,"[np.float64(7.0688204592074015), 4.0]",0.7129248252852957,2.461801531736547,11451495.525512116,0
6.492196953643049e-08,0.2884064810907332,"[np.float64(7.249243841792365), 4.0]",0.7085334116516258,2.456718063241859,10913615.478871716,0
6.031772764715707e-08,0.2904914262380332,"[np.float64(6.9388342188513965), 4.0]",0.7162549733774299,2.4656664833561024,11874700.876785912,0
5.7817056981893595e-08,0.2916928701866772,"[np.float64(6.772333257825693), 4.0]",0.7207392952810625,2.47088416943412,12465859.262030138,0
6.230189578990922e-08,0.28957389485360896,"[np.float64(7.071906555619416), 4.0]",0.7128474998758423,2.461711889589408,11441826.7829227,0
5.897012440777626e-08,0.2911323552359584,"[np.float64(6.848958507647531), 4.0]",0.7186440267135109,2.468444382044245,12186578.100872125,0
5.879597627992851e-08,0.2912162793387177,"[np.float64(6.837370393840396), 4.0]",0.7189573903374419,2.468809065104539,12228003.272102756,0
6.435126614240453e-08,0.2886567006753895,"[np.float64(7.210442338140683), 4.0]",0.7094560678838022,2.4577848573195777,11024741.398464937,0
5.388593406582106e-08,0.2936955968635701,"[np.float64(6.512533265404387), 4.0]",0.7282713435069826,2.4796808371808354,13515054.645195672,0
6.192766913213545e-08,0.2897446551147315,"[np.float64(7.04673411763523), 4.0]",0.7134805367721058,2.4624458956441684,11521191.525063667,0
6.54686667985416e-08,0.28816882715055714,"[np.float64(7.286511148367469), 4.0]",0.7076581038638818,2.455706645514984,10809111.26602697,0
6.711209314915713e-08,0.2874660346191758,"[np.float64(7.399154153989381), 4.0]",0.7050754064970868,2.4527259626729263,10505936.760608127,0
6.031478325226031e-08,0.2904928105366998,"[np.float64(6.938637432587113), 4.0]",0.7162601255119266,2.4656724694445993,11875365.986415688,0
6.284847374511489e-08,0.2893263429412033,"[np.float64(7.108738834442786), 4.0]",0.711930693436735,2.4606494044042613,11327732.417560454,0
6.654198237493862e-08,0.28770789983808254,"[np.float64(7.359969858821537), 4.0]",0.7059632661980134,2.4537500242270665,10609291.172303531,0
6.211737847167949e-08,0.28965796035531033,"[np.float64(7.059490419570033), 4.0]",0.7131590807015524,2.462073128688583,11480830.296576269,0
5.915418675537046e-08,0.2910439308355845,"[np.float64(6.861212603817895), 4.0]",0.7183139942913638,2.468060379163691,12143079.52980437,0
6.245470351846792e-08,0.2895044663663196,"[np.float64(7.082195741198218), 4.0]",0.7125902634171352,2.461413712752435,11409713.332582252,0
6.57657889524976e-08,0.288040488418521,"[np.float64(7.3068069040585), 4.0]",0.7071858274839761,2.4551611871190815,10753095.777422726,0
6.012766654022568e-08,0.2905809250846725,"[np.float64(6.926135522748609), 4.0]",0.716588143115749,2.466053623123893,11917777.361879632,0
6.189151881693283e-08,0.28976120584907505,"[np.float64(7.044304369913122), 4.0]",0.7135419203760233,2.462517086388985,11528912.749525322,0
6.03780941804851e-08,0.2904630603164994,"[np.float64(6.942869188558851), 4.0]",0.7161494074760899,2.4655438343717333,11861080.035672236,0
6.206911040500097e-08,0.2896799928054682,"[np.float64(7.056243932869416), 4.0]",0.7132407624419953,2.462167840914596,11491074.34902964,0
5.979616924742058e-08,0.2907377215050217,"[np.float64(6.904005503309495), 4.0]",0.7171721766892498,2.466732465869114,11993614.067847438,0
6.329529420182731e-08,0.28912557779889425,"[np.float64(7.138909695216136), 4.0]",0.7111879516501647,2.4597891236895078,11236032.008673923,0
5.6651700695293004e-08,0.2922712851755059,"[np.float64(6.695113612973281), 4.0]",0.7229073192283235,2.4734120520742406,12760558.118397096,0
6.208790533552928e-08,0.2896714116080085,"[np.float64(7.057507999088823), 4.0]",0.7132089480274458,2.4621309506116544,11487083.421049446,0
6.534923279681838e-08,0.28822057779262295,"[np.float64(7.2783611911523085), 4.0]",0.7078486235543717,2.4559267383874115,10831781.694441473,0
6.142705095449899e-08,0.28997473001425617,"[np.float64(7.013115604420795), 4.0]",0.7143342741057644,2.4634362934682112,11628985.3249653,0
6.013950969224212e-08,0.29057533974484684,"[np.float64(6.926926578976647), 4.0]",0.7165673469104458,2.466029455698687,11915084.61870419,0
6.236565091774668e-08,0.2895449067022545,"[np.float64(7.076198703764449), 4.0]",0.7127400868400636,2.4615873750215544,11428407.72687658,0
5.6364090567289586e-08,0.292415950219801,"[np.float64(6.676086104803321), 4.0]",0.7234504845260535,2.474045906121933,12835308.389521,0
5.793633406324384e-08,0.29163435396835713,"[np.float64(6.7802488938314545), 4.0]",0.7205202947112331,2.4706290082320375,12436415.012463622,0
6.212580001867857e-08,0.28965411802917956,"[np.float64(7.060056910562695), 4.0]",0.7131448367738177,2.4620566129910015,11479044.721507097,0
5.758882788273269e-08,0.2918051877177371,"[np.float64(6.75719368867191), 4.0]",0.7211598207880052,2.4713742289104963,12522564.658834396,0
5.783266808070102e-08,0.29168520440045664,"[np.float64(6.7733691298357055), 4.0]",0.720710602144569,2.470850736587586,12461998.141584493,0
5.832153938244976e-08,0.291446225996613,"[np.float64(6.805828885185646), 4.0]",0.7198166254838431,2.4698093894419078,12342208.952400384,0
6.009772264740521e-08,0.29059505192944607,"[np.float64(6.924135573287955), 4.0]",0.716640744837657,2.466114753432385,11924590.704413304,0
6.23385276601398e-08,0.28955723543172374,"[np.float64(7.074372569793492), 4.0]",0.7127857680538107,2.4616403281757475,11434112.976485595,0
6.496235826112321e-08,0.28838885598812825,"[np.float64(7.251993738980539), 4.0]",0.7084684623929263,2.456642993244132,10905830.412516134,0
5.78211374133855e-08,0.29169086629470964,"[np.float64(6.772604010340289), 4.0]",0.7207317945870074,2.4708754296708646,12464849.825319402,0
6.058863543280849e-08,0.29036435451051906,"[np.float64(6.956948352527799), 4.0]",0.7157821770642891,2.4651172430270134,11813802.571244178,0
6.893581806103704e-08,0.28670557709709615,"[np.float64(7.525327700149724), 4.0]",0.7022904899988057,2.44951806347655,10187599.273529833,0
5.4658884395436964e-08,0.29328990837338087,"[np.float64(6.5634802934600875), 4.0]",0.7267398135273528,2.4778889173443925,13295913.767095154,0
5.994514265983713e-08,0.2906671478918418,"[np.float64(6.91394775415399), 4.0]",0.716909251148074,2.466426826518552,11959421.887044715,0
6.302883613669886e-08,0.28924513039970356,"[np.float64(7.120910799883663), 4.0]",0.7116301579264328,2.4603012570792173,11290548.922449203,0
6.024394553990763e-08,0.29052613554226553,"[np.float64(6.933903624258884), 4.0]",0.7163841659684748,2.4658165938542753,11891388.57935388,0
5.8739996796500114e-08,0.2912433110545757,"[np.float64(6.83364662946511), 4.0]",0.7190583504171535,2.468926574874745,12241375.376785804,0
6.227779896896841e-08,0.28958485898999553,"[np.float64(7.0702845789090585), 4.0]",0.712888130364896,2.461758991306671,11446906.316006955,0
6.098024252593861e-08,0.29018168954453183,"[np.float64(6.983162405687541), 4.0]",0.7151030336189125,2.464328589241229,11726798.779370803,0
6.575680902387722e-08,0.2880443587985391,"[np.float64(7.30619306871259), 4.0]",0.7072000659684948,2.455177629300899,10754780.781891357,0
6.1946006453462e-08,0.28973626346144266,"[np.float64(7.047966739555056), 4.0]",0.7134494155273318,2.462409803328867,11517278.616876181,0
6.14075738464184e-08,0.28998371975626186,"[np.float64(7.011808893459603), 4.0]",0.7143676511925903,2.463475024711846,11633217.3125621,0
6.431460708158564e-08,0.2886728489454135,"[np.float64(7.207953404296107), 4.0]",0.7095156504370759,2.4578537712469157,11031951.878941389,0
5.781574817686183e-08,0.2916935129694033,"[np.float64(6.7722464140973235), 4.0]",0.7207417012724464,2.4708869728894087,12466183.072951932,0
5.976532414160057e-08,0.2907523563939477,"[np.float64(6.901947529988781), 4.0]",0.7172267107161505,2.466795865772321,12000716.485981775,0
6.420965475774966e-08,0.28871913112468917,"[np.float64(7.200830042380785), 4.0]",0.7096864438995688,2.4580513287603254,11052643.820887614,0
6.470167420418305e-08,0.28850280722198735,"[np.float64(7.234254041180311), 4.0]",0.7088884735842819,2.4571285125791875,10956261.67797759,0
5.966962085952589e-08,0.2907978135575754,"[np.float64(6.895563499869657), 4.0]",0.7173961219989246,2.4669928333449676,12022803.424339114,0
5.871696891227757e-08,0.2912544386267997,"[np.float64(6.832114979477606), 4.0]",0.719099914266963,2.4689749541924924,12246884.122054894,0
6.690421780104781e-08,0.28755399008491367,"[np.float64(7.384852976068492), 4.0]",0.7053981630065737,2.4530981566218992,10543403.483233402,0
5.493447922433553e-08,0.29314672824992505,"[np.float64(6.581658294352119), 4.0]",0.7261999911445352,2.4772577046311306,13219384.281026086,0
6.198499152062011e-08,0.2897184311982477,"[np.float64(7.05058757426053), 4.0]",0.7133832869948379,2.4623331144116474,11508968.050072601,0
5.890130644220474e-08,0.29116548884050136,"[np.float64(6.844378559782197), 4.0]",0.7187677291576224,2.4685883344895965,12202916.583232211,0
5.737799213969296e-08,0.2919093577487524,"[np.float64(6.743215297200371), 4.0]",0.7215500415380275,2.4718290879837728,12575379.768977197,0
6.193684215550572e-08,0.2897404569770666,"[np.float64(7.047350711119034), 4.0]",0.7134649674242513,2.462427839273834,11519233.829082608,0
6.20175447274008e-08,0.2897035496470754,"[np.float64(7.052776315204283), 4.0]",0.7133281050592708,2.4622691227921307,11502037.176652461,0
6.831049793512313e-08,0.2869640981246981,"[np.float64(7.481918278901464), 4.0]",0.7032361064536993,2.450606577789091,10294700.341982389,0
6.196848736997541e-08,0.2897259790190551,"[np.float64(7.049478008325779), 4.0]",0.7134112763832318,2.4623655731483822,11512484.920341777,0
6.016235962229929e-08,0.2905645666899193,"[np.float64(6.9284529119764), 4.0]",0.7165272365534027,2.4659828440749156,11909892.515050566,0
6.10069976557977e-08,0.2901692533125083,"[np.float64(6.9849546826142666), 4.0]",0.7150568174254687,2.464274933551841,11720898.337922297,0
5.4546405439301175e-08,0.29334856429738426,"[np.float64(6.556063333888886), 4.0]",0.7269610657562126,2.478147685833739,13327387.201805063,0
5.977647059458571e-08,0.2907470669099484,"[np.float64(6.902691194102752), 4.0]",0.7172070000607477,2.4667729503970697,11998148.986161606,0
5.999958240478161e-08,0.29064140286472995,"[np.float64(6.917582145350831), 4.0]",0.7168133586524393,2.4663153686539903,11946972.46085022,0
6.352521853941884e-08,0.28902282233653304,"[np.float64(7.154457040481324), 4.0]",0.7108080757325211,2.4593492997756035,11189384.185926862,0
6.053827426475959e-08,0.2903879328667082,"[np.float64(6.953579733300875), 4.0]",0.7158698836313937,2.4652191176276843,11825079.13094104,0
5.774247689129523e-08,0.2917295222342145,"[np.float64(6.767385059831075), 4.0]",0.7208764987740442,2.4710440453650415,12484336.273470761,0
6.177328209795209e-08,0.289815406774236,"[np.float64(7.036359718275921), 4.0]",0.7137429752846626,2.462750283806212,11554234.307202606,0
5.768777916585745e-08,0.2917564344716659,"[np.float64(6.763756582539845), 4.0]",0.7209772573784452,2.471161462759319,12497920.145366874,0
6.326784329153293e-08,0.2891378709041442,"[np.float64(7.1370544936570655), 4.0]",0.7112334103456537,2.4598417637980177,11241625.655996358,0
6.375911520655657e-08,0.28891867342120947,"[np.float64(7.1702887334917795), 4.0]",0.7104232373118351,2.458903846191075,11142300.75198377,0
5.931374292243723e-08,0.29096750845280955,"[np.float64(6.871840502691536), 4.0]",0.7180288692365577,2.467728692645457,12105607.130130064,0
5.865286622297392e-08,0.291285438199649,"[np.float64(6.827851842264889), 4.0]",0.7192157158277002,2.469109751153248,12262243.299305096,0
6.194707495938987e-08,0.2897357745618544,"[np.float64(7.048038566425061), 4.0]",0.7134476024348677,2.4624077006498792,11517050.690489853,0
5.7366928621989664e-08,0.2919148350281236,"[np.float64(6.742481978804602), 4.0]",0.7215705647476993,2.471853013835977,12578162.751266934,0
5.81064399349038e-08,0.2915511176077264,"[np.float64(6.791541829254862), 4.0]",0.720208882095437,2.4702662366894343,12394648.216312708,0
6.209958734180077e-08,0.28966607928129917,"[np.float64(7.058293726645869), 4.0]",0.713189179311508,2.4621080282545584,11484604.163085036,0
5.8111950769886465e-08,0.29154842527012886,"[np.float64(6.791907763034924), 4.0]",0.7201988112900548,2.4702545061691477,12393299.514964156,0
6.328247397903966e-08,0.28913131830275346,"[np.float64(7.1380432456032725), 4.0]",0.7112091791395004,2.4598137044247257,11238643.725829465,0
6.895869625512661e-08,0.2866961618176845,"[np.float64(7.52691890462578), 4.0]",0.7022560727749391,2.4494784594344066,10183720.268967979,0
5.990216096569047e-08,0.29068749125155824,"[np.float64(6.911078744559281), 4.0]",0.7169850323330142,2.466514913476418,11969268.232972,0
6.392852227175266e-08,0.2888434788124683,"[np.float64(7.181765409983763), 4.0]",0.7101455055254746,2.4585824421071205,11108429.85712589,0
6.595342135771669e-08,0.2879597373115137,"[np.float64(7.3196390615508715), 4.0]",0.7068888172566539,2.4548182459686867,10718000.714817297,0
6.084348720181667e-08,0.29024534268862034,"[np.float64(6.974004030195795), 4.0]",0.7153396275301253,2.4646032935575906,11757045.17325507,0
5.927043984284544e-08,0.290988228311181,"[np.float64(6.868955627719167), 4.0]",0.7181061629642038,2.467818602600878,12115755.591965405,0
6.974562244646948e-08,0.28637412997079853,"[np.float64(7.58178339834922), 4.0]",0.7010798234292658,2.4481255464687215,10051954.500332292,0
5.909508784966095e-08,0.2910722912664408,"[np.float64(6.857277336684713), 4.0]",0.7184198307945532,2.468183514372821,12157014.346475415,0
6.25574867032217e-08,0.28945786302807247,"[np.float64(7.089120062930314), 4.0]",0.7124176429326807,2.4612136477480604,11388207.55879234,0
5.988929516250105e-08,0.2906935835850752,"[np.float64(6.910220033530571), 4.0]",0.717007728347358,2.4665412958367434,11972218.514207924,0
5.882129887603535e-08,0.2912040601391815,"[np.float64(6.839055048678681), 4.0]",0.7189117573995906,2.468755954350312,12221963.321732864,0
6.14502750413114e-08,0.28996401462310184,"[np.float64(7.014673819713717), 4.0]",0.714294491892818,2.463390130741793,11623942.958963431,0
6.182451194744484e-08,0.28979190958825746,"[np.float64(7.039801559016502), 4.0]",0.7136558076111538,2.462649176870159,11543250.162942024,0
6.399735523791786e-08,0.2888129828798352,"[np.float64(7.186431024174792), 4.0]",0.7100328968375231,2.458452143520648,11094722.49592019,0
5.865213467799408e-08,0.29128579217128786,"[np.float64(6.827803195360108), 4.0]",0.7192170382173413,2.4691112905170893,12262418.787754491,0
6.207406680329596e-08,0.2896777296085119,"[np.float64(7.056577270045487), 4.0]",0.7132323716124723,2.462158111278965,11490021.652240153,0
6.176324919966046e-08,0.2898200107967257,"[np.float64(7.03568574266751), 4.0]",0.7137600559969276,2.4627700966360995,11556387.742645694,0
6.586064049105508e-08,0.28799963891296154,"[np.float64(7.313292286171234), 4.0]",0.7070355648977965,2.4549876783403706,10735327.801645402,0
5.709112008073575e-08,0.29205173813448443,"[np.float64(6.724206716403686), 4.0]",0.7220837098711387,2.472451335107728,12647916.328318654,0
6.03565453699302e-08,0.2904731826600066,"[np.float64(6.94142874857866), 4.0]",0.7161870769063449,2.4655875986480598,11865938.855790632,0
5.9260905602810336e-08,0.29099279239242876,"[np.float64(6.868320501051417), 4.0]",0.718123189914252,2.4678384093644534,12117992.167169925,0
6.565997748129065e-08,0.2880861267243924,"[np.float64(7.2995757507083265), 4.0]",0.7073537398704132,2.4553550978424163,10772981.761560436,0
6.465084278685818e-08,0.28852508001941685,"[np.float64(7.230797448652252), 4.0]",0.7089705951065324,2.4572234589063138,10966146.21782854,0
5.777755709295932e-08,0.2917122761044671,"[np.float64(6.769712427891524), 4.0]",0.7208119365406839,2.4709688127165035,12475638.860621208,0
6.56006005889991e-08,0.2881117688412445,"[np.float64(7.295519590593321), 4.0]",0.707448098272551,2.455464076034913,10784171.058201965,0
5.487513624089268e-08,0.29317749452983743,"[np.float64(6.57774346058121), 4.0]",0.7263159562947781,2.477393285114042,13235793.22165821,0
5.691269667100008e-08,0.2921406702113561,"[np.float64(6.71239030196064), 4.0]",0.7224172266664257,2.472840314030141,12693428.16142701,0
6.069736148523303e-08,0.2903135187568419,"[np.float64(6.964222910226754), 4.0]",0.715593112020056,2.4648976564519405,11789525.846097143,0
6.369845012294559e-08,0.2889456494176853,"[np.float64(7.166180973968911), 4.0]",0.7105228974881057,2.4590191924330016,11154477.010299498,0
6.529908985206021e-08,0.28824233260188753,"[np.float64(7.274940935034229), 4.0]",0.7079287277336563,2.4560192853817493,10841326.109407036,0
5.915418259350294e-08,0.2910439328317565,"[np.float64(6.861212326664391), 4.0]",0.7183140017402513,2.4680603878297864,12143080.510069385,0
6.257369438593094e-08,0.2894505212895491,"[np.float64(7.090212204657765), 4.0]",0.7123904523414271,2.4611821363029915,11384823.276498133,0
5.867331676415256e-08,0.29127554467159766,"[np.float64(6.829211819582784), 4.0]",0.7191787558573044,2.469066727411502,12257339.37537853,0
6.447433614726662e-08,0.2886025554785284,"[np.float64(7.218801101572804), 4.0]",0.7092563207272944,2.4575538478905186,11000599.046220087,0
6.198590367256742e-08,0.2897180141043757,"[np.float64(7.0506488998235595), 4.0]",0.7133817403256503,2.4623313207878152,11508773.738203412,0
6.123954242349514e-08,0.2900613959528463,"[np.float64(7.000539559777864), 4.0]",0.7146561064103065,2.4638097877956993,11669847.260911632,0
5.988810476255838e-08,0.2906941473420694,"[np.float64(6.910140583621482), 4.0]",0.7170098285670297,2.466543737199155,11972491.555874033,0
6.68520165988089e-08,0.28757611931522453,"[np.float64(7.381264180085606), 4.0]",0.705479388436135,2.4531918370552486,10552851.27253296,0
5.974322936158568e-08,0.29076284433678673,"[np.float64(6.900473496505152), 4.0]",0.7172657942937327,2.466841304740207,12005808.891792644,0
5.9260767866294224e-08,0.2909928583330258,"[np.float64(6.868311325817211), 4.0]",0.7181234359176669,2.467838695531878,12118024.483548995,0
6.156445662734948e-08,0.28991139199033783,"[np.float64(7.022336734584043), 4.0]",0.714099153208569,2.4631634800759,11599211.49846284,0
6.035425541110085e-08,0.290474258563107,"[np.float64(6.941275681275039), 4.0]",0.7161910808934324,2.4655922505361567,11866455.414206048,0
5.771012442085805e-08,0.2917454370119843,"[np.float64(6.765238838712316), 4.0]",0.7209360816688015,2.47111347842327,12492367.481506158,0
6.278166870097786e-08,0.28935648308725154,"[np.float64(7.104232698510691), 4.0]",0.712042259664619,2.460778663286118,11341563.140922511,0
5.540961976132106e-08,0.29290165025016196,"[np.float64(6.613016153731454), 4.0]",0.7252768394021937,2.4761787404842135,13089366.837858658,0
5.452329684491675e-08,0.2933606309052823,"[np.float64(6.55453967587512), 4.0]",0.7270065890548203,2.478200932454191,13333870.677752307,0
5.994393286374533e-08,0.29066772028717497,"[np.float64(6.913866995443974), 4.0]",0.7169113832818215,2.4664293048210677,11959698.822421048,0
6.529581025289961e-08,0.2882437560516029,"[np.float64(7.274717262060801), 4.0]",0.7079339693582958,2.456025341383484,10841950.909505075,0
6.52940475672704e-08,0.28824452114215504,"[np.float64(7.27459704604668), 4.0]",0.7079367866958367,2.456028596452315,10842286.74851979,0
5.809704935805092e-08,0.29155570601686287,"[np.float64(6.79091828248813), 4.0]",0.7202260455346344,2.4702862289135865,12396947.06517531,0
6.243348123767915e-08,0.28951409848694043,"[np.float64(7.080766385342093), 4.0]",0.7126259459060577,2.4614550712051186,11414163.230673444,0
6.462171379921232e-08,0.28853785131941145,"[np.float64(7.2288170122249715), 4.0]",0.7090176877909429,2.4572779084226983,10971818.07950728,0
6.195275126123605e-08,0.28973317748815325,"[np.float64(7.048420142430178), 4.0]",0.7134379712132228,2.4623965311752887,11515840.00208272,0
5.8180305069554835e-08,0.2915150525295512,"[np.float64(6.796447099721047), 4.0]",0.7200739897762813,2.470109119676716,12376593.572608968,0
6.154942900035825e-08,0.28991831207579016,"[np.float64(7.0213280222211125), 4.0]",0.7141248382386065,2.463193280636653,11602460.816240065,0
6.738482698431026e-08,0.28735103979944876,"[np.float64(7.417941642434623), 4.0]",0.7046536312040106,2.452239712429126,10457155.753595399,0
5.951142225137094e-08,0.2908731192658867,"[np.float64(6.885014746782315), 4.0]",0.7176768541853,2.4673192765168257,12059480.802759124,0
6.150042567045189e-08,0.2899408895870091,"[np.float64(7.018039116423123), 4.0]",0.7142086442292123,2.4632905184450835,11613068.307141108,0
6.9523155928892e-08,0.28646481337823376,"[np.float64(7.566246566755509), 4.0]",0.7014108703606653,2.4485061955394767,10088881.337292362,0
5.7089635308765085e-08,0.29205247699590703,"[np.float64(6.724108365367682), 4.0]",0.7220864802012138,2.472454565798233,12648293.797917297,0
5.768762117940328e-08,0.29175651224217924,"[np.float64(6.763746102911596), 4.0]",0.7209775485675203,2.471161802102488,12497959.420537474,0
6.060658071404988e-08,0.2903559576320237,"[np.float64(6.958148836657743), 4.0]",0.7157509447953003,2.4650809669364238,11809789.24008782,0
5.6684536099143054e-08,0.29225481820055815,"[np.float64(6.697286633049758), 4.0]",0.7228455152485879,2.473339942517353,12752076.050941091,0
6.178153307506896e-08,0.28981162103019786,"[np.float64(7.036914009539464), 4.0]",0.7137289306273387,2.4627339928269105,11552463.9014721,0
5.9436508758386304e-08,0.2909088514258653,"[np.float64(6.880021252537003), 4.0]",0.7178100951831935,2.4674742334752193,12076922.25162725,0
5.543559033829098e-08,0.2928883185446933,"[np.float64(6.614730829633254), 4.0]",0.7252266527047422,2.4761201003449242,13082329.38946096,0
6.219700866693712e-08,0.28962165016656954,"[np.float64(7.064847629558871), 4.0]",0.7130244851816391,2.461917072744937,11463967.48756618,0
6.300408728442728e-08,0.2892562603197348,"[np.float64(7.11924005992471), 4.0]",0.7116713385139852,2.460348957451521,11295637.619527726,0
6.522222124543449e-08,0.28827571464886814,"[np.float64(7.269699324429501), 4.0]",0.7080516610774242,2.456161324376078,10855988.151844604,0
6.472618346389035e-08,0.2884920742205187,"[np.float64(7.235920989504992), 4.0]",0.7088489032794348,2.457082764560118,10951501.62337147,0
6.199833476341112e-08,0.289712330438511,"[np.float64(7.051484684973776), 4.0]",0.7133606644377575,2.4623068799246783,11506126.2074212,0
5.8484826683786506e-08,0.2913668674026295,"[np.float64(6.816679962770522), 4.0]",0.7195199826512118,2.4694639753151226,12302677.864490982,0
6.300506164712576e-08,0.2892558220514646,"[np.float64(7.119305833752082), 4.0]",0.7116697168848501,2.4603470790580295,11295437.196311608,0
5.980007116067188e-08,0.2907358707402667,"[np.float64(6.90426585154232), 4.0]",0.7171652804489326,2.4667244486306372,11992716.17122395,0
6.337467886882498e-08,0.28909005773947716,"[np.float64(7.144275921379553), 4.0]",0.7110566168571202,2.459637050188394,11219885.126816798,0
6.475621434780222e-08,0.28847892871909175,"[np.float64(7.237963739341861), 4.0]",0.708800441344074,2.4570267384564266,10945674.45739098,0
6.28530649150713e-08,0.289324272747611,"[np.float64(7.10904856323525), 4.0]",0.7119230310304369,2.460640527217277,11326783.06129392,0
6.083004649044667e-08,0.29025160657586685,"[np.float64(6.973104152903982), 4.0]",0.7153629137837446,2.464630333051269,11760025.761218052,0
6.919685367927947e-08,0.28659832928368917,"[np.float64(7.543495857926106), 4.0]",0.7018985405063607,2.4490671046849926,10143503.688181989,0
5.478219165603344e-08,0.2932257522525381,"[np.float64(6.571612633732143), 4.0]",0.7264978847466492,2.477606005494904,13261570.280141143,0
5.985166558032828e-08,0.2907114100008597,"[np.float64(6.907708696604483), 4.0]",0.7170741415741608,2.4666184982971266,11980855.24640512,0
6.065390592763494e-08,0.2903338255943876,"[np.float64(6.961315097663927), 4.0]",0.7156686304296594,2.4649853628474148,11799217.535693588,0
5.992414280269416e-08,0.2906770853149408,"[np.float64(6.912545973966765), 4.0]",0.7169462681960448,2.466469854062465,11964230.686731013,0
6.62390890330283e-08,0.28783722882913637,"[np.float64(7.339199122138427), 4.0]",0.7064384368184251,2.4542983535940563,10664978.144040886,0
6.058326511072612e-08,0.29036686786229116,"[np.float64(6.956589108640314), 4.0]",0.7157915257417773,2.4651281016029944,11815004.101108577,0
6.177439469220928e-08,0.289814896259695,"[np.float64(7.036434460093227), 4.0]",0.7137410813221015,2.4627480869117857,11553995.549099494,0
5.866837332148596e-08,0.2912779358751958,"[np.float64(6.828883069666092), 4.0]",0.7191876886912175,2.4690771257022663,12258524.448091889,0
6.194664970691047e-08,0.2897359691369741,"[np.float64(7.04800998016168), 4.0]",0.7134483240195147,2.462408537485481,11517141.401432818,0
5.772071386977813e-08,0.2917402268457149,"[np.float64(6.765941310349866), 4.0]",0.7209165749771577,2.471090746626485,12489737.680715362,0
6.041535430386377e-08,0.29044556645175956,"[np.float64(6.945360100848128), 4.0]",0.7160843098258043,2.465468206569232,11852687.418238118,0
6.37816372818549e-08,0.28890866504908247,"[np.float64(7.171814026619201), 4.0]",0.710386265605712,2.458861057299978,11137786.608808305,0
6.028326908361877e-08,0.29050763116335704,"[np.float64(6.936531327727399), 4.0]",0.7163152875929413,2.465736561633198,11882489.096590668,0
6.425252100545645e-08,0.28870021873248175,"[np.float64(7.203739068220382), 4.0]",0.7096166476459153,2.457970592337747,11044183.738497252,0
6.195172496468675e-08,0.28973364703092086,"[np.float64(7.048351151454877), 4.0]",0.7134397124990588,2.4623985505657178,11516058.881423047,0
5.7409666958590954e-08,0.2918936823947889,"[np.float64(6.745314890523008), 4.0]",0.721491309377162,2.47176062002376,12567418.47845184,0
5.8292811642587914e-08,0.29146021164424746,"[np.float64(6.803920302663193), 4.0]",0.7198689154715672,2.46987028318716,12349188.43656601,0
6.875497271987236e-08,0.2867801085162641,"[np.float64(7.512757243857367), 4.0]",0.7025629913436859,2.4498316671215066,10218358.95719326,0
6.242666224789323e-08,0.28951719411193705,"[np.float64(7.08030714052096), 4.0]",0.7126374140908319,2.4614683638281685,11415593.729182309,0
6.294274845077924e-08,0.28928386425676184,"[np.float64(7.115099946983376), 4.0]",0.7117734821761812,2.4604672784114467,11308268.223031009,0
6.94928950903156e-08,0.2864771700645414,"[np.float64(7.56413480855349), 4.0]",0.7014559904674625,2.4485580833873404,10093923.840067733,0
5.7620408307655456e-08,0.29178961859910585,"[np.float64(6.759288073656133), 4.0]",0.7211015154421858,2.471306275062918,12514689.441143377,0
6.260144508205749e-08,0.2894379552616821,"[np.float64(7.092082327427253), 4.0]",0.7123439154627428,2.4611282055897252,11379033.096264917,0
6.132021801914463e-08,0.29002407488752413,"[np.float64(7.005949363164976), 4.0]",0.7145174991330653,2.463648920904812,11652233.50820422,0
5.931092778139537e-08,0.2909688549811253,"[np.float64(6.871652945193859), 4.0]",0.7180338921190597,2.4677345352499582,12106266.399432251,0
6.195273494700367e-08,0.2897331849520455,"[np.float64(7.04841904573255), 4.0]",0.7134379988928218,2.4623965632756386,11515843.481375266,0
6.025956115518376e-08,0.2905187858628431,"[np.float64(6.9349470606015355), 4.0]",0.7163568077216513,2.465784804910519,11887853.047532981,0
5.981298179997307e-08,0.2907297478186686,"[np.float64(6.90512731366159), 4.0]",0.7171424659120673,2.4666979257979373,11989746.110808175,0
5.7988433348252427e-08,0.2916088337863802,"[np.float64(6.783707125566519), 4.0]",0.7204248028674209,2.4705177600866937,12423594.866598204,0
6.027660972306616e-08,0.2905107639724581,"[np.float64(6.936086307798414), 4.0]",0.7163269483430805,2.4657501104192887,11883995.328107553,0
6.194324526144853e-08,0.289737526896547,"[np.float64(7.047781128665487), 4.0]",0.7134541010174413,2.462415237195648,11517867.654594326,0
6.138026501282071e-08,0.28999632914514606,"[np.float64(7.00997691104646), 4.0]",0.7144144696910577,2.463529354999132,11639155.835215691,0
6.42276713217379e-08,0.2887111807649184,"[np.float64(7.202052629384779), 4.0]",0.7096571023041457,2.458017387563457,11049086.596168742,0
6.108391445725991e-08,0.2901335320167404,"[np.float64(6.99010813613131), 4.0]",0.7149240831833625,2.464120841923615,11703966.41301682,0
6.58264742280773e-08,0.28801434652715907,"[np.float64(7.310955847852225), 4.0]",0.7070896626639545,2.4550501431263863,10741721.63944269,0
5.572123907522741e-08,0.2927421164427161,"[np.float64(6.633595464317133), 4.0]",0.7246764883988377,2.475477383318853,13005390.770662436,0
6.174489181615934e-08,0.28982843682703896,"[np.float64(7.03445262230984), 4.0]",0.7137913171488146,2.462806358696901,11560329.869458241,0
6.081296105169616e-08,0.29025957108390554,"[np.float64(6.971960315507878), 4.0]",0.7153925231625803,2.46466471541702,11763816.640246084,0
5.951314444957695e-08,0.29087229835762946,"[np.float64(6.885129556321341), 4.0]",0.7176737933807064,2.4673157170103615,12059080.393387077,0
5.655063052987585e-08,0.29232203466788187,"[np.float64(6.688425806137745), 4.0]",0.7230978229562207,2.4736343388474276,12786733.16602909,0
6.047960691837828e-08,0.2904154253389456,"[np.float64(6.949656238859672), 4.0]",0.7159721622761372,2.4653379256302306,11838240.999852974,0
6.122366857919768e-08,0.29006874518610537,"[np.float64(6.999475303575614), 4.0]",0.7146834037314952,2.4638414706588296,11673318.83758314,0
6.549993500879554e-08,0.2881552940969377,"[np.float64(7.288645616594979), 4.0]",0.7076082897247925,2.4556491038708717,10803190.715071285,0
5.907018016072048e-08,0.2910842527471652,"[np.float64(6.855618990205357), 4.0]",0.7184644733560079,2.4682354561449387,12162896.26002801,0
6.211932595759007e-08,0.2896570717691102,"[np.float64(7.059621419189752), 4.0]",0.7131557865912012,2.4620693091852695,11480417.335469559,0
5.875918991592138e-08,0.2912340399668166,"[np.float64(6.834923293351666), 4.0]",0.7190237226058317,2.468886269914594,12236787.532889476,0
5.8036515512066184e-08,0.29158530244652814,"[np.float64(6.786899115580876), 4.0]",0.7203367631398754,2.4704151995863133,12411785.180144258,0
6.247105600828703e-08,0.28949704674288035,"[np.float64(7.083297190475198), 4.0]",0.7125627783040535,2.461381856295491,11406286.748370785,0
5.991730945973522e-08,0.29068031971766156,"[np.float64(6.912089855497579), 4.0]",0.7169583167701772,2.4664838591981746,11965796.248778114,0
6.193880212239148e-08,0.2897395600577513,"[np.float64(7.0474824592149785), 4.0]",0.7134616411207313,2.4624239816562263,11518815.615951475,0
6.475348225362837e-08,0.2884801243955114,"[np.float64(7.237777886007491), 4.0]",0.7088048491751844,2.457031834204981,10946204.350816477,0
6.024110937976214e-08,0.2905274706248136,"[np.float64(6.933714117582996), 4.0]",0.7163891357457609,2.4658223685529,11892030.925752342,0
5.77197230482925e-08,0.29174071430247567,"[np.float64(6.765875581512217), 4.0]",0.7209183999788614,2.4710928733499156,12489983.698911529,0
6.334013928929686e-08,0.2891055067179399,"[np.float64(7.14194090143185), 4.0]",0.7111137364626773,2.459703187723994,11226905.157482665,0
6.172836455592884e-08,0.28983602500493183,"[np.float64(7.0333425092186985), 4.0]",0.7138194708797062,2.4628390168805274,11563881.143051373,0
6.140168368392641e-08,0.2899864389564043,"[np.float64(7.011413743164822), 4.0]",0.7143777473109194,2.46348674055864,11634497.69534459,0
6.371086700225415e-08,0.28894012590013896,"[np.float64(7.167021658585084), 4.0]",0.7105024903550587,2.45899557266967,11151982.758764222,0
6.304894644137745e-08,0.2892360897384105,"[np.float64(7.122268527776393), 4.0]",0.711596709174734,2.460262513638298,11286417.130480882,0
6.300961256502183e-08,0.28925377513920364,"[np.float64(7.119613044510353), 4.0]",0.7116621431834949,2.4603383061846187,11294501.175500894,0
6.14777514015303e-08,0.28995134258183614,"[np.float64(7.016517510893291), 4.0]",0.714247447983578,2.463335543210972,11617982.631124647,0
6.563461135731517e-08,0.28809707836763526,"[np.float64(7.297842792374434), 4.0]",0.7073940385527653,2.45540163947818,10777759.232879562,0
6.215746152542437e-08,0.2896396771965339,"[np.float64(7.062186845373925), 4.0]",0.7130913053318624,2.461994545201751,11472336.35080457,0
5.7958261001472304e-08,0.29162361043051677,"[np.float64(6.781704298471632), 4.0]",0.720480092954045,2.470582172309087,12431016.398779508,0
5.7010748887059204e-08,0.29209176180852175,"[np.float64(6.718883411037212), 4.0]",0.7222337909354041,2.4726263639330512,12668379.297493195,0
6.881359040375108e-08,0.286755929798026,"[np.float64(7.516830262568398), 4.0]",0.7024745786760265,2.4497299120224234,10208369.808265869,0
6.032084489439174e-08,0.29048996074868993,"[np.float64(6.939042559640183), 4.0]",0.7162495191012864,2.465660146241445,11873996.797546163,0
6.109190657287549e-08,0.29012982298800755,"[np.float64(6.990643690911291), 4.0]",0.7149103023536381,2.4641048444826326,11702209.710885905,0
6.271607987730474e-08,0.2893861059612867,"[np.float64(7.09980978826798), 4.0]",0.712151926711937,2.460905731276562,11355172.837734165,0
5.9523950402842876e-08,0.2908671481163392,"[np.float64(6.885849943840209), 4.0]",0.7176545906757038,2.4672933857372605,12056568.58825399,0
5.963874854054093e-08,0.29081249327421144,"[np.float64(6.893504518538503), 4.0]",0.7174508386581675,2.4670564547640406,12029944.561470173,0
7.040029030295487e-08,0.28610887003081514,"[np.float64(7.62762892642353), 4.0]",0.7001122900410557,2.4470135790115513,9944735.83884739,0
6.034652348021496e-08,0.29047789160440274,"[np.float64(6.940758865767426), 4.0]",0.7162046014538025,2.4656079590015416,11868199.858913418,0
6.033053688063115e-08,0.2904854048188346,"[np.float64(6.939690335860243), 4.0]",0.7162325630279206,2.465640445772514,11871808.20958124,0
5.982470299628275e-08,0.29072419016977824,"[np.float64(6.905909440364989), 4.0]",0.7171217582036693,2.4666738525778737,11987050.871748218,0
6.097076583223428e-08,0.2901860958037165,"[np.float64(6.982527619679702), 4.0]",0.715119409049856,2.4643476010427694,11728890.05556469,0
6.095127475652406e-08,0.29019516051846733,"[np.float64(6.9812220973012105), 4.0]",0.7151530982508614,2.4643867146962664,11733193.45834212,0
6.221198518823015e-08,0.2896148263472376,"[np.float64(7.065855376315907), 4.0]",0.7129991930640793,2.461887749521564,11460801.176924527,0
6.354717396551752e-08,0.28901302975508825,"[np.float64(7.155942451305315), 4.0]",0.7107718832746847,2.4593074017354786,11184948.7384029,0
6.300908922307209e-08,0.2892540105204262,"[np.float64(7.119577715897911), 4.0]",0.7116630141047637,2.460339314999777,11294608.807711085,0
6.199916652901001e-08,0.28971195018501134,"[np.float64(7.051540608861865), 4.0]",0.7133592544208643,2.4623052447968057,11505949.101542788,0
6.093200893117145e-08,0.2902041233796466,"[np.float64(6.979931749595714), 4.0]",0.7151864103347139,2.46442539136187,11737450.034555491,0
7.294965742861604e-08,0.2850977887303001,"[np.float64(7.808033350704515), 4.0]",0.6964355533716957,2.4427953526869244,9546796.762591844,0
6.77371250857653e-08,0.28720316844930277,"[np.float64(7.44225139874296), 4.0]",0.70411161064583,2.4516150516289312,10394766.677126018,0
6.015283347629384e-08,0.29056905747184697,"[np.float64(6.927816569346178), 4.0]",0.7165439564332592,2.4660022738404783,11912056.59024605,0
6.172785299282491e-08,0.28983625991229445,"[np.float64(7.033308149329896), 4.0]",0.7138203424514398,2.462840027909015,11563991.097088903,0
6.032604697166693e-08,0.2904875153055218,"[np.float64(6.939390244517217), 4.0]",0.7162404177054048,2.4656495717280484,11872822.000781825,0
5.8887131728892877e-08,0.29117231846415687,"[np.float64(6.843435320717804), 4.0]",0.7187932295874189,2.4686180107327127,12206286.984678252,0
5.970143784685284e-08,0.290782692815128,"[np.float64(6.8976856894870195), 4.0]",0.7173397654564626,2.466927307508389,12015452.07833344,0
6.75144624207394e-08,0.2872965399527443,"[np.float64(7.426881451404174), 4.0]",0.7044538184023927,2.452009406442083,10434117.27123514,0
5.843993773459582e-08,0.2913886608158598,"[np.float64(6.813696444299408), 4.0]",0.719601435429505,2.469558813354958,12313521.597123617,0
6.0038699666528e-08,0.29062291875477797,"[np.float64(6.9201939986930086), 4.0]",0.7167445181107329,2.4662353581119603,11938041.997773698,0
6.457076488375482e-08,0.28856020311887737,"[np.float64(7.225353712184691), 4.0]",0.7091001143235517,2.4573732159157986,10981751.812916066,0
6.123810571835165e-08,0.2900620610352807,"[np.float64(7.00044323390747), 4.0]",0.7146585766926429,2.4638126549260018,11670161.385780359,0
6.313210080834697e-08,0.28919873814077585,"[np.float64(7.127883817928943), 4.0]",0.7114585304733029,2.460102471563966,11269362.517067352,0
6.239986754991758e-08,0.2895293614405544,"[np.float64(7.07850269294804), 4.0]",0.7126824913285861,2.461520613255359,11421218.013939958,0
6.255472558003683e-08,0.28945911394993173,"[np.float64(7.088934013900591), 4.0]",0.7124222758950294,2.4612190169913197,11388784.289102301,0
6.209863037112e-08,0.28966651605854055,"[np.float64(7.058229359812308), 4.0]",0.7131907985718122,2.4621099058190037,11484807.222149195,0
6.098335310151851e-08,0.2901802434113886,"[np.float64(6.983370768793897), 4.0]",0.7150976592812152,2.464322349703943,11726112.50304321,0
6.862202411097518e-08,0.28683502135085254,"[np.float64(7.503524550377371), 4.0]",0.7027638250957366,2.4500628332832686,10241082.71652306,0
6.199541361350551e-08,0.28971366592474984,"[np.float64(7.051288282417267), 4.0]",0.7133656165705345,2.462312622683888,11506748.24137523,0
5.973939386561104e-08,0.2907646653744187,"[np.float64(6.900217625135992), 4.0]",0.717272580633362,2.4668491947249764,12006693.30939194,0
6.273468380169295e-08,0.28937770041915567,"[np.float64(7.101064204124556), 4.0]",0.7121208069301175,2.460869672744755,11351309.415715909,0
6.369250444397607e-08,0.2889482946718601,"[np.float64(7.165778437918788), 4.0]",0.7105326708073024,2.459030504451353,11155671.723229019,0
6.256387696480433e-08,0.28945496814522986,"[np.float64(7.089550657150439), 4.0]",0.7124069214385779,2.461201222433805,11386873.000842746,0
5.9514428058904084e-08,0.2908716865243751,"[np.float64(6.885215127927635), 4.0]",0.7176715121322726,2.467313064078967,12058781.971691992,0
7.161610321165417e-08,0.2856224290410439,"[np.float64(7.713281008954107), 4.0]",0.6983411688338317,2.444980148017298,9751175.18988648,0
5.5503929069120005e-08,0.2928532690316976,"[np.float64(6.619243169921911), 4.0]",0.7250947252683431,2.4759659595599763,13063844.982314136,0
5.7191341087811196e-08,0.2920019118226153,"[np.float64(6.730846098436572), 4.0]",0.7218969105736676,2.4722335071977333,12622486.146377858,0
6.233728308951711e-08,0.28955780127455405,"[np.float64(7.074288780960033), 4.0]",0.7127878647157434,2.461642758641786,11434374.893948637,0
6.13492629503403e-08,0.2900106507322113,"[np.float64(7.007897392319623), 4.0]",0.7144676489550178,2.463591068642302,11645904.36128548,0
5.4719944844696134e-08,0.29325811982704014,"[np.float64(6.567507162803109), 4.0]",0.7266199316865024,2.477748722235052,13278886.405108133,0
6.035082046066193e-08,0.2904758725017869,"[np.float64(6.9410460816744015), 4.0]",0.7161970872250795,2.465599228798852,11867230.333544735,0
6.289911995257687e-08,0.28930351459854264,"[np.float64(7.112155842587897), 4.0]",0.7118462030658823,2.4605515216560323,11317268.089006374,0
5.910326058919301e-08,0.2910683675841153,"[np.float64(6.857821501308325), 4.0]",0.71840518740391,2.4681664770607528,12155085.527299486,0
6.21308719890348e-08,0.2896518041997311,"[np.float64(7.060398094944006), 4.0]",0.7131362592774856,2.462046667542034,11477969.589793362,0
6.119824160121183e-08,0.2900805213463327,"[np.float64(6.997770686808019), 4.0]",0.7147271460096511,2.4638922416866613,11678883.695173007,0
6.995603484550091e-08,0.2862886153456382,"[np.float64(7.596497927590943), 4.0]",0.700767776265689,2.447766829357316,10017259.809155086,0
5.913896896329624e-08,0.2910512307693231,"[np.float64(6.8601992195737), 4.0]",0.7183412350939226,2.4680920716093944,12146664.841920914,0
5.991361069322152e-08,0.2906820705999226,"[np.float64(6.91184297082778), 4.0]",0.7169648391131964,2.46649144074656,11966643.81962064,0
6.100325533103836e-08,0.29017099247337375,"[np.float64(6.984703981053081), 4.0]",0.7150632804245787,2.464282436812471,11721723.31696462,0
6.725672625396007e-08,0.2874049951080772,"[np.float64(7.409113869331758), 4.0]",0.704851498527015,2.4524678085777847,10480014.978212137,0
6.270070884783034e-08,0.28939305272708943,"[np.float64(7.098773429533234), 4.0]",0.7121776466125447,2.460935533529065,11358366.750540948,0
5.778780534651779e-08,0.29170723991149994,"[np.float64(6.770392378107983), 4.0]",0.7207930841544574,2.4709468451079113,12473100.160705296,0
6.918401418683573e-08,0.28660359532190705,"[np.float64(7.542601564824691), 4.0]",0.7019177811859854,2.449089239085107,10145664.27571567,0
6.171135568730812e-08,0.2898438364557901,"[np.float64(7.032200118695437), 4.0]",0.7138484540584673,2.4628726378570094,11567538.034256492,0
6.212573301327211e-08,0.2896541485982796,"[np.float64(7.060052403247014), 4.0]",0.7131449500958266,2.4620567443861643,11479058.926250016,0
5.985843037386677e-08,0.29070820443988477,"[np.float64(6.908160145967863), 4.0]",0.7170621986783605,2.466604614960707,11979301.732432636,0
6.16428530909467e-08,0.28987531891347107,"[np.float64(7.027599915064664), 4.0]",0.7139652757270579,2.463008159519022,11582287.968950545,0
5.9407772264710526e-08,0.2909225704241514,"[np.float64(6.878106068747362), 4.0]",0.7178612577012291,2.467533738116713,12083625.262071203,0
6.269528544321272e-08,0.28939550418409854,"[np.float64(7.098407783442381), 4.0]",0.712186723158077,2.4609460508585523,11359494.06918566,0
5.9358800281577745e-08,0.2909459657247634,"[np.float64(6.874842642519716), 4.0]",0.717948513910582,2.4676352260878764,12095064.430293083,0
6.199228815096551e-08,0.2897150948888323,"[np.float64(7.051078145393007), 4.0]",0.7133709153643781,2.4623187674708786,11507413.851657735,0
5.7922880928452e-08,0.2916409476879189,"[np.float64(6.779355979311375), 4.0]",0.7205449690789116,2.4706577549938467,12439729.473555526,0
6.358560422212097e-08,0.28899589721237534,"[np.float64(7.158542816532747), 4.0]",0.7107085670564657,2.4592341064765533,11177192.947223976,0
6.345120611004326e-08,0.28905585845159537,"[np.float64(7.1494507032011585), 4.0]",0.7109301865057317,2.4594906683919793,11204360.485642578,0
5.96766518271894e-08,0.29079447143949305,"[np.float64(6.896032446709161), 4.0]",0.7173836652377067,2.4669783496450552,12021178.187326824,0
5.86002234322081e-08,0.29131092205287656,"[np.float64(6.824351406646807), 4.0]",0.7193109256886642,2.469220586099756,12274883.670380572,0
6.240597232770601e-08,0.2895265888297312,"[np.float64(7.0789137930008526), 4.0]",0.7126722191952396,2.4615087065953647,11419936.147342725,0
5.8165575393427494e-08,0.2915222405879598,"[np.float64(6.795468849553433), 4.0]",0.7201008730542503,2.4701404311448316,12380189.969471516,0
5.7819262968326034e-08,0.2916917868127883,"[np.float64(6.772479633272928), 4.0]",0.7207352401354039,2.4708794443978688,12465313.515501397,0
6.687490011749573e-08,0.2875664164078265,"[np.float64(7.382837283737607), 4.0]",0.7054437728242694,2.4531507595233566,10548707.685317531,0
5.4019993371036666e-08,0.2936247940359891,"[np.float64(6.521365925579146), 4.0]",0.7280038410159438,2.4793677366588924,13476562.946160413,0
6.190115662974892e-08,0.28975679240260027,"[np.float64(7.044952117439922), 4.0]",0.7135255512505082,2.4624981017152683,11526853.294815443,0
6.071521243181639e-08,0.29030518128674665,"[np.float64(6.9654175244973), 4.0]",0.7155621081907155,2.4648616501402527,11785548.951085312,0
6.118691158661556e-08,0.2900857702925488,"[np.float64(6.9970111759530065), 4.0]",0.714746643887511,2.4639148730621834,11681364.941515686,0
6.25627940302044e-08,0.28945545870960165,"[np.float64(7.089477685126614), 4.0]",0.7124087382834426,2.4612033279986334,11387099.142974691,0
5.930347676987901e-08,0.2909724192402083,"[np.float64(6.871156532485926), 4.0]",0.7180471878386852,2.4677500008889544,12108011.65376851,0
6.229973374846348e-08,0.28957487841489954,"[np.float64(7.071761020602271), 4.0]",0.7128511446344387,2.46171611479734,11442282.362113947,0
5.3963670501371626e-08,0.2936545179451255,"[np.float64(6.517654857146656), 4.0]",0.7281161309681928,2.479499161338475,13492709.524821628,0
6.205192233412322e-08,0.2896878426614931,"[np.float64(7.0550880169945644), 4.0]",0.7132698665741821,2.4622015892039153,11494726.347614618,0
5.861283673987426e-08,0.29130481392015906,"[np.float64(6.8251900712615825), 4.0]",0.7192881041331879,2.469194018641692,12271852.790974999,0
7.237970047041085e-08,0.2853209039101398,"[np.float64(7.767429954942147), 4.0]",0.6972453781425275,2.4437234306608007,9633161.97236219,0
5.800993595259417e-08,0.2915983079419634,"[np.float64(6.7851345525234485), 4.0]",0.7203854204506576,2.47047188145562,12418310.908658095,0
5.998045791177148e-08,0.2906504442730824,"[np.float64(6.916305324651105), 4.0]",0.7168470338503365,2.4663545092565506,11951343.13420524,0
6.038779651556382e-08,0.29045850394558587,"[np.float64(6.943517779057541), 4.0]",0.7161324519238635,2.465524135791951,11858893.571970189,0
6.069176888706555e-08,0.29031613135283146,"[np.float64(6.96384865946284), 4.0]",0.7156028275071348,2.4649089396876724,11790772.301244326,0
6.550123896502557e-08,0.28815472987633955,"[np.float64(7.288734635906064), 4.0]",0.7076062129412616,2.45564670496621,10802943.946130369,0
5.869028281858488e-08,0.2912673395671758,"[np.float64(6.830340134033782), 4.0]",0.7191481047682114,2.4690310483724947,12253273.799874855,0
6.104324847625137e-08,0.2901524121858741,"[np.float64(6.987383326857036), 4.0]",0.7149942358702371,2.4642022807385993,11712912.626994332,0
5.64397231009596e-08,0.29237783302743753,"[np.float64(6.681088668553138), 4.0]",0.7233073320278707,2.4738788318469873,12815571.946269397,0
5.398839820066318e-08,0.2936414640588206,"[np.float64(6.519284115053701), 4.0]",0.7280668145025072,2.47944144004358,13485616.146573577,0
6.279208069530798e-08,0.2893517834281274,"[np.float64(7.1049349281081655), 4.0]",0.7120248624403537,2.4607585064953117,11339405.456165405,0
6.403077093360591e-08,0.2887981901222593,"[np.float64(7.188696509184539), 4.0]",0.7099782792576798,2.458388949588357,11088079.5109255,0
6.155017570608744e-08,0.28991796818410126,"[np.float64(7.02137814267649), 4.0]",0.7141235618084014,2.463191799671156,11602299.321101258,0
6.044287952772081e-08,0.29043265026815407,"[np.float64(6.947200413934157), 4.0]",0.7160362499714765,2.465412374643024,11846494.666804913,0
6.226016844968101e-08,0.28959288365303404,"[np.float64(7.069097950949131), 4.0]",0.7129178692021031,2.461793467467459,11450625.447283957,0
5.957094681450858e-08,0.2908447602632585,"[np.float64(6.8889832725459454), 4.0]",0.7175711228817004,2.4671963222998756,12045655.831458684,0
6.195347109934946e-08,0.2897328481584323,"[np.float64(7.048468532438362), 4.0]",0.7134367499057475,2.4623951148115055,11515686.486099709,0
6.091386626862828e-08,0.2902125663633937,"[np.float64(6.978716706027527), 4.0]",0.7152177914956644,2.4644618269220446,11741461.104136387,0
7.22135329549074e-08,0.285386262866013,"[np.float64(7.755622513966686), 4.0]",0.697482769631275,2.443995596097555,9658615.789741337,0
5.6903130194160305e-08,0.2921454466765378,"[np.float64(6.711756875616782), 4.0]",0.7224351435432366,2.472861212665463,12695877.029579941,0
5.960793631422838e-08,0.290827152204039,"[np.float64(6.8914497397815735), 4.0]",0.7175054816371188,2.4671199927499554,12037079.724664962,0
6.09957613132191e-08,0.2901744754756056,"[np.float64(6.984201960230465), 4.0]",0.7150762239765425,2.464297463808658,11723375.66711492,0
6.902814027575259e-08,0.28666760132357044,"[np.float64(7.531750134739809), 4.0]",0.7021516803109122,2.449358340701963,10171962.876385879,0
6.003343064534739e-08,0.29062540780990637,"[np.float64(6.919842167953688), 4.0]",0.7167537877703074,2.466246131649732,11939244.18553708,0
5.8961122340957694e-08,0.29113668716848407,"[np.float64(6.848359354357617), 4.0]",0.7186601986353897,2.4684632006528706,12188713.004470203,0
5.990037465021806e-08,0.2906883370438465,"[np.float64(6.910959517209464), 4.0]",0.7169881831577559,2.4665185760432062,11969677.774880927,0
5.6468070337933465e-08,0.29236356040459044,"[np.float64(6.6829638367906155), 4.0]",0.7232537365787389,2.473816284005628,12808189.34046131,0
5.753965075017006e-08,0.2918294496896219,"[np.float64(6.753932622610607), 4.0]",0.7212506888844402,2.471480139004249,12534846.483792892,0
6.115173188340597e-08,0.29010207458012127,"[np.float64(6.994653089570653), 4.0]",0.7148072113310578,2.4639851761337206,11689075.506380333,0
6.302512012297168e-08,0.28924680126484437,"[np.float64(7.120659929157553), 4.0]",0.7116363399712452,2.4603084177917887,11291312.711229006,0
6.246809665815466e-08,0.2894983893450132,"[np.float64(7.083097853211931), 4.0]",0.7125677517423811,2.4613876206861027,11406906.722991401,0
5.879593790383855e-08,0.2912162978608921,"[np.float64(6.837367840857006), 4.0]",0.7189574595110193,2.4688091456146806,12228012.429819262,0
6.255502237471359e-08,0.2894589794849693,"[np.float64(7.088954012316567), 4.0]",0.7124217778840999,2.4612184398345596,11388722.293417,0
6.013288999001319e-08,0.2905784615186376,"[np.float64(6.926484416209098), 4.0]",0.7165789703159255,2.4660429633046443,11916589.58075912,0
6.195395599499856e-08,0.28973262631830804,"[np.float64(7.04850112887605), 4.0]",0.7134359272206668,2.4623941607351703,11515583.077184957,0
5.904189243445584e-08,0.2910978437400044,"[np.float64(6.853735746615222), 4.0]",0.7185152006440163,2.468294479315216,12169582.833776228,0
5.8301858343698464e-08,0.29145580663031245,"[np.float64(6.804521321987776), 4.0]",0.719852445490339,2.4698511030298747,12346989.717663845,0
5.969342642462719e-08,0.29078649939300294,"[np.float64(6.897151308840822), 4.0]",0.7173539525782503,2.4669438026719877,12017302.332008503,0
6.333062596680633e-08,0.28910976335362226,"[np.float64(7.1412978210581715), 4.0]",0.7111294752843554,2.459721411810445,11228840.145320557,0
6.731902819268592e-08,0.2873787413526099,"[np.float64(7.4134065001049665), 4.0]",0.704755213245443,2.452356809443736,10468885.724675586,0
5.869592158544566e-08,0.29126461309573026,"[np.float64(6.830715147626587), 4.0]",0.7191379199917647,2.469019193057293,12251923.141625624,0
6.120664718074982e-08,0.290076627865346,"[np.float64(6.998334177139596), 4.0]",0.714712683493168,2.4638754550916064,11677043.530624123,0
5.984938799523744e-08,0.2907124893396106,"[np.float64(6.907556703830907), 4.0]",0.7170781628862681,2.466623173002302,11981378.371710839,0
5.743825074790376e-08,0.2918795444706186,"[np.float64(6.747209726144168), 4.0]",0.7214383413749098,2.471698873874088,12560242.207606558,0
6.200712082178674e-08,0.28970831402751224,"[np.float64(7.05207542593479), 4.0]",0.7133457713242671,2.4622896091843742,11504255.670481429,0
6.951999998521373e-08,0.286466101832091,"[np.float64(7.56602631051402), 4.0]",0.7014155749914084,2.4485116057554888,10089407.007200705,0
6.421634852839663e-08,0.2887161770338598,"[np.float64(7.201284263757843), 4.0]",0.7096755414035778,2.4580387171043383,11051321.940078197,0
6.042010142137511e-08,0.2904433384423306,"[np.float64(6.945677477075009), 4.0]",0.7160760194108513,2.4654585753325264,11851618.957354506,0
6.110381245568689e-08,0.2901242985509365,"[np.float64(6.991441536817447), 4.0]",0.7148897768561474,2.4640810177801624,11699593.660781687,0
5.422308609189712e-08,0.2935178861900391,"[np.float64(6.534749628871092), 4.0]",0.7276000989400517,2.478895267285227,13418640.497645548,0
5.8043175883883915e-08,0.2915820444656092,"[np.float64(6.7873413029086755), 4.0]",0.7203245745629914,2.470401001142409,12410150.953903858,0
6.199700581774506e-08,0.28971293799568343,"[np.float64(7.0513953334758925), 4.0]",0.7133629173240144,2.462309492490263,11506409.187261628,0
5.7476918277049415e-08,0.2918604306475727,"[np.float64(6.749773221753651), 4.0]",0.7213667367143624,2.471615405739694,12550546.520904979,0
6.295225444258264e-08,0.2892795845622284,"[np.float64(7.115741492926397), 4.0]",0.7117576450201399,2.4604489324652987,11306309.064265814,0
5.80296070877557e-08,0.2915886821744493,"[np.float64(6.786440467797832), 4.0]",0.7203494073887426,2.4704299289564946,12413480.696145141,0
5.997909410547755e-08,0.29065108914710547,"[np.float64(6.916214274953957), 4.0]",0.7168494357724841,2.466357301037566,11951654.930163711,0
6.552780547058564e-08,0.28814323699371275,"[np.float64(7.2905484185547955), 4.0]",0.7075639111423612,2.4555978426722542,10797918.62494121,0
6.636933350137744e-08,0.287781546102687,"[np.float64(7.3481265901312), 4.0]",0.7062338158587557,2.4540622059440715,10640965.919058058,0
5.687776897679177e-08,0.2921581133896111,"[np.float64(6.710077693914278), 4.0]",0.722482659291438,2.472916637190774,12702373.392779129,0
5.975357780169163e-08,0.29075793164694297,"[np.float64(6.901163870817595), 4.0]",0.7172474867919713,2.46682002010834,12003423.279060386,0
6.97508596594444e-08,0.28637199848956874,"[np.float64(7.5821494148458495), 4.0]",0.7010720440054339,2.4481166025419583,10051088.222114943,0
5.6301339808392536e-08,0.29244761597244734,"[np.float64(6.671936154025533), 4.0]",0.7235694277317216,2.474184736728686,12851726.623100061,0
6.039637619986553e-08,0.29045447541305613,"[np.float64(6.944091338944504), 4.0]",0.7161174609134967,2.4655067197539444,11856960.731281277,0
6.871520525574698e-08,0.28679652321651267,"[np.float64(7.509994818317808), 4.0]",0.7026230196468598,2.4499007580940066,10225146.19627213,0
5.661899829681473e-08,0.292287695374766,"[np.float64(6.692949543505237), 4.0]",0.7229689149145975,2.473483921338597,12769016.348974692,0
6.040094165370675e-08,0.29045233197375964,"[np.float64(6.944396550435625), 4.0]",0.7161094848452029,2.465497453502623,11855932.461298902,0
6.267404676215134e-08,0.28940510643172085,"[np.float64(7.096975947947091), 4.0]",0.7122222765980052,2.460987248564805,11363910.795498751,0
5.902784203114212e-08,0.29110459682927076,"[np.float64(6.852800403949102), 4.0]",0.7185404072220382,2.4683238088591684,12172906.58945228,0
6.256827976241931e-08,0.28945297378644214,"[np.float64(7.089847336721022), 4.0]",0.7123995352128852,2.4611926624685236,11385953.68001115,0
6.211875055296374e-08,0.2896573343080559,"[np.float64(7.059582713910201), 4.0]",0.7131567598574693,2.4620704376814224,11480539.346157921,0
6.167285692629613e-08,0.2898615253696803,"[np.float64(7.029614639788816), 4.0]",0.7139140900030142,2.4629487790506537,11575823.232191063,0
5.8754792517530975e-08,0.29123616381976664,"[np.float64(6.834630786680739), 4.0]",0.7190316551306284,2.4688955028799437,12237838.384266052,0
5.965621728326789e-08,0.29080418596855084,"[np.float64(6.894669545146049), 4.0]",0.7174198738316719,2.4670204503495614,12025902.856446961,0
5.98291951350491e-08,0.2907220605016642,"[np.float64(6.906209197386894), 4.0]",0.7171138232398763,2.4666646280727336,11986018.224399898,0
6.434499897501332e-08,0.28865946070462306,"[np.float64(7.210016805135936), 4.0]",0.7094662512882378,2.457796635372413,11025973.464755828,0
6.700535975604672e-08,0.28751116189574955,"[np.float64(7.3918092465219), 4.0]",0.7052409862114717,2.452916893943719,10525142.89571931,0
5.8176724429191293e-08,0.2915167997027509,"[np.float64(6.7962092932177045), 4.0]",0.7200805241051003,2.4701167302856653,12377467.641402408,0
5.8368972449650467e-08,0.2914231495637882,"[np.float64(6.808980509907823), 4.0]",0.7197303541541774,2.469708927487379,12330701.123358347,0
7.126883070603217e-08,0.2857605653204649,"[np.float64(7.688746743230473), 4.0]",0.6988437035151832,2.4455568343779976,9805741.115604319,0
5.731960901624493e-08,0.2919382742428831,"[np.float64(6.739345726826077), 4.0]",0.7216583968347438,2.471955411486565,12590078.844226219,0
5.985840088673005e-08,0.29070821841183486,"[np.float64(6.9081581781191765), 4.0]",0.7170622507329881,2.4666046754727597,11979308.50324391,0
7.059507314664199e-08,0.28603040281889036,"[np.float64(7.641305783931591), 4.0]",0.6998263153589582,2.4466850672586595,9913245.842316221,0
6.844845910500657e-08,0.2869068655014376,"[np.float64(7.491481953727912), 4.0]",0.7030266612206514,2.4503654173348064,10270890.980060492,0
6.404704009656507e-08,0.2887909907359895,"[np.float64(7.189799631865147), 4.0]",0.709951699187323,2.458358196625169,11084847.919855686,0
6.151972704956378e-08,0.2899319946012191,"[np.float64(7.0193344765091386), 4.0]",0.7141756256527345,2.4632522072461596,11608888.073858881,0
5.775273696082372e-08,0.2917244770521489,"[np.float64(6.768065735185533), 4.0]",0.7208576111950061,2.4710220358579824,12481791.32504138,0
6.066710828052803e-08,0.29032765454765425,"[np.float64(6.962198482752801), 4.0]",0.7156456803641186,2.464958708391497,11796271.499457892,0
6.199725030543026e-08,0.2897128262216917,"[np.float64(7.0514117715412), 4.0]",0.7133625028537435,2.462309011848409,11506357.12615243,0
5.927892845045028e-08,0.290984165414808,"[np.float64(6.869521114281604), 4.0]",0.7180910060650648,2.4678009713738245,12113764.955540625,0
6.168479199310891e-08,0.28985604040151797,"[np.float64(7.030416128905749), 4.0]",0.7138937370584121,2.462925168195575,11573253.536109263,0
5.9072669306698334e-08,0.2910830571446241,"[np.float64(6.8557847114252715), 4.0]",0.7184600110220364,2.4682302641375338,12162308.212142518,0
6.035952301083387e-08,0.29047178372215693,"[np.float64(6.941627784222017), 4.0]",0.716181870771868,2.4655815501064735,11865267.236179473,0
6.350917363547879e-08,0.2890299808467095,"[np.float64(7.153371598940833), 4.0]",0.710834533975235,2.4593799296974477,11192627.667542726,0
6.293960655524772e-08,0.28928527891320177,"[np.float64(7.114887910410067), 4.0]",0.7117787172314453,2.460473342803627,11308915.898714006,0
6.235732027947837e-08,0.28954869277228973,"[np.float64(7.075637804209103), 4.0]",0.7127541149498503,2.461603636077828,11430159.47053799,0
6.019115169613554e-08,0.29055099805805895,"[np.float64(6.930376330150372), 4.0]",0.7164767205883948,2.4659241419822138,11903356.23091915,0
6.126070361219412e-08,0.29005160181094414,"[np.float64(7.001958398195059), 4.0]",0.7146197294222795,2.4637675674277753,11665222.35764906,0
5.4228129674359324e-08,0.29351523666263307,"[np.float64(6.535082040978353), 4.0]",0.7275900954821467,2.4788835624177152,13417208.003509164,0
5.6078329519320416e-08,0.2925604533001043,"[np.float64(6.657191741998574), 4.0]",0.7239934135126873,2.4746796955842334,12910395.507827193,0
6.131737089622117e-08,0.2900253911352566,"[np.float64(7.00575841903031), 4.0]",0.7145223871484075,2.4636545936599807,11652854.267964736,0
6.874565943618874e-08,0.28678395190965666,"[np.float64(7.512110244003145), 4.0]",0.7025770461536218,2.4498478435604696,10219947.730747562,0
6.417307613121153e-08,0.28873527941253874,"[np.float64(7.198348155957513), 4.0]",0.7097460441738287,2.458120274106715,11059872.565912936,0
5.718935744898178e-08,0.29200289713346433,"[np.float64(6.730714672901303), 4.0]",0.7219006040855851,2.472237813981789,12622988.546944028,0
6.257103538462147e-08,0.2894517256295361,"[np.float64(7.0900330251338675), 4.0]",0.7123949126255327,2.4611873053308853,11385378.366307536,0
6.132710676853241e-08,0.29002089042054274,"[np.float64(7.006411369696687), 4.0]",0.7145056734280926,2.463635196733686,11650731.806489084,0
6.215981822493826e-08,0.2896386026019539,"[np.float64(7.062345395829332), 4.0]",0.7130873220102496,2.4619899267717265,11471837.311843392,0
6.160538179202371e-08,0.28989255501445405,"[np.float64(7.025084072976238), 4.0]",0.7140292409588032,2.463082368304359,11590371.168696357,0
5.811777173808869e-08,0.2915455817034031,"[np.float64(6.79229429611386), 4.0]",0.7201881749450976,2.470242116986577,12391875.211435666,0
5.6026410331786756e-08,0.2925867906073248,"[np.float64(6.6537599898406565), 4.0]",0.7240924084652446,2.4747952802730433,12924126.392842066,0
6.020937741170826e-08,0.29054241239195844,"[np.float64(6.931593969084204), 4.0]",0.7164447578646569,2.4658870006838507,11899222.158795113,0
6.168524900623259e-08,0.28985583039456614,"[np.float64(7.030446819935148), 4.0]",0.7138929578009925,2.4629242642081963,11573155.159491401,0
6.848855544419959e-08,0.2868902526723774,"[np.float64(7.494262915823551), 4.0]",0.7029658765277284,2.4502954352042785,10263990.413704421,0
6.211148824545617e-08,0.28966064808094,"[np.float64(7.05909421350012), 4.0]",0.7131690445518887,2.462084681770813,11482079.478333242,0
5.7804278324559416e-08,0.2916991467111269,"[np.float64(6.771485361890678), 4.0]",0.7207627891690054,2.47091154463604,12469021.49910197,0
6.346399725011576e-08,0.2890501462499517,"[np.float64(7.1503158062891305), 4.0]",0.7109090712331653,2.4594662222326558,11201769.539214905,0
5.422160991838083e-08,0.29351866171252927,"[np.float64(6.534652337721152), 4.0]",0.7276030269979016,2.478898693366599,13419059.81938113,0
5.5771929266091276e-08,0.29271625435614257,"[np.float64(6.6369440996363505), 4.0]",0.724579208002485,2.475363760021685,12991826.130766848,0
6.318440882676954e-08,0.2891752675510979,"[np.float64(7.131417096961708), 4.0]",0.7113717157736706,2.460001928235338,11258659.042359855,0
6.561170083057775e-08,0.2881069734203678,"[np.float64(7.296277781259224), 4.0]",0.7074304511084882,2.4554436940903157,10782077.61958819,0
5.63573975034753e-08,0.2924193259625893,"[np.float64(6.675643441899327), 4.0]",0.7234631636738973,2.474060704751278,12837057.701773483,0
6.413337013090656e-08,0.2887528187379867,"[np.float64(7.195654535904293), 4.0]",0.7098107836791692,2.458195167692022,11067729.361958224,0
6.222988342836548e-08,0.2896066734701312,"[np.float64(7.067059797888036), 4.0]",0.7129689759389798,2.4618527169834445,11457019.307447327,0
6.575447277598175e-08,0.28804536581495405,"[np.float64(7.306033375767167), 4.0]",0.7072037706573313,2.4551819073932015,10755219.239103274,0
6.20495096312591e-08,0.28968894472799883,"[np.float64(7.054925766285801), 4.0]",0.7132739526835431,2.4622063273876953,11495239.155350428,0
5.77426626194166e-08,0.2917294308978802,"[np.float64(6.767397381286528), 4.0]",0.7208761568354463,2.4710436469050965,12484290.196085343,0
6.133573871826402e-08,0.29001690063645424,"[np.float64(7.0069903033500935), 4.0]",0.7144908573828262,2.463618002312438,11648850.609996345,0
5.6298972128803176e-08,0.29244881149254753,"[np.float64(6.671779580303833), 4.0]",0.7235739187054586,2.474189978795306,12852346.878554648,0
5.979820373670153e-08,0.29073675648577,"[np.float64(6.9041412505979665), 4.0]",0.71716858086832,2.466728285535584,11993145.881540136,0
6.329620965096454e-08,0.28912516793340914,"[np.float64(7.138971567270854), 4.0]",0.7111864360535394,2.4597873686919525,11235845.55813449,0
6.912187263754684e-08,0.28662909561679256,"[np.float64(7.538274266377531), 4.0]",0.7020109591804555,2.449196435099547,10156133.397333985,0
5.781794100169322e-08,0.2916924360338064,"[np.float64(6.77239191574823), 4.0]",0.7207376702134332,2.470882275911678,12465640.555970786,0
5.935467199383928e-08,0.2909479388322746,"[np.float64(6.874567560875893), 4.0]",0.7179558733472851,2.467643786131689,12096029.667585483,0
6.585597932705952e-08,0.28800164496917363,"[np.float64(7.312973511943282), 4.0]",0.707042943381228,2.4549961978755594,10736199.667912487,0
5.63682754644789e-08,0.29241383972026413,"[np.float64(6.676362886692977), 4.0]",0.7234425576816408,2.474036654262731,12834214.843729364,0
6.114346651015809e-08,0.29010590661198504,"[np.float64(6.994099106546616), 4.0]",0.714821447307558,2.4640017008120676,11690888.464572106,0
6.681571410669738e-08,0.28759151872135835,"[np.float64(7.378768993678528), 4.0]",0.7055359170562129,2.453257036900982,10559430.91365527,0
6.407698369762043e-08,0.28877774494822783,"[np.float64(7.1918301519257195), 4.0]",0.7099027982284214,2.458301620007778,11078904.7371277,0
6.373878638968009e-08,0.28892771019074615,"[np.float64(7.16891210601216), 4.0]",0.7104566213507169,2.4589424838541207,11146378.23517999,0
6.121476463895691e-08,0.2900728683590859,"[np.float64(6.998878368547303), 4.0]",0.7146987188854411,2.4638592465693963,11675266.957256401,0
6.346063954239586e-08,0.28905164560605345,"[np.float64(7.150088709893777), 4.0]",0.7109146135788897,2.4594726388369725,11202449.56094324,0
6.212048660893277e-08,0.28965654220806913,"[np.float64(7.059699492050188), 4.0]",0.7131538234427303,2.4620670329291237,11480171.234527653,0
6.078692759312065e-08,0.2902717111694605,"[np.float64(6.970217554809241), 4.0]",0.7154376580942442,2.464717127314456,11769597.287151117,0
6.090945369169024e-08,0.29021462021552835,"[np.float64(6.978421200184193), 4.0]",0.7152254255111197,2.464470690621845,11742437.046495732,0
6.116757018049298e-08,0.2900947330258374,"[np.float64(6.995714689976714), 4.0]",0.7147799382213369,2.463953518789584,11685602.944700398,0
6.033064865181984e-08,0.2904853522827133,"[np.float64(6.939697806350328), 4.0]",0.7162323675032695,2.46564021860283,11871782.974467734,0
5.7490012960392417e-08,0.2918539608228292,"[np.float64(6.75064139769737), 4.0]",0.7213425007715083,2.471587155225902,12547266.275074163,0
6.07933956165033e-08,0.2902686944651592,"[np.float64(6.970650529833824), 4.0]",0.7154264422187908,2.464704102993315,11768160.586584792,0
6.375341962507482e-08,0.2889212049873604,"[np.float64(7.169903027622668), 4.0]",0.7104325893925906,2.458914669913793,11143442.870524403,0
5.813745195302265e-08,0.29153597002484793,"[np.float64(6.793601175692449), 4.0]",0.7201522235779177,2.4702002415569453,12387062.029478503,0
6.982956238519367e-08,0.2863399859359636,"[np.float64(7.587651183396759), 4.0]",0.7009552149160653,2.4479822914876626,10038086.892904436,0
5.633255516085062e-08,0.29243185922921083,"[np.float64(6.674000481588094), 4.0]",0.7235102398700851,2.474115651342185,12843554.456285382,0
5.992606461201956e-08,0.2906761757397,"[np.float64(6.912674254498723), 4.0]",0.7169428799423192,2.4664659156116744,11963790.457191471,0
6.115252293739497e-08,0.29010170785553124,"[np.float64(6.994706110471047), 4.0]",0.7148058489648621,2.463983594749572,11688902.02120763,0
5.6992002976380866e-08,0.29210110546671003,"[np.float64(6.7176419310613396), 4.0]",0.722268831951106,2.4726672321115917,12673161.044198344,0
6.238488533191812e-08,0.28953616708522384,"[np.float64(7.0774938217265255), 4.0]",0.7127077058581746,2.4615498403292455,11424365.085648883,0
6.302372246226996e-08,0.2892474297334121,"[np.float64(7.120565573088697), 4.0]",0.7116386652588728,2.460311111199024,11291600.011168893,0
6.879233785572631e-08,0.2867646937820019,"[np.float64(7.515353378808904), 4.0]",0.702506624163872,2.449766792762558,10211989.388079721,0
6.196636730590232e-08,0.2897269487326021,"[np.float64(7.049335482517889), 4.0]",0.7134148724194943,2.462369743443945,11512936.830678815,0
6.156861170001908e-08,0.2899094789198145,"[np.float64(7.022615648958874), 4.0]",0.714092052682858,2.4631552419173137,11598313.376987137,0
5.783180443922086e-08,0.2916856284330052,"[np.float64(6.773311821991092), 4.0]",0.7207121892766217,2.4708525858762216,12462211.688968899,0
6.588332854796469e-08,0.28798987650294433,"[np.float64(7.314844014892294), 4.0]",0.7069996587413329,2.454946220076957,10731085.910855576,0
5.99412987026065e-08,0.29066896663863256,"[np.float64(6.913691155762835), 4.0]",0.7169160258763831,2.4664347011893852,11960301.851871764,0
6.003280933708481e-08,0.290625701327094,"[np.float64(6.919800681446514), 4.0]",0.7167548808848484,2.4662474021117413,11939385.959105507,0
6.621853522120345e-08,0.2878460259329891,"[np.float64(7.337790826759361), 4.0]",0.70647076906101,2.454335670506972,10668776.751117188,0
5.7547926349503955e-08,0.2918253653402016,"[np.float64(6.754481372660169), 4.0]",0.7212353910841327,2.4714623084368874,12532778.100532714,0
5.81660754007057e-08,0.2915219965542671,"[np.float64(6.795502056201035), 4.0]",0.7200999603552747,2.4701393680981716,12380067.85561018,0
7.207889565069885e-08,0.2854393240188893,"[np.float64(7.746065399086936), 4.0]",0.6976755483478349,2.444216650056477,9679331.821742062,0
5.640263799767714e-08,0.29239651644181275,"[np.float64(6.678635653071867), 4.0]",0.7233774960179364,2.4739607188921124,12825242.252813205,0
6.189201068050193e-08,0.2897609805929864,"[np.float64(7.044337426987401), 4.0]",0.7135410849106266,2.4625161174233607,11528807.629050191,0
6.176093728318137e-08,0.2898210718255191,"[np.float64(7.035530439659037), 4.0]",0.7137639924179648,2.4627746627328464,11556884.07294194,0
6.25404614657638e-08,0.2894655771683494,"[np.float64(7.087972907019526), 4.0]",0.7124462137575075,2.4612467593794687,11391764.58023928,0
5.715041212531962e-08,0.29202224923312853,"[np.float64(6.728134479224278), 4.0]",0.7219731503841009,2.4723224078988997,12632859.913607547,0
5.701833317652968e-08,0.2920879824281835,"[np.float64(6.719385708198467), 4.0]",0.7222196177705028,2.4726098340868132,12666445.641869243,0
6.229152958206276e-08,0.28957861098853255,"[np.float64(7.071208778972015), 4.0]",0.7128649764943628,2.4617321495564206,11444011.429438982,0
5.6280196109228546e-08,0.29245829399539025,"[np.float64(6.6705379553861945), 4.0]",0.7236095406481641,2.474231558840898,12857267.576747306,0
6.008229387764187e-08,0.29060233368607463,"[np.float64(6.923105162688989), 4.0]",0.7166678600485892,2.466146265785928,11928104.168394264,0
6.209351236703754e-08,0.2896688521158327,"[np.float64(7.057885121611549), 4.0]",0.7131994590727653,2.462119947876105,11485893.322590793,0
5.9156689074624756e-08,0.2910427306650845,"[np.float64(6.861379242737113), 4.0]",0.7183095157645479,2.468055168816904,12142490.173147073,0
7.106000477821105e-08,0.2858439388895749,"[np.float64(7.674020561269813), 4.0]",0.6991471733155054,2.445905188794627,9838828.121355306,0
5.729046912748445e-08,0.2919527183796979,"[np.float64(6.737414562504549), 4.0]",0.7217125271702669,2.472018521271813,12597427.42836144,0
5.9539657184419344e-08,0.2908596637979891,"[np.float64(6.886897091157537), 4.0]",0.7176266861862782,2.4672609354478654,12052919.35026577,0
6.542600721086956e-08,0.2881873007739907,"[np.float64(7.283599593086569), 4.0]",0.707726109030257,2.455785203336518,10817198.530077484,0
6.746213964718562e-08,0.2873185245913712,"[np.float64(7.423272449851162), 4.0]",0.7045344144638614,2.4521022981927847,10443404.52509281,0
6.248711956027195e-08,0.2894897601277124,"[np.float64(7.084379247396419), 4.0]",0.7125357868457489,2.4613505725777793,11402922.584045062,0
6.098313212499031e-08,0.29018034614278315,"[np.float64(6.98335596652096), 4.0]",0.7150980410658734,2.464322792950318,11726161.2539057,0
6.544099033477206e-08,0.28818081101335974,"[np.float64(7.284622135863161), 4.0]",0.7077022182214536,2.4557576048623355,10814356.790768433,0
6.176693594613805e-08,0.28981831888803977,"[np.float64(7.035933402674497), 4.0]",0.71375377904996,2.4627628156441395,11555596.341582604,0
6.351892634585734e-08,0.28902562941255633,"[np.float64(7.154031363202804), 4.0]",0.7108184507309798,2.4593613105374637,11190655.944979444,0
6.087749431529236e-08,0.2902295003684969,"[np.float64(6.976281048098845), 4.0]",0.7152807361523074,2.464534912006305,11749510.130094655,0
6.158419261508531e-08,0.2899023063520257,"[np.float64(7.023661575127886), 4.0]",0.7140654316544195,2.4631243560626817,11594946.711690852,0
6.179267938815469e-08,0.28980650765115246,"[np.float64(7.037662833424798), 4.0]",0.7137099610033343,2.4627119894162117,11550073.05185974,0
6.166855018818538e-08,0.2898635048707056,"[np.float64(7.029325433237569), 4.0]",0.7139214354217363,2.46295730033411,11576750.762636077,0
6.255568790938652e-08,0.28945867796203917,"[np.float64(7.088998857005032), 4.0]",0.7124206611503675,2.4612171456258682,11388583.276109546,0
6.30377084464414e-08,0.28924114146276564,"[np.float64(7.121509791414833), 4.0]",0.711615399430824,2.460284162315239,11288725.700354926,0
6.194944718934825e-08,0.2897346891681271,"[np.float64(7.048198032987595), 4.0]",0.7134435772487404,2.462403032571442,11516544.692773495,0
5.930738417632338e-08,0.2909705500393288,"[np.float64(6.8714168563376745), 4.0]",0.7180402151495282,2.4677418902101085,12107096.361133784,0
7.322871479879242e-08,0.28498914455770774,"[np.float64(7.827972759707578), 4.0]",0.6960415268457663,2.442343998491578,9505035.405281268,0
6.153934480829209e-08,0.2899229567162836,"[np.float64(7.020651163568909), 4.0]",0.7141420780549143,2.4632132830853,11604642.205399098,0
5.968936624325451e-08,0.29078842876350935,"[np.float64(6.896880490276935), 4.0]",0.7173611434429572,2.4669521634451566,12018240.242650023,0
6.249003086180453e-08,0.2894884397296283,"[np.float64(7.084575362962114), 4.0]",0.7125308958584392,2.4613449038722144,11402313.073491469,0
6.772820302661015e-08,0.2872069040745072,"[np.float64(7.441635163250081), 4.0]",0.7041252988453015,2.4516308238280975,10396338.11882848,0
6.200001119998989e-08,0.28971156403691795,"[np.float64(7.051597400627046), 4.0]",0.7133578225488475,2.462303584326183,11505769.252973357,0
5.748220785465052e-08,0.2918578169869187,"[np.float64(6.750123916873233), 4.0]",0.7213569458604328,2.4716039930250164,12549221.27703333,0
6.22748763675596e-08,0.2895861890751798,"[np.float64(7.070087866603936), 4.0]",0.7128930594888445,2.461764705580519,11447522.678025045,0
6.188846725068858e-08,0.2897626033988323,"[np.float64(7.044099282197976), 4.0]",0.713547103849475,2.4625230981492154,11529564.966589732,0
6.079677924193833e-08,0.29026711646317954,"[np.float64(6.970877036456927), 4.0]",0.7154205753922451,2.464697290238856,11767409.13437631,0
6.92740867676038e-08,0.28656667246790113,"[np.float64(7.548876728544515), 4.0]",0.7017828852109931,2.448934061896542,10130525.250593178,0
6.587068256647746e-08,0.28799531751407825,"[np.float64(7.3139790829483395), 4.0]",0.7070196705819092,2.4549693261847825,10733449.89052416,0
5.83719108210791e-08,0.2914217206696923,"[np.float64(6.809175759011686), 4.0]",0.7197250125385038,2.469702707418524,12329988.900733378,0
6.107205978684616e-08,0.290139034513166,"[np.float64(6.989313777892221), 4.0]",0.7149445280566402,2.464144575569673,11706573.031136354,0
5.7560427455716505e-08,0.2918191966877207,"[np.float64(6.755310334150794), 4.0]",0.7212122871545634,2.4714353796482467,12529654.817268692,0
6.204840955039244e-08,0.2896894472337263,"[np.float64(7.054851787968402), 4.0]",0.7132758158208036,2.462208487854653,11495472.98616121,0
6.026154510103159e-08,0.2905178522341549,"[np.float64(6.935079631796225), 4.0]",0.716353332475851,2.465780766885459,11887404.003246974,0
7.03527105219712e-08,0.2861280687990308,"[np.float64(7.624290637037096), 4.0]",0.7001822764284805,2.447093986155797,9952456.291073719,0
5.948978579221878e-08,0.2908834346484465,"[np.float64(6.883572413388455), 4.0]",0.7177153167095075,2.4673640063997384,12064513.380772404,0
5.989085367886338e-08,0.29069284551059904,"[np.float64(6.910324052789699), 4.0]",0.7170049787340199,2.4665380996034076,11971861.055422967,0
6.19931101721473e-08,0.2897147190529927,"[np.float64(7.051133412836955), 4.0]",0.7133695217103102,2.462317151307129,11507238.783945024,0
6.678399637557975e-08,0.2876049800015861,"[np.float64(7.376589324031643), 4.0]",0.7055853345299112,2.4533140369336444,10565185.865215993,0
5.856124280995828e-08,0.29132980744375486,"[np.float64(6.821759750038783), 4.0]",0.7193814905476906,2.469302735823134,12284259.281897627,0
5.973083924226624e-08,0.2907687274175423,"[np.float64(6.899646945073908), 4.0]",0.7172877185899574,2.466866794653389,12008666.338684158,0
6.713816349901865e-08,0.2874550226503073,"[np.float64(7.4009488356868705), 4.0]",0.7050350070819235,2.452679381217866,10501255.475840189,0
5.6919743194020537e-08,0.2921371524752234,"[np.float64(6.712856882732496), 4.0]",0.7224040316353638,2.4728249232066846,12691624.92832984,0
6.016783841801307e-08,0.290561984225352,"[np.float64(6.928818902171259), 4.0]",0.7165176217972145,2.4659716710961845,11908648.218658678,0
6.214179292833993e-08,0.2896468227231298,"[np.float64(7.061132753996606), 4.0]",0.7131177929821119,2.4620252564060516,11475655.261579886,0
5.835655414551519e-08,0.2914291892559382,"[np.float64(6.808155354454222), 4.0]",0.7197529326541021,2.4697352193571884,12333712.008755,0
6.28120874164572e-08,0.2893427552023699,"[np.float64(7.10628435070182), 4.0]",0.7119914427922625,2.46071978644942,11335261.604531802,0
6.266305723567758e-08,0.2894100762084838,"[np.float64(7.096235121690167), 4.0]",0.7122406784111578,2.461008572134432,11366197.402919553,0
5.797154246189393e-08,0.29161710496739524,"[np.float64(6.782585897111844), 4.0]",0.7204557508459352,2.4705538137980176,12427748.51677455,0
6.211790998838104e-08,0.28965771783553185,"[np.float64(7.059526172483731), 4.0]",0.7131581816462483,2.4620720862379395,11480717.586596882,0
6.090398232378185e-08,0.2902171670969325,"[np.float64(6.9780547944702525), 4.0]",0.7152348921829178,2.464481682243247,11743647.375643482,0
5.774631684813096e-08,0.29172763390386836,"[np.float64(6.767639808919229), 4.0]",0.7208694294046967,2.4710358074691046,12483383.681430906,0
5.880826577626284e-08,0.29121034847003563,"[np.float64(6.83818797118767), 4.0]",0.7189352410146105,2.4687832860053254,12225071.280792622,0
5.963688374991732e-08,0.2908133802278847,"[np.float64(6.893380155489178), 4.0]",0.717454144780062,2.467060299006382,12030376.164332306,0
5.956981744528009e-08,0.2908452980520724,"[np.float64(6.888907970365534), 4.0]",0.7175731277957537,2.467198653723055,12045917.858568313,0
6.515653027808675e-08,0.2883042734517523,"[np.float64(7.265221442232495), 4.0]",0.7081568477160022,2.456282868226413,10868547.553002026,0
5.629195552843052e-08,0.29245235471678227,"[np.float64(6.671315579572209), 4.0]",0.7235872289840721,2.474205515236186,12854185.330595257,0
5.885546110354198e-08,0.29118758405635325,"[np.float64(6.841327974125874), 4.0]",0.7188502311978282,2.468684348363939,12213823.793397604,0
7.145337712582518e-08,0.28568707814146904,"[np.float64(7.701777621773214), 4.0]",0.6985763187634041,2.4452499682798985,9776673.221942363,0
5.79584486523751e-08,0.2916235185054486,"[np.float64(6.7817167541832974), 4.0]",0.7204797489840751,2.4705817715816836,12430970.21635948,0
6.095784006440232e-08,0.29019210686078717,"[np.float64(6.981661835105891), 4.0]",0.7151417491068071,2.464373538077931,11731743.584602991,0
6.707813350478576e-08,0.28748038525994596,"[np.float64(7.396816750182656), 4.0]",0.7051280576099258,2.4527866726362353,10512040.523006171,0
6.72172217866931e-08,0.28742165442854006,"[np.float64(7.406392744169903), 4.0]",0.7049126025793763,2.452538254227586,10487083.2777996,0
5.7262752931107725e-08,0.29196646392317543,"[np.float64(6.73557786984755), 4.0]",0.7217640429227853,2.472078584726435,12604424.446570579,0
6.350266490430781e-08,0.28903288526499266,"[np.float64(7.152931303017078), 4.0]",0.7108452691193519,2.4593923576122867,11193943.910708705,0
6.525009660602101e-08,0.28826360459776706,"[np.float64(7.2715998994676685), 4.0]",0.7080070621275631,2.4561097926860778,10850666.879506677,0
6.194669248773091e-08,0.2897359495624633,"[np.float64(7.048012855965968), 4.0]",0.7134482514271283,2.4624084532986754,11517132.275761664,0
5.8562207638816025e-08,0.29132933984512055,"[np.float64(6.821823894098452), 4.0]",0.7193797432991375,2.4693007016786614,12284027.059497675,0
6.652687997533907e-08,0.2877143345205541,"[np.float64(7.358933450281215), 4.0]",0.7059869011150216,2.453777293687765,10612054.877317632,0
6.774489810663855e-08,0.28719991431180747,"[np.float64(7.442788296480312), 4.0]",0.7040996869272664,2.451601312676016,10393397.976906387,0
5.953127364245715e-08,0.29086365832281935,"[np.float64(6.886338166904167), 4.0]",0.7176415792264574,2.4672782545764873,12054866.8845318,0
6.327240252630845e-08,0.2891358288103991,"[np.float64(7.137362603350077), 4.0]",0.7112258586999757,2.4598330190561137,11240696.264129538,0
6.182194384857473e-08,0.2897930870077121,"[np.float64(7.039629007354403), 4.0]",0.7136601752610796,2.4626542428256313,11543800.32127593,0
6.034097395666538e-08,0.2904804994805283,"[np.float64(6.940387934233144), 4.0]",0.716214306949937,2.4656192351319848,11869452.214415617,0
6.009463018784808e-08,0.2905965112920505,"[np.float64(6.92392903923453), 4.0]",0.7166461790179952,2.466121068803071,11925294.768897846,0
6.272143137057184e-08,0.2893836878160793,"[np.float64(7.100170616339921), 4.0]",0.71214297390214,2.4608953575667663,11354061.256903475,0
5.565963868965273e-08,0.2927735782286299,"[np.float64(6.62952649839207), 4.0]",0.7247948481696755,2.475615636338863,13021910.76393776,0
6.0232251535503e-08,0.29053164074489857,"[np.float64(6.933122265047386), 4.0]",0.7164046590095249,2.4658404061351935,11894037.508912496,0
6.118903425825576e-08,0.2900847868302436,"[np.float64(6.997153467533541), 4.0]",0.7147429906548338,2.463910632697531,11680900.006334044,0
5.775344527708105e-08,0.2917241287863039,"[np.float64(6.7681127270620935), 4.0]",0.7208563074135917,2.4710205165841432,12481615.66734543,0
6.360803935364301e-08,0.2889859002317095,"[np.float64(7.160061078089048), 4.0]",0.7106716238961688,2.459191342298537,11172669.85616444,0
6.226327948638462e-08,0.2895914674744984,"[np.float64(7.069307334377257), 4.0]",0.712912620861732,2.4617873830295487,11449969.014523683,0
6.108793197779636e-08,0.2901316674800612,"[np.float64(6.990377349856552), 4.0]",0.7149171555004811,2.4641127999225128,11703083.282641359,0
6.210439325798134e-08,0.2896638858846599,"[np.float64(7.058616981103876), 4.0]",0.7131810478027683,2.4620985996395386,11483584.500056507,0
5.832075665493828e-08,0.29144660696060165,"[np.float64(6.805776881260641), 4.0]",0.7198180497982974,2.469811048085401,12342399.020252546,0
6.015481556275976e-08,0.2905681230236747,"[np.float64(6.927948970288243), 4.0]",0.7165404773079893,2.465998230816281,11911606.25470491,0
6.388128110814103e-08,0.2888644276593879,"[np.float64(7.178564144737285), 4.0]",0.710222870272681,2.458671966041227,11117855.77797641,0
6.021981472377693e-08,0.2905374968407272,"[np.float64(6.932291306335256), 4.0]",0.7164264588327754,2.4658657372047257,11896855.91227674,0
6.318470300231804e-08,0.2891751356098458,"[np.float64(7.131436969986661), 4.0]",0.7113712277672324,2.460001363073664,11258598.900767714,0
6.593414860276986e-08,0.28796802124839244,"[np.float64(7.318320445077461), 4.0]",0.7069192811204816,2.454853417597764,10721595.654164318,0
5.900276295684902e-08,0.29111665478466403,"[np.float64(6.851130970831931), 4.0]",0.7185854167475912,2.4683761816345458,12178843.510652548,0
5.797028568653493e-08,0.29161772048898055,"[np.float64(6.782502473431903), 4.0]",0.7204580539692612,2.470556496913861,12428057.675358428,0
6.871601245862622e-08,0.28679618993838357,"[np.float64(7.510050883848646), 4.0]",0.7026218008073588,2.4498993552121906,10225008.344749428,0
6.021053599075267e-08,0.2905418667051115,"[np.float64(6.931671374848507), 4.0]",0.7164427264252557,2.465884640138341,11898959.45346325,0
6.217469137072352e-08,0.2896318217790396,"[np.float64(7.063346042132203), 4.0]",0.7130621872331018,2.461960784741041,11468688.810715426,0
6.334363443850877e-08,0.289103943011509,"[np.float64(7.142177172590629), 4.0]",0.7111079547705836,2.459696493113119,11226194.40886197,0
6.507092710893664e-08,0.28834153185604583,"[np.float64(7.259388337798117), 4.0]",0.7082940978163118,2.456441475000302,10884954.76068047,0
5.8953659336117067e-08,0.2911402789981889,"[np.float64(6.847862648557714), 4.0]",0.7186736078655335,2.468478804576553,12190483.440020304,0
6.111923445560254e-08,0.29011714423280094,"[np.float64(6.99247505736448), 4.0]",0.7148631964964067,2.464050162863776,11696206.650227083,0
5.890564554787787e-08,0.2911633985229687,"[np.float64(6.844667307870371), 4.0]",0.7187599245008259,2.4685792518805414,12201885.198195912,0
6.1948063247543e-08,0.28973532237386457,"[np.float64(7.048105001173219), 4.0]",0.7134459254917354,2.4624057558682098,11516839.883126324,0
5.7538008047623274e-08,0.29183026050375843,"[np.float64(6.753823697276843), 4.0]",0.7212537257981166,2.471483678742177,12535257.133009309,0
7.155768278288978e-08,0.28564562274212246,"[np.float64(7.709149732670455), 4.0]",0.6984255235942565,2.4450769344531036,9760314.985510647,0
6.000675069744e-08,0.2906380147015674,"[np.float64(6.918060746691948), 4.0]",0.7168007396334836,2.466300701818061,11945335.004850773,0
5.991577848919998e-08,0.29068104441855946,"[np.float64(6.911987666173322), 4.0]",0.7169610164013572,2.4664869972360006,11966147.05641506,0
5.947964464946084e-08,0.29088827086037,"[np.float64(6.882896415282184), 4.0]",0.7177333499329293,2.467384978466355,12066873.535691764,0
6.677296506988897e-08,0.287609663252754,"[np.float64(7.375831328686521), 4.0]",0.7056025278732818,2.4533338688734943,10567188.788677452,0
6.4014761253382e-08,0.2888052764672248,"[np.float64(7.187611058447348), 4.0]",0.710004442867346,2.4584192212565794,11091261.280457174,0
6.0306405148719e-08,0.29049674985595075,"[np.float64(6.938077499201852), 4.0]",0.716274787202522,2.465689504470197,11877258.898721421,0
6.06371980905541e-08,0.2903416371416839,"[np.float64(6.960197213253598), 4.0]",0.7156976824645988,2.465019104770513,11802947.777959552,0
5.591782433957311e-08,0.29264195651608604,"[np.float64(6.646583757594985), 4.0]",0.7242998025243071,2.4750374524115566,12952932.469722707,0
6.09129946390609e-08,0.2902129720549502,"[np.float64(6.978658333511815), 4.0]",0.7152192994150801,2.4644635777330355,11741653.87292321,0
6.060750554412966e-08,0.29035552495833705,"[np.float64(6.958210706919092), 4.0]",0.7157493354951167,2.4650790977640913,11809582.477766944,0
6.933019189991774e-08,0.28654369703655597,"[np.float64(7.552787167655716), 4.0]",0.7016989574614105,2.4488375236252042,10121116.619356178,0
6.895077133582615e-08,0.286699422893091,"[np.float64(7.526367693104206), 4.0]",0.7022679933474478,2.449492176373583,10185063.629339796,0
6.03773062589854e-08,0.29046343036984656,"[np.float64(6.942816517782068), 4.0]",0.7161507845659385,2.4655454342533414,11861257.630375989,0
6.219300520877046e-08,0.2896234745615112,"[np.float64(7.0645782530256005), 4.0]",0.7130312473415787,2.461924912754759,11464814.16918292,0
6.523596057053211e-08,0.2882697451549739,"[np.float64(7.2706360560240935), 4.0]",0.7080296762784457,2.456135921922048,10853364.771304855,0
5.751563588095794e-08,0.2918413054793152,"[np.float64(6.752340272358817), 4.0]",0.7212950960432568,2.471531899360901,12540852.326420344,0
6.213324807027327e-08,0.2896507202987952,"[np.float64(7.060557932916582), 4.0]",0.7131322412279296,2.462042008707188,11477465.984417401,0
6.028506150409126e-08,0.29050678800307517,"[np.float64(6.936651110081428), 4.0]",0.7163121492629664,2.465732915181947,11882083.743322609,0
6.702177981679785e-08,0.28750421485521305,"[np.float64(7.39293892766261), 4.0]",0.7052154940175122,2.452887497223852,10522183.922080237,0
6.200014252443833e-08,0.2897115040013747,"[np.float64(7.051606230291259), 4.0]",0.7133575999318646,2.4623033261685037,11505741.291654024,0
5.9596022915181116e-08,0.29083282209623706,"[np.float64(6.890655321490105), 4.0]",0.7175266178818763,2.4671445702385184,12039840.626665343,0
6.188182073079556e-08,0.2897656475993815,"[np.float64(7.043652595329844), 4.0]",0.7135583948241647,2.462536193423115,11530985.778979536,0
6.838375498049115e-08,0.2869336937997303,"[np.float64(7.486995623515013), 4.0]",0.7031248334337993,2.4504784506923603,10282044.81655607,0
5.6663955978009803e-08,0.2922651379763717,"[np.float64(6.695924640015875), 4.0]",0.722884246948164,2.4733851322582505,12757391.087002495,0
5.806695205042432e-08,0.29157041730212013,"[np.float64(6.788919882756849), 4.0]",0.7202810772003289,2.4703503320571314,12404320.388210654,0
6.437587214533187e-08,0.2886458669053353,"[np.float64(7.212113172816144), 4.0]",0.7094160968928845,2.4577386279552917,11019906.577596975,0
5.3746099686162755e-08,0.29376964954221313,"[np.float64(6.503321542228363), 4.0]",0.728551220373276,2.4800084743559836,13555424.944832709,0
5.834944321548952e-08,0.29143264828462234,"[np.float64(6.807682868815983), 4.0]",0.7197658640146619,2.4697502776412197,12335436.712849248,0
6.007046688714506e-08,0.29060791684567405,"[np.float64(6.922315331580734), 4.0]",0.7166886507965755,2.4661704284442107,11930798.742467329,0
6.278244575540319e-08,0.28935613232129304,"[np.float64(7.104285105371591), 4.0]",0.7120409611838507,2.460777158830766,11341402.084874513,0
5.433964087909294e-08,0.2934567235498769,"[np.float64(6.5424320588502365), 4.0]",0.7273692075336934,2.478625123101217,13385609.396133259,0
6.424868788636934e-08,0.28870190937448154,"[np.float64(7.203478918949564), 4.0]",0.7096228867115337,2.4579778091840274,11044939.749844814,0
6.355688131736478e-08,0.2890087011532378,"[np.float64(7.156599254130639), 4.0]",0.710755885706253,2.459288882549585,11182988.701996977,0
6.228727383814864e-08,0.2895805473806184,"[np.float64(7.0709223218724135), 4.0]",0.7128721523110568,2.461740468271417,11444908.540441679,0
5.903277105913596e-08,0.29110222758638776,"[np.float64(6.853128527601815), 4.0]",0.7185315636952163,2.4683135187688805,12171740.387647206,0
6.207980471732777e-08,0.289675109783204,"[np.float64(7.0569631751401545), 4.0]",0.7132226586915873,2.4621468486725386,11488803.193553086,0
5.991082721621887e-08,0.2906833882854058,"[np.float64(6.9116571816581995), 4.0]",0.7169697477580645,2.466497146559032,11967281.726398343,0
5.910773423172814e-08,0.2910662200525264,"[np.float64(6.8581193748239215), 4.0]",0.718397172817386,2.4681571523062433,12154029.96164521,0
6.84980190910624e-08,0.286886333041998,"[np.float64(7.4949193799193), 4.0]",0.7029515356887635,2.4502789248794805,10262362.985333167,0
6.007053453913348e-08,0.2906078849060415,"[np.float64(6.9223198494363585), 4.0]",0.7166885318571868,2.4661702902139235,11930783.325896556,0
6.245093014203236e-08,0.2895061787407591,"[np.float64(7.081941589254112), 4.0]",0.7125966068420876,2.4614210651448256,11410504.298677806,0
6.2018482385228e-08,0.2897031211182174,"[np.float64(7.052839363413665), 4.0]",0.7133265160990193,2.462267280192458,11501837.656526154,0
6.010698630600865e-08,0.2905906807766646,"[np.float64(6.924754271446274), 4.0]",0.7166244683453485,2.466095837726176,11922482.100449452,0
5.7804839120373916e-08,0.29169887123342936,"[np.float64(6.7715225715348675), 4.0]",0.7207617580037102,2.470910343108346,12468882.69168576,0
7.255076084225314e-08,0.28525376781216255,"[np.float64(7.779599236244375), 4.0]",0.6970016087264869,2.4434440045169086,9607088.893829452,0
5.591097981924783e-08,0.2926454375677228,"[np.float64(6.646131465311264), 4.0]",0.7243128912189424,2.475052736987655,12954752.242950168,0
6.108587777603138e-08,0.29013262082226027,"[np.float64(6.9902396974855066), 4.0]",0.7149206976341584,2.464116911804033,11703534.821180487,0
6.321698968165775e-08,0.2891606583973278,"[np.float64(7.13361824496134), 4.0]",0.7113176832694053,2.459939354170383,11252001.825006107,0
6.290732211100492e-08,0.289299819287136,"[np.float64(7.112709294046869), 4.0]",0.7118325271458296,2.4605356785215315,11315575.091397867,0
6.424167789265494e-08,0.28870500147449185,"[np.float64(7.20300317057585), 4.0]",0.7096342977812933,2.457991008666305,11046322.590874126,0
6.167763782755893e-08,0.2898593280938345,"[np.float64(7.029935692818529), 4.0]",0.7139059365587489,2.4629393204404315,11574793.745420644,0
6.459784801760539e-08,0.2885483192922065,"[np.float64(7.22719461208054), 4.0]",0.7090562893527388,2.457322541652697,10976469.203114843,0
6.210516250374678e-08,0.28966353482059765,"[np.float64(7.058668722495739), 4.0]",0.7131797463221269,2.462097090556576,11483421.306225566,0
5.700684612765077e-08,0.2920937068243929,"[np.float64(6.718624939883833), 4.0]",0.7222410850953156,2.472634871005721,12669374.542805968,0
6.058661606191122e-08,0.2903652995648337,"[np.float64(6.956813267379661), 4.0]",0.7157856922806017,2.465121325975726,11814254.348669462,0
6.036963309103068e-08,0.2904670343900429,"[np.float64(6.942303590973757), 4.0]",0.71616419643323,2.4655610160275727,11862987.39555588,0
6.032832308121762e-08,0.29048644539761975,"[np.float64(6.939542371940594), 4.0]",0.7162364357792028,2.4656449453220226,11872308.05031597,0
6.206297103289239e-08,0.2896827964270199,"[np.float64(7.055831044873064), 4.0]",0.7132511570270063,2.4621798940921797,11492378.54966683,0
6.877494041202607e-08,0.2867718699723991,"[np.float64(7.514144531253048), 4.0]",0.7025328648819406,2.4497969935111037,10214954.177686132,0
6.157219733285026e-08,0.28990782813502985,"[np.float64(7.022856342414754), 4.0]",0.7140859257049911,2.4631481333177128,11597538.444904726,0
5.99475687212358e-08,0.29066600007607046,"[np.float64(6.914109704353662), 4.0]",0.7169049756297012,2.4664218568462752,11958866.571610352,0
6.047990227006373e-08,0.2904152868640932,"[np.float64(6.949675989155988), 4.0]",0.7159716470827941,2.4653373271560954,11838174.66975612,0
5.893765225601756e-08,0.29114798454275903,"[np.float64(6.846797321168868), 4.0]",0.7187023754284503,2.4685122809871247,12194282.397040518,0
6.21043106824255e-08,0.28966392357028964,"[np.float64(7.058611426874835), 4.0]",0.7131811875127758,2.462098761635105,11483602.01854063,0
6.506934917282304e-08,0.28834221910211766,"[np.float64(7.259280837644256), 4.0]",0.7082966296769518,2.4564444009710056,10885257.63175729,0
6.498364510851197e-08,0.28837957106887574,"[np.float64(7.253443281378281), 4.0]",0.708434249252523,2.4566034501914236,10901731.475197408,0
6.032011971570017e-08,0.290490301664891,"[np.float64(6.938994092231609), 4.0]",0.7162507879239862,2.465661620435961,11874160.583563296,0
6.22635917205863e-08,0.28959132534596344,"[np.float64(7.069328348948982), 4.0]",0.7129120941370625,2.4617867723951132,11449903.136592606,0
6.457962111072649e-08,0.2885563165431664,"[np.float64(7.225955664024611), 4.0]",0.7090857812047453,2.4573566425418036,10980023.868349519,0
6.198639744779933e-08,0.28971778832153416,"[np.float64(7.050682097280853), 4.0]",0.7133809030780777,2.4623303498587887,11508668.553916816,0
5.829646917018988e-08,0.29145843063796706,"[np.float64(6.804163289483661), 4.0]",0.7198622563956065,2.4698625283197866,12348299.419198973,0
5.98206657369589e-08,0.29072610432514184,"[np.float64(6.905640040703845), 4.0]",0.7171288902534908,2.466682143724766,11987979.094161572,0
5.557633966937501e-08,0.2928161806950356,"[np.float64(6.624024944924247), 4.0]",0.7249551474905991,2.4758028937124577,13044312.594232991,0
5.961199272550128e-08,0.2908252219196309,"[np.float64(6.891720239083107), 4.0]",0.7174982860455058,2.4671116257027577,12036139.931597503,0
6.358017134656913e-08,0.28899831860568237,"[np.float64(7.158175177466019), 4.0]",0.7107175154139261,2.459244464960537,11178288.770879153,0
6.76408324147797e-08,0.2872435111068465,"[np.float64(7.435602194129424), 4.0]",0.7042594483793639,2.451785405580143,10411750.169790657,0
6.467854087676589e-08,0.28851294139079164,"[np.float64(7.232680848292468), 4.0]",0.708925837970068,2.457171711440929,10960758.056073146,0
5.9523171800278755e-08,0.2908675191751128,"[np.float64(6.885798036887497), 4.0]",0.7176559741548563,2.467294994608186,12056749.538866062,0
6.72254746651325e-08,0.2874181733390829,"[np.float64(7.406961166441133), 4.0]",0.7048998340315697,2.452523533367394,10485605.90375685,0
5.609527769447826e-08,0.2925518614550407,"[np.float64(6.658312054830758), 4.0]",0.7239611217179839,2.474641993789679,12905919.20519625,0
5.8717458331758284e-08,0.2912542020818154,"[np.float64(6.83214753113823), 4.0]",0.7190990306983134,2.4689739257266177,12246766.99450012,0
6.134675166209999e-08,0.29001181115882235,"[np.float64(7.007728953388494), 4.0]",0.7144719580373952,2.4635960693549857,11646451.338984193,0
6.175971681504697e-08,0.28982163196226773,"[np.float64(7.0354484552442855), 4.0]",0.7137660705355157,2.462777073273957,11557146.103390416,0
6.876220019896148e-08,0.2867771262368425,"[np.float64(7.513259365815823), 4.0]",0.7025520856969434,2.449819115338795,10217126.323243422,0
6.153221156909511e-08,0.28992624265505496,"[np.float64(7.020172390270356), 4.0]",0.7141542749184134,2.463227434599949,11606185.714883378,0
6.212357572227583e-08,0.2896551328119703,"[np.float64(7.05990728734784), 4.0]",0.7131485986605813,2.4620609748473608,11479516.276537597,0
5.5822186527477335e-08,0.2926906375380352,"[np.float64(6.640264436009651), 4.0]",0.724482861934789,2.475251234644095,12978403.516640771,0
6.196636679750516e-08,0.28972694896514617,"[np.float64(7.049335448339938), 4.0]",0.713414873281851,2.4623697444440147,11512936.939052137,0
5.88213821149301e-08,0.2912040199819318,"[np.float64(6.839060586570858), 4.0]",0.7189116074355902,2.468755779814428,12221943.476794222,0
6.063311994473372e-08,0.29034354416317054,"[np.float64(6.959924363161642), 4.0]",0.7157047750583261,2.4650273424233817,11803858.612432966,0
5.822162726633358e-08,0.291494897428151,"[np.float64(6.7991916539898964), 4.0]",0.7199986147505716,2.4700213317731925,12366514.791092208,0
5.9492287309149235e-08,0.29088224182982275,"[np.float64(6.883739165112828), 4.0]",0.7177108690017342,2.467358833894104,12063931.334026191,0
6.383513281243455e-08,0.28888490684468593,"[np.float64(7.175437579068718), 4.0]",0.7102985079789276,2.45875949608128,11127078.09453429,0
6.191193257518962e-08,0.2897518585948962,"[np.float64(7.045676385698685), 4.0]",0.7135072525517719,2.4624768793953815,11524551.453554537,0
6.229010652339097e-08,0.2895792584749159,"[np.float64(7.071112991367159), 4.0]",0.7128673759203003,2.4617349311364807,11444311.395624386,0
5.9198806017941214e-08,0.2910225382459471,"[np.float64(6.864184152432212), 4.0]",0.7182341700484967,2.4679675133666357,12132578.650840078,0
6.135315378471806e-08,0.2900088529344912,"[np.float64(7.008158364182125), 4.0]",0.7144609731307465,2.463583321341342,11645057.002900241,0
5.5556292081934653e-08,0.2928264438708711,"[np.float64(6.622701003932394), 4.0]",0.7249937693426026,2.475848013447536,13049714.841900874,0
5.588287563822398e-08,0.29265973575615123,"[np.float64(6.644274374528875), 4.0]",0.7243666544272876,2.475115521292077,12962229.41562119,0
6.018849261716705e-08,0.29055225090432024,"[np.float64(6.930198686198306), 4.0]",0.7164813847941071,2.4659295619432204,11903959.60489217,0
6.942814840591718e-08,0.2865036260679228,"[np.float64(7.559617750813283), 4.0]",0.7015526027623523,2.448669192745337,10104728.685268536,0
6.022189699732259e-08,0.2905365162785949,"[np.float64(6.932430429944485), 4.0]",0.7164228085632356,2.465861495620947,11896383.944781533,0
5.944221287765916e-08,0.29090612905209184,"[np.float64(6.880401431218472), 4.0]",0.7177999429791634,2.4674624261719447,12075592.549969522,0
6.332581711585761e-08,0.28911191526739743,"[np.float64(7.140972762805011), 4.0]",0.7111374320616299,2.459730625089956,11229818.491888862,0
6.378784446378072e-08,0.28890590731988147,"[np.float64(7.172234430403752), 4.0]",0.7103760786478054,2.4588492677003835,11136543.092487833,0
6.210959545144768e-08,0.2896615118225392,"[np.float64(7.058966896619668), 4.0]",0.7131722466140382,2.4620883945774694,11482480.950492412,0
5.8636156333214e-08,0.29129352472914155,"[np.float64(6.826740678140179), 4.0]",0.7192459265497423,2.4691449190933135,12266252.966215163,0
6.721278119049428e-08,0.28742352765855306,"[np.float64(7.406086905752528), 4.0]",0.7049194736269088,2.45254617591474,10487878.363923492,0
5.656083502720723e-08,0.292316906465314,"[np.float64(6.68910097357673), 4.0]",0.7230785706001206,2.473611873304086,12784085.847606406,0
5.983925041726516e-08,0.29071729400991503,"[np.float64(6.906880194063969), 4.0]",0.7170960639838858,2.4666439828633964,11983707.33228612,0
5.994607046165761e-08,0.29066670892553576,"[np.float64(6.9140096888326115), 4.0]",0.7169076160323118,2.4664249259311366,11959209.511336634,0
6.234988727280558e-08,0.28955207132216254,"[np.float64(7.075137357440522), 4.0]",0.7127666333326133,2.461618147222895,11431722.886907164,0
5.802137598920299e-08,0.2915927095239381,"[np.float64(6.785894018703738), 4.0]",0.7203644747859386,2.4704474812214077,12415501.399346145,0
5.7805098454660676e-08,0.2916987438425255,"[np.float64(6.771539778771597), 4.0]",0.7207612811558395,2.4709097874790467,12468818.502595706,0
6.832752010248731e-08,0.28695703048971083,"[np.float64(7.483097871718202), 4.0]",0.7032102390584184,2.450576791439277,10291757.084168192,0
5.5215466232652625e-08,0.29300152594551954,"[np.float64(6.600199731093624), 4.0]",0.7256529184933893,2.4766182228972986,13142203.951259255,0
6.094085243749118e-08,0.2902000088386923,"[np.float64(6.980524041412502), 4.0]",0.7151711177282506,2.4644076359273255,11735495.798353372,0
5.852486169605602e-08,0.29134744515432764,"[np.float64(6.819341172125238), 4.0]",0.7194473991802188,2.4693794682123444,12293021.774517106,0
5.98671000762159e-08,0.2907040967633967,"[np.float64(6.90873873370293), 4.0]",0.7170468950537338,2.466586825012433,11977311.313574104,0
6.066094138052595e-08,0.29033053691076244,"[np.float64(6.961785843226629), 4.0]",0.7156563997621976,2.464971157967326,11797647.439608406,0
6.163417748249673e-08,0.2898793085860528,"[np.float64(7.02701739924228), 4.0]",0.7139800814140088,2.463025335946179,11584158.507132987,0
5.881867930634145e-08,0.2912053239379216,"[np.float64(6.838880769100854), 4.0]",0.7189164769683227,2.4687614472377555,12222587.882737683,0
6.207192236156248e-08,0.2896787087838071,"[np.float64(7.056433047170409), 4.0]",0.7132360019054234,2.4621623207997843,11490477.091250662,0
6.127908124772337e-08,0.29004309878684936,"[np.float64(7.003190689307028), 4.0]",0.7145881492195406,2.463730915193009,11661208.599567391,0
7.345387537235624e-08,0.2849017656714442,"[np.float64(7.844090112885074), 4.0]",0.6957247722751239,2.4419812584715634,9471587.016319007,0
6.628889967504751e-08,0.28781592083896984,"[np.float64(7.342612635554326), 4.0]",0.7063601285616632,2.4542079760655935,10655782.97458981,0
5.952114063446377e-08,0.29086848719168784,"[np.float64(6.88566262611044), 4.0]",0.7176595833809325,2.46729919184398,12057221.614556815,0
6.374632271805792e-08,0.28892435973001807,"[np.float64(7.169422437118347), 4.0]",0.7104442437616105,2.458928158309243,11144866.299250191,0
6.375957747238496e-08,0.28891846796370413,"[np.float64(7.170320038642515), 4.0]",0.7104224783181567,2.458902967765303,11142208.064754652,0
5.71844738030304e-08,0.2920053230844742,"[np.float64(6.730391110584839), 4.0]",0.721909698019134,2.472248417917686,12624225.59846791,0
5.738464234824165e-08,0.2919060659210751,"[np.float64(6.74365609923641), 4.0]",0.7215377074098256,2.471814709067791,12573707.491825722,0
6.62739909959624e-08,0.28782229681908805,"[np.float64(7.341590855505378), 4.0]",0.7063835598746915,2.454235018208794,10658533.60057532,0
5.43909592784443e-08,0.29342983808326795,"[np.float64(6.545814954802088), 4.0]",0.72726773498908,2.4785064114123934,13371114.32923934,0
6.087784608377498e-08,0.29022933654320765,"[np.float64(6.976304602900054), 4.0]",0.7152801271802111,2.464534204913928,11749432.235100806,0
6.502397660134002e-08,0.2883619875129784,"[np.float64(7.256190082473427), 4.0]",0.7083694613647352,2.4565285718626604,10893973.244788248,0
5.374582918753483e-08,0.29376979298977696,"[np.float64(6.503303724252277), 4.0]",0.7285517626184855,2.4800091091865215,13555503.257310564,0
6.176367119545935e-08,0.289819817130713,"[np.float64(7.0357140903839035), 4.0]",0.7137593374973892,2.462769263205605,11556297.151420984,0
6.295609765450096e-08,0.28927785449358123,"[np.float64(7.1160008729837685), 4.0]",0.7117512429331837,2.4604415162688396,11305517.169110911,0
6.552108542769291e-08,0.28814614370243485,"[np.float64(7.290089596867336), 4.0]",0.7075746096334045,2.4556102002326585,10799189.375674529,0
6.202813665715051e-08,0.28969870929928604,"[np.float64(7.053488530809181), 4.0]",0.713310157517048,2.4622483104684165,11499783.74265445,0
5.753584820857987e-08,0.29183132660562305,"[np.float64(6.753680481987703), 4.0]",0.7212577189126735,2.4714883330101554,12535797.096411243,0
6.525702105978911e-08,0.2882605971630004,"[np.float64(7.272072056425338), 4.0]",0.7079959867308807,2.4560969959086565,10849345.790427791,0
5.970938797422743e-08,0.290778915879726,"[np.float64(6.898215994715434), 4.0]",0.717325689065244,2.46691094123877,12013616.5082594,0
6.30375914672925e-08,0.28924119405221227,"[np.float64(7.121501893720657), 4.0]",0.7116155940024309,2.4602843876864022,11288749.735491682,0
6.313696206847671e-08,0.289196556071553,"[np.float64(7.128212151672817), 4.0]",0.7114504588716454,2.460093123292998,11268366.984461885,0
5.8428486173521795e-08,0.29139422327863534,"[np.float64(6.812935380463186), 4.0]",0.7196222264554277,2.469583021785969,12316290.795525368,0
6.0351025046304e-08,0.2904757763729704,"[np.float64(6.941059756553289), 4.0]",0.7161967294768963,2.4655988131599,11867184.176696222,0
6.954920305604506e-08,0.28645418145685475,"[np.float64(7.568064581337693), 4.0]",0.701372050307663,2.4484615540977974,10084544.746579973,0
6.074459886927995e-08,0.2902914614935223,"[np.float64(6.967384271247312), 4.0]",0.7155110922494214,2.464802404342808,11779007.608382992,0
6.179625818344128e-08,0.2898048660745725,"[np.float64(7.037903268215386), 4.0]",0.7137038711767412,2.4627049257105678,11549305.607762232,0
7.06389423909372e-08,0.2860127588452877,"[np.float64(7.644388447452486), 4.0]",0.6997620263821458,2.446611225342806,9906179.264540115,0
5.982164413121398e-08,0.2907256404342689,"[np.float64(6.905705327027319), 4.0]",0.71712716181271,2.4666801343751708,11987754.13527166,0
5.9368859960171295e-08,0.29094115831127315,"[np.float64(6.875512966799454), 4.0]",0.7179305831660518,2.4676143703186533,12092712.975248117,0
6.219519042717663e-08,0.28962247873236485,"[np.float64(7.064725287029246), 4.0]",0.7130275562717128,2.461920633344932,11464352.008160269,0
5.989690441030247e-08,0.2906899802218397,"[np.float64(6.910727898505182), 4.0]",0.7169943045146108,2.466525691623211,11970473.458913602,0
5.794618279820396e-08,0.29162952786345403,"[np.float64(6.780902595499115), 4.0]",0.7205022354256592,2.4706079686245306,12433989.619899364,0
6.193983382149801e-08,0.2897390879435384,"[np.float64(7.04755180996088), 4.0]",0.7134598902496736,2.462421951120057,11518595.485834943,0
5.960649909621637e-08,0.2908278361511813,"[np.float64(6.891353900585169), 4.0]",0.7175080312276325,2.4671229574278084,12037412.733625513,0
5.700681925931007e-08,0.29209372021523333,"[np.float64(6.7186231604606), 4.0]",0.7222411353136129,2.472634929574725,12669381.395027755,0
6.529406614345978e-08,0.2882445130790865,"[np.float64(7.2745983129464635), 4.0]",0.7079367570046763,2.45602856214799,10842283.209154792,0
6.043935185980825e-08,0.29043430528674974,"[np.float64(6.94696454763958), 4.0]",0.7160424079692003,2.4654195283929763,11847287.999217669,0
6.418181083402208e-08,0.28873142248725037,"[np.float64(7.198940774842815), 4.0]",0.7097318085773795,2.458103806172047,11058145.592258023,0
6.597126885654327e-08,0.28795206811602575,"[np.float64(7.320860277720945), 4.0]",0.7068606151490859,2.4547856862909128,10714673.635975959,0
6.514993628020369e-08,0.2883071417341157,"[np.float64(7.264772034412135), 4.0]",0.7081674128466995,2.456295076796224,10869809.75393343,0
6.03825211206434e-08,0.29046098126208814,"[np.float64(6.943165122086878), 4.0]",0.7161416706778041,2.465534845906262,11860082.311683599,0
6.772020600488556e-08,0.28721025279821416,"[np.float64(7.441082844871248), 4.0]",0.704137569554197,2.4516449628589836,10397747.010742972,0
5.515857916095349e-08,0.29303085973517884,"[np.float64(6.5964452765904), 4.0]",0.7257634078551141,2.476747358660481,13157761.111600183,0
6.22983066211918e-08,0.28957552766609634,"[np.float64(7.071664956054489), 4.0]",0.7128535505577571,2.461718903883805,11442583.10089071,0
6.25469524124622e-08,0.2894626358685753,"[np.float64(7.088410256069638), 4.0]",0.7124353199561414,2.4612341341340107,11390408.204991804,0
6.228513430612951e-08,0.28958152093256995,"[np.float64(7.0707783102754425), 4.0]",0.7128757600920481,2.4617446506817804,11445359.603597958,0
6.036553403878675e-08,0.29046895987120985,"[np.float64(6.942029587736727), 4.0]",0.7161713619414648,2.4655693408996466,11863911.640064381,0
6.322263304399878e-08,0.28915812869973273,"[np.float64(7.133999538546328), 4.0]",0.7113083274681548,2.4599285196190723,11250849.46989049,0
5.6697210895370823e-08,0.2922484644512809,"[np.float64(6.698125480776897), 4.0]",0.7228216695961456,2.4733121214282483,12748804.715103932,0
6.206337234943753e-08,0.28968261315219496,"[np.float64(7.055858034108484), 4.0]",0.7132504775210347,2.462179106159552,11492293.288627567,0
5.9604035994224625e-08,0.2908290083381412,"[np.float64(6.891189652500678), 4.0]",0.7175124008780289,2.4671280384926093,12037983.483996835,0
7.142746701791061e-08,0.2856973847874272,"[np.float64(7.699947140594687), 4.0]",0.6986138140910818,2.445292996332062,9780744.624696024,0
5.7437297250899946e-08,0.2918800159648497,"[np.float64(6.747146516232245), 4.0]",0.7214401077798305,2.471700932984434,12560481.469530266,0
5.95827102338784e-08,0.29083915932106186,"[np.float64(6.88976762945768), 4.0]",0.7175502424839628,2.467172041615785,12042927.21273306,0
6.503676745554044e-08,0.28835641327061146,"[np.float64(7.257061321164397), 4.0]",0.7083489237929929,2.4565048363541493,10891514.930800103,0
6.817406818690928e-08,0.28702080582502515,"[np.float64(7.472468185814995), 4.0]",0.7034436868930161,2.450845627274325,10318346.925761,0
6.443126495034576e-08,0.2886214931194912,"[np.float64(7.215875225107883), 4.0]",0.7093261777807337,2.457634634601062,11009036.968735272,0
5.995721732563109e-08,0.2906614356093085,"[np.float64(6.914753803197902), 4.0]",0.7168879736005034,2.4664020945802583,11956658.52381113,0
6.330397922688945e-08,0.28912168957337425,"[np.float64(7.139496695774383), 4.0]",0.7111735739260909,2.4597724749585312,11234263.352974307,0
5.8116507463483586e-08,0.29154619928159914,"[np.float64(6.792210343271205), 4.0]",0.7201904849805977,2.470244807701914,12392184.534370305,0
6.1956663296495e-08,0.2897313877581489,"[np.float64(7.048683124570611), 4.0]",0.7134313340865858,2.462388834040022,11515005.749622831,0
6.809805505821323e-08,0.2870524488742071,"[np.float64(7.467206156776303), 4.0]",0.7035595416505531,2.450979061178011,10331565.8729037,0
6.101705498663926e-08,0.2901645799337423,"[np.float64(6.9856284481880015), 4.0]",0.7150394506687753,2.464254771661142,11718681.782091018,0
6.062064693436539e-08,0.29034937760206636,"[np.float64(6.9590898744697265), 4.0]",0.7157264711806043,2.4650525414989235,11806645.217025295,0
6.216273071468673e-08,0.2896372746381948,"[np.float64(7.062541339894203), 4.0]",0.7130823995244097,2.4619842194523076,11471220.638573635,0
5.4926918009308654e-08,0.29315064639759436,"[np.float64(6.581159464558103), 4.0]",0.726214758600648,2.477274969456139,13221472.912016908,0
6.201207770426873e-08,0.28970604831937796,"[np.float64(7.052408716504273), 4.0]",0.7133373700561462,2.4622798667625614,11503200.609694166,0
6.053024982655597e-08,0.29039169164118395,"[np.float64(6.953043037611307), 4.0]",0.7158838663945973,2.4652353596919134,11826877.77509425,0
5.725090903504273e-08,0.2919723398883993,"[np.float64(6.734793036049919), 4.0]",0.7217860659765596,2.4721042625217446,12607416.688087193,0
6.301419145613028e-08,0.2892517157952145,"[np.float64(7.119922149435692), 4.0]",0.7116545235581966,2.4603294801612736,11293559.547671765,0
6.027887677065118e-08,0.2905096974297976,"[np.float64(6.936237804940555), 4.0]",0.7163229785038745,2.4657454977969393,11883482.521237701,0
5.794001054847723e-08,0.2916325523070701,"[np.float64(6.780492915610231), 4.0]",0.7205135528459979,2.470621153729588,12435509.52140678,0
6.681865605392156e-08,0.28759027045096713,"[np.float64(7.378971185300739), 4.0]",0.705531334712369,2.4532517515492893,10558897.415461585,0
6.28322811981959e-08,0.28933364550001694,"[np.float64(7.1076465016820425), 4.0]",0.7119577229941819,2.460680719533326,11331081.880481275,0
6.02137231572571e-08,0.29054036561583235,"[np.float64(6.931884313970849), 4.0]",0.7164371383171171,2.4658781467371997,11898236.826280195,0
7.306221474020191e-08,0.28505392054948064,"[np.float64(7.816071116906565), 4.0]",0.6962764294033036,2.4426130609294376,9529911.348556245,0
5.405482111468903e-08,0.2936064304595356,"[np.float64(6.523660821222928), 4.0]",0.7279344756350871,2.4792865554605417,13466596.699869122,0
6.2822490748511e-08,0.28933806174295157,"[np.float64(7.106986082877034), 4.0]",0.7119740696492617,2.4606996582488367,11333107.954910826,0
6.155362524889059e-08,0.289916379568933,"[np.float64(7.021609685015088), 4.0]",0.714117665338208,2.463184958366291,11601553.31957607,0
6.920422835975641e-08,0.28659530503007613,"[np.float64(7.544009548370515), 4.0]",0.70188749091917,2.449054393425991,10142263.089336477,0
5.736210484475915e-08,0.29191722350774957,"[np.float64(6.742162252373395), 4.0]",0.7215795144795655,2.471863447483117,12579376.51403132,0
6.328279313835931e-08,0.28913117537879535,"[np.float64(7.138064815289403), 4.0]",0.7112086506219422,2.45981309241446,11238578.693373729,0
6.238541062380675e-08,0.28953592844444154,"[np.float64(7.077529192776186), 4.0]",0.7127068216937674,2.461548815453925,11424254.7186472,0
5.8538838217268e-08,0.29134066793933283,"[np.float64(6.820270288152582), 4.0]",0.7194220734177303,2.469349982981225,12289654.105323747,0
6.203579670860206e-08,0.2896952092957262,"[np.float64(7.054003620964112), 4.0]",0.7132971800984846,2.4622332617531755,11498154.580798296,0
5.727959124318369e-08,0.2919581123206144,"[np.float64(6.736693694560749), 4.0]",0.7217327422623354,2.4720420903042526,12600172.707206987,0
5.794137158411512e-08,0.2916318853617674,"[np.float64(6.780583253099845), 4.0]",0.7205110571332465,2.4706182461477333,12435174.33975929,0
5.9231451699951656e-08,0.2910068968793016,"[np.float64(6.866358532039643), 4.0]",0.718175811023871,2.467899622742421,12124906.454461543,0
6.027438372372096e-08,0.29051181124373665,"[np.float64(6.9359375548306135), 4.0]",0.7163308464707105,2.4657546397303474,11884498.890177764,0
6.083488805444694e-08,0.2902493500586259,"[np.float64(6.973428298603742), 4.0]",0.7153545250101402,2.4646205921413764,11758951.941686837,0
5.8224395770901e-08,0.2914935476066412,"[np.float64(6.79937554421841), 4.0]",0.7199935670138053,2.470015452916329,12365840.082682986,0
6.396394688825286e-08,0.2888277801034177,"[np.float64(7.184166372665818), 4.0]",0.7100875347424712,2.458515363335955,11101371.464506682,0
5.980032769906967e-08,0.2907357490627077,"[np.float64(6.904282968722579), 4.0]",0.7171648270613463,2.4667239215452095,11992657.141785251,0
7.019437866170563e-08,0.2861920463016539,"[np.float64(7.613188980101595), 4.0]",0.7004155434686761,2.447362016240031,9978228.411198774,0
5.909069159381499e-08,0.2910744021134136,"[np.float64(6.856984626594367), 4.0]",0.7184277087001326,2.4681926802350898,12158052.128388532,0
6.226661849647039e-08,0.2895899475995077,"[np.float64(7.069532064021973), 4.0]",0.7129069882627845,2.461780853141729,11449264.557432102,0
6.147702093992452e-08,0.2899516793947926,"[np.float64(7.016468493796394), 4.0]",0.7142486983373593,2.4633369940404863,11618141.012970109,0
5.6442788858753206e-08,0.2923762890791704,"[np.float64(6.681291463079139), 4.0]",0.723301534137952,2.473872065398896,12814773.131568633,0
6.164687939712223e-08,0.28987346752008913,"[np.float64(7.027870264088131), 4.0]",0.7139584052958087,2.4630001890267144,11581420.053666776,0
6.336490330834068e-08,0.28909442932737417,"[np.float64(7.143615017946472), 4.0]",0.7110727795319035,2.4596557643339287,11221871.136956433,0
6.160846300401359e-08,0.28989113731280736,"[np.float64(7.025290933956282), 4.0]",0.7140239795011244,2.4630762641448265,11589706.100192891,0
6.200833083963663e-08,0.2897077609316614,"[np.float64(7.052156784460505), 4.0]",0.7133437204310646,2.4622872308875907,11503998.104317378,0
5.966087576140713e-08,0.29080197103935923,"[np.float64(6.894980239273829), 4.0]",0.7174116180637483,2.4670108510600453,12024825.46405765,0
6.683850662402944e-08,0.28758184924733593,"[np.float64(7.380335540367311), 4.0]",0.7055004215665868,2.453216096262801,10555298.991568865,0
5.967014366270734e-08,0.2907975650330576,"[np.float64(6.895598369101139), 4.0]",0.7173951956901589,2.466991756305133,12022682.562075289,0
5.992479879958076e-08,0.29067677483409243,"[np.float64(6.912589761589136), 4.0]",0.7169451116239021,2.466468509680926,11964080.413882306,0
6.42419354631789e-08,0.28870488785447873,"[np.float64(7.203020650890061), 4.0]",0.7096338784756259,2.457990523642661,11046271.774958614,0
6.534204763394368e-08,0.28822369410247617,"[np.float64(7.277871039443437), 4.0]",0.7078600977252975,2.455939994557221,10833148.383883527,0
5.742732615153211e-08,0.29188494705683266,"[np.float64(6.746485513413119), 4.0]",0.7214585818481589,2.4717224684686614,12562984.039069893,0
6.91871352949894e-08,0.28660231513208156,"[np.float64(7.5428189491491064), 4.0]",0.7019131036742403,2.4490838580657015,10145138.986916164,0
5.4551981081935e-08,0.2933456536763423,"[np.float64(6.556430969375471), 4.0]",0.7269500853405458,2.4781348427361167,13325823.754204169,0
5.489008872993796e-08,0.2931697391222617,"[np.float64(6.578729837818154), 4.0]",0.7262867227953932,2.477359105922276,13231655.105692413,0
6.069355358241995e-08,0.29031529760131003,"[np.float64(6.963968088616138), 4.0]",0.7155997270138605,2.464905338872613,11790374.508918785,0
6.842746452585989e-08,0.28691556779735533,"[np.float64(7.490026088900415), 4.0]",0.7030585039729926,2.450402079504984,10274507.594933538,0
5.4241865471775306e-08,0.2935080222097362,"[np.float64(6.535987349737768), 4.0]",0.7275628574963807,2.4788516920892736,13413308.173830548,0
6.131067277192347e-08,0.29002848797685377,"[np.float64(7.005309212734881), 4.0]",0.7145338876944387,2.4636679406178312,11654314.90782224,0
6.301195623618845e-08,0.289252721060582,"[np.float64(7.1197712568239), 4.0]",0.7116582430564029,2.4603337885535432,11294019.191990899,0
5.8173480197531394e-08,0.2915183828216093,"[np.float64(6.795993831047415), 4.0]",0.7200864449266983,2.4701236263626822,12378259.689494308,0
6.198784484682401e-08,0.2897171264967544,"[np.float64(7.050779409057741), 4.0]",0.7133784489056528,2.462327503837246,11508360.238502521,0
6.156795891751529e-08,0.28990977946399454,"[np.float64(7.02257182984594), 4.0]",0.7140931681741541,2.4631565361279617,11598454.467702093,0
7.190361534970727e-08,0.28550854305933093,"[np.float64(7.7336364106668585), 4.0]",0.6979271041412126,2.44450515092355,9706425.75824324,0
5.868715683201683e-08,0.2912688511690963,"[np.float64(6.830132238714452), 4.0]",0.7191537514373838,2.4690376212589884,12254022.690106684,0
6.004048213553713e-08,0.2906220767774094,"[np.float64(6.920313021647291), 4.0]",0.7167413824702803,2.466231713770459,11937635.358295215,0
6.157495808620768e-08,0.28990655718191505,"[np.float64(7.023041666196855), 4.0]",0.7140812085257877,2.463142660404556,11596941.852985792,0
6.814299383036718e-08,0.2870337374392097,"[np.float64(7.470316781114686), 4.0]",0.7034910313325551,2.4509001541379645,10323747.047037607,0
5.8842179452646895e-08,0.29119398848330363,"[np.float64(6.840444276196375), 4.0]",0.7188741465097133,2.4687121813674797,12216987.086418604,0
5.9226463825097734e-08,0.2910092861206416,"[np.float64(6.866026299002798), 4.0]",0.7181847251691637,2.4679099926434342,12126078.087154455,0
6.330693914366248e-08,0.2891203645615051,"[np.float64(7.139696754552004), 4.0]",0.7111686744110408,2.4597668015867233,11233660.701825833,0
6.219857461256489e-08,0.28962093658999793,"[np.float64(7.064952996854952), 4.0]",0.713021840310316,2.4619140063057867,11463636.341374883,0
6.64651433367102e-08,0.287740653595655,"[np.float64(7.354697592007669), 4.0]",0.7060835799391233,2.453888844401323,10623366.542100532,0
6.066284371573437e-08,0.2903296477415533,"[np.float64(6.961913131330563), 4.0]",0.7156530929603155,2.4649673174176763,11797222.96425569,0
6.259953421744935e-08,0.28943882035635893,"[np.float64(7.091953547371394), 4.0]",0.7123471191552064,2.4611319182346034,11379431.621340126,0
6.227910719779497e-08,0.2895842636313383,"[np.float64(7.070372632939681), 4.0]",0.7128859240526618,2.461756433561656,11446630.437211888,0
5.4860189113146304e-08,0.29318524938926405,"[np.float64(6.576757458911019), 4.0]",0.7263451888018925,2.477427463745009,13239932.281382462,0
6.203017573022785e-08,0.28969777757051607,"[np.float64(7.053625644139598), 4.0]",0.7133067028040252,2.462244304343679,11499350.024514353,0
5.974486315864532e-08,0.2907620686701948,"[np.float64(6.900582490347102), 4.0]",0.7172629036865094,2.4668379440513797,12005432.195599876,0
7.32843393502715e-08,0.28496753480950454,"[np.float64(7.831952030772463), 4.0]",0.6959631777335149,2.4422542666088374,9496751.74674187,0
6.541323582751749e-08,0.2881928337071382,"[np.float64(7.282728052263807), 4.0]",0.7077464780434954,2.4558087338240617,10819621.886764493,0
5.954656640426992e-08,0.2908563721813252,"[np.float64(6.887357734209698), 4.0]",0.717614414055117,2.4672466643011792,12051314.75059591,0
6.216129228321886e-08,0.28963793049010134,"[np.float64(7.062444566021364), 4.0]",0.7130848306273331,2.4619870381642,11471525.195750128,0
6.541906616537434e-08,0.28819030770328674,"[np.float64(7.283125917675469), 4.0]",0.7077371787131501,2.455797991103219,10818515.46037122,0
6.578677146985452e-08,0.2880314469155193,"[np.float64(7.308241299584546), 4.0]",0.7071525663173507,2.455122778745618,10749160.515368797,0
6.063986531384971e-08,0.29034038996625844,"[np.float64(6.960375667011175), 4.0]",0.7156930440048247,2.4650137174782953,11802352.137503274,0
6.158675065122773e-08,0.2899011289536055,"[np.float64(7.0238332984458856), 4.0]",0.7140610618196309,2.463119286209838,11594394.155707842,0
5.749286141621527e-08,0.2918525536601293,"[np.float64(6.750830253549266), 4.0]",0.7213372296429019,2.471581011015994,12546552.943692174,0
6.29583982042774e-08,0.28927681892392615,"[np.float64(7.116156140059196), 4.0]",0.7117474108520113,2.4604370771900195,11305043.189673385,0
6.17743589720421e-08,0.2898149126497702,"[np.float64(7.036432060480265), 4.0]",0.7137411421277202,2.4627481574429813,11554003.214355424,0
5.56531948540261e-08,0.2927768714699621,"[np.float64(6.62910088132492), 4.0]",0.7248072384193065,2.475630109647063,13023641.14621664,0
6.095329286776616e-08,0.29019422181836857,"[np.float64(6.981357267315889), 4.0]",0.7151496094851975,2.4643826641483124,11732747.74566591,0
6.246343643853426e-08,0.28950050373016173,"[np.float64(7.08278395274216), 4.0]",0.7125755841821622,2.4613966987993265,11407883.152303927,0
6.642453256886125e-08,0.28775797955949034,"[np.float64(7.351911954707566), 4.0]",0.7061472306333818,2.453962290513632,10630819.71862324,0
6.20408393280522e-08,0.2896929054786693,"[np.float64(7.05434271357074), 4.0]",0.713288638053817,2.4622233564029683,11497082.337686857,0
5.99864322050042e-08,0.29064761951350143,"[np.float64(6.916704181838793), 4.0]",0.7168365127306232,2.466342280492423,11949977.45958332,0
7.099021997280249e-08,0.28587185233236206,"[np.float64(7.669103891784252), 4.0]",0.6992488017956908,2.44602186640861,9849931.470329074,0
6.395506038601263e-08,0.2888317174129054,"[np.float64(7.1835640397887905), 4.0]",0.7101020736796485,2.4585321862851623,11103141.321323061,0
6.042325928712683e-08,0.2904418564305538,"[np.float64(6.945888604075031), 4.0]",0.7160705048989392,2.465452168978804,11850908.298346262,0
5.876499603927062e-08,0.29123123598019623,"[np.float64(6.835309511254172), 4.0]",0.7190132499252069,2.468874080437237,12235400.29586176,0
6.88074252683743e-08,0.2867584718659716,"[np.float64(7.516401815528788), 4.0]",0.7024838736043721,2.449740609347043,10209419.56285134,0
6.228547834467551e-08,0.28958136438231835,"[np.float64(7.070801467379959), 4.0]",0.7128751799482608,2.4617439781349013,11445287.070018964,0
5.980589150089172e-08,0.29073311025301946,"[np.float64(6.904654209308159), 4.0]",0.7171549945520767,2.46671249080626,11991377.045878228,0
6.501279052276939e-08,0.28836686328771133,"[np.float64(7.25542819511008), 4.0]",0.7083874259687701,2.4565493340404827,10896123.982259644,0
6.100245590596277e-08,0.2901713640022023,"[np.float64(6.984650427304783), 4.0]",0.7150646610918602,2.464284039711214,11721899.560800556,0
6.255574070901877e-08,0.2894586540411104,"[np.float64(7.089002414725678), 4.0]",0.7124205725558199,2.4612170429516276,11388572.247424591,0
6.153041111171374e-08,0.2899270720999447,"[np.float64(7.02005154800631), 4.0]",0.714157353711272,2.4632310068136203,11606575.363435458,0
6.108695856590968e-08,0.29013211923036397,"[np.float64(6.990312121254232), 4.0]",0.7149188339723452,2.464114748373316,11703297.246350622,0
6.315315111578001e-08,0.2891892905264343,"[np.float64(7.12930562203671), 4.0]",0.7114235837976742,2.4600619978098544,11265052.8315429,0
6.303827472352844e-08,0.28924088688717153,"[np.float64(7.121548022925485), 4.0]",0.7116144575470518,2.460283071337151,11288609.351509558,0
5.561700850928082e-08,0.2927953726268295,"[np.float64(6.626710852752797), 4.0]",0.7248768494086202,2.4757114257146497,13033366.38984565,0
6.214801382637535e-08,0.2896439855189195,"[np.float64(7.061551251914064), 4.0]",0.7131072756829827,2.462013062019555,11474337.340453235,0
5.9423121388884914e-08,0.29091524179822453,"[np.float64(6.879129012013976), 4.0]",0.7178339265049282,2.4675019502856075,12080044.092722448,0
6.084686775130712e-08,0.29024376744494146,"[np.float64(6.974230370011606), 4.0]",0.7153337716070142,2.4645964938513667,11756295.731289262,0
6.822371372211805e-08,0.28700015767435155,"[np.float64(7.4759061376226175), 4.0]",0.7033680971696897,2.450758574034567,10309730.426499175,0
6.030611701718935e-08,0.29049688534311974,"[np.float64(6.938058242795681), 4.0]",0.7162752914749642,2.4656900903737307,11877324.007957611,0
6.298143994946316e-08,0.28926644901066045,"[np.float64(7.117711338335598), 4.0]",0.7117090384700709,2.4603926272965104,11300297.977327166,0
6.70895327033365e-08,0.287475567402776,"[np.float64(7.3976012966330424), 4.0]",0.7051103809578344,2.4527662901171667,10509990.941146737,0
5.757157962732906e-08,0.29181369484137604,"[np.float64(6.756049867326762), 4.0]",0.7211916812352164,2.4714113627437584,12526869.783730388,0
6.010790668730337e-08,0.2905902465229596,"[np.float64(6.924815742575542), 4.0]",0.7166228513699351,2.4660939585710233,11922272.640403029,0
6.474915877261078e-08,0.2884820166305558,"[np.float64(7.237483781889438), 4.0]",0.7088118249032994,2.457039898646572,10947042.993910378,0
5.558269144617235e-08,0.2928129297749907,"[np.float64(6.62444442528762), 4.0]",0.7249429141882039,2.4757886024544047,13042601.84827963,0
5.9172884885385606e-08,0.2910349640424804,"[np.float64(6.862457812575299), 4.0]",0.7182805346419351,2.4680214523540633,12138676.963835754,0
6.304245560859225e-08,0.28923900739915065,"[np.float64(7.121830293083435), 4.0]",0.7116075038156406,2.460275016895008,11287750.404802658,0
5.808721558554169e-08,0.29156051180416653,"[np.float64(6.79026532309185), 4.0]",0.7202440225004821,2.470307168977159,12399355.266733699,0
5.655133736950973e-08,0.29232167941908316,"[np.float64(6.688472572815322), 4.0]",0.7230964892620807,2.473632782553301,12786549.759863788,0
5.7655171501542456e-08,0.2917724906372748,"[np.float64(6.761593721784306), 4.0]",0.7210373772982561,2.4712315260544355,12506031.263456846,0
6.169922265751338e-08,0.2898494099754973,"[np.float64(7.031385255263366), 4.0]",0.7138691343966207,2.462896627793613,11570147.947555864,0
5.907502974918131e-08,0.2910819234097529,"[np.float64(6.855941864984657), 4.0]",0.7184557796194354,2.4682253408366854,12161750.618998073,0
6.211567863262738e-08,0.28965873596984815,"[np.float64(7.05937607897188), 4.0]",0.7131619560218773,2.4620764626139686,11481190.767306147,0
5.8673686482776975e-08,0.2912753658425525,"[np.float64(6.829236406872782), 4.0]",0.7191780878086148,2.4690659497698926,12257250.75276669,0
6.55032660024445e-08,0.28815385280127337,"[np.float64(7.288873020108942), 4.0]",0.7076029846138535,2.455642975913479,10802560.357638452,0
5.990360746151977e-08,0.29068680637748595,"[np.float64(6.911175291192366), 4.0]",0.7169824809851567,2.4665119477561808,11968936.619480291,0
6.02172687504097e-08,0.2905386958106221,"[np.float64(6.932121202684201), 4.0]",0.71643092217656,2.4658709235878913,11897433.02948601,0
6.331876492915943e-08,0.28911507134864695,"[np.float64(7.1404960763705505), 4.0]",0.7111491019305902,2.4597441379076637,11231253.526916051,0
5.910163779349663e-08,0.2910691466339111,"[np.float64(6.857713449853531), 4.0]",0.7184080948374182,2.4681698597927584,12155468.471915506,0
5.9540790780430074e-08,0.2908591237153666,"[np.float64(6.886972668219733), 4.0]",0.7176246725836373,2.4672585938404374,12052656.056081587,0
6.073514972019378e-08,0.2902958723261063,"[np.float64(6.966751846268384), 4.0]",0.7155274932116228,2.4648214508810824,11781110.22213744,0
7.043384016785931e-08,0.2860953398820339,"[np.float64(7.629983454449658), 4.0]",0.7000629716399612,2.446956919775831,9939298.637864377,0
5.568947515038616e-08,0.29275833498054543,"[np.float64(6.6314972674828825), 4.0]",0.7247375006093458,2.475548648879652,13013904.308708867,0
5.683579133787031e-08,0.29217909218093996,"[np.float64(6.707298531558961), 4.0]",0.7225613618264378,2.4730084429825383,12713139.815913627,0
6.184198069403945e-08,0.2897839018495097,"[np.float64(7.0409753358589535), 4.0]",0.7136261034665312,2.4626147239784593,11539509.172533877,0
6.875896726660275e-08,0.28677846020636405,"[np.float64(7.513034758413228), 4.0]",0.7025569637587649,2.449824729699745,10217677.659914581,0
6.040103561236164e-08,0.29045228786276084,"[np.float64(6.944402831844592), 4.0]",0.7161093207022223,2.46549726280891,11855911.300892726,0
6.257322761150962e-08,0.289450732701693,"[np.float64(7.090180750448015), 4.0]",0.7123912353063828,2.4611830436807733,11384920.716081886,0
6.166921877547348e-08,0.2898631975595126,"[np.float64(7.02937032998116), 4.0]",0.7139202950644885,2.462955977424183,11576606.761693282,0
5.995101427419055e-08,0.2906643700013299,"[np.float64(6.914339712211794), 4.0]",0.716898903776722,2.4664147992182257,11958077.981765747,0
6.213004189029491e-08,0.28965218287713856,"[np.float64(7.060342254900967), 4.0]",0.713137663049561,2.462048295185995,11478145.537206816,0
5.784828793720848e-08,0.29167753646484684,"[np.float64(6.774405623200918), 4.0]",0.7206819020056767,2.4708172961839785,12458137.09798883,0
6.791522458132553e-08,0.28712869907237687,"[np.float64(7.454558917182462), 4.0]",0.7038387882154022,2.4513007250382337,10363490.550967492,0
5.8194898200691506e-08,0.29150793296497446,"[np.float64(6.797416318403169), 4.0]",0.7200473635674146,2.470078108145106,12373032.44494478,0
5.969923927783392e-08,0.29078373739940533,"[np.float64(6.897539038460555), 4.0]",0.7173436585982366,2.466931833993628,12015959.78903174,0
6.478359244409347e-08,0.2884669497104694,"[np.float64(7.239826291504438), 4.0]",0.7087562824101168,2.4569756886239014,10940367.08479473,0
5.992384634491822e-08,0.29067722562843007,"[np.float64(6.912526185516768), 4.0]",0.7169467908783527,2.4664704616206117,11964298.599119423,0
6.174575406924059e-08,0.28982804099643317,"[np.float64(7.034510540532741), 4.0]",0.7137898485620828,2.4628046551605656,11560144.649973042,0
5.7753097208825586e-08,0.291724299924395,"[np.float64(6.768089635134468), 4.0]",0.7208569480924641,2.471021263155951,12481701.985366523,0
6.5341654766616e-08,0.28822386450454685,"[np.float64(7.277844239625019), 4.0]",0.7078607251461344,2.4559407194228626,10833223.12044951,0
6.225447719066673e-08,0.28959547456258994,"[np.float64(7.068714916293661), 4.0]",0.7129274711725481,2.461804599154618,11451826.492559979,0
6.010916342235967e-08,0.29058965358204303,"[np.float64(6.92489967865135), 4.0]",0.7166206435164654,2.4660913927348065,11921986.644217605,0
6.083365997636836e-08,0.29024992241405,"[np.float64(6.973346077504983), 4.0]",0.7153566527762465,2.4646230628643178,11759224.302041605,0
5.403020882495237e-08,0.2936194064448935,"[np.float64(6.522039040018925), 4.0]",0.7279834896538417,2.479343918265395,13473638.275439028,0
6.175425005499526e-08,0.2898241410825101,"[np.float64(7.035081232618209), 4.0]",0.7137753794851168,2.462787871359246,11558319.935056519,0
6.15760644747092e-08,0.2899060478560512,"[np.float64(7.023115936345791), 4.0]",0.7140793181561096,2.4631404671856854,11596702.781312037,0
6.308673268037462e-08,0.28921911063553235,"[np.float64(7.124819935509565), 4.0]",0.7115338935546895,2.460189757140043,11278661.349600017,0
6.195160117925388e-08,0.28973370366474793,"[np.float64(7.048342830215661), 4.0]",0.713439922524238,2.462398794134639,11516085.281798206,0
5.731099839128244e-08,0.29194254158353095,"[np.float64(6.73877506828659), 4.0]",0.7216743885838057,2.4719740558171424,12592249.460682567,0
5.983442942987817e-08,0.2907195791934263,"[np.float64(6.906558483245932), 4.0]",0.7171045781956806,2.466653880640646,11984815.18130089,0
6.623227334838078e-08,0.2878401456683529,"[np.float64(7.338732112228134), 4.0]",0.7064491570097629,2.454310726425659,10666237.489597416,0
6.017340056695854e-08,0.2905593627180589,"[np.float64(6.929190467114086), 4.0]",0.7165078618017202,2.4659603294111565,11907385.240832768,0
6.375791985829427e-08,0.2889192047095979,"[np.float64(7.170207783484358), 4.0]",0.7104251999815965,2.4589061177005105,11142540.433573717,0
6.391900231290616e-08,0.28884769914281816,"[np.float64(7.181120242847956), 4.0]",0.7101610907189289,2.4586004763977574,11110328.150030233,0
6.261262535352512e-08,0.28943289421571744,"[np.float64(7.092835825992571), 4.0]",0.7123251732286788,2.461106486043619,11376701.890500981,0
5.986223030265363e-08,0.29070640397097136,"[np.float64(6.9084137389131435), 4.0]",0.7170554907861568,2.4665968172402515,11978429.255990658,0
7.21564017214525e-08,0.2854087671326703,"[np.float64(7.751566026660583), 4.0]",0.697564524889239,2.444089338590573,9667396.2149896,0
5.949895815753088e-08,0.29087906116719725,"[np.float64(6.884183851654327), 4.0]",0.717699009268025,2.467345041572077,12062379.434742836,0
6.103323241960592e-08,0.2901570643494855,"[np.float64(6.986712264532856), 4.0]",0.7150115227909241,2.4642223493470214,11715118.050362976,0
5.972915372413185e-08,0.2907695278326783,"[np.float64(6.899534505721624), 4.0]",0.7172907015196971,2.466870262734196,12009055.156425169,0
5.807729486499134e-08,0.2915653609383421,"[np.float64(6.7896066070942505), 4.0]",0.7202621620285854,2.4703282986379875,12401785.649674866,0
5.986690669613581e-08,0.2907041883795877,"[np.float64(6.908725827973354), 4.0]",0.717047236377218,2.466587221787571,11977355.703656238,0
6.265364828991651e-08,0.2894143318998339,"[np.float64(7.095600871617313), 4.0]",0.7122564364933365,2.46102683242324,11368155.820671773,0
6.523398964654714e-08,0.2882706014100499,"[np.float64(7.270501676863062), 4.0]",0.7080328297061229,2.456139565543082,10853741.025842642,0
6.422410396670368e-08,0.28871275479270675,"[np.float64(7.2018105441720195), 4.0]",0.7096629113227475,2.4580241071520352,11049790.77155619,0
6.196731130864559e-08,0.2897265169432724,"[np.float64(7.049398944964176), 4.0]",0.7134132711919229,2.4623678865114274,11512735.604076281,0
5.928654614767316e-08,0.2909805198716938,"[np.float64(6.870028595392806), 4.0]",0.718077406377863,2.4677851517156375,12111979.075138712,0
6.050189762750672e-08,0.29040497634116647,"[np.float64(6.951146883139941), 4.0]",0.7159332879070713,2.4652927678002188,11833236.906301228,0
5.982095152659926e-08,0.29072596882149104,"[np.float64(6.9056591108635335), 4.0]",0.7171283853713473,2.4666815567881795,11987913.382696323,0
5.994139771829797e-08,0.290668919788413,"[np.float64(6.913697765387959), 4.0]",0.7169158513612479,2.4664344983396,11960279.183519924,0
6.693215557243829e-08,0.2875421536023043,"[np.float64(7.386774086450065), 4.0]",0.7053547206532857,2.4530480550996097,10538353.570428573,0
6.1457699163634e-08,0.28996059006561986,"[np.float64(7.015171967492015), 4.0]",0.7142817782265221,2.4633753782363175,11622331.911982475,0
6.071186220122035e-08,0.2903067458560219,"[np.float64(6.96519331608765), 4.0]",0.7155679261258171,2.464868406746236,11786295.135441154,0
7.22860734168877e-08,0.2853577129967584,"[np.float64(7.760775393961139), 4.0]",0.6973790640340011,2.4438766932573612,9647488.528144028,0
5.72450592448738e-08,0.2919752425397192,"[np.float64(6.734405408547118), 4.0]",0.7217969453084275,2.4721169474163105,12608895.070242472,0
6.110711325265062e-08,0.29012276714539986,"[np.float64(6.991662738237398), 4.0]",0.7148840871660924,2.464074413049481,11698868.578693382,0
6.755231685671475e-08,0.28728064488606475,"[np.float64(7.429493134669646), 4.0]",0.704395552058381,2.451942254368524,10427407.746095145,0
6.434166187174463e-08,0.2886609304575973,"[np.float64(7.209790224842132), 4.0]",0.7094716741435453,2.4578029074418257,11026629.612983417,0
6.248163678862597e-08,0.2894922469645615,"[np.float64(7.084009914664491), 4.0]",0.712544998611084,2.461361249160883,11404070.623527491,0
6.313296910448515e-08,0.28919834837712555,"[np.float64(7.127942462918326), 4.0]",0.7114570887086383,2.460100801754481,11269184.687499426,0
6.604828385019061e-08,0.2879189976757692,"[np.float64(7.3261312917208326), 4.0]",0.7067390162255236,2.454645306251709,10700338.828311343,0
6.214080113248078e-08,0.2896472750842749,"[np.float64(7.0610660339320415), 4.0]",0.7131194698633795,2.462027200690538,11475865.403522043,0
5.712408505078097e-08,0.29203533906365126,"[np.float64(6.726390394652572), 4.0]",0.7220222247358827,2.4723796340911766,12639541.168913858,0
7.323319709516429e-08,0.2849874026485734,"[np.float64(7.828293355682967), 4.0]",0.6960352110161094,2.442336764879434,9504367.399277039,0
5.86463106478239e-08,0.2912886103993668,"[np.float64(6.827415907508788), 4.0]",0.7192275668112317,2.4691235466609753,12263816.067309922,0
6.023326459010362e-08,0.2905311637844974,"[np.float64(6.933189953216194), 4.0]",0.7164028835098313,2.4658383430468267,11893807.98774664,0
5.873552105078934e-08,0.2912454734788886,"[np.float64(6.833348927227485), 4.0]",0.7190664273604428,2.4689359761416707,12242445.70400009,0
6.819736158827931e-08,0.2870111160134544,"[np.float64(7.474081132247549), 4.0]",0.7034082130505516,2.450804773072195,10314302.440278603,0
6.03800898203061e-08,0.29046212307111974,"[np.float64(6.9430025931984884), 4.0]",0.7161459196895101,2.465539782321847,11860630.24783158,0
5.960786424339077e-08,0.2908271865008978,"[np.float64(6.891444933812304), 4.0]",0.7175056094873662,2.4671201414148096,12037096.423345216,0
7.152009369072599e-08,0.2856605556050432,"[np.float64(7.70649242250764), 4.0]",0.6984798388720677,2.44513925765023,9766204.192803506,0
5.8778040070531624e-08,0.29122493758999307,"[np.float64(6.836177210865514), 4.0]",0.7189897264156041,2.468846700991824,12232284.804883612,0
6.11777018734339e-08,0.2900900376786143,"[np.float64(6.996393822728865), 4.0]",0.7147624959931062,2.4639332729687844,11683382.57412523,0
6.286952531678708e-08,0.2893168518779851,"[np.float64(7.11015906002914), 4.0]",0.711895564788481,2.4606087069159455,11323380.623622976,0
5.9460902662795884e-08,0.29089721096310484,"[np.float64(6.88164714831273), 4.0]",0.7177666867959187,2.4674237488201793,12071237.647810187,0
6.166672320848733e-08,0.289864344645625,"[np.float64(7.029202749094082), 4.0]",0.7139245516311117,2.462960915403112,11577144.276296694,0
6.360743152657939e-08,0.288986171029799,"[np.float64(7.16001994243124), 4.0]",0.7106726245889509,2.4591925006531516,11172792.353547318,0
5.935145784060817e-08,0.29094947512868463,"[np.float64(6.874353393421939), 4.0]",0.7179616035825434,2.4676504512166404,12096781.270489959,0
6.199531907179893e-08,0.2897137091482274,"[np.float64(7.051281925973185), 4.0]",0.7133657768485617,2.462312808551215,11506768.37427658,0
6.060841949687924e-08,0.2903550973801388,"[np.float64(6.958271849687428), 4.0]",0.7157477451504974,2.465077250610227,11809378.15392714,0
5.939364288942702e-08,0.29092931838853886,"[np.float64(6.877164457344144), 4.0]",0.7178864242323736,2.467563008804872,12086923.60508785,0
5.7198813747432214e-08,0.29199820033148866,"[np.float64(6.731341203107991), 4.0]",0.7218829979245027,2.472217284575695,12620593.866020687,0
5.96154627656871e-08,0.29082357077296644,"[np.float64(6.891951639256698), 4.0]",0.717492131058093,2.4671044687028085,12035336.09859119,0
6.268124813523098e-08,0.2894018502421535,"[np.float64(7.097461424887227), 4.0]",0.7122102199955035,2.460973277812738,11362412.861641703,0
6.477472766197875e-08,0.28847082785499456,"[np.float64(7.239223187755306), 4.0]",0.7087705783707495,2.4569922152649237,10942085.037692582,0
6.57547124236637e-08,0.2880452625155783,"[np.float64(7.306049756667972), 4.0]",0.7072033906308898,2.4551814685466042,10755174.261493426,0
6.08655552109272e-08,0.2902350612094199,"[np.float64(6.975481609679565), 4.0]",0.7153014072155478,2.464558913850247,11752154.47779452,0
6.28980532932281e-08,0.2893039951953027,"[np.float64(7.112083869708212), 4.0]",0.7118479817165142,2.460553582179055,11317488.291694954,0
5.4311236136499014e-08,0.29347161623479684,"[np.float64(6.540559722468486), 4.0]",0.7274254218521201,2.4786908907406273,13393645.101796262,0
6.234202765275686e-08,0.289555644224633,"[np.float64(7.074608203692697), 4.0]",0.7127798720592182,2.4616334935134407,11433376.470033664,0
6.064855381381218e-08,0.2903363276713147,"[np.float64(6.9609569926687245), 4.0]",0.7156779358218661,2.464996170345153,11800412.22448534,0
5.86448074516664e-08,0.2912893378377663,"[np.float64(6.827315948593599), 4.0]",0.7192302844648879,2.4691267102452734,12264176.756956015,0
5.4955472398441145e-08,0.293135852778794,"[np.float64(6.583043289498814), 4.0]",0.7261590030479743,2.4772097857164814,13213588.590106858,0
6.316247801631713e-08,0.28918510552037463,"[np.float64(7.129935630232912), 4.0]",0.7114081039829243,2.46004407005257,11263144.295876773,0
6.239965502611656e-08,0.2895294579675583,"[np.float64(7.078488381623268), 4.0]",0.7126828489499999,2.461521027783832,11421262.644027691,0
6.115149509651677e-08,0.2901021843530554,"[np.float64(6.994637218806717), 4.0]",0.7148076191332828,2.463985649495694,11689127.436787704,0
6.198236935222185e-08,0.28971963025498776,"[np.float64(7.05041128250342), 4.0]",0.7133877333589452,2.4623382707311863,11509526.673706817,0
5.8019003863977076e-08,0.2915938702782428,"[np.float64(6.785736539339898), 4.0]",0.7203688175332501,2.470452540191824,12416083.8614555,0
6.328177837998298e-08,0.2891316298041403,"[np.float64(7.137996235159562), 4.0]",0.7112103310396578,2.4598150382973887,11238785.464736953,0
6.349388441037919e-08,0.28903680389438097,"[np.float64(7.152337348675493), 4.0]",0.7108597531667736,2.459409125719969,11195720.025133178,0
6.038816806916214e-08,0.29045832947298994,"[np.float64(6.943542617423915), 4.0]",0.716131802668987,2.4655233815065407,11858809.855745357,0
6.050638431689317e-08,0.29040287363533085,"[np.float64(6.951446934498669), 4.0]",0.7159254652496092,2.465283680865438,11832230.157731062,0
6.426630140308262e-08,0.2886941415579185,"[np.float64(7.204674364713241), 4.0]",0.7095942211404569,2.4579446514265215,11041466.610779943,0
6.300341302480117e-08,0.2892565636056563,"[np.float64(7.11919454454798), 4.0]",0.7116724606991512,2.460350257321645,11295776.316419601,0
5.7759820284155696e-08,0.29172099451440986,"[np.float64(6.768535668302315), 4.0]",0.7208445739295808,2.471006843814849,12480034.916717326,0
7.344000433241555e-08,0.2849071414203062,"[np.float64(7.843096446796198), 4.0]",0.6957442559367568,2.4420035681393033,9473641.270329602,0
6.278487056976708e-08,0.28935503777699834,"[np.float64(7.104448643125336), 4.0]",0.7120369093657928,2.460772464291944,11340899.53366347,0
6.114255705058351e-08,0.2901063282921816,"[np.float64(6.994038151409921), 4.0]",0.7148230138628805,2.464003519230177,11691087.981019573,0
6.445317516730719e-08,0.28861185801035466,"[np.float64(7.21736353962054), 4.0]",0.7092906350648838,2.4575935304759247,11004743.105730806,0
5.991969231816195e-08,0.2906791918045162,"[np.float64(6.912248907676423), 4.0]",0.7169541151248732,2.4664789752375187,11965250.277287569,0
6.238823434631576e-08,0.2895346456584362,"[np.float64(7.077719332182412), 4.0]",0.7127020689871084,2.461543306385111,11423661.4716633,0
6.409761240272874e-08,0.28876862327426,"[np.float64(7.1932291726959505), 4.0]",0.7098691245096759,2.4582626618525403,11074813.833150757,0
6.038803761728733e-08,0.29045839072991453,"[np.float64(6.943533896709684), 4.0]",0.7161320306208103,2.465523646334295,11858839.248252086,0
6.195147224385449e-08,0.2897337626548888,"[np.float64(7.048334162784029), 4.0]",0.7134401412878103,2.4623990478376236,11516112.780654421,0
6.085456599686607e-08,0.29024018060589435,"[np.float64(6.97474580481454), 4.0]",0.7153204377991107,2.464581011167492,11754589.42285364,0
6.974867885198377e-08,0.28637288603269695,"[np.float64(7.581997001910974), 4.0]",0.7010752833272967,2.448120326752061,10051448.928732747,0
5.597261206050196e-08,0.2926141081735247,"[np.float64(6.650204387654757), 4.0]",0.7241951010032389,2.474915189577189,12938383.15461214,0
5.956972049733642e-08,0.29084534421772823,"[np.float64(6.888901506245854), 4.0]",0.7175732999047635,2.4671988538609186,12045940.352143314,0
6.311450759371057e-08,0.28920663660203255,"[np.float64(7.126695612481274), 4.0]",0.7114877480420163,2.4601363108450047,11272966.789539158,0
6.589704484321534e-08,0.287983976147636,"[np.float64(7.315782213651948), 4.0]",0.7069779580338987,2.4549211643340323,10728522.951461125,0
6.10661075497497e-08,0.2901417977300868,"[np.float64(6.988914942678641), 4.0]",0.7149547951649772,2.4641564943706786,11707882.225545708,0
5.947986471365119e-08,0.290888165904906,"[np.float64(6.882911084313881), 4.0]",0.7177329585715528,2.4673845233229126,12066822.310825236,0
6.657388045814748e-08,0.28769431372839827,"[np.float64(7.362159145758615), 4.0]",0.7059133660961777,2.453692452060783,10603458.311851885,0
5.683330534433537e-08,0.2921803350915644,"[np.float64(6.7071339523165845), 4.0]",0.7225660248866418,2.4730138825400476,12713777.96010347,0
6.109095317937098e-08,0.290130265418603,"[np.float64(6.990579802846644), 4.0]",0.7149119461838475,2.464106752711114,11702419.245035727,0
6.33501299656262e-08,0.2891010371860138,"[np.float64(7.142616277785982), 4.0]",0.7110972108036683,2.459684052762955,11224873.74831764,0
5.8565246070359044e-08,0.2913278673391868,"[np.float64(6.822025897174926), 4.0]",0.7193742410973676,2.469294296037308,12283295.800262269,0
6.124530655294025e-08,0.29005872777002933,"[np.float64(7.000926028740205), 4.0]",0.7146461961909857,2.4637982855581817,11668587.136113815,0
6.215240370097983e-08,0.28964198357397647,"[np.float64(7.061846577611109), 4.0]",0.7130998547112738,2.462004457752042,11473407.4991219,0
5.7293755833529285e-08,0.2919510888335714,"[np.float64(6.737632373216044), 4.0]",0.7217064201555042,2.472011401084096,12596598.174720278,0
6.196557002588178e-08,0.2897273134157619,"[np.float64(7.049281883973757), 4.0]",0.7134162247962053,2.4623713117873876,11513106.786530415,0
5.867328350776031e-08,0.29127556075742517,"[np.float64(6.829209607943841), 4.0]",0.7191788159488902,2.4690667973610863,12257347.347089743,0
6.521095310131069e-08,0.2882806113886514,"[np.float64(7.268931121294283), 4.0]",0.7080696955403412,2.456182162683645,10858140.570960457,0
6.069864459940351e-08,0.29031291938155607,"[np.float64(6.964308775878768), 4.0]",0.7155908831341031,2.464895067909835,11789239.90571505,0
5.96231931939401e-08,0.29081989276404563,"[np.float64(6.892467152928892), 4.0]",0.7174784206996174,2.467088526443195,12033545.71040552,0
6.265818905598901e-08,0.2894122780187564,"[np.float64(7.095906958301716), 4.0]",0.7122488312905242,2.4610180195753975,11367210.607604463,0
6.14677037197642e-08,0.2899559758847926,"[np.float64(7.015843279966829), 4.0]",0.7142646484112364,2.4633555015780506,11620161.567570861,0
6.015561334166898e-08,0.29056774692232185,"[np.float64(6.928002261179604), 4.0]",0.7165390770166787,2.465996603567404,11911425.00612394,0
6.083924516656828e-08,0.2902473194873988,"[np.float64(6.973720014585131), 4.0]",0.7153469762846655,2.4646118267277317,11757985.726584181,0
6.816937926418067e-08,0.28702275675658556,"[np.float64(7.472143528213262), 4.0]",0.7034508293386922,2.450853853150276,10319161.431888197,0
5.650432400336634e-08,0.2923453178839773,"[np.float64(6.6853621722568475), 4.0]",0.7231852389532405,2.4737363477811884,12798759.240269037,0
5.4947600294993916e-08,0.2931399303915439,"[np.float64(6.582523933396747), 4.0]",0.7261743707402744,2.477227751846468,13215761.322454577,0
6.090763640161752e-08,0.29021546612478494,"[np.float64(6.978299499412569), 4.0]",0.7152285697144561,2.4644743413051833,11742839.025936358,0
5.922482559709927e-08,0.29101007089325703,"[np.float64(6.865917180755976), 4.0]",0.7181876531403248,2.4679133987900963,12126462.946908204,0
5.87848028127829e-08,0.291221672726839,"[np.float64(6.836627086454704), 4.0]",0.7189775329349372,2.468832508936675,12230670.148281822,0
5.966409195189753e-08,0.290800441966769,"[np.float64(6.895194743579497), 4.0]",0.7174059187590182,2.467004224295502,12024081.743126271,0
6.264923534273727e-08,0.28941632810961054,"[np.float64(7.09530340638094), 4.0]",0.7122638282192789,2.4610353979389976,11369074.567673067,0
5.8341639147467954e-08,0.2914364449846525,"[np.float64(6.807164337904183), 4.0]",0.7197800579822987,2.4697668063450453,12337330.052776506,0
6.199302524226773e-08,0.2897147578835015,"[np.float64(7.051127702687265), 4.0]",0.7133696656993809,2.462317318285309,11507256.871422937,0
5.875173152335928e-08,0.2912376423139111,"[np.float64(6.834427177222254), 4.0]",0.7190371773074758,2.4689019303777364,12238569.973407365,0
7.358160482763241e-08,0.2848523083464922,"[np.float64(7.853244827333107), 4.0]",0.6955455444061479,2.4417760503456813,9452709.628112743,0
5.8695908128938123e-08,0.29126461960193417,"[np.float64(6.830714252676911), 4.0]",0.7191379442956338,2.4690192213474673,12251926.364541348,0
6.01690464047701e-08,0.2905614148656555,"[np.float64(6.928899598025563), 4.0]",0.7165155020338557,2.465969207801198,11908373.903978836,0
6.100946270573255e-08,0.2901681077956278,"[np.float64(6.985119820232071), 4.0]",0.715052560531186,2.464269991500287,11720354.987882864,0
6.769309452939289e-08,0.28722160849753753,"[np.float64(7.439210559286285), 4.0]",0.7041791816308867,2.4516929116665813,10402526.085214296,0
5.9166949997884595e-08,0.29103780983472916,"[np.float64(6.862062569220121), 4.0]",0.718291153581008,2.4680338062910177,12140074.038068367,0
6.032401586444413e-08,0.29048847008251816,"[np.float64(6.939254493179135), 4.0]",0.7162439711605937,2.4656537003246033,11873280.664372323,0
6.845353032838839e-08,0.28690476385690655,"[np.float64(7.491833643086458), 4.0]",0.7030189712467495,2.4503565636065194,10270017.745968614,0
5.6079155229566994e-08,0.2925600346447187,"[np.float64(6.657246322482931), 4.0]",0.7239918399978695,2.474677858433659,12910177.356169488,0
6.120765460089997e-08,0.29007616126286034,"[np.float64(6.998401713357729), 4.0]",0.714710950294418,2.463873443384282,11676823.020823758,0
6.448823706201705e-08,0.28859644618306435,"[np.float64(7.219745529938356), 4.0]",0.7092337861351719,2.4575277884235835,10997878.348777248,0
5.987817158604344e-08,0.290698852005714,"[np.float64(6.909477633207588), 4.0]",0.7170273555345538,2.466564111235155,11974770.380291313,0
6.123734660777149e-08,0.29006241245068615,"[np.float64(7.000392338495698), 4.0]",0.714659881940408,2.463814169862178,11670327.366040908,0
6.286920821575008e-08,0.2893169948186815,"[np.float64(7.11013766618312), 4.0]",0.7118960938337516,2.4606093198220367,11323446.151742792,0
6.03320668927794e-08,0.29048468567163716,"[np.float64(6.939792598056739), 4.0]",0.7162298865687683,2.465637336139613,11871462.78017681,0
6.20900253101756e-08,0.2896704438565924,"[np.float64(7.057650585201114), 4.0]",0.7132053602126128,2.462126790421533,11486633.427023737,0
5.7832787669954166e-08,0.2916851456847868,"[np.float64(6.773377065316901), 4.0]",0.7207103823750833,2.4708504805175373,12461968.572016694,0
6.070499395988615e-08,0.29030995362400347,"[np.float64(6.96473367889065), 4.0]",0.7155798545187511,2.4648822597572324,11787825.149799144,0
5.982525808977594e-08,0.29072392699784705,"[np.float64(6.905946481105438), 4.0]",0.7171207776429093,2.4666727126598698,11986923.25851352,0
6.379953740129589e-08,0.2889007131063695,"[np.float64(7.173026407746012), 4.0]",0.7103568917616766,2.4588270625006468,11134201.29198692,0
6.096204301606308e-08,0.2901901521587917,"[np.float64(6.981943349929599), 4.0]",0.7151344843988944,2.4643651036358176,11730815.586519327,0
6.00956026701529e-08,0.29059605235962777,"[np.float64(6.923993987546093), 4.0]",0.7166444701024353,2.466119082772502,11925073.354133515,0
5.9611356400707e-08,0.29082552471230544,"[np.float64(6.89167780593154), 4.0]",0.717499414772452,2.467112938185969,12036287.346817398,0
6.802567904430969e-08,0.2870826097604908,"[np.float64(7.462198011355842), 4.0]",0.7036699859767436,2.451106274127179,10344181.724645426,0
5.579971216617108e-08,0.29270209003118625,"[np.float64(6.63877958970604), 4.0]",0.724525933859365,2.475301538783579,12984402.709851492,0
6.115469116422691e-08,0.2901007027123618,"[np.float64(6.994851438027717), 4.0]",0.7148021149130441,2.463979260407992,11688426.534499044,0
6.354284142861648e-08,0.2890149618889979,"[np.float64(7.15564931918245), 4.0]",0.7107790241263031,2.459315668229288,11185823.739481127,0
6.640264188902479e-08,0.287767323203402,"[np.float64(7.35041063732791), 4.0]",0.706181558713959,2.4540019028317896,10634841.304871013,0
5.550991282356901e-08,0.29285020225291875,"[np.float64(6.619638296335578), 4.0]",0.7250831828616643,2.475952474280518,13062228.816071939,0
6.162469649670727e-08,0.2898836692811375,"[np.float64(7.026380828502722), 4.0]",0.7139962642870131,2.463044110272245,11586203.338545663,0
6.232669853272392e-08,0.2895626139943645,"[np.float64(7.073576208226042), 4.0]",0.7128056978923735,2.461663431130119,11436602.847142994,0
6.053860912052658e-08,0.2903877760260069,"[np.float64(6.953602129656288), 4.0]",0.7158693001843035,2.4652184399118466,11825004.085559286,0
6.2005941158231e-08,0.28970885325901674,"[np.float64(7.051996108716825), 4.0]",0.7133477708133074,2.4622919278739905,11504506.785776185,0
6.076885774974915e-08,0.29028014073095365,"[np.float64(6.969007995033367), 4.0]",0.7154689994084938,2.4647535226036243,11773612.766506989,0
5.836019578676486e-08,0.2914274179911697,"[np.float64(6.808397326709712), 4.0]",0.7197463109745578,2.469727508605131,12332828.930258395,0
5.874942828731819e-08,0.29123875485493894,"[np.float64(6.834273973030678), 4.0]",0.7190413326746464,2.4689067670021756,12239120.509532867,0
6.007888056632375e-08,0.2906039448900802,"[np.float64(6.922877211553879), 4.0]",0.7166738598450204,2.4661532386151865,11928881.714995543,0
6.417521642970628e-08,0.2887343342865409,"[np.float64(7.198493365539107), 4.0]",0.7097425557668074,2.458116238654377,11059449.352137633,0
6.954874500041986e-08,0.28645436839301275,"[np.float64(7.56803260788407), 4.0]",0.7013727328457617,2.4484623389770928,10084620.9783013,0
6.439470834792285e-08,0.2886375763080199,"[np.float64(7.213392343975506), 4.0]",0.7093855102780189,2.457703253165476,11016208.14004201,0
6.011540189753683e-08,0.29058671039133804,"[np.float64(6.925316345195644), 4.0]",0.7166096844492814,2.4660786568119755,11920567.139694093,0
7.154494558775538e-08,0.2856506819622807,"[np.float64(7.708249219273899), 4.0]",0.6984439250552589,2.445098048628101,9762309.822411755,0
5.856657412542078e-08,0.2913272237526737,"[np.float64(6.8221141903620826), 4.0]",0.719371836268285,2.469291496351902,12282976.202906193,0
6.258015946459436e-08,0.28944759328037606,"[np.float64(7.090647868542796), 4.0]",0.7123796085390793,2.4611695694737605,11383473.845925856,0
6.901016295126003e-08,0.2866749922613053,"[np.float64(7.530499259130293), 4.0]",0.7021786938277105,2.4493894228055724,10175004.141399287,0
6.048084176697386e-08,0.2904148463880622,"[np.float64(6.949738813854549), 4.0]",0.7159700083014303,2.4653354234677343,11837963.682119131,0
5.661268196056205e-08,0.2922908660811329,"[np.float64(6.692531579224192), 4.0]",0.7229808167136942,2.4734978085596833,12770651.233540613,0
6.21323961942776e-08,0.2896511088956656,"[np.float64(7.060500627412724), 4.0]",0.7131336817644731,2.4620436789743105,11477646.53297168,0
6.868308218845784e-08,0.28680978927197054,"[np.float64(7.507763875176178), 4.0]",0.7026715368266383,2.449956602284318,10230634.887621889,0
6.204906199322999e-08,0.2896891492034001,"[np.float64(7.0548956634537054), 4.0]",0.71327471081514,2.4622072065057807,11495334.303248027,0
5.930743255600363e-08,0.2909705268965516,"[np.float64(6.871420079564873), 4.0]",0.7180401288203008,2.4677417897915985,12107085.02922058,0
6.307060583829622e-08,0.2892263559196889,"[np.float64(7.123730967684898), 4.0]",0.7115606974742907,2.4602208025325107,11281970.23029441,0
5.7328665326673396e-08,0.2919337867455687,"[np.float64(6.739945934900626), 4.0]",0.7216415804030791,2.4719358058819583,12587796.63351625,0
5.992049639473016e-08,0.2906788112096041,"[np.float64(6.912302578835972), 4.0]",0.716952697356924,2.4664773272377953,11965066.054091936,0
6.343957065756873e-08,0.28906105555536016,"[np.float64(7.148663803730094), 4.0]",0.7109493982054333,2.459512910999089,11206718.312186634,0
6.137587939857706e-08,0.2899983546591744,"[np.float64(7.009682723957044), 4.0]",0.7144219906595266,2.463538082825206,11640110.050726047,0
6.201944487970075e-08,0.2897026812453241,"[np.float64(7.052904081876817), 4.0]",0.7133248850790995,2.4622653888213293,11501632.858254977,0
5.9027790146427985e-08,0.29110462176985524,"[np.float64(6.8527969500267485), 4.0]",0.7185405003167481,2.4683239171819813,12172918.866423631,0
6.164466148615334e-08,0.28987448735424914,"[np.float64(7.027721340472072), 4.0]",0.713962189843563,2.4630045795339197,11581898.134097688,0
5.640958115895892e-08,0.2923930175096126,"[np.float64(6.6790948985283825), 4.0]",0.7233643555998864,2.4739453826940494,12823430.714039301,0
6.29902295696051e-08,0.28926249425694756,"[np.float64(7.118304631011842), 4.0]",0.7116944049664102,2.460375676406298,11298488.826429466,0
6.199677772094069e-08,0.28971304227655414,"[np.float64(7.051379997460989), 4.0]",0.7133633040091656,2.4623099409111293,11506457.758500768,0
5.825466121363146e-08,0.2914787956208722,"[np.float64(6.801385929143137), 4.0]",0.7199384032019711,2.4699512074916017,12358468.63072147,0
5.7510234146069295e-08,0.2918439729465567,"[np.float64(6.751982112907628), 4.0]",0.7213050876777866,2.471543545666691,12542203.981394958,0
6.358025586881395e-08,0.2889982809331422,"[np.float64(7.158180896964082), 4.0]",0.7107173761927343,2.459244303799696,11178271.721006716,0
5.9269890797717285e-08,0.2909884911209017,"[np.float64(6.868919052404387), 4.0]",0.7181071434030099,2.4678197430998954,12115884.367896743,0
6.06449199441939e-08,0.29033802660923014,"[np.float64(6.960713857516149), 4.0]",0.7156842543490546,2.4650035088662485,11801223.499142796,0
6.194008102277167e-08,0.2897389748233332,"[np.float64(7.047568426854583), 4.0]",0.7134594707354693,2.4624214645975653,11518542.74251228,0
5.783906248348541e-08,0.29168206506747835,"[np.float64(6.773793441030554), 4.0]",0.7206988518816676,2.4708370455171442,12460417.249803215,0
5.844384430699651e-08,0.2913867635017663,"[np.float64(6.813956078095447), 4.0]",0.719594343892759,2.469550556260587,12312577.182856774,0
5.7291996866203195e-08,0.2919519609159926,"[np.float64(6.737515805870288), 4.0]",0.721709688434061,2.4720152115769776,12597041.95892325,0
5.9486831950821493e-08,0.2908848432190362,"[np.float64(6.883375511230597), 4.0]",0.7177205689321541,2.467370114542925,12065200.740989244,0
5.9477938390370815e-08,0.2908890846420076,"[np.float64(6.8827826798496945), 4.0]",0.7177363843951989,2.4673885074735797,12067270.719514329,0
6.494395481562116e-08,0.28839688565723787,"[np.float64(7.250740661322873), 4.0]",0.7084980513940028,2.4566771925410413,10909376.452442124,0
6.475581495985923e-08,0.2884791035044993,"[np.float64(7.237936570445095), 4.0]",0.7088010856845308,2.457027483356263,10945751.916239519,0
5.767384021557384e-08,0.29176329692056024,"[np.float64(6.762831993369724), 4.0]",0.7210029522360997,2.4711914070274936,12501386.235789534,0
6.768417887272864e-08,0.28722534380759923,"[np.float64(7.438594916318736), 4.0]",0.7041928698746529,2.4517086846847453,10404098.588516477,0
5.806413346643738e-08,0.2915717954048912,"[np.float64(6.788732742443372), 4.0]",0.7202862325746627,2.4703563373625945,12405011.313757181,0
6.10801986080382e-08,0.2901352566585201,"[np.float64(6.9898591407773845), 4.0]",0.7149304911415113,2.4641282806348546,11704783.341150202,0
6.712427126444709e-08,0.2874608901311614,"[np.float64(7.399992463611515), 4.0]",0.7050565327420272,2.4527042006317004,10503749.529947836,0
6.22863165155506e-08,0.28958098298725443,"[np.float64(7.07085788447519), 4.0]",0.7128737665765654,2.461742339647841,11445110.362218756,0
6.286108666366752e-08,0.2893206560452847,"[np.float64(7.109589739124975), 4.0]",0.7119096447128584,2.4606250187730456,11325124.691557841,0
6.181768589841898e-08,0.28979503929776623,"[np.float64(7.0393429175358175), 4.0]",0.7136674173554408,2.462662642827861,11544712.600988727,0
6.634683095904027e-08,0.28779115880893386,"[np.float64(7.346583750950894), 4.0]",0.7062691364358872,2.454102966049708,10645107.328063762,0
6.456331736013367e-08,0.2885634718926478,"[np.float64(7.224847527983275), 4.0]",0.7091121692844798,2.457387155184651,10983205.29797219,0
6.193504288105414e-08,0.2897412803856773,"[np.float64(7.047229765560185), 4.0]",0.7134680211193692,2.4624313807465246,11519617.779058943,0
5.9588733780109995e-08,0.29083629175701287,"[np.float64(6.890169276150097), 4.0]",0.7175395523761294,2.467159610794438,12041530.45144308,0
6.860335389653283e-08,0.2868427411026419,"[np.float64(7.502228558870763), 4.0]",0.7027920628924239,2.4500953386195032,10244281.408637406,0
5.647070695650885e-08,0.29236223326819655,"[np.float64(6.683138254450964), 4.0]",0.7232487532029989,2.473810468329305,12807503.0787203,0
5.983881723507808e-08,0.29071749933373503,"[np.float64(6.906851287048914), 4.0]",0.7170968289823478,2.466644872172425,11983806.868461613,0
6.102327784682171e-08,0.2901616887262283,"[np.float64(6.986045344962639), 4.0]",0.7150287068366493,2.464242298752573,11717310.706112625,0
6.525592198947106e-08,0.2882610744910605,"[np.float64(7.271997113189351), 4.0]",0.7079977445631451,2.4560990269433742,10849555.457623899,0
5.753670413721703e-08,0.2918309041121606,"[np.float64(6.753737237085607), 4.0]",0.7212561364490986,2.471486488531369,12535583.107593426,0
6.040775510093287e-08,0.29044913343001205,"[np.float64(6.944852054248253), 4.0]",0.7160975827211998,2.465483626219026,11854398.189846674,0
6.771193556421805e-08,0.28721371642035953,"[np.float64(7.4405116684478685), 4.0]",0.7041502614901485,2.4516595873839466,10399204.44782341,0
5.542709911049193e-08,0.29289267669744434,"[np.float64(6.614170198389865), 4.0]",0.7252430584560438,2.476139269283314,13084629.542136017,0
6.164139491942872e-08,0.28987598944642096,"[np.float64(7.027502006157495), 4.0]",0.7139677640572671,2.4630110462778876,11582602.324144226,0
6.864182454792203e-08,0.28682683649624197,"[np.float64(7.504899149893461), 4.0]",0.7027338871478944,2.4500283715854523,10237692.42405967,0
6.6792046894737e-08,0.2876015626978952,"[np.float64(7.3771425280729686), 4.0]",0.7055727890260544,2.4532995662725514,10563724.602392014,0
6.174260429484184e-08,0.2898294869762217,"[np.float64(7.034298968594682), 4.0]",0.7137952133620472,2.4628108782479012,11560821.27591239,0
6.272186344794186e-08,0.28938349258509877,"[np.float64(7.100199749790834), 4.0]",0.7121422510940161,2.460894520044529,11353971.517206,0
6.627034241853877e-08,0.2878238574175799,"[np.float64(7.341340808770734), 4.0]",0.7063892950809085,2.4542416372943907,10659206.95896842,0
5.895083429128859e-08,0.2911416387713219,"[np.float64(6.847674628371822), 4.0]",0.7186786843102302,2.468484711919612,12191153.746172382,0
6.209599545423432e-08,0.2896677187133629,"[np.float64(7.05805213381415), 4.0]",0.7131952571804577,2.4621150756746606,11485366.35838447,0
5.834898537043548e-08,0.29143287101294807,"[np.float64(6.807652447614151), 4.0]",0.7197666966777241,2.469751247263201,12335547.77530748,0
5.918399835018324e-08,0.2910296359013854,"[np.float64(6.863197950042084), 4.0]",0.7182606533207985,2.467998322906809,12136061.66097385,0
6.362052673003133e-08,0.2889803374504699,"[np.float64(7.160906204915559), 4.0]",0.7106510677762762,2.4591675476816097,11170153.790016038,0
6.04232089071873e-08,0.2904418800736426,"[np.float64(6.945885235780983), 4.0]",0.7160705928737084,2.46545227118123,11850919.635427246,0
6.279480449644881e-08,0.2893505541162549,"[np.float64(7.105118637853293), 4.0]",0.7120203118308267,2.4607532341021616,11338841.127709748,0
6.147516457030581e-08,0.28995253537777205,"[np.float64(7.016343924046872), 4.0]",0.7142518760196953,2.46334068122258,11618543.537249813,0
6.464142739732128e-08,0.2885292074721199,"[np.float64(7.230157281161689), 4.0]",0.7089858142964831,2.457241055448403,10967978.939243894,0
5.922583965004868e-08,0.29100958512124864,"[np.float64(6.865984724210608), 4.0]",0.7181858407332513,2.4679112903927902,12126224.718414119,0
6.416130782957159e-08,0.28874047669278213,"[np.float64(7.197549754773619), 4.0]",0.7097652273231356,2.4581424656935815,11062200.122361109,0
5.613610686511295e-08,0.29253117436642945,"[np.float64(6.661011104373884), 4.0]",0.7238833762650765,2.474551226319312,12895147.46728812,0
6.255273023588912e-08,0.28946001797165494,"[np.float64(7.088799565600253), 4.0]",0.7124256240817936,2.461222897289936,11389201.10113827,0
6.396917037358596e-08,0.2888254660083406,"[np.float64(7.184520434931604), 4.0]",0.710078989825178,2.4585054761226375,11100331.388983944,0
5.589202802394573e-08,0.29265507858978557,"[np.float64(6.644879142742204), 4.0]",0.7243491424239082,2.4750950706692776,12959793.51677088,0
5.919025022561535e-08,0.2910266390106805,"[np.float64(6.86361432467515), 4.0]",0.7182494710022623,2.4679853137976933,12134590.887257824,0
6.221326115554681e-08,0.28961424504932576,"[np.float64(7.0659412368757915), 4.0]",0.7129970385526228,2.461885251642882,11460531.489740968,0
6.196951725503827e-08,0.2897255079635768,"[np.float64(7.049547244950782), 4.0]",0.7134095295510883,2.462363547364202,11512265.403246889,0
5.740379296818386e-08,0.2918965886569127,"[np.float64(6.7449255161210715), 4.0]",0.7215021981832986,2.471773313635168,12568894.159715062,0
6.338565223168777e-08,0.28908515130557383,"[np.float64(7.145017838168723), 4.0]",0.7110384771440414,2.4596160471502295,11217656.55333241,0
6.004868816428358e-08,0.2906182008606555,"[np.float64(6.920860981472437), 4.0]",0.716726948180356,2.4662149378731084,11935763.629332019,0
6.31338983537046e-08,0.2891979312586216,"[np.float64(7.128005224932841), 4.0]",0.7114555457592934,2.460099014757677,11268994.38037864,0
6.621914443957422e-08,0.2878457651467277,"[np.float64(7.337832566741895), 4.0]",0.7064698105665224,2.4543345642288794,10668664.123427097,0
6.147885986970906e-08,0.28995083147930883,"[np.float64(7.016591894097494), 4.0]",0.7142455506168628,2.4633333416318623,11617742.29597864,0
6.030746530280269e-08,0.2904962513487846,"[np.float64(6.938148351575704), 4.0]",0.7162729318013776,2.465687348720324,11877019.340888964,0
6.11164606773945e-08,0.29011843086237044,"[np.float64(6.9922891657164605), 4.0]",0.7148679766306395,2.464055711681987,11696815.697559724,0
5.5795075318185695e-08,0.2927044534812945,"[np.float64(6.638473247828887), 4.0]",0.7245348228999601,2.475311920548766,12985641.09409504,0
6.220825376679775e-08,0.28961652635609725,"[np.float64(7.065604289306656), 4.0]",0.7130054939784753,2.4618950546413267,11461589.914601104,0
6.010687656688322e-08,0.290590732554162,"[np.float64(6.9247469421178875), 4.0]",0.7166246611428669,2.4660960617844143,11922507.075300299,0
6.333377195739466e-08,0.28910835564233894,"[np.float64(7.1415104804686225), 4.0]",0.7111242702660614,2.4597153848635416,11228200.18906252,0
5.7734156020293575e-08,0.29173361453882657,"[np.float64(6.766833047728607), 4.0]",0.7208918194105075,2.471061898540885,12486400.92975662,0
6.445613390947894e-08,0.288610557141265,"[np.float64(7.2175645321135224), 4.0]",0.7092858364455926,2.457587981088375,11004163.505085507,0
6.137975821955436e-08,0.2899965632021895,"[np.float64(7.009942915105247), 4.0]",0.7144153387683098,2.4635303635312735,11639266.095067663,0
6.700195766354992e-08,0.2875126014700316,"[np.float64(7.391575198884373), 4.0]",0.7052462688404579,2.4529229857563934,10525756.16345196,0
6.199968828393322e-08,0.28971171165994686,"[np.float64(7.051575689225125), 4.0]",0.713358369948066,2.4623042191175903,11505838.008107016,0
5.881238052968713e-08,0.2912083629901973,"[np.float64(6.838461717685062), 4.0]",0.7189278262139747,2.468774656166641,12224089.889561204,0
7.106584311256371e-08,0.2858416047777498,"[np.float64(7.6744320009259726), 4.0]",0.6991386757906379,2.4458954333615597,9837900.250944007,0
5.713565922822332e-08,0.2920295836036718,"[np.float64(6.727157134171765), 4.0]",0.7220006468876977,2.4723544716879147,12636603.07136267,0
6.037092126950764e-08,0.29046642931109984,"[np.float64(6.942389700687713), 4.0]",0.7161619446988512,2.4655583999754285,11862696.967994967,0
6.277496878994773e-08,0.28935950763947066,"[np.float64(7.10378084344864), 4.0]",0.7120534561739625,2.4607916359228468,11342951.974322367,0
5.965567494962286e-08,0.29080444383912146,"[np.float64(6.894633374850834), 4.0]",0.7174208350055422,2.467021567945616,12026028.29674426,0
6.261955093487599e-08,0.2894297596249827,"[np.float64(7.0933025950677955), 4.0]",0.7123135653334569,2.461093034304452,11375258.281143844,0
5.9119193438575337e-08,0.2910607199281975,"[np.float64(6.858882393583112), 4.0]",0.7183766467289275,2.4681332709757116,12151326.920170497,0
7.172196527473683e-08,0.2855804459676222,"[np.float64(7.720771297492465), 4.0]",0.6981885013887456,2.444804997145718,9734653.794193698,0
5.708575175387964e-08,0.2920544096493475,"[np.float64(6.723851120916722), 4.0]",0.722093726650516,2.4724630164546784,12649281.203543777,0
6.050387165702468e-08,0.29040405118430523,"[np.float64(6.951278897570973), 4.0]",0.7159298460535772,2.4652887696777053,11832793.942707228,0
6.32461299652074e-08,0.2891475983905898,"[np.float64(7.135587204344043), 4.0]",0.7112693835139321,2.4598834210378837,11246053.851914916,0
6.958514934613404e-08,0.2864395151788166,"[np.float64(7.570574002362127), 4.0]",0.7013185029349057,2.4483999789522444,10078565.750378303,0
6.262716708086504e-08,0.28942631288102083,"[np.float64(7.0938159216630705), 4.0]",0.7123008016837087,2.4610782433472997,11373671.12205437,0
6.216840230347513e-08,0.28963468883047017,"[np.float64(7.062922914668918), 4.0]",0.7130728145612049,2.4619731063311368,11470019.948081328,0
6.096013126475636e-08,0.29019104125598577,"[np.float64(6.9818152998045), 4.0]",0.7151377887466253,2.4643689400314113,11731237.677962102,0
6.211641611946617e-08,0.28965839946152094,"[np.float64(7.059425686333085), 4.0]",0.7131607085333463,2.4620750161539324,11481034.372004835,0
5.71311244624215e-08,0.2920318384495042,"[np.float64(6.726856723041642), 4.0]",0.7220091004809275,2.472364329568714,12637754.066189181,0
5.6338377705290794e-08,0.2924289211644784,"[np.float64(6.674385551090362), 4.0]",0.7234992039558275,2.474102770255378,12842031.194801034,0
5.98126283293241e-08,0.2907299154354557,"[np.float64(6.905103727877248), 4.0]",0.7171430904579358,2.466698651852864,11989827.4075066,0
6.179868830785873e-08,0.289803751442858,"[np.float64(7.038066533504685), 4.0]",0.7136997362069963,2.4627001294968394,11548784.541374117,0
6.311114354580134e-08,0.2892081471409782,"[np.float64(7.126468422300344), 4.0]",0.7114933358722331,2.4601427826492266,11273656.218190445,0
5.865592264221004e-08,0.2912839593437416,"[np.float64(6.828055091710219), 4.0]",0.719210191048244,2.4691033198965497,12261510.15363426,0
5.7725912061820205e-08,0.2917376696215425,"[np.float64(6.766286149168849), 4.0]",0.7209070009899285,2.4710795898422275,12488447.133029101,0
6.070329571628569e-08,0.2903107468348865,"[np.float64(6.964620030508454), 4.0]",0.7155828041774837,2.4648856853531145,11788203.51899781,0
5.533755465426801e-08,0.29293867858175987,"[np.float64(6.608258530593053), 4.0]",0.7254162477755797,2.4763416401262774,13108932.122276759,0
6.153582098447537e-08,0.28992457992338133,"[np.float64(7.020414647745967), 4.0]",0.7141481031085516,2.4632202736907653,11605404.651848575,0
6.663827507834661e-08,0.28766690608086415,"[np.float64(7.3665799028421075), 4.0]",0.7058127109918665,2.4535763275927893,10591701.393261494,0
6.111197133953793e-08,0.29012051338802053,"[np.float64(6.991988305440709), 4.0]",0.7148757137695235,2.464064693051938,11697801.561623272,0
6.037713803219837e-08,0.2904635093794811,"[np.float64(6.942805272218213), 4.0]",0.7161510785870099,2.465545775842644,11861295.548740577,0
6.19916316068368e-08,0.28971539507062605,"[np.float64(7.051034003691745), 4.0]",0.7133720284840028,2.4623200583113607,11507553.68092825,0
5.8961360292067584e-08,0.291136572653983,"[np.float64(6.8483751915435604), 4.0]",0.7186597711268666,2.468462703176068,12188656.56367077,0
5.957822754247141e-08,0.29084129354052585,"[np.float64(6.889468730900685), 4.0]",0.717558198821224,2.46718129357116,12043966.87212119,0
6.195942192321996e-08,0.28973012577364454,"[np.float64(7.04886857248209), 4.0]",0.7134266541123253,2.462383406652366,11514417.532758825,0
5.72618064501538e-08,0.2919669334424545,"[np.float64(6.7355151506603725), 4.0]",0.721765802653397,2.472080636472671,12604663.51653945,0
7.140789716817133e-08,0.28570517172543336,"[np.float64(7.698564790527601), 4.0]",0.6986421440016116,2.445325507348591,9783821.841949122,0
5.698384378751577e-08,0.29210517331171654,"[np.float64(6.717101590884509), 4.0]",0.7222840878548611,2.4726850252805495,12675243.364560496,0
6.007546128192416e-08,0.29060555900763974,"[np.float64(6.92264886402594), 4.0]",0.7166798705368893,2.466160224134076,11929660.717437187,0
6.171363857576919e-08,0.28984278789523293,"[np.float64(7.032353443326203), 4.0]",0.7138445634745043,2.462868124676374,11567047.08956803,0
5.926760934748445e-08,0.2909895832024299,"[np.float64(6.868767071433794), 4.0]",0.7181112175390231,2.467824482361149,12116419.4986971,0
5.929640429651156e-08,0.2909758028486852,"[np.float64(6.870685349474167), 4.0]",0.7180598098870278,2.4677646830325513,12109668.67900406,0
5.859547352426853e-08,0.2913132226003093,"[np.float64(6.824035590597128), 4.0]",0.7193195212970938,2.4692305926807254,12276025.399797693,0
6.145220553313129e-08,0.2899631240962328,"[np.float64(7.0148033516007615), 4.0]",0.7142911857928248,2.4633862944440006,11623523.998788334,0
5.731149807581284e-08,0.29194229392655613,"[np.float64(6.73880818395113), 4.0]",0.7216734604868384,2.4719729737699114,12592123.478122903,0
6.255011735914508e-08,0.28946120182012175,"[np.float64(7.0886235089496195), 4.0]",0.7124300086726651,2.4612279787167695,11389746.954143884,0
6.765811356629463e-08,0.28723626689811876,"[np.float64(7.436795231821279), 4.0]",0.7042328995185768,2.451754811896245,10408698.41617053,0
6.638635378102958e-08,0.2877742774552939,"[np.float64(7.34929366826437), 4.0]",0.7062071092764078,2.454031387103797,10637835.47452808,0
5.793012368401629e-08,0.2916373976337919,"[np.float64(6.779836693370856), 4.0]",0.7205316843203267,2.4706422775898442,12437944.863548275,0
6.333776663779971e-08,0.28910656827573306,"[np.float64(7.141780512812272), 4.0]",0.7111176615207321,2.4597077325566308,11227387.690937938,0
6.321463029231702e-08,0.28916171608610325,"[np.float64(7.133458835576497), 4.0]",0.7113215950453412,2.4599438842503343,11252483.669619653,0
6.404813522283516e-08,0.28879050618928576,"[np.float64(7.189873889235967), 4.0]",0.7099499102777985,2.458356126888973,11084630.455012517,0
6.20245597821456e-08,0.2897003437821782,"[np.float64(7.053248013694357), 4.0]",0.7133162179757128,2.4622553382678953,11500544.630726233,0
5.964910303660896e-08,0.2908075688652002,"[np.float64(6.894195073754985), 4.0]",0.7174324831648808,2.4670351117904934,12027548.55717721,0
6.639927604536965e-08,0.2877687601219844,"[np.float64(7.350179814419673), 4.0]",0.7061868380161181,2.4540079948802207,10635459.903713273,0
5.98957546051494e-08,0.29069052468254525,"[np.float64(6.910651156134466), 4.0]",0.7169963328131692,2.466528049361706,11970737.117176699,0
6.391775507712463e-08,0.28884825210637144,"[np.float64(7.18103571974809), 4.0]",0.7101631327727106,2.4586028393593513,11110576.895509103,0
7.074897219798649e-08,0.2859685513800785,"[np.float64(7.652123985168895), 4.0]",0.6996009722557486,2.4464262551930567,9888496.617278904,0
6.091884333817637e-08,0.2902102499478419,"[np.float64(6.979050020817698), 4.0]",0.7152091816407479,2.4644518302482044,11740360.493557557,0
6.037218793676035e-08,0.2904658343492152,"[np.float64(6.942474372817765), 4.0]",0.7161597306202848,2.465555827675331,11862411.403251769,0
7.344466751479984e-08,0.28490533408902985,"[np.float64(7.843430487523185), 4.0]",0.6957377054577303,2.4419960675089354,9472950.576262493,0
5.489234417195198e-08,0.29316856948593634,"[np.float64(6.5788786254319795), 4.0]",0.7262823140213056,2.477353951328491,13231031.120591309,0
5.540635651318679e-08,0.2929033258677092,"[np.float64(6.612800706992474), 4.0]",0.7252831474248679,2.4761861111554757,13090251.607723916,0
6.268928310406359e-08,0.28939821757703466,"[np.float64(7.098003114895559), 4.0]",0.7121967696472228,2.4609576921725296,11360741.970281957,0
7.071675992471749e-08,0.2859814867468753,"[np.float64(7.649858767085622), 4.0]",0.699648094145144,2.446480372222166,9893667.28467147,0
6.095963859446978e-08,0.2901912703865067,"[np.float64(6.98178230062378), 4.0]",0.7151386403171048,2.4643699287184253,11731346.458178999,0
5.949415839238728e-08,0.2908813496597332,"[np.float64(6.883863892799775), 4.0]",0.717707542349925,2.46735496514123,12063496.009412598,0
6.246368603471444e-08,0.28950039048200915,"[np.float64(7.082800764755281), 4.0]",0.7125751646684584,2.4613962125648357,11407830.851871949,0
6.088971119051663e-08,0.2902238113020054,"[np.float64(6.977099120221292), 4.0]",0.7152595890059805,2.464510357703507,11746805.41295423,0
6.139133220317791e-08,0.2899912183714957,"[np.float64(7.010719319192283), 4.0]",0.7143954931169432,2.4635073335281508,11636748.503072273,0
6.199104201016357e-08,0.28971566464578513,"[np.float64(7.050994363190528), 4.0]",0.7133730281109344,2.4623212175397047,11507679.254592547,0
5.935077911510083e-08,0.2909497995558926,"[np.float64(6.874308168424885), 4.0]",0.7179628136696153,2.467651858724487,12096939.995972883,0
6.052469482286045e-08,0.29039429399151406,"[np.float64(6.9526715127155025), 4.0]",0.7158935473683863,2.465246604980834,11828123.20596766,0
6.033612349537896e-08,0.2904827790487288,"[np.float64(6.940063733753749), 4.0]",0.7162227907105254,2.465629091872528,11870547.015924541,0
6.275028736571828e-08,0.2893706524229113,"[np.float64(7.102116386035379), 4.0]",0.712094714137671,2.460839439574384,11348070.96559533,0
6.758927466909313e-08,0.2872651346905775,"[np.float64(7.432043481819031), 4.0]",0.7043387007726962,2.451876735864107,10420864.911201252,0
6.021875809810812e-08,0.2905379944289362,"[np.float64(6.932220710027159), 4.0]",0.7164283111758217,2.4658678896162605,11897095.420145,0
6.026819743402455e-08,0.2905147219302439,"[np.float64(6.935524160157388), 4.0]",0.716341680658743,2.4657672282465097,11885898.552763596,0
6.75422321336062e-08,0.2872848786091785,"[np.float64(7.428797308384769), 4.0]",0.7044110711335656,2.4519601398577064,10429194.42964456,0
5.5218067292180663e-08,0.29300018547281453,"[np.float64(6.600371404960406), 4.0]",0.725647869803323,2.4766123223858876,13141493.452924252,0
6.340300603034854e-08,0.2890773937766246,"[np.float64(7.146191211294775), 4.0]",0.7110097974298801,2.4595828409166107,11214133.870711863,0
6.273534883444939e-08,0.2893773999935213,"[np.float64(7.101109047358979), 4.0]",0.7121196946892895,2.4608683840038394,11351171.355856853,0
5.984125320943664e-08,0.2907163447272294,"[np.float64(6.907013844445786), 4.0]",0.7170925271423879,2.466639871298653,11983247.152807059,0
6.163583497831577e-08,0.28987854630549564,"[np.float64(7.0271286888411515), 4.0]",0.7139772525669198,2.4630220541208225,11583801.092629079,0
6.278380077408788e-08,0.28935552067005893,"[np.float64(7.104376492256231), 4.0]",0.712038696951726,2.4607745354326123,11341121.247403016,0
6.309848572188118e-08,0.2892138315355886,"[np.float64(7.12561360764803), 4.0]",0.7115143641113073,2.460167137697055,11276251.022052176,0
6.204014583704515e-08,0.28969322230204786,"[np.float64(7.054296079150975), 4.0]",0.7132898127593739,2.4622247185875277,11497229.787836142,0
6.073449433224015e-08,0.2902961782850777,"[np.float64(6.966707982366989), 4.0]",0.7155286308829223,2.464822772073342,11781256.084371364,0
5.994535435838473e-08,0.2906670477313371,"[np.float64(6.9139618859074785), 4.0]",0.7169088780575902,2.4664263928542303,11959373.428198177,0
6.64001645860187e-08,0.2877683807864838,"[np.float64(7.35024074839281), 4.0]",0.7061854443172821,2.454006386619843,10635296.594821656,0
6.030998109172692e-08,0.2904950684068126,"[np.float64(6.938316488139768), 4.0]",0.7162685290098251,2.465682233223851,11876450.896584345,0
5.839285193423038e-08,0.2914115394186338,"[np.float64(6.810567299799251), 4.0]",0.7196869531510742,2.4696583895986075,12324915.281782765,0
6.631932358661307e-08,0.2878029138510104,"[np.float64(7.344698008564818), 4.0]",0.7063123309249492,2.454152814069813,10650173.92709841,0
6.274170745506419e-08,0.28937452767652017,"[np.float64(7.101537815964471), 4.0]",0.7121090608290789,2.460856062718541,11349851.47382375,0
5.880394930787998e-08,0.2912124314369917,"[np.float64(6.8379008083847825), 4.0]",0.7189430199571754,2.468792339700408,12226100.940822931,0
6.300272110365037e-08,0.2892568748392289,"[np.float64(7.1191478370753805), 4.0]",0.7116736122930194,2.4603515912580223,11295918.649643613,0
5.623918630929337e-08,0.29247901682154764,"[np.float64(6.667826209244383), 4.0]",0.7236873935275814,2.4743224365019323,12868027.455937676,0
5.8771991870785093e-08,0.29122785782066124,"[np.float64(6.835774875747947), 4.0]",0.7190006329364766,2.468859395241093,12233729.197357422,0
6.055620674984319e-08,0.29037953484512363,"[np.float64(6.954779157741344), 4.0]",0.7158386436185173,2.465182830464674,11821061.490453593,0
7.07413311902305e-08,0.28597161924418424,"[np.float64(7.651586614947204), 4.0]",0.6996121478306928,2.446439089584309,9889722.684880864,0
6.284767445745692e-08,0.289326703361673,"[np.float64(7.108684913616548), 4.0]",0.7119320274684939,2.460650949935108,11327897.708457258,0
5.706960961018111e-08,0.2920624442674299,"[np.float64(6.722781898514473), 4.0]",0.7221238530178822,2.4724981495966056,12653386.941848936,0
6.153209311771047e-08,0.28992629722315166,"[np.float64(7.020164440080643), 4.0]",0.7141544774678049,2.4632276696105686,11606211.348956266,0
6.695784012050485e-08,0.2875312760191203,"[np.float64(7.38854050804985), 4.0]",0.7053147998137068,2.4530020162634574,10533714.924859332,0
6.197638193638315e-08,0.28972236835380416,"[np.float64(7.050008747435962), 4.0]",0.7133978869217947,2.4623500455808958,11510802.415895715,0
6.182366391389325e-08,0.2897922983883678,"[np.float64(7.0397445790948), 4.0]",0.7136572498665801,2.462650849713631,11543431.82993081,0
5.949905885028707e-08,0.2908790131596688,"[np.float64(6.884190564019817), 4.0]",0.717698830263769,2.467344833399208,12062356.012549033,0
6.000228950094214e-08,0.29064012328066696,"[np.float64(6.917762887222826), 4.0]",0.7168085928913239,2.466309829490102,11946354.028375348,0
6.020942914400104e-08,0.2905423880259927,"[np.float64(6.931597425361501), 4.0]",0.7164446671568738,2.465886895280763,11899210.42837618,0
6.569649691057013e-08,0.2880703670614283,"[np.float64(7.302071059669802), 4.0]",0.7072957528295627,2.455288129926736,10766110.616101412,0
6.375388386065427e-08,0.288920998635938,"[np.float64(7.169934465386576), 4.0]",0.7104318270874812,2.4589137876498834,11143349.770505894,0
6.10228823635246e-08,0.2901618724630681,"[np.float64(6.986018849525875), 4.0]",0.7150293896050361,2.4642430914008018,11717397.833577802,0
6.246596133163088e-08,0.2894993581428288,"[np.float64(7.082954022361194), 4.0]",0.7125713405066797,2.461391780202573,11407354.106401226,0
5.400492039381977e-08,0.29363274544268275,"[np.float64(6.520372755163462), 4.0]",0.7280338780151477,2.479402891246202,13480880.49581613,0
5.497883832630674e-08,0.2931237532671889,"[np.float64(6.584584875489794), 4.0]",0.72611340419936,2.4771564777880393,13207143.444715586,0
6.213053876141064e-08,0.28965195621208367,"[np.float64(7.060375678980931), 4.0]",0.7131368227929654,2.4620473209261027,11478040.219987528,0
6.465601250051241e-08,0.2885228140107944,"[np.float64(7.231148957675874), 4.0]",0.708962239761262,2.4572137984718876,10965140.167832704,0
5.726630246972931e-08,0.2919647031813287,"[np.float64(6.735813083589812), 4.0]",0.7217574438008911,2.4720708905440314,12603527.950532665,0
6.2085513009512e-08,0.28967250372579334,"[np.float64(7.0573470964541185), 4.0]",0.7132129969344927,2.4621356454654277,11487591.265054421,0
6.340800410919635e-08,0.2890751599207662,"[np.float64(7.146529171306147), 4.0]",0.711001539023186,2.459573279205544,11213119.684365941,0
6.357423090476042e-08,0.28900096645489903,"[np.float64(7.15777320157187), 4.0]",0.7107273007660913,2.459255792409283,11179487.201832153,0
6.196176040203097e-08,0.2897290560380843,"[np.float64(7.049025777592326), 4.0]",0.7134226871006956,2.4623788061039953,11513918.947294971,0
5.705204314767302e-08,0.2920711905234315,"[np.float64(6.721618375950718), 4.0]",0.7221566490257145,2.4725363967993936,12657857.794093201,0
6.808875095632585e-08,0.28705632437967216,"[np.float64(7.46656223350348), 4.0]",0.703573732243582,2.450995405741374,10333186.06027705,0
7.006770680078101e-08,0.2862433303852909,"[np.float64(7.604315147852227), 4.0]",0.700602580543696,2.4475769604855664,9998936.92162174,0
5.977475292387382e-08,0.2907478819545268,"[np.float64(6.9025765936252865), 4.0]",0.7172100371986693,2.4667764813187585,11998544.571352266,0
6.182862810231084e-08,0.2897900225209966,"[np.float64(7.040078128703019), 4.0]",0.7136488075660509,2.4626410576794227,11542368.47023585,0
6.08431097762496e-08,0.2902455185641592,"[np.float64(6.973978760375395), 4.0]",0.7153402813451015,2.4646040527477586,11757128.851167599,0
5.808254609488913e-08,0.29156279409050795,"[np.float64(6.789955276163282), 4.0]",0.7202525599721054,2.4703171137416184,12400499.089613475,0
5.792836195719093e-08,0.29163826110603597,"[np.float64(6.779719763745245), 4.0]",0.7205349155238161,2.470646042090612,12438378.907663425,0
7.186752989516797e-08,0.28552281315868444,"[np.float64(7.73107945321756), 4.0]",0.6979789748287942,2.4445646465415,9712021.212457491,0
5.4478365086523384e-08,0.2933841084201523,"[np.float64(6.551577251373904), 4.0]",0.7270951693677642,2.4783045451340495,13346493.937785769,0
5.689773395954633e-08,0.2921481413432369,"[np.float64(6.71139957987145), 4.0]",0.7224452516177327,2.472873003045915,12697258.771876283,0
6.173227762329338e-08,0.2898342282081729,"[np.float64(7.033605338319171), 4.0]",0.7138128042954696,2.4628312836218047,11563040.143299805,0
6.811693047693409e-08,0.28704458813853606,"[np.float64(7.46851260106113), 4.0]",0.7035307594976719,2.450945910738186,10328280.42267558,0
6.378524031629597e-08,0.2889070642588392,"[np.float64(7.172058053734428), 4.0]",0.7103803523247489,2.4588542137145564,11137064.762978712,0
6.123196456950377e-08,0.290064904087203,"[np.float64(7.000031497730561), 4.0]",0.7146691365856718,2.4638249113061224,11671504.280651623,0
6.302232289380772e-08,0.28924805907386447,"[np.float64(7.1204710887734), 4.0]",0.711640993779357,2.4603138083551572,11291887.716967657,0
5.760067624212378e-08,0.29179934544741254,"[np.float64(6.7579794423760715), 4.0]",0.7211379413579369,2.4713487285320137,12519608.942204807,0
6.19671488440934e-08,0.2897265912545101,"[np.float64(7.049388022947944), 4.0]",0.7134135467640449,2.462368206090366,11512770.235063773,0
6.096042469637637e-08,0.29019090478804765,"[np.float64(6.981834953955812), 4.0]",0.7151372815598639,2.4643683511796914,11731172.889981084,0
6.563162747368462e-08,0.28809836691309776,"[np.float64(7.297638954189296), 4.0]",0.70739878014194,2.4554071157068393,10778321.479618583,0
6.482325506188846e-08,0.2884496046568842,"[np.float64(7.242524991425464), 4.0]",0.708692346754031,2.456901778725032,10932686.827858673,0
5.9459485403804405e-08,0.290897887126755,"[np.float64(6.881552682287644), 4.0]",0.7177692082086361,2.467426681225352,12071567.779877068,0
6.362418470322164e-08,0.2889787081315984,"[np.float64(7.161153779660153), 4.0]",0.7106450470644844,2.459160578504845,11169416.950163301,0
6.501996767125787e-08,0.2883637348249723,"[np.float64(7.255917028325669), 4.0]",0.708375899220615,2.456536012236687,10894743.947000654,0
6.454641106224378e-08,0.2885708935866468,"[np.float64(7.223698525765494), 4.0]",0.7091395405579816,2.457418805285898,10986506.126175473,0
6.129480627619136e-08,0.290035825138338,"[np.float64(7.004245177527483), 4.0]",0.7145611359240727,2.463699563953003,11657776.234813362,0
6.312839368294887e-08,0.2892004022681251,"[np.float64(7.127633439921954), 4.0]",0.7114646862338438,2.460109601003344,11270121.806156652,0
5.4898391778614836e-08,0.29316543354403585,"[np.float64(6.5792775780682495), 4.0]",0.7262704936647634,2.477340131423344,13229358.2768972,0
6.097736861365531e-08,0.290183025717693,"[np.float64(6.982969897579441), 4.0]",0.715107999339527,2.464334354398888,11727432.908270583,0
6.30998756502771e-08,0.28921320728843397,"[np.float64(7.125707470805022), 4.0]",0.7115120548106921,2.4601644630326205,11275966.037621938,0
6.452163576892019e-08,0.2885817731874134,"[np.float64(7.222014884622662), 4.0]",0.7091796663649924,2.4574652048604277,10991346.668656552,0
6.739847450710595e-08,0.2873452974460129,"[np.float64(7.418882493188921), 4.0]",0.7046325755740538,2.452215441968184,10454725.878102226,0
6.430777965399341e-08,0.28867585743247104,"[np.float64(7.2074899079432795), 4.0]",0.7095267514087843,2.4578666110821596,11033295.74160976,0
6.287613835191457e-08,0.28931387106338236,"[np.float64(7.110605227789552), 4.0]",0.7118845324217502,2.4605959258199266,11322014.218452292,0
6.058487576521742e-08,0.29036611403979057,"[np.float64(6.956696851546751), 4.0]",0.7157887218076382,2.4651248448004144,11814643.717047647,0
5.954292892287447e-08,0.29085810506238113,"[np.float64(6.887115219293591), 4.0]",0.717620874729979,2.4672541773455787,12052159.470682207,0
6.20481115265306e-08,0.28968958336954087,"[np.float64(7.054831746492004), 4.0]",0.7132763205714538,2.462209073156652,11495536.335001435,0
5.783413327324049e-08,0.2916844850321229,"[np.float64(6.773466354519128), 4.0]",0.7207079095931347,2.47084759929471,12461635.868010873,0
6.583371908965235e-08,0.2880112271888964,"[np.float64(7.311451249865025), 4.0]",0.707078188751745,2.4550368944054997,10740365.249437694,0
6.765363278624377e-08,0.28723814505495693,"[np.float64(7.436485881567964), 4.0]",0.7042397825738238,2.451762743555813,10409489.53619264,0
5.962257460423244e-08,0.2908201870606808,"[np.float64(6.89242590101892), 4.0]",0.7174795177279535,2.467089802050944,12033688.95909808,0
6.118943597263071e-08,0.2900846007144802,"[np.float64(6.9971803962537065), 4.0]",0.7147422992991009,2.4639098302312017,11680812.021519473,0
6.438586871047406e-08,0.288641466699596,"[np.float64(7.212792028363035), 4.0]",0.7093998630033835,2.457719852642283,11017943.489950629,0
6.435378288199763e-08,0.28865559239125155,"[np.float64(7.210613225090044), 4.0]",0.7094519787959493,2.4577801279330114,11024246.703520702,0
5.8606014760202316e-08,0.29130811736994006,"[np.float64(6.824736471104091), 4.0]",0.7193004465895233,2.4692083869261503,12273491.885306964,0
6.060724685852213e-08,0.29035564598146313,"[np.float64(6.958193401076074), 4.0]",0.7157497856320237,2.465079620589567,11809640.31088273,0
5.6250452134940093e-08,0.29247332246405533,"[np.float64(6.6685711328724295), 4.0]",0.7236659998283181,2.4742974632062587,12865069.921434665,0
6.114839546058237e-08,0.29010362136496587,"[np.float64(6.994429465333512), 4.0]",0.7148129575967913,2.463991846201459,11689807.266612183,0
6.331244216289557e-08,0.28911790129069753,"[np.float64(7.14006870655494), 4.0]",0.7111595660217362,2.4597562546177008,11232540.425340176,0
6.149873732692244e-08,0.2899416677901699,"[np.float64(7.017925812151428), 4.0]",0.7142115330196563,2.4632938703261154,11613434.097402101,0
5.99578183922225e-08,0.29066115128756803,"[np.float64(6.914793928440828), 4.0]",0.7168869145521575,2.466400863605262,11956520.997187406,0
5.975495973853497e-08,0.29075727566954035,"[np.float64(6.901256065494968), 4.0]",0.7172450422759686,2.4668171780889576,12003104.770120518,0
6.230825045253963e-08,0.2895710041742601,"[np.float64(7.072334318624322), 4.0]",0.7128367880557432,2.4616994719083376,11440487.943064827,0
6.878503011152619e-08,0.2867677079055698,"[np.float64(7.514845590994818), 4.0]",0.7025176456084234,2.4497794774011186,10213234.543466512,0
6.193828794854943e-08,0.28973979535101196,"[np.float64(7.047447896584744), 4.0]",0.713462513724944,2.462424993641634,11518925.326408751,0
5.988844194998257e-08,0.2906939876535888,"[np.float64(6.910163088221174), 4.0]",0.7170092336631742,2.4665430456635806,11972414.21411503,0
6.37557809267412e-08,0.2889201554109753,"[np.float64(7.170062934261677), 4.0]",0.710428712046695,2.4589101824209654,11142969.338937525,0
5.8324625585225066e-08,0.29144472395188886,"[np.float64(6.806033931612652), 4.0]",0.7198110097969825,2.469802849873541,12341459.5906009,0
5.9597217174486564e-08,0.29083225366506993,"[np.float64(6.890734956686381), 4.0]",0.717524498856482,2.467142106194322,12039563.80640626,0
5.868231662562201e-08,0.29127119186325306,"[np.float64(6.829810341883976), 4.0]",0.7191624953044177,2.4690477994200415,12255182.423906134,0
6.929436383624848e-08,0.2865583668034155,"[np.float64(7.550289856002249), 4.0]",0.7017525441034888,2.4488991612131303,10127122.975857323,0
6.03631246533527e-08,0.29047009171384497,"[np.float64(6.941868532871514), 4.0]",0.7161755740244712,2.465574234506758,11864454.965465298,0
5.7963995448808014e-08,0.2916208014204154,"[np.float64(6.782084936786631), 4.0]",0.7204695821225785,2.4705699271565775,12429605.249673907,0
7.199167774339523e-08,0.28547374690488914,"[np.float64(7.739878995412482), 4.0]",0.6978006376225168,2.444360103820692,9692795.88273709,0
6.06069499917272e-08,0.29035578486787456,"[np.float64(6.958173540963355), 4.0]",0.7157503022104682,2.4650802205858167,11809706.680639226,0
6.131655679154867e-08,0.2900257675137921,"[np.float64(7.005703820935944), 4.0]",0.7145237848727072,2.463656215783407,11653031.779031513,0
6.52456929357504e-08,0.2882655173681869,"[np.float64(7.2712996350779955), 4.0]",0.7080141063164489,2.456117931761288,10851507.194714813,0
6.344146598789995e-08,0.2890602089198911,"[np.float64(7.148791981251799), 4.0]",0.7109462684864607,2.459509287504491,11206334.17616891,0
6.360802158890035e-08,0.28898590814619085,"[np.float64(7.160059875830486), 4.0]",0.7106716531429017,2.45919137615316,11172673.436315687,0
6.113965413094078e-08,0.2901076743031608,"[np.float64(6.993843588978613), 4.0]",0.7148280143573743,2.4640093236912555,11691724.863644972,0
6.542721557502235e-08,0.28818677733100373,"[np.float64(7.283682056705634), 4.0]",0.7077241820480259,2.455782977284737,10816969.296767818,0
6.198551903047336e-08,0.2897181899864418,"[np.float64(7.050623039640104), 4.0]",0.7133823925318679,2.4623320771307204,11508855.676132265,0
6.096440176232478e-08,0.2901890552170381,"[np.float64(6.982101341194637), 4.0]",0.7151304076118448,2.4643603704384534,11730294.843207765,0
6.224207989850352e-08,0.28960111918001236,"[np.float64(7.067880579787827), 4.0]",0.7129483906632074,2.4618288516352305,11454443.550501414,0
5.456797313030137e-08,0.293337307185265,"[np.float64(6.557485436451999), 4.0]",0.7269185987621,2.4780980153438006,13321341.385107175,0
5.969977585738172e-08,0.2907834824560454,"[np.float64(6.897574829804173), 4.0]",0.7173427084283713,2.4669307292473337,12015835.87419238,0
6.3843253660171e-08,0.288881301990344,"[np.float64(7.175987723866763), 4.0]",0.7102851932974105,2.458744087636216,11125454.179985289,0
6.785839727416747e-08,0.2871524398059322,"[np.float64(7.450630551879999), 4.0]",0.7039257531454748,2.4514009131220087,10373450.912809094,0
6.250009232379501e-08,0.2894838769100459,"[np.float64(7.0852531560799425), 4.0]",0.7125139946060414,2.461325315286722,11400207.073530568,0
5.9086772453555774e-08,0.2910762840114979,"[np.float64(6.856723686803315), 4.0]",0.718434732210553,2.468200852056274,12158977.42215091,0
7.234334698023392e-08,0.2853351908061245,"[np.float64(7.764845613389084), 4.0]",0.6972972635395605,2.4437829121937855,9638719.974209655,0
5.6122655406253557e-08,0.2925379881295048,"[np.float64(6.660121860144436), 4.0]",0.7239089826563991,2.4745811211907593,12898694.42948233,0
5.6755734194979e-08,0.2922191465527526,"[np.float64(6.701998981343439), 4.0]",0.7227116486763439,2.473183763630892,12733720.370765284,0
6.100755449112853e-08,0.29016899454516026,"[np.float64(6.984991985774325), 4.0]",0.7150558558092946,2.464273817160046,11720775.595312137,0
6.087949171841869e-08,0.2902285701525964,"[np.float64(6.97641479677208), 4.0]",0.7152772783558947,2.464530897078176,11749067.841502564,0
6.042928659292e-08,0.29043902798732474,"[np.float64(6.946291580805739), 4.0]",0.7160599804721148,2.465439942538869,11849552.110317476,0
5.908268372108485e-08,0.29107824748176697,"[np.float64(6.856451458570489), 4.0]",0.7184420602267142,2.4682093782075456,12159942.896607516,0
6.274075442229144e-08,0.2893749581619326,"[np.float64(7.101473551239737), 4.0]",0.7121106545581777,2.46085790934157,11350049.280012622,0
6.808597773629224e-08,0.2870574796287964,"[np.float64(7.466370309560679), 4.0]",0.7035779623669144,2.451000277981729,10333669.071948752,0
6.518197418041314e-08,0.28829320846340634,"[np.float64(7.266955680784683), 4.0]",0.7081160919021087,2.4562357735596514,10863679.733635532,0
6.19994746995443e-08,0.28971180930177004,"[np.float64(7.051561328800285), 4.0]",0.7133587320127737,2.4623046389859926,11505883.484816315,0
5.7645606601640116e-08,0.291777202229687,"[np.float64(6.760959316131383), 4.0]",0.7210550200221738,2.4712520872503236,12508412.393073136,0
5.874890582069575e-08,0.29123900723028545,"[np.float64(6.834239220291509), 4.0]",0.7190422753056109,2.468907864175822,12239245.39973833,0
6.001452764670037e-08,0.29063433932017974,"[np.float64(6.918579998246611), 4.0]",0.7167870511159521,2.4662847920606437,11943558.988510367,0
6.039276338139201e-08,0.29045617171610777,"[np.float64(6.9438498166767975), 4.0]",0.7161237731763002,2.465514053102099,11857774.55907821,0
6.467146345581116e-08,0.28851604256341495,"[np.float64(7.2321995786708415), 4.0]",0.7089372722625095,2.4571849314295484,10962134.369309789,0
6.156399801278898e-08,0.2899116031527989,"[np.float64(7.02230594977793), 4.0]",0.7140999369601445,2.4631643894010535,11599310.636255318,0
6.020610644281258e-08,0.29054395306537156,"[np.float64(6.931375434127018), 4.0]",0.7164504933889264,2.465893665416355,11899963.902655866,0
6.881786203826746e-08,0.28675416860568453,"[np.float64(7.517127129564185), 4.0]",0.7024681390412186,2.449722500833744,10207642.583412401,0
5.419978110301086e-08,0.29353013231385466,"[np.float64(6.533213672491621), 4.0]",0.7276463365845253,2.478949370030929,13425263.382550888,0
5.919973184276321e-08,0.29102209453759315,"[np.float64(6.864245814519415), 4.0]",0.7182325144821989,2.4679655873668396,12132360.943624752,0
6.20671822083164e-08,0.28968087331052644,"[np.float64(7.056114255813232), 4.0]",0.7132440269492661,2.4621716263078812,11491483.930354716,0
6.104621241764782e-08,0.2901510356713814,"[np.float64(6.987581911479351), 4.0]",0.7149891209691447,2.464196342827897,11712260.149369216,0
6.459073692138281e-08,0.2885514390947353,"[np.float64(7.226711233042643), 4.0]",0.7090677942673642,2.457335844492419,10977855.774124583,0
6.229556535263731e-08,0.289576774809285,"[np.float64(7.071480433915046), 4.0]",0.712858172103915,2.461724261461931,11443160.810382402,0
6.216590904488208e-08,0.28963582553499845,"[np.float64(7.062755171471566), 4.0]",0.7130770280352123,2.4619779915625353,11470547.748612352,0
6.680763623645021e-08,0.28759494644482436,"[np.float64(7.378213840898555), 4.0]",0.7055485002129079,2.453271550612134,10560896.02864831,0
6.21436029396113e-08,0.2896459971902397,"[np.float64(7.061254517685478), 4.0]",0.7131147327801933,2.4620217082158367,11475271.774524728,0
6.036388648649462e-08,0.2904697338270347,"[np.float64(6.941919457309854), 4.0]",0.7161742421681949,2.4655726871518167,11864283.164213201,0
6.763764318308572e-08,0.28724484822072754,"[np.float64(7.43538203180797), 4.0]",0.7042643487867369,2.451791052647737,10412313.552682357,0
5.9300365650234214e-08,0.2909739076090206,"[np.float64(6.870949261951895), 4.0]",0.7180527399523069,2.467756459170727,12108740.512453668,0
5.9584873432980554e-08,0.29083812947613874,"[np.float64(6.889911869512534), 4.0]",0.7175464032667579,2.4671675772334645,12042425.567519827,0
6.476720177095639e-08,0.2884741206786584,"[np.float64(7.238711193285135), 4.0]",0.7087827168762292,2.4570062479391956,10943543.915680932,0
6.488354316612874e-08,0.2884232599598554,"[np.float64(7.246628038915557), 4.0]",0.7085952475523083,2.4567895378858666,10921031.943924688,0
5.630163666003039e-08,0.29244746608590955,"[np.float64(6.671955784759422), 4.0]",0.7235688646844256,2.4741840795155654,12851648.8615348,0
5.8002032306152564e-08,0.29160217642368613,"[np.float64(6.784609868501006), 4.0]",0.7203998941356259,2.4704887424739725,12420252.627237847,0
6.724899959985021e-08,0.28740825274160103,"[np.float64(7.408581600442152), 4.0]",0.7048634466898678,2.452481583135285,10481396.762539169,0
5.628197733610539e-08,0.29245739427529305,"[np.float64(6.6706557427930155), 4.0]",0.723606160693531,2.474227613518273,12856800.612606253,0
6.225117375318991e-08,0.28959697854134914,"[np.float64(7.068492591347697), 4.0]",0.7129330450065731,2.4618110610044894,11452523.736069161,0
6.11258783595334e-08,0.2901140626696088,"[np.float64(6.992920322547338), 4.0]",0.7148517478763096,2.46403687328458,11694748.068431132,0
6.520949925374396e-08,0.2882812432408409,"[np.float64(7.268832008597668), 4.0]",0.7080720226528509,2.456184851614855,10858418.340211336,0
5.994277023691802e-08,0.2906682703763015,"[np.float64(6.91378938576227), 4.0]",0.7169134323319165,2.4664316865538662,11959964.971561795,0
6.135243522449527e-08,0.29000918494347777,"[np.float64(7.008110167559747), 4.0]",0.714462205986881,2.4635847520695884,11645213.484559916,0
6.276445152488872e-08,0.28936425612223554,"[np.float64(7.103071563369144), 4.0]",0.7120710347799883,2.4608120032599663,11345132.753970176,0
6.202883615649454e-08,0.2896983896683744,"[np.float64(7.053535567102221), 4.0]",0.713308972370993,2.4622469361584547,11499634.953191172,0
6.037501030360409e-08,0.2904645087109853,"[np.float64(6.9426630391215), 4.0]",0.7161547974406914,2.4655500963571138,11861775.15895083,0
6.452250879384248e-08,0.2885813897443505,"[np.float64(7.222074209044978), 4.0]",0.7091782521269243,2.4574635694809484,10991176.03118685,0
6.305818830560322e-08,0.2892319359968642,"[np.float64(7.122892521287697), 4.0]",0.7115813415907997,2.4602447137736356,11284519.278324557,0
5.982924987200762e-08,0.29072203455255285,"[np.float64(6.906212849968766), 4.0]",0.7171137265561695,2.4666645156768783,11986005.642562572,0
6.321374928080929e-08,0.28916211104422074,"[np.float64(7.1333993114675565), 4.0]",0.7113230557708583,2.459945575864459,11252663.603467116,0
6.832193683376038e-08,0.2869593484848311,"[np.float64(7.482710952756937), 4.0]",0.7032187227760321,2.450586560392908,10292722.299238829,0
5.7136828850685865e-08,0.2920290020563285,"[np.float64(6.727234617746593), 4.0]",0.7219984666359146,2.472351929267117,12636306.234682603,0
5.827801649693929e-08,0.2914674172135398,"[np.float64(6.802937415217648), 4.0]",0.7198958572379148,2.4699016587177995,12352785.844654188,0
6.5870987276463e-08,0.28799518639861843,"[np.float64(7.313999923186824), 4.0]",0.7070191883379495,2.4549687693715607,10733392.918046962,0
5.480556376595809e-08,0.29321360908604593,"[np.float64(6.573154230258129), 4.0]",0.7264521018886763,2.477552471568579,13255079.447607188,0
6.11037719885048e-08,0.2901243173262181,"[np.float64(6.991438824943505), 4.0]",0.7148898466129313,2.464081098755688,11699602.55068084,0
6.320265941647165e-08,0.28916708311159706,"[np.float64(7.132650061631574), 4.0]",0.7113414448552557,2.4599668717505123,11254929.008095954,0
5.939942144177619e-08,0.2909265584444434,"[np.float64(6.877549547455492), 4.0]",0.71787613092441,2.467551036807452,12085574.463516926,0
6.175518649850549e-08,0.2898237112599588,"[np.float64(7.035144136481933), 4.0]",0.7137737848161456,2.4627860215892503,11558118.844534934,0
5.4510321258093006e-08,0.2933674087381994,"[np.float64(6.553684155627467), 4.0]",0.7270321607056711,2.478230843135249,13337513.775847185,0
6.19946882392148e-08,0.2897139975599818,"[np.float64(7.0512395124540355), 4.0]",0.7133668463160363,2.4623140487657738,11506902.713397233,0
5.8445764423685626e-08,0.2913858310023455,"[np.float64(6.814083691521109), 4.0]",0.7195908585396563,2.469546498072049,12312113.044209518,0
6.217057920814179e-08,0.2896336963929392,"[np.float64(7.063069375309255), 4.0]",0.7130691358667662,2.461968841150866,11469559.154008709,0
6.024238689305324e-08,0.29052686924541393,"[np.float64(6.933799478306116), 4.0]",0.7163868971374566,2.465819767369985,11891741.580711931,0
5.953144519326746e-08,0.290863576577828,"[np.float64(6.886349603921164), 4.0]",0.717641274448597,2.467277900148401,12054827.026604028,0
6.134235882520635e-08,0.2900138411354556,"[np.float64(7.007434317549343), 4.0]",0.7144794961295275,2.4636048173846246,11647408.247951804,0
6.068258430827576e-08,0.2903204224846459,"[np.float64(6.963234052626483), 4.0]",0.7156187852435066,2.4649274726146877,11792819.85763932,0
5.673932119742571e-08,0.2922273656360722,"[np.float64(6.700912600484974), 4.0]",0.7227424907882147,2.473219745231828,12737947.432846729,0
5.7509705162233245e-08,0.29184423418166106,"[np.float64(6.751947039134656), 4.0]",0.7213060662029436,2.471544686245061,12542336.361630782,0
7.184612133714067e-08,0.2855312824364474,"[np.float64(7.729562771916977), 4.0]",0.6980097616520188,2.4445999601020234,9715343.690950014,0
5.857603452751061e-08,0.2913226395999039,"[np.float64(6.822743156258758), 4.0]",0.71935470730877,2.469271555059078,12280700.00148133,0
6.032978032190998e-08,0.2904857604288428,"[np.float64(6.939639769552463), 4.0]",0.7162338865095238,2.4656419834560945,11871979.024087528,0
6.354474828094694e-08,0.2890141114947341,"[np.float64(7.15577833291563), 4.0]",0.710775881199817,2.459312029865253,11185438.61496315,0
6.83996316959707e-08,0.2869271085528992,"[np.float64(7.488096298137353), 4.0]",0.7031007350231699,2.4504507035574963,10279305.861592649,0
6.16197425798413e-08,0.2898859480619486,"[np.float64(7.0260482223448095), 4.0]",0.714004721150046,2.463053921459702,11587272.053675057,0
6.302204890747352e-08,0.28924818227825966,"[np.float64(7.120452592127963), 4.0]",0.7116414496287611,2.46031433637206,11291944.041260304,0
6.108075640374926e-08,0.29013499776127916,"[np.float64(6.98989651790375), 4.0]",0.7149295291977212,2.4641271639554487,11704660.703151304,0
6.196744747148527e-08,0.2897264546625824,"[np.float64(7.049408098798424), 4.0]",0.7134130402333643,2.4623676186705508,11512706.579719068,0
6.018483236379138e-08,0.2905539755545956,"[np.float64(6.929954159725817), 4.0]",0.7164878055184138,2.46593702306367,11904790.249934632,0
6.106732739387433e-08,0.290141231417476,"[np.float64(6.98899667879286), 4.0]",0.7149526909424785,2.4641540516306466,11707613.89852793,0
6.903353046325763e-08,0.28666538564169464,"[np.float64(7.532125213986588), 4.0]",0.7021435822866379,2.44934902312989,10171051.336572543,0
6.000860541448679e-08,0.2906371381191046,"[np.float64(6.9181845813184335), 4.0]",0.7167974748854885,2.466296907285611,11944911.39953146,0
6.333874259239875e-08,0.2891061316150282,"[np.float64(7.141846486069828), 4.0]",0.7111160469867251,2.459705863082982,11227189.203343388,0
5.8416939399487694e-08,0.29139983313268153,"[np.float64(6.812168012495382), 4.0]",0.7196431951726298,2.469607437437888,12319084.200069217,0
6.083842588224057e-08,0.29024770129209065,"[np.float64(6.973665161786866), 4.0]",0.7153483956525258,2.4646134748630972,11758167.396328775,0
6.092443088108612e-08,0.29020764963711176,"[np.float64(6.979424225942864), 4.0]",0.7151995166921887,2.4644406086004462,11739125.115311027,0
6.8786705901083e-08,0.28676701668861243,"[np.float64(7.514962033421655), 4.0]",0.7025151180904741,2.449776568458373,10212948.983204812,0
5.960143824055356e-08,0.2908302446595955,"[np.float64(6.8910164267229135), 4.0]",0.7175170096337634,2.46713339760652,12038585.490803743,0
6.308063590698693e-08,0.28922184950559676,"[np.float64(7.124408241249742), 4.0]",0.7115440258927287,2.4602014927608695,11279912.062743122,0
6.35808064580465e-08,0.2889980355303927,"[np.float64(7.158218154592275), 4.0]",0.710716469292372,2.4592432539827036,11178160.657042544,0
6.124700402602651e-08,0.2900579420680583,"[np.float64(7.001039841144519), 4.0]",0.7146432779445149,2.463794898526975,11668216.091693757,0
6.151406767118964e-08,0.28993460241598534,"[np.float64(7.018954653069776), 4.0]",0.7141853058309463,2.4632634389953387,11610113.472717686,0
6.178113841289911e-08,0.2898118020988912,"[np.float64(7.036887496192989), 4.0]",0.7137296023647796,2.462734771999509,11552548.572263956,0
5.9455334604336514e-08,0.2908998675374735,"[np.float64(6.881276017093066), 4.0]",0.7177765932022115,2.467435270006605,12072534.75199278,0
6.194130909396738e-08,0.2897384128602494,"[np.float64(7.047650978151386), 4.0]",0.7134573866593468,2.462419047637537,11518280.725662483,0
6.195628143329211e-08,0.28973156245297377,"[np.float64(7.048657454076798), 4.0]",0.7134319819313627,2.4623895853499205,11515087.178037142,0
7.132614231734797e-08,0.2857377242819121,"[np.float64(7.6927918321228645), 4.0]",0.6987605858719016,2.445461437155202,9796696.739365768,0
5.608474752705451e-08,0.2925571993827562,"[np.float64(6.657615982624135), 4.0]",0.7239811837577382,2.474665416832025,12908700.059824638,0
6.028587246787887e-08,0.2905064065315637,"[np.float64(6.936705304712515), 4.0]",0.7163107293905777,2.4657312654230576,11881900.353556925,0
5.7954314284739705e-08,0.29162554389117284,"[np.float64(6.781442328461761), 4.0]",0.7204873277117512,2.470590600872119,12431987.792519994,0
6.315999781069932e-08,0.28918621833488206,"[np.float64(7.129768096312786), 4.0]",0.7114122201148114,2.4600488370818043,11263651.753868459,0
5.75644215580686e-08,0.29181722609762173,"[np.float64(6.755575192507567), 4.0]",0.721204906693923,2.4714267774331393,12528657.23607422,0
5.8982677279547514e-08,0.2911263157405049,"[np.float64(6.849794018676874), 4.0]",0.7186214806910609,2.4684181464777075,12183602.268258614,0
6.086736061653778e-08,0.29023422023967627,"[np.float64(6.9756024969105885), 4.0]",0.7152982810816555,2.464555283973613,11751754.533731295,0
6.01053240741246e-08,0.2905914650670949,"[np.float64(6.924643253495018), 4.0]",0.7166273887165312,2.4660992316173793,11922860.408052271,0
6.072660228499978e-08,0.29029986284482223,"[np.float64(6.966179789991368), 4.0]",0.7155423316007398,2.464838682969781,11783012.793019172,0
6.576853818336723e-08,0.2880393035949372,"[np.float64(7.306994836981272), 4.0]",0.7071814687673299,2.455156153834556,10752580.007110072,0
6.131208291158903e-08,0.2900278359778072,"[np.float64(7.005403782132263), 4.0]",0.7145314663925157,2.4636651305676445,11654007.374416849,0
6.253132283253758e-08,0.2894697187596907,"[np.float64(7.0873571804937345), 4.0]",0.7124615533810774,2.4612645372158677,11393674.739443619,0
6.190625166395285e-08,0.2897544595133409,"[np.float64(7.045294559024079), 4.0]",0.7135168988863305,2.462488066912664,11525764.841320567,0
6.212200893791404e-08,0.28965584764245805,"[np.float64(7.059801894200204), 4.0]",0.7131512486093238,2.4620640474333353,11479848.459538085,0
5.83237482600227e-08,0.2914451509348,"[np.float64(6.8059756422074775), 4.0]",0.7198126061517226,2.469804708854991,12341672.60551581,0
6.660422742275747e-08,0.28768139420762484,"[np.float64(7.3642423111322035), 4.0]",0.7058659172793575,2.4536377099518694,10597914.645852882,0
5.5876621954766273e-08,0.29266291838676184,"[np.float64(6.6438611516062105), 4.0]",0.7243786220635541,2.4751294972951388,12963894.321492078,0
5.990583602499275e-08,0.2906857512501326,"[np.float64(6.911324037939015), 4.0]",0.7169785503562741,2.4665073787511527,11968425.74832192,0
6.392505560664496e-08,0.28884501556064546,"[np.float64(7.181530471126038), 4.0]",0.7101511805232008,2.458589008866239,11109121.044696927,0
6.602403900372196e-08,0.2879294043746465,"[np.float64(7.324471719762367), 4.0]",0.7067772792569809,2.45468947776289,10704847.657337926,0
6.561652950532633e-08,0.2881048876325079,"[np.float64(7.29660761188121), 4.0]",0.7074227755279122,2.4554348291038544,10781167.19767217,0
5.922708094916889e-08,0.29100899050087853,"[np.float64(6.866067404221416), 4.0]",0.7181836222204782,2.4679087095706413,12125933.115576856,0
6.093818578108533e-08,0.29020124946654113,"[np.float64(6.980345440785614), 4.0]",0.7151757287661282,2.4644129895401594,11736085.011380704,0
5.394521987384496e-08,0.29366426227177694,"[np.float64(6.516439213363794), 4.0]",0.7281529461885187,2.479542251942922,13498006.827877618,0
5.8864771330083467e-08,0.29118309554418487,"[np.float64(6.841947452088229), 4.0]",0.7188334706979184,2.468664842492001,12211607.289987907,0
6.289038823332736e-08,0.28930744902557154,"[np.float64(7.111566678751815), 4.0]",0.711860764188708,2.460568390431549,11319070.91347026,0
6.695296938636023e-08,0.2875333384945416,"[np.float64(7.388205511060807), 4.0]",0.7053223689607756,2.453010745305853,10534594.28947247,0
5.9090842864938984e-08,0.2910743294784193,"[np.float64(6.85699469841767), 4.0]",0.7184274376172933,2.468192364832223,12158016.416509194,0
6.176788729299162e-08,0.28981788231591765,"[np.float64(7.035997310680272), 4.0]",0.7137521593844014,2.46276093690579,11555392.140883308,0
6.229053280908262e-08,0.2895790645149493,"[np.float64(7.071141685058207), 4.0]",0.7128666571514004,2.461734097889522,11444221.537425296,0
6.69850198116753e-08,0.2875197696820789,"[np.float64(7.390410019164433), 4.0]",0.7052725736857697,2.4529533202729517,10528810.406693986,0
6.505825339897542e-08,0.2883470521646432,"[np.float64(7.25852493793922), 4.0]",0.7083144352368554,2.456464978294334,10887387.813703747,0
6.193708498648195e-08,0.2897403458512857,"[np.float64(7.047367034055208), 4.0]",0.7134645553038316,2.462427361324507,11519182.012836874,0
5.964134633627368e-08,0.2908112577275144,"[np.float64(6.893677766950585), 4.0]",0.7174462331781303,2.467051099687365,12029343.3540715,0
5.9360807214019477e-08,0.2909450065661245,"[np.float64(6.87497637237634), 4.0]",0.717944936397348,2.4676310649592716,12094595.240406167,0
5.573962734800075e-08,0.29273273190497656,"[np.float64(6.634810173580072), 4.0]",0.7246411870250282,2.4754361506121314,13000467.019645752,0
5.996255009984513e-08,0.29065891315618925,"[np.float64(6.915109804465723), 4.0]",0.7168785779572925,2.466391173671212,11955438.465568928,0
6.325476428005998e-08,0.28914372984926767,"[np.float64(7.1361706566071526), 4.0]",0.7112550770820588,2.4598668539443698,11244292.586926457,0
6.20867798611745e-08,0.2896719253916074,"[np.float64(7.057432301951894), 4.0]",0.7132108528212419,2.462133159287191,11487322.332000066,0
5.935362636755712e-08,0.29094843860984687,"[np.float64(6.874497887830918), 4.0]",0.717957737464139,2.4676459543640954,12096274.168962607,0
5.9369070395780105e-08,0.2909410577552847,"[np.float64(6.8755269893409485), 4.0]",0.7179302081155658,2.4676139340891123,12092663.794961419,0
6.985978694850306e-08,0.2863277012111713,"[np.float64(7.589764761615615), 4.0]",0.7009103868117392,2.447930758522056,10033102.267094133,0
5.462825020609717e-08,0.2933058709296784,"[np.float64(6.561460133358071), 4.0]",0.7268000187680328,2.477959327797727,13304471.880867844,0
5.470733233601791e-08,0.2932646829210871,"[np.float64(6.566675353086483), 4.0]",0.7266446811285643,2.4777776645000684,13282400.184776694,0
6.265722761663994e-08,0.2894127128848548,"[np.float64(7.095842148554584), 4.0]",0.7122504415260004,2.4610198854995526,11367410.7300727,0
5.916085695418532e-08,0.2910407317692661,"[np.float64(6.8616568003287375), 4.0]",0.7183020567904671,2.468046491031809,12141508.65574389,0
6.299841234457219e-08,0.2892588130427579,"[np.float64(7.118856981435265), 4.0]",0.7116807838689836,2.4603598983993056,11296805.06829948,0
6.250208217530951e-08,0.289482974610746,"[np.float64(7.085387206176521), 4.0]",0.7125106524203018,2.4613214417130433,11399790.656922596,0
6.313999329386611e-08,0.28919519553375156,"[np.float64(7.128416886645217), 4.0]",0.7114454262050488,2.460087294645312,11267746.306114415,0
5.833812022485904e-08,0.2914381571219933,"[np.float64(6.806930531288277), 4.0]",0.7197864588933685,2.469774260177169,12338183.954488356,0
6.038706574394608e-08,0.2904588471014904,"[np.float64(6.94346892704775), 4.0]",0.7161337288918407,2.465525619337095,11859058.228270257,0
6.194748729930375e-08,0.2897355858961964,"[np.float64(7.048066284725896), 4.0]",0.7134469027661808,2.4624068892310227,11516962.735213306,0
6.128652280040742e-08,0.29003965644277363,"[np.float64(7.003689697164947), 4.0]",0.714575364727383,2.46371607762669,11659584.066378664,0
6.360581853885665e-08,0.28898688965794134,"[np.float64(7.159910781459062), 4.0]",0.7106752801752001,2.459195574637968,11173117.43643469,0
5.717995757917246e-08,0.2920075667108547,"[np.float64(6.730091894739034), 4.0]",0.7219181085826061,2.4722582250666396,12625369.782463104,0
5.955060987657032e-08,0.2908544460156042,"[np.float64(6.88762732014082), 4.0]",0.7176072328221714,2.4672383133647275,12050375.878761703,0
6.084761945630655e-08,0.29024341718308366,"[np.float64(6.974280699695298), 4.0]",0.7153324695245669,2.4645949819193995,11756129.096196324,0
6.591513177311948e-08,0.2879761975232297,"[np.float64(7.317019463644375), 4.0]",0.7069493502361889,2.4548881342151985,10725145.06486182,0
6.197656222877464e-08,0.28972228590057,"[np.float64(7.050020868392421), 4.0]",0.7133975811624251,2.4623496909977325,11510763.997026073,0
5.830327260901312e-08,0.291455118061145,"[np.float64(6.804615280272562), 4.0]",0.7198498710184887,2.469848104940363,12346646.059576541,0
6.04383122115878e-08,0.2904347930604432,"[np.float64(6.9468950353965555), 4.0]",0.7160442228881144,2.4654216367909356,11847521.823265402,0
5.4843740303536574e-08,0.2931937859319055,"[np.float64(6.575672422560314), 4.0]",0.726377369162565,2.4774650896975925,13244489.984497372,0
5.749668594674531e-08,0.2918506644219032,"[np.float64(6.751083826269816), 4.0]",0.72133015274989,2.471572761976397,12545595.296014134,0
6.337925873338186e-08,0.28908800987682803,"[np.float64(7.144585565045179), 4.0]",0.7110490455958908,2.459628283784056,11218954.9042703,0
6.711512646968273e-08,0.28746475314656766,"[np.float64(7.399362954718747), 4.0]",0.7050707050725833,2.4527205417531444,10505391.8864487,0
5.80656327265636e-08,0.29157106235634883,"[np.float64(6.788832285879686), 4.0]",0.7202834902933926,2.4703531429778347,12404643.78792312,0
6.156511910065296e-08,0.28991108696687756,"[np.float64(7.022381203635114), 4.0]",0.7140980210834569,2.4631621665612355,11599068.295733763,0
6.156780434899803e-08,0.28990985062855124,"[np.float64(7.022561454192168), 4.0]",0.714093432306747,2.4631568425789148,11598487.876210392,0
6.593376173553306e-08,0.28796818755855474,"[np.float64(7.3182939774372056), 4.0]",0.7069198927320682,2.4548541237331114,10721667.839423373,0
6.212941882052559e-08,0.28965246711469317,"[np.float64(7.060300341639924), 4.0]",0.7131387167310363,2.4620495169083303,11478277.606154557,0
5.982185372032771e-08,0.2907255410617658,"[np.float64(6.905719312522491), 4.0]",0.7171267915548162,2.466679703942695,11987705.946182232,0
7.247651639536762e-08,0.2852828882368526,"[np.float64(7.774315693363485), 4.0]",0.6971073346622962,2.4435651888224417,9618389.091157425,0
5.694807388025637e-08,0.29212301393584106,"[np.float64(6.714732852536614), 4.0]",0.7223510001811856,2.4727630680266617,12684379.838729214,0
5.972243698118001e-08,0.290772717695167,"[np.float64(6.899086443864543), 4.0]",0.7173025893829453,2.466884084135201,12010604.818570696,0
6.259852403012224e-08,0.289439277703383,"[np.float64(7.091885467603204), 4.0]",0.7123488128470638,2.4611338809968903,11379642.313999025,0
6.789500893325736e-08,0.2871371423441567,"[np.float64(7.453161304095769), 4.0]",0.7038697157289178,2.4513363544075184,10367031.78610435,0
6.199800148927117e-08,0.289712482800984,"[np.float64(7.051462277285486), 4.0]",0.713361229413313,2.462307535099727,11506197.172125962,0
5.7495133472940686e-08,0.29185143129577473,"[np.float64(6.750980894402755), 4.0]",0.7213330253732761,2.471576110388324,12545984.01293845,0
6.517095416221646e-08,0.28829800029887837,"[np.float64(7.266204538130884), 4.0]",0.7081337414685512,2.456256168042891,10865787.53636078,0
5.731284788163102e-08,0.2919416249380547,"[np.float64(6.738897640017129), 4.0]",0.7216709534512444,2.471970050877025,12591783.171231013,0
6.064723800288374e-08,0.2903369428385299,"[np.float64(6.96086895397081), 4.0]",0.7156802236869804,2.4649988275346826,11800705.972017229,0
6.941739968313221e-08,0.28650802037795225,"[np.float64(7.558868036659518), 4.0]",0.7015686511238615,2.4486876499944903,10106524.507202711,0
6.078870652805717e-08,0.29027088143655644,"[np.float64(6.970336637277044), 4.0]",0.7154345731948861,2.464713544996956,11769202.110998621,0
6.314008160545642e-08,0.2891951558968858,"[np.float64(7.128422851423891), 4.0]",0.7114452795876838,2.4600871248388185,11267728.224256877,0
6.312722894550744e-08,0.2892009251386489,"[np.float64(7.127554774744143), 4.0]",0.7114666203901676,2.4601118410982807,11270360.386075532,0
5.739604825792629e-08,0.2919004209646599,"[np.float64(6.7444121438507105), 4.0]",0.7215165568063673,2.471790052312808,12570840.30531191,0
6.204963283917822e-08,0.2896888884484386,"[np.float64(7.054934051800259), 4.0]",0.7132737440164553,2.4622060854205325,11495212.967095807,0
5.919064939281444e-08,0.2910264476774985,"[np.float64(6.863640909452235), 4.0]",0.718248757084862,2.467984483254906,12134496.993237164,0
5.899448817969634e-08,0.2911206344364622,"[np.float64(6.850580171962381), 4.0]",0.7186002724210252,2.4683934679245882,12180803.573245341,0
6.267429192051307e-08,0.28940499557414634,"[np.float64(7.096992474943028), 4.0]",0.7122218661256867,2.460986772922562,11363859.79484164,0
5.990302307494855e-08,0.29068708306563695,"[np.float64(6.911136286148917), 4.0]",0.7169835117250648,2.46651314590119,11969070.589776417,0
6.248936173030372e-08,0.28948874320350276,"[np.float64(7.084530287697468), 4.0]",0.7125320199764662,2.4613462067351457,11402453.15757369,0
7.058854885881271e-08,0.2860330277457482,"[np.float64(7.640847400280746), 4.0]",0.6998358802108974,2.446696053691304,9914297.595360264,0
6.407647869243068e-08,0.2887779682899899,"[np.float64(7.191795904528458), 4.0]",0.7099036227387542,2.45830257392029,11079004.920765327,0
6.031392042232427e-08,0.2904932162067757,"[np.float64(6.938579766403556), 4.0]",0.7162616353563781,2.465674223684923,11875560.904365702,0
6.319182276934322e-08,0.2891719424973769,"[np.float64(7.131917953208578), 4.0]",0.711359417608337,2.4599876857513236,11257143.510559482,0
5.424984128352877e-08,0.2935038339633864,"[np.float64(6.536513032450915), 4.0]",0.7275470453045076,2.478833190966993,13411044.679413727,0
6.110326690488776e-08,0.2901245516674706,"[np.float64(6.991404977225478), 4.0]",0.7148907172737475,2.4640821094421796,11699713.50936986,0
5.996890328911756e-08,0.2906559083372635,"[np.float64(6.915533933696161), 4.0]",0.7168673857426838,2.4663781646264162,11953985.25610143,0
6.719235143080458e-08,0.28743214734860995,"[np.float64(7.404679935641722), 4.0]",0.7049510916212908,2.4525826290623507,10491537.751097417,0
6.377025603554121e-08,0.2889137222113953,"[np.float64(7.171043220263619), 4.0]",0.7104049469377178,2.4588826778463697,11140067.346472412,0
5.984643084329738e-08,0.29071389078534865,"[np.float64(6.907359362343165), 4.0]",0.7170833843089668,2.4666292428332297,11982057.646622013,0
6.256896252610462e-08,0.2894526645240015,"[np.float64(7.08989334476233), 4.0]",0.7123983898474081,2.46119133509768,11385811.128803452,0
5.527185382785988e-08,0.2929724811547618,"[np.float64(6.603921558906214), 4.0]",0.725543532809207,2.4764903855455995,13126817.404548414,0
6.208528158992849e-08,0.2896726093731191,"[np.float64(7.057331531755756), 4.0]",0.7132133886114922,2.4621360996297104,11487640.393132888,0
6.109060665889712e-08,0.29013042622620194,"[np.float64(6.990556582139284), 4.0]",0.7149125436578239,2.464107446284996,11702495.4040738,0
6.830558293122868e-08,0.2869661391611748,"[np.float64(7.481577703036901), 4.0]",0.7032435767658987,2.4506151799704887,10295550.474606698,0
6.717887818503679e-08,0.2874378333603563,"[np.float64(7.4037521361134395), 4.0]",0.7049719492616864,2.452606676790088,10493952.38961745,0
6.033369407477659e-08,0.290483920872449,"[np.float64(6.939901355409266), 4.0]",0.7162270402160424,2.4656340291225156,11871095.433479715,0
6.353458343995618e-08,0.28901864497924823,"[np.float64(7.155090612732649), 4.0]",0.7107926364081435,2.4593314263831627,11187491.881171823,0
6.196433278502406e-08,0.2897278793504327,"[np.float64(7.049198708614922), 4.0]",0.7134183234907483,2.4623737456340957,11513370.537948757,0
6.121077511697452e-08,0.29007471599635315,"[np.float64(6.998610910491384), 4.0]",0.7147055818644903,2.463867212313243,11676140.034147246,0
6.072786576744e-08,0.29029927292997726,"[np.float64(6.966264350334883), 4.0]",0.7155401380371432,2.464836135534304,11782731.518629937,0
7.073924371089247e-08,0.285972457421924,"[np.float64(7.651439813089351), 4.0]",0.6996152011618798,2.446442596147177,9890057.688786862,0
5.8222732440795474e-08,0.29149435857755207,"[np.float64(6.799265061975133), 4.0]",0.7199965996832555,2.4700189849187093,12366245.442283101,0
6.066418529616698e-08,0.29032902069147104,"[np.float64(6.962002898985802), 4.0]",0.7156507609824224,2.4649646090424264,11796923.629462147,0
6.069620295508424e-08,0.2903140599468711,"[np.float64(6.9641453820264525), 4.0]",0.7155951245389978,2.4648999937169944,11789784.034242552,0
5.686408636094447e-08,0.29216494965127887,"[np.float64(6.709171797935196), 4.0]",0.7225083048630757,2.4729465520263276,12705880.830951162,0
6.25875378412145e-08,0.2894442520148447,"[np.float64(7.091145090829431), 4.0]",0.7123672344370418,2.4611552292995844,11381934.15188065,0
6.171062872581269e-08,0.2898441703669809,"[np.float64(7.032151294375173), 4.0]",0.7138496930081623,2.462874075073977,11567694.37854664,0
5.667278954975401e-08,0.2922607079557266,"[np.float64(6.696509238847303), 4.0]",0.7228676201700217,2.4733657330342402,12755109.214015376,0
6.208584853569136e-08,0.289672350552586,"[np.float64(7.057369663124524), 4.0]",0.7132124290603421,2.4621349869941014,11487520.036878241,0
5.963618138054027e-08,0.2908137143044656,"[np.float64(6.893333314598949), 4.0]",0.7174553900549038,2.4670617469703244,12030538.734141935,0
6.054806912866497e-08,0.29038334548655453,"[np.float64(6.954234859366444), 4.0]",0.7158528187657875,2.465199295663233,11822884.347386809,0
5.7591925107629766e-08,0.291803660396138,"[np.float64(6.757399086754517), 4.0]",0.7211541008767519,2.471367562345686,12521791.892336197,0
6.045228182137463e-08,0.29042823962923714,"[np.float64(6.947829081930006), 4.0]",0.7160198390900934,2.465393310251681,11844380.683690323,0
6.328386346722514e-08,0.2891306960760073,"[np.float64(7.138137151341826), 4.0]",0.7112068782139525,2.4598110400114312,11238360.606448881,0
6.286149742124383e-08,0.2893204708627721,"[np.float64(7.109617450779391), 4.0]",0.7119089593123622,2.460624224720098,11325039.786146982,0
6.134501450568954e-08,0.2900126138996046,"[np.float64(7.007612438478989), 4.0]",0.714474938917208,2.463599528689956,11646829.733016737,0
5.771664257760721e-08,0.2917422298643964,"[np.float64(6.765671231131023), 4.0]",0.7209240741564232,2.4710994856367323,12490748.62916794,0
6.98417968330053e-08,0.2863350126500297,"[np.float64(7.588506680524539), 4.0]",0.7009370666173272,2.4479614285733233,10036068.635136887,0
5.674983203696582e-08,0.2922221018710293,"[np.float64(6.701608311504571), 4.0]",0.7227227383704964,2.4731967012182614,12735240.130750127,0
6.11612881466192e-08,0.29009764471673977,"[np.float64(6.9952936142133195), 4.0]",0.7147907547362495,2.463966074023776,11686980.055467665,0
6.307072069055788e-08,0.28922630431358676,"[np.float64(7.123738722846118), 4.0]",0.711560506554323,2.4602205813992297,11281946.658663258,0
6.020879073943844e-08,0.29054268871673183,"[np.float64(6.931554773065029), 4.0]",0.7164457865464531,2.4658881960198307,11899355.189626172,0
6.242338227618502e-08,0.28951868324623836,"[np.float64(7.080086245635933), 4.0]",0.7126429308614473,2.4614747582812737,11416281.926353194,0
6.261377343163455e-08,0.2894323745593532,"[np.float64(7.0929132030564315), 4.0]",0.7123232488453862,2.4611042559764225,11376462.554571051,0
5.921543505329366e-08,0.2910145697472163,"[np.float64(6.865291710388775), 4.0]",0.7182044384859738,2.467932925522688,12128669.456529241,0
6.195982785106946e-08,0.28972994007929015,"[np.float64(7.0488958610328165), 4.0]",0.7134259654811949,2.4623826080451066,11514330.982262095,0
5.717373256054411e-08,0.2920106595566808,"[np.float64(6.729679470207257), 4.0]",0.721929702716661,2.472271744506404,12626947.207831388,0
6.851325354785927e-08,0.28688002437344595,"[np.float64(7.495976222761029), 4.0]",0.7029284545835512,2.4502523524207263,10259744.183547309,0
6.000659622721503e-08,0.29063808770904526,"[np.float64(6.918050433150455), 4.0]",0.7168010115435017,2.4663010178524285,11945370.286115447,0
6.039528718135077e-08,0.29045498672187786,"[np.float64(6.944018536138774), 4.0]",0.716119363584477,2.465508930201944,11857206.033877503,0
6.281576625790896e-08,0.28934109540494296,"[np.float64(7.106532494859803), 4.0]",0.7119852989007378,2.4607126682239504,11334499.940309074,0
6.812144648952008e-08,0.2870427077426509,"[np.float64(7.468825193312338), 4.0]",0.7035238745709079,2.4509379809838423,10327494.655873746,0
6.239049016922757e-08,0.2895336209050857,"[np.float64(7.077871232774283), 4.0]",0.7126982723090979,2.461538905503251,11423187.578362979,0
5.94789028645732e-08,0.2908886246436205,"[np.float64(6.882846969480852), 4.0]",0.717734669132952,2.467386512663663,12067046.205730349,0
7.185333780892626e-08,0.28552842731615985,"[np.float64(7.730073995657731), 4.0]",0.6979993828145301,2.444588055120864,9714223.501636947,0
5.751271319237436e-08,0.2918427487195589,"[np.float64(6.752146484316773), 4.0]",0.7213005020280053,2.471538200598317,12541583.625438191,0
6.160058813497668e-08,0.28989476077516463,"[np.float64(7.024762249561115), 4.0]",0.714037427177935,2.4630918657123475,11591406.00432849,0
6.487453523283739e-08,0.2884271947008384,"[np.float64(7.2460149092178465), 4.0]",0.708609749138302,2.4568063003673566,10922771.8795221,0
6.883286089354051e-08,0.2867479854234584,"[np.float64(7.518169568239456), 4.0]",0.7024455312414352,2.4496964824498786,10205089.867292656,0
6.138078002215924e-08,0.2899960912956096,"[np.float64(7.010011458189858), 4.0]",0.714413586532887,2.463528330127196,11639043.78984716,0
6.183073023288238e-08,0.28978905884014816,"[np.float64(7.040219375186336), 4.0]",0.7136452328318896,2.462636911442356,11541918.236190647,0
5.548302155567095e-08,0.2928639872322622,"[np.float64(6.617862611622067), 4.0]",0.7251350665770986,2.476013092050182,13069494.887719974,0
6.213730356344175e-08,0.2896488703945697,"[np.float64(7.060830747600919), 4.0]",0.7131253836315474,2.4620340575128203,11476606.526761359,0
5.9378327586453676e-08,0.2909366345990278,"[np.float64(6.876143858211746), 4.0]",0.7179137109467422,2.467594745969957,12090500.694912195,0
7.260224882724008e-08,0.28523358945553323,"[np.float64(7.783264937242122), 4.0]",0.6969283568627169,2.443360048138248,9599266.801240351,0
6.221869164892728e-08,0.2896117711909308,"[np.float64(7.066306662597131), 4.0]",0.7129878695576408,2.4618746214137586,11459383.838874623,0
6.043024377071182e-08,0.2904385788375448,"[np.float64(6.946355577037154), 4.0]",0.7160583092321852,2.4654380010332866,11849336.76503272,0
5.815891869179719e-08,0.29152548966685954,"[np.float64(6.795026766603095), 4.0]",0.7201130248825355,2.4701545847858584,12381815.911995303,0
6.332455013384492e-08,0.28911248225675884,"[np.float64(7.140887121209132), 4.0]",0.7111395285383638,2.4597330526421395,11230076.282188743,0
6.535618173840681e-08,0.28821756425813455,"[np.float64(7.278835244726433), 4.0]",0.7078375279610726,2.455913919691294,10830460.243137324,0
5.967846690290985e-08,0.2907936087224645,"[np.float64(6.896153509083185), 4.0]",0.7173804497460181,2.4669746109540225,12020758.69196029,0
6.327337124373322e-08,0.2891353949382425,"[np.float64(7.137428069314711), 4.0]",0.711224254253774,2.459831161126735,11240498.811326033,0
5.876424836389087e-08,0.2912315970435812,"[np.float64(6.835259776235179), 4.0]",0.7190145984621783,2.468875650036633,12235578.918831104,0
6.19963606002018e-08,0.2897132329760386,"[np.float64(7.051351952517489), 4.0]",0.7133640111447128,2.4623107609437818,11506546.581742264,0
6.046185031761543e-08,0.2904237517442307,"[np.float64(6.94846888299898), 4.0]",0.7160031411476299,2.465373912593061,11842230.057240307,0
6.078767548014513e-08,0.29027136233610584,"[np.float64(6.970267618514673), 4.0]",0.7154363611503558,2.464715621246682,11769431.147009995,0
6.173783613134256e-08,0.2898316760588324,"[np.float64(7.033978693383282), 4.0]",0.7138033352539547,2.4628202995626363,11561845.700833961,0
6.10991534416953e-08,0.2901264602449376,"[np.float64(6.991129319492826), 4.0]",0.714897808351568,2.464090340977585,11700617.243965073,0
6.633084304460216e-08,0.28779799052485533,"[np.float64(7.345487681892531), 4.0]",0.7062942396237206,2.4541319358611795,10648051.603215633,0
6.196159126574243e-08,0.28972913340799417,"[np.float64(7.049014407295305), 4.0]",0.7134229740189038,2.4623791388429943,11513955.00737154,0
5.953785932386133e-08,0.2908605203798854,"[np.float64(6.886777227985724), 4.0]",0.7176298798111169,2.467264649302831,12053336.951661415,0
7.37876616159794e-08,0.28477269085231216,"[np.float64(7.868031385253239), 4.0]",0.6952571080678972,2.441445863320051,9422403.323827961,0
6.925404511887387e-08,0.2865748840042165,"[np.float64(7.547480176770939), 4.0]",0.7018128836400132,2.4489685691705176,10133890.120575028,0
5.977663339613969e-08,0.2907469896609271,"[np.float64(6.902702056016145), 4.0]",0.7172067122047926,2.4667726157412955,11998111.493697954,0
5.990772554160211e-08,0.2906848566781844,"[np.float64(6.911450155628669), 4.0]",0.7169752178542066,2.466503505024226,11967992.631539864,0
6.608662639221712e-08,0.2879025474572529,"[np.float64(7.328756273068177), 4.0]",0.7066785364225797,2.4545754897410403,10693215.480973678,0
6.241688073985992e-08,0.2895216352310434,"[np.float64(7.079648397842304), 4.0]",0.7126538671447282,2.4614874345263273,11417646.295317378,0
5.74187121486341e-08,0.29188920773028376,"[np.float64(6.745914487538069), 4.0]",0.7214745445775083,2.4717410766491135,12565146.754073812,0
6.769728674186878e-08,0.2872198522908133,"[np.float64(7.439500050001828), 4.0]",0.7041727460012388,2.4516854959184924,10401786.835065706,0
6.253799423841185e-08,0.28946669524556123,"[np.float64(7.087806672366835), 4.0]",0.7124503548615303,2.461251558688444,11392280.221611772,0
6.314566995807086e-08,0.28919264779148135,"[np.float64(7.128800306763436), 4.0]",0.7114360021239705,2.4600763800777616,11266584.115686296,0
5.8893983524757255e-08,0.2911690169377738,"[np.float64(6.843891260413529), 4.0]",0.7187809022543267,2.468603664681598,12204657.576816363,0
6.346411769810946e-08,0.2890500924663928,"[np.float64(7.150323952771952), 4.0]",0.7109088724238369,2.459465992063271,11201745.146848774,0
6.071737175125186e-08,0.29030417292379934,"[np.float64(6.9655620345895475), 4.0]",0.7155583585616683,2.464857295556313,11785068.060804443,0
6.118920721530543e-08,0.2900847066984472,"[np.float64(6.99716506161723), 4.0]",0.7147426929928319,2.4639102871970113,11680862.12455538,0
6.078813682725232e-08,0.2902711471543728,"[np.float64(6.970298501245543), 4.0]",0.715435561117169,2.464714692213912,11769328.66276677,0
6.195340018067265e-08,0.2897328806039276,"[np.float64(7.048463765033697), 4.0]",0.71343687022862,2.46239525435122,11515701.610372435,0
5.80696513473564e-08,0.2915690975879445,"[np.float64(6.789099104255589), 4.0]",0.7202761402847097,2.4703445812444387,12403658.771364398,0
6.186529462187093e-08,0.28977321822816243,"[np.float64(7.042541988189831), 4.0]",0.713586475079807,2.4625687613337037,11534519.950827751,0
6.340178022400896e-08,0.2890779416690422,"[np.float64(7.146108325839151), 4.0]",0.7110118229626605,2.4595851861180034,11214382.631694855,0
5.9500142616297634e-08,0.29087849645521957,"[np.float64(6.884262809997638), 4.0]",0.7176969036457026,2.4673425928416517,12062103.9225731,0
6.448784165932969e-08,0.288596619939966,"[np.float64(7.219718665442656), 4.0]",0.7092344270414398,2.457528529575208,10997955.719903247,0
6.613823415073573e-08,0.28788042086292853,"[np.float64(7.332290213543193), 4.0]",0.706597194675664,2.45448159537082,10683641.674878368,0
5.786036250464816e-08,0.2916716104188945,"[np.float64(6.775206887971029), 4.0]",0.7206597222597536,2.4707914535280024,12455153.944150627,0
5.88140552610077e-08,0.2912075549281054,"[np.float64(6.83857313518941), 4.0]",0.7189248085154163,2.46877114397979,12223690.499234222,0
6.819686707485122e-08,0.28701132169248394,"[np.float64(7.474046887554895), 4.0]",0.7034089660126751,2.450805640226058,10314388.273007182,0
5.540515327532617e-08,0.2929039437343308,"[np.float64(6.612721266908234), 4.0]",0.7252854734555542,2.4761888290360514,13090577.871906165,0
6.15521486497651e-08,0.28991705957487407,"[np.float64(7.021510571458571), 4.0]",0.7141201893139347,2.4631878867738926,11601872.639366588,0
6.188915419333695e-08,0.2897622887882243,"[np.float64(7.044145449594161), 4.0]",0.7135459369644223,2.4625217448013896,11529418.13900639,0
6.368898065527529e-08,0.2889498625349529,"[np.float64(7.165539874275802), 4.0]",0.7105384635888694,2.459037209276813,11156379.899291357,0
5.787776312004998e-08,0.2916630726743628,"[np.float64(6.776361630204206), 4.0]",0.7206277686576145,2.470754223528955,12450857.286292998,0
6.126400182056833e-08,0.2900500755941704,"[np.float64(7.002179549759442), 4.0]",0.7146140609645744,2.463760988514416,11664501.82372277,0
6.190877218844303e-08,0.2897533054998624,"[np.float64(7.045463968064247), 4.0]",0.7135126188450563,2.4624831030457224,11525226.452128751,0
5.675137683591906e-08,0.29222132833094394,"[np.float64(6.70171056284393), 4.0]",0.7227198356823594,2.4731933148420677,12734842.324123772,0
5.928220382029991e-08,0.2909825978869895,"[np.float64(6.869739313772052), 4.0]",0.7180851583786332,2.467794169112202,12112997.022771621,0
6.194748733497882e-08,0.28973558587987364,"[np.float64(7.04806628712402), 4.0]",0.7134469027056476,2.462406889160821,11516962.727603609,0
5.83397268545936e-08,0.29143737540049564,"[np.float64(6.807037279787831), 4.0]",0.7197835363820133,2.469770856922112,12337794.075999148,0
6.721397017812303e-08,0.2874230260817645,"[np.float64(7.406168794509523), 4.0]",0.7049176338265863,2.452544054790013,10487665.465356259,0
5.615882949644495e-08,0.2925196682317065,"[np.float64(6.662513296113407), 4.0]",0.7238401376319437,2.474500747274832,12889159.979336202,0
5.965467972608165e-08,0.2908049170575224,"[np.float64(6.894566999761606), 4.0]",0.7174225988592033,2.4670236188519956,12026258.495618721,0
6.141467171084403e-08,0.28998044337127554,"[np.float64(7.01228507546924), 4.0]",0.7143554864755662,2.4634609085032104,11631674.754184706,0
6.132182670184721e-08,0.29002333120809887,"[np.float64(7.006057251374558), 4.0]",0.7145147374199036,2.463645715824227,11651882.793608626,0
5.834810116268214e-08,0.29143330115947147,"[np.float64(6.807593697138666), 4.0]",0.7197683047698883,2.4697531198606337,12335762.2686483,0
6.125403118862147e-08,0.29005468967156756,"[np.float64(7.0015110066562505), 4.0]",0.7146311980413751,2.463780878187354,11666680.284939757,0
6.274947074537584e-08,0.2893710212395368,"[np.float64(7.102061317919117), 4.0]",0.712096079533291,2.460841021616429,11348240.408637503,0
5.956735548107369e-08,0.2908464704391032,"[np.float64(6.8887438165596855), 4.0]",0.7175774985537556,2.467203736288766,12046489.100590527,0
6.065746584972916e-08,0.29033216147977703,"[np.float64(6.96155329237009), 4.0]",0.7156624415367381,2.4649781749604314,11798423.021985406,0
6.251255224189285e-08,0.28947822743058504,"[np.float64(7.086092559408791), 4.0]",0.7124930687368686,2.461301062470129,11397600.052864112,0
6.759796794816854e-08,0.28726148755767683,"[np.float64(7.432643454185627), 4.0]",0.7043253331294516,2.451861330656223,10419327.008017467,0
6.129955281447544e-08,0.29003362998885357,"[np.float64(7.004563482389542), 4.0]",0.7145529836343061,2.463690102633158,11656740.56052118,0
6.254193288085894e-08,0.28946491038609157,"[np.float64(7.0880720474969054), 4.0]",0.7124437441579378,2.4612438972574338,11391457.080725791,0
6.603731631998508e-08,0.28792370484002133,"[np.float64(7.325380533594003), 4.0]",0.7067563231485859,2.45466528551819,10702378.02705344,0
6.19788051690344e-08,0.2897212601555768,"[np.float64(7.050171660705703), 4.0]",0.7133937774266315,2.4623452798857346,11510286.064421495,0
5.8377236174677725e-08,0.29141913120514784,"[np.float64(6.809529622363002), 4.0]",0.7197153324700346,2.4696914354719652,12328698.30144897,0
6.650132103067852e-08,0.28772522769533965,"[np.float64(7.357179642096762), 4.0]",0.7060269139479909,2.4538234606788585,10616735.17165599,0
6.569870488557628e-08,0.28806941450526147,"[np.float64(7.302221941193718), 4.0]",0.7072922480768123,2.4552840824546958,10765695.447249124,0
5.985624746886136e-08,0.29070923878930627,"[np.float64(6.908014468473812), 4.0]",0.717066052313928,2.4666090947100137,11979802.98860136,0
5.9217336381279673e-08,0.2910136587931437,"[np.float64(6.865418349617864), 4.0]",0.7182010396628196,2.467928971585922,12128222.638022332,0
6.262184700676057e-08,0.28942872047593277,"[np.float64(7.0934573481655825), 4.0]",0.7123097172349635,2.4610885749819533,11374779.749918004,0
6.46072134305542e-08,0.2885442109902536,"[np.float64(7.227831253225271), 4.0]",0.7090411394026798,2.4573050243126504,10974643.569248233,0
6.016840056936486e-08,0.29056171926542557,"[np.float64(6.928856454930683), 4.0]",0.7165166353333811,2.465970524764308,11908520.56150883,0
7.198850165886933e-08,0.28547500117450975,"[np.float64(7.7396537836351), 4.0]",0.6978051958979231,2.444365331559654,9693286.841898732,0
6.248185909223894e-08,0.2894921461293747,"[np.float64(7.084024889416121), 4.0]",0.712544625094287,2.461360816247668,11404024.071089048,0
6.193641878237846e-08,0.28974065072469457,"[np.float64(7.047322252295928), 4.0]",0.7134656859560891,2.462428672578668,11519324.171178546,0
6.330971929793876e-08,0.2891191200772663,"[np.float64(7.139884665580882), 4.0]",0.711164072692193,2.4597614730638924,11233094.706129065,0
5.583322869978156e-08,0.2926850124394592,"[np.float64(6.640993997395644), 4.0]",0.7244617072379884,2.47522652834108,12975457.878917592,0
5.842160695985772e-08,0.2913975653193422,"[np.float64(6.812478203315035), 4.0]",0.7196347183900259,2.469597567163539,12317954.877285328,0
6.22822482903025e-08,0.2895828342108304,"[np.float64(7.0705840548664005), 4.0]",0.7128806268544566,2.4617502926138393,11445968.095622744,0
5.6810021164130984e-08,0.2921919791336795,"[np.float64(6.705592521718397), 4.0]",0.7226097114769122,2.4730648446250267,12719757.829154927,0
5.808660731512547e-08,0.29156080909503357,"[np.float64(6.790224934670013), 4.0]",0.7202451345872334,2.470308464374137,12399504.25542731,0
6.21295926870436e-08,0.2896523877984158,"[np.float64(7.060312037451228), 4.0]",0.7131384227018643,2.462049175987372,11478240.752262022,0
5.911234663508332e-08,0.29106400608548033,"[np.float64(6.8584264916551065), 4.0]",0.7183889103791856,2.468147539233029,12152941.834875831,0
6.095211919198762e-08,0.29019476773564423,"[np.float64(6.981278656185501), 4.0]",0.715151638435312,2.4643850198111994,11733006.955553422,0
6.52935043565618e-08,0.2882447569259183,"[np.float64(7.2745599990192185), 4.0]",0.7079376549381958,2.4560295995952592,10842390.248687122,0
5.988646827215971e-08,0.2906949223801164,"[np.float64(6.910031361141479), 4.0]",0.7170127159020608,2.466547093535008,11972866.936208842,0
5.9241196153697454e-08,0.29100222978753526,"[np.float64(6.867007605991498), 4.0]",0.7181583986186697,2.467879366914154,12122618.131400557,0
6.494435246492574e-08,0.28839671213365314,"[np.float64(7.250767735833322), 4.0]",0.7084974119547938,2.4566764534626566,10909299.80920865,0
5.7140238417933035e-08,0.2920273068581253,"[np.float64(6.727460491335533), 4.0]",0.7219921112823721,2.4723445182238906,12635441.000466324,0
5.7863374355612754e-08,0.29167013244044765,"[np.float64(6.775406757282311), 4.0]",0.7206541906436329,2.4707850084402248,12454410.042087864,0
6.005859545259829e-08,0.2906135221188584,"[np.float64(6.921522562574534), 4.0]",0.7167095244454295,2.466194687776096,11933504.589049174,0
5.440250737788685e-08,0.29342379179445666,"[np.float64(6.54657623399081), 4.0]",0.7272449165472299,2.478479717338889,13367856.586015286,0
5.911550108024382e-08,0.29106249204514867,"[np.float64(6.858636532723042), 4.0]",0.7183832600899606,2.468140965337874,12152197.764759226,0
6.007143398796989e-08,0.2906074602647399,"[np.float64(6.922379915465421), 4.0]",0.7166869505452526,2.466168452428439,11930578.36256712,0
6.627879241642817e-08,0.28782024324625466,"[np.float64(7.341919916762598), 4.0]",0.706376013050392,2.454226308349088,10657647.60184898,0
6.825188773077149e-08,0.28698844626598174,"[np.float64(7.477857619171455), 4.0]",0.7033252267897554,2.4507092042928846,10304846.50569833,0
6.21821129194267e-08,0.2896284388307117,"[np.float64(7.063845376029433), 4.0]",0.7130496478106904,2.4619462463334583,11467118.345345292,0
6.270589165322717e-08,0.28939071022407575,"[np.float64(7.0991228618966336), 4.0]",0.7121689735689513,2.4609254838122396,11357289.63886441,0
5.911718937646479e-08,0.29106168174713437,"[np.float64(6.858748949968403), 4.0]",0.7183802361329215,2.4681374470894064,12151799.564728912,0
6.135529670765398e-08,0.29000786282568064,"[np.float64(7.008302099082565), 4.0]",0.7144572965498598,2.4635790546800083,11644590.359559493,0
6.20063504845695e-08,0.28970866615224006,"[np.float64(7.052023630613632), 4.0]",0.7133470770143386,2.46229112331586,11504419.651207462,0
6.048805877629294e-08,0.2904114629809344,"[np.float64(6.9502214259965305), 4.0]",0.7159574205239021,2.465320800959241,11836343.156122362,0
5.5484875712076386e-08,0.29286303653031576,"[np.float64(6.61798504270935), 4.0]",0.7251314882294173,2.4760089112657795,13068993.647787718,0
5.961481635658584e-08,0.29082387834584716,"[np.float64(6.891908533177913), 4.0]",0.7174932775953581,2.467105801890574,12035485.831301974,0
6.168621945219267e-08,0.2898553844598752,"[np.float64(7.030511991071511), 4.0]",0.7138913031063597,2.4629223446604076,11572946.266542261,0
5.949140105867031e-08,0.2908826644219327,"[np.float64(6.883680087296886), 4.0]",0.7177124447339902,2.467360666405785,12064137.538569372,0
6.163888207650417e-08,0.28987714500256084,"[np.float64(7.0273332825946175), 4.0]",0.7139720523143956,2.463016021177138,11583144.084739188,0
6.094266873743527e-08,0.2901991638600073,"[np.float64(6.980645689947243), 4.0]",0.7151679772139863,2.4644039896647834,11735094.508171413,0
6.918013400426323e-08,0.2866051869401148,"[np.float64(7.542331316831175), 4.0]",0.7019235966232925,2.4490959292022763,10146317.389035938,0
5.502262323901553e-08,0.29310109486917235,"[np.float64(6.587473768318325), 4.0]",0.7260280196123746,2.477056661751612,13195081.893106861,0
6.197793272344578e-08,0.2897216591393089,"[np.float64(7.050113006253565), 4.0]",0.7133952569624396,2.462346995670809,11510471.963395571,0
6.030550809603004e-08,0.2904971716763505,"[np.float64(6.938017547437255), 4.0]",0.7162763571854888,2.4656913286009843,11877461.608397288,0
6.436598997681234e-08,0.28865021742641006,"[np.float64(7.211442116151527), 4.0]",0.7094321478116613,2.4577571918598244,11021847.843360012,0
5.8639582175538526e-08,0.291291866644074,"[np.float64(6.826968483563807), 4.0]",0.719239731962774,2.4691377079937635,12265430.708727058,0
5.963383892316313e-08,0.29081482850548923,"[np.float64(6.8931770972591115), 4.0]",0.717459543268106,2.4670665761961437,12031080.947053175,0
6.230160093770891e-08,0.2895740289864767,"[np.float64(7.071886707953303), 4.0]",0.7128479969276709,2.46171246579907,11441888.9113363,0
6.658148250121426e-08,0.28769107679097267,"[np.float64(7.362680956571545), 4.0]",0.7059014776999439,2.4536787361424834,10602069.091613727,0
6.425087818029346e-08,0.28870094330741064,"[np.float64(7.20362757106378), 4.0]",0.709619321576981,2.457973685321055,11044507.743314086,0
6.204006152991582e-08,0.2896932608182488,"[np.float64(7.054290409851504), 4.0]",0.7132899555683851,2.4622248841884433,11497247.71347036,0
5.866395822986344e-08,0.2912800716850007,"[np.float64(6.828589460059294), 4.0]",0.7191956675345731,2.4690864135474864,12259583.042735424,0
6.272886928860203e-08,0.2893803272366599,"[np.float64(7.100672135984441), 4.0]",0.7121305320455122,2.460880941167505,11352516.63423348,0
5.6539313320529494e-08,0.29232772318941813,"[np.float64(6.687677034127989), 4.0]",0.7231191794154,2.4736592599766674,12789670.354076171,0
5.967395867350184e-08,0.2907957515622309,"[np.float64(6.895852819320735), 4.0]",0.7173884364950192,2.466983897257854,12021800.672218094,0
6.360195943367294e-08,0.2889886090641547,"[np.float64(7.159649614745919), 4.0]",0.7106816340286585,2.4592029295898272,11173895.27550311,0
6.512780344053622e-08,0.2883167712664746,"[np.float64(7.263263694785595), 4.0]",0.7082028836521688,2.4563360658531295,10874048.351696381,0
6.39327278930202e-08,0.2888416146020812,"[np.float64(7.182050433356348), 4.0]",0.7101386213108071,2.4585744761506065,11107591.443604518,0
5.9094282865284036e-08,0.29107267776478524,"[np.float64(6.857223739195397), 4.0]",0.7184212732416185,2.4681851926417226,12157204.358996758,0
6.023891459963599e-08,0.29052850383088996,"[np.float64(6.933567467870818), 4.0]",0.7163929818247353,2.46582683756817,11892528.054100502,0
5.6081375480690266e-08,0.2925589089549274,"[np.float64(6.65739308429525), 4.0]",0.7239876091121633,2.4746729186896963,12909590.802769167,0
5.714772413185327e-08,0.2920235854160658,"[np.float64(6.727956403495609), 4.0]",0.7219781596533487,2.4723282491881515,12633541.766030347,0
6.209837170445643e-08,0.2896666341194518,"[np.float64(7.058211961666817), 4.0]",0.7131912362585333,2.462110413325788,11484862.109634863,0
6.386914404740692e-08,0.2888698122768451,"[np.float64(7.17774179255714), 4.0]",0.7102427570758865,2.458694979159708,11120279.873309532,0
6.297828955422967e-08,0.2892678666174629,"[np.float64(7.117498694286866), 4.0]",0.7117142840100448,2.4603987035699286,11300946.549162759,0
5.770353641212732e-08,0.29174867891170786,"[np.float64(6.764801819554249), 4.0]",0.7209482194781275,2.4711276231564656,12494004.081985671,0
6.122648176624316e-08,0.29006744260238826,"[np.float64(6.999663908285665), 4.0]",0.7146785654640706,2.4638358550418933,11672703.458491128,0
5.7189826370296826e-08,0.29200266420817944,"[np.float64(6.730745741121901), 4.0]",0.7218997309460575,2.472236795864947,12622869.778828299,0
6.294193504836754e-08,0.2892842304890351,"[np.float64(7.1150450527694336), 4.0]",0.7117748374461735,2.4604688483811157,11308435.892528763,0
6.194687653750573e-08,0.2897358653500148,"[np.float64(7.048025228130826), 4.0]",0.7134479391239915,2.462408091114686,11517093.015852617,0
6.03117675902586e-08,0.29049422841306444,"[np.float64(6.938435885218855), 4.0]",0.7162654026522088,2.465678600793833,11876047.26690017,0
7.232396193575714e-08,0.2853428118783776,"[np.float64(7.763467810466579), 4.0]",0.6973249422580986,2.4438146441036728,9641686.152059922,0
6.753430611757148e-08,0.28728820650636033,"[np.float64(7.428250455753541), 4.0]",0.7044232700452002,2.4519741990508925,10430599.062036105,0
6.03522794368096e-08,0.29047518697880437,"[np.float64(6.941143602513288), 4.0]",0.7161945360206884,2.465596264760984,11866901.179276295,0
5.943266135312625e-08,0.29091068780769647,"[np.float64(6.8797648272464675), 4.0]",0.7178169434435797,2.4674821982411497,12077819.284897653,0
6.677914891210571e-08,0.287607037859363,"[np.float64(7.376256234304002), 4.0]",0.70559288937451,2.4533227511613886,10566065.91831841,0
6.225490236311514e-08,0.28959528099725634,"[np.float64(7.068743531071221), 4.0]",0.7129267538108882,2.461803767505599,11451736.758859394,0
5.794500396297676e-08,0.29163010547475593,"[np.float64(6.780824350426724), 4.0]",0.7205043968255146,2.4706104867073915,12434279.878311371,0
6.333545029745609e-08,0.289107604677623,"[np.float64(7.141623932317942), 4.0]",0.7111214935851365,2.459712169723419,11227858.809645176,0
5.878493840177838e-08,0.2912216072722249,"[np.float64(6.836636106282041), 4.0]",0.7189772884795846,2.4688322244149523,12230637.779452601,0
6.067225335487188e-08,0.2903252500071273,"[np.float64(6.962542756516992), 4.0]",0.7156367380820128,2.464948322836007,11795123.775875852,0
6.84241470840058e-08,0.2869169431205473,"[np.float64(7.489796057669726), 4.0]",0.7030635365672407,2.4504078738628228,10275079.288954446,0
6.391352411595989e-08,0.2888501279887027,"[np.float64(7.180748997991066), 4.0]",0.7101700603082791,2.458610855578554,11111420.785056384,0
6.033257291613823e-08,0.2904844478310431,"[np.float64(6.93982641950957), 4.0]",0.716229001396452,2.465636307707042,11871348.53990073,0
6.295579191739991e-08,0.28927799212096994,"[np.float64(7.115980238502621), 4.0]",0.7117517522188606,2.4604421062256994,11305580.16254807,0
6.099760994669726e-08,0.29017361624384935,"[np.float64(6.984325798115353), 4.0]",0.715073030874922,2.464293756721168,11722968.022842014,0
6.211814705587821e-08,0.2896576096673464,"[np.float64(7.059542119050067), 4.0]",0.713157780651737,2.4620716212867806,11480667.316271005,0
6.103415947730448e-08,0.2901566337258051,"[np.float64(6.98677437515894), 4.0]",0.7150099226253798,2.4642204916846966,11714913.890003774,0
6.902216961515922e-08,0.2866700558087224,"[np.float64(7.5313346769450575), 4.0]",0.7021606512291442,2.449368662688835,10172972.758522645,0
5.810488419381439e-08,0.291551877718378,"[np.float64(6.791438524939559), 4.0]",0.7202117253455079,2.470269548533624,12395029.012417836,0
6.034388058447786e-08,0.2904791335443316,"[np.float64(6.940582213112218), 4.0]",0.7162092234540693,2.465613328968309,11868796.247722566,0
6.412874117378137e-08,0.28875486419204904,"[np.float64(7.195340542704974), 4.0]",0.709818334017308,2.458203902481145,11068645.992812855,0
6.668743582042612e-08,0.2876459997733305,"[np.float64(7.369955839965306), 4.0]",0.705735940989372,2.453487764632579,10582742.195842648,0
6.067137781410302e-08,0.2903256591747108,"[np.float64(6.962484170793014), 4.0]",0.7156382597343247,2.4649500900768513,11795319.070007589,0
6.095568001048583e-08,0.2901931115086196,"[np.float64(6.981517155725987), 4.0]",0.7151454829364562,2.4643778731295427,11732220.5709695,0
7.068057800582188e-08,0.28599602288934106,"[np.float64(7.647314956191762), 4.0]",0.6997010509151095,2.4465411925879863,9899481.168044154,0
5.5087502703085935e-08,0.2930675551679633,"[np.float64(6.591754820404883), 4.0]",0.7259016473796399,2.4769089398640873,13177247.320361389,0
6.193383998074557e-08,0.2897418308868997,"[np.float64(7.047148908178846), 4.0]",0.7134700627161539,2.4624337484588334,11519874.481187709,0
6.131517080748584e-08,0.2900264082964648,"[np.float64(7.005610870003329), 4.0]",0.714526164497441,2.4636589774509527,11653333.996913632,0
5.702003119699492e-08,0.29208713634762234,"[np.float64(6.719498166937262), 4.0]",0.7222164448937803,2.4726061336513196,12666012.798180347,0
6.118668356682604e-08,0.29008587593924734,"[np.float64(6.996995890894472), 4.0]",0.714747036330583,2.4639153285776394,11681414.887439689,0
6.21915411788992e-08,0.2896241417565437,"[np.float64(7.064479745412244), 4.0]",0.7130337203292397,2.4619277799314516,11465123.822516927,0
5.60978833172861e-08,0.2925505407811594,"[np.float64(6.658484295615126), 4.0]",0.7239561581824345,2.4746361987550913,12905231.273839409,0
6.205981126460116e-08,0.2896842394843787,"[np.float64(7.055618546413969), 4.0]",0.7132565072974257,2.4621860981010957,11493049.89434066,0
5.767458257605344e-08,0.2917629313968496,"[np.float64(6.762881234339555), 4.0]",0.7210015835957727,2.471189812029555,12501201.593353767,0
7.070731077782485e-08,0.285985282272229,"[np.float64(7.6491943770679525), 4.0]",0.6996619213094075,2.446496252360988,9895185.004389033,0
6.524206099309763e-08,0.2882670950286393,"[np.float64(7.271051995745682), 4.0]",0.7080199164388645,2.4561246449877427,10852200.339191774,0
5.979099771873456e-08,0.29074017466782787,"[np.float64(6.903660447131321), 4.0]",0.717181317652623,2.4667430927700527,11994804.31864253,0
5.934816680365307e-08,0.29095104826260254,"[np.float64(6.874134105130204), 4.0]",0.7179674712613441,2.467657276193523,12097550.942671254,0
6.364352183750694e-08,0.2889700966262962,"[np.float64(7.162462598417831), 4.0]",0.7106132263246685,2.4591237454014228,11165523.305561068,0
5.711057426951099e-08,0.29204205907243724,"[np.float64(6.725495388720412), 4.0]",0.7220474195276,2.4724090147183406,12642972.492627721,0
5.8381743690674715e-08,0.29141693960699877,"[np.float64(6.80982914531212), 4.0]",0.7197071398188435,2.469681895600961,12327606.102895517,0
6.140511894596338e-08,0.2899848530316042,"[np.float64(7.011644201790541), 4.0]",0.7143718589148361,2.4634799074728906,11633750.91811946,0
6.217588869094206e-08,0.28963127597955707,"[np.float64(7.063426598817422), 4.0]",0.713060164129096,2.4619584391135496,11468435.419934358,0
6.15561743099541e-08,0.2899152057099677,"[np.float64(7.02178078655152), 4.0]",0.7141133083490516,2.4631799032419615,11601002.114804495,0
5.8861407573719206e-08,0.2911847171453304,"[np.float64(6.841723634717546), 4.0]",0.7188395258583306,2.4686718894644373,12212408.018922102,0
6.179122912456146e-08,0.2898071729076887,"[np.float64(7.03756540104786), 4.0]",0.7137124289473565,2.462714852039542,11550384.07649448,0
6.23584432956524e-08,0.2895481823592898,"[np.float64(7.075713415504393), 4.0]",0.7127522237578868,2.461601443843493,11429923.296490943,0
6.217570237750896e-08,0.2896313609100023,"[np.float64(7.063414063472479), 4.0]",0.7130604789387314,2.4619588041099667,11468474.849054048,0
6.572738832440246e-08,0.2880570428785458,"[np.float64(7.3041821680115335), 4.0]",0.7072467304234918,2.455231517188386,10760304.774819631,0
5.8431225316548254e-08,0.29139289266905866,"[np.float64(6.813117420127338), 4.0]",0.7196172529361878,2.469577230744173,12315628.314102557,0
6.204751189417942e-08,0.2896898572806156,"[np.float64(7.054791422549916), 4.0]",0.7132773361523128,2.4622102508110193,11495663.796620734,0
5.955106021312561e-08,0.290854231499682,"[np.float64(6.887657345134488), 4.0]",0.7176064330566191,2.467237383333045,12050271.321591886,0
7.196298653156198e-08,0.28548507926643374,"[np.float64(7.73784471739137), 4.0]",0.6978418227573737,2.4444073383817764,9697232.652390126,0
5.539586380190705e-08,0.2929087143856702,"[np.float64(6.612107963322726), 4.0]",0.7253034333560601,2.4762098146423184,13093097.2743689,0
6.014250124352708e-08,0.29057392907988255,"[np.float64(6.92712640263967), 4.0]",0.7165620945905118,2.4660233519901213,11914404.618607923,0
6.450062060886888e-08,0.2885910048583505,"[np.float64(7.22058691896962), 4.0]",0.7092137159531112,2.4575045791923262,10995455.69109755,0
6.505871404429515e-08,0.2883468515019214,"[np.float64(7.258556318612701), 4.0]",0.7083136959641114,2.456464123935099,10887299.36287792,0
6.525728355524784e-08,0.28826048316196634,"[np.float64(7.272089955483531), 4.0]",0.7079955669055417,2.4560965108343926,10849295.715874251,0
5.968519991750245e-08,0.2907904087132417,"[np.float64(6.8966025952978915), 4.0]",0.7173685228874612,2.4669607435191674,12019202.815421846,0
7.192275805343932e-08,0.2855009757671738,"[np.float64(7.734993085486768), 4.0]",0.6978995990589864,2.4444736035792882,9703459.905422982,0
5.40058300274965e-08,0.2936322655192739,"[np.float64(6.520432691145663), 4.0]",0.7280320650385631,2.4794007693639353,13480619.863964561,0
6.021399352015891e-08,0.29054023828425957,"[np.float64(6.931902377402136), 4.0]",0.7164366643014398,2.4658775959304147,11898175.530602958,0
6.121579753595355e-08,0.29007239002124546,"[np.float64(6.998947614713303), 4.0]",0.7146969421273455,2.4638571843221606,11675040.935431518,0
5.8996484320146846e-08,0.29111967436469033,"[np.float64(6.850713041040034), 4.0]",0.7185966885359252,2.4683892976457766,12180330.689476863,0
6.091272800075008e-08,0.2902130961603563,"[np.float64(6.978640476937499), 4.0]",0.7152197607044105,2.4644641133259477,11741712.843588343,0
6.007545896694208e-08,0.2906055601004888,"[np.float64(6.922648709427084), 4.0]",0.716679874606484,2.4661602288636955,11929661.244882938,0
6.345867742190473e-08,0.28905252181126156,"[np.float64(7.149956004647323), 4.0]",0.7109178524756071,2.4594763886537025,11202846.976294084,0
6.45929648628577e-08,0.28855046160846015,"[np.float64(7.2268626763701755), 4.0]",0.7090641895669993,2.457331676457834,10977421.31937229,0
6.211781261107542e-08,0.2896577622665704,"[np.float64(7.059519622312673), 4.0]",0.7131583463583488,2.4620722772208437,11480738.23564088,0
6.103022371832661e-08,0.2901584619545886,"[np.float64(6.986510690210879), 4.0]",0.7150167162099722,2.464228378498492,11715780.684501436,0
6.13404538691535e-08,0.2900147214818406,"[np.float64(7.007306550015116), 4.0]",0.7144827652203355,2.4636086112100113,11647823.25778698,0
7.022079782350362e-08,0.28618136146454526,"[np.float64(7.615040627553829), 4.0]",0.7003765807704078,2.4473172438142052,9973919.443791687,0
6.036122192714202e-08,0.2904709855788533,"[np.float64(6.941741346442309), 4.0]",0.7161789005042969,2.4655780992276695,11864884.070252065,0
6.460804260802075e-08,0.28854384728563925,"[np.float64(7.227887620298278), 4.0]",0.7090397982042154,2.457303473542144,10974481.962036593,0
6.970180985436289e-08,0.28639196717949983,"[np.float64(7.578721900253456), 4.0]",0.7011449282921198,2.4482003989052816,10059206.923853394,0
5.942614596183424e-08,0.29091379790881,"[np.float64(6.879330590413556), 4.0]",0.7178285418114125,2.467495687627795,12079338.651246702,0
6.004436589505126e-08,0.29062024231102807,"[np.float64(6.920572358961078), 4.0]",0.7167345507064882,2.4662237737019823,11936749.435562946,0
6.167141117780366e-08,0.2898621898617402,"[np.float64(7.029517554210922), 4.0]",0.7139165557542996,2.462951639518168,11576134.583592072,0
5.6444268870003116e-08,0.2923755437611828,"[np.float64(6.6813893636895685), 4.0]",0.7232987353082877,2.473868799023389,12814387.532844445,0
5.447859791430329e-08,0.2933839867113025,"[np.float64(6.551592601627321), 4.0]",0.7270947101366878,2.4783040079558534,13346428.468670078,0
6.257543880480938e-08,0.2894497312189153,"[np.float64(7.090329755143121), 4.0]",0.7123875263214832,2.461178745343845,11384459.141287412,0
6.264750363340067e-08,0.28941711149220634,"[np.float64(7.09518667782205), 4.0]",0.7122667290104175,2.4610387593810192,11369435.136289626,0
5.529619084666746e-08,0.2929599550072259,"[np.float64(6.605528013530484), 4.0]",0.7254963626879848,2.476435261160831,13120186.970920589,0
5.8566624067053157e-08,0.2913271995508383,"[np.float64(6.8221175106417276), 4.0]",0.7193717458357102,2.4692913910710064,12282964.18472232,0
6.26780133676361e-08,0.28940331283552684,"[np.float64(7.097243352916125), 4.0]",0.7122156354762499,2.460979553060662,11363085.669272402,0
5.5296720740788664e-08,0.2929596823379139,"[np.float64(6.605562991853182), 4.0]",0.7254953359194167,2.4764340612664757,13120042.675229885,0
6.200012555997784e-08,0.2897115117567444,"[np.float64(7.0516050896771265), 4.0]",0.7133576286894422,2.4623033595172124,11505744.90368334,0
5.98493669208089e-08,0.2907124993268973,"[np.float64(6.907555297451297), 4.0]",0.7170782000961808,2.466623216258233,11981383.212373821,0
6.544090524661152e-08,0.2881808478641248,"[np.float64(7.284616328700447), 4.0]",0.7077023538783982,2.455757761570869,10814372.92487702,0
6.281127211466564e-08,0.28934312305855164,"[np.float64(7.1062293577023485), 4.0]",0.7119928044520111,2.4607213640530583,11335430.416888017,0
6.037631068343288e-08,0.29046389795656835,"[np.float64(6.942749965996152), 4.0]",0.7161525246129112,2.4655474558149533,11861482.036685985,0
6.279225894601283e-08,0.28935170297798807,"[np.float64(7.1049469503595875), 4.0]",0.7120245646329573,2.4607581614514404,11339368.52383568,0
6.404430188448854e-08,0.2887922023143592,"[np.float64(7.18961396314227), 4.0]",0.7099561722603853,2.45836337190149,11085391.695593389,0
6.13512678599068e-08,0.2900097243298475,"[np.float64(7.008031868154026), 4.0]",0.7144642089060659,2.463587076457677,11645467.711238123,0
5.775294903398468e-08,0.29172437277928,"[np.float64(6.768079804761932), 4.0]",0.7208572208348575,2.4710215809779505,12481738.731829427,0
6.695530533866304e-08,0.2875323493349225,"[np.float64(7.388366170971018), 4.0]",0.7053187388017748,2.453006558855775,10534172.538445458,0
5.431569907239945e-08,0.2934692757584432,"[np.float64(6.540853898273326), 4.0]",0.7274165871661412,2.478680554501669,13392381.937246911,0
5.549124815553556e-08,0.29285976937259567,"[np.float64(6.618405822004977), 4.0]",0.7251191910951921,2.475994543902844,13067271.240011878,0
6.324081291266341e-08,0.28914998092078464,"[np.float64(7.13522792217533), 4.0]",0.7112781945898707,2.4598936244949368,11247138.704117505,0
6.77484954300929e-08,0.2871984084328888,"[np.float64(7.443036778485788), 4.0]",0.7040941691907158,2.45159495497429,10392764.661722174,0
5.797873372615259e-08,0.29161358322134806,"[np.float64(6.7830632522267535), 4.0]",0.7204425735079716,2.470538462404622,12425979.789603444,0
6.01309954085212e-08,0.29057935504580096,"[np.float64(6.926357869448963), 4.0]",0.7165822972473683,2.4660468295637212,11917020.371590605,0
6.288805208743551e-08,0.28930850176322487,"[np.float64(7.111409053266443), 4.0]",0.7118646603655829,2.4605729041042332,11319553.344979616,0
5.623752366534282e-08,0.2924798573129988,"[np.float64(6.667716272595869), 4.0]",0.7236905513025773,2.474326122663949,12868464.04562728,0
6.201987253674426e-08,0.2897024858025321,"[np.float64(7.052932837761641), 4.0]",0.713324160391101,2.4622645484558223,11501541.864157902,0
5.980851512336359e-08,0.29073186600417544,"[np.float64(6.904829270829211), 4.0]",0.717150358380039,2.4667071010707144,11990773.502749803,0
6.581670255080855e-08,0.2880185543447624,"[np.float64(7.310287691085712), 4.0]",0.7071051406164857,2.455068015410113,10743551.609420441,0
5.955105035162685e-08,0.29085423619714756,"[np.float64(6.8876566876448075), 4.0]",0.7176064505698613,2.467237403698846,12050273.611173296,0
6.327796342850771e-08,0.28913333826706505,"[np.float64(7.1377384129912835), 4.0]",0.7112166487904769,2.459822354119345,11239562.878695028,0
6.35334678500704e-08,0.2890191425728155,"[np.float64(7.155015137365649), 4.0]",0.7107944754755021,2.4593335553766114,11187717.269784046,0
6.527025157188481e-08,0.28825485175472537,"[np.float64(7.2729742476533685), 4.0]",0.7079748287145814,2.456072549706791,10846822.429278666,0
5.8970325050259903e-08,0.29113225869149306,"[np.float64(6.848971862045679), 4.0]",0.7186436662985793,2.4684439626462398,12186530.525074866,0
6.57398605608416e-08,0.2880516650667097,"[np.float64(7.305034607803244), 4.0]",0.7072269452273445,2.4552086691238473,10757962.356382135,0
5.6267847055662425e-08,0.29246453247870974,"[np.float64(6.669721359360183), 4.0]",0.7236329769893529,2.4742589156243433,12860505.863561938,0
5.409147144843585e-08,0.293587119450428,"[np.float64(6.526075915731634), 4.0]",0.7278615379923773,2.479201197092287,13456123.830652876,0
6.321458464883685e-08,0.28916173654797395,"[np.float64(7.1334557517436075), 4.0]",0.7113216707220996,2.4599439718888476,11252492.991507586,0
6.696257131194044e-08,0.2875292727726855,"[np.float64(7.388865915952565), 4.0]",0.7053074481040441,2.452993538023675,10532860.884604009,0
5.3874517775464526e-08,0.2937016349730819,"[np.float64(6.511781152296979), 4.0]",0.7282941604392082,2.4797075457409603,13518342.075460529,0
6.46179936012705e-08,0.2885394828138128,"[np.float64(7.228564100728456), 4.0]",0.7090237039425494,2.45728486454682,10972542.854202902,0
6.234825259311691e-08,0.2895528143932705,"[np.float64(7.075027300281335), 4.0]",0.712769386626135,2.4616213388209442,11432066.769820312,0
6.66186753478263e-08,0.2876752453672642,"[np.float64(7.365234203848494), 4.0]",0.7058433357923554,2.4536116581433056,10595277.256820843,0
6.21589374556674e-08,0.2896390042053468,"[np.float64(7.062286140601054), 4.0]",0.7130888106767209,2.4619916527925874,11472023.81291195,0
5.763846651664299e-08,0.2917807199078716,"[np.float64(6.760485749382668), 4.0]",0.7210681923490108,2.471267438700832,12510190.432301037,0
6.705448364627754e-08,0.2874903833995123,"[np.float64(7.395189208488908), 4.0]",0.7051647419380365,2.4528289732672595,10516295.161676083,0
6.679812844104353e-08,0.28759898145630647,"[np.float64(7.377560446628927), 4.0]",0.7055633129835448,2.453288636179463,10562620.981309075,0
6.005033969437147e-08,0.29061742086647757,"[np.float64(6.920971264589474), 4.0]",0.7167240434384426,2.46621156192745,11935386.99508175,0
5.914488586114426e-08,0.29104839221941814,"[np.float64(6.860593232696344), 4.0]",0.7183306425052933,2.4680797479332988,12145270.58504659,0
6.535939068681135e-08,0.28821617274657857,"[np.float64(7.279054163084488), 4.0]",0.7078324045802303,2.455908000702688,10829850.112465344,0
6.365366397840619e-08,0.288965581022331,"[np.float64(7.163149105020239), 4.0]",0.7105965410438736,2.459104432195194,11163482.141184138,0
5.7885331071979736e-08,0.2916593602328721,"[np.float64(6.776863871433309), 4.0]",0.7206138747732757,2.4707380356245374,12448989.431833787,0
6.037642131391446e-08,0.29046384599694386,"[np.float64(6.942757361361899), 4.0]",0.7161523312535358,2.465547231172691,11861457.099784913,0
5.455069984924045e-08,0.2933463224830889,"[np.float64(6.556346489787466), 4.0]",0.7269526084230693,2.4781377938186946,13326182.989991304,0
5.6499622838637655e-08,0.29234768277639084,"[np.float64(6.685051160043377), 4.0]",0.7231941183962253,2.473746709835828,12799981.346099606,0
6.01794687089463e-08,0.29055650301322694,"[np.float64(6.929595841258408), 4.0]",0.7164972151238711,2.4659479574313785,11906007.655021992,0
6.53286449556865e-08,0.2882295079464111,"[np.float64(7.276956791772575), 4.0]",0.7078815045995077,2.455964726314976,10835698.568058092,0
6.344116055127497e-08,0.2890603453553323,"[np.float64(7.14877132509407), 4.0]",0.7109467728403239,2.45950987142972,11206396.078862969,0
6.196495374199583e-08,0.2897275953128932,"[np.float64(7.049240453322921), 4.0]",0.7134172701740613,2.4623725241070034,11513238.162728641,0
6.250061350589759e-08,0.2894836405769233,"[np.float64(7.085288266391857), 4.0]",0.7125131192086648,2.4613243007054546,11400098.002900911,0
6.575312105409174e-08,0.2880459484773645,"[np.float64(7.305940980403335), 4.0]",0.7072059142083615,2.4551843827233553,10755472.93985603,0
6.20174026751328e-08,0.2897036145684475,"[np.float64(7.052766763614768), 4.0]",0.7133283457842502,2.462269401943254,11502067.403901039,0
5.718176215712045e-08,0.29200667018780185,"[np.float64(6.730211454059333), 4.0]",0.7219147478233586,2.47225430624261,12624912.569845727,0
7.106857545154606e-08,0.28584051247663966,"[np.float64(7.674624559965007), 4.0]",0.6991346992115763,2.445890868141769,9837466.063861663,0
5.996346900709104e-08,0.29065847852752325,"[np.float64(6.915171148782917), 4.0]",0.7168769590620904,2.466389291975212,11955228.25701287,0
5.99723083113627e-08,0.2906542980245076,"[np.float64(6.915761251315901), 4.0]",0.7168613877876551,2.4663711930632117,11953206.537688566,0
6.415729762080968e-08,0.2887422479540547,"[np.float64(7.19727769834049), 4.0]",0.7097717651524776,2.4581500288985008,11062993.478114644,0
6.689614973957065e-08,0.28755740920681344,"[np.float64(7.384298237634584), 4.0]",0.705410712349778,2.4531126299112027,10544862.672903745,0
6.504704339625802e-08,0.28835193581326657,"[np.float64(7.257761296883489), 4.0]",0.7083324275766977,2.456485771732102,10889540.716887465,0
5.837515869806557e-08,0.2914201413534835,"[np.float64(6.809391575939764), 4.0]",0.7197191086439458,2.4696958326258898,12329201.74772554,0
6.793949923569369e-08,0.2871185637452319,"[np.float64(7.45623735981107), 4.0]",0.7038016643797864,2.4512579583822687,10359241.270504197,0
6.16737093910828e-08,0.28986113356890897,"[np.float64(7.029671885146707), 4.0]",0.713912636139388,2.46294709245546,11575639.655665178,0
6.014320319063266e-08,0.2905735980873806,"[np.float64(6.927173290179372), 4.0]",0.7165608622133122,2.466021919850508,11914245.071750967,0
6.695547859293398e-08,0.28753227597170233,"[np.float64(7.3883780869683555), 4.0]",0.7053184695636486,2.4530062483596207,10534141.259025862,0
6.090621411377833e-08,0.2902161281869862,"[np.float64(6.978204251793468), 4.0]",0.7152310305760775,2.4644771985768283,11743153.649970116,0
6.176207507483336e-08,0.2898205496434467,"[np.float64(7.035606870654572), 4.0]",0.7137620551179272,2.4627724155379487,11556639.802874256,0
6.190450143892502e-08,0.2897552608758564,"[np.float64(7.045176924165322), 4.0]",0.7135198710184678,2.4624915139130827,11526138.720661962,0
5.974033205736348e-08,0.29076421992354645,"[np.float64(6.900280212955024), 4.0]",0.7172709205958588,2.466847264716608,12006476.962784965,0
6.212588111455814e-08,0.2896540810317911,"[np.float64(7.06006236571701), 4.0]",0.7131446996216704,2.462056453965166,11479027.529712686,0
6.134353578147688e-08,0.2900132972369568,"[np.float64(7.007513257763039), 4.0]",0.7144774764159141,2.4636024734829545,11647151.852496505,0
5.954319469385085e-08,0.2908579784465044,"[np.float64(6.887132938448246), 4.0]",0.7176204026680778,2.4672536283891726,12052097.747825209,0
6.345636217191718e-08,0.2890535557450446,"[np.float64(7.149799417416035), 4.0]",0.7109216744340704,2.4594808135179225,11203315.949755013,0
5.988474042657305e-08,0.2906957407073499,"[np.float64(6.909916042054133), 4.0]",0.7170157645186039,2.4665506373567414,11973263.295643138,0
6.335197189466619e-08,0.2891002132388884,"[np.float64(7.142740796531782), 4.0]",0.7110941643776716,2.459680525348082,11224499.303036548,0
6.665509244981487e-08,0.2876597525506089,"[np.float64(7.367734677588729), 4.0]",0.7057864416724936,2.4535460223908885,10588634.952443965,0
6.314834923420477e-08,0.28919144538616764,"[np.float64(7.128981276826749), 4.0]",0.711431554474577,2.4600712290246936,11266035.662088612,0
5.8756429052263284e-08,0.2912353733879778,"[np.float64(6.834739645474298), 4.0]",0.7190287028831206,2.468892066642074,12237447.279914703,0
7.367406326142236e-08,0.28481655802381656,"[np.float64(7.859876865087566), 4.0]",0.6954160154729662,2.4416277631401435,9439088.665510103,0
5.405577514594005e-08,0.2936059276056071,"[np.float64(6.52372368630384), 4.0]",0.7279325762721973,2.4792843326038345,13466323.890591178,0
5.573827915628591e-08,0.29273341985006585,"[np.float64(6.634721112152776), 4.0]",0.7246437747823724,2.4754391731341276,13000827.900526427,0
6.195813603776901e-08,0.28973071401850137,"[np.float64(7.048782128949369), 4.0]",0.713428835570482,2.4623859364973106,11514691.71273299,0
6.236145683810138e-08,0.28954681274436495,"[np.float64(7.0759163152536155), 4.0]",0.7127471490572216,2.4615955613591636,11429289.583590195,0
5.851239445932646e-08,0.2913534919302935,"[np.float64(6.818512418408526), 4.0]",0.719469996053125,2.4694057767643254,12296027.238352858,0
6.190275987227365e-08,0.28975605829680756,"[np.float64(7.0450598720213815), 4.0]",0.7135228285431531,2.4624949439789314,11526510.77295087,0
6.168677134569575e-08,0.2898551308595838,"[np.float64(7.030549054061215), 4.0]",0.7138903620933518,2.462921253028244,11572827.47207946,0
5.743940518695512e-08,0.2918789736235668,"[np.float64(6.7472862572414725), 4.0]",0.7214362027600884,2.4716963808791412,12559952.53453515,0
6.199534537949208e-08,0.28971369712061895,"[np.float64(7.051283694751917), 4.0]",0.7133657322486914,2.4623127568307197,11506762.771978542,0
5.9506524732020423e-08,0.2908754538659361,"[np.float64(6.8846882592189775), 4.0]",0.7176855589436406,2.4673293995938907,12060619.607272318,0
6.464106980463753e-08,0.2885293642428934,"[np.float64(7.230132968409533), 4.0]",0.7089863923645094,2.4572417238186604,10968048.55654856,0
5.978857193956907e-08,0.29074132543381664,"[np.float64(6.903498595537627), 4.0]",0.7171856056679098,2.4667480778585342,11995362.698958602,0
6.538990807596222e-08,0.2882029427257459,"[np.float64(7.28113626664043), 4.0]",0.7077836948999934,2.4558517279732315,10824050.923542734,0
6.378100007088331e-08,0.2889089481646211,"[np.float64(7.171770869852939), 4.0]",0.7103873114324308,2.4588622676638257,11137914.279220121,0
5.801907082803791e-08,0.2915938375099793,"[np.float64(6.78574098490064), 4.0]",0.7203686949365318,2.4704523973757793,12416067.418101622,0
5.957026958733427e-08,0.29084508274749915,"[np.float64(6.88893811750121), 4.0]",0.7175723251247359,2.4671977203331488,12045812.954945983,0
6.691660805809177e-08,0.28754874006868236,"[np.float64(7.385704943411266), 4.0]",0.7053788940535687,2.4530759337880794,10541163.315409143,0
5.641124204404374e-08,0.2923921805911278,"[np.float64(6.679204756343269), 4.0]",0.7233612125421846,2.4739417144458815,12822997.44397423,0
6.211345547009849e-08,0.28965975040251435,"[np.float64(7.059226537866271), 4.0]",0.7131657166930647,2.462080823110708,11481662.246860245,0
7.032541643058711e-08,0.28613908775438784,"[np.float64(7.622376083966551), 4.0]",0.7002224473538442,2.447140140304395,9956890.167084623,0
5.747837567503871e-08,0.29185971050009535,"[np.float64(6.749869845733917), 4.0]",0.7213640390074579,2.471612261149085,12550181.360130653,0
6.138143672143972e-08,0.28999578801158654,"[np.float64(7.010055510075297), 4.0]",0.7144124604116285,2.463527023306576,11638900.92136103,0
6.254046904578086e-08,0.28946557373336995,"[np.float64(7.087973417741702), 4.0]",0.7124462010351577,2.461246744634994,11391762.996111093,0
6.429448645887615e-08,0.2886817159560452,"[np.float64(7.206587508498288), 4.0]",0.7095483691427357,2.4578916153137036,11035913.158690128,0
6.200160180459385e-08,0.28971083689376054,"[np.float64(7.051704346012109), 4.0]",0.7133551262434448,2.4623004575594742,11505430.593417192,0
5.709777732269272e-08,0.29204842556297306,"[np.float64(6.724647694970658), 4.0]",0.7220712896416931,2.47243685101119,12646224.135150632,0
5.8808980610470966e-08,0.29121000353289617,"[np.float64(6.838235527482575), 4.0]",0.7189339528373068,2.4687817867358848,12224900.778322626,0
6.291412714802226e-08,0.2892967537876863,"[np.float64(7.1131684870204595), 4.0]",0.7118211822689076,2.4605225359400684,11314170.831523394,0
5.9466797751604935e-08,0.29089439863825656,"[np.float64(6.882040084080332), 4.0]",0.7177561997296504,2.4674115524040063,12069864.644935906,0
6.024933801148933e-08,0.29052359728946675,"[np.float64(6.934263943510169), 4.0]",0.7163747175375149,2.465805615176058,11890167.447166055,0
6.430156428594131e-08,0.28867859649417366,"[np.float64(7.207067975183242), 4.0]",0.7095368583697155,2.4578783012894267,11034519.396985283,0
6.104055501560614e-08,0.290153663142662,"[np.float64(6.987202866291804), 4.0]",0.7149988842485396,2.4642076770783032,11713505.620414771,0
6.026019438020886e-08,0.2905184878689072,"[np.float64(6.934989373859586), 4.0]",0.7163556984972376,2.4657835160579658,11887709.72057317,0
7.074223139704367e-08,0.28597125779479743,"[np.float64(7.651649922545068), 4.0]",0.6996108311391551,2.4464375774476275,9889578.22396866,0
5.598007882639408e-08,0.29261031506834634,"[np.float64(6.650697855166246), 4.0]",0.7241808411199673,2.474898538524922,12936402.668631522,0
5.66252586261177e-08,0.2922845531482145,"[np.float64(6.693363807120649), 4.0]",0.7229571201958565,2.4734701591611388,12767396.348144915,0
6.25185652740839e-08,0.2894755014546181,"[np.float64(7.086497661963573), 4.0]",0.7124829718272803,2.461289360401983,11396342.329733996,0
6.29814316597294e-08,0.28926645274076007,"[np.float64(7.117710778795029), 4.0]",0.711709052272432,2.460392643284716,11300299.683843195,0
6.09566817977657e-08,0.29019264556971125,"[np.float64(6.981584254823929), 4.0]",0.7151437512463291,2.4643758626010195,11731999.350275362,0
6.133861753297593e-08,0.2900155701429078,"[np.float64(7.007183385725085), 4.0]",0.7144859166633527,2.4636122685112505,11648223.344441073,0
6.338377035434758e-08,0.2890859926741195,"[np.float64(7.144890600661488), 4.0]",0.7110415877610672,2.459619648754858,11218038.683814205,0
5.927748848415201e-08,0.2909848545826817,"[np.float64(6.86942518687927), 4.0]",0.7180935770300783,2.467803962030732,12114102.594310528,0
6.2035594546165e-08,0.2896953016614503,"[np.float64(7.053990026620974), 4.0]",0.7132975225721297,2.462233658886599,11498197.571739485,0
5.767536537531797e-08,0.2917625459671752,"[np.float64(6.762933157721178), 4.0]",0.7210001404235746,2.4711881301744976,12501006.898382388,0
6.076155830721747e-08,0.29028354663785205,"[np.float64(6.968519405991193), 4.0]",0.7154816630083431,2.4647682284967876,11775235.575604975,0
5.6668877560332226e-08,0.2922626697224102,"[np.float64(6.6962503451267645), 4.0]",0.7228749830406024,2.4733743236082315,12756119.657937415,0
5.996812006968256e-08,0.2906562787528777,"[np.float64(6.915481646697892), 4.0]",0.7168687654415151,2.4663797682864184,11954164.389487587,0
6.205807523704076e-08,0.2896850323549677,"[np.float64(7.055501797436817), 4.0]",0.7132594469550395,2.4621895068470154,11493418.77315129,0
6.907918812766482e-08,0.2866466243684944,"[np.float64(7.535302809953683), 4.0]",0.7020750157320051,2.449270132794108,10163336.234272249,0
6.211221167521208e-08,0.2896603179641611,"[np.float64(7.059142874518503), 4.0]",0.7131678207467008,2.4620832627648332,11481926.041788558,0
6.103846599991281e-08,0.29015463340842057,"[np.float64(6.987062904424759), 4.0]",0.7150024896377067,2.4642118626148974,11713965.577685522,0
6.197034983239523e-08,0.28972512715976534,"[np.float64(7.049603217265366), 4.0]",0.713408117405332,2.462361909714279,11512087.947458953,0
5.625034354118137e-08,0.2924733773475049,"[np.float64(6.668563952312236), 4.0]",0.7236662060226657,2.474297703899508,12865098.423672086,0
6.177541217345114e-08,0.28981442939597857,"[np.float64(7.036502812684657), 4.0]",0.7137393493041477,2.462746077866789,11553777.209938023,0
6.432466130211556e-08,0.28866841916075864,"[np.float64(7.20863598535124), 4.0]",0.7094993053289647,2.4578348660088323,11029973.434242243,0
5.653073993286384e-08,0.292332033340396,"[np.float64(6.687109811123151), 4.0]",0.7231353614309374,2.473678143198584,12791896.27253661,0
6.038860623756606e-08,0.29045812372110136,"[np.float64(6.943571909030787), 4.0]",0.7161310370169606,2.46552249199472,11858711.131694833,0
6.169832335739049e-08,0.28984982312900887,"[np.float64(7.031324859055355), 4.0]",0.713870667409164,2.462898406156447,11570341.43819491,0
5.6090475157341304e-08,0.2925542958154215,"[np.float64(6.657994592561979), 4.0]",0.7239702709424407,2.474652675752225,12907187.341729715,0
6.19970078918487e-08,0.28971293704745027,"[np.float64(7.051395472927653), 4.0]",0.7133629138078604,2.462309488412743,11506408.745600974,0
5.97923754082363e-08,0.290739521126697,"[np.float64(6.9037523691696405), 4.0]",0.7171788824204368,2.4667402616650396,11994487.215532945,0
6.544595828557447e-08,0.28817865952961563,"[np.float64(7.284961196592523), 4.0]",0.707694298109229,2.455748455712768,10813414.863927789,0
6.470788200445271e-08,0.2885000883434496,"[np.float64(7.234676234346828), 4.0]",0.7088784494639058,2.457116923375115,10955055.667177085,0
5.992270166923214e-08,0.29067776741020646,"[np.float64(6.912449779000416), 4.0]",0.7169488090749527,2.466472807544272,11964560.827588262,0
5.861275548507866e-08,0.29130485326433636,"[np.float64(6.825184668500151), 4.0]",0.7192882511310437,2.469194189766368,12271872.311380353,0
5.772272023461754e-08,0.29173923979635635,"[np.float64(6.766074408506103), 4.0]",0.7209128795509946,2.4710864402547137,12489239.533771103,0
6.411768227764356e-08,0.2887597515189869,"[np.float64(7.194590417726228), 4.0]",0.7098363747930284,2.4582247735670126,11070836.461606363,0
5.960493221844826e-08,0.29082858182046484,"[np.float64(6.891249415660798), 4.0]",0.7175108109128688,2.4671261896666152,12037775.804915566,0
6.194331403161038e-08,0.2897374954287793,"[np.float64(7.047785751460841), 4.0]",0.7134539843178619,2.462415101856352,11517852.98335472,0
5.4424380893473686e-08,0.2934123431095496,"[np.float64(6.548018221913297), 4.0]",0.7272017114781583,2.4784291750352416,13361690.101749249,0
5.435863901236276e-08,0.2934467673814273,"[np.float64(6.543684384568127), 4.0]",0.7273316289313815,2.478581159444101,13380239.868882015,0
6.262416142701957e-08,0.28942767306171246,"[np.float64(7.093613339369184), 4.0]",0.7123058385487088,2.461084080224869,11374297.432769775,0
5.799715824517947e-08,0.29160456233141363,"[np.float64(6.784286308939126), 4.0]",0.7204088209940355,2.470499141831939,12421450.33983477,0
6.68298080915216e-08,0.2875855391223181,"[np.float64(7.3797376614905374), 4.0]",0.7055139664666624,2.4532317188820394,10556875.541232744,0
6.250313634152607e-08,0.28948249661022246,"[np.float64(7.085458222499546), 4.0]",0.7125088818755351,2.4613193896655594,11399570.06288908,0
6.250773169180522e-08,0.28948041299225546,"[np.float64(7.085767802278637), 4.0]",0.7125011640670966,2.4613104448146492,11398608.53662213,0
5.706311997661894e-08,0.29206567509705084,"[np.float64(6.722352049400182), 4.0]",0.722135967564831,2.4725122776747783,12655038.277975675,0
5.794629074786604e-08,0.29162947497037384,"[np.float64(6.780909760658968), 4.0]",0.7205020375020301,2.4706077380389098,12433963.040655259,0
6.209186092097308e-08,0.28966960594199737,"[np.float64(7.057774046393958), 4.0]",0.7132022537645213,2.462123188400135,11486243.819817927,0
5.988685277741882e-08,0.290694740277367,"[np.float64(6.91005702370273), 4.0]",0.7170120374935769,2.466546304929488,11972778.735902054,0
7.288695637114629e-08,0.2851222534068678,"[np.float64(7.803558617162235), 4.0]",0.6965243090372524,2.4428970405312986,9556227.118203348,0
6.110179835666009e-08,0.29012523303403676,"[np.float64(6.991306564148777), 4.0]",0.7148932487975502,2.4640850481063836,11700036.13681899,0
6.032092133039914e-08,0.2904899248153451,"[np.float64(6.939047668257023), 4.0]",0.7162493853646005,2.4656599908581915,11873979.534255583,0
6.318670521565406e-08,0.28917423760961003,"[np.float64(7.131572230129829), 4.0]",0.7113679063736658,2.4599975165630905,11258189.58190321,0
6.284660016306096e-08,0.2893271877974057,"[np.float64(7.108612440809742), 4.0]",0.7119338205241105,2.460653027266227,11328119.87723976,0
6.20921048882486e-08,0.28966949457836977,"[np.float64(7.057790455434138), 4.0]",0.7132018409007861,2.462122709672592,11486192.039783224,0
6.079292559620207e-08,0.2902689136729175,"[np.float64(6.97061906594771), 4.0]",0.7154272572110353,2.464705049391535,11768264.978116635,0
6.15579264686224e-08,0.28991439885828485,"[np.float64(7.021898398254696), 4.0]",0.7141103135876484,2.4631764286282234,11600623.259323852,0
5.5026153455766543e-08,0.2930992688353461,"[np.float64(6.587706697581886), 4.0]",0.72602113889196,2.477048618295311,13194110.314753894,0
6.231527194269035e-08,0.28956781050739633,"[np.float64(7.0728069813820325), 4.0]",0.7128249536434345,2.4616857529653733,11439008.95271708,0
6.041550261552694e-08,0.2904454968405389,"[np.float64(6.94537001638876), 4.0]",0.7160840508013813,2.465467905651598,11852654.034154236,0
6.819133043408318e-08,0.2870136246022301,"[np.float64(7.473663485813455), 4.0]",0.7034173966929991,2.450815349507744,10315349.359152833,0
5.8497946084686435e-08,0.29136050125223356,"[np.float64(6.817552004491703), 4.0]",0.7194961907821087,2.4694362746144303,12299512.016037399,0
5.981350454116282e-08,0.2907294999351731,"[np.float64(6.905162194288623), 4.0]",0.7171415422906139,2.466696852058433,11989625.88452056,0
6.219866668823282e-08,0.2896208946331427,"[np.float64(7.064959192341691), 4.0]",0.7130216847975249,2.4619138260058753,11463616.870945232,0
6.040010318322155e-08,0.2904527256156505,"[np.float64(6.944340496335113), 4.0]",0.7161109496413303,2.465499155235829,11856121.296167878,0
6.453314813331104e-08,0.2885767172333712,"[np.float64(7.222797200268836), 4.0]",0.7091610188939947,2.4574436416521372,10989096.912319027,0
6.21515799719696e-08,0.28964235921392656,"[np.float64(7.0617911614448525), 4.0]",0.7131012471585038,2.4620060722258352,11473581.96654233,0
5.915632077305267e-08,0.291042907307799,"[np.float64(6.8613547160637625), 4.0]",0.718310174918572,2.468055935679981,12142576.913704578,0
6.000054473598825e-08,0.2906409479854212,"[np.float64(6.917646396138229), 4.0]",0.7168116644688195,2.4663133995309408,11946752.610712163,0
5.554725242080668e-08,0.2928310729167199,"[np.float64(6.6221040404205676), 4.0]",0.7250111897428327,2.4758683650659687,13052152.143375156,0
6.019699112690856e-08,0.29054824696255677,"[np.float64(6.93076644789406), 4.0]",0.7164664786664906,2.4659122405884704,11902031.40147023,0
5.890551989383251e-08,0.2911634590532203,"[np.float64(6.84465894610532), 4.0]",0.7187601505026463,2.468579514887779,12201915.063275784,0
6.238986657105261e-08,0.2895339041834735,"[np.float64(7.077829241341377), 4.0]",0.7126993218445147,2.461540122060756,11423318.577430489,0
5.9037800771001495e-08,0.2910998101579442,"[np.float64(6.85346335854301), 4.0]",0.7185225404114871,2.4683030195781748,12170550.579933101,0
5.988407748549222e-08,0.29069605469018145,"[np.float64(6.909871796507625), 4.0]",0.7170169342411611,2.466551997086251,11973415.377649741,0
6.774671963364461e-08,0.28719915179095856,"[np.float64(7.442914116261771), 4.0]",0.7040968929465978,2.451598093364438,10393077.284836192,0
5.970111456500115e-08,0.29078284641034796,"[np.float64(6.897664125573192), 4.0]",0.7173403379011346,2.4669279730787,12015526.730579067,0
6.06823897288713e-08,0.29032051340136217,"[np.float64(6.963221032114101), 4.0]",0.7156191233454632,2.464927865280172,11792863.243238224,0
7.01957424157251e-08,0.28619149465743715,"[np.float64(7.613284554410367), 4.0]",0.7004135318268746,2.447359704610541,9978005.89783305,0
5.849313498103258e-08,0.2913628356544669,"[np.float64(6.817232208622687), 4.0]",0.7195049149337975,2.469446432032509,12300672.808306642,0
5.883538218093706e-08,0.2911972667127518,"[np.float64(6.839992030831793), 4.0]",0.7188863883042323,2.4687264287180604,12218606.587672595,0
6.193007692819783e-08,0.289743553098732,"[np.float64(7.046895963106579), 4.0]",0.7134764497702538,2.462441155773126,11520677.59575793,0
5.878240314006625e-08,0.2912228311774242,"[np.float64(6.836467452873514), 4.0]",0.7189818594483723,2.4688375445754143,12231243.042840354,0
6.009217417059606e-08,0.2905976703659856,"[np.float64(6.923765012297816), 4.0]",0.7166504950501214,2.4661260847258504,11925853.989167003,0
6.196814568575341e-08,0.28972613530254154,"[np.float64(7.049455037800801), 4.0]",0.7134118559358246,2.462366245250386,11512557.751100162,0
6.059269085937066e-08,0.29036245669069294,"[np.float64(6.9572196417282255), 4.0]",0.7157751179967349,2.4651090438982286,11812895.381358365,0
5.917091953076104e-08,0.2910359064019841,"[np.float64(6.862326925871605), 4.0]",0.7182840509959543,2.468025543225746,12139139.575523103,0
5.597721822045275e-08,0.29261176818881585,"[np.float64(6.650508801139796), 4.0]",0.7241863039828293,2.474904917411005,12937161.348940145,0
6.03484188822008e-08,0.2904770009582727,"[np.float64(6.940885556463374), 4.0]",0.7162012868443404,2.4656041080072404,11867772.18210728,0
6.036203894885786e-08,0.2904706017538778,"[np.float64(6.941795959600873), 4.0]",0.7161774721145855,2.4655764397163282,11864699.811107634,0
6.527958920874013e-08,0.2882507975392662,"[np.float64(7.273611017567142), 4.0]",0.7079598990250766,2.4560552999983867,10845042.188627766,0
5.9116262071947285e-08,0.29106212680411836,"[np.float64(6.85868720420755), 4.0]",0.7183818970428716,2.4681393794883344,12152018.27491337,0
6.123196094881275e-08,0.2900649057634914,"[np.float64(7.000031254982339), 4.0]",0.7146691428119197,2.463824918532666,11671505.072479257,0
6.753015505459042e-08,0.2872899495656296,"[np.float64(7.427964064153219), 4.0]",0.7044296595701597,2.4519815630001256,10431334.845902676,0
5.517256086741287e-08,0.29302364711792306,"[np.float64(6.5973680150368885), 4.0]",0.7257362392129283,2.4767156041876253,13153934.271004217,0
5.907467529416438e-08,0.29108209365367144,"[np.float64(6.855918266007158), 4.0]",0.718456415013947,2.468226080126949,12161834.346720798,0
6.007754567137467e-08,0.2906045750333568,"[np.float64(6.922788063958389), 4.0]",0.7166762063830481,2.4661559657165926,11929185.827651495,0
6.081044108129849e-08,0.29026074598052864,"[np.float64(6.971791614020004), 4.0]",0.7153968911301711,2.464669787550817,11764375.959282143,0
6.504139099058667e-08,0.2883543986060484,"[np.float64(7.257376262532553), 4.0]",0.7083415011568647,2.456496258011328,10890626.574382177,0
6.017627241238863e-08,0.2905580092801155,"[np.float64(6.929382315928501), 4.0]",0.7165028229357987,2.465954473982669,11906733.239068005,0
6.241432079591504e-08,0.2895227976439097,"[np.float64(7.079476000781087), 4.0]",0.7126581736033597,2.4614924261676734,11418183.591769576,0
5.848334034550183e-08,0.2913675887370597,"[np.float64(6.816581168364033), 4.0]",0.7195226785005904,2.4694671140993405,12303036.629745645,0
6.121802328723684e-08,0.2900713592967534,"[np.float64(6.999096831567365), 4.0]",0.7146931135748483,2.4638527406068094,11674553.91725875,0
6.205897651776871e-08,0.2896846207233431,"[np.float64(7.055562409052076), 4.0]",0.7132579207827358,2.4621877371388554,11493227.2622723,0
6.138910222419519e-08,0.28999224808940366,"[np.float64(7.010569725569638), 4.0]",0.7143993164772499,2.463511770345678,11637233.492489237,0
6.861638362503902e-08,0.28683735336205723,"[np.float64(7.5031330016554865), 4.0]",0.7027723551647179,2.450072652419336,10242048.881577417,0
5.693515706667219e-08,0.2921294592107181,"[np.float64(6.71387752695036), 4.0]",0.7223751749604937,2.472791264914614,12687682.131351253,0
6.017296588110994e-08,0.2905595675817567,"[np.float64(6.929161428811215), 4.0]",0.7165086245145759,2.465961215725471,11907483.934400996,0
6.110074298895591e-08,0.29012572270633835,"[np.float64(6.991235840207132), 4.0]",0.714895068112718,2.464087160021746,11700268.002337331,0
6.701140974373788e-08,0.2875086020578627,"[np.float64(7.392225467138952), 4.0]",0.7052315927779013,2.4529060616974845,10524052.478149874,0
5.6936108470620084e-08,0.2921289844238985,"[np.float64(6.71394052619351), 4.0]",0.7223733941165175,2.4727891877661334,12687438.841895444,0
6.104811508544539e-08,0.290150152069744,"[np.float64(6.987709391666089), 4.0]",0.7149858376686155,2.4641925312406965,11711841.33478802,0
6.297549339183703e-08,0.2892691248872356,"[np.float64(7.11730996240979), 4.0]",0.7117189399881854,2.460404096930951,11301522.253423734,0
5.586413157077509e-08,0.2926692761255574,"[np.float64(6.643035842088691), 4.0]",0.7244025295898416,2.4751574172038042,12967220.812733576,0
6.308721485315752e-08,0.28921889403909823,"[np.float64(7.124852495433789), 4.0]",0.7115330922706378,2.460188829068853,11278562.446080554,0
6.582114270602277e-08,0.28801664227688556,"[np.float64(7.310591290995669), 4.0]",0.7070981072657295,2.4550598940250086,10742720.016634239,0
5.745889446526218e-08,0.291869338367441,"[np.float64(6.748578289209351), 4.0]",0.7214001062203855,2.47165430344793,12555064.153845165,0
6.001310109136016e-08,0.2906350134727805,"[np.float64(6.918484748996186), 4.0]",0.7167895618986632,2.4662877102582628,11943884.732893039,0
6.277459260782237e-08,0.28935967746964797,"[np.float64(7.103755473357062), 4.0]",0.712054084868538,2.460792364351554,11343029.963046048,0
6.326155801818548e-08,0.28914068633756973,"[np.float64(7.136629749258275), 4.0]",0.711243821915006,2.4598538203808293,11242907.133437157,0
6.199367651568776e-08,0.28971446011831864,"[np.float64(7.051171490253291), 4.0]",0.7133685615442467,2.462316037842601,11507118.171378748,0
5.7441698330474155e-08,0.2918778397453323,"[np.float64(6.747438276962538), 4.0]",0.7214319548288856,2.4716914290524605,12559377.173675055,0
6.458064895125855e-08,0.2885558655073316,"[np.float64(7.2260255272512826), 4.0]",0.7090841178681363,2.4573547192376166,10979823.358593205,0
6.0146865800083e-08,0.2905718711036775,"[np.float64(6.927417941032751), 4.0]",0.716554432203735,2.4660144475858945,11913412.65537308,0
5.958230815725587e-08,0.2908393507439086,"[np.float64(6.889740819476703), 4.0]",0.7175509561020985,2.4671728714382954,12043020.458493533,0
6.433491372722264e-08,0.2886639027601396,"[np.float64(7.209332054548264), 4.0]",0.7094826409772885,2.4578155917431115,11027956.670393085,0
5.8387313268436006e-08,0.2914142318660454,"[np.float64(6.810199246887242), 4.0]",0.719697017835667,2.469670109202115,12326256.810736535,0
5.738410856668498e-08,0.2919063301262275,"[np.float64(6.743620717837905), 4.0]",0.7215386973513307,2.4718158631206095,12573841.702408679,0
5.7539424098058324e-08,0.29182956156038226,"[np.float64(6.753917593597161), 4.0]",0.7212511078969663,2.4714806273926184,12534903.14167578,0
6.280320900208067e-08,0.28934676131493287,"[np.float64(7.10568550174492), 4.0]",0.7120062719825,2.460736967460068,11337100.178414628,0
5.527395231356211e-08,0.2929714008450819,"[np.float64(6.6040600746851155), 4.0]",0.7255394645416072,2.4764856311871197,13126245.440632036,0
6.124068337996303e-08,0.29006086779029155,"[np.float64(7.000616057124997), 4.0]",0.7146541446881637,2.4638075109285165,11669597.810562432,0
6.281352740318042e-08,0.28934210550621275,"[np.float64(7.10638147983045), 4.0]",0.7119890378769325,2.4607170001451606,11334963.45949332,0
6.537902712604518e-08,0.28820765917734353,"[np.float64(7.280393858985726), 4.0]",0.7078010593629589,2.4558717883601626,10826117.953673108,0
6.14275054857781e-08,0.28997452025799864,"[np.float64(7.0131460998381225), 4.0]",0.7143334953403561,2.463435389788017,11628886.598784985,0
6.194948655361574e-08,0.289734671157695,"[np.float64(7.048200679153144), 4.0]",0.7134435104571698,2.4624029551122004,11516536.296708483,0
5.569795607552158e-08,0.29275400370078325,"[np.float64(6.632057471660991), 4.0]",0.7247212063911604,2.475529616093245,13011630.182775496,0
6.035724529641258e-08,0.29047285381829,"[np.float64(6.941475533868801), 4.0]",0.7161858531217846,2.465586176840491,11865780.977985622,0
6.211897128238911e-08,0.2896572335959044,"[np.float64(7.059597561528503), 4.0]",0.7131563865041857,2.4620700047805375,11480492.541678123,0
6.163796169286301e-08,0.28987756826221334,"[np.float64(7.027271484295292), 4.0]",0.713973623032559,2.4630178434045744,11583342.528265808,0
6.16195191084127e-08,0.28988605086224334,"[np.float64(7.026033218608738), 4.0]",0.7140051026579636,2.463054364065506,11587320.267815642,0
6.033495413006742e-08,0.2904833286426465,"[np.float64(6.939985575201257), 4.0]",0.716224836121796,2.465631468313619,11870810.982598748,0
5.970959627024787e-08,0.2907788169296871,"[np.float64(6.898229889066854), 4.0]",0.7173253202883085,2.4669105124730053,12013568.4227652,0
5.938461621098358e-08,0.2909336302510737,"[np.float64(6.8765629212938215), 4.0]",0.717902505743938,2.4675817131364055,12089031.664250398,0
6.792319856436992e-08,0.2871253693293793,"[np.float64(7.455110243725765), 4.0]",0.7038265917832286,2.451286674622699,10362094.34566338,0
6.195559854881462e-08,0.289731874861767,"[np.float64(7.048611547725737), 4.0]",0.7134331404810722,2.462390928928534,11515232.798839971,0
5.7982380212807616e-08,0.2916117976167879,"[np.float64(6.783305308824174), 4.0]",0.720435892384876,2.470530679048909,12425083.098360635,0
6.761309326426164e-08,0.2872551430514588,"[np.float64(7.433687406342809), 4.0]",0.7043020794983795,2.4518345329406728,10416652.241388481,0
5.8078252101157234e-08,0.29156489301485694,"[np.float64(6.789670164929208), 4.0]",0.720260411613146,2.4703262596723006,12401551.106576683,0
5.98359033556654e-08,0.2907188805217,"[np.float64(6.9066568397325865), 4.0]",0.717101975051822,2.4666508544782864,11984476.457042161,0
6.516191236495979e-08,0.28830193254440367,"[np.float64(7.265588263887606), 4.0]",0.708148225243323,2.4562729045676983,10867517.535045873,0
6.437675588485579e-08,0.28864547788070494,"[np.float64(7.2121731853338575), 4.0]",0.7094146616320476,2.457736967995194,11019733.005821325,0
6.458115478377057e-08,0.2885556435410969,"[np.float64(7.2260599092544044), 4.0]",0.7090832992990873,2.45735377273291,10979724.683976725,0
6.107797592701852e-08,0.29013628832532906,"[np.float64(6.989710202698633), 4.0]",0.7149343243554667,2.4641327304560146,11705272.04781204,0
6.303775299453177e-08,0.28924112143563774,"[np.float64(7.121512799021851), 4.0]",0.7116153253340222,2.460284076489351,11288716.547300655,0
6.208385554871847e-08,0.2896732603961353,"[np.float64(7.057235620121026), 4.0]",0.7132158022191925,2.462138898301667,11487943.1361913,0
6.051045323693374e-08,0.2904009668566314,"[np.float64(6.951719051058974), 4.0]",0.7159183715636583,2.4652754407567157,11831317.289269343,0
6.760573789679066e-08,0.28725822818103613,"[np.float64(7.433179726623784), 4.0]",0.7043133869046836,2.451847563652069,10417952.807199793,0
6.665845553704336e-08,0.28765832222175586,"[np.float64(7.367965618148718), 4.0]",0.7057811893008289,2.4535399631398187,10588021.933820728,0
5.990798203162778e-08,0.2906847352478855,"[np.float64(6.911467275371886), 4.0]",0.7169747654973576,2.4665029792016675,11967933.840916865,0
6.261984039755403e-08,0.28942962861875043,"[np.float64(7.093322104503089), 4.0]",0.7123130802000002,2.4610924721127656,11375197.9512842,0
6.785523862112382e-08,0.28715375996333925,"[np.float64(7.450412236742991), 4.0]",0.703930589315808,2.451406484824292,10374005.067556705,0
6.24119920832984e-08,0.2895238551016528,"[np.float64(7.0793191772933515), 4.0]",0.7126620912492606,2.4614969671464295,11418672.397094833,0
5.846777123954956e-08,0.2913751457159129,"[np.float64(6.8155463398812355), 4.0]",0.7195509218168064,2.4694999981857046,12306795.804969525,0
6.706051514930911e-08,0.28748783321251237,"[np.float64(7.395604266350617), 4.0]",0.705155384842076,2.4528181835118628,10515209.781375214,0
5.850206158138388e-08,0.29135850452404327,"[np.float64(6.817825566406719), 4.0]",0.7194887286658659,2.4694275866126048,12298519.21824951,0
6.122521183068741e-08,0.2900680306102739,"[np.float64(6.999578767665987), 4.0]",0.7146807495345001,2.4638383900179686,11672981.24685763,0
6.598378890038912e-08,0.2879466893862917,"[np.float64(7.321717027868215), 4.0]",0.7068408364361675,2.454762851910803,10712340.837281005,0
5.733164082593907e-08,0.2919323125155107,"[np.float64(6.740143139226904), 4.0]",0.7216360559565761,2.4719293651956895,12587046.970232183,0
6.382888132449504e-08,0.28888768220043193,"[np.float64(7.175014086924029), 4.0]",0.7103087590275748,2.4587713592258966,11128328.49782354,0
6.246138401220169e-08,0.2895014349856544,"[np.float64(7.082645708394598), 4.0]",0.7125790339109216,2.4614006971890547,11408313.235129738,0
5.786789413278648e-08,0.2916679146408909,"[np.float64(6.775706696839187), 4.0]",0.7206458901786473,2.4707753373075856,12453293.851077737,0
6.470338274452375e-08,0.2885020588934167,"[np.float64(7.234370237978496), 4.0]",0.708885714589848,2.457125322810041,10955929.729189396,0
6.205409701234041e-08,0.28968684935626454,"[np.float64(7.055234262183332), 4.0]",0.7132661837350763,2.4621973186566115,11494264.16749296,0
5.868464598309538e-08,0.2912700653753457,"[np.float64(6.829965254737594), 4.0]",0.7191582871985485,2.4690429010334576,12254624.274392117,0
6.747202583683985e-08,0.2873143694026419,"[np.float64(7.42395427775685), 4.0]",0.7045191808257815,2.4520847401073405,10441648.551200202,0
5.3704149646366614e-08,0.29379190516148707,"[np.float64(6.500558319589423), 4.0]",0.7286353531020884,2.480106974702326,13567580.119972808,0
5.990375309890148e-08,0.29068673742332446,"[np.float64(6.9111850118109315), 4.0]",0.7169822241120395,2.466511649163769,11968903.2326288,0
6.157076811237279e-08,0.28990848612026926,"[np.float64(7.022760402479199), 4.0]",0.714088367847386,2.4631509667197005,11597847.318456441,0
7.038820203755553e-08,0.28611374655364696,"[np.float64(7.626780695128235), 4.0]",0.7001300661082898,2.4470340014823924,9946696.262176668,0
6.018656671079869e-08,0.2905531583458556,"[np.float64(6.930070023953118), 4.0]",0.7164847631141756,2.4659334876729124,11904396.649786366,0
6.11352158566563e-08,0.290109732345321,"[np.float64(6.993546126323585), 4.0]",0.7148356601431142,2.464018198783614,11692698.719166853,0
6.217351152383991e-08,0.28963235962368444,"[np.float64(7.063266661432686), 4.0]",0.7130641808561932,2.461963096190868,11468938.513835987,0
6.111785896719794e-08,0.29011778225188917,"[np.float64(6.992382875358378), 4.0]",0.7148655668851085,2.4640529144278385,11696508.663184324,0
6.33854830974493e-08,0.289085226922776,"[np.float64(7.145006402621517), 4.0]",0.7110387567072964,2.4596163708401395,11217690.896417722,0
6.833383614392316e-08,0.286954408492203,"[np.float64(7.483535586536878), 4.0]",0.7032006428236469,2.4505657415008977,10290665.393679667,0
5.379151189573836e-08,0.29374557796735906,"[np.float64(6.506312958059052), 4.0]",0.7284602327870773,2.4799019540237084,13542289.612513933,0
5.832206623245686e-08,0.29144596957462293,"[np.float64(6.805863888830393), 4.0]",0.7198156667974418,2.4698082730327053,12342081.021760106,0
6.27419344558698e-08,0.28937442514110645,"[np.float64(7.101553123076224), 4.0]",0.7121086812262833,2.460855622880428,11349804.359748462,0
6.049921078921511e-08,0.2904062356155156,"[np.float64(6.950967200588477), 4.0]",0.7159379727993801,2.465298209874697,11833839.870965833,0
6.207954656438307e-08,0.28967522764579484,"[np.float64(7.056945812805159), 4.0]",0.7132230956608864,2.4621473553582276,11488858.007704653,0
5.9320187064470604e-08,0.29096442636123576,"[np.float64(6.872269846639866), 4.0]",0.7180173723960068,2.467715319619794,12104098.249313481,0
7.251737810095854e-08,0.28526685784250816,"[np.float64(7.777223244698652), 4.0]",0.6970491321720157,2.4434984752306796,9612166.771964444,0
6.388286459548789e-08,0.28886372521931347,"[np.float64(7.178671437893192), 4.0]",0.7102202760148916,2.4586689639748722,11117539.586117042,0
6.046504965492823e-08,0.2904222513299728,"[np.float64(6.948682812436296), 4.0]",0.71599755867944,2.4653674276009103,11841511.133549238,0
5.9443132080326167e-08,0.2909056903744112,"[np.float64(6.8804626965469975), 4.0]",0.717798307086255,2.467460523588968,12075378.297972022,0
6.995936939889169e-08,0.28628726212189476,"[np.float64(7.596731273231505), 4.0]",0.7007628393038662,2.4477611546876887,10016711.776063662,0
6.141472889199145e-08,0.28998041697793353,"[np.float64(7.012288911691834), 4.0]",0.7143553884818861,2.4634607947896217,11631662.328725819,0
5.9591394413876683e-08,0.290835025232934,"[np.float64(6.8903466880759145), 4.0]",0.7175348308961279,2.467154120523977,12040913.590856332,0
6.665571172742233e-08,0.2876594891650755,"[np.float64(7.367777202590648), 4.0]",0.7057854744805485,2.453544906615364,10588522.066447105,0
5.62446820374727e-08,0.2924762388339282,"[np.float64(6.668189598027956), 4.0]",0.723676956556883,2.4743102531751173,12866584.543490482,0
6.330173577783393e-08,0.2891226938986638,"[np.float64(7.139345064231721), 4.0]",0.7111772876543799,2.4597767752663664,11234720.168659413,0
6.835600843306789e-08,0.2869452059029154,"[np.float64(7.485072297749778), 4.0]",0.7031669632620994,2.4505269605375735,10286834.754996248,0
6.20440445006499e-08,0.2896914412328319,"[np.float64(7.054558249863792), 4.0]",0.7132832090022588,2.4622170609071468,11496400.899441482,0
6.223885020073356e-08,0.2896025898819426,"[np.float64(7.067663228070237), 4.0]",0.7129538413168407,2.4618351707679085,11455125.520754522,0
6.177421546342043e-08,0.28981497849830223,"[np.float64(7.036422419846964), 4.0]",0.7137413864195523,2.4627484408081877,11554034.010228653,0
6.35556572097345e-08,0.28900924695812996,"[np.float64(7.15651642906993), 4.0]",0.7107579028640001,2.4592912176507995,11183235.829321843,0
6.20317795119026e-08,0.2896970447644524,"[np.float64(7.0537334879351175), 4.0]",0.7133039856778185,2.462241153539531,11499008.915921077,0
6.125218504573758e-08,0.2900555440890147,"[np.float64(7.00138722313441), 4.0]",0.7146343714617587,2.4637845613543785,11667083.728166342,0
7.001633386514771e-08,0.2862641544266033,"[np.float64(7.600718283557476), 4.0]",0.7006785404755695,2.4476642626774288,10007358.309063777,0
6.29844400418366e-08,0.28926509910306436,"[np.float64(7.117913839872406), 4.0]",0.7117040434688049,2.4603868412595005,11299680.413068129,0
5.965073177693185e-08,0.29080679434602386,"[np.float64(6.894303698631275), 4.0]",0.7174295962216003,2.467031755000705,12027171.752133388,0
6.017861888073042e-08,0.2905569034900047,"[np.float64(6.929539069135457), 4.0]",0.716498706089769,2.46594969000424,11906200.564519709,0
6.594587993206863e-08,0.2879629785301955,"[np.float64(7.31912307196087), 4.0]",0.7069007365727908,2.454832007159094,10719407.14569242,0
6.266634876226179e-08,0.2894085875942877,"[np.float64(7.096457006731413), 4.0]",0.7122351664077469,2.461002184932417,11365512.439694922,0
5.7545559571759984e-08,0.2918265333801797,"[np.float64(6.754324431932855), 4.0]",0.7212397659103359,2.4714674075600045,12533369.581903908,0
6.15888281635938e-08,0.28990017276448105,"[np.float64(7.023972764953819), 4.0]",0.714057513006171,2.4631151689112007,11593945.432919646,0
5.5146404888953004e-08,0.2930371415388541,"[np.float64(6.595641838456977), 4.0]",0.7257870710450067,2.476775016414682,13161094.952726416,0
5.949853118184993e-08,0.290879264738352,"[np.float64(6.884155388687875), 4.0]",0.7176997683182404,2.467345924309237,12062478.75472219,0
6.199163526825527e-08,0.28971539339656166,"[np.float64(7.051034249861101), 4.0]",0.7133720222763141,2.46232005111255,11507552.901118876,0
6.222491143377014e-08,0.2896089380393923,"[np.float64(7.066725210354347), 4.0]",0.7129773690272352,2.461862447526591,11458069.647653922,0
5.6672936730293986e-08,0.29226063415106257,"[np.float64(6.696518979231528), 4.0]",0.7228673431689016,2.473365409846023,12755071.201074703,0
6.347951200224096e-08,0.2890432193008785,"[np.float64(7.1513651788367705), 4.0]",0.7108834663891216,2.459436578753055,11198628.407288732,0
6.186858739746401e-08,0.28977170964057386,"[np.float64(7.0427632676610346), 4.0]",0.713580879489885,2.462562271434276,11533815.61640657,0
5.5720380774134566e-08,0.2927425545601022,"[np.float64(6.633538766852992), 4.0]",0.7246781364827313,2.475479308335234,13005620.67980568,0
6.20187130449734e-08,0.289703015702988,"[np.float64(7.0528548730334855), 4.0]",0.7133261252259332,2.462266826926151,11501788.576435933,0
6.211518433861933e-08,0.2896589615138299,"[np.float64(7.059342830157297), 4.0]",0.7131627921494933,2.462077432102659,11481295.592100391,0
5.7464759952737264e-08,0.2918664392096987,"[np.float64(6.748967150410204), 4.0]",0.7213892454344073,2.4716416433069486,12553593.646396931,0
6.324565647177278e-08,0.28914781055118316,"[np.float64(7.135555209271914), 4.0]",0.7112701681224459,2.4598843296326507,11246150.452085093,0
6.411876755694159e-08,0.2887592718574934,"[np.float64(7.1946640305850265), 4.0]",0.7098346041818057,2.458222725163674,11070621.461203648,0
5.978138119186523e-08,0.290744736936065,"[np.float64(6.90301882535596), 4.0]",0.7171983178371333,2.4667628566389004,11997018.19426558,0
6.037087478584043e-08,0.2904664511450251,"[np.float64(6.942386593429202), 4.0]",0.7161620259512774,2.4655584943739663,11862707.447784876,0
6.148273548380849e-08,0.2899490445497011,"[np.float64(7.016851967618222), 4.0]",0.7142389170314181,2.463325644478846,11616902.068703713,0
6.150359642462684e-08,0.2899394281593534,"[np.float64(7.018251906760825), 4.0]",0.7142032192501852,2.463284223826407,11612381.40155669,0
5.963726707702152e-08,0.29081319790300736,"[np.float64(6.89340571954898), 4.0]",0.7174534651625193,2.4670595087703204,12030287.441507475,0
6.087133211880241e-08,0.2902323703774532,"[np.float64(6.9758684253608285), 4.0]",0.7152914046391396,2.464547299492777,11750874.832886972,0
6.245814814857372e-08,0.2895029032695559,"[np.float64(7.08242775408228), 4.0]",0.7125844730305478,2.4614070013904525,11408991.367074663,0
6.061354916593924e-08,0.29035269766858357,"[np.float64(6.958615024291568), 4.0]",0.7157388196655305,2.4650668838713328,11808231.484780435,0
5.894971732492179e-08,0.291142176417039,"[np.float64(6.847600289359132), 4.0]",0.7186806915134583,2.4684870476615624,12191418.790902773,0
5.733344427775673e-08,0.2919314190226248,"[np.float64(6.740262665545217), 4.0]",0.7216327077505538,2.4719254616942306,12586592.63962135,0
5.7245255781568166e-08,0.2919751450136812,"[np.float64(6.734418431669693), 4.0]",0.7217965797718653,2.47211652121294,12608845.395433964,0
6.304189079899038e-08,0.2892392612980857,"[np.float64(7.12179215998801), 4.0]",0.7116084431875186,2.460276104958467,11287866.43561324,0
6.608553105933801e-08,0.28790301726076595,"[np.float64(7.328681278059576), 4.0]",0.7066802636060762,2.4545774835211467,10693418.850966787,0
5.9337670240800534e-08,0.29095606627783827,"[np.float64(6.873434712782537), 4.0]",0.7179861883974109,2.467679047158258,12100006.378472948,0
6.214174934058924e-08,0.28964684260348356,"[np.float64(7.061129821757259), 4.0]",0.7131178666775627,2.462025341853273,11475664.496811554,0
5.82242501709621e-08,0.2914936185941859,"[np.float64(6.799365873113597), 4.0]",0.7199938324750909,2.470015762085887,12365875.564923462,0
7.198710980367274e-08,0.2854755508494215,"[np.float64(7.739555090632523), 4.0]",0.6978071935388963,2.4443676225953426,9693502.009484684,0
5.622148304055479e-08,0.29248796742804095,"[np.float64(6.666655659427038), 4.0]",0.7237210221199787,2.474361692496056,12872677.542104857,0
6.037516893684362e-08,0.29046443420437823,"[np.float64(6.942673643304524), 4.0]",0.7161545201755635,2.4655497742338355,11861739.400260858,0
6.324935332034978e-08,0.28914615412796846,"[np.float64(7.135805015773197), 4.0]",0.7112640423887111,2.459877235904457,11245396.277591186,0
7.075602537426852e-08,0.28596571981051916,"[np.float64(7.652620038334447), 4.0]",0.6995906575961631,2.446414409600255,9887365.123968363,0
5.7293916102408404e-08,0.2919510093748852,"[np.float64(6.73764299431114), 4.0]",0.721706122371111,2.4720110538970275,12596557.740635457,0
6.065203138737127e-08,0.29033470190360056,"[np.float64(6.961189673164699), 4.0]",0.7156718894699406,2.464989147964697,11799635.941277888,0
7.189547111595044e-08,0.28551176312922844,"[np.float64(7.73305926877573), 4.0]",0.697938808534068,2.4445185756432974,9707688.088008454,0
5.565430041810021e-08,0.29277630642249064,"[np.float64(6.629173903785784), 4.0]",0.7248051125124068,2.4756276263232766,13023344.2351686,0
6.081155603281618e-08,0.2902602261457681,"[np.float64(6.9718662551842865), 4.0]",0.7153949585134042,2.464667543372389,11764128.484516174,0
6.858384940964006e-08,0.2868508079815678,"[np.float64(7.5008748064812085), 4.0]",0.7028215715395593,2.4501293075831967,10247625.025269749,0
6.560254972558567e-08,0.2881109267357215,"[np.float64(7.295652721381277), 4.0]",0.7074449992924695,2.4554604967877354,10783803.407820271,0
5.8445249900489714e-08,0.2913860808760192,"[np.float64(6.8140494955829185), 4.0]",0.7195917924775822,2.469547585506525,12312237.41369532,0
6.259026172578309e-08,0.28944301861605076,"[np.float64(7.091328654715086), 4.0]",0.7123626666956303,2.4611499358379305,11381365.83957091,0
6.571246077771697e-08,0.2880634807028753,"[np.float64(7.303161984416148), 4.0]",0.7072704161145584,2.4552588699852462,10763109.579886455,0
6.280284651866839e-08,0.28934692488658925,"[np.float64(7.105661052702155), 4.0]",0.7120068774720267,2.460737668980242,11337175.254634038,0
6.205886427014398e-08,0.2896846719885852,"[np.float64(7.0555548603273435), 4.0]",0.7132581108544435,2.462187957540773,11493251.113162672,0
5.844798018907948e-08,0.2913847549613443,"[np.float64(6.814230954958524), 4.0]",0.719586836698025,2.4695418152315036,12311577.48086689,0
7.033611967956613e-08,0.28613476623595285,"[np.float64(7.623126827577704), 4.0]",0.7002066924884163,2.447122038679532,9955151.004610203,0
6.424792852943675e-08,0.2887022443096789,"[np.float64(7.203427382823946), 4.0]",0.7096241227465541,2.4579792389330017,11045089.530340618,0
5.973457888478347e-08,0.2907669516271613,"[np.float64(6.899896415259596), 4.0]",0.7172811007420997,2.466859100486221,12007803.756775403,0
6.322729065704393e-08,0.28915604104564463,"[np.float64(7.134314236815135), 4.0]",0.7113006065995274,2.459919578464713,11249898.567657255,0
6.264300489666729e-08,0.28941914671178404,"[np.float64(7.094883437278452), 4.0]",0.71227426528505,2.461047492460349,11370371.942724992,0
5.912525021401488e-08,0.29105781327578,"[np.float64(6.859285698187499), 4.0]",0.7183657995166902,2.4681206507795475,12149898.679776087,0
5.9250369905217466e-08,0.29099783675529617,"[np.float64(6.867618682734337), 4.0]",0.7181420090513102,2.467860301158201,12120464.567565039,0
7.020165723258536e-08,0.2861891022079198,"[np.float64(7.613699084767252), 4.0]",0.7004048075121352,2.4473496793154714,9977040.929270681,0
5.4673424397487686e-08,0.2932823353277546,"[np.float64(6.564439158927559), 4.0]",0.7267112522111284,2.477855515570005,13291855.416404497,0
5.6696971254943056e-08,0.2922485845668655,"[np.float64(6.698109620603881), 4.0]",0.7228221203838708,2.47331264736542,12748866.551153779,0
6.041769125323157e-08,0.2904444696069043,"[np.float64(6.945516340756194), 4.0]",0.716080228459157,2.4654634651102847,11852161.405139027,0
6.774879200253862e-08,0.2871982842878966,"[np.float64(7.443057264192469), 4.0]",0.7040937143090512,2.451594430847106,10392712.45283116,0
6.282312278621658e-08,0.2893377766245948,"[np.float64(7.107028716444629), 4.0]",0.7119730142777223,2.4606984355225805,11332977.138059897,0
5.916223862308314e-08,0.2910400691592609,"[np.float64(6.861748812536028), 4.0]",0.7182995842455591,2.468043614477346,12141183.311567632,0
6.333093493270089e-08,0.28910962510001303,"[np.float64(7.1413187060891), 4.0]",0.7111289640895239,2.459720819891485,11228777.292569745,0
5.912257230867878e-08,0.29105909836730104,"[np.float64(6.85910738270141), 4.0]",0.7183705952765189,2.468126230398658,12150530.114385216,0
6.319539170002149e-08,0.28917034201961117,"[np.float64(7.132159061404832), 4.0]",0.7113534980918857,2.459980830411864,11256414.098492624,0
6.195141735355738e-08,0.2897337877681725,"[np.float64(7.048330472891736), 4.0]",0.7134402344198602,2.462399155844095,11516124.4874875,0
5.9138567953656543e-08,0.291051423158742,"[np.float64(6.860172516120222), 4.0]",0.718341953036773,2.468092906884647,12146759.346619548,0
6.073549215375615e-08,0.29029571246698505,"[np.float64(6.9667747647513965), 4.0]",0.7155268987955393,2.4648207605784576,11781034.011943674,0
6.554488475113518e-08,0.2881358507940926,"[np.float64(7.291714601726409), 4.0]",0.7075367260105098,2.455566442220094,10794690.214147577,0
6.010038010773248e-08,0.2905937979087961,"[np.float64(6.924313056978288), 4.0]",0.7166360753124076,2.4661093267287364,11923985.738988789,0
5.831068161025184e-08,0.2914515110929688,"[np.float64(6.805107511223461), 4.0]",0.7198363851641219,2.4698324001295178,12344846.009098347,0
6.509027969831984e-08,0.288333104474766,"[np.float64(7.260706838562292), 4.0]",0.7082630514498414,2.456405596367538,10881241.480794,0
6.417496196940731e-08,0.288734446651016,"[np.float64(7.198476101484604), 4.0]",0.7097429704969601,2.4581167184212127,11059499.66647896,0
5.841867844981568e-08,0.2913989881636733,"[np.float64(6.8122835836477655), 4.0]",0.7196400367809686,2.4696037598344724,12318663.411723226,0
6.115862536637901e-08,0.2900988789937573,"[np.float64(6.995115134694169), 4.0]",0.7147953399437632,2.4639713963153405,11687563.866285175,0
5.5955432026913776e-08,0.29262283762169305,"[np.float64(6.649069010702912), 4.0]",0.7242279196567795,2.4749535119780077,12942942.149181085,0
6.003895202440145e-08,0.2906227995479966,"[np.float64(6.920210849648592), 4.0]",0.7167440741673913,2.4662348421463762,11937984.425112668,0
6.040073086078315e-08,0.2904524309354831,"[np.float64(6.9443824583235525), 4.0]",0.716109853095258,2.4654978813185564,11855979.934180105,0
6.998803791804878e-08,0.2862756304540471,"[np.float64(7.598737640398846), 4.0]",0.7007204048374082,2.4477123802889946,10012002.417583188,0
6.484025890526998e-08,0.28844217185290283,"[np.float64(7.243682110141172), 4.0]",0.7086649502831339,2.4568701092866982,10929397.294950286,0
6.040227331010108e-08,0.290451706804335,"[np.float64(6.944485575715917), 4.0]",0.7161071585085965,2.465494750874394,11855632.565882944,0
6.2948554076978e-08,0.2892812504272912,"[np.float64(7.115491757504044), 4.0]",0.7117638095725786,2.4604560735313727,11307071.623951565,0
5.736479724834951e-08,0.29191589034594273,"[np.float64(6.742340708054807), 4.0]",0.7215745190546896,2.4718576237818657,12578699.022168176,0
6.205307960413877e-08,0.2896873140628778,"[np.float64(7.055165842228819), 4.0]",0.7132679067075256,2.4621993165800418,11494480.390945055,0
5.9402446142294575e-08,0.29092511390136366,"[np.float64(6.8777511200208625), 4.0]",0.7178707435041947,2.4675447708085603,12084868.387146607,0
6.767123681809054e-08,0.2872307668735535,"[np.float64(7.4377012970242316), 4.0]",0.7042127434225959,2.4517315853305117,10406382.039619215,0
5.757830056825353e-08,0.2918103796473536,"[np.float64(6.7564955621689275), 4.0]",0.7211792651862674,2.471396891562927,12525191.9224566,0
6.006725364748879e-08,0.2906094339121883,"[np.float64(6.922100749914383), 4.0]",0.7166943001923834,2.466176994133448,11931531.020185838,0
5.856601089772135e-08,0.29132749669565156,"[np.float64(6.822076745212447), 4.0]",0.7193728561476966,2.469292683687946,12283111.742133107,0
6.142580575842838e-08,0.2899753046531234,"[np.float64(7.013032061971422), 4.0]",0.714336407580636,2.463438769157068,11629255.795030741,0
5.737515867549877e-08,0.2919107604233748,"[np.float64(6.743027486105287), 4.0]",0.7215552972691139,2.47183521505888,12576092.405252792,0
5.8356537963885436e-08,0.29142919712680715,"[np.float64(6.808154279255938), 4.0]",0.7197529620786085,2.469735253621237,12333715.932977986,0
7.089719393315872e-08,0.2859091027297901,"[np.float64(7.662553235803033), 4.0]",0.6993844456864723,2.4461776103276214,9864769.067529613,0
6.198064438438097e-08,0.28972041907074614,"[np.float64(7.0502953116560825), 4.0]",0.7133906584737394,2.4623416629103323,11509894.186474655,0
6.282759644580703e-08,0.28933575859581717,"[np.float64(7.107330486497954), 4.0]",0.7119655445429532,2.4606897813053306,11332051.27713378,0
6.624303265758168e-08,0.28783554125117417,"[np.float64(7.339469346254339), 4.0]",0.7064322345701883,2.4542911952410136,10664249.600736469,0
5.579907238539283e-08,0.29270241612188774,"[np.float64(6.638737321261704), 4.0]",0.7245271602950251,2.4753029711695853,12984573.565862592,0
6.215599913079768e-08,0.2896403440317227,"[np.float64(7.062088461332975), 4.0]",0.7130937771756993,2.4619974111672724,11472646.03815802,0
6.29686474591006e-08,0.2892722057861538,"[np.float64(7.116847893370059), 4.0]",0.7117303403619131,2.46041730289174,11302931.999995653,0
6.183518666961202e-08,0.2897870159832674,"[np.float64(7.04051881604845), 4.0]",0.7136376549929967,2.4626281221454134,11540963.865864795,0
6.210982317053665e-08,0.2896614079057283,"[np.float64(7.058982213865422), 4.0]",0.7131718613730278,2.462087947888222,11482432.648614248,0
5.97597840615147e-08,0.2907549857833239,"[np.float64(6.901577918983972), 4.0]",0.717236509017975,2.466807257270811,12001992.983771093,0
6.609622516580679e-08,0.2878984307378852,"[np.float64(7.3294134975634515), 4.0]",0.7066634018990356,2.4545580192564915,10691433.589835478,0
6.152441607965686e-08,0.2899298341028801,"[np.float64(7.0196491819822056), 4.0]",0.7141676059985954,2.4632429022298434,11607872.963376828,0
6.005990570029564e-08,0.29061290341031304,"[np.float64(6.9216100588378255), 4.0]",0.7167072203904528,2.4661920099898045,11933205.888915086,0
6.376586452719398e-08,0.2889156737831836,"[np.float64(7.170745811180492), 4.0]",0.7104121562310902,2.458891021482684,11140947.61356405,0
6.42800501297693e-08,0.2886880796455484,"[np.float64(7.205607569643146), 4.0]",0.7095718516011748,2.4579187768070923,11038756.973099476,0
5.7378287905428585e-08,0.291909211337406,"[np.float64(6.743234901573617), 4.0]",0.7215494929461957,2.4718284484424373,12575305.386167329,0
5.867081972744507e-08,0.2912767524927252,"[np.float64(6.829045760535074), 4.0]",0.7191832679094271,2.469071979671255,12257937.953660585,0
7.083616193431199e-08,0.28593356704356254,"[np.float64(7.658257663352222), 4.0]",0.6994735433064623,2.4462799192789286,9874526.290048016,0
5.376714211885214e-08,0.293758492926314,"[np.float64(6.504707641387585), 4.0]",0.7285090484502514,2.479959102435175,13549335.51870553,0
6.215068608684331e-08,0.2896427668524248,"[np.float64(7.061731025742838), 4.0]",0.7131027582228945,2.4620078242320678,11473771.298782997,0
5.973374178815706e-08,0.29076734911730745,"[np.float64(6.899840572598028), 4.0]",0.7172825820659914,2.4668608227281057,12007996.830498258,0
6.755371655408712e-08,0.28728005732012707,"[np.float64(7.4295897141152505), 4.0]",0.7043933983097068,2.4519397722229446,10427159.810603933,0
6.140075843247361e-08,0.28998686612386887,"[np.float64(7.011351672065943), 4.0]",0.7143793333528503,2.4634885810576703,11634698.847221887,0
6.03929105786319e-08,0.29045610260152155,"[np.float64(6.943859656973853), 4.0]",0.7161235159869294,2.4655137543086276,11857741.399208315,0
6.223323709734723e-08,0.2896051460947515,"[np.float64(7.067285484779495), 4.0]",0.7129633151357098,2.461846154151025,11456310.942342106,0
6.277906482499426e-08,0.28935765852078327,"[np.float64(7.104057086577671), 4.0]",0.7120466109516345,2.4607837048159253,11342102.864013147,0
6.199989734301807e-08,0.28971161608723267,"[np.float64(7.0515897454008165), 4.0]",0.7133580155559641,2.4623038081468254,11505793.495258048,0
5.934010614568189e-08,0.2909549016811473,"[np.float64(6.873597016653763), 4.0]",0.7179818444261821,2.4676739944151436,12099436.469889576,0
5.848699272363516e-08,0.29136581623638014,"[np.float64(6.816823936507043), 4.0]",0.7195160541350359,2.4694594013434465,12302155.071212484,0
6.005012622447826e-08,0.2906175216840355,"[np.float64(6.920957009820752), 4.0]",0.7167244188880587,2.466211998281694,11935435.67600196,0
6.383956893814111e-08,0.2888829375861552,"[np.float64(7.175738100866947), 4.0]",0.710291234411282,2.458751078711417,11126190.953756843,0
6.305556644009381e-08,0.28923311432805276,"[np.float64(7.122715495368459), 4.0]",0.7115857010280534,2.460249763175325,11285057.627768647,0
5.896529184820458e-08,0.2911346806528645,"[np.float64(6.848636863599923), 4.0]",0.7186527078925196,2.4684544839555125,12187724.089326315,0
5.973807741293504e-08,0.29076529043465255,"[np.float64(6.900129803415964), 4.0]",0.7172749100172011,2.466851902938544,12006996.895114172,0
6.241836359255044e-08,0.28952096192306404,"[np.float64(7.079748259984516), 4.0]",0.7126513727123112,2.461484543221737,11417335.086903261,0
5.6662136706462276e-08,0.29226605042755016,"[np.float64(6.695804243400806), 4.0]",0.722887671608351,2.473389127990928,12757861.133145481,0
6.334147050536145e-08,0.28910491113054687,"[np.float64(7.142030890872247), 4.0]",0.7111115343160583,2.459700637859286,11226634.440952351,0
6.179121689151266e-08,0.2898071785192293,"[np.float64(7.0375645792029715), 4.0]",0.7137124497648749,2.462714876186266,11550386.700070102,0
5.732794977263843e-08,0.29193414128326306,"[np.float64(6.739898511011495), 4.0]",0.7216429089833785,2.4719373548130843,12587976.926532358,0
6.261188381263019e-08,0.2894332298656229,"[np.float64(7.0927858485220545), 4.0]",0.7123264162046629,2.4611079264650413,11376856.482011342,0
6.106054757628377e-08,0.2901443790935919,"[np.float64(6.988542399019521), 4.0]",0.7149643866937513,2.4641676289828283,11709105.38921284,0
6.269495641069765e-08,0.2893956529184117,"[np.float64(7.098385600318416), 4.0]",0.7121872738518423,2.460946688969882,11359562.469211983,0
6.199772751274945e-08,0.2897126080550686,"[np.float64(7.051443856494209), 4.0]",0.7133616938685112,2.462308073706324,11506255.511088092,0
6.110256948432693e-08,0.29012487524962527,"[np.float64(6.991358240321992), 4.0]",0.7148919194977373,2.4640835050170717,11699866.724608205,0
6.204196342223768e-08,0.28969239194059265,"[np.float64(7.054418304547631), 4.0]",0.7132867339808056,2.4622211484486605,11496843.34015036,0
5.715082591197261e-08,0.2920220435484709,"[np.float64(6.728161892095226), 4.0]",0.7219723792875408,2.472321508727834,12632754.956150051,0
5.959241945416954e-08,0.29083453730522046,"[np.float64(6.8904150384815726), 4.0]",0.7175330119560858,2.4671520054135128,12040675.953892348,0
5.96622270328129e-08,0.2908013285944389,"[np.float64(6.895070362263372), 4.0]",0.7174092234769305,2.467008066794127,12024512.98176267,0
6.315865324868307e-08,0.28918682162907267,"[np.float64(7.129677274025983), 4.0]",0.7114144516174985,2.4600514214648372,11263926.873430165,0
5.836617843961264e-08,0.29142450832579075,"[np.float64(6.808794854756082), 4.0]",0.7197354336295394,2.4697148423252346,12331378.42619247,0
6.121419431967087e-08,0.29007313247925604,"[np.float64(6.998840134037001), 4.0]",0.7146996999461832,2.4638603852678203,11675391.75985721,0
6.637724367067823e-08,0.28777816777326937,"[np.float64(7.348668976582214), 4.0]",0.7062214030312676,2.4540478817269955,10639510.831981666,0
5.654882313393831e-08,0.292322943063712,"[np.float64(6.688306223589923), 4.0]",0.7231012333148955,2.473638318417228,12787202.15984335,0
5.5555476291840474e-08,0.29282686158956933,"[np.float64(6.6226471301913294), 4.0]",0.7249953413197555,2.4758498499223074,13049934.762709195,0
6.14725786515325e-08,0.2899537278039308,"[np.float64(7.016170400070083), 4.0]",0.7142563027081188,2.4633458176854517,11619104.296193575,0
6.263107185861938e-08,0.28942454590846384,"[np.float64(7.0940791089243325), 4.0]",0.7122942584823,2.461070660909241,11372857.550485509,0
6.340185804574075e-08,0.2890779068851432,"[np.float64(7.146113587905215), 4.0]",0.7110116943680475,2.459585037228554,11214366.83850959,0
5.91452687154129e-08,0.29104820856045927,"[np.float64(6.860618727642225), 4.0]",0.7183299571518806,2.46807895057929,12145180.379655426,0
6.177576271381389e-08,0.2898142685549404,"[np.float64(7.036526361427011), 4.0]",0.7137387526007816,2.4627453857244346,11553701.990006834,0
6.556360783150852e-08,0.28812775589450695,"[np.float64(7.292993136661957), 4.0]",0.7075069335817377,2.4555320308702893,10791153.156183153,0
6.437608101695392e-08,0.28864577495897803,"[np.float64(7.212127356738362), 4.0]",0.7094157576673228,2.457738235621651,11019865.553488616,0
6.209938058256706e-08,0.28966617364905556,"[np.float64(7.058279819786759), 4.0]",0.7131895291599509,2.462108433910596,11484648.034640174,0
6.05684645997256e-08,0.2903737957926144,"[np.float64(6.955599072636205), 4.0]",0.715817295487432,2.4651580337458214,11818316.680437611,0
6.474088068272199e-08,0.28848564000890947,"[np.float64(7.236920682659161), 4.0]",0.7088251826693823,2.4570553412900944,10948649.063690498,0
6.313076004137779e-08,0.2891993399992827,"[np.float64(7.127793262530579), 4.0]",0.711460756797817,2.460105050030825,11269637.120343622,0
5.971615448228009e-08,0.2907757016633795,"[np.float64(6.898667358093238), 4.0]",0.7173137100896464,2.466897013699083,12012054.632595254,0
6.433848743658173e-08,0.28866232863755653,"[np.float64(7.2095746924573705), 4.0]",0.7094768329554978,2.457808874140673,11027253.844828527,0
5.8875821602849485e-08,0.2911777690970653,"[np.float64(6.842682729283173), 4.0]",0.7188135817377062,2.4686416959877415,12208977.508399082,0
6.042157206688823e-08,0.2904426482467184,"[np.float64(6.945775800477346), 4.0]",0.7160734512132642,2.4654555917868883,11851287.987352474,0
5.814654535777946e-08,0.29153153000945714,"[np.float64(6.794205052583123), 4.0]",0.7201356167690538,2.4701808986002063,12384839.24260698,0
6.133093029861569e-08,0.29001912307157224,"[np.float64(7.0066678066659005), 4.0]",0.714499110351056,2.463627580084533,11649898.458611561,0
5.598900014098944e-08,0.2926057837513535,"[np.float64(6.651287460663469), 4.0]",0.724163806322846,2.474878647437181,12934037.123350719,0
6.140443903764718e-08,0.28998516691126286,"[np.float64(7.011598589106931), 4.0]",0.7143730243182513,2.4634812598426925,11633898.713418225,0
6.18334367392961e-08,0.28978781814385307,"[np.float64(7.040401232574158), 4.0]",0.7136406305444696,2.46263157338868,11541338.60541088,0
6.68535960811892e-08,0.28757544948972175,"[np.float64(7.381372753834474), 4.0]",0.7054769297136227,2.453189001235786,10552565.173261113,0
5.4931324923769455e-08,0.2931483627083504,"[np.float64(6.581450197596074), 4.0]",0.7262061513673082,2.4772649066090864,13220255.516776547,0
5.97655693445372e-08,0.29075224002343536,"[np.float64(6.901963889051941), 4.0]",0.7172262770694668,2.4667953616166693,12000659.994298609,0
6.276644313536144e-08,0.2893633568604061,"[np.float64(7.103205874446926), 4.0]",0.7120677057347925,2.460808146064971,11344719.728647918,0
6.126778036017242e-08,0.29004832721107654,"[np.float64(7.002432911725046), 4.0]",0.7146075674186746,2.4637534520191666,11663676.457964364,0
6.214516539449233e-08,0.2896452845855646,"[np.float64(7.061359628362115), 4.0]",0.7131120912061683,2.4620186454149113,11474940.756523732,0
6.038415820965266e-08,0.29046021246418047,"[np.float64(6.943274559841118), 4.0]",0.7161388097646189,2.4655315221630674,11859713.391684594,0
6.260619881498896e-08,0.28943580324720136,"[np.float64(7.092402702906142), 4.0]",0.7123359459960211,2.46111897009379,11378041.783068229,0
6.031423626132921e-08,0.290493067710505,"[np.float64(6.938600875098235), 4.0]",0.7162610826747275,2.465673581541463,11875489.553930769,0
6.051192317496828e-08,0.2904002780459861,"[np.float64(6.9518173567985695), 4.0]",0.7159158090343346,2.465272464102002,11830987.538840687,0
6.536091206954094e-08,0.28821551304579135,"[np.float64(7.279157954851605), 4.0]",0.7078299756518432,2.4559051945943797,10829560.868103331,0
5.787067496545763e-08,0.29166655020959437,"[np.float64(6.775891238972894), 4.0]",0.7206407836224503,2.4707693875234953,12452607.197904516,0
5.771331801064456e-08,0.29174386561368226,"[np.float64(6.765450689769113), 4.0]",0.7209301983543681,2.4711066223719693,12491574.270975042,0
7.317148776430262e-08,0.28501139288466143,"[np.float64(7.82388050215761), 4.0]",0.6961221996343957,2.442436397327116,9513571.760037456,0
5.380642258639185e-08,0.29373767899496844,"[np.float64(6.507295195159115), 4.0]",0.7284303779057154,2.4798670037771795,13537981.95254747,0
5.369567325185935e-08,0.2937964043618052,"[6.5, 4.0]",0.7286523624687009,2.4801268894066455,13570038.670545386,0
6.122211512535529e-08,0.29006946450446675,"[np.float64(6.999371156066412), 4.0]",0.7146860755530712,2.4638445717614164,11673658.678562744,0
6.110629122616905e-08,0.29012314851690585,"[np.float64(6.991607650261818), 4.0]",0.7148855040864942,2.464076057842854,11699049.14439221,0
7.10861381168401e-08,0.28583349244170514,"[np.float64(7.675862354410137), 4.0]",0.6991091429019572,2.4458615291367174,9834676.090475934,0
6.265324187920625e-08,0.2894145157350012,"[np.float64(7.09557347631278), 4.0]",0.7122571172100375,2.4610276212344746,11368240.426939916,0
6.252260103711028e-08,0.2894736720114046,"[np.float64(7.086769559826333), 4.0]",0.7124761957135597,2.4612815070984753,11395498.330126565,0
6.23946542590719e-08,0.28953172938102023,"[np.float64(7.078151634089797), 4.0]",0.7126912643221005,2.461530782293665,11422312.901404986,0
6.035052451723951e-08,0.29047601155754554,"[np.float64(6.941026300290535), 4.0]",0.7161976047283061,2.4655998300445603,11867297.102342825,0
6.203043391832251e-08,0.289697659596928,"[np.float64(7.053643005550331), 4.0]",0.7133062653764288,2.462243797098293,11499295.10916629,0
6.009095839489164e-08,0.29059824414780283,"[np.float64(6.92368381629399), 4.0]",0.7166526316445643,2.46612856779707,11926130.83211346,0
6.414858246882245e-08,0.2887460977136272,"[np.float64(7.196686470875399), 4.0]",0.709785975030586,2.4581664675327946,11064717.998648793,0
5.559054313645621e-08,0.29280891172059786,"[np.float64(6.624962968439015), 4.0]",0.7249277943983063,2.475770939274014,13040487.707034105,0
6.032657258183497e-08,0.29048726823357435,"[np.float64(6.939425374412449), 4.0]",0.7162394981644064,2.4656485033571047,11872703.313167743,0
6.187674873288475e-08,0.28976797086934464,"[np.float64(7.043311733541985), 4.0]",0.7135670119687368,2.4625461876546795,11532070.229629042,0
6.374709061920218e-08,0.288924018362876,"[np.float64(7.1694744373641575), 4.0]",0.7104429826618532,2.458926698747377,11144712.2646857,0
6.563166888798224e-08,0.28809834902855735,"[np.float64(7.297641783305661), 4.0]",0.7073987143302157,2.455407039698432,10778313.67563696,0
