xline_all_values,yline_all_values,X_all_values,obj1,obj2,obj3,inc
1.856929919831432e-08,0.588300857069736,"[1, 1, 0, 1, 0, 1, np.float64(0.17426214912487487), np.float64(0.4884173554304628), np.float64(0.6867360146943233), np.float64(0.05023649423837459), 0, 1, 0, np.float64(0.5823797647887922), np.float64(0.14996367597874605), 0, np.float64(0.3802699689906294), np.float64(0.790466177399118), 1, np.float64(0.6804836083530301), np.float64(0.022746894352608904), 1, 1, 1, 1]",0.7087698076220896,1.204774392395749,38168904.49406029,0
1.8453491492833654e-08,0.589676187259449,"[1, 1, 0, 1, 0, 1, np.float64(0.21962274012794114), np.float64(0.4653425483077243), np.float64(0.6819948667817491), np.float64(0.08861605846178466), 0, 1, 0, np.float64(0.6001042784707981), np.float64(0.18606373564383444), 0, np.float64(0.3573983005338973), np.float64(0.7961921918927998), 1, np.float64(0.6825880936900088), np.float64(0.04575394316190118), 1, np.float64(0.9466836926262189), np.float64(0.9880010696838066), 1]",0.707400235578892,1.1996418557557353,38334221.78418693,0
1.8212363932751217e-08,0.60712583121752,"[1, 1, 0, 1, np.float64(0.15025794120298536), 1, np.float64(0.40222255433794096), np.float64(0.3724545281040458), np.float64(0.6629092969328105), np.float64(0.2431136331556792), 0, 1, np.float64(0.1311295937476546), np.float64(0.6714546033613644), np.float64(0.33138512679082044), 0, np.float64(0.2653280184119187), np.float64(0.8192423585592652), np.float64(0.7829290033129175), np.float64(0.6910597344478203), np.float64(0.1383692011468154), 1, np.float64(0.6718691239792715), np.float64(0.8093069131700408), 1]",0.6879468152788712,1.133120647987048,37773614.55213068,0
1.8210841858439793e-08,0.6081647244655995,"[1, 1, 0, 1, np.float64(0.16043634851042834), 1, np.float64(0.4104460936329431), np.float64(0.3682712364206193), np.float64(0.662049761920142), np.float64(0.2500715639836735), 0, 1, np.float64(0.10932070091608545), np.float64(0.674667926458035), np.float64(0.3379298003200456), 0, np.float64(0.26118155426458245), np.float64(0.8202804425910487), np.float64(0.7685492403433981), np.float64(0.6914412620576178), np.float64(0.14254020874970266), np.float64(0.9813107681433416), np.float64(0.6590975196281743), np.float64(0.8004033420173762), 1]",0.6875699564920486,1.1305653367123902,37756077.4969552,0
1.820372574750059e-08,0.6089370642972339,"[1, 1, 0, 1, np.float64(0.16176492155994324), 1, np.float64(0.427979127515373), np.float64(0.3593522306015338), np.float64(0.6602171864365652), np.float64(0.2649062516506938), 0, 1, np.float64(0.11956249408580144), np.float64(0.6815189063959991), np.float64(0.35188340090745746), 0, np.float64(0.25234106675919526), np.float64(0.8224936943126195), np.float64(0.7652799079564783), np.float64(0.6922546997113695), np.float64(0.15143302423971183), np.float64(0.9558307811600907), np.float64(0.6339162663916013), np.float64(0.785858288462512), 1]",0.6872403773557988,1.1285901575870303,37752731.87963504,0
1.8639971430634688e-08,0.5855580490058567,"[1, 1, 0, 1, 0, 1, np.float64(0.10282135922757049), np.float64(0.5247590875623247), np.float64(0.6942030988835781), 0, 0, 1, 0, np.float64(0.5544644923025389), np.float64(0.09310778585951465), 0, np.float64(0.4162917673112851), np.float64(0.7814479748284243), 1, np.float64(0.6771691432749429), 0, 1, 1, 1, 1]",0.7112164526354717,1.214595980437728,38155447.570407294,0
1.859239702244163e-08,0.5862085745877992,"[1, 1, 0, 1, 0, 1, np.float64(0.11923543548220625), np.float64(0.5164092923921507), np.float64(0.6924874783052166), np.float64(0.0036784304311980893), 0, 1, np.float64(0.04619607816006456), np.float64(0.5608782429331933), np.float64(0.10617086813063419), 0, np.float64(0.408015479418692), np.float64(0.7835199769001806), 1, np.float64(0.6779306673652177), 0, np.float64(0.896732019907065), 1, 1, 1]",0.7122105089248317,1.214943860938289,38306545.84587293,0
1.827765680782764e-08,0.6057761875583201,"[1, 1, 0, 1, np.float64(0.11936967431820908), 1, np.float64(0.3481616599437389), np.float64(0.39995515548662597), np.float64(0.6685598118608818), np.float64(0.19737274833702656), 0, 1, np.float64(0.10169227584884542), np.float64(0.6503304724547204), np.float64(0.2883609626425444), 0, np.float64(0.29258654449626836), np.float64(0.8124180765559361), np.float64(0.8278755955552006), np.float64(0.6885516022334744), np.float64(0.11094932833437073), np.float64(0.941128044667253), np.float64(0.748753460182756), np.float64(0.8525107304787671), 1]",0.6910054942941326,1.1406943826553222,37806021.94030696,0
1.8276872070590953e-08,0.6058159051849424,"[1, 1, 0, 1, np.float64(0.11998638681628426), 1, np.float64(0.34853885127088186), np.float64(0.3997632793022613), np.float64(0.6685203873332516), np.float64(0.19769188965429066), 0, 1, np.float64(0.10221631355816285), np.float64(0.650477858824493), np.float64(0.2886611489742017), 0, np.float64(0.2923963574905791), np.float64(0.8124656906402845), np.float64(0.8270097651732994), np.float64(0.6885691018647547), np.float64(0.11114064108145186), np.float64(0.9414132802779079), np.float64(0.7481382292074102), np.float64(0.8520385862608267), 1]",0.6909390889941622,1.1405099850972606,37804011.88592561,0
1.8274263000586226e-08,0.6059472216174814,"[1, 1, 0, 1, np.float64(0.1220543762800103), 1, np.float64(0.3498036670363724), np.float64(0.39911987102231805), np.float64(0.668388187145958), np.float64(0.19876204938609718), 0, 1, np.float64(0.1039735415450221), np.float64(0.6509720817577687), np.float64(0.2896677479534008), 0, np.float64(0.2917586134443167), np.float64(0.8126253524357965), np.float64(0.8241064218605985), np.float64(0.6886277824545265), np.float64(0.11178216001689599), np.float64(0.9423697457936142), np.float64(0.7460752076556436), np.float64(0.8504553699791599), 1]",0.6907173942383369,1.1398969573531088,37797277.746094555,0
1.841471394222782e-08,0.590692942924997,"[1, 1, 0, 1, 0, 1, np.float64(0.25917798506674694), np.float64(0.44522090466348874), np.float64(0.6778605011831991), np.float64(0.12208372345316434), 0, 1, 0, np.float64(0.6155603707440572), np.float64(0.21754363197634802), 0, np.float64(0.3374537974319857), np.float64(0.8011853787277204), 1, np.float64(0.684423242464166), np.float64(0.0658165003474788), 1, np.float64(0.8905113674861516), np.float64(0.9565681545756874), 1]",0.7064761322989034,1.196012481206514,38364762.79323802,0
1.825783023455503e-08,0.6067646590218216,"[1, 1, 0, 1, np.float64(0.13613156705228896), 1, np.float64(0.35841350433724317), np.float64(0.39474007061225896), np.float64(0.6674882757637658), np.float64(0.20604682668583618), 0, 1, np.float64(0.11593532086513277), np.float64(0.6543363496313688), np.float64(0.29651985533108305), 0, np.float64(0.28741737053152905), np.float64(0.8137122001175142), np.float64(0.8043428213165845), np.float64(0.6890272321960924), np.float64(0.11614909930584416), np.float64(0.9488805853157087), np.float64(0.7320318343885404), np.float64(0.8396781208578594), 1]",0.6892502278724049,1.1359432650272676,37750938.58458165,0
1.8360105877301356e-08,0.5953820055183693,"[1, 1, 0, 1, np.float64(0.03185989616727049), 1, np.float64(0.2603610246825157), np.float64(0.4446190956846203), np.float64(0.6777368483453334), np.float64(0.12625842090068717), 0, 1, 0, np.float64(0.616022639894268), np.float64(0.21848514970729047), 0, np.float64(0.33685728646806967), np.float64(0.8013347176546766), np.float64(0.9512771656488017), np.float64(0.6844781290842341), np.float64(0.07060946069839524), 1, np.float64(0.8518644701599597), np.float64(0.9262184566415921), 1]",0.7019173736963605,1.1789361572747503,38230573.30862905,0
1.8301764475295407e-08,0.6042779872069582,"[1, 1, 0, 1, np.float64(0.0973681480772432), 1, np.float64(0.3403516342630747), np.float64(0.40392809393870166), np.float64(0.6693761258932658), np.float64(0.19076469108800898), 0, 1, np.float64(0.07885456134742215), np.float64(0.6472787285516397), np.float64(0.28214538240376863), 0, np.float64(0.29652450725329327), np.float64(0.8114321916885964), np.float64(0.8585106676900349), np.float64(0.6881892594120311), np.float64(0.10698805626838905), np.float64(0.9341711479708765), np.float64(0.7633054726857333), np.float64(0.8662149135396344), 1]",0.6934516556493414,1.1475706054667887,37889879.77554817,0
1.832811322145496e-08,0.6021348238611126,"[1, 1, 0, 1, np.float64(0.07962818232257873), 1, np.float64(0.32174241961852634), np.float64(0.4133945499335004), np.float64(0.6713211851884737), np.float64(0.17501944763319185), 0, 1, np.float64(0.059330405289356646), np.float64(0.6400072342371942), np.float64(0.267335307311422), 0, np.float64(0.30590762546622624), np.float64(0.8090830901796783), np.float64(0.884482504473034), np.float64(0.6873258928093012), np.float64(0.09754939816975935), np.float64(0.9491829612103473), np.float64(0.7933134045527306), np.float64(0.8887607579911706), 1]",0.6957711653165205,1.1555072680483365,37961963.509808965,0
1.8416752207747323e-08,0.5905596161198818,"[1, 1, 0, 1, 0, 1, np.float64(0.25364067476758706), np.float64(0.44803771908998574), np.float64(0.6784392680507728), np.float64(0.11739860909393586), 0, 1, 0, np.float64(0.6133966834994986), np.float64(0.21313678392248853), 0, np.float64(0.3402458140813251), np.float64(0.800486386092751), 1, np.float64(0.6841663413067253), np.float64(0.06300795739184677), 1, np.float64(0.8983748908951724), np.float64(0.960968425761723), 1]",0.7065859019081766,1.1964683710522153,38366477.10397814,0
1.8200392893151936e-08,0.6098540899353861,"[1, 1, 0, 1, np.float64(0.17536269343119476), 1, np.float64(0.4395038376247902), np.float64(0.35348964245971926), np.float64(0.6590126087608777), np.float64(0.27465730078871453), 0, 1, np.float64(0.11493492587024645), np.float64(0.6860221519996931), np.float64(0.36105529909865797), 0, np.float64(0.2465300898108411), np.float64(0.8239484958410551), np.float64(0.7458551647191405), np.float64(0.6927893837377871), np.float64(0.15727839710935507), np.float64(0.9418816406381884), np.float64(0.6155799873130237), np.float64(0.7724321691119491), 1]",0.6864882952673607,1.1256599022564462,37718322.85695647,0
1.829055420820567e-08,0.6051017729920232,"[1, 1, 0, 1, np.float64(0.10944165648881485), 1, np.float64(0.342089523846844), np.float64(0.40304403431647623), np.float64(0.6691944794157801), np.float64(0.19223511824555992), 0, 1, np.float64(0.09325616382319907), np.float64(0.6479578036479772), np.float64(0.2835284754428599), 0, np.float64(0.2956482304346845), np.float64(0.8116515711262322), np.float64(0.8418139858028051), np.float64(0.6882698880605002), np.float64(0.1078695198823935), np.float64(0.9365362385387909), np.float64(0.7586576280267548), np.float64(0.8601114459310858), 1]",0.6920921100595155,1.1437614975698296,37838771.97931067,0
1.8443440204425502e-08,0.5898421512675227,"[1, 1, 0, 1, 0, 1, np.float64(0.22567038516694868), np.float64(0.46226612801125044), np.float64(0.6813627590640446), np.float64(0.09373296668635536), 0, 1, 0, np.float64(0.6024673774707772), np.float64(0.19087673172509562), 0, np.float64(0.35434896345037403), np.float64(0.7969556057368491), 1, np.float64(0.6828686716107636), np.float64(0.04882132966452225), 1, np.float64(0.938095443862031), np.float64(0.9831952566137764), 1]",0.7072371768319162,1.1990278675610435,38346272.115882955,0
1.8126974995731198e-08,0.6110304581094788,"[1, 1, 0, 1, np.float64(0.26588899295393076), 1, np.float64(0.541111203998944), np.float64(0.30180225635016594), np.float64(0.6483924748002243), np.float64(0.36062722219174), 0, 1, np.float64(0.1667906650592793), np.float64(0.7257249229660048), np.float64(0.44191914825510953), 0, np.float64(0.19529773271226927), np.float64(0.8367747231819623), np.float64(0.6152667933264797), np.float64(0.6975034143078249), np.float64(0.20881400513077114), np.float64(0.9406372978806523), np.float64(0.46046133934667005), np.float64(0.668235231718276), 1]",0.6842370932398745,1.1198084877092644,37746898.93934363,0
1.841371933865523e-08,0.5907943160275999,"[1, 1, 0, 1, 0, 1, np.float64(0.2634614075035225), np.float64(0.44304193952286425), np.float64(0.6774127923042866), np.float64(0.12570792417173762), 0, 1, 0, np.float64(0.6172341051004131), np.float64(0.22095257798253923), 0, np.float64(0.3352940147733463), np.float64(0.801726089031823), 1, np.float64(0.6846219700272542), np.float64(0.067989067037958), 1, np.float64(0.8844284877516676), np.float64(0.9531642961484251), 1]",0.7063953875835159,1.195670588595364,38362450.0076205,0
1.815555460965556e-08,0.6100275957387619,"[1, 1, 0, 1, np.float64(0.3025368566904149), 1, np.float64(0.5846362524237784), np.float64(0.2796611846577135), np.float64(0.6438431801830061), np.float64(0.39745373512749615), 0, 1, np.float64(0.18554316385189137), np.float64(0.7427322039395661), np.float64(0.4765583981043051), 0, np.float64(0.17335157956208813), np.float64(0.8422690311838565), np.float64(0.5622785668187307), np.float64(0.6995227404271687), np.float64(0.23089006038916232), np.float64(0.9449195874789748), np.float64(0.39448871735814706), np.float64(0.6246294818900336), 1]",0.6859097136694563,1.1243912873134845,37779606.76038357,0
1.8254432566261534e-08,0.6069366929580241,"[1, 1, 0, 1, np.float64(0.13942441819368132), 1, np.float64(0.3604274652930899), np.float64(0.3937155742469945), np.float64(0.6672777739477473), np.float64(0.20775083763761443), 0, 1, np.float64(0.11873334778147425), np.float64(0.6551232987810065), np.float64(0.298122658757174), 0, np.float64(0.2864018933023233), np.float64(0.8139664289396675), np.float64(0.7997198396676085), np.float64(0.6891206690585121), np.float64(0.11717058727561161), np.float64(0.9504035614334986), np.float64(0.7287468936329854), np.float64(0.8371571720660005), 1]",0.6889180562403209,1.1350739940977117,37739768.34062773,0
1.833051913256134e-08,0.6019297438269722,"[1, 1, 0, 1, np.float64(0.07814265415027229), 1, np.float64(0.3179355827045283), np.float64(0.4153310773374817), np.float64(0.6717190807292768), np.float64(0.17179848559107563), 0, 1, np.float64(0.06026792668612718), np.float64(0.6385197242318073), np.float64(0.26430565014224405), 0, np.float64(0.30782710468465013), np.float64(0.8086025408115459), np.float64(0.8867345933051781), np.float64(0.6871492762289476), np.float64(0.09561855730652087), np.float64(0.9477335880689316), np.float64(0.798700299233719), np.float64(0.8917443274502344), 1]",0.6959669865896371,1.1562262767823888,37967663.73917687,0
1.8259386554317444e-08,0.6066866813815041,"[1, 1, 0, 1, np.float64(0.1346827051589085), 1, np.float64(0.357527356996113), np.float64(0.3951908513125705), np.float64(0.6675808970353085), np.float64(0.20529705804221307), 0, 1, np.float64(0.11470418274146227), np.float64(0.6539900902391339), np.float64(0.2958146182259338), 0, np.float64(0.2878641827917303), np.float64(0.8136003388651221), np.float64(0.8063769436189265), np.float64(0.6889861197668985), np.float64(0.11569964230630397), np.float64(0.9482104724053932), np.float64(0.7334772156943966), np.float64(0.8407873439848252), 1]",0.6893977191906425,1.1363323777288052,37755798.48423955,0
1.8301216898243003e-08,0.6043106075684985,"[1, 1, 0, 1, np.float64(0.09794113552788954), 1, np.float64(0.3398411357018135), np.float64(0.4041877831441783), np.float64(0.6694294838662237), np.float64(0.1903327586134837), 0, 1, np.float64(0.0799730600804191), np.float64(0.6470792527834975), np.float64(0.28173910399969704), 0, np.float64(0.2967819102893343), np.float64(0.8113677497998082), np.float64(0.8577449321245786), np.float64(0.6881655750482925), np.float64(0.10672912963061186), np.float64(0.9339453379053355), np.float64(0.7638616706296681), np.float64(0.8662549864590485), 1]",0.6933861351429892,1.1474002383193216,37887433.3328926,0
1.8331053624893297e-08,0.6018432165980037,"[1, 1, 0, 1, np.float64(0.07717785807833157), 1, np.float64(0.31823254315251626), np.float64(0.41518001437933066), np.float64(0.6716880420373867), np.float64(0.17204974361777536), 0, 1, np.float64(0.05789969347475155), np.float64(0.6386357606283133), np.float64(0.26454198502354687), 0, np.float64(0.3076773716066423), np.float64(0.8086400270918528), np.float64(0.8880559624784577), np.float64(0.6871630535826952), np.float64(0.09576917667391019), np.float64(0.9487445383020137), np.float64(0.7985209233094731), np.float64(0.8920333404199463), 1]",0.6960877781595838,1.156593210594463,37973146.137890674,0
1.8310607344021113e-08,0.6035651238760863,"[1, 1, 0, 1, np.float64(0.09344549416925847), 1, np.float64(0.333102961320056), np.float64(0.40761547380649615), np.float64(0.6701337666080969), np.float64(0.18463159399647694), 0, 1, np.float64(0.07646224222932238), np.float64(0.6444463315322482), np.float64(0.2763765526784681), 0, np.float64(0.3001794253361022), np.float64(0.8105171681976353), np.float64(0.864762010639106), np.float64(0.6878529603122221), np.float64(0.10331150425451968), np.float64(0.9457113794677755), np.float64(0.7751462294396059), np.float64(0.8753263801404015), 1]",0.6940252229149335,1.1498762858561373,37902905.66967735,0
1.841210476007764e-08,0.5909939230350709,"[1, 1, 0, 1, 0, 1, np.float64(0.27007914636076635), np.float64(0.4396755140786007), np.float64(0.6767210976399278), np.float64(0.13130718837594915), 0, 1, 0, np.float64(0.6198199665348735), np.float64(0.2262192811341434), 0, np.float64(0.33195722559734364), np.float64(0.8025614676671987), np.float64(0.9995285119217326), np.float64(0.6849289972083613), np.float64(0.07134560709903147), 1, np.float64(0.8750306498832319), np.float64(0.9479054531295218), 1]",0.7062394442837663,1.1950028870971257,38357344.44739213,0
1.8258983332938323e-08,0.6067068447238267,"[1, 1, 0, 1, np.float64(0.13505484621013636), 1, np.float64(0.3577549644751816), np.float64(0.3950750680177971), np.float64(0.6675571072058463), np.float64(0.20548963657056718), 0, 1, np.float64(0.11502040131111521), np.float64(0.6540790271728835), np.float64(0.29599575880177076), 0, np.float64(0.28774941879319293), np.float64(0.8136290704952707), np.float64(0.8058544780786442), np.float64(0.6889966795191348), np.float64(0.1158150856077358), np.float64(0.9483825913106012), np.float64(0.7331059686341737), np.float64(0.8405024393556116), 1]",0.6893597563244841,1.136232040761434,37754553.128974736,0
1.8468081642418358e-08,0.5894667690229697,"[1, 1, 0, 1, 0, 1, np.float64(0.2122070073880456), np.float64(0.46911491103190706), np.float64(0.6827699688036251), np.float64(0.08234161219332167), 0, 1, 0, np.float64(0.5972066033412678), np.float64(0.18016195199307733), 0, np.float64(0.36113745332798586), np.float64(0.7952560799019519), 1, np.float64(0.6822440439219402), np.float64(0.04199265784064268), 1, np.float64(0.9572147600298386), np.float64(0.9938940453950746), 1]",0.7076115317746553,1.2004265023243097,38315378.14676863,0
1.8638754735230607e-08,0.5858901505652214,"[1, 1, 0, 1, 0, 1, np.float64(0.11122982126349606), np.float64(0.5204817261923034), np.float64(0.6933242355057422), 0, 0, 1, 0, np.float64(0.5577500734006846), np.float64(0.09979962947257573), 0, np.float64(0.41205206161821534), np.float64(0.7825094022574458), 1, np.float64(0.6775592502966956), 0, 1, 1, 1, 1]",0.7108301718094285,1.213248202113783,38137213.66620225,0
1.8256655754055714e-08,0.606823800371312,"[1, 1, 0, 1, np.float64(0.13724805936028964), 1, np.float64(0.3590963690703467), np.float64(0.3943926992121328), np.float64(0.6674169018545567), np.float64(0.2066245980574278), 0, 1, np.float64(0.11688403533643231), np.float64(0.6546031769596113), np.float64(0.29706331071962844), 0, np.float64(0.28707305720952486), np.float64(0.813798400347108), np.float64(0.8027753276068849), np.float64(0.6890589134151017), np.float64(0.11649545066276532), np.float64(0.9493969740158861), np.float64(0.7309180242196833), np.float64(0.8388233540268923), 1]",0.6891371184109619,1.135646159542989,37747171.64494216,0
1.8322244190186894e-08,0.6030509095834042,"[1, 1, 0, 1, np.float64(0.08374146706468526), 1, np.float64(0.32637087279474225), np.float64(0.41104006861048176), np.float64(0.6708374132483468), np.float64(0.17893557861833742), 0, 1, np.float64(0.07141800027554984), np.float64(0.6418157883109896), np.float64(0.2710188447637266), 0, np.float64(0.3035738717788732), np.float64(0.809667354832856), np.float64(0.8778956363182061), np.float64(0.6875406279268745), np.float64(0.09989696564588693), np.float64(0.9246496475466838), np.float64(0.784296078123563), np.float64(0.8797870579455149), 1]",0.6950452477403789,1.1525482122571138,37934504.12109638,0
1.8273609359930233e-08,0.6059799631830214,"[1, 1, 0, 1, np.float64(0.12257716777341579), 1, np.float64(0.35012341475971537), np.float64(0.39895721624025016), np.float64(0.6683547666984384), np.float64(0.19903258771048762), 0, 1, np.float64(0.10441777197250643), np.float64(0.6510970222131697), np.float64(0.28992221800405943), 0, np.float64(0.29159739059081374), np.float64(0.8126657152277641), np.float64(0.8233724513965609), np.float64(0.6886426170142275), np.float64(0.11194433716924204), np.float64(0.942611542013623), np.float64(0.7455536720594068), np.float64(0.8500551300268804), 1]",0.6906615902610997,1.1397432790240662,37795575.93999791,0
1.830895698147013e-08,0.6036395903658344,"[1, 1, 0, 1, np.float64(0.09368910435438516), 1, np.float64(0.33675076922937963), np.float64(0.4057598440171322), np.float64(0.6697524929855024), np.float64(0.18771800170931044), 0, 1, np.float64(0.07305814512396294), np.float64(0.6458717014352497), np.float64(0.27927964719865334), 0, np.float64(0.2983401315515425), np.float64(0.8109776428188223), np.float64(0.8642384466142302), np.float64(0.6880221988095064), np.float64(0.10516168505597923), np.float64(0.9480805011699994), np.float64(0.7702473142351174), np.float64(0.8730370863029357), 1]",0.6940039808961513,1.1496992443380856,37905162.02526059,0
1.8350046079422743e-08,0.6001410895697942,"[1, 1, 0, 1, np.float64(0.06365574817309123), 1, np.float64(0.2988723064301686), np.float64(0.4250285132268993), np.float64(0.6737115991360342), np.float64(0.15566906090983762), 0, 1, np.float64(0.04999462677069223), np.float64(0.6310708067094164), np.float64(0.24913421177033368), 0, np.float64(0.3174391693646886), np.float64(0.8061961216307054), np.float64(0.9077756243526682), np.float64(0.6862648436299223), np.float64(0.08594959757714762), np.float64(0.9463314540285747), np.float64(0.8272466397656995), np.float64(0.9100877165134641), 1]",0.6979018840689712,1.1628963525381273,38032704.716288425,0
1.827225808951268e-08,0.6060474810030294,"[1, 1, 0, 1, np.float64(0.12366464357179635), 1, np.float64(0.350788532526758), np.float64(0.3986188726726503), np.float64(0.6682852477251822), np.float64(0.19959534338654614), 0, 1, np.float64(0.10534183031103556), np.float64(0.6513569149681229), np.float64(0.29045154953487934), 0, np.float64(0.2912620256249681), np.float64(0.8127496752002837), np.float64(0.8218456952682857), np.float64(0.6886734748702904), np.float64(0.11228168720353157), np.float64(0.9431145102920212), np.float64(0.7444688086940773), np.float64(0.8492225777242142), 1]",0.6905458251277208,1.1394252872478634,37792035.431245245,0
1.8277899513106355e-08,0.6057638806698443,"[1, 1, 0, 1, np.float64(0.11917938152984182), 1, np.float64(0.3480452738000917), np.float64(0.4000143607958389), np.float64(0.6685719766918463), np.float64(0.19727427410254136), 0, 1, np.float64(0.10153057879028597), np.float64(0.6502849949212525), np.float64(0.2882683371578022), 0, np.float64(0.2926452285925641), np.float64(0.8124033847556167), np.float64(0.8281427561497067), np.float64(0.6885462025478153), np.float64(0.11089029687934768), np.float64(0.9410400323764974), np.float64(0.7489432958325181), np.float64(0.8526564152833135), 1]",0.6910260111664378,1.1407514267808638,37806642.42469057,0
1.8339305443256147e-08,0.6008863474307812,"[1, 1, 0, 1, np.float64(0.06616779771854042), 1, np.float64(0.3169427052979724), np.float64(0.4158361513267349), np.float64(0.6718228575659414), np.float64(0.17095841271397608), 0, 1, np.float64(0.052385345663149646), np.float64(0.6381317603894521), np.float64(0.2635154723067225), 0, np.float64(0.3083277322637615), np.float64(0.8084772066769003), np.float64(0.9033738490206635), np.float64(0.6871032121037388), np.float64(0.09511496644826396), np.float64(0.9433825953701976), np.float64(0.802687653008779), np.float64(0.8981169013087241), 1]",0.6973207455222348,1.160486918206379,38023290.88633279,0
1.8350334687177517e-08,0.6000913802389793,"[1, 1, 0, 1, np.float64(0.06324941412695166), 1, np.float64(0.29846914838780786), np.float64(0.4252335986074408), np.float64(0.6737537377384798), np.float64(0.15532794917304565), 0, 1, np.float64(0.04956507396435719), np.float64(0.6309132739242428), np.float64(0.24881335992378925), 0, np.float64(0.3176424492796244), np.float64(0.8061452296836925), np.float64(0.9083590805596494), np.float64(0.6862461392839279), np.float64(0.08574511442220319), np.float64(0.9463848527323754), np.float64(0.8278726264659035), np.float64(0.9105239104059759), 1]",0.6979562416335833,1.1630832646781735,38035068.76205845,0
1.8292972727605743e-08,0.6049692866195457,"[1, 1, 0, 1, np.float64(0.10759825274925866), 1, np.float64(0.34096206833855824), np.float64(0.40361756781367875), np.float64(0.6693123225305064), np.float64(0.19128117893100455), 0, 1, np.float64(0.09168977255329738), np.float64(0.6475172538195785), np.float64(0.2826311941196052), 0, np.float64(0.2962167148396493), np.float64(0.8115092487614071), np.float64(0.8444020231278141), np.float64(0.6882175802414702), np.float64(0.10729767054498776), np.float64(0.93568364613475), np.float64(0.7604966033745594), np.float64(0.8615227233410259), 1]",0.692297417442741,1.1443513460181893,37844992.59641938,0
1.8321976106897552e-08,0.6031581311765506,"[1, 1, 0, 1, np.float64(0.08572687379493149), 1, np.float64(0.3388959522473264), np.float64(0.4046685953519914), np.float64(0.6695282756690452), np.float64(0.18953303955576825), 0, 1, np.float64(0.06358927593692665), np.float64(0.6467099252086004), np.float64(0.28098688322067034), 0, np.float64(0.2972584896751795), np.float64(0.81124843622739), np.float64(0.8751589777155622), np.float64(0.6881217236637153), np.float64(0.10624972930997562), np.float64(0.9431137431715763), np.float64(0.7691727799560168), np.float64(0.8756041526803771), 1]",0.6948887825086898,1.1520839172858448,37926519.41332298,0
1.8275280043593616e-08,0.6058961585845931,"[1, 1, 0, 1, np.float64(0.12124483385323373), 1, np.float64(0.34930853780956506), np.float64(0.3993717418898876), np.float64(0.6684399386961082), np.float64(0.1983431208946704), 0, 1, np.float64(0.10328565089865555), np.float64(0.6507786115105597), np.float64(0.28927370117767714), 0, np.float64(0.2920082669710534), np.float64(0.8125628506679348), np.float64(0.825242974842302), np.float64(0.6886048111445262), np.float64(0.11153102875876722), np.float64(0.941995324439785), np.float64(0.7468828053261367), np.float64(0.8510751413915653), 1]",0.6908039991422198,1.140135961178523,37799913.18843733,0
1.9357195295372414e-08,0.5827982333842355,"[np.float64(0.22134053542102958), np.float64(0.3044259119339857), np.float64(0.480035742466125), 0, np.float64(0.6393313348029193), np.float64(0.07010012693375423), 0, np.float64(0.3548829887272596), np.float64(0.9905220373695283), np.float64(0.022110479973428174), np.float64(0.5156807097112928), 1, np.float64(0.6668387294964316), np.float64(0.3423144548854981), np.float64(0.7421302675507396), 1, np.float64(0.8206168313919211), np.float64(0.6720296214346089), np.float64(0.9115518994323154), np.float64(0.1286494618281136), np.float64(0.4752584678184323), 1, np.float64(0.2451611478998143), np.float64(0.4885454423520415), np.float64(0.3723211959910332)]",0.7093024549867045,1.2170634953161663,36642831.98900578,0
1.8400529424774654e-08,0.5915957137574726,"[1, 1, 0, 1, np.float64(0.0005244470363170022), 1, np.float64(0.27598468027481027), np.float64(0.43667138531815), np.float64(0.6761038435616616), np.float64(0.13630385647739107), 0, 1, 0, np.float64(0.622127536042774), np.float64(0.23091917859881222), 0, np.float64(0.32897954363255466), np.float64(0.8033069423631184), np.float64(0.9947047895770621), np.float64(0.6852029819438842), np.float64(0.07434091434703788), 1, np.float64(0.8666442128466626), np.float64(0.9432125698854554), 1]",0.7057476694351192,1.1929560222007352,38354748.015287735,0
1.826051136478817e-08,0.6066305590643244,"[1, 1, 0, 1, np.float64(0.13365581134429683), 1, np.float64(0.35689929214907773), np.float64(0.39551034616229436), np.float64(0.6676465431892196), np.float64(0.20476565281577708), 0, 1, np.float64(0.11383160259430956), np.float64(0.6537446758005586), np.float64(0.29531477512534493), 0, np.float64(0.28818086497406226), np.float64(0.813521056202847), np.float64(0.8078186459785387), np.float64(0.6889569809653081), np.float64(0.115381085641331), np.float64(0.9477355238917783), np.float64(0.7345016426114963), np.float64(0.8415735157885764), 1]",0.6895027583696244,1.1366106571240382,37759225.061966,0
1.814751563974937e-08,0.6102997299597526,"[1, 1, 0, 1, np.float64(0.2923907252697669), 1, np.float64(0.5751776261604913), np.float64(0.2844727616642093), np.float64(0.6448318080904548), np.float64(0.3894507980821539), 0, 1, np.float64(0.1779235052668153), np.float64(0.7390362743471743), np.float64(0.4690307851498938), 0, np.float64(0.17812079793350255), np.float64(0.8410750381190343), np.float64(0.5768163980803125), np.float64(0.6990839114825081), np.float64(0.22609261239970407), np.float64(0.9489208782366696), np.float64(0.4093118132315254), np.float64(0.635159126600776), 1]",0.6855365712971159,1.1232785099582543,37775780.71323176,0
1.813792013062326e-08,0.6105234772518168,"[1, 1, 0, 1, np.float64(0.28965197118526964), 1, np.float64(0.5677829408093753), np.float64(0.2882344176399617), np.float64(0.6456047102119068), np.float64(0.3831941599945707), 0, 1, np.float64(0.18040269612666532), np.float64(0.7361468234211244), np.float64(0.4631457519861548), 0, np.float64(0.18184933823583563), np.float64(0.8401415830083228), np.float64(0.580987598848963), np.float64(0.6987408381990947), np.float64(0.2223420023869072), np.float64(0.9403106603176951), np.float64(0.41974299479561056), np.float64(0.6408837375324767), 1]",0.6849931958021939,1.1219768302532636,37765807.26285599,0
1.8346243044075554e-08,0.6007334173661397,"[1, 1, 0, 1, np.float64(0.0685654944221789), 1, np.float64(0.3037436769320387), np.float64(0.4225504605325141), np.float64(0.6732024371613863), np.float64(0.15979072407379225), 0, 1, np.float64(0.05518492598318825), np.float64(0.6329742799931899), np.float64(0.2530110740836218), 0, np.float64(0.3149829321644029), np.float64(0.8068110505256114), np.float64(0.9007257058165565), np.float64(0.6864908487935562), np.float64(0.08842037356190269), np.float64(0.9456862359175581), np.float64(0.8196828240271337), np.float64(0.9048171728610647), 1]",0.6972479046627109,1.160661092768453,38004942.10109514,0
1.8270623886276196e-08,0.6061288769260972,"[1, 1, 0, 1, np.float64(0.12499303495991711), 1, np.float64(0.35160099816060597), np.float64(0.39820557365294335), np.float64(0.6682003277614257), np.float64(0.20028276998933164), 0, 1, np.float64(0.1064706013060786), np.float64(0.6516743834561839), np.float64(0.2910981473240431), 0, np.float64(0.29085236507604356), np.float64(0.8128522353718369), np.float64(0.8199807069204239), np.float64(0.6887111688679969), np.float64(0.11269377258602908), np.float64(0.9437289044059107), np.float64(0.7431436084883003), np.float64(0.8482055846925817), 1]",0.6904049949160689,1.1390399322622062,37787707.70026413,0
1.9741940932989268e-08,0.5767084360957762,"[np.float64(0.17973184294928501), np.float64(0.232903279181372), np.float64(0.496785649944143), 0, np.float64(0.6583240624602238), np.float64(0.10494877303231281), 0, np.float64(0.35271798386860337), 1, np.float64(0.01013255913391422), np.float64(0.5494374612224057), 1, np.float64(0.9997116068111095), np.float64(0.3212744930053132), np.float64(0.7739576095780689), 1, np.float64(0.975592529321836), np.float64(0.7222469504535443), np.float64(0.9515477079197334), np.float64(0.09297829348962983), np.float64(0.44534877752677954), np.float64(0.9359653278083446), np.float64(0.2532311903318497), np.float64(0.46632642606465957), np.float64(0.23558735198714287)]",0.7242391239740582,1.2558150334630809,36685304.97747751,0
1.8336479164844023e-08,0.6014873471258421,"[1, 1, 0, 1, np.float64(0.07460402057420543), 1, np.float64(0.31215945121290867), np.float64(0.4182693794437239), np.float64(0.6723228094982074), np.float64(0.1669113047884601), 0, 1, np.float64(0.05896217716197334), np.float64(0.6362627183289222), np.float64(0.25970873711995185), 0, np.float64(0.3107395394990441), np.float64(0.8078734010030237), np.float64(0.8919312850313674), np.float64(0.6868812950638047), np.float64(0.09268888341519962), np.float64(0.9466017951681182), np.float64(0.8071601539918556), np.float64(0.8968915346852112), 1]",0.6964358225842875,1.1578561476183147,37980891.33270158,0
1.8578589233319975e-08,0.5879509305390609,"[1, 1, 0, 1, 0, 1, np.float64(0.15929260069655962), np.float64(0.49603232329264335), np.float64(0.688300651347278), np.float64(0.04440921750885789), 0, 1, 0, np.float64(0.5765304590354083), np.float64(0.13805021587005653), 0, np.float64(0.3878178986147447), np.float64(0.7885765227590669), 1, np.float64(0.6797891025171945), np.float64(0.024188788980687922), 1, np.float64(0.9589748495559985), np.float64(0.9861552930527421), 1]",0.7086629274898075,1.2053096452115013,38144065.65482637,0
1.8312039939839745e-08,0.6035376036495134,"[1, 1, 0, 1, np.float64(0.09335865845634443), 1, np.float64(0.33180268727685513), np.float64(0.40827691961419155), np.float64(0.6702696729406505), np.float64(0.1835314330407767), 0, 1, np.float64(0.07767564469366839), np.float64(0.6439382533842472), np.float64(0.27534173435925036), 0, np.float64(0.30083504811705264), np.float64(0.810353030388747), np.float64(0.8649486368892875), np.float64(0.6877926346507293), np.float64(0.10265200075785325), np.float64(0.9448668976498837), np.float64(0.7768924651073222), np.float64(0.8761424070332947), 1]",0.6940345525977878,1.1499441764706144,37900449.91589624,0
1.83184853114298e-08,0.6033482437585268,"[1, 1, 0, 1, np.float64(0.08715298345727862), 1, np.float64(0.3284574113353241), np.float64(0.40997865222869717), np.float64(0.6706193255288654), np.float64(0.18070099741364076), 0, 1, np.float64(0.0743168603460905), np.float64(0.6426310969322568), np.float64(0.2726794087939311), 0, np.float64(0.3025217995578751), np.float64(0.8099307453588787), np.float64(0.8731060551920241), np.float64(0.6876374319954854), np.float64(0.10095526521791831), np.float64(0.9262275075130991), np.float64(0.7808927571852422), np.float64(0.8771752611290093), 1]",0.6946426761473532,1.1513129993055295,37920311.87829332,0
1.8301858973121906e-08,0.6042728937002227,"[1, 1, 0, 1, np.float64(0.09738700046152415), 1, np.float64(0.33990826584414646), np.float64(0.4041536342265341), np.float64(0.669422467336519), np.float64(0.19038955737981417), 0, 1, np.float64(0.07920430759873477), np.float64(0.6471054836834912), np.float64(0.2817925292767923), 0, np.float64(0.2967480620010969), np.float64(0.8113762238553587), np.float64(0.8585046517484451), np.float64(0.6881686895227092), np.float64(0.10676317827122865), np.float64(0.9339205313732141), np.float64(0.7638825663853964), np.float64(0.8664534335731449), 1]",0.6934493134818127,1.1475764025017312,37889556.16477057,0
1.826992324868409e-08,0.6061637028097389,"[1, 1, 0, 1, np.float64(0.12556739814032108), 1, np.float64(0.35195228796088535), np.float64(0.39802687350362026), np.float64(0.6681636104950393), np.float64(0.2005799960428886), 0, 1, np.float64(0.10695865362594335), np.float64(0.6518116488827076), np.float64(0.29137772002072526), 0, np.float64(0.29067523811039886), np.float64(0.8128965798224581), np.float64(0.8191743326481474), np.float64(0.6887274668089489), np.float64(0.11287194798900584), np.float64(0.9439945530396121), np.float64(0.7425706250952517), np.float64(0.847765862365773), 1]",0.6903443029742194,1.1388743664034648,37785834.87064961,0
1.8252796631338706e-08,0.6070208036927731,"[1, 1, 0, 1, np.float64(0.1410872557650844), 1, np.float64(0.36144448361579024), np.float64(0.39319821984050063), np.float64(0.6671714738711589), np.float64(0.20861133612692695), 0, 1, np.float64(0.1201463069717043), np.float64(0.6555206956132995), np.float64(0.2989320490520996), 0, np.float64(0.2858890934164124), np.float64(0.8140948104604402), np.float64(0.7973853072980178), np.float64(0.6891678531912633), np.float64(0.11768642249012039), np.float64(0.9511726402045297), np.float64(0.7270880506808984), np.float64(0.8358841329316187), 1]",0.6887519915811722,1.1346431413737263,37734052.78611584,0
1.8326004335540557e-08,0.602470652369362,"[1, 1, 0, 1, np.float64(0.08265526712732364), 1, np.float64(0.3276866444250752), np.float64(0.4103707392230968), np.float64(0.6706998870878486), np.float64(0.18004885207163723), 0, 1, np.float64(0.06444208876619247), np.float64(0.6423299220942698), np.float64(0.27206599678071497), 0, np.float64(0.30291043482119084), np.float64(0.8098334489524223), np.float64(0.8807844016723195), np.float64(0.6876016725923345), np.float64(0.10156312664001277), np.float64(0.9488735996501569), np.float64(0.7950250682755212), np.float64(0.8907143474021011), 1]",0.6955085414240462,1.1544272549854337,37952001.357721545,0
1.8275187749027384e-08,0.6059007986832987,"[1, 1, 0, 1, np.float64(0.12131810936288201), 1, np.float64(0.349353354295071), np.float64(0.3993489438677256), np.float64(0.6684352544188091), np.float64(0.19838104009161445), 0, 1, np.float64(0.10334791513092748), np.float64(0.650796123416665), np.float64(0.28930936821298175), 0, np.float64(0.2919856696508858), np.float64(0.8125685079982272), np.float64(0.8251401000623992), np.float64(0.68860689038632), np.float64(0.1115537598353845), np.float64(0.9420292150854356), np.float64(0.7468097058455675), np.float64(0.8510190429529815), 1]",0.6907961505292994,1.1401142761826513,37799674.619816914,0
1.8512441558548033e-08,0.5889347180192769,"[1, 1, 0, 1, 0, 1, np.float64(0.19439522919104132), np.float64(0.4781757133124834), np.float64(0.6846316790051578), np.float64(0.06727107915730257), 0, 1, 0, np.float64(0.5902467049058107), np.float64(0.1659865137672017), 0, np.float64(0.37011848899216393), np.float64(0.7930076413816647), 1, np.float64(0.681417674044207), np.float64(0.03295846226918146), 1, np.float64(0.9825092310349546), 1, 1]",0.7081722576266043,1.2024630845475552,38253855.137741625,0
1.8277372645662043e-08,0.605790582570396,"[1, 1, 0, 1, np.float64(0.11959273349064409), 1, np.float64(0.34829808653724037), np.float64(0.3998857556560275), np.float64(0.6685455523760582), np.float64(0.19748817878207336), 0, 1, np.float64(0.10188181541246691), np.float64(0.6503837807333305), np.float64(0.2884695372456614), 0, np.float64(0.29251775562588006), np.float64(0.812435298127226), np.float64(0.8275624327620698), np.float64(0.6885579316872855), np.float64(0.11101852437494616), np.float64(0.9412312117336904), np.float64(0.7485309368633076), np.float64(0.8523399603081407), 1]",0.6909814607420257,1.1406276040313488,37805294.7837677,0
1.845275648325776e-08,0.5896875903305087,"[1, 1, 0, 1, 0, 1, np.float64(0.2200333793634855), np.float64(0.465133657264912), np.float64(0.6819519462352711), np.float64(0.08896350003088063), 0, 1, 0, np.float64(0.6002647345095715), np.float64(0.18639054137048328), 0, np.float64(0.35719124845977285), np.float64(0.7962440282150876), 1, np.float64(0.6826071451227809), np.float64(0.04596222080393058), 1, np.float64(0.946100544659623), np.float64(0.9876747516885346), 1]",0.7073889032246387,1.1995994401512853,38335134.58363008,0
1.829627764625173e-08,0.6047841855061648,"[1, 1, 0, 1, np.float64(0.10507407428886055), 1, np.float64(0.3394182400127258), np.float64(0.4044029090109924), np.float64(0.669473685473152), np.float64(0.18997494686764366), 0, 1, np.float64(0.0895449081271281), np.float64(0.6469140075725877), np.float64(0.281402544019534), 0, np.float64(0.29699514229929513), np.float64(0.8113143663056455), np.float64(0.8479458306672666), np.float64(0.6881459549825685), np.float64(0.1065146354729096), np.float64(0.9345161887104219), np.float64(0.7630147180243914), np.float64(0.8634551898774531), 1]",0.6925802860309249,1.1451693060579629,37853616.9718003,0
1.8272268442210473e-08,0.6060469645321289,"[1, 1, 0, 1, np.float64(0.12365627611340951), 1, np.float64(0.35078341485402786), np.float64(0.39862147601860665), np.float64(0.6682857826309858), np.float64(0.19959101332723964), 0, 1, np.float64(0.10533472024963815), np.float64(0.6513549152529887), np.float64(0.29044747665384274), 0, np.float64(0.29126460605241333), np.float64(0.8127490291798598), np.float64(0.8218574427190236), np.float64(0.6886732374380397), np.float64(0.11227909150220385), np.float64(0.9431106402600209), np.float64(0.7444771560513963), np.float64(0.8492289837028647), 1]",0.6905467142402452,1.139427725330413,37792062.678163394,0
1.8301093920763208e-08,0.604315076476727,"[1, 1, 0, 1, np.float64(0.09791509333243816), 1, np.float64(0.3402739337854238), np.float64(0.40396761995667213), np.float64(0.6693842472481528), np.float64(0.190698948768382), 0, 1, np.float64(0.07962173308645014), np.float64(0.6472483673251044), np.float64(0.282083544764153), 0, np.float64(0.29656368530464716), np.float64(0.8114223833053422), np.float64(0.8577613196934638), np.float64(0.6881856545314008), np.float64(0.10694864631710119), np.float64(0.9341891099813574), np.float64(0.763299835781862), np.float64(0.866025403365693), 1]",0.6933892528415376,1.1473969123592451,37887858.280147076,0
1.825236143944373e-08,0.6070433603385798,"[1, 1, 0, 1, np.float64(0.14153954204303443), 1, np.float64(0.3617211092103112), np.float64(0.3930575011660382), np.float64(0.6671425606045761), np.float64(0.20884538884837492), 0, 1, np.float64(0.12053062716270477), np.float64(0.6556287862273426), np.float64(0.2991522005149943), 0, np.float64(0.2857496135563704), np.float64(0.814129729806254), np.float64(0.79675032227341), np.float64(0.6891806871181286), np.float64(0.11782672794942563), np.float64(0.9513818270672649), np.float64(0.7266368509260902), np.float64(0.8355378705295198), 1]",0.688707020890395,1.1345268985501582,37732488.65224008,0
1.8321925214643224e-08,0.6031616706319792,"[1, 1, 0, 1, np.float64(0.08822312448584682), 1, np.float64(0.34021600098340754), np.float64(0.4039970902127479), np.float64(0.6693903024598965), np.float64(0.1906499318652407), 0, 1, np.float64(0.06571416769237771), np.float64(0.6472257302580099), np.float64(0.28203743915655144), 0, np.float64(0.2965928961198325), np.float64(0.8114150702598842), np.float64(0.8726741354516243), np.float64(0.6881829667636782), np.float64(0.10767409678732177), np.float64(0.9519390611631282), np.float64(0.7809247050809391), np.float64(0.8828240648086038), 1]",0.6948558934093474,1.1520226288273474,37924829.692788266,0
1.8552252276813683e-08,0.5884947980526367,"[1, 1, 0, 1, 0, 1, np.float64(0.18056592091762627), np.float64(0.48521064416310594), np.float64(0.6860771362755098), np.float64(0.055570111129593446), 0, 1, 0, np.float64(0.5848429445428063), np.float64(0.15498050959579582), 0, np.float64(0.37709148795053526), np.float64(0.7912619229538379), 1, np.float64(0.6807760691656463), np.float64(0.025944189231519723), 1, 1, 1, 1]",0.708636516596516,1.20415085900748,38196791.74383365,0
1.8374361147025136e-08,0.5938452164809566,"[1, 1, 0, 1, np.float64(0.023395192502503662), 1, np.float64(0.24013372572558783), np.float64(0.45490866669161023), np.float64(0.6798510319153881), np.float64(0.10987755493781261), 0, 1, 0, np.float64(0.6081188840307729), np.float64(0.20238732816084465), 0, np.float64(0.347056273414399), np.float64(0.7987813601160243), np.float64(0.9636070433342392), np.float64(0.6835396921476725), np.float64(0.06131907337875181), 1, np.float64(0.8733009740648261), np.float64(0.9382138975598088), 1]",0.7032476738079075,1.1842272267094356,38273312.91579438,0
1.8461265169437735e-08,0.5895610299507299,"[1, 1, 0, 1, 0, 1, np.float64(0.21551558514157243), np.float64(0.4674318466840891), np.float64(0.6824241519577057), np.float64(0.08514099750933407), 0, 1, 0, np.float64(0.5984994200873373), np.float64(0.18279507144032675), 0, np.float64(0.3594692058080876), np.float64(0.7956737324005467), 1, np.float64(0.6823975439803517), np.float64(0.04367077993256129), 1, np.float64(0.9525162553028468), np.float64(0.9912648556677424), 1]",0.7075156956901218,1.2000720192602443,38324334.17734557,0
1.8257072931214403e-08,0.606802762482421,"[1, 1, 0, 1, np.float64(0.1368491430228391), 1, np.float64(0.3588523853936552), np.float64(0.3945168130333212), np.float64(0.6674424033454736), np.float64(0.20641816363975424), 0, 1, np.float64(0.11654506506367256), np.float64(0.6545078410761919), np.float64(0.2968691372070903), 0, np.float64(0.2871960783968318), np.float64(0.8137676014964302), np.float64(0.8033353841743769), np.float64(0.6890475938961381), np.float64(0.11637170129719965), np.float64(0.9492124712768171), np.float64(0.7313159822441065), np.float64(0.8391287573432791), 1]",0.6891774797681269,1.1357520472529032,37748519.84021105,0
1.8366769001729986e-08,0.5943229697695477,"[1, 1, 0, 1, np.float64(0.02596827190914078), 1, np.float64(0.24628236937091705), np.float64(0.45178086868358097), np.float64(0.6792083676921146), np.float64(0.11485696952114834), 0, 1, 0, np.float64(0.6105214479305696), np.float64(0.20728070361181147), 0, np.float64(0.34395601092211675), np.float64(0.799557523341659), np.float64(0.9598590380153043), np.float64(0.6838249558558334), np.float64(0.064143142033554), 1, np.float64(0.8667847593298089), np.float64(0.9345675534912423), 1]",0.702830624088933,1.1825735498014822,38266426.937842615,0
1.8423677192983874e-08,0.5902870856520763,"[1, 1, 0, 1, 0, 1, np.float64(0.24265797949272283), np.float64(0.453624585785311), np.float64(0.6795871936316662), np.float64(0.1081061583271612), 0, 1, 0, np.float64(0.6091052285523734), np.float64(0.20439624624564737), 0, np.float64(0.34578349689218246), np.float64(0.7991000048544794), 1, np.float64(0.6836568038281484), np.float64(0.057437496322913506), 1, np.float64(0.9139713947431038), np.float64(0.9696959188860159), 1]",0.7068220005552179,1.1974207427804526,38364871.09231325,0
1.8278974744725515e-08,0.6057092224981332,"[1, 1, 0, 1, np.float64(0.11833874416074983), 1, np.float64(0.3475311264042088), np.float64(0.40027590615339065), np.float64(0.6686257160457402), np.float64(0.19683925435160265), 0, 1, np.float64(0.10081626590925871), np.float64(0.6500840933820226), np.float64(0.2878591548421051), 0, np.float64(0.29290447144007753), np.float64(0.8123384822626021), np.float64(0.8293229647178695), np.float64(0.6885223488979453), np.float64(0.11062951954001697), np.float64(0.9406512293052759), np.float64(0.7497819137462344), np.float64(0.8532999924354552), 1]",0.691116797360843,1.1410042503735742,37809385.209652856,0
1.841235159738811e-08,0.5908857190355409,"[1, 1, 0, 1, 0, 1, np.float64(0.26374137369906814), np.float64(0.44289952149390455), np.float64(0.6773835298737438), np.float64(0.12594480337336889), 0, 1, 0, np.float64(0.6173435010441986), np.float64(0.22117538805048392), 0, np.float64(0.3351528505190451), np.float64(0.8017614300725366), np.float64(0.9989972566410177), np.float64(0.684634958939884), np.float64(0.0681310668616692), 1, np.float64(0.8882908643762041), np.float64(0.9621705209461039), 1]",0.7063633299070831,1.1954313789475701,38363558.62372759,0
1.8278434648200178e-08,0.6057367062109252,"[1, 1, 0, 1, np.float64(0.11876052786294877), 1, np.float64(0.3477890961306149), np.float64(0.40014467766741424), np.float64(0.6685987527147339), np.float64(0.19705752235612733), 0, 1, np.float64(0.10117466721589287), np.float64(0.6501848942720488), np.float64(0.2880644591009147), 0, np.float64(0.2927743982218111), np.float64(0.8123710466176881), np.float64(0.8287308036296891), np.float64(0.6885343172937399), np.float64(0.11076036267842194), np.float64(0.940846308425995), np.float64(0.7493611432911216), np.float64(0.8529770822676926), 1]",0.6910712153440667,1.1408772297570273,37808008.65308859,0
1.8642018363339238e-08,0.5851638200339828,"[1, 1, 0, 1, 0, 1, np.float64(0.09336809379100657), np.float64(0.5295679375311009), np.float64(0.695191166470452), 0, 0, 1, 0, np.float64(0.5507706574369684), np.float64(0.08558443929935175), 0, np.float64(0.4210582826524093), np.float64(0.7802546584781429), 1, np.float64(0.6767305630435595), 0, 1, 1, 1, 1]",0.7116811963117388,1.2162084735013325,38176187.92347651,0
1.8269734705775726e-08,0.6061730684149585,"[1, 1, 0, 1, np.float64(0.1257224874051865), 1, np.float64(0.3520471430608271), np.float64(0.39797862097676023), np.float64(0.6681536961167399), np.float64(0.20066025287640038), 0, 1, np.float64(0.10709043727448858), np.float64(0.6518487132259965), np.float64(0.2914532101034537), 0, np.float64(0.2906274103738257), np.float64(0.8129085536893116), np.float64(0.8189565958618065), np.float64(0.6887318675709883), np.float64(0.11292005882411424), np.float64(0.9440662833536693), np.float64(0.7424159083998927), np.float64(0.847647128758299), 1]",0.6903279357347846,1.1388297694252187,37785328.952617295,0
1.8300179884509112e-08,0.604434986681446,"[1, 1, 0, 1, np.float64(0.10005027833252997), 1, np.float64(0.3384267723174649), np.float64(0.4049072658840108), np.float64(0.6695773149649602), np.float64(0.18913606674628167), 0, 1, np.float64(0.08374924545862002), np.float64(0.6465265945706554), np.float64(0.28061348809756625), 0, np.float64(0.29749505907529206), np.float64(0.8111892101234278), np.float64(0.8549053964486922), np.float64(0.6880999562603158), np.float64(0.10601175962510234), np.float64(0.9333790985794983), np.float64(0.7653001928416244), np.float64(0.8661440564279755), 1]",0.6931468285659377,1.146768211369679,37876503.56118512,0
1.8272409262736284e-08,0.6060399378247203,"[1, 1, 0, 1, np.float64(0.12354251060879615), 1, np.float64(0.3507138340334638), np.float64(0.3986568715894856), np.float64(0.6682930553087635), np.float64(0.19953214104377714), 0, 1, np.float64(0.10523805054597073), np.float64(0.6513277267578915), np.float64(0.2903921010134826), 0, np.float64(0.29129969001899525), np.float64(0.8127402457672495), np.float64(0.8220171632218738), np.float64(0.6886700092654481), np.float64(0.1122437998691032), np.float64(0.9430580225924997), np.float64(0.7445906482581902), np.float64(0.84931608056789), 1]",0.6905588052912596,1.1394608872971403,37792433.135763116,0
1.8319717269243693e-08,0.60325337982011,"[1, 1, 0, 1, np.float64(0.0860549914981481), 1, np.float64(0.32778586171447255), np.float64(0.41032026766253155), np.float64(0.6706895167678392), np.float64(0.18013279975058705), 0, 1, np.float64(0.07338386613418856), np.float64(0.6423686909498894), np.float64(0.27214495849589226), 0, np.float64(0.3028604075861374), np.float64(0.8098459734725961), np.float64(0.8746475754308155), np.float64(0.6876062757362992), np.float64(0.10061465292510782), np.float64(0.925719675406673), np.float64(0.781988111448446), np.float64(0.8780158644189809), 1]",0.6947719127465584,1.1517082804471634,37924816.33507443,0
1.8319145023591002e-08,0.6032977368983041,"[1, 1, 0, 1, np.float64(0.08656725777845503), 1, np.float64(0.328099172047444), np.float64(0.4101608875631323), np.float64(0.6706567691647258), np.float64(0.18039789140350052), 0, 1, np.float64(0.07381915299626846), np.float64(0.6424911160144811), np.float64(0.27239430537307896), 0, np.float64(0.3027024305866908), np.float64(0.8098855236519025), np.float64(0.873928381786293), np.float64(0.6876208116360104), np.float64(0.1007735650107692), np.float64(0.9259566036118534), np.float64(0.7814770757806857), np.float64(0.8776236823843251), 1]",0.694711578249266,1.151523594006737,37922707.4928787,0
1.863907941117732e-08,0.5857806885578769,"[1, 1, 0, 1, 0, 1, np.float64(0.10769980939730879), np.float64(0.5222774334604857), np.float64(0.6936931969328454), np.float64(0.0026273364617035045), 0, 1, 0, np.float64(0.5563707319451102), np.float64(0.09699028250046028), 0, np.float64(0.4138319604084738), np.float64(0.7820637974127628), 1, np.float64(0.6773954768967579), np.float64(0.0004922482269159881), 1, 1, 1, 1]",0.7109857767116767,1.2137405527349152,38144897.66513463,0
1.8386911182221085e-08,0.5926460291683264,"[1, 1, 0, 1, np.float64(0.0062886314251306575), 1, np.float64(0.2862639376607815), np.float64(0.43144235553037147), np.float64(0.675029442222953), np.float64(0.14500112893989442), 0, 1, 0, np.float64(0.6261441247632823), np.float64(0.23909988781667224), 0, np.float64(0.32379654751820824), np.float64(0.8046045263556281), np.float64(0.9863085489896679), np.float64(0.6856798837206345), np.float64(0.07955458928320289), 1, np.float64(0.8520466597541081), np.float64(0.9350440697209992), 1]",0.7048753081687844,1.1893698320360837,38335710.7228729,0
1.8335523374763384e-08,0.6017056968998994,"[1, 1, 0, 1, np.float64(0.069272440968625), 1, np.float64(0.31752138267953744), np.float64(0.41554177974403217), np.float64(0.6717623734540948), np.float64(0.1714480312405271), 0, 1, np.float64(0.059123267616330556), np.float64(0.638357876825332), np.float64(0.26397601057439896), 0, np.float64(0.30803595217620333), np.float64(0.8085502549992597), np.float64(0.8982093520765072), np.float64(0.687130059594863), np.float64(0.09540847361975563), np.float64(0.9179575803241552), np.float64(0.798730345412074), np.float64(0.8908642892839519), 1]",0.6967846064040891,1.1580156378675723,38001893.491795726,0
1.8289112469801992e-08,0.6051353912114652,"[1, 1, 0, 1, np.float64(0.10722937260208958), 1, np.float64(0.3552252564610211), np.float64(0.3963619234844654), np.float64(0.6678215155745544), np.float64(0.2033492523945897), 0, 1, np.float64(0.08074692411486872), np.float64(0.6530905514207612), np.float64(0.2939824999745153), 0, np.float64(0.2890249454499842), np.float64(0.8133097372495268), np.float64(0.8442685094618558), np.float64(0.6888793147911867), np.float64(0.11453200894431415), np.float64(0.9437730430651932), np.float64(0.7418847993294975), np.float64(0.853748423825925), 1]",0.6923817098419663,1.1441765262742876,37857589.37100913,0
1.843156355211721e-08,0.5900797361942475,"[1, 1, 0, 1, 0, 1, np.float64(0.23459851949744065), np.float64(0.4577244107830054), np.float64(0.6804295788627255), np.float64(0.10128705487954458), 0, 1, 0, np.float64(0.605956018945596), np.float64(0.19798215462416885), 0, np.float64(0.34984722915131305), np.float64(0.7980826330847617), 1, np.float64(0.683282888607712), np.float64(0.05334971030893804), 1, np.float64(0.9254166179495013), np.float64(0.9761004379893841), 1]",0.7070112357013558,1.1981622013683517,38358722.72594814,0
1.848983598703383e-08,0.5891935140776285,"[1, 1, 0, 1, 0, 1, np.float64(0.2028797654605841), np.float64(0.47385965319033146), np.float64(0.6837448642495744), np.float64(0.07444983934234418), 0, 1, 0, np.float64(0.5935620117805561), np.float64(0.17273890077954013), 0, np.float64(0.3658404252307596), np.float64(0.7940786719078826), 1, np.float64(0.6818113104976894), np.float64(0.03726184844120874), 1, np.float64(0.9704603578518213), 1, 1]",0.7078955766829753,1.2014653246670113,38285660.14211233,0
1.829843683938805e-08,0.6044585782851769,"[1, 1, 0, 1, np.float64(0.09958683143259454), 1, np.float64(0.34222024041151267), np.float64(0.4029775391617444), np.float64(0.6691808167505896), np.float64(0.19234571743921736), 0, 1, np.float64(0.0803644963687062), np.float64(0.6480088807500982), np.float64(0.2836325057405127), 0, np.float64(0.295582320668899), np.float64(0.8116680719020666), np.float64(0.8553727564021619), np.float64(0.6882759525999509), np.float64(0.10793581977657504), np.float64(0.9354889854460269), np.float64(0.7604219111521927), np.float64(0.8642318329809612), 1]",0.6932004930666127,1.1468122348982006,37883044.28138219,0
1.8269239131232108e-08,0.606197673646073,"[1, 1, 0, 1, np.float64(0.12613122047464412), 1, np.float64(0.35229713080940867), np.float64(0.39785145290081564), np.float64(0.6681275670724275), np.float64(0.20087176733508777), 0, 1, np.float64(0.10743774909662512), np.float64(0.6519463951823398), np.float64(0.2916521619345427), 0, np.float64(0.2905013618198416), np.float64(0.8129401104534535), np.float64(0.8183827571432323), np.float64(0.6887434656463148), np.float64(0.11304685347573051), np.float64(0.9442553264280767), np.float64(0.7420081572261069), np.float64(0.8473342099249239), 1]",0.6902848428085725,1.1387124576984002,37783995.15437393,0
1.8354290839988743e-08,0.5977657939501767,"[1, 1, 0, 1, np.float64(0.04426923753449874), 1, np.float64(0.2841335691588032), np.float64(0.4325260680922334), np.float64(0.6752521111069516), np.float64(0.14319862564500394), 0, 1, np.float64(0.02466677909367624), np.float64(0.6253116897172205), np.float64(0.23740444187275053), 0, np.float64(0.32487071963524744), np.float64(0.8043356030314504), np.float64(0.9353833924113469), np.float64(0.6855810461795965), np.float64(0.07847405900299821), np.float64(0.9520487802608434), np.float64(0.8511415229431272), np.float64(0.9282220788416077), 1]",0.7004653294700026,1.1718056412046653,38163573.60666255,0
1.82923591842451e-08,0.6050031203857382,"[1, 1, 0, 1, np.float64(0.10806601664707793), 1, np.float64(0.3412481602954404), np.float64(0.4034720336268782), np.float64(0.6692824198274292), np.float64(0.1915232411350049), 0, 1, np.float64(0.09208724450705164), np.float64(0.6476290433860709), np.float64(0.2828588793521995), 0, np.float64(0.2960724618605489), np.float64(0.8115453630768382), np.float64(0.8437453083773387), np.float64(0.6882308533561932), np.float64(0.10744277737605813), np.float64(0.9358999915492717), np.float64(0.760029963181625), np.float64(0.8611646115459739), 1]",0.6922452182091262,1.1442010708436745,37843408.34534593,0
1.8334638562301487e-08,0.6018180586876108,"[1, 1, 0, 1, np.float64(0.07042764065960129), 1, np.float64(0.31822792147340734), np.float64(0.41518236541470444), np.float64(0.6716885251012926), np.float64(0.17204583321832378), 0, 1, np.float64(0.06010487282419134), np.float64(0.6386339547211859), np.float64(0.2645383068772112), 0, np.float64(0.3076797019447167), np.float64(0.8086394436823122), np.float64(0.8965875153329161), np.float64(0.6871628391618577), np.float64(0.09576683254226447), np.float64(0.9184918715705829), np.float64(0.7975779208466296), np.float64(0.8899798887628608), 1]",0.696643935638084,1.1575656888017962,37996055.02289414,0
1.8264197786721806e-08,0.6064474925347709,"[1, 1, 0, 1, np.float64(0.1303923443885121), 1, np.float64(0.3549033030358659), np.float64(0.3965257003009416), np.float64(0.6678551665648935), np.float64(0.2030768478274434), 0, 1, np.float64(0.1110585442352197), np.float64(0.652964749094051), np.float64(0.29372627452417455), 0, np.float64(0.28918728046008496), np.float64(0.813269096024667), np.float64(0.8124003738492535), np.float64(0.6888643778988878), np.float64(0.11436871305237208), np.float64(0.9462261382495367), np.float64(0.7377572697708009), np.float64(0.8440719685658795), 1]",0.6898393031420659,1.1375087070749388,37770030.26344708,0
1.8350433812453943e-08,0.5996882373465272,"[1, 1, 0, 1, np.float64(0.05803783655180664), 1, np.float64(0.3051398328634284), np.float64(0.4218402398736187), np.float64(0.6730565091292915), np.float64(0.1609720106278198), 0, 1, np.float64(0.031325817417717894), np.float64(0.6335198236988806), np.float64(0.25412219965122146), 0, np.float64(0.31427896392081256), np.float64(0.8069872918161634), np.float64(0.9152382999249343), np.float64(0.6865556228544926), np.float64(0.08912850868423156), np.float64(0.9554174361907175), np.float64(0.8201747987201752), np.float64(0.9090687551367821), 1]",0.6985562019597786,1.1648656059200324,38067557.91711515,0
1.830173993418023e-08,0.604279788132172,"[1, 1, 0, 1, np.float64(0.09736144043539063), 1, np.float64(0.3405093838887235), np.float64(0.4038478471406543), np.float64(0.6693596376974152), np.float64(0.19089816293559575), 0, 1, np.float64(0.07873012230787575), np.float64(0.6473403687405418), np.float64(0.2822709268636652), 0, np.float64(0.2964449669065467), np.float64(0.8114521049353788), np.float64(0.8585128081504133), np.float64(0.6881965781388544), np.float64(0.1070680674246966), np.float64(0.9342603168714451), np.float64(0.7631001438639238), np.float64(0.8661300485731874), 1]",0.6934525104315313,1.1475685999278449,37889977.28770275,0
1.829064130118531e-08,0.6050970420885807,"[1, 1, 0, 1, np.float64(0.10937528178071693), 1, np.float64(0.3420489280030524), np.float64(0.4030646853098773), np.float64(0.6691987225461229), np.float64(0.19220077013060927), 0, 1, np.float64(0.0931997633933443), np.float64(0.6479419409448508), np.float64(0.2834961673897543), 0, np.float64(0.29566869962742187), np.float64(0.8116464465812298), np.float64(0.8419071722373923), np.float64(0.6882680046335846), np.float64(0.10784892952986691), np.float64(0.9365055395818936), np.float64(0.7587238432835055), np.float64(0.8601622612376406), 1]",0.6920994836292013,1.1437826257426724,37838994.93914138,0
1.8387149887230096e-08,0.5923990577948101,"[1, 1, 0, 1, np.float64(0.0076592235899264555), 1, np.float64(0.27571122457832364), np.float64(0.436810491474254), np.float64(0.6761324255063831), np.float64(0.136072485804446), 0, 1, 0, np.float64(0.6220206840567962), np.float64(0.23070154988761973), 0, np.float64(0.3291174251700158), np.float64(0.8032724231638126), np.float64(0.9865284094727272), np.float64(0.6851902950830906), np.float64(0.07420221667099083), 1, np.float64(0.8704860930364615), np.float64(0.9509115826026983), 1]",0.7050818635740342,1.1902143568537786,38346446.72493341,0
1.826741295853692e-08,0.6062882297210297,"[1, 1, 0, 1, np.float64(0.12765190416420327), 1, np.float64(0.35322720552140124), np.float64(0.39737832646850096), np.float64(0.6680303544550036), np.float64(0.2016587028963788), 0, 1, np.float64(0.10872991619192506), np.float64(0.6523098190618234), np.float64(0.2923923584763746), 0, np.float64(0.29003240054790297), np.float64(0.8130575168003135), np.float64(0.8162478009946356), np.float64(0.6887866160672066), np.float64(0.1135185905898624), np.float64(0.9449586576272307), np.float64(0.7404911266609085), np.float64(0.8461700012967827), 1]",0.6901250597620988,1.1382788349357282,37779025.48809367,0
1.9325730786495278e-08,0.5837324574700073,"[np.float64(0.33673234431989957), np.float64(0.39384068438509123), np.float64(0.4038371816247356), np.float64(0.07032050400887824), np.float64(0.5622718630801263), np.float64(0.2734826278234345), np.float64(0.04039163064065378), np.float64(0.3591476190047745), 1, np.float64(0.05304093695902301), np.float64(0.4366160730827653), 1, np.float64(0.7659531820760145), np.float64(0.3724841538118561), np.float64(0.6712827010447271), 1, np.float64(0.8075181603115666), np.float64(0.7301969576276257), np.float64(0.9190973553098122), np.float64(0.21428684059548508), np.float64(0.39308257655246387), 1, np.float64(0.3252001816487929), np.float64(0.5412199688206569), np.float64(0.4053619359852457)]",0.7083974876893955,1.2135653562245055,36655663.65978874,0
1.8273592467294664e-08,0.605980808658314,"[1, 1, 0, 1, np.float64(0.12259070665106689), 1, np.float64(0.3501316953560146), np.float64(0.3989530039238266), np.float64(0.6683539011997536), np.float64(0.19903959391720688), 0, 1, np.float64(0.10442927633224157), np.float64(0.6511002578311181), np.float64(0.2899288080861958), 0, np.float64(0.29159321535744503), np.float64(0.8126667605142865), np.float64(0.8233534435579914), np.float64(0.6886430011889727), np.float64(0.11194853711635502), np.float64(0.9426178038780192), np.float64(0.7455401657060763), np.float64(0.850044764900796), 1]",0.690660146390406,1.139739306133437,37795531.865259744,0
1.8358931227991693e-08,0.5970538737078912,"[1, 1, 0, 1, np.float64(0.039452983546485076), 1, np.float64(0.27678558108728707), np.float64(0.43626396929107264), np.float64(0.676020132368062), np.float64(0.13698149809292812), 0, 1, np.float64(0.022337448430172598), np.float64(0.6224404856118771), np.float64(0.23155657256738454), 0, np.float64(0.32857571428543575), np.float64(0.8034080426697686), np.float64(0.942430142912587), np.float64(0.6852401393966192), np.float64(0.07474713401209494), np.float64(0.9508704248932343), np.float64(0.8619736786945607), np.float64(0.9349219087633828), 1]",0.7011620311894096,1.1743697881649677,38191876.3397487,0
1.8260583334891545e-08,0.6066269738166832,"[1, 1, 0, 1, np.float64(0.1335906484878), 1, np.float64(0.3568594374933035), np.float64(0.395530620115402), np.float64(0.6676507088496277), np.float64(0.2047319318194879), 0, 1, np.float64(0.1137762319083615), np.float64(0.6537291027144073), np.float64(0.29528305694399926), 0, np.float64(0.28820096044577387), np.float64(0.8135160252204114), np.float64(0.8079101310402206), np.float64(0.6889551319254955), np.float64(0.11536087122193303), np.float64(0.9477053854281945), np.float64(0.7345666489278658), np.float64(0.8416234033229064), 1]",0.6895094377601483,1.1366283853518708,37759442.02410352,0
1.830109514256648e-08,0.6043150243649389,"[1, 1, 0, 1, np.float64(0.09791539855324152), 1, np.float64(0.3402688612876375), np.float64(0.40397020032225955), np.float64(0.6693847774322125), np.float64(0.1906946569315638), 0, 1, np.float64(0.07962585072344222), np.float64(0.6472463852619428), np.float64(0.28207950783542945), 0, np.float64(0.29656624295403067), np.float64(0.811421742987498), np.float64(0.8577611276272094), np.float64(0.6881854191950223), np.float64(0.10694607352866141), np.float64(0.93418625291391), np.float64(0.7633064206216053), np.float64(0.8660280941348459), 1]",0.6933892158037532,1.1473969500136463,37887853.72690625,0
1.835050447887963e-08,0.5991943603940325,"[1, 1, 0, 1, np.float64(0.05438395482815178), 1, np.float64(0.2995652349732495), np.float64(0.42467602239448593), np.float64(0.6736391733443295), np.float64(0.15625534726399049), 0, 1, np.float64(0.029558655893241283), np.float64(0.6313415664409565), np.float64(0.2496856764050686), 0, np.float64(0.3170897816792309), np.float64(0.8062835922476667), np.float64(0.9205843620162851), np.float64(0.6862969917551174), np.float64(0.08630105333333336), np.float64(0.9545234693956953), np.float64(0.8283926825831209), np.float64(0.9141516237237991), 1]",0.6990507443092083,1.1666510743684402,38094361.117634416,0
1.827534125427114e-08,0.6058930804102879,"[1, 1, 0, 1, np.float64(0.12119625537436673), 1, np.float64(0.3492788264270787), np.float64(0.39938685598794194), np.float64(0.6684430441684122), np.float64(0.19831798211479373), 0, 1, np.float64(0.10324437241821767), np.float64(0.6507670018777542), np.float64(0.28925005548310456), 0, np.float64(0.29202324801240653), np.float64(0.8125591001037781), np.float64(0.8253111763511751), np.float64(0.688603432697566), np.float64(0.11151595904270005), np.float64(0.9419728564143637), np.float64(0.7469312671053734), np.float64(0.8511123322187092), 1]",0.6908092034817155,1.1401503430505027,37800071.35682164,0
1.829846055164824e-08,0.6044564954333607,"[1, 1, 0, 1, np.float64(0.09963093675012422), 1, np.float64(0.34185922361573745), np.float64(0.40316118740675994), np.float64(0.6692185506951843), np.float64(0.19204026138159572), 0, 1, np.float64(0.08068661619168851), np.float64(0.6478678145295166), np.float64(0.2833451918502086), 0, np.float64(0.29576435216976116), np.float64(0.8116224995812622), np.float64(0.8553282786871286), np.float64(0.6882592033791777), np.float64(0.10775271080780492), np.float64(0.9352881917192528), np.float64(0.760886167495134), np.float64(0.8644138154741658), 1]",0.6931950903871736,1.1468072485352192,37882699.93700284,0
1.8383190036848174e-08,0.5931602198564797,"[1, 1, 0, 1, np.float64(0.009185401565733387), 1, np.float64(0.29142974150304546), np.float64(0.42881452541047543), np.float64(0.6744895056929845), np.float64(0.14937191194658644), 0, 1, 0, np.float64(0.628162646983916), np.float64(0.24321107382197066), 0, np.float64(0.3211918514553905), np.float64(0.8052566225258547), np.float64(0.9820890484695108), np.float64(0.6859195489939335), np.float64(0.0821747028776259), 1, np.float64(0.8447107119300868), np.float64(0.9309390193315935), 1]",0.7044495143971546,1.1876209678518266,38320308.55282033,0
1.836119813683774e-08,0.5949619299089238,"[1, 1, 0, 1, np.float64(0.02949100036985418), 1, np.float64(0.2547002992289366), np.float64(0.4474986910586595), np.float64(0.678328514725211), np.float64(0.12167414174877637), 0, 1, 0, np.float64(0.6138107285515507), np.float64(0.21398008215629502), 0, np.float64(0.3397115313739637), np.float64(0.8006201459245649), np.float64(0.9547277525315139), np.float64(0.6842155021331674), np.float64(0.06800949260152278), 1, np.float64(0.8578635985432609), np.float64(0.929575449479699), 1]",0.7022776648228045,1.1803741206270264,38247921.49123632,0
1.840542504341222e-08,0.5914345997203647,"[1, 1, 0, 1, 0, 1, np.float64(0.27441663337983757), np.float64(0.43746904643456835), np.float64(0.676267737860623), np.float64(0.13497713309967196), 0, 1, 0, np.float64(0.6215148264631724), np.float64(0.22967125423948576), 0, np.float64(0.3297701825531102), np.float64(0.8031090027188403), np.float64(0.9959855921183504), np.float64(0.6851302330747625), np.float64(0.0735455955328395), 1, np.float64(0.8688709931423111), np.float64(0.9444586318176083), 1]",0.7058806101850049,1.193505774803759,38351769.03114541,0
1.8308881998450483e-08,0.6040212751355327,"[1, 1, 0, 1, np.float64(0.0952244848735036), 1, np.float64(0.33339407200090915), np.float64(0.4074673866086993), np.float64(0.6701033393414688), np.float64(0.18487790253930803), 0, 1, np.float64(0.08117543889948858), np.float64(0.6445600821499465), np.float64(0.2766082320440927), 0, np.float64(0.3000326418213937), np.float64(0.8105539160428678), np.float64(0.8617741117410018), np.float64(0.6878664662685103), np.float64(0.10345915659976453), np.float64(0.9299606564966938), np.float64(0.7728406458622065), np.float64(0.8709958619184163), 1]",0.6937025377252715,1.148473681774894,37888852.95038664,0
1.8301030001994653e-08,0.604318192282412,"[1, 1, 0, 1, np.float64(0.09789677680116902), 1, np.float64(0.3405783382142466), np.float64(0.40381277026606915), np.float64(0.6693524305017132), np.float64(0.19095650514204354), 0, 1, np.float64(0.07937463057611316), np.float64(0.6473673124345974), np.float64(0.2823258039102491), 0, np.float64(0.2964101988306212), np.float64(0.8114608092634886), np.float64(0.8577728457346716), np.float64(0.6881997772454749), np.float64(0.10710304129734333), np.float64(0.934360564759866), np.float64(0.7629046745683176), np.float64(0.8658639282736195), 1]",0.6933914970531678,1.1473947101184234,37888113.236118086,0
1.8253822226339322e-08,0.6069679557376739,"[1, 1, 0, 1, np.float64(0.14003819695704017), 1, np.float64(0.3608028623006843), np.float64(0.393524610828019), np.float64(0.6672385369647278), np.float64(0.20806846078236738), 0, 1, np.float64(0.11925489261505903), np.float64(0.6552699840258448), np.float64(0.298421417086212), 0, np.float64(0.2862126110265088), np.float64(0.8140138165212408), np.float64(0.7988581280876738), np.float64(0.6891380854430996), np.float64(0.11736098993760521), np.float64(0.950687440162923), np.float64(0.7281345893446721), np.float64(0.8366872738636468), 1]",0.6888566262595925,1.1349143224907086,37737664.89659399,0
1.8261792035307415e-08,0.6065668423804427,"[1, 1, 0, 1, np.float64(0.1325053763562294), 1, np.float64(0.35619566752448323), np.float64(0.39586827806177577), np.float64(0.6677200869492624), np.float64(0.20417031651455975), 0, 1, np.float64(0.11285404608662225), np.float64(0.6534697366075314), np.float64(0.29475479805344196), 0, np.float64(0.288535645826248), np.float64(0.8134322353848319), np.float64(0.8094337933416614), np.float64(0.6889243365999581), np.float64(0.1150242047955684), np.float64(0.9472034363674222), np.float64(0.7356493139202337), np.float64(0.8424542685371063), 1]",0.6896209255820859,1.136924865321852,37763047.80214178,0
1.830095053270419e-08,0.6043255945683629,"[1, 1, 0, 1, np.float64(0.09785272163271483), 1, np.float64(0.3413104958587779), np.float64(0.40344032369830163), np.float64(0.6692759044333512), np.float64(0.19157598321141106), 0, 1, np.float64(0.0787802962800395), np.float64(0.6476534008188295), np.float64(0.28290848888121967), 0, np.float64(0.2960410310897809), np.float64(0.8115532318971347), np.float64(0.8578005683246944), np.float64(0.6882337453881555), np.float64(0.1074743941896081), np.float64(0.9347729501093893), np.float64(0.7619542274791022), np.float64(0.8654755462007295), 1]",0.6933970677592448,1.14738987392136,37888582.15425092,0
1.827699309253693e-08,0.6058097871039678,"[1, 1, 0, 1, np.float64(0.11989112949980828), 1, np.float64(0.34848059035719225), np.float64(0.39979291646783727), np.float64(0.6685264768396538), np.float64(0.19764259513609284), 0, 1, np.float64(0.10213537077513575), np.float64(0.6504550935487552), np.float64(0.2886147822401308), 0, np.float64(0.2924257337458797), np.float64(0.8124583361762261), np.float64(0.8271435011993419), np.float64(0.6885663988744306), np.float64(0.11111109094431101), np.float64(0.9413692228298763), np.float64(0.748233257688116), np.float64(0.8521115135832518), 1]",0.6909493372429051,1.1405384197339252,37804322.28346365,0
1.8275347210736733e-08,0.6058927808081793,"[1, 1, 0, 1, np.float64(0.12119152851441548), 1, np.float64(0.34927593540316754), np.float64(0.3993883266438056), np.float64(0.668443346341988), np.float64(0.19831553602149082), 0, 1, np.float64(0.10324035587425456), np.float64(0.6507658722189085), np.float64(0.2892477546723484), 0, np.float64(0.2920247057213767), np.float64(0.812558735160455), np.float64(0.8253178126022152), np.float64(0.6886032985697406), np.float64(0.11151449270536269), np.float64(0.9419706701950332), np.float64(0.7469359826100327), np.float64(0.851115951019369), 1]",0.6908097099272708,1.1401517426991352,37800086.74863487,0
1.829943963309564e-08,0.6044410496613533,"[1, 1, 0, 1, np.float64(0.09993805547563626), 1, np.float64(0.33934535398692584), np.float64(0.40443998593062874), np.float64(0.6694813036152757), np.float64(0.18991327805235003), 0, 1, np.float64(0.08292963438172758), np.float64(0.6468855275785454), np.float64(0.28134453794373243), 0, np.float64(0.29703189281290976), np.float64(0.8113051656662603), np.float64(0.8550185668446608), np.float64(0.6881425734663851), np.float64(0.10647766742826967), np.float64(0.9338900039969633), np.float64(0.7641189254558751), np.float64(0.8656810148621068), 1]",0.6931591868101811,1.146777154196482,37878711.08121589,0
1.8345806504161487e-08,0.6007951333581686,"[1, 1, 0, 1, np.float64(0.06908454674718323), 1, np.float64(0.3042586722203233), np.float64(0.42228848385444384), np.float64(0.673148609184677), np.float64(0.16022646122589718), 0, 1, np.float64(0.05573363802186333), np.float64(0.6331755128438102), np.float64(0.2534209311913711), 0, np.float64(0.3147232617934937), np.float64(0.8068760600508333), np.float64(0.8999803971139041), np.float64(0.6865147417810337), np.float64(0.08868158095519522), np.float64(0.9456180242537231), np.float64(0.8188831867453217), np.float64(0.9042599774790583), 1]",0.6971790793875635,1.160427308208462,38002094.878162935,0
1.826801471093821e-08,0.6062584062560634,"[1, 1, 0, 1, np.float64(0.1271481922871474), 1, np.float64(0.3529191271996592), np.float64(0.3975350450582657), np.float64(0.6680625552015049), np.float64(0.20139803804449574), 0, 1, np.float64(0.10830189824347712), np.float64(0.6521894383897885), np.float64(0.2921471754760989), 0, np.float64(0.2901877394682692), np.float64(0.8130186270747505), np.float64(0.8169549847281268), np.float64(0.6887723229044324), np.float64(0.11336233219841141), np.float64(0.9447256859178935), np.float64(0.7409936284755816), np.float64(0.846555634231095), 1]",0.6901778911269041,1.138421973212848,37780673.05330399,0
1.8308225053376413e-08,0.6041923699025518,"[1, 1, 0, 1, np.float64(0.09766427364465917), 1, np.float64(0.33338738387050687), np.float64(0.40747078884212773), np.float64(0.6701040383935489), np.float64(0.18487224371686695), 0, 1, np.float64(0.08434823289464444), np.float64(0.6445574687832288), np.float64(0.2766029093200886), 0, np.float64(0.3000360141033189), np.float64(0.8105530717784794), np.float64(0.8584161717318434), np.float64(0.6878661559755433), np.float64(0.10345576435686808), np.float64(0.9302345646145924), np.float64(0.7723702252771375), np.float64(0.8699614889971867), 1]",0.6934254108259928,1.1476897845264633,37875075.75444136,0
1.8642707188807425e-08,0.5850495677645481,"[1, 1, 0, 1, 0, 1, np.float64(0.09072703012998788), np.float64(0.5309114393071857), np.float64(0.6954672138760638), 0, 0, 1, 0, np.float64(0.5497386698027771), np.float64(0.08348255848973826), 0, np.float64(0.4223899569338105), np.float64(0.7799212684480018), 1, np.float64(0.6766080320177122), 0, 1, 1, 1, 1]",0.7118168517941207,1.2166778526372484,38182053.95734994,0
1.828870976194206e-08,0.6051410086440075,"[1, 1, 0, 1, np.float64(0.1073467267708747), 1, np.float64(0.3550587141935741), np.float64(0.3964466430750647), np.float64(0.6678389227887508), np.float64(0.20320834109894623), 0, 1, np.float64(0.08102148011687282), np.float64(0.6530254755336812), np.float64(0.2938499579229536), 0, np.float64(0.28910891921313076), np.float64(0.8132887140790582), np.float64(0.8441144651945108), np.float64(0.688871588133485), np.float64(0.11444753812964364), np.float64(0.9436914564015189), np.float64(0.7420799148816537), np.float64(0.8537910997019316), 1]",0.692367451352385,1.1441423427968191,37857643.34196876,0
1.9385617927137127e-08,0.5808845265044993,"[0, np.float64(0.27940501792698147), np.float64(0.661230980657523), 0, np.float64(0.8987593862401732), 0, 0, np.float64(0.3631952880960331), np.float64(0.9910969217384045), 0, np.float64(0.5433997856456287), 1, np.float64(0.6767240072948943), np.float64(0.09714479486883329), np.float64(0.6446732701376541), 1, np.float64(0.7485387532581582), np.float64(0.5599787806157486), np.float64(0.8453036136149098), np.float64(0.07321609896339387), np.float64(0.6376614941344992), 1, np.float64(0.015461659185014465), np.float64(0.46237292339469566), np.float64(0.34617885435125295)]",0.7412802077600139,1.2761231775628512,38238667.99326146,0
1.830186000455831e-08,0.6042728472875247,"[1, 1, 0, 1, np.float64(0.09738717144877851), 1, np.float64(0.33990424458362634), np.float64(0.40415567983063316), np.float64(0.6694228876438937), np.float64(0.19038615499410932), 0, 1, np.float64(0.07920747972541864), np.float64(0.6471039123881105), np.float64(0.28178932897138415), 0, np.float64(0.2967500895967556), np.float64(0.8113757162386034), np.float64(0.8585045971850902), np.float64(0.6881685029580368), np.float64(0.10676113867396998), np.float64(0.9339182583321339), np.float64(0.7638878005067541), np.float64(0.866455596900872), 1]",0.6934492926465664,1.1475764561643622,37889552.89100966,0
1.8259671455592546e-08,0.6066724495792638,"[1, 1, 0, 1, np.float64(0.13442106771537715), 1, np.float64(0.3573673353087564), np.float64(0.39527225390212134), np.float64(0.667597622710001), np.float64(0.20516166380480938), 0, 1, np.float64(0.11448186215122329), np.float64(0.6539275622489943), np.float64(0.2956872655540762), 0, np.float64(0.28794486875498987), np.float64(0.8135801388086228), np.float64(0.8067442681799812), np.float64(0.6889786956287381), np.float64(0.11561847875243164), np.float64(0.9480894625082227), np.float64(0.7337382246087175), np.float64(0.8409876489997966), 1]",0.6894244421643896,1.136403083150579,37756672.88653398,0
1.8283630689396262e-08,0.6052242740892743,"[1, 1, 0, 1, np.float64(0.10913021933548149), 1, np.float64(0.3525276844162815), np.float64(0.3977341709189807), np.float64(0.668103469309859), np.float64(0.20106683858011007), 0, 1, np.float64(0.08519405100388673), np.float64(0.6520364833066145), np.float64(0.29183564717536653), 0, np.float64(0.2903851123279083), np.float64(0.8129692139828681), np.float64(0.8417733740490124), np.float64(0.6887541620828983), np.float64(0.11316379106338505), np.float64(0.9424515412835439), np.float64(0.7450451877825853), np.float64(0.8544396672673932), 1]",0.6921529515014943,1.1436305203439303,37856428.149301544,0
1.8261203211773433e-08,0.6065961172236747,"[1, 1, 0, 1, np.float64(0.1330319523362296), 1, np.float64(0.3565177299009679), np.float64(0.3957044458220597), np.float64(0.6676864245711888), np.float64(0.2044428132653495), 0, 1, np.float64(0.11330149229729927), np.float64(0.6535955815066438), np.float64(0.29501111021229787), 0, np.float64(0.28837325588082496), np.float64(0.8134728903629713), np.float64(0.8086945096668752), np.float64(0.6889392785470076), np.float64(0.115187555948002), np.float64(0.9474469829497931), np.float64(0.7351240029288393), np.float64(0.8420511312485977), 1]",0.6895667740605268,1.1367807252321362,37761300.06679662,0
1.8282710052527503e-08,0.6052441819975657,"[1, 1, 0, 1, np.float64(0.10956989309106639), 1, np.float64(0.35190372478237925), np.float64(0.3980515774581437), np.float64(0.668168686381559), np.float64(0.20053890677162575), 0, 1, np.float64(0.0862226899501568), np.float64(0.6517926729676492), np.float64(0.2913390711935643), 0, np.float64(0.2906997245840853), np.float64(0.8128904495349589), np.float64(0.8411962388500582), np.float64(0.6887252137409262), np.float64(0.11284731657672664), np.float64(0.9421458724249542), np.float64(0.745776198776721), np.float64(0.854599554750479), 1]",0.6921007216008146,1.1435066080545955,37855477.640478946,0
1.8260005905633818e-08,0.6066557576897925,"[1, 1, 0, 1, np.float64(0.13411527684284336), 1, np.float64(0.35718030867089967), np.float64(0.39536739383526437), np.float64(0.6676171709772097), np.float64(0.20500342069773378), 0, 1, np.float64(0.1142220231681105), np.float64(0.6538544821561584), np.float64(0.295538421091597), 0, np.float64(0.2880391711253745), np.float64(0.8135565298296524), np.float64(0.8071735817236084), np.float64(0.688970018607379), np.float64(0.11552361819416605), np.float64(0.9479480312148207), np.float64(0.7340432808826669), np.float64(0.8412217571017346), 1]",0.689455709097875,1.136485890653034,37757693.65360145,0
1.830633057907289e-08,0.6042075308603039,"[1, 1, 0, 1, np.float64(0.09761479320185087), 1, np.float64(0.33455105979440314), np.float64(0.4068788301197322), np.float64(0.6699824094739186), np.float64(0.1858568290996587), 0, 1, np.float64(0.08343028007087476), np.float64(0.6450121716294313), np.float64(0.2775290165280093), 0, np.float64(0.29944926667931293), np.float64(0.8106999663638195), np.float64(0.858431961323724), np.float64(0.6879201442253585), np.float64(0.10404598481447788), np.float64(0.9308923392516169), np.float64(0.7708555706119419), np.float64(0.8693354633072334), 1]",0.6934281971148312,1.1476655978244594,37879147.55060373,0
1.827607496448858e-08,0.6058561388031819,"[1, 1, 0, 1, np.float64(0.12061519953864352), 1, np.float64(0.3489234432906826), np.float64(0.3995676384060206), np.float64(0.6684801892756084), np.float64(0.1980172926924203), 0, 1, np.float64(0.10275063316355966), np.float64(0.6506281369925285), np.float64(0.28896722511991557), 0, np.float64(0.2922024389155898), np.float64(0.8125142389380654), np.float64(0.8261269467429223), np.float64(0.6885869448480249), np.float64(0.11133570748547252), np.float64(0.9417041123615929), np.float64(0.7475109270760373), np.float64(0.851557178324461), 1]",0.6908715182937147,1.1403227169711834,37801963.476080954,0
1.8414887621467882e-08,0.5906789958080546,"[1, 1, 0, 1, 0, 1, np.float64(0.2585936250239082), np.float64(0.4455181670002565), np.float64(0.6779215792541861), np.float64(0.12158929683089639), 0, 1, 0, np.float64(0.6153320338254793), np.float64(0.2170785711835787), 0, np.float64(0.33774844282490546), np.float64(0.8011116130646012), 1, np.float64(0.6843961313283876), np.float64(0.06552011091051399), 1, np.float64(0.8913412160277542), np.float64(0.9570325213024652), 1]",0.7064874281922308,1.196059845036049,38365014.36851644,0
1.8347032404820014e-08,0.600618900804387,"[1, 1, 0, 1, np.float64(0.06760621806873128), 1, np.float64(0.3027918985112711), np.float64(0.42303462758142474), np.float64(0.6733019182786528), np.float64(0.15898542501973373), 0, 1, np.float64(0.054170834612826624), np.float64(0.6326023754551738), np.float64(0.25225360472491504), 0, np.float64(0.3154628368570599), np.float64(0.806690904449214), np.float64(0.9021031334477057), np.float64(0.6864466914383219), np.float64(0.08793762825153513), np.float64(0.9458122999635012), np.float64(0.8211606579541293), np.float64(0.9058469425556797), 1]",0.6973752627105,1.1610944340521598,38010248.5962411,0
1.8253157099973352e-08,0.6070021814389113,"[1, 1, 0, 1, np.float64(0.1407159172086468), 1, np.float64(0.36121736695550005), np.float64(0.3933137534571196), np.float64(0.6671952123996048), np.float64(0.20841917287999695), 0, 1, np.float64(0.11983077030412553), np.float64(0.6554319504655025), np.float64(0.29875129909258386), 0, np.float64(0.28600360993483265), np.float64(0.8140661407879377), np.float64(0.797906646179812), np.float64(0.6891573162103555), np.float64(0.11757122813367236), np.float64(0.9510008924610742), np.float64(0.7274584971741569), np.float64(0.8361684231849661), 1]",0.6887889772891116,1.1347388829086626,37735333.866715975,0
1.828112304799676e-08,0.6052905332192661,"[1, 1, 0, 1, np.float64(0.11061591496506831), 1, np.float64(0.3504192708724848), np.float64(0.3988067150543689), np.float64(0.6683238434331004), np.float64(0.1992829113599338), 0, 1, np.float64(0.08866991092839642), np.float64(0.6512126270940306), np.float64(0.29015767400423664), 0, np.float64(0.2914482143395232), np.float64(0.8127030621042554), np.float64(0.8398231843188422), np.float64(0.6886563431328121), np.float64(0.112094396413985), np.float64(0.9414186597855265), np.float64(0.7475153371271201), np.float64(0.8549799408948926), 1]",0.691977533569184,1.1432155231122962,37852025.378988445,0
1.825694685518346e-08,0.6068091160693647,"[1, 1, 0, 1, np.float64(0.13696940492746504), 1, np.float64(0.3589259395174198), np.float64(0.394479396254099), np.float64(0.6674347153728825), np.float64(0.20648039773226706), 0, 1, np.float64(0.11664725493855758), np.float64(0.6545365821274922), np.float64(0.2969276749862021), 0, np.float64(0.28715899101557935), np.float64(0.813776886471988), np.float64(0.8031665430836978), np.float64(0.6890510064084425), np.float64(0.11640900820344041), np.float64(0.9492680935933935), np.float64(0.7311960092435416), np.float64(0.839036686948914), 1]",0.6891653052186902,1.1357200921482389,37748113.67340013,0
1.828113304972989e-08,0.6052901327845138,"[1, 1, 0, 1, np.float64(0.11060673671902653), 1, np.float64(0.35043229610987353), np.float64(0.39880008915215226), np.float64(0.6683224820183638), np.float64(0.1992939320041501), 0, 1, np.float64(0.08864843795845656), np.float64(0.6512177166661284), np.float64(0.2901680400915492), 0, np.float64(0.29144164676832235), np.float64(0.812704706322208), np.float64(0.8398352320901455), np.float64(0.6886569474331637), np.float64(0.112101002859486), np.float64(0.9414250406621556), np.float64(0.7475000771788558), np.float64(0.8549766032231755), 1]",0.6919786078022198,1.1432180541567947,37852063.43172717,0
1.8293365339300393e-08,0.6049475527260462,"[1, 1, 0, 1, np.float64(0.10729883622607422), 1, np.float64(0.3407789403557446), np.float64(0.4037107245117896), np.float64(0.6693314633052242), np.float64(0.19112623447322566), 0, 1, np.float64(0.09143535003156956), np.float64(0.6474456971144041), np.float64(0.2824854523874158), 0, np.float64(0.29630905143437714), np.float64(0.811486131922305), np.float64(0.8448223874360217), np.float64(0.6882090840965545), np.float64(0.10720478739805839), np.float64(0.9355451630407681), np.float64(0.7607953006121999), np.float64(0.8617519513534604), 1]",0.6923308666208376,1.1444477517117315,37846008.85510522,0
1.827414346616575e-08,0.6059532136462111,"[1, 1, 0, 1, np.float64(0.12214983321031422), 1, np.float64(0.3498620500371041), np.float64(0.3990901717514016), np.float64(0.6683820848788595), np.float64(0.19881144720205562), 0, 1, np.float64(0.10405465394545353), np.float64(0.6509948947386488), np.float64(0.2897142118499954), 0, np.float64(0.2917291756304189), np.float64(0.8126327223112981), np.float64(0.8239724055877353), np.float64(0.688630491109027), np.float64(0.11181177207700727), np.float64(0.9424138955650092), np.float64(0.7459799800406404), np.float64(0.8503822898359068), 1]",0.6907071976468937,1.139868858010821,37796967.00563426,0
1.8278632092600355e-08,0.6057266656034995,"[1, 1, 0, 1, np.float64(0.11860622503372148), 1, np.float64(0.3476947220274148), np.float64(0.4001926855125629), np.float64(0.6686086168186287), np.float64(0.1969776724936211), 0, 1, np.float64(0.10104355182351497), np.float64(0.6501480178767813), np.float64(0.2879893518176755), 0, np.float64(0.292821983430724), np.float64(0.812359133468613), np.float64(0.828947436303707), np.float64(0.68852993884734), np.float64(0.1107124958065262), np.float64(0.940774941846174), np.float64(0.7495150754400896), np.float64(0.8530952137939045), 1]",0.6910878836353447,1.14092365893583,37808512.15420624,0
1.8312367420032435e-08,0.6034542693449995,"[1, 1, np.float64(0.030408676235135684), 1, np.float64(0.1148721576889268), 1, np.float64(0.3569572870104921), np.float64(0.46530540424735745), np.float64(0.6045444451533926), np.float64(0.1777449150785132), 0, np.float64(0.9856563304389058), 0, np.float64(0.6746339097588602), np.float64(0.2223282447268451), 0, np.float64(0.3079375953590028), np.float64(0.7999240033235502), np.float64(0.8733890176502204), np.float64(0.6795249202313651), np.float64(0.04352514715802197), np.float64(0.9474826580187397), np.float64(0.7898666551406479), np.float64(0.9084713403974014), np.float64(0.9966943911547099)]",0.694590812291037,1.151024771181019,37930148.31775403,0
1.8495574685250063e-08,0.5891261512280141,"[1, 1, 0, 1, 0, 1, np.float64(0.2006392601464681), np.float64(0.47499939204376046), np.float64(0.6839790447762879), np.float64(0.07255414936797427), 0, 1, 0, np.float64(0.5926865411084044), np.float64(0.17095580285839385), 0, np.float64(0.3669701304128756), np.float64(0.7937958456567666), 1, np.float64(0.681707363206071), np.float64(0.03612545638855976), 1, np.float64(0.9736420950190989), 1, 1]",0.7079669189431317,1.2017238030723942,38277638.353553,0
1.8268099647947032e-08,0.606254195567752,"[1, 1, 0, 1, np.float64(0.1270773061519742), 1, np.float64(0.3528757720941838), np.float64(0.39755709968045005), np.float64(0.6680670867334642), np.float64(0.20136135532017033), 0, 1, np.float64(0.1082416643289473), np.float64(0.6521724975135083), np.float64(0.2921126714747216), 0, np.float64(0.290209599932968), np.float64(0.8130131542191982), np.float64(0.8170545049578611), np.float64(0.6887703114627438), np.float64(0.11334034233880538), np.float64(0.944692900381495), np.float64(0.741064344321648), np.float64(0.8466099034066973), 1]",0.6901853335468964,1.1384421561001217,37780904.79293282,0
1.8417979190426056e-08,0.5904983433161849,"[1, 1, 0, 1, 0, 1, np.float64(0.25113233627075626), np.float64(0.44931370394232145), np.float64(0.6787014428497624), np.float64(0.11527630565157856), 0, 1, 0, np.float64(0.6124165578216129), np.float64(0.21114053194707427), 0, np.float64(0.3415105658230494), np.float64(0.800169750390475), 1, np.float64(0.6840499680084496), np.float64(0.06173571942160269), 1, np.float64(0.9019369774357389), np.float64(0.962961698490922), 1]",0.7066376521261524,1.1966801602824824,38366730.94372228,0
1.8338119377317077e-08,0.6013444706692586,"[1, 1, 0, 1, np.float64(0.06561633929250893), 1, np.float64(0.31528525182814704), np.float64(0.41667929332037756), np.float64(0.67199609675628), np.float64(0.16955604249600026), 0, 1, np.float64(0.05601657664871869), np.float64(0.6374841154612539), np.float64(0.26219639405333817), 0, np.float64(0.30916345167142406), np.float64(0.8082679809507587), np.float64(0.9033423174702384), np.float64(0.6870263152545831), np.float64(0.09427430030974684), np.float64(0.916266597252694), np.float64(0.8023776640689533), np.float64(0.8936633362822991), 1]",0.6972317489720237,1.159454826608863,38020897.05198717,0
1.8452316545231638e-08,0.5896944636987983,"[1, 1, 0, 1, 0, 1, np.float64(0.22028124365631085), np.float64(0.4650075693850347), np.float64(0.6819260391373135), np.float64(0.08917321783514244), 0, 1, 0, np.float64(0.6003615867320032), np.float64(0.1865878032571116), 0, np.float64(0.3570662705923685), np.float64(0.7962753169285236), 1, np.float64(0.6826186446812803), np.float64(0.04608793843143523), 1, np.float64(0.9457485530673895), np.float64(0.9874777841994755), 1]",0.707382081444617,1.199573889514979,38335678.867779635,0
1.8271528785364225e-08,0.6060838371055493,"[1, 1, 0, 1, np.float64(0.12425558695761225), 1, np.float64(0.3511499630485294), np.float64(0.3984350139663653), np.float64(0.6682474705374087), np.float64(0.19990114949744292), 0, 1, np.float64(0.10584397129116127), np.float64(0.6514981428508857), np.float64(0.29073919268749726), 0, np.float64(0.2910797855156287), np.float64(0.8127952997470623), np.float64(0.8210160433007645), np.float64(0.6886902432857054), np.float64(0.11246500601555942), np.float64(0.9433878274341934), np.float64(0.7438792849260908), np.float64(0.8487701618843958), 1]",0.6904830966348693,1.1392534404685368,37790110.764456496,0
1.834985127220241e-08,0.6001742073452446,"[1, 1, 0, 1, np.float64(0.0639269348498916), 1, np.float64(0.29914137344724934), np.float64(0.42489163957986475), np.float64(0.6736834759017869), np.float64(0.15589671832421642), 0, 1, np.float64(0.050281309610013716), np.float64(0.6311759438321956), np.float64(0.24934834776714793), 0, np.float64(0.317303500682442), np.float64(0.8062300868327785), np.float64(0.9073862266358561), np.float64(0.6862773268798005), np.float64(0.08608606929980507), np.float64(0.9462958158211274), np.float64(0.8268288572673772), np.float64(0.9097966014241067), 1]",0.6978656254095857,1.1627717700440017,38031132.517502174,0
1.841520703251646e-08,0.590655051986832,"[1, 1, 0, 1, 0, 1, np.float64(0.25759321112899647), np.float64(0.4460270747802816), np.float64(0.6780261438144064), np.float64(0.12074284733628639), 0, 1, 0, np.float64(0.614941125123103), np.float64(0.21628239546149308), 0, np.float64(0.33825287044407787), np.float64(0.8009853275745916), 1, np.float64(0.6843497175510053), np.float64(0.0650126975192693), 1, np.float64(0.8927619018221807), np.float64(0.9578275087960426), 1]",0.7065069237973922,1.1961413373522505,38365407.597638465,0
1.828018948649564e-08,0.6056471875098147,"[1, 1, 0, 1, np.float64(0.11739337792834831), 1, np.float64(0.34695292514357495), np.float64(0.4005700355346932), np.float64(0.6686861503928084), np.float64(0.19635003867063738), 0, 1, np.float64(0.10001296200924052), np.float64(0.6498581629889559), np.float64(0.28739899549352216), 0, np.float64(0.2931960114584513), np.float64(0.8122654940425318), np.float64(0.8306502068421842), np.float64(0.6884955234962492), np.float64(0.1103362538587101), np.float64(0.9402139881022302), np.float64(0.7507250089340806), np.float64(0.8540237481593259), 1]",0.6912191862626357,1.141290177709996,37812473.81342895,0
1.8395030591834976e-08,0.5919338517522011,"[1, 1, 0, 1, np.float64(0.002358501348010458), 1, np.float64(0.2792553453087627), np.float64(0.4350076070658685), np.float64(0.6757619894024555), np.float64(0.13907116386797058), 0, 1, 0, np.float64(0.6234055385083863), np.float64(0.23352212534750472), 0, np.float64(0.3273304124233839), np.float64(0.8037198090161812), np.float64(0.9920332648282685), np.float64(0.6853547230577876), np.float64(0.07599980697632269), 1, np.float64(0.8619995478977879), np.float64(0.9406135078263437), 1]",0.7054664661594355,1.1917994959591567,38350926.498190865,0
1.8300079845304977e-08,0.6044357239538543,"[1, 1, 0, 1, np.float64(0.10003685404912022), 1, np.float64(0.33853665457324744), np.float64(0.4048513690845572), np.float64(0.6695658299288063), np.float64(0.18922903804580765), 0, 1, np.float64(0.08365120222851051), np.float64(0.6465695307296199), np.float64(0.28070093748705105), 0, np.float64(0.29743965436234715), np.float64(0.8112030809168918), np.float64(0.8549189340782904), np.float64(0.6881050542008624), np.float64(0.10606749228568198), np.float64(0.9334402139289866), np.float64(0.765158887686793), np.float64(0.8660886666314334), 1]",0.6931482851251732,1.1467692223600134,37876790.20990751,0
1.8280517335351873e-08,0.6053277715480015,"[1, 1, 0, 1, np.float64(0.11148105420612442), 1, np.float64(0.3491915151621042), np.float64(0.39943127098682923), np.float64(0.6684521700552783), np.float64(0.19824410811475507), 0, 1, np.float64(0.09069394785576085), np.float64(0.6507328852651525), np.float64(0.2891805691337138), 0, np.float64(0.2920672720046182), np.float64(0.812548078519675), np.float64(0.8386875643240899), np.float64(0.6885993819285431), np.float64(0.11147167446680614), np.float64(0.9408171999053865), np.float64(0.7489537361414731), np.float64(0.8552945490196989), 1]",0.6918768186050752,1.142978814330197,37847770.16496605,0
1.8349611108672634e-08,0.6002145674286898,"[1, 1, 0, 1, np.float64(0.06425794283838866), 1, np.float64(0.29946979419839254), np.float64(0.4247245728525547), np.float64(0.673649148938132), np.float64(0.15617459489134378), 0, 1, np.float64(0.050631232073388543), np.float64(0.6313042732469666), np.float64(0.24960972021511096), 0, np.float64(0.3171379047241806), np.float64(0.8062715444491695), np.float64(0.9069109313282544), np.float64(0.6862925638209394), np.float64(0.08625264544188013), np.float64(0.94625231614961), np.float64(0.826318915753913), np.float64(0.9094412689966944), 1]",0.6978213896568917,1.1626198821637201,38029219.5580689,0
1.827421319060496e-08,0.6059497187449173,"[1, 1, 0, 1, np.float64(0.12209414528521687), 1, np.float64(0.3498279904024463), np.float64(0.3991074977933032), np.float64(0.6683856448361306), np.float64(0.1987826293690674), 0, 1, np.float64(0.10400733437142877), np.float64(0.6509815860394642), np.float64(0.2896871056149106), 0, np.float64(0.2917463491428098), np.float64(0.8126284228531697), np.float64(0.8240505883675635), np.float64(0.6886289109267557), np.float64(0.11179449691238375), np.float64(0.942388139350613), np.float64(0.7460355341871504), np.float64(0.8504249235297688), 1]",0.6907131457666508,1.1398852485603939,37797148.28552818,0
1.8278868621631533e-08,0.6057146274059794,"[1, 1, 0, 1, np.float64(0.1184215467891605), 1, np.float64(0.3475817698294655), np.float64(0.4002501439831016), np.float64(0.6686204227291269), np.float64(0.1968821037181817), 0, 1, np.float64(0.10088662559850324), np.float64(0.6501038821472043), np.float64(0.28789945922599836), 0, np.float64(0.2928789360666097), np.float64(0.8123448751463943), np.float64(0.8292067143879297), np.float64(0.6885246984781318), np.float64(0.11065520606065053), np.float64(0.9406895263372839), np.float64(0.749699310033812), np.float64(0.8532366002026783), 1]",0.6911078440420996,1.1409792875595945,37809114.90464079,0
1.829125484364058e-08,0.6050636316348504,"[1, 1, 0, 1, np.float64(0.10890770493565685), 1, np.float64(0.3417629504506597), np.float64(0.40321016129943066), np.float64(0.6692286132914943), np.float64(0.19195880472416718), 0, 1, np.float64(0.09280245038350599), np.float64(0.6478301960815666), np.float64(0.2832685732055525), 0, np.float64(0.29581289492161356), np.float64(0.8116103467074481), np.float64(0.8425636243760957), np.float64(0.6882547368266092), np.float64(0.10770388072514969), np.float64(0.9362892806811172), np.float64(0.759190296873036), np.float64(0.8605202298283972), 1]",0.6921514668173546,1.1439316968154198,37840567.67750949,0
1.8274013427555404e-08,0.6059597297792912,"[1, 1, 0, 1, np.float64(0.12225375046882528), 1, np.float64(0.3499256075112483), np.float64(0.3990578402401788), np.float64(0.6683754417690763), np.float64(0.19886522313633814), 0, 1, np.float64(0.10414295532134368), np.float64(0.651019729629358), np.float64(0.2897647938322411), 0, np.float64(0.2916971287490968), np.float64(0.812640745377358), np.float64(0.8238265114800213), np.float64(0.6886334398310219), np.float64(0.11184400864794906), np.float64(0.9424619583216122), np.float64(0.7458763124215981), np.float64(0.8503027326145057), 1]",0.6906961010366134,1.1398382880792848,37796628.735924646,0
1.8515395936070494e-08,0.5888156719525915,"[1, 1, 0, 1, 0, 1, np.float64(0.18185440685756754), np.float64(0.48455519493091903), np.float64(0.6859424620508261), np.float64(0.06268065965201397), 0, 1, 0, np.float64(0.5853464165251271), np.float64(0.15600594639635162), 0, np.float64(0.3764418089543444), np.float64(0.7914245727122264), np.float64(0.9991321460562307), np.float64(0.6808358479230995), np.float64(0.034551414179080524), 1, np.float64(0.935064279642479), np.float64(0.9727754140392897), 1]",0.7077718471869747,1.2020261703291772,38226125.41642383,0
1.8281132650485734e-08,0.6052901487111247,"[1, 1, 0, 1, np.float64(0.11060710171913007), 1, np.float64(0.35043177812277954), np.float64(0.39880035265075364), np.float64(0.6683225361590478), np.float64(0.19929349373563326), 0, 1, np.float64(0.08864929189462427), np.float64(0.6512175142642387), np.float64(0.2901676278534238), 0, np.float64(0.29144190794721836), np.float64(0.8127046409350175), np.float64(0.8398347529748817), np.float64(0.6886569234013727), np.float64(0.11210074013463849), np.float64(0.9414247869077215), np.float64(0.7475006840358382), np.float64(0.8549767359555643), 1]",0.6919785650798836,1.1432179534944504,37852061.92142026,0
1.8345942702818536e-08,0.6007759969790664,"[1, 1, 0, 1, np.float64(0.06892344666067764), 1, np.float64(0.3040988313305018), np.float64(0.422369794472789), np.float64(0.6731653159621762), np.float64(0.16009121996116107), 0, 1, np.float64(0.05556333234623327), np.float64(0.6331130554997604), np.float64(0.2532937224065674), 0, np.float64(0.31480385659521437), np.float64(0.8068558828169932), np.float64(0.9002117211841116), np.float64(0.6865073260308981), np.float64(0.08860050910245865), np.float64(0.9456391953465304), np.float64(0.8191313729667626), np.float64(0.904432916159645), 1]",0.6972004343880934,1.1604998167268439,38002976.7715878,0
1.8270458891538194e-08,0.6061370816677765,"[1, 1, 0, 1, np.float64(0.1251280219242697), 1, np.float64(0.35168355836879056), np.float64(0.39816357550349807), np.float64(0.6681916984611885), np.float64(0.2003526241235537), 0, 1, np.float64(0.10658530347249785), np.float64(0.6517066436077207), np.float64(0.2911638525623462), 0, np.float64(0.2908107366565816), np.float64(0.8128626572146351), np.float64(0.8197911926568702), np.float64(0.6887149992137596), np.float64(0.11273564740946956), np.float64(0.943791337207788), np.float64(0.7430089458018836), np.float64(0.8481022410520437), 1]",0.6903907202113354,1.1390009637947516,37787267.649368346,0
1.8281247953510974e-08,0.6052857158704981,"[1, 1, 0, 1, np.float64(0.11050566756899802), 1, np.float64(0.35057572761800787), np.float64(0.3987271259408639), np.float64(0.6683074903707605), np.float64(0.19941528930255323), 0, 1, np.float64(0.08841198157991412), np.float64(0.6512737620939356), np.float64(0.290282189530236), 0, np.float64(0.2913693258874045), np.float64(0.812722812146587), np.float64(0.8399678999223027), np.float64(0.6886636018770115), np.float64(0.11217375181701641), np.float64(0.9414953056969352), np.float64(0.7473320374473497), np.float64(0.8549398493987536), 1]",0.6919904449532659,1.1432459527944956,37852473.02115209,0
1.8434844358255426e-08,0.5900077175358823,"[1, 1, 0, 1, 0, 1, np.float64(0.23185797714635284), np.float64(0.45911851709345386), np.float64(0.6807160239102846), np.float64(0.09896828391901105), 0, 1, 0, np.float64(0.6048851603142635), np.float64(0.19580110406461415), 0, np.float64(0.35122906247093355), np.float64(0.7977366855369924), 1, np.float64(0.683155742310327), np.float64(0.05195969773985253), 1, np.float64(0.9293084567244497), np.float64(0.9782782335056353), 1]",0.707078742683589,1.1984228708679336,38355558.03686227,0
1.8346143837247384e-08,0.6007475407233338,"[1, 1, 0, 1, np.float64(0.06868414758184459), 1, np.float64(0.3038614026703203), np.float64(0.42249057377521754), np.float64(0.67319013231425), np.float64(0.15989033173835776), 0, 1, np.float64(0.055310359227581984), np.float64(0.633020280969208), np.float64(0.2531047656798313), 0, np.float64(0.3149235726191399), np.float64(0.8068259114273055), np.float64(0.9005553314087446), np.float64(0.686496310629139), np.float64(0.08848008446396241), np.float64(0.9456706430205606), np.float64(0.8195000303365887), np.float64(0.9046898003603719), 1]",0.6972321661133623,1.160607607771237,38004289.74604472,0
1.8299641105958488e-08,0.6044392367664644,"[1, 1, 0, 1, np.float64(0.09997205581671133), 1, np.float64(0.33906704980779984), np.float64(0.40458155849643485), np.float64(0.6695103923297026), np.float64(0.18967780508164536), 0, 1, np.float64(0.0831779532798077), np.float64(0.646776781062647), np.float64(0.28112305058544795), 0, np.float64(0.2971722190470777), np.float64(0.8112700344272687), np.float64(0.8549842794261345), np.float64(0.6881296616623005), np.float64(0.10633651058504094), np.float64(0.933735214153506), np.float64(0.7644768159527672), np.float64(0.8658213033167697), 1]",0.6931553990879927,1.1467743272196034,37878087.065996975,0
1.8273902350172864e-08,0.6059652940011915,"[1, 1, 0, 1, np.float64(0.12234257877531467), 1, np.float64(0.349979936338566), np.float64(0.3990302033160595), np.float64(0.6683697632494509), np.float64(0.19891119071901536), 0, 1, np.float64(0.1042184351963268), np.float64(0.6510409584542438), np.float64(0.28980803122982196), 0, np.float64(0.2916697351261617), np.float64(0.8126476034814031), np.float64(0.8237018014299228), np.float64(0.6886359603938703), np.float64(0.11187156441726798), np.float64(0.9425030422891401), np.float64(0.7457876975065277), np.float64(0.8502347272288044), 1]",0.6906866187343607,1.139812173356916,37796339.58303531,0
1.8254021701654783e-08,0.6069577236349658,"[1, 1, 0, 1, np.float64(0.13983676352105848), 1, np.float64(0.360679662356973), np.float64(0.39358728229846957), np.float64(0.6672514139829289), np.float64(0.20796422139642842), 0, 1, np.float64(0.11908372903932275), np.float64(0.655221844020619), np.float64(0.2983233688637272), 0, np.float64(0.28627473076975163), np.float64(0.8139982645928441), np.float64(0.7991409295378601), np.float64(0.689132369634083), np.float64(0.11729850249959817), np.float64(0.9505942752128078), np.float64(0.7283355388789738), np.float64(0.8368414877516344), 1]",0.6888767696054756,1.1349666422892037,37738356.0107758,0
1.827259262606701e-08,0.6060307853356139,"[1, 1, 0, 1, np.float64(0.12339453868828004), 1, np.float64(0.3506233320163106), np.float64(0.3987029097151768), np.float64(0.6683025146971935), np.float64(0.1994555673505587), 0, 1, np.float64(0.10511231470226304), np.float64(0.6512923633685306), np.float64(0.2903200753156953), 0, np.float64(0.29134532284884207), np.float64(0.8127288214041521), np.float64(0.8222249076487356), np.float64(0.6886658104628344), np.float64(0.11219789693265686), np.float64(0.9429895841203755), np.float64(0.7447382647071304), np.float64(0.8494293652619853), 1]",0.6905745388170297,1.1395040574293536,37792914.93818351,0
1.8269702762269945e-08,0.6061746548577936,"[1, 1, 0, 1, np.float64(0.12574878460096958), 1, np.float64(0.35206322685061325), np.float64(0.3979704391974026), np.float64(0.6681520150181324), np.float64(0.20067386135965437), 0, 1, np.float64(0.10711278273089275), np.float64(0.651854997918189), np.float64(0.29146601032845265), 0, np.float64(0.29061930062262137), np.float64(0.8129105839982514), np.float64(0.8189196760472431), np.float64(0.6887326137715781), np.float64(0.11292821657798091), np.float64(0.9440784460659885), np.float64(0.7423896743776197), np.float64(0.8476269960887393), 1]",0.6903251613557134,1.138822212086154,37785243.16122716,0
1.8346222764152916e-08,0.6007363092586447,"[1, 1, 0, 1, np.float64(0.06858978357693657), 1, np.float64(0.303767776236972), np.float64(0.42253820128278147), np.float64(0.6731999182707203), np.float64(0.1598111144787886), 0, 1, np.float64(0.05521060307003042), np.float64(0.6329836967236727), np.float64(0.2530302534268962), 0, np.float64(0.3149707808387635), np.float64(0.8068140926590203), np.float64(0.9006908289504895), np.float64(0.686491966870564), np.float64(0.08843259681280417), np.float64(0.9456830439394485), np.float64(0.8196454048446113), np.float64(0.9047910987945171), 1]",0.6972446826093384,1.160650141939635,38004808.48688374,0
1.8300947993524807e-08,0.6043288243931924,"[1, 1, 0, 1, np.float64(0.09783325455926035), 1, np.float64(0.34163402127353526), np.float64(0.40327574721506476), np.float64(0.6692420891366162), np.float64(0.1918497178378569), 0, 1, np.float64(0.07851767217022111), np.float64(0.6477798173957202), np.float64(0.2831659653937088), 0, np.float64(0.295877903452772), np.float64(0.8115940715593395), np.float64(0.8578128183674308), np.float64(0.6882487552122438), np.float64(0.1076384874001191), np.float64(0.9349551747194046), np.float64(0.7615342444453389), np.float64(0.8653039281453085), 1]",0.6933996067529807,1.1473879430610057,37888726.14677215,0
1.9429776590391544e-08,0.5788828289532387,"[1, 1, 0, 1, np.float64(0.017064207404812626), 1, 0, np.float64(0.9564090647219234), np.float64(0.18826742225352955), 0, 0, 1, 0, np.float64(0.8573754597385049), 0, 0, np.float64(0.45118526824968086), np.float64(0.5399675064061313), 1, np.float64(0.3721605905410089), 0, 1, 1, 1, 1]",0.7155785397169827,1.236137097054551,36828963.85287581,0
1.8436888785302307e-08,0.5899656721749216,"[1, 1, 0, 1, 0, 1, np.float64(0.23027183533343426), np.float64(0.4599253830445596), np.float64(0.6808818095135819), np.float64(0.09762625044391304), 0, 1, 0, np.float64(0.6042653802002264), np.float64(0.1945387789313331), 0, np.float64(0.3520288251915732), np.float64(0.7975364617125454), 1, np.float64(0.6830821539351793), np.float64(0.051155201120621746), 1, np.float64(0.9315609335773009), np.float64(0.9795386747197408), 1]",0.7071185569794838,1.198575765218128,38353464.36233814,0
1.8270906771354354e-08,0.6061148045218728,"[1, 1, 0, 1, np.float64(0.12476197952926402), 1, np.float64(0.35145968092639446), np.float64(0.39827746133893777), np.float64(0.6682150984223711), np.float64(0.20016320157661127), 0, 1, np.float64(0.10627426710013547), np.float64(0.6516191641745146), np.float64(0.2909856805224885), 0, np.float64(0.2909236199000358), np.float64(0.8128343964391113), np.float64(0.8203050960196997), np.float64(0.688704612514989), np.float64(0.1126220959955526), np.float64(0.9436220389912107), np.float64(0.7433741088566297), np.float64(0.8483824766575525), 1]",0.690429444210361,1.1391067155256154,37788460.7945587,0
1.8282648878111568e-08,0.605245616094183,"[1, 1, 0, 1, np.float64(0.10960177995179203), 1, np.float64(0.3518584727888456), np.float64(0.39807459702203424), np.float64(0.6681734161787231), np.float64(0.200500619091645), 0, 1, np.float64(0.08629729087049841), np.float64(0.6517749908880998), np.float64(0.29130305756079616), 0, np.float64(0.2907225414956427), np.float64(0.812884737229076), np.float64(0.8411543827477206), np.float64(0.6887231142939226), np.float64(0.11282436460892982), np.float64(0.9421237041235757), np.float64(0.7458292145536756), np.float64(0.8546111504162202), 1]",0.6920969439315597,1.1434976570303017,37855397.68037415,0
1.826303443193125e-08,0.6065051652862893,"[1, 1, 0, 1, np.float64(0.1314067745997132), 1, np.float64(0.355523744941699), np.float64(0.39621008322031326), np.float64(0.6677903171707021), np.float64(0.20360180328867644), 0, 1, np.float64(0.11192053371297375), np.float64(0.6532071848914172), np.float64(0.29422005093501946), 0, np.float64(0.28887444190897527), np.float64(0.8133474164183552), np.float64(0.8109761697023977), np.float64(0.6888931630373615), np.float64(0.11468340333517435), np.float64(0.946695322223693), np.float64(0.7367452765159126), np.float64(0.8432953386772076), 1]",0.6897342490649838,1.137227328870988,37766683.93391661,0
1.8323145276564636e-08,0.602860345723619,"[1, 1, 0, 1, np.float64(0.08575824646568568), 1, np.float64(0.33466928281180786), np.float64(0.40681869039792173), np.float64(0.6699700526505221), np.float64(0.18595685751174135), 0, 1, np.float64(0.06515102119217789), np.float64(0.6450583669157619), np.float64(0.27762310388198147), 0, np.float64(0.29938965639650483), np.float64(0.8107148900386697), np.float64(0.8762645321981296), np.float64(0.687925629131995), np.float64(0.10496878394828056), np.float64(0.9505819881961984), np.float64(0.7871669043825091), np.float64(0.8863170752945495), 1]",0.6951390920236487,1.1530681972277785,37937760.222462125,0
1.828050605409865e-08,0.6053294709846248,"[1, 1, 0, 1, np.float64(0.11152110480212996), 1, np.float64(0.3491346776663389), np.float64(0.399460184063646), np.float64(0.6684581107841897), np.float64(0.19819601794946434), 0, 1, np.float64(0.09078764824690157), np.float64(0.6507106761856616), np.float64(0.28913533522156737), 0, np.float64(0.29209593054566246), np.float64(0.8125409037382768), np.float64(0.8386349921421019), np.float64(0.6885967449770884), np.float64(0.1114428462921648), np.float64(0.940789356032944), np.float64(0.749020325119391), np.float64(0.8553091134300375), 1]",0.6918721823745267,1.1429679464459779,37847539.90546137,0
1.8273037378628604e-08,0.6060085694391705,"[1, 1, 0, 1, np.float64(0.12303635144795566), 1, np.float64(0.3504042589134218), np.float64(0.39881435159640355), np.float64(0.668325412502568), np.float64(0.19927020975190274), 0, 1, np.float64(0.10480795307263471), np.float64(0.6512067612164499), np.float64(0.2901457267917802), 0, np.float64(0.29145578365339203), np.float64(0.8127011670959834), np.float64(0.8227277828070146), np.float64(0.6886556466593529), np.float64(0.11208678229637213), np.float64(0.9428239189902838), np.float64(0.7450955914775608), np.float64(0.8497035870995304), 1]",0.6906126567877287,1.139608730990149,37794081.10856496,0
1.8253418004352216e-08,0.6069887354884018,"[1, 1, 0, 1, np.float64(0.1404489380832293), 1, np.float64(0.36105407820920415), np.float64(0.3933968179905124), np.float64(0.6672122795515428), np.float64(0.20828101438631685), 0, 1, np.float64(0.11960391073867808), np.float64(0.6553681458819678), np.float64(0.2986213463438747), 0, np.float64(0.28608594321104025), np.float64(0.8140455283199943), np.float64(0.7982814701680421), np.float64(0.6891497404983845), np.float64(0.11748840751619444), np.float64(0.9508774119833666), np.float64(0.727724834938091), np.float64(0.8363728176974335), 1]",0.6888156040402728,1.1348078864857856,37736253.22534313,0
1.8272876302820398e-08,0.606016617951436,"[1, 1, 0, 1, np.float64(0.12316595706733205), 1, np.float64(0.3504835278040805), np.float64(0.39877402773107606), np.float64(0.6683171272151154), np.float64(0.19933727910467525), 0, 1, np.float64(0.1049180825610181), np.float64(0.6512377352956225), np.float64(0.2902088126471248), 0, np.float64(0.2914158147785165), np.float64(0.8127111734650975), np.float64(0.8225458236554303), np.float64(0.6886593243058381), np.float64(0.11212698775216788), np.float64(0.9428838628670538), np.float64(0.7449662972085649), np.float64(0.849604363321851), 1]",0.690598858931237,1.1395708277204026,37793659.16380903,0
1.8300625155000712e-08,0.6044319190033777,"[1, 1, 0, 1, np.float64(0.1001055053009415), 1, np.float64(0.3379747210843477), np.float64(0.40513722309539435), np.float64(0.6696245639472348), np.float64(0.18875358651509333), 0, 1, np.float64(0.08415259141064968), np.float64(0.6463499569191351), np.float64(0.2802537247848241), 0, np.float64(0.29772299186233653), np.float64(0.8111321462303991), np.float64(0.8548497031785665), np.float64(0.6880789835355205), np.float64(0.10578247767452272), np.float64(0.9331276724606788), np.float64(0.7658815166325535), np.float64(0.8663719278495317), 1]",0.693140898891586,1.146764221245094,37875257.97730373,0
1.8267391693722468e-08,0.6062892833010538,"[1, 1, 0, 1, np.float64(0.12766975180548076), 1, np.float64(0.3532381214271448), np.float64(0.39737277357745543), np.float64(0.6680292135103514), np.float64(0.20166793883656994), 0, 1, np.float64(0.10874508182758343), np.float64(0.6523140844189632), np.float64(0.2924010458598484), 0, np.float64(0.2900268965416378), np.float64(0.8130588947504926), np.float64(0.8162227438892395), np.float64(0.6887871225060133), np.float64(0.11352412717504977), np.float64(0.9449669123372851), np.float64(0.7404733218948546), np.float64(0.8461563374572151), 1]",0.690123189566176,1.1382737722307625,37778967.08720242,0
1.8494865897060795e-08,0.5891343948596458,"[1, 1, 0, 1, 0, 1, np.float64(0.20091221982975296), np.float64(0.4748605382081996), np.float64(0.6839505146755108), np.float64(0.07278510036449734), 0, 1, 0, np.float64(0.5927931992787243), np.float64(0.17117303681930235), 0, np.float64(0.3668324989746581), np.float64(0.7938303022427176), 1, np.float64(0.6817200270545429), np.float64(0.036263902484993546), 1, np.float64(0.9732544655124854), 1, 1]",0.7079581618850962,1.201692123329107,38278631.80114244,0
1.8265255846358087e-08,0.6063950778124335,"[1, 1, 0, 1, np.float64(0.12948079015585434), 1, np.float64(0.35434578174052633), np.float64(0.39680930984112395), np.float64(0.6679134394151179), np.float64(0.20260512945060485), 0, 1, np.float64(0.11028397132889545), np.float64(0.6527468993348495), np.float64(0.2932825732499792), 0, np.float64(0.2894683932485782), np.float64(0.813198718303675), np.float64(0.8136801457881214), np.float64(0.6888385119353906), np.float64(0.11408593632106294), np.float64(0.9458045354297321), np.float64(0.7386666341851577), np.float64(0.8447698384187392), 1]",0.6899340390315162,1.1377632574466945,37773029.01393972,0
1.8638551555217055e-08,0.5859679456046198,"[1, 1, 0, 1, 0, 1, np.float64(0.11326324185268237), np.float64(0.5194473307654073), np.float64(0.6931116997435615), 0, 0, 1, 0, np.float64(0.5585446263431687), np.float64(0.10141791977635245), 0, np.float64(0.41102677247359604), np.float64(0.7827660875322175), 1, np.float64(0.6776535899805318), 0, 1, 1, 1, 1]",0.7107405505549291,1.2129341816156258,38132821.02149124,0
1.8398271795032136e-08,0.5916474933514903,"[1, 1, 0, 1, np.float64(0.003372882718292215), 1, np.float64(0.2697175086859151), np.float64(0.4398594781630841), np.float64(0.6767588964796103), np.float64(0.13100120699297688), 0, 1, 0, np.float64(0.6196786577076715), np.float64(0.22593147311950817), 0, np.float64(0.3321395701571864), np.float64(0.8025158169708152), np.float64(0.9927719899639524), np.float64(0.6849122191821673), np.float64(0.07116218321824432), 1, np.float64(0.8794015542244251), np.float64(0.9565493201452328), 1]",0.7057206568625007,1.1928059609698052,38357986.26765901,0
1.829314655845713e-08,0.6049596719427832,"[1, 1, 0, 1, np.float64(0.10746569444206389), 1, np.float64(0.34088099353632756), np.float64(0.40365881034122564), np.float64(0.6693207965741831), np.float64(0.19121258159771798), 0, 1, np.float64(0.09157713408420497), np.float64(0.6474855740859237), np.float64(0.28256667103617217), 0, np.float64(0.2962575942893172), np.float64(0.8114990144262192), np.float64(0.8445881276904764), np.float64(0.6882138188104852), np.float64(0.10725654912459007), np.float64(0.9356223366107528), np.float64(0.760628843238159), np.float64(0.861624207644453), 1]",0.6923122226381112,1.144394006322441,37845442.30407684,0
1.8303006476002702e-08,0.6042453890040508,"[1, 1, 0, 1, np.float64(0.09748591356925265), 1, np.float64(0.3375820376317723), np.float64(0.40533698008109714), np.float64(0.6696656077319456), np.float64(0.18842133732136987), 0, 1, np.float64(0.08103932687895823), np.float64(0.6461965170482261), np.float64(0.27994120910206965), 0, np.float64(0.29792099029086544), np.float64(0.811082576524821), np.float64(0.8584730878109774), np.float64(0.6880607651536665), np.float64(0.10558330726778367), np.float64(0.9326056172406717), np.float64(0.766910413178329), np.float64(0.8677048804680537), 1]",0.6934384974674793,1.1476107390913506,37886589.74560574,0
1.8281725240573606e-08,0.6052699247301592,"[1, 1, 0, 1, np.float64(0.11014682814657048), 1, np.float64(0.3510849718287516), np.float64(0.3984680748200245), np.float64(0.6682542635041486), np.float64(0.1998461604719857), 0, 1, np.float64(0.08757245863664688), np.float64(0.6514727477284085), np.float64(0.2906874696640576), 0, np.float64(0.2911125553186336), np.float64(0.8127870956946419), np.float64(0.8404389284038181), np.float64(0.6886872280456913), np.float64(0.11243204224386819), np.float64(0.9417447771181359), np.float64(0.7467354233452074), np.float64(0.854809357343326), 1]",0.6920325882999315,1.1433454067760807,37853790.01124395,0
1.8281585112951812e-08,0.605274228899862,"[1, 1, 0, 1, np.float64(0.11024425482837578), 1, np.float64(0.3509467095014251), np.float64(0.39853840848333993), np.float64(0.668268714862257), np.float64(0.19972917681383745), 0, 1, np.float64(0.08780039327690639), np.float64(0.651418722142361), np.float64(0.2905774340989217), 0, np.float64(0.29118226980075873), np.float64(0.8127696423927184), np.float64(0.8403110418363964), np.float64(0.6886808134237897), np.float64(0.11236191511274082), np.float64(0.9416770443907548), np.float64(0.7468974070311044), np.float64(0.8548447865831689), 1]",0.6920211282963736,1.1433183427521465,37853453.29853825,0
1.8345728777449207e-08,0.6008060067170596,"[1, 1, 0, 1, np.float64(0.06917614739310736), 1, np.float64(0.30434955689376036), np.float64(0.4222422510725599), np.float64(0.6731391098005151), np.float64(0.160303358684329), 0, 1, np.float64(0.05583047291643502), np.float64(0.6332110257549562), np.float64(0.25349326142475576), 0, np.float64(0.3146774360211066), np.float64(0.8068875327178743), np.float64(0.8998488674871459), np.float64(0.6865189583368231), np.float64(0.08872767797623363), np.float64(0.9456059864837992), np.float64(0.8187420693897287), np.float64(0.9041616454719773), 1]",0.6971669396810138,1.1603861011485093,38001594.166048065,0
1.8349510850541415e-08,0.6002312663245087,"[1, 1, 0, 1, np.float64(0.06439506367135468), 1, np.float64(0.29960584326223705), np.float64(0.42465536507024804), np.float64(0.6736349289131986), np.float64(0.15628970590881275), 0, 1, np.float64(0.050776188271785275), np.float64(0.6313574340070055), np.float64(0.24971799436263772), 0, np.float64(0.31706930621139023), np.float64(0.8062887183636666), np.float64(0.9067140391360777), np.float64(0.6862988757594225), np.float64(0.08632164999810645), np.float64(0.9462342963090034), np.float64(0.8261076712899723), np.float64(0.9092940717080494), 1]",0.6978030717535825,1.1625570191079027,38028429.06479947,0
1.8280855118526075e-08,0.6053025946792726,"[1, 1, 0, 1, np.float64(0.11089358863248817), 1, np.float64(0.3500252124196733), np.float64(0.39900717149888687), np.float64(0.6683650309346224), np.float64(0.1989494987794753), 0, 1, np.float64(0.08931954249051172), np.float64(0.6510586499459398), np.float64(0.2898440640325971), 0, np.float64(0.29164690606919375), np.float64(0.8126533188279386), np.float64(0.8394586975937304), np.float64(0.6886380609584066), np.float64(0.11189452860236555), np.float64(0.941225616211962), np.float64(0.747977003308209), np.float64(0.8550809170010144), 1]",0.6919450909954606,1.1431391457393252,37850805.4743147,0
1.8429211360281117e-08,0.5901355997491298,"[1, 1, 0, 1, 0, 1, np.float64(0.23674504201167976), np.float64(0.4566324807198073), np.float64(0.6802052215403752), np.float64(0.10310322607287552), 0, 1, 0, np.float64(0.6067947661230698), np.float64(0.1996904566793879), 0, np.float64(0.34876491187556885), np.float64(0.7983535955822899), 1, np.float64(0.6833824756072818), np.float64(0.05443843396009165), 1, np.float64(0.9223683455705323), np.float64(0.9743946854381832), 1]",0.7069594885534707,1.1979610937791305,38360810.71147294,0
1.8363092438733857e-08,0.5946742646044525,"[1, 1, 0, 1, np.float64(0.027893248403117618), 1, np.float64(0.25088230299774894), np.float64(0.44944089517641544), np.float64(0.678727576652347), np.float64(0.11858217753531307), 0, 1, 0, np.float64(0.6123188580767379), np.float64(0.21094154388553837), 0, np.float64(0.34163663733131056), np.float64(0.8001381878796372), np.float64(0.9570550739714277), np.float64(0.6840383678210366), np.float64(0.0662558890260675), 1, np.float64(0.861909837801053), np.float64(0.9318396444329999), 1]",0.7025259011029735,1.1813625423495644,38257494.12561433,0
1.8295971627638098e-08,0.6048015378379068,"[1, 1, 0, 1, np.float64(0.10530825999718244), 1, np.float64(0.33956147177533086), np.float64(0.4043300474097021), np.float64(0.669458714703211), np.float64(0.1900961351614946), 0, 1, np.float64(0.0897439022168002), np.float64(0.6469699749504337), np.float64(0.28151653449147535), 0, np.float64(0.2969229221338534), np.float64(0.8113324469154986), np.float64(0.8476170468305436), np.float64(0.6881526001593072), np.float64(0.10658728311881596), np.float64(0.9346245019094057), np.float64(0.7627810948982302), np.float64(0.8632759014270754), 1]",0.6925539586630655,1.1450929194705144,37852811.1410539,0
1.8327556260386105e-08,0.6023192098214212,"[1, 1, 0, 1, np.float64(0.08147383189141955), 1, np.float64(0.3250280591977507), np.float64(0.4117231541714763), np.float64(0.6709777658703379), np.float64(0.17779942497601994), 0, 1, np.float64(0.06417216826186314), np.float64(0.6412910879610613), np.float64(0.2699501714969428), 0, np.float64(0.3042509438079283), np.float64(0.809497847118149), np.float64(0.882505306801296), np.float64(0.6874783286608669), np.float64(0.10026644912248675), np.float64(0.9482231440058169), np.float64(0.7980170030260808), np.float64(0.8923885745377745), 1]",0.6956530089277512,1.1549573674298086,37956670.22075184,0
1.8419838380883178e-08,0.5904194069285653,"[1, 1, 0, 1, 0, 1, np.float64(0.24793447152687398), np.float64(0.45094044888849516), np.float64(0.6790356878280549), np.float64(0.11257059453535186), 0, 1, 0, np.float64(0.6111670018490658), np.float64(0.20859552304171786), 0, np.float64(0.34312298974818306), np.float64(0.7997660735540981), 1, np.float64(0.6839016044330569), np.float64(0.06011375135149881), 1, np.float64(0.9064782588366053), np.float64(0.9655029091742892), 1]",0.7067054821746268,1.196955035490781,38366540.87628006,0
1.863927515279116e-08,0.5857298746593003,"[1, 1, 0, 1, 0, 1, np.float64(0.10711808751946454), np.float64(0.522573353770021), np.float64(0.6937539992593992), 0, 0, 1, 0, np.float64(0.5561434258815214), np.float64(0.09652732128160746), 0, np.float64(0.4141252755886746), np.float64(0.7819903647737655), 1, np.float64(0.6773684881575232), 0, 1, 1, 1, 1]",0.7110158964297522,1.2138972710642881,38146113.01144295,0
1.827019499902395e-08,0.6061501996103871,"[1, 1, 0, 1, np.float64(0.12534426280361824), 1, np.float64(0.3518158147840872), np.float64(0.39809629703101285), np.float64(0.6681778748488096), np.float64(0.20046452618374713), 0, 1, np.float64(0.10676904934343168), np.float64(0.6517583224018153), np.float64(0.29126910834446285), 0, np.float64(0.290744050468967), np.float64(0.8128793523708077), np.float64(0.8194876023717156), np.float64(0.6887211351939256), np.float64(0.11280272832122104), np.float64(0.9438913507464499), np.float64(0.7427932243959992), np.float64(0.8479366908464204), 1]",0.6903678669177522,1.1389386118514808,37786562.59304478,0
1.838626739970818e-08,0.5927199469913871,"[1, 1, 0, 1, np.float64(0.006701934686344112), 1, np.float64(0.287000980460578), np.float64(0.43106742389763864), np.float64(0.6749524055518149), np.float64(0.1456247403357045), 0, 1, 0, np.float64(0.6264321220071527), np.float64(0.23968646062050936), 0, np.float64(0.32342491658962913), np.float64(0.8046975656582643), np.float64(0.9857065221663349), np.float64(0.6857140785080171), np.float64(0.0799284199431321), 1, np.float64(0.8509999867311914), np.float64(0.9344583723300995), 1]",0.7048140427439546,1.1891181430986941,38333720.89188375,0
1.8254763270591687e-08,0.6069198065837373,"[1, 1, 0, 1, np.float64(0.13909493920097643), 1, np.float64(0.36022595061824225), np.float64(0.3938180842044639), np.float64(0.6672988365234078), np.float64(0.20758033621260538), 0, 1, np.float64(0.11845338034584715), np.float64(0.6550445575315545), np.float64(0.2979622840436942), 0, np.float64(0.2865035008151524), np.float64(0.8139409910888074), np.float64(0.8001824100273345), np.float64(0.6891113198708356), np.float64(0.11706837833482213), np.float64(0.9502511741509715), np.float64(0.7290755811213538), np.float64(0.8374094153751988), 1]",0.6889510959591146,1.1351600137044784,37740894.56799534,0
1.828690288901605e-08,0.6051675138911555,"[1, 1, 0, 1, np.float64(0.10790529895401538), 1, np.float64(0.35426602076924907), np.float64(0.39684988402650045), np.float64(0.6679217761354762), np.float64(0.2025376437487662), 0, 1, np.float64(0.08232828793649637), np.float64(0.6527157329766643), np.float64(0.29321909577408256), 0, np.float64(0.28950861023981445), np.float64(0.8131886498176286), np.float64(0.8433812586659147), np.float64(0.6888348114590342), np.float64(0.11404548128027371), np.float64(0.9433031272836405), np.float64(0.7430086089456216), np.float64(0.8539942246311538), 1]",0.6922998259925367,1.143980484909262,37857685.91839374,0
1.8297867096811346e-08,0.604693306370343,"[1, 1, 0, 1, np.float64(0.10385555313527503), 1, np.float64(0.33867297278933206), np.float64(0.40478202438525085), np.float64(0.6695515817717311), np.float64(0.18934437679279806), 0, 1, np.float64(0.08850949691676221), np.float64(0.6466227966600822), np.float64(0.28080942583839896), 0, np.float64(0.29737092013790356), np.float64(0.811220288807349), np.float64(0.8496565672569361), np.float64(0.6881113786265493), np.float64(0.10613663335685632), np.float64(0.9339526106632381), np.float64(0.7642303119358811), np.float64(0.8643880681941714), 1]",0.6927175464805551,1.145568404979667,37857830.24958524,0
1.830551591606596e-08,0.6042149960257791,"[1, 1, 0, 1, np.float64(0.09758999795648923), 1, np.float64(0.33513419180407894), np.float64(0.40658219248003624), np.float64(0.6699214597585536), np.float64(0.18635021668392907), 0, 1, np.float64(0.08297028286381723), np.float64(0.6452400286977665), np.float64(0.2779930999950985), 0, np.float64(0.29915524048395514), np.float64(0.8107735770083304), np.float64(0.8584398736782346), np.float64(0.6879471983870603), np.float64(0.10434175138877064), np.float64(0.9312219580381924), np.float64(0.7700965589311614), np.float64(0.8690217543001167), 1]",0.6934298394222876,1.1476541363311383,37880923.02898135,0
1.8256739630204466e-08,0.6068195672806281,"[1, 1, 0, 1, np.float64(0.13716762907403654), 1, np.float64(0.35904717660788005), np.float64(0.39441772328166563), np.float64(0.6674220435146537), np.float64(0.2065829763494474), 0, 1, np.float64(0.11681569149209743), np.float64(0.6545839551537495), np.float64(0.29702416107913987), 0, np.float64(0.2870978609800937), np.float64(0.8137921906230539), np.float64(0.802888247299092), np.float64(0.689056631151717), np.float64(0.11647050007548253), np.float64(0.9493597742155153), np.float64(0.7309982612890038), np.float64(0.8388849300363299), 1]",0.6891452509832207,1.13566748361712,37747443.68063831,0
1.843456525367653e-08,0.5900136137229832,"[1, 1, 0, 1, 0, 1, np.float64(0.2320812203229642), np.float64(0.4590049539072638), np.float64(0.6806926902433861), np.float64(0.09915716981411796), 0, 1, 0, np.float64(0.6049723919100335), np.float64(0.19597877132637775), 0, np.float64(0.35111649903629183), np.float64(0.7977648662470895), 1, np.float64(0.6831660995826061), np.float64(0.05207292745196742), 1, np.float64(0.9289914295306777), np.float64(0.9781008313980324), 1]",0.7070731828622288,1.1984014714518199,38355837.15331786,0
1.8301742698220046e-08,0.6042795669455291,"[1, 1, 0, 1, np.float64(0.09736226544869556), 1, np.float64(0.3404899813113549), np.float64(0.40385771717807145), np.float64(0.6693616656800132), np.float64(0.19088174642849673), 0, 1, np.float64(0.07874542781546438), np.float64(0.6473327872421435), np.float64(0.2822554853937642), 0, np.float64(0.29645475005325994), np.float64(0.8114496556851205), np.float64(0.8585125448822887), np.float64(0.6881956779645253), np.float64(0.10705822637027745), np.float64(0.9342493494508567), np.float64(0.7631253984934342), np.float64(0.8661404866269742), 1]",0.6934524046909918,1.1475688449904196,37889965.78770798,0
1.8263899924703375e-08,0.6064622535456756,"[1, 1, 0, 1, np.float64(0.13065082561017546), 1, np.float64(0.35506139432693756), np.float64(0.3964452796986391), np.float64(0.6678386426577291), np.float64(0.20321060875790475), 0, 1, np.float64(0.1112781828962243), np.float64(0.6530265227876834), np.float64(0.2938520908972424), 0, np.float64(0.28910756783916597), np.float64(0.8132890524009836), np.float64(0.8120374804498727), np.float64(0.6888717124771331), np.float64(0.11444889750256507), np.float64(0.9463456883629755), np.float64(0.7374994094961854), np.float64(0.8438740798987364), 1]",0.6898124974366515,1.1374368205171377,37769178.55882605,0
1.8348248088346234e-08,0.6004344953529068,"[1, 1, 0, 1, np.float64(0.06607179761632696), 1, np.float64(0.30126947145494454), np.float64(0.4238090820121618), np.float64(0.6734610443328011), np.float64(0.15769730055548695), 0, 1, np.float64(0.05254873423091137), np.float64(0.6320074916894863), np.float64(0.25104198674653777), 0, np.float64(0.3162304733915906), np.float64(0.8064987235451003), np.float64(0.9043064121184932), np.float64(0.6863760590822214), np.float64(0.08716544797744823), np.float64(0.9460139470172547), np.float64(0.8235245425580698), np.float64(0.9074941213639601), 1]",0.6975794057765086,1.1617910216276042,38018856.210014485,0
1.8280289644836728e-08,0.6056420584275836,"[1, 1, 0, 1, np.float64(0.11731562190552458), 1, np.float64(0.34690536830382585), np.float64(0.40059422756747565), np.float64(0.6686911210954938), np.float64(0.19630980086189076), 0, 1, np.float64(0.09994689056069139), np.float64(0.6498395802977218), np.float64(0.287361147557363), 0, np.float64(0.29321999051709097), np.float64(0.8122594907884371), np.float64(0.8307593720158214), np.float64(0.6884933171168853), np.float64(0.1103121328649327), np.float64(0.9401780251750617), np.float64(0.7508025781643299), np.float64(0.8540832767998202), 1]",0.6912276214141303,1.1413137707258159,37812728.071809724,0
1.8531754312514686e-08,0.5885584638218321,"[1, 1, 0, 1, 0, 1, np.float64(0.1766520658235616), np.float64(0.4872016114191495), np.float64(0.6864862174955514), np.float64(0.058467598315812865), 0, 1, 0, np.float64(0.5833136175073748), np.float64(0.15186568240126708), 0, np.float64(0.37906492776072404), np.float64(0.7907678643338065), 1, np.float64(0.6805944875223215), np.float64(0.032161981794771206), 1, np.float64(0.9405776209999873), np.float64(0.9758605701267493), 1]",0.7080187828766504,1.2029710324427196,38205707.40021726,0
1.828101097307128e-08,0.6052952304132267,"[1, 1, 0, 1, np.float64(0.1107237704643956), 1, np.float64(0.3502662085688568), np.float64(0.3988845774246748), np.float64(0.6683398417039627), np.float64(0.19915340545222027), 0, 1, np.float64(0.0889222443137036), np.float64(0.6511528184620251), np.float64(0.2900358599323461), 0, np.float64(0.2915253912497969), np.float64(0.8126837405533314), np.float64(0.8396816084247346), np.float64(0.6886492418723015), np.float64(0.11201676268363536), np.float64(0.9413436767624254), np.float64(0.7476946599881842), np.float64(0.855019162577118), 1]",0.6919649189972117,1.1431858112029343,37851567.40053961,0
1.8523975851241073e-08,0.5888070573056986,"[1, 1, 0, 1, 0, 1, np.float64(0.19033009839641937), np.float64(0.48024363409879467), np.float64(0.6850565717579872), np.float64(0.0638315748440054), 0, 1, 0, np.float64(0.5886582673481177), np.float64(0.1627512943622711), 0, np.float64(0.3721682048735456), np.float64(0.7924944867394083), 1, np.float64(0.6812290740290615), np.float64(0.030896613855396406), 1, np.float64(0.9882821152399613), 1, 1]",0.7083111871879683,1.2029597444519506,38237535.660602406,0
1.825694874204982e-08,0.6068090209057553,"[1, 1, 0, 1, np.float64(0.13696760229402485), 1, np.float64(0.3589248369976853), np.float64(0.39447995710283706), np.float64(0.6674348306096778), np.float64(0.2064794648910932), 0, 1, np.float64(0.11664572319094149), np.float64(0.654536151321242), np.float64(0.29692679754992274), 0, np.float64(0.2871595469268952), np.float64(0.8137767472973467), np.float64(0.803169073881768), np.float64(0.6890509552575081), np.float64(0.11640844900161379), np.float64(0.9492672598576548), np.float64(0.7311978075465322), np.float64(0.8390380670133014), 1]",0.6891654876628365,1.13572057092057,37748119.76524504,0
1.8345881359160607e-08,0.6007846291994074,"[1, 1, 0, 1, np.float64(0.06899609973785865), 1, np.float64(0.3041709165339103), np.float64(0.42233312492928715), np.float64(0.6731577815230494), np.float64(0.16015221120119116), 0, 1, np.float64(0.05564013696915), np.float64(0.6331412225748763), np.float64(0.2533510911508115), 0, np.float64(0.31476750987140556), np.float64(0.806864982365971), np.float64(0.9001073984249427), np.float64(0.6865106703932672), np.float64(0.08863707096720895), np.float64(0.9456296475860474), np.float64(0.8190194456978659), np.float64(0.9043549241015352), 1]",0.6971908029585212,1.160467110963845,38002578.85186827,0
1.8414217177123594e-08,0.5907377157328739,"[1, 1, 0, 1, 0, 1, np.float64(0.2610619896005757), np.float64(0.4442625167704931), np.float64(0.6776635825812736), np.float64(0.12367777836744862), 0, 1, 0, np.float64(0.6162965398150146), np.float64(0.21904301006152155), 0, np.float64(0.3365038466902549), np.float64(0.8014232027293111), 1, np.float64(0.6845106500536301), np.float64(0.06677207397004903), 1, np.float64(0.8878358963721865), np.float64(0.9550710141922372), 1]",0.7064401733584779,1.195860962562823,38363844.98799682,0
1.8322258122033148e-08,0.6030497612409765,"[1, 1, 0, 1, np.float64(0.08372845872990686), 1, np.float64(0.3263629166870352), np.float64(0.41104411586045647), np.float64(0.6708382448310624), np.float64(0.17892884696118833), 0, 1, np.float64(0.07140694673280412), np.float64(0.6418126794859768), np.float64(0.2710125129246439), 0, np.float64(0.30357788339895264), np.float64(0.8096663505075807), np.float64(0.8779138993038019), np.float64(0.6875402588066395), np.float64(0.09989293028051136), np.float64(0.9246436310635969), np.float64(0.784309055208539), np.float64(0.8797970168973277), 1]",0.6950467885270225,1.1525529619591115,37934559.370234214,0
1.983353825720262e-08,0.5743773313650263,"[np.float64(0.12125980921757283), np.float64(0.24778839610819015), np.float64(0.5405938133756005), 0, np.float64(0.7204937007291008), np.float64(0.07238182644831864), 0, np.float64(0.35603584299314284), 1, np.float64(0.0016640527866724347), np.float64(0.5436683966253895), 1, np.float64(0.969616150454891), np.float64(0.27226442297176356), np.float64(0.7374454458794105), 1, np.float64(0.9358347175676577), np.float64(0.684466242299163), np.float64(0.924654463766784), np.float64(0.09143695804296098), np.float64(0.49199891994378614), np.float64(0.9465159841468546), np.float64(0.20333047890394296), np.float64(0.467807610257431), np.float64(0.25310615405270076)]",0.7281873260633186,1.2677856285392701,36714948.014829114,0
1.8288859209448015e-08,0.6051389132119582,"[1, 1, 0, 1, np.float64(0.10730290977621068), 1, np.float64(0.3551208967450727), np.float64(0.39641501098318715), np.float64(0.6678324233876689), np.float64(0.20326095371214292), 0, 1, np.float64(0.08091896804593982), np.float64(0.6530497731775268), np.float64(0.29389944567806414), 0, np.float64(0.28907756559382775), np.float64(0.8132965635841741), np.float64(0.8441719813177994), np.float64(0.6888744730665282), np.float64(0.11447907733505916), np.float64(0.9437219187399588), np.float64(0.7420070638087332), np.float64(0.8537751656396769), 1]",0.6923727730590093,1.144155098841737,37857624.968829654,0
1.8568228918351505e-08,0.5883135066516811,"[1, 1, 0, 1, 0, 1, np.float64(0.17466574498424772), np.float64(0.48821204733361867), np.float64(0.6866938303306747), np.float64(0.05057797641183339), 0, 1, 0, np.float64(0.5825374686496385), np.float64(0.15028487626035078), 0, np.float64(0.38006646832007024), np.float64(0.790517124613192), 1, np.float64(0.6805023330113588), np.float64(0.022951599569857768), 1, 1, 1, 1]",0.7087609238455693,1.204733387610631,38170626.124987125,0
1.8320861069238443e-08,0.6031631169830993,"[1, 1, 0, 1, np.float64(0.08501865088362931), 1, np.float64(0.32715201905199603), np.float64(0.4106427016709822), np.float64(0.6707557668265278), np.float64(0.1795965059185598), 0, 1, np.float64(0.0725032587792216), np.float64(0.6421210188474129), np.float64(0.2716405171421159), 0, np.float64(0.30318000305236303), np.float64(0.809765961457942), np.float64(0.8761025405772154), np.float64(0.6875768688754176), np.float64(0.10029316573213842), np.float64(0.925240357654963), np.float64(0.7830219624714929), np.float64(0.8788092685262254), 1]",0.6948941817539949,1.1520833455959905,37929122.388289586,0
1.8360938310393534e-08,0.5950184761585071,"[1, 1, 0, 1, np.float64(0.029807384027930834), 1, np.float64(0.25545633122845485), np.float64(0.4471140996725746), np.float64(0.6782494932782437), np.float64(0.1222864063360613), 0, 1, 0, np.float64(0.6141061457677548), np.float64(0.21458176744495186), 0, np.float64(0.33933032573150435), np.float64(0.8007155822954587), np.float64(0.9542669009813298), np.float64(0.6842505779163989), np.float64(0.06835673768434504), 1, np.float64(0.8570623703147966), np.float64(0.9291270981105016), 1]",0.7022290109018627,1.1801801776568628,38245812.87898307,0
1.8251960330518504e-08,0.6070642260595303,"[1, 1, 0, 1, np.float64(0.1419603965128806), 1, np.float64(0.3619785106031981), np.float64(0.3929265617897504), np.float64(0.6671156566765277), np.float64(0.20906317598630775), 0, 1, np.float64(0.12088823887484378), np.float64(0.6557293650427659), np.float64(0.29935705246766103), 0, np.float64(0.2856198269026204), np.float64(0.8141622224187568), np.float64(0.7961594657762756), np.float64(0.6891926291463313), np.float64(0.11795728282710191), np.float64(0.9515764764088595), np.float64(0.726217007471044), np.float64(0.8352156717656672), 1]",0.6886652521477027,1.1344190986476783,37731029.41694477,0
1.83467121807079e-08,0.6006658246389301,"[1, 1, 0, 1, np.float64(0.0679986870436149), 1, np.float64(0.30318129985507836), np.float64(0.4228365401953702), np.float64(0.6732612175442153), np.float64(0.1593148972235311), 0, 1, np.float64(0.05458573006931708), np.float64(0.6327545328520128), np.float64(0.25256350835346686), 0, np.float64(0.31526649332988754), np.float64(0.8067400598435595), np.float64(0.901539586135786), np.float64(0.6864647575481349), np.float64(0.08813513396134327), np.float64(0.9457607233487925), np.float64(0.8205560313892278), np.float64(0.9054256326224585), 1]",0.6973231317016307,1.1609169409976052,38008070.59233677,0
1.827836505318595e-08,0.6057402434156359,"[1, 1, 0, 1, np.float64(0.11881494585358186), 1, np.float64(0.34782237905283786), np.float64(0.400127746736979), np.float64(0.6685952739404557), np.float64(0.1970856830132694), 0, 1, np.float64(0.10122090769139162), np.float64(0.6501978994731997), np.float64(0.2880909471922624), 0, np.float64(0.2927576163425295), np.float64(0.8123752480288873), np.float64(0.8286544037679071), np.float64(0.6885358614407681), np.float64(0.11077724389180929), np.float64(0.940871477283181), np.float64(0.749306856028324), np.float64(0.8529354208132718), 1]",0.6910653389098779,1.1408608663890523,37807831.110661834,0
1.9570888578673313e-08,0.5785630411461632,"[np.float64(0.21058861262251422), np.float64(0.31247772379018846), np.float64(0.4844069648602479), 0, np.float64(0.6563600182122579), np.float64(0.1574235948522582), 0, np.float64(0.35764198384431345), 1, np.float64(0.023379109889326455), np.float64(0.4966433274027253), 1, np.float64(0.8787007612088779), np.float64(0.31215613005951814), np.float64(0.7058800294556675), 1, np.float64(0.8769747675852233), np.float64(0.7014982178588622), np.float64(0.9201938364907988), np.float64(0.14478164316206965), np.float64(0.4524952059415424), np.float64(0.9739905190509168), np.float64(0.25257617140169325), np.float64(0.4998676364888907), np.float64(0.32069511777285453)]",0.7176809230839887,1.2404541459513656,36670839.96717738,0
1.8300988825678667e-08,0.604320920418516,"[1, 1, 0, 1, np.float64(0.09788062958015364), 1, np.float64(0.3408466906396072), np.float64(0.4036762601298653), np.float64(0.6693243819575211), np.float64(0.19118355794086925), 0, 1, np.float64(0.0791567935419476), np.float64(0.6474721703328241), np.float64(0.28253937120186867), 0, np.float64(0.2962748904590439), np.float64(0.8114946842603317), np.float64(0.857783006694303), np.float64(0.6882122273421739), np.float64(0.10723915057660616), np.float64(0.9345117133677572), np.float64(0.7625563140977646), np.float64(0.8657215774124285), 1]",0.693393510549544,1.1473928621722076,37888308.50367073,0
1.82960132710486e-08,0.604799179366267,"[1, 1, 0, 1, np.float64(0.10527640119361581), 1, np.float64(0.3395419864163735), np.float64(0.4043399595578843), np.float64(0.6694607513382483), np.float64(0.1900796486129514), 0, 1, np.float64(0.08971683090805464), np.float64(0.6469623611053802), np.float64(0.28150102714015124), 0, np.float64(0.29693274702061034), np.float64(0.8113299872154519), np.float64(0.8476617748361299), np.float64(0.6881516961443616), np.float64(0.1065774000772884), np.float64(0.9346097668986536), np.float64(0.7628128771676878), np.float64(0.8633002919655215), 1]",0.6925575392594558,1.1451033051750261,37852920.68821085,0
1.834713177757677e-08,0.6006042052671371,"[1, 1, 0, 1, np.float64(0.0674834753265447), 1, np.float64(0.3026701151556206), np.float64(0.42309657843744874), np.float64(0.6733146472332291), np.float64(0.15888238420795914), 0, 1, np.float64(0.054041078098784986), np.float64(0.6325547889774464), np.float64(0.2521566838888329), 0, np.float64(0.31552424232979276), np.float64(0.8066755313413217), np.float64(0.9022793800986348), np.float64(0.6864410413513061), np.float64(0.08787585931189718), np.float64(0.9458284302961574), np.float64(0.8213497519394484), np.float64(0.9059787051657799), 1]",0.6973915734957521,1.1611500009154379,38010931.733105004,0
1.8281032336396518e-08,0.6052943027342055,"[1, 1, 0, 1, np.float64(0.1107024411688359), 1, np.float64(0.35029647787485874), np.float64(0.398869179512472), np.float64(0.6683366779167678), np.float64(0.19917901629079204), 0, 1, np.float64(0.08887234335002196), np.float64(0.6511646461017563), np.float64(0.29005994964829834), 0, np.float64(0.2915101288928482), np.float64(0.8126875615459827), np.float64(0.83970960620054), np.float64(0.688650646203886), np.float64(0.11203211538044133), np.float64(0.9413585052604774), np.float64(0.7476591974449842), np.float64(0.8550114061728756), 1]",0.6919674123182588,1.1431916824469317,37851659.555384636,0
1.8336697339451673e-08,0.6014047559627632,"[1, 1, 0, 1, np.float64(0.10857763467337549), 1, np.float64(0.33506789086027294), np.float64(0.41960958666946824), np.float64(0.6267730374276261), np.float64(0.1799896183054021), 0, 1, np.float64(0.0162158344873764), np.float64(0.681637554077712), np.float64(0.2678354112162742), 0, np.float64(0.28702548811862044), np.float64(0.7926672854663293), np.float64(0.8946578950505826), np.float64(0.7167000361762002), np.float64(0.08293346305353932), np.float64(0.9695078646593074), np.float64(0.7770333941096734), np.float64(0.9067919736978827), 1]",0.6966078235593983,1.1583011551749847,37989819.57675859,0
1.827257595107663e-08,0.6060316176993654,"[1, 1, 0, 1, np.float64(0.12340798600503657), 1, np.float64(0.35063155661248746), np.float64(0.39869872588586047), np.float64(0.6683016550517141), np.float64(0.1994625261756137), 0, 1, np.float64(0.10512374126016732), np.float64(0.6512955771046007), np.float64(0.2903266208303401), 0, np.float64(0.29134117585179486), np.float64(0.8127298596215976), np.float64(0.8222060283566195), np.float64(0.6886661920394778), np.float64(0.1122020684763139), np.float64(0.9429958036369552), np.float64(0.7447248496947386), np.float64(0.849419070233308), 1]",0.6905731086669195,1.1395001324988503,37792871.159264795,0
1.8256793796141808e-08,0.6068168344418227,"[1, 1, 0, 1, np.float64(0.13711574796217904), 1, np.float64(0.3590154452817009), np.float64(0.39443386491948695), np.float64(0.6674253601140973), np.float64(0.20655612849662944), 0, 1, np.float64(0.1167716066728348), np.float64(0.6545715562340578), np.float64(0.296998907819802), 0, np.float64(0.28711386051528526), np.float64(0.8137881850748546), np.float64(0.8029610855227914), np.float64(0.6890551589903279), np.float64(0.11645440583698069), np.float64(0.9493357786897747), np.float64(0.7310500177673462), np.float64(0.8389246493010769), 1]",0.6891504982385429,1.1356812453505092,37747619.10189184,0
1.8292088352998335e-08,0.6050180058275735,"[1, 1, 0, 1, np.float64(0.1082724569917726), 1, np.float64(0.34137442254540984), np.float64(0.403407804369708), np.float64(0.6692692227329989), np.float64(0.1916300715361204), 0, 1, np.float64(0.0922626625919488), np.float64(0.6476783799782011), np.float64(0.28295936469986693), 0, np.float64(0.296008798044535), np.float64(0.8115613015700841), np.float64(0.8434554775030745), np.float64(0.6882367112396068), np.float64(0.10750681802640198), np.float64(0.9359954722440308), np.float64(0.7598240187666607), np.float64(0.8610065644569309), 1]",0.6922222029752545,1.1441348791403303,37842710.444911525,0
1.8275504186553814e-08,0.6058848842993363,"[1, 1, 0, 1, np.float64(0.12106702965763695), 1, np.float64(0.3491997898910162), np.float64(0.3994270616551293), np.float64(0.6684513051698605), np.float64(0.19825110935708207), 0, 1, np.float64(0.10313456574364673), np.float64(0.6507361185904371), np.float64(0.28918715454631155), 0, np.float64(0.2920630997296972), np.float64(0.8125491230655381), np.float64(0.8254926021403667), np.float64(0.6885997658310734), np.float64(0.11147587143795998), np.float64(0.9419130882463134), np.float64(0.7470601823843592), np.float64(0.8512112651496188), 1]",0.6908230518442434,1.1401886228654345,37800492.11186829,0
