xline_all_values,yline_all_values,X_all_values,obj1,obj2,obj3,inc
1.0851830712726258,0.7033116027796507,"[0.1817892711168505, 0.5269942083491613, 0.5779154165885273, 0.5538118477733308, 0.8110796491926042, 0.3114513079426633, 0.11742936164939932, 0.927640809266331, 0.8224129421500203, 0.6445985808458229, 0.37136732074336176, 0.15717824537357317, 0.9601796103579473, 0.7634400876400581, 0.5443260122433056, 0.844529438987881, 0.04706759219501189, 0.7546512610865205, 0.9616911297769793, 0.5252796700128258, 0.2339452793488339, 0.6246178323145338, 0.9839893792304506, 0.8291596920233993, 0.03455440132120102]",0.7033116027796507,1.0851830712726258,36913101.02184572,0
1.0582238613283124,0.7382646572361644,"[np.float64(0.369141334742815), np.float64(0.4257369807423088), np.float64(0.9704816460731959), np.float64(0.6558319048030329), np.float64(0.30821350421390015), np.float64(0.7757825417043132), 1, np.float64(0.18188996746997524), np.float64(0.35136232444785), np.float64(0.854311807520953), np.float64(0.43481162806932566), np.float64(0.9483574170759511), 0, 0, np.float64(0.4377825667193977), np.float64(0.7628604267361734), np.float64(0.3284874118246821), np.float64(0.5429545070870903), np.float64(0.48605813238810847), np.float64(0.6098679790444456), 0, np.float64(0.48490618339483404), np.float64(0.3447033378861748), np.float64(0.8288914997436615), np.float64(0.4727324718108341)]",0.7382646572361644,1.0582238613283124,36959953.66896507,0
1.0561014630143888,0.7460029112482548,"[np.float64(0.41129342807550817), np.float64(0.49747995482635754), 1, np.float64(0.6412808498291964), 0, np.float64(0.997319479593907), np.float64(0.8518616608373746), np.float64(0.0016424529500208456), np.float64(0.4113798717052194), 1, np.float64(0.600283260362055), 1, 0, 0, np.float64(0.19465236902921518), 1, np.float64(0.3111552258497009), np.float64(0.5937709576918015), np.float64(0.30185412915281273), np.float64(0.5274975959761586), 0, np.float64(0.6799337847758634), np.float64(0.5856873177575167), np.float64(0.45474280993194666), np.float64(0.3702175601484916)]",0.7460029112482548,1.0561014630143888,39210.38122500251,0
1.0571432073005982,0.7440097600441298,"[np.float64(0.38719095943377724), np.float64(0.5144960511633982), 1, np.float64(0.5758322417745585), np.float64(0.02412686437044136), np.float64(0.8862979596788979), np.float64(0.8398353188259183), np.float64(0.11320062448719169), np.float64(0.40888783506313664), np.float64(0.9637364915224772), np.float64(0.617762721023492), 1, 0, 0, np.float64(0.1834037054894419), 1, np.float64(0.3906852377787748), np.float64(0.6166523902578888), np.float64(0.3159237384140329), np.float64(0.5208085947046512), 0, np.float64(0.6881819597392862), np.float64(0.5906920243263533), np.float64(0.4254178023919895), np.float64(0.36800705088730645)]",0.7440097600441298,1.0571432073005982,37878876.78238778,0
1.1102085214956592,0.6888304489312822,"[np.float64(0.753567514010835), np.float64(0.52077034132367), np.float64(0.8516495045955156), np.float64(0.8860830039080663), np.float64(0.053334273823634946), 1, 1, 0, np.float64(0.5038247042046372), np.float64(0.8389841481396786), np.float64(0.9762700146009344), 1, np.float64(0.04610563339672858), np.float64(0.3114149951713707), 0, np.float64(0.7815095924166966), 0, np.float64(0.844364554650464), 0, np.float64(0.858112915660045), 0, np.float64(0.6897313571972434), np.float64(0.3214012771720587), np.float64(0.5042208010464958), np.float64(0.6093653832870565)]",0.6888304489312822,1.1102085214956592,37821721.133120954,0
1.0571700538873299,0.7437681316562924,"[np.float64(0.3871196797461955), np.float64(0.5145463738937706), 1, np.float64(0.572750670493289), np.float64(0.028701533185711527), np.float64(0.8784796274631561), np.float64(0.8397997525976589), np.float64(0.12102096974836156), np.float64(0.4088804652125238), np.float64(0.9598473155398624), np.float64(0.6178144140891926), 1, 0, 0, np.float64(0.1833704391367398), 1, np.float64(0.39529226683992835), np.float64(0.6167200589016687), np.float64(0.31596534732005177), np.float64(0.5207888129168206), 0, np.float64(0.6882063525657328), np.float64(0.590706825047639), np.float64(0.42533107777440565), np.float64(0.3680005136146363)]",0.7437681316562924,1.0571700538873299,37860237.08329897,0
1.0566202957846946,0.745112234365336,"[np.float64(0.4021995685769735), np.float64(0.5039001266188294), 1, np.float64(0.612080416743172), 0, np.float64(0.9336166857224686), np.float64(0.8473241229544645), np.float64(0.06586971493152513), np.float64(0.41043962647867593), np.float64(0.9872748687336749), np.float64(0.6068782594772102), 1, 0, 0, np.float64(0.19040824917172153), 1, np.float64(0.34798402689143204), np.float64(0.602404120376263), np.float64(0.3071625916062932), np.float64(0.5249738363292613), 0, np.float64(0.6830458205325174), np.float64(0.5875755931472664), np.float64(0.443678486923136), np.float64(0.3693835351803345)]",0.745112234365336,1.0566202957846946,8180648.105296422,0
1.0577696576472693,0.7413231745003097,"[np.float64(0.3862208855263804), np.float64(0.5151809134199448), 1, np.float64(0.5338939000791805), np.float64(0.08638537030996567), np.float64(0.7798951352676202), np.float64(0.8393512837355648), np.float64(0.2196308452425102), np.float64(0.4087875358050525), np.float64(0.9108071329631762), np.float64(0.6184662327241013), 1, 0, 0, np.float64(0.18295097032960328), 1, np.float64(0.4533841473063829), np.float64(0.6175733200193237), np.float64(0.316490010733871), np.float64(0.5205393764060411), 0, np.float64(0.6885139315150656), np.float64(0.5908934532890364), np.float64(0.4242375322266556), np.float64(0.3679180825169619)]",0.7413231745003097,1.0577696576472693,37674900.16134771,0
1.0566932837536291,0.7450560222837009,"[np.float64(0.3999080461266361), np.float64(0.5055179180306983), 1, np.float64(0.6062624684209512), np.float64(0.0005315954875670907), np.float64(0.9266234254766167), np.float64(0.8461807283452096), np.float64(0.07286477578525298), np.float64(0.41020269813754706), np.float64(0.9837961191694672), np.float64(0.6085401048724209), 1, 0, 0, np.float64(0.18933879170573184), 1, np.float64(0.3549329153087491), np.float64(0.6045795538225402), np.float64(0.3085002481745394), np.float64(0.5243378850160645), 0, np.float64(0.6838300090064843), np.float64(0.588051411522152), np.float64(0.4408904358677443), np.float64(0.3691733728241884)]",0.7450560222837009,1.0566932837536291,36786392.82794629,0
1.0572801672730172,0.7430312546202863,"[np.float64(0.3868868724404279), np.float64(0.514710733470451), 1, np.float64(0.5626859194840984), np.float64(0.04364290509395223), np.float64(0.8529440938420889), np.float64(0.839683589381204), np.float64(0.14656307819738298), np.float64(0.40885639446918454), np.float64(0.9471448386788317), np.float64(0.6179832493318952), 1, 0, 0, np.float64(0.18326178756701444), 1, np.float64(0.4103393308732849), np.float64(0.6169410721408931), np.float64(0.31610124658721794), np.float64(0.5207242034202814), 0, np.float64(0.6882860222219526), np.float64(0.5907551658325507), np.float64(0.4250478256271475), np.float64(0.36797916216250415)]",0.7430312546202863,1.0572801672730172,37799723.05586131,0
1.0569040581040574,0.7444414628441941,"[np.float64(0.39250861369854984), np.float64(0.5107418416423131), 1, np.float64(0.5874760430581826), np.float64(0.01374453724274561), np.float64(0.9040418633219075), np.float64(0.8424886540438764), np.float64(0.09545215218642783), np.float64(0.4094376455192655), np.float64(0.9725630752467247), np.float64(0.6139062808424525), 1, 0, 0, np.float64(0.1858854638742117), 1, np.float64(0.37737119876815006), np.float64(0.6116041294644491), np.float64(0.31281960336447734), np.float64(0.5222843686872762), 0, np.float64(0.6863621900126743), np.float64(0.5895878511553266), np.float64(0.4318876895113258), np.float64(0.36849474881463445)]",0.7444414628441941,1.0569040581040574,37886379.50122658,0
1.0571394994064582,0.7440463265480484,"[np.float64(0.3872015506973908), np.float64(0.5144885738396163), 1, np.float64(0.5762901244462035), np.float64(0.02344712621485848), np.float64(0.8874596653530493), np.float64(0.8398406035193845), np.float64(0.1120386196998495), np.float64(0.4088889301300944), np.float64(0.9643143740787697), np.float64(0.6177550400851433), 1, 0, 0, np.float64(0.18340864845037347), 1, np.float64(0.3900006912983187), np.float64(0.6166423355498932), np.float64(0.31591755585477554), np.float64(0.5208115340291176), 0, np.float64(0.68817833527257), np.float64(0.5906898251256255), np.float64(0.4254306885776306), np.float64(0.3680080222436705)]",0.7440463265480484,1.0571394994064582,37881565.29890392,0
1.0563521765915862,0.7454055146089745,"[np.float64(0.41209278171918734), np.float64(0.4969156193298408), 1, np.float64(0.6371983041082481), 0, np.float64(0.9638087591891717), np.float64(0.8522605121106565), np.float64(0.03566986768215616), np.float64(0.4114625196115248), 1, np.float64(0.5997035574786302), 1, 0, 0, np.float64(0.19502542874856155), 1, np.float64(0.3179835203705992), np.float64(0.593012099470008), np.float64(0.3013875133220747), np.float64(0.5277194353909684), 0, np.float64(0.6796602356714658), np.float64(0.585521337646068), np.float64(0.45571536805354085), np.float64(0.3702908712544443)]",0.7454055146089745,1.0563521765915862,3851723.11114373,0
1.0572231543477992,0.743374623767078,"[np.float64(0.38699844857399074), np.float64(0.5146319618613748), 1, np.float64(0.5675095911432645), np.float64(0.03648204516239219), np.float64(0.8651823528628186), np.float64(0.8397392622154887), np.float64(0.13432166809907195), np.float64(0.40886793070712574), np.float64(0.9532326770744181), np.float64(0.6179023326977381), 1, 0, 0, np.float64(0.18331386034031302), 1, np.float64(0.40312781652334406), np.float64(0.6168351484774688), np.float64(0.31603611497661654), np.float64(0.5207551684185296), 0, np.float64(0.6882478394330835), np.float64(0.5907319978402231), np.float64(0.42518357815136587), np.float64(0.36798939514237994)]",0.743374623767078,1.0572231543477992,37828085.558898404,0
1.0567645392028329,0.7447975596051267,"[np.float64(0.39708074927377696), np.float64(0.5075139606907587), 1, np.float64(0.5990842420068524), np.float64(0.005580213608550319), np.float64(0.9179950907721447), np.float64(0.8447699998664875), np.float64(0.08149533209265113), np.float64(0.4099103742490649), np.float64(0.9795040129789641), np.float64(0.6105905016534457), 1, 0, 0, np.float64(0.18801928740525498), 1, np.float64(0.3635065037325754), np.float64(0.6072636192286455), np.float64(0.3101506584531087), np.float64(0.5235532437195726), 0, np.float64(0.6847975463763096), np.float64(0.588638479649566), np.float64(0.43745051845678495), np.float64(0.36891407300016354)]",0.7447975596051267,1.0567645392028329,37845505.30012728,0
1.0565289494458516,0.7451724378125199,"[np.float64(0.40516930410463137), np.float64(0.5018035237112473), 1, np.float64(0.6196202808313609), 0, np.float64(0.9426797142794032), np.float64(0.8488059236641788), np.float64(0.056804352847733636), np.float64(0.4107466775887604), np.float64(0.9917832104132999), np.float64(0.6047245640984434), 1, 0, 0, np.float64(0.19179422984653494), 1, np.float64(0.338978502722293), np.float64(0.5995848322682571), np.float64(0.3054290339734884), np.float64(0.5257980077042279), 0, np.float64(0.6820295388150172), np.float64(0.5869589486398551), np.float64(0.44729170671546314), np.float64(0.36965589847990926)]",0.7451724378125199,1.0565289494458516,6874586.105366147,0
1.057664343308283,0.7415832622428711,"[np.float64(0.38633825137989536), np.float64(0.5150980543278004), 1, np.float64(0.5389678735471276), np.float64(0.07885293114997878), np.float64(0.7927684413200854), np.float64(0.8394098454503758), np.float64(0.20675422460207707), np.float64(0.40879967066193523), np.float64(0.9172108711690422), np.float64(0.6183811173008638), 1, 0, 0, np.float64(0.18300574517515425), 1, np.float64(0.44579842525463653), np.float64(0.6174618999443645), np.float64(0.3164214994239255), np.float64(0.5205719481875902), 0, np.float64(0.6884737674095164), np.float64(0.5908690831024479), np.float64(0.42438032899118705), np.float64(0.3679288464893167)]",0.7415832622428711,1.057664343308283,37691847.292803,0
1.109019612274086,0.6908674433586262,"[np.float64(0.7459126374308261), np.float64(0.487620303985838), np.float64(0.8474441183640101), np.float64(0.8665739435674826), np.float64(0.07279287679837511), 1, np.float64(0.9792194648680891), 0, np.float64(0.5194666091479206), np.float64(0.8055333397296484), np.float64(0.9442465974862905), 1, np.float64(0.05350213891702359), np.float64(0.29165082597749703), np.float64(0.006806601277604236), np.float64(0.7522115946319653), 0, np.float64(0.7911025619048585), 0, np.float64(0.8245958418677803), 0, np.float64(0.6937201549439527), np.float64(0.3692460532372108), np.float64(0.49122042465526106), np.float64(0.5839564375247697)]",0.6908674433586262,1.109019612274086,37802729.00204462,0
1.0571396763212348,0.7440445612945561,"[np.float64(0.3872010405535664), np.float64(0.5144889339959385), 1, np.float64(0.5762680698523643), np.float64(0.023479866805116222), np.float64(0.887403710086797), np.float64(0.8398403489743337), np.float64(0.11209458937332956), np.float64(0.4088888773845802), np.float64(0.964286539513596), np.float64(0.6177554100488611), 1, 0, 0, np.float64(0.18340841036537384), 1, np.float64(0.3900336634886319), np.float64(0.6166428198497254), np.float64(0.3159178536468558), np.float64(0.5208113924522219), 0, np.float64(0.6881785098503522), np.float64(0.5906899310533703), np.float64(0.4254300678955038), np.float64(0.36800797545685937)]",0.7440445612945561,1.0571396763212348,37881436.50435262,0
1.0760003177812416,0.7321200190298615,"[np.float64(0.5054031489729536), np.float64(0.38629934515896086), 1, np.float64(0.7272327537268176), np.float64(0.08054925414460777), np.float64(0.8885600763777564), np.float64(0.947661068996461), 0, np.float64(0.5293794869347699), np.float64(0.9317740396991827), np.float64(0.5397881332689933), np.float64(0.8834152171167217), np.float64(0.14104774429573708), np.float64(0.04631224990465399), np.float64(0.2244426764530421), np.float64(0.8423516317753352), np.float64(0.31635627405232164), np.float64(0.6063953173405271), np.float64(0.2658785350273755), np.float64(0.5494491600925261), np.float64(0.09210337289619736), np.float64(0.607964840794307), np.float64(0.6249368546342645), np.float64(0.5588565736087248), np.float64(0.36149298809191205)]",0.7321200190298615,1.0760003177812416,37425292.45449269,0
1.0565244118888046,0.7451762323480775,"[np.float64(0.40532454883181707), np.float64(0.5016939225217228), 1, np.float64(0.6200144318028823), 0, np.float64(0.9431534895980113), np.float64(0.8488833856956564), np.float64(0.05633045554259292), np.float64(0.41076272887190435), np.float64(0.9920188867109347), np.float64(0.6046119783653355), 1, 0, 0, np.float64(0.1918666828275301), 1, np.float64(0.33850773348045937), np.float64(0.5994374522712476), np.float64(0.3053384111960529), np.float64(0.5258410917630841), 0, np.float64(0.6819764120714038), np.float64(0.5869267131739585), np.float64(0.44748058997314644), np.float64(0.3696701364367051)]",0.7451762323480775,1.0565244118888046,6806201.162995619,0
1.0571705897013768,0.743763664538592,"[np.float64(0.3871183402131606), np.float64(0.5145473195903922), 1, np.float64(0.5726927596540203), np.float64(0.028787503259510717), np.float64(0.8783327004123213), np.float64(0.8397990842145712), np.float64(0.1211679346296211), np.float64(0.4088803267136233), np.float64(0.9597742276815396), np.float64(0.6178153855380236), 1, 0, 0, np.float64(0.1833698139743702), 1, np.float64(0.39537884504796394), np.float64(0.6167213305736814), np.float64(0.31596612926096723), np.float64(0.5207884411649346), 0, np.float64(0.6882068109711769), np.float64(0.5907071031921677), np.float64(0.4253294479904639), np.float64(0.36800039076206786)]",0.743763664538592,1.0571705897013768,37859881.291757606,0
1.057783983561818,0.7412907250706323,"[np.float64(0.3862056620449215), np.float64(0.5151916610421464), 1, np.float64(0.53323575685695), np.float64(0.08736240020799822), np.float64(0.7782253434999555), np.float64(0.8393436877171921), np.float64(0.22130106694415463), np.float64(0.40878596179725357), np.float64(0.909976506448522), np.float64(0.6184772730141748), 1, 0, 0, np.float64(0.18294386550464198), 1, np.float64(0.4543680885086021), np.float64(0.6175877722760448), np.float64(0.31649889731054937), np.float64(0.520535151532301), 0, np.float64(0.688519141186344), np.float64(0.5908966143369271), np.float64(0.42421901011113283), np.float64(0.36791668632608815)]",0.7412907250706323,1.057783983561818,37672823.59207149,0
1.057062601066234,0.7441730740296302,"[np.float64(0.3881807929535245), np.float64(0.5137972388226371), 1, np.float64(0.5764881352422736), np.float64(0.021472595304850486), np.float64(0.8908342350209482), np.float64(0.8403292133153099), np.float64(0.10866318115584585), np.float64(0.4089901773351021), np.float64(0.9659930307208638), np.float64(0.6170448793647401), 1, 0, 0, np.float64(0.18386566249432512), 1, np.float64(0.39049502543757864), np.float64(0.6157127019101759), np.float64(0.31534593159003027), np.float64(0.5210832967598883), 0, np.float64(0.6878432259698581), np.float64(0.5904864924203909), np.float64(0.42662211369558906), np.float64(0.36809783147061337)]",0.7441730740296302,1.057062601066234,37891562.10841578,0
1.0570965941824861,0.7441281395992609,"[np.float64(0.38733257010181077), np.float64(0.5143960754801838), 1, np.float64(0.5743345815137162), np.float64(0.02298724108937894), np.float64(0.888245631471531), np.float64(0.8399059779086686), np.float64(0.11125245121269664), np.float64(0.4089024766742884), np.float64(0.9647053475583813), np.float64(0.6176600229082936), 1, 0, 0, np.float64(0.18346979543159803), 1, np.float64(0.3930672044483971), np.float64(0.6165179536157583), np.float64(0.31584107440164194), np.float64(0.5208478949917967), 0, np.float64(0.6881334987461826), np.float64(0.5906626198760847), np.float64(0.4255900973535368), np.float64(0.3680200384238872)]",0.7441281395992609,1.0570965941824861,37891708.8971775,0
1.0572693366545876,0.7430917372600581,"[np.float64(0.3869069489104939), np.float64(0.5146965596879299), 1, np.float64(0.5635538676427327), np.float64(0.04235441457656278), np.float64(0.8551461870052394), np.float64(0.8396936068818586), np.float64(0.14436041804456623), np.float64(0.4088584702440685), np.float64(0.9482402548884885), np.float64(0.6179686895839309), 1, 0, 0, np.float64(0.18327115729009946), 1, np.float64(0.40904172584473736), np.float64(0.6169220127489774), np.float64(0.31608952712008076), np.float64(0.520729775112368), 0, np.float64(0.6882791517955156), np.float64(0.5907509970960153), np.float64(0.42507225228006895), np.float64(0.36798100343543233)]",0.7430917372600581,1.0572693366545876,37804689.60647562,0
1.057278110796794,0.7430425887395175,"[np.float64(0.3868906489954602), np.float64(0.5147080672612254), 1, np.float64(0.5628491879259881), np.float64(0.04340052905216772), np.float64(0.8533583263236802), np.float64(0.839685473758407), np.float64(0.14614873906020573), np.float64(0.40885678494012184), np.float64(0.9473508957987096), np.float64(0.617980510519282), 1, 0, 0, np.float64(0.18326355009173878), 1, np.float64(0.41009524031431344), np.float64(0.6169374869069244), np.float64(0.3160990420556221), np.float64(0.520725251503023), 0, np.float64(0.6882847298362169), np.float64(0.5907543816576988), np.float64(0.4250524204886302), np.float64(0.36797950852162603)]",0.7430425887395175,1.057278110796794,37800652.19693546,0
1.0570546532314267,0.7441841260865996,"[np.float64(0.3883825252857119), np.float64(0.5136548178594643), 1, np.float64(0.5770003136341609), np.float64(0.021112368006171313), np.float64(0.8914498810508535), np.float64(0.8404298711382788), np.float64(0.10804737661087722), np.float64(0.4090110351306739), np.float64(0.9662992796352396), np.float64(0.6168985801446467), 1, 0, 0, np.float64(0.1839598113204724), 1, np.float64(0.3898832856458393), np.float64(0.6155211893799053), np.float64(0.31522817207205633), np.float64(0.5211392822212352), 0, np.float64(0.6877741905695265), np.float64(0.5904446041332179), np.float64(0.42686755752337213), np.float64(0.3681163329442677)]",0.7441841260865996,1.0570546532314267,37891502.1078926,0
1.0575324150151275,0.7419743622049894,"[np.float64(0.3865015819490367), np.float64(0.5149827446165586), 1, np.float64(0.5460289986487549), np.float64(0.06837051622111583), np.float64(0.8106833998988437), np.float64(0.8394913420520151), np.float64(0.18883465332274968), np.float64(0.4088165579679255), np.float64(0.9261225450032343), np.float64(0.6182626675976174), 1, 0, 0, np.float64(0.1830819718324872), 1, np.float64(0.4352418599253297), np.float64(0.6173068437358349), np.float64(0.3163261566056279), np.float64(0.5206172762575445), 0, np.float64(0.6884178735867226), np.float64(0.5908351686688509), np.float64(0.4245790501364263), np.float64(0.3679438260227864)]",0.7419743622049894,1.0575324150151275,37718581.45407984,0
1.098374896577902,0.6987240038466787,"[np.float64(0.5618732422401264), np.float64(0.5931353049330743), np.float64(0.9841809438534503), np.float64(0.8250050987261196), 0, 1, 1, np.float64(0.0017333853937334335), np.float64(0.36508595151762446), 1, np.float64(0.7977696891544194), 1, 0, np.float64(0.12855564434084332), np.float64(0.08106624165422392), 1, 0, np.float64(0.8236670111287039), 0, np.float64(0.7365712052649285), 0, np.float64(0.6406586614364325), np.float64(0.32987667218925476), np.float64(0.6013624671510062), np.float64(0.5188644205989624)]",0.6987240038466787,1.098374896577902,49333.89350593976,0
1.0569112836754635,0.7444266739661537,"[np.float64(0.3922951441088224), np.float64(0.5108925489892584), 1, np.float64(0.5869340649330209), np.float64(0.014125723405736158), np.float64(0.9033903975702544), np.float64(0.8423821397140263), np.float64(0.09610378567592026), np.float64(0.4094155741685056), np.float64(0.9722390080563175), np.float64(0.6140610920923505), 1, 0, 0, np.float64(0.18578583724979783), 1, np.float64(0.3780185310075911), np.float64(0.611806784640351), np.float64(0.3129442144058301), np.float64(0.5222251258612264), 0, np.float64(0.6864352420535923), np.float64(0.5896321766007337), np.float64(0.43162796518925073), np.float64(0.3684751708820962)]",0.7444266739661537,1.0569112836754635,37886928.03938622,0
1.0572027471664103,0.7435153951730233,"[np.float64(0.38704258809639247), np.float64(0.5146007998100255), 1, np.float64(0.5694178358230164), np.float64(0.03364920871904054), np.float64(0.8700238085662466), np.float64(0.8397612863907098), np.float64(0.12947896582924084), np.float64(0.4088724944432651), np.float64(0.9556410261600139), np.float64(0.6178703220743905), 1, 0, 0, np.float64(0.1833344603312801), 1, np.float64(0.40027494119028123), np.float64(0.6167932450724546), np.float64(0.3160103489091485), np.float64(0.5207674181729369), 0, np.float64(0.6882327343204504), np.float64(0.5907228325816352), np.float64(0.42523728185476994), np.float64(0.3679934433095824)]",0.7435153951730233,1.0572027471664103,37839717.443515584,0
1.0571090501970575,0.7441125882526266,"[np.float64(0.38702752836726073), np.float64(0.5146114318247591), 1, np.float64(0.5735601107912184), np.float64(0.023531944850198477), np.float64(0.8873147061667229), np.float64(0.8397537720793821), np.float64(0.1121836162099195), np.float64(0.4088709373663792), np.float64(0.9642422651212117), np.float64(0.6178812436088957), 1, 0, 0, np.float64(0.18332743192981127), 1, np.float64(0.39399222308642146), np.float64(0.6168075418725756), np.float64(0.3160191398968109), np.float64(0.5207632387443145), 0, np.float64(0.6882378879535751), np.float64(0.5907259596275171), np.float64(0.42521895897353723), np.float64(0.3679920621369228)]",0.7441125882526266,1.0571090501970575,37891725.75106022,0
1.057161992663486,0.7438368730666062,"[np.float64(0.38714019165060487), np.float64(0.5145318926990567), 1, np.float64(0.5736374433972767), np.float64(0.0273850968680586), np.float64(0.8807294813625078), np.float64(0.8398099873657816), np.float64(0.11877053656202369), np.float64(0.40888258600845334), np.float64(0.9609664900016655), np.float64(0.6177995385579121), 1, 0, 0, np.float64(0.1833800120777813), 1, np.float64(0.39396651832839885), np.float64(0.616700586134604), np.float64(0.3159533736718528), np.float64(0.5207945054521669), 0, np.float64(0.6881993331280596), np.float64(0.5907025658962524), np.float64(0.42535603421187296), np.float64(0.36800239482254643)]",0.7438368730666062,1.057161992663486,37865669.18384911,0
1.057302592282738,0.7429118862565578,"[np.float64(0.38684668909580094), np.float64(0.5147391025007558), 1, np.float64(0.5609487087163634), np.float64(0.046221837462972336), np.float64(0.848536572590359), np.float64(0.8396635392090481), np.float64(0.15097173428711413), np.float64(0.40885223977579194), np.float64(0.9449523473236321), np.float64(0.6180123908776054), 1, 0, 0, np.float64(0.18324303393101432), 1, np.float64(0.4129365060679495), np.float64(0.6169792197889216), np.float64(0.31612470326985553), np.float64(0.5207130515981465), 0, np.float64(0.688299773479636), np.float64(0.5907635096188989), np.float64(0.42499893532874355), np.float64(0.36797547682816084)]",0.7429118862565578,1.057302592282738,37789988.46105838,0
1.1115754098967523,0.6879484245327305,"[np.float64(0.7702938951505259), np.float64(0.5196294503631234), np.float64(0.8414487638560985), np.float64(0.8938627187789916), np.float64(0.05991294835585168), 1, np.float64(0.999994662818662), 0, np.float64(0.5128898237418152), np.float64(0.82399817514118), np.float64(0.9954187783348583), 1, np.float64(0.05083523282487552), np.float64(0.32915935991860373), 0, np.float64(0.7602682945704495), 0, np.float64(0.8536974130628806), 0, np.float64(0.8728326307584378), 0, np.float64(0.6931593527971273), np.float64(0.31384242682405605), np.float64(0.4981676350716101), np.float64(0.6203906667455785)]",0.6879484245327305,1.1115754098967523,37812589.64842982,0
1.0564940561810743,0.7452038663703326,"[np.float64(0.4063846329418731), np.float64(0.5009455139827382), 1, np.float64(0.622705880262663), 0, np.float64(0.9463886505989532), np.float64(0.8494123329274917), np.float64(0.05309446156015549), np.float64(0.410872334592597), np.float64(0.9936281954634361), np.float64(0.6038431899571866), 1, 0, 0, np.float64(0.19236142590364944), 1, np.float64(0.33529309938745017), np.float64(0.5984310722427458), np.float64(0.30471959619273437), np.float64(0.5261352900074827), 0, np.float64(0.6816136376458602), np.float64(0.586706594231456), np.float64(0.4487703738115769), np.float64(0.36976735991110293)]",0.7452038663703326,1.0564940561810743,6339268.592843191,0
1.0576296458564993,0.7416782687654829,"[np.float64(0.38637926012222745), np.float64(0.5150691025751581), 1, np.float64(0.540740767999095), np.float64(0.07622102546878375), np.float64(0.7972664965470333), np.float64(0.8394303074689381), np.float64(0.20225501122665718), np.float64(0.40880391069601874), np.float64(0.9194483980321113), np.float64(0.6183513771647381), 1, 0, 0, np.float64(0.18302488402568198), 1, np.float64(0.4431479020257184), np.float64(0.6174229687134504), np.float64(0.31639756092245985), np.float64(0.5205833290769788), 0, np.float64(0.6884597336901155), np.float64(0.5908605679281237), np.float64(0.4244302235350186), np.float64(0.36793260752334445)]",0.7416782687654829,1.0576296458564993,37698191.308521606,0
1.0783995031715687,0.7319976696008943,"[np.float64(0.521444895426085), np.float64(0.4219273662568501), 1, np.float64(0.7499080894663872), np.float64(0.041980485896789224), np.float64(0.8953188029384362), np.float64(0.9609943099221628), 0, np.float64(0.5428726902812291), np.float64(0.9399244609247134), np.float64(0.5432765322268113), np.float64(0.8645321963974593), np.float64(0.13581855965082598), np.float64(0.0656425917554587), np.float64(0.21089809061696108), np.float64(0.8288147848144746), np.float64(0.3522914311451768), np.float64(0.6094219105412915), np.float64(0.2672335776097504), np.float64(0.5632780301890697), np.float64(0.06291663352091809), np.float64(0.6017885834464061), np.float64(0.6301187504267227), np.float64(0.6022455576273967), np.float64(0.36014652567607297)]",0.7319976696008943,1.0783995031715687,37622736.27635964,0
1.0578335299947264,0.7411833089144322,"[np.float64(0.38615423851421454), np.float64(0.5152279655288572), 1, np.float64(0.5310126091302387), np.float64(0.0906627180162998), np.float64(0.7725849393341498), np.float64(0.8393180290605246), np.float64(0.22694292338769728), np.float64(0.4087806449425906), np.float64(0.9071707259049779), np.float64(0.6185145661062403), 1, 0, 0, np.float64(0.1829198660544799), 1, np.float64(0.45769175207155455), np.float64(0.6176365906799881), np.float64(0.316528915355366), np.float64(0.5205208802944707), 0, np.float64(0.6885367389803632), np.float64(0.5909072920681482), np.float64(0.42415644409567077), np.float64(0.3679119701207666)]",0.7411833089144322,1.0578335299947264,37666000.475059755,0
1.056894615324792,0.7444612344581832,"[np.float64(0.39279041664884096), np.float64(0.5105428916417345), 1, np.float64(0.5881915128113163), np.float64(0.013241330273181152), np.float64(0.9049018685857201), np.float64(0.8426292644813554), np.float64(0.09459192549052246), np.float64(0.40946678208981396), np.float64(0.9729908789936936), np.float64(0.6137019132460412), 1, 0, 0, np.float64(0.18601698179544457), 1, np.float64(0.3765166501875959), np.float64(0.6113366027102457), np.float64(0.3126551033102219), np.float64(0.5223625756261931), 0, np.float64(0.6862657534163339), np.float64(0.5895293367725303), np.float64(0.43223055371187336), np.float64(0.3685205938034075)]",0.7444612344581832,1.056894615324792,37885579.5400929,0
1.0574586375133999,0.7422345559206396,"[np.float64(0.3866030818985947), np.float64(0.5149110866903288), 1, np.float64(0.5504170556144841), np.float64(0.06185633708050546), np.float64(0.8218164498945384), np.float64(0.8395419872006791), np.float64(0.17769873681604287), np.float64(0.4088270523947507), np.float64(0.9316606047149114), np.float64(0.6181890583585885), 1, 0, 0, np.float64(0.18312934203339287), 1, np.float64(0.4286816008503609), np.float64(0.6172104857948375), np.float64(0.3162669068809818), np.float64(0.5206454448780182), 0, np.float64(0.6883831389976985), np.float64(0.5908140929246257), np.float64(0.4247025431624037), np.float64(0.36795313488578474)]",0.7422345559206396,1.0574586375133999,37737340.79784561,0
1.0571783911800363,0.7436999668339053,"[np.float64(0.3870991509171121), np.float64(0.5145608670371312), 1, np.float64(0.5718631658999389), np.float64(0.03001905571432701), np.float64(0.8762279171762701), np.float64(0.8397895093846784), np.float64(0.12327325980021182), np.float64(0.40887834266669437), np.float64(0.9587272176307543), np.float64(0.6178293018944926), 1, 0, 0, np.float64(0.18336085829692392), 1, np.float64(0.3966191092460486), np.float64(0.6167395477359999), np.float64(0.315977330847884), np.float64(0.5207831156844797), 0, np.float64(0.6882133777952473), np.float64(0.5907110877133142), np.float64(0.42530610074501485), np.float64(0.3679986308545139)]",0.7436999668339053,1.0571783911800363,37854774.796748936,0
1.0570764997560176,0.7441542504457844,"[np.float64(0.38783114629351345), np.float64(0.5140440857883612), 1, np.float64(0.575600417036117), np.float64(0.0220969487263484), np.float64(0.8897671845597188), np.float64(0.8401547510899271), np.float64(0.10973050635866889), np.float64(0.40895402617144), np.float64(0.9654622337539998), np.float64(0.6172984482057544), 1, 0, 0, np.float64(0.1837024817971637), 1, np.float64(0.3915553055258434), np.float64(0.6160446353976506), np.float64(0.31555003482770977), np.float64(0.5209862615977164), 0, np.float64(0.6879628795568004), np.float64(0.5905590940680536), np.float64(0.42619670536528254), np.float64(0.36806576433294436)]",0.7441542504457844,1.0570764997560176,37891642.09021578,0
1.057139737010052,0.7440439562262042,"[np.float64(0.38720086566697554), np.float64(0.5144890574640829), 1, np.float64(0.5762605091360605), np.float64(0.023491090875546253), np.float64(0.8873845276027794), np.float64(0.8398402617116558), np.float64(0.11211377679640716), np.float64(0.4088888593024576), np.float64(0.964276997317886), np.float64(0.6177555368791594), 1, 0, 0, np.float64(0.18340832874550128), 1, np.float64(0.3900449669557775), np.float64(0.6166429858765252), np.float64(0.31591795573540266), np.float64(0.5208113439170844), 0, np.float64(0.6881785696987943), np.float64(0.5906899673673298), np.float64(0.42542985511437037), np.float64(0.3680079594174887)]",0.7440439562262042,1.057139737010052,37881392.34609225,0
1.057044525217152,0.7441985276707666,"[np.float64(0.3886416065166354), np.float64(0.5134719091603579), 1, np.float64(0.5776580951944281), np.float64(0.020649734520789643), np.float64(0.8922405442505079), np.float64(0.8405591441823869), np.float64(0.1072565098331585), np.float64(0.4090378224249687), np.float64(0.9666925896458122), np.float64(0.61671069066945), 1, 0, 0, np.float64(0.18408072497622474), 1, np.float64(0.38909763915808904), np.float64(0.6152752332580395), np.float64(0.3150769356265207), np.float64(0.5212111833492412), 0, np.float64(0.687685529637978), np.float64(0.590390807754202), np.float64(0.42718277664732274), np.float64(0.36814009405641224)]",0.7441985276707666,1.057044525217152,37891408.64130567,0
1.0577048346201556,0.7414785158125355,"[np.float64(0.38629192898542103), np.float64(0.5151307574645062), 1, np.float64(0.5369652587022192), np.float64(0.08182586243853397), np.float64(0.7876875566905988), np.float64(0.8393867320935234), np.float64(0.21183641744555246), np.float64(0.4087948812311888), np.float64(0.9146834197988317), np.float64(0.618414710974773), 1, 0, 0, np.float64(0.18298412643403927), 1, np.float64(0.4487923864343985), np.float64(0.6175058756366979), np.float64(0.31644853972423603), np.float64(0.5205590926349021), 0, np.float64(0.688489619529066), np.float64(0.5908787016189309), np.float64(0.4243239694295413), np.float64(0.3679245981244082)]",0.7414785158125355,1.0577048346201556,37684952.69301517,0
1.115332408351143,0.6868684834042599,"[np.float64(0.7919866236451366), np.float64(0.5334468951227281), np.float64(0.8322505622092851), np.float64(0.9111977501119547), np.float64(0.058237237294136296), 1, 1, 0, np.float64(0.515655776047391), np.float64(0.8228748565362151), 1, 1, np.float64(0.05262561066979394), np.float64(0.35746186706845867), 0, np.float64(0.7504462789835374), 0, np.float64(0.888057605676851), 0, np.float64(0.9040891415933195), 0, np.float64(0.6950803772836768), np.float64(0.2838751552314893), np.float64(0.49748169139508697), np.float64(0.6439404337740914)]",0.6868684834042599,1.115332408351143,37769350.38375374,0
1.0573595951849721,0.7426383323520925,"[np.float64(0.38675162746084146), np.float64(0.5148062150427312), 1, np.float64(0.5568389936743936), np.float64(0.05232281113066578), np.float64(0.8381097109092903), np.float64(0.8396161065683845), np.float64(0.16140128065152143), np.float64(0.4088424110283264), np.float64(0.9397655761677056), np.float64(0.618081330957287), 1, 0, 0, np.float64(0.18319866850259725), 1, np.float64(0.41908063674131646), np.float64(0.6170694655816774), np.float64(0.316180194683598), np.float64(0.5206866697612249), 0, np.float64(0.6883323047945444), np.float64(0.5907832484927876), np.float64(0.4248832756756439), np.float64(0.36796675844219034)]",0.7426383323520925,1.0573595951849721,37768125.339540295,0
1.054189173379093,0.7466516343678075,"[np.float64(0.4747934332477105), np.float64(0.4092612736906869), 1, np.float64(0.7042214703993556), 0, np.float64(0.9555565069652746), 1, np.float64(0.014634967251428602), np.float64(0.4331730110662117), 1, np.float64(0.4967301254680473), 1, 0, 0, np.float64(0.2612457060404467), 1, np.float64(0.34013239440277876), np.float64(0.5393516491225225), np.float64(0.2842335977303282), np.float64(0.520577665854019), 0, np.float64(0.6559640097374693), np.float64(0.6149753035983181), np.float64(0.5375930718720029), np.float64(0.35583471906410513)]",0.7466516343678075,1.054189173379093,1230196.3567461206,0
1.0569854233296883,0.7442902152585389,"[np.float64(0.3902018939795606), np.float64(0.51237036217041), 1, np.float64(0.5816195103774964), np.float64(0.01786357658647112), np.float64(0.8970022241044278), np.float64(0.8413376764955807), np.float64(0.10249360395332993), np.float64(0.40919914588056944), np.float64(0.9690612547797238), np.float64(0.6155791475178279), 1, 0, 0, np.float64(0.1848089138168228), 1, np.float64(0.38436617188522404), np.float64(0.6137939902825866), np.float64(0.3141661312079007), np.float64(0.5216441997750091), 0, np.float64(0.6871515791875598), np.float64(0.5900668251351995), np.float64(0.42908114823302673), np.float64(0.36828319267166926)]",0.7442902152585389,1.0569854233296883,37890361.59812433,0
1.0562970454908565,0.7455390655471922,"[np.float64(0.41491962568173657), np.float64(0.4949198964057069), 1, np.float64(0.6443753806787491), 0, np.float64(0.9724357117645707), np.float64(0.8536710146119553), np.float64(0.0270406938596983), np.float64(0.41175479667412934), 1, np.float64(0.5976534891402423), 1, 0, 0, np.float64(0.1963447216843524), 1, np.float64(0.30941130530631744), np.float64(0.5903284640106953), np.float64(0.2997373674143379), np.float64(0.5285039509997599), 0, np.float64(0.6786928532865333), np.float64(0.5849343635581128), np.float64(0.4591547344416174), np.float64(0.3705501295425485)]",0.7455390655471922,1.0562970454908565,2672358.3932131487,0
1.0572163123118767,0.7434205782253642,"[np.float64(0.38701295580578154), np.float64(0.5146217199041128), 1, np.float64(0.5681367693811895), np.float64(0.03555098354973674), np.float64(0.8667735825878572), np.float64(0.8397465008487486), np.float64(0.13273002866802008), np.float64(0.40886943065942255), np.float64(0.9540242234373345), np.float64(0.6178918118423368), 1, 0, 0, np.float64(0.18332063089032324), 1, np.float64(0.40219016877649294), np.float64(0.6168213761850585), np.float64(0.31602764650453624), np.float64(0.5207591945161605), 0, np.float64(0.6882428748716594), np.float64(0.5907289855164932), np.float64(0.4252012288197673), np.float64(0.36799072564386115)]",0.7434205782253642,1.0572163123118767,37831890.008560516,0
1.0562259728509376,0.745788392040649,"[np.float64(0.4192989044742233), np.float64(0.49182817037019644), 1, np.float64(0.6554939353756646), 0, np.float64(0.9858003795558427), np.float64(0.8558561312199187), np.float64(0.013672584965816262), np.float64(0.4122075852817609), 1, np.float64(0.5944775724938369), 1, 0, 0, np.float64(0.19838853862342964), 1, np.float64(0.29613143555298643), np.float64(0.5861710403928967), np.float64(0.2971810009951091), np.float64(0.5297193037441884), 0, np.float64(0.6771942077232528), np.float64(0.5840250373946684), np.float64(0.46448291826868393), np.float64(0.37095176625752563)]",0.745788392040649,1.0562259728509376,1037108.7701397169,0
1.0572799459114848,0.7430324713364178,"[np.float64(0.38688727817218926), np.float64(0.5147104470279774), 1, np.float64(0.562703460124162), np.float64(0.043616865579764644), np.float64(0.8529885966423737), np.float64(0.8396837918280571), np.float64(0.14651856393862386), np.float64(0.4088564364191786), np.float64(0.9471669762929994), np.float64(0.6179829550893233), 1, 0, 0, np.float64(0.1832619769227248), 1, np.float64(0.41031310716104585), np.float64(0.6169406869635872), np.float64(0.3161010097447836), np.float64(0.5207243160203767), 0, np.float64(0.6882858833753221), np.float64(0.5907550815852297), np.float64(0.42504831927313613), np.float64(0.3679791993733737)]",0.7430324713364178,1.0572799459114848,37799822.72722,0
1.057256841638854,0.7431640575705747,"[np.float64(0.3869307113121297), np.float64(0.5146797836754208), 1, np.float64(0.5645811663997725), np.float64(0.04082936415298164), np.float64(0.857752572590468), np.float64(0.8397054635415782), np.float64(0.14175336137342806), np.float64(0.40886092712002015), np.float64(0.9495367836032821), np.float64(0.6179514567448061), 1, 0, 0, np.float64(0.18328224724378311), 1, np.float64(0.4075058875349322), np.float64(0.6168994541555519), np.float64(0.3160756560220163), np.float64(0.5207363697370563), 0, np.float64(0.6882710199958582), np.float64(0.590746063001947), np.float64(0.42510116353465843), np.float64(0.3679831827561345)]",0.7431640575705747,1.057256841638854,37810651.59753285,0
1.1130301901676116,0.6875141424238794,"[np.float64(0.7773431471433162), np.float64(0.5272216343972447), np.float64(0.8392772286541456), np.float64(0.900965180385437), np.float64(0.0564893785159396), 1, 1, 0, np.float64(0.5119654206571802), np.float64(0.8294408144590881), 1, 1, np.float64(0.05053621524109534), np.float64(0.33942917966604963), 0, np.float64(0.7606712124144396), 0, np.float64(0.8663605485038961), 0, np.float64(0.8854569038708264), 0, np.float64(0.6932716058960102), np.float64(0.3000152377477371), np.float64(0.4993976139978502), np.float64(0.6299193574815194)]",0.6875141424238794,1.1130301901676116,37802005.52559403,0
1.0573422614099919,0.7427174223912875,"[np.float64(0.38677955742324144), np.float64(0.514786496774949), 1, np.float64(0.5580464648760592), np.float64(0.05053029025497756), np.float64(0.8411732165477757), np.float64(0.8396300427043538), np.float64(0.15833698622895162), np.float64(0.4088452988026348), np.float64(0.9412894961320957), np.float64(0.6180610757425079), 1, 0, 0, np.float64(0.18321170346405224), 1, np.float64(0.41727543594963196), np.float64(0.6170429505569832), np.float64(0.3161638908076967), np.float64(0.5206944209819311), 0, np.float64(0.6883227468019578), np.float64(0.590777449034302), np.float64(0.4249172575208293), np.float64(0.36796931998231586)]",0.7427174223912875,1.0573422614099919,37774374.37103409,0
1.05642005493239,0.745290083988091,"[np.float64(0.4091485826501289), np.float64(0.4989941937588428), 1, np.float64(0.6297232745567849), 0, np.float64(0.9548236627077953), np.float64(0.8507914532569504), np.float64(0.04465727762462544), np.float64(0.4111581088032072), np.float64(0.9978241346486146), np.float64(0.601838733446371), 1, 0, 0, np.float64(0.19365136598286578), 1, np.float64(0.3269116069386556), np.float64(0.5958071448017197), np.float64(0.30310616426628467), np.float64(0.5269023509831744), 0, np.float64(0.680667778484184), np.float64(0.5861326796890721), np.float64(0.4521332179766069), np.float64(0.37002084997962525)]",0.745290083988091,1.05642005493239,5125616.511133484,0
1.117326847377567,0.6865170349816163,"[np.float64(0.7996009633777729), np.float64(0.5434833458949981), np.float64(0.8303887097212748), np.float64(0.9197390140200428), np.float64(0.0541881728790481), 1, 1, 0, np.float64(0.5135783761695352), np.float64(0.8286892427528648), 1, 1, np.float64(0.05178139894114594), np.float64(0.3691896908675747), 0, np.float64(0.7530086447627835), 0, np.float64(0.9076642147861187), 0, np.float64(0.9191853677096212), 0, np.float64(0.6948986517877533), np.float64(0.26651984404883294), np.float64(0.4996700128118474), np.float64(0.6553430811792929)]",0.6865170349816163,1.117326847377567,37734262.54362454,0
1.0565677667370577,0.7451432608809455,"[np.float64(0.4038727360107368), np.float64(0.5027188875240247), 1, np.float64(0.6163284229813937), 0, np.float64(0.9387228522788856), np.float64(0.8481589786740164), np.float64(0.060762233651589365), np.float64(0.4106126209804117), np.float64(0.9898148964258295), np.float64(0.6056648541296838), 1, 0, 0, np.float64(0.1911891192887154), 1, np.float64(0.34291025866411273), np.float64(0.6008157159527783), np.float64(0.30618589447324973), np.float64(0.5254381795987516), 0, np.float64(0.6824732411033345), np.float64(0.5872281718033787), np.float64(0.4457141973866596), np.float64(0.36953698635427124)]",0.7451432608809455,1.0565677667370577,7445464.346203426,0
1.0567595023905663,0.744813619996616,"[np.float64(0.39726634819042955), np.float64(0.5073829297539383), 1, np.float64(0.599555459256147), np.float64(0.005248795259996148), np.float64(0.9185615009006199), np.float64(0.8448626076437985), np.float64(0.0809287761262544), np.float64(0.40992956395564245), np.float64(0.9797857698303218), np.float64(0.6104559026208464), 1, 0, 0, np.float64(0.1881059067386438), 1, np.float64(0.36294368744334216), np.float64(0.6070874227917223), np.float64(0.3100423166780224), np.float64(0.5236047517790968), 0, np.float64(0.684734032038408), np.float64(0.588599941351637), np.float64(0.43767633306985), np.float64(0.3689310948301771)]",0.744813619996616,1.0567595023905663,37840451.22372988,0
1.0571462191409655,0.7439807000130785,"[np.float64(0.3871825064249527), np.float64(0.5145020189011696), 1, np.float64(0.5754668003687716), np.float64(0.024669371179556317), np.float64(0.8853707890717483), np.float64(0.839831101051521), np.float64(0.11412803382000565), np.float64(0.40888696107765243), np.float64(0.9632752768340233), np.float64(0.6177688512683815), 1, 0, 0, np.float64(0.18339976045569542), 1, np.float64(0.39123158216705567), np.float64(0.6166604150355277), np.float64(0.31592867278540415), np.float64(0.5208062487961215), 0, np.float64(0.6881848524676946), np.float64(0.5906937795336484), np.float64(0.425407517779604), np.float64(0.3680062756366643)]",0.7439807000130785,1.0571462191409655,37876711.025288574,0
1.0573326505743246,0.7427627361807418,"[np.float64(0.38679539282939457), np.float64(0.5147753171401721), 1, np.float64(0.5587310628938704), np.float64(0.04951398755832651), np.float64(0.8429101274445053), np.float64(0.8396379440530961), np.float64(0.1565996281165699), np.float64(0.40884693607942013), np.float64(0.9421535105992607), np.float64(0.61804959167575), 1, 0, 0, np.float64(0.18321909387532007), 1, np.float64(0.4162519441412695), np.float64(0.6170279173758002), np.float64(0.31615464702522866), np.float64(0.5206988156791493), 0, np.float64(0.6883173277221735), np.float64(0.5907741609245912), np.float64(0.4249365241532951), np.float64(0.36797077229462777)]",0.7427627361807418,1.0573326505743246,37777982.367944315,0
1.1093217938209237,0.6899089342214596,"[np.float64(0.7503325500549772), np.float64(0.499833523929487), np.float64(0.8480466501686228), np.float64(0.8745572405561141), np.float64(0.06618025236132824), 1, np.float64(0.988717822011852), 0, np.float64(0.5145066221337371), np.float64(0.8165547563652296), np.float64(0.9579514743002144), 1, np.float64(0.051198448960957564), np.float64(0.3006671627391959), 0, np.float64(0.7611005929804928), 0, np.float64(0.8117768104075682), 0, np.float64(0.8384388368435735), 0, np.float64(0.6925604307550188), np.float64(0.35075221589223105), np.float64(0.4954822449446884), np.float64(0.594438091083965)]",0.6899089342214596,1.1093217938209237,37815542.08463038,0
1.0566122633694321,0.7451164012271813,"[np.float64(0.4024498417072141), np.float64(0.5037234363487144), 1, np.float64(0.6127158354090315), 0, np.float64(0.9343804683910866), np.float64(0.8474490010449742), np.float64(0.0651057356059774), np.float64(0.4104655030733252), np.float64(0.9876548072076049), np.float64(0.606696757764681), 1, 0, 0, np.float64(0.1905250520717468), 1, np.float64(0.3472250903793159), np.float64(0.602166526134867), np.float64(0.3070164968139543), np.float64(0.5250432930024049), 0, np.float64(0.6829601738463811), np.float64(0.5875236257078502), np.float64(0.4439829894013032), np.float64(0.36940648847530383)]",0.7451164012271813,1.0566122633694321,8070832.471151769,0
1.0572364872091735,0.7432883350773574,"[np.float64(0.3869709450923179), np.float64(0.5146513790381257), 1, np.float64(0.5663205576032277), np.float64(0.03824719487318363), np.float64(0.8621656258806549), np.float64(0.8397255388794262), np.float64(0.1373391718208639), np.float64(0.40886508702811786), np.float64(0.9517320268332433), np.float64(0.6179222786224937), 1, 0, 0, np.float64(0.18330102441814633), 1, np.float64(0.40490545253226307), np.float64(0.6168612586270383), np.float64(0.3160521698980527), np.float64(0.5207475355562442), 0, np.float64(0.6882572514784766), np.float64(0.5907377087430123), np.float64(0.4251501151970345), np.float64(0.3679868727160735)]",0.7432883350773574,1.0572364872091735,37820935.55280214,0
1.05724785076701,0.7432179122247795,"[np.float64(0.38694823807434087), np.float64(0.5146674099605664), 1, np.float64(0.5653388853084246), np.float64(0.03970451168462553), np.float64(0.8596750003434781), np.float64(0.8397142088215674), np.float64(0.1398304386383307), np.float64(0.4088627392718912), np.float64(0.9504930821640244), np.float64(0.617938746082046), 1, 0, 0, np.float64(0.18329042701383014), 1, np.float64(0.4063730780965902), np.float64(0.6168828153027607), np.float64(0.31606542492496187), np.float64(0.5207412338253146), 0, np.float64(0.6882650221122634), np.float64(0.5907424236941535), np.float64(0.4251224880073352), np.float64(0.3679847901877533)]",0.7432179122247795,1.05724785076701,37815103.73723173,0
1.0566147071091843,0.745115112467804,"[np.float64(0.40237349619670815), np.float64(0.5037773354982571), 1, np.float64(0.6125220017266726), 0, np.float64(0.9341474774275934), np.float64(0.8474109071370832), np.float64(0.06533878655942507), np.float64(0.41045760944995957), np.float64(0.9875389074435146), np.float64(0.6067521246388133), 1, 0, 0, np.float64(0.1904894214907794), 1, np.float64(0.34745660302872966), np.float64(0.6022390039659279), np.float64(0.3070610628506385), np.float64(0.5250221053297047), 0, np.float64(0.6829863002626285), np.float64(0.5875394783113163), np.float64(0.4438901012949226), np.float64(0.3693994866009095)]",0.745115112467804,1.0566147071091843,8104338.166920192,0
1.0567307638950658,0.7449111072445362,"[np.float64(0.3983630071186355), np.float64(0.5066086997674332), 1, np.float64(0.6023397675532204), np.float64(0.003290524719044829), np.float64(0.9219082808044137), np.float64(0.8454098045113296), np.float64(0.07758113450159775), np.float64(0.4100429512718373), np.float64(0.9814506026439909), np.float64(0.6096605896228491), 1, 0, 0, np.float64(0.18861771934525448), 1, np.float64(0.35961814266291214), np.float64(0.6060463208329672), np.float64(0.3094021514384348), np.float64(0.5239091003947601), 0, np.float64(0.6843587412393826), np.float64(0.588372227907701), np.float64(0.4390106167822959), np.float64(0.3690316726901961)]",0.7449111072445362,1.0567307638950658,37784612.63559275,0
1.0569661332810047,0.744323227475766,"[np.float64(0.3907307093574657), np.float64(0.5119970239224199), 1, np.float64(0.5829621201957831), np.float64(0.01691928702704748), np.float64(0.8986160610359204), np.float64(0.8416015380398123), np.float64(0.10087935149497469), np.float64(0.40925382191057386), np.float64(0.9698640469431447), np.float64(0.6151956429178365), 1, 0, 0, np.float64(0.18505571286256092), 1, np.float64(0.3827625746549709), np.float64(0.6132919648017405), np.float64(0.3138574397684866), np.float64(0.5217909584654893), 0, np.float64(0.6869706117594866), np.float64(0.5899570203747477), np.float64(0.4297245476779061), np.float64(0.3683316919066519)]",0.744323227475766,1.0569661332810047,37889764.53074906,0
1.056697961241668,0.7450366532855681,"[np.float64(0.3997069159031489), np.float64(0.5056599139112873), 1, np.float64(0.6057518187233613), np.float64(0.0008907476190273115), np.float64(0.9260096169599488), np.float64(0.8460803709547509), np.float64(0.07347874234386562), np.float64(0.41018190259605253), np.float64(0.9834907843135061), np.float64(0.6086859674345314), 1, 0, 0, np.float64(0.1892449238847498), 1, np.float64(0.3555428292461653), np.float64(0.6047704947470627), np.float64(0.30861765621672593), np.float64(0.5242820666540269), 0, np.float64(0.6838988383574697), np.float64(0.5880931747857264), np.float64(0.440645724613974), np.float64(0.36915492657171806)]",0.7450366532855681,1.056697961241668,37267436.23522997,0
1.0827844942583638,0.7258184666263714,"[np.float64(0.48746733796630026), np.float64(0.5100947909639442), 1, np.float64(0.7486621505453661), 0, 1, 1, np.float64(0.030652859780117357), np.float64(0.37654989963359853), 1, np.float64(0.6500874469809939), 1, 0, np.float64(0.01915204262978193), np.float64(0.15593695212118713), 1, 0, np.float64(0.6528300049963816), np.float64(0.06423939362248239), np.float64(0.6010105734586453), 0, np.float64(0.6399531021522984), np.float64(0.47965250351629496), np.float64(0.5870198008903498), np.float64(0.4165315535541342)]",0.7258184666263714,1.0827844942583638,2556800.348561296,0
1.0573139594342877,0.7428540899991192,"[np.float64(0.3868269591292759), np.float64(0.5147530316553212), 1, np.float64(0.5600957406368623), np.float64(0.04748808968223209), np.float64(0.8463724857637789), np.float64(0.8396536946023055), np.float64(0.15313637831758017), np.float64(0.4088501998270938), np.float64(0.9438758371066216), np.float64(0.6180266993361643), 1, 0, 0, np.float64(0.18323382592172738), 1, np.float64(0.41421171548931945), np.float64(0.6169979502312378), np.float64(0.31613622046852385), np.float64(0.5207075760689327), 0, np.float64(0.6883065253281018), np.float64(0.590767606406433), np.float64(0.42497493025998023), np.float64(0.3679736673341055)]",0.7428540899991192,1.0573139594342877,37785313.60957134,0
1.0701819062936988,0.7342891618011304,"[np.float64(0.49621850359123426), np.float64(0.37728107036415415), 1, np.float64(0.7155607431808353), np.float64(0.07807870610321097), np.float64(0.8884003270393203), np.float64(0.9433200633708093), 0, np.float64(0.5083226008607213), np.float64(0.9312286390313869), np.float64(0.5384526584888637), np.float64(0.9078866074396184), np.float64(0.1243359108982722), np.float64(0.031158129209463814), np.float64(0.2317306024477454), np.float64(0.8699321416636049), np.float64(0.2922866631809623), np.float64(0.5929123653374246), np.float64(0.2637473926044661), np.float64(0.5431580106750179), np.float64(0.0879338053507111), np.float64(0.6168116666400828), np.float64(0.614967279164457), np.float64(0.5391694995930447), np.float64(0.3642966729559244)]",0.7342891618011304,1.0701819062936988,37539742.08769689,0
1.0578176475882677,0.7412169541446824,"[np.float64(0.38617052131947394), np.float64(0.5152164700348872), 1, np.float64(0.5317165491553455), np.float64(0.08961770163123352), np.float64(0.7743709233253996), np.float64(0.8393261536467596), np.float64(0.22515647954557289), np.float64(0.40878232847749923), np.float64(0.9080591514479752), np.float64(0.6185027575791463), 1, 0, 0, np.float64(0.18292746526767958), 1, np.float64(0.45663934346017887), np.float64(0.6176211327650305), np.float64(0.3165194104075085), np.float64(0.5205253991554514), 0, np.float64(0.6885311667948467), np.float64(0.5909039110591879), np.float64(0.424176255069978), np.float64(0.3679134634653845)]",0.7412169541446824,1.0578176475882677,37668129.614547946,0
1.056688023336305,0.7450782979270005,"[np.float64(0.4001374378908353), np.float64(0.5053559697914305), 1, np.float64(0.6068448713685886), np.float64(0.00012197758120227043), np.float64(0.927323482464958), np.float64(0.8462951873183496), np.float64(0.0721645385479173), np.float64(0.4102264157363654), np.float64(0.9841443577388179), np.float64(0.608373746630119), 1, 0, 0, np.float64(0.18944584923633698), 1, np.float64(0.3542373001411837), np.float64(0.6043617830928378), np.float64(0.30836634270045715), np.float64(0.5244015466195795), 0, np.float64(0.6837515081925466), np.float64(0.5880037799502085), np.float64(0.4411695323916206), np.float64(0.36919441102681977)]",0.7450782979270005,1.056688023336305,34087566.732365124,0
1.0578679271533384,0.7411128385828055,"[np.float64(0.3861195861651697), np.float64(0.5152524297328529), 1, np.float64(0.5295145149709088), np.float64(0.09288667586361), np.float64(0.7687840868601876), np.float64(0.8393007386739129), np.float64(0.23074475449603887), np.float64(0.40877706211774234), np.float64(0.9052800177913686), np.float64(0.6185396964935446), 1, 0, 0, np.float64(0.18290369374362403), 1, np.float64(0.45993144172933664), np.float64(0.6176694875338212), np.float64(0.3165491433667905), np.float64(0.5205112634535459), 0, np.float64(0.6885485974601755), np.float64(0.5909144873825148), np.float64(0.42411428325264167), np.float64(0.3679087920505189)]",0.7411128385828055,1.0578679271533384,37661562.707679056,0
1.057290388784672,0.7429759174286596,"[np.float64(0.38686833763236855), np.float64(0.5147238188553639), 1, np.float64(0.5618846206266366), np.float64(0.044832453074627944), np.float64(0.8509110983018559), np.float64(0.8396743411193702), np.float64(0.14859659718843196), np.float64(0.4088544780920066), np.float64(0.9461335389272149), np.float64(0.6179966910441594), 1, 0, 0, np.float64(0.18325313734023757), 1, np.float64(0.41153729346640566), np.float64(0.6169586679717202), np.float64(0.31611206612238685), np.float64(0.5207190595756188), 0, np.float64(0.6882923650718099), np.float64(0.5907590144539108), np.float64(0.4250252746845793), np.float64(0.36797746227999506)]",0.7429759174286596,1.057290388784672,37795197.98404912,0
1.057370629595836,0.7425896463898132,"[np.float64(0.38673424573717424), np.float64(0.5148184863618571), 1, np.float64(0.5560875450879991), np.float64(0.05343835515048202), np.float64(0.8362031917490191), np.float64(0.8396074336578757), np.float64(0.16330829069777356), np.float64(0.40884061387248627), np.float64(0.9388171912278086), np.float64(0.6180939364359865), 1, 0, 0, np.float64(0.18319055642228793), 1, np.float64(0.4202040718851097), np.float64(0.6170859667436076), np.float64(0.31619034111564687), np.float64(0.5206818459245698), 0, np.float64(0.6883382530440828), np.float64(0.5907868576843567), np.float64(0.424862127668559), np.float64(0.3679651643124888)]",0.7425896463898132,1.057370629595836,37764310.50884376,0
1.081112102366137,0.7314218434570382,"[np.float64(0.49440657608580113), np.float64(0.48712524498226917), np.float64(0.9961760520420797), np.float64(0.7412344810467622), 0, 1, 1, np.float64(0.03257780300027918), np.float64(0.39353272720652227), 1, np.float64(0.6402573951961011), 1, 0, np.float64(0.018734699221791606), np.float64(0.16092050972588332), 1, 0, np.float64(0.6224409416742127), np.float64(0.06970406803102179), np.float64(0.5892253411829149), 0, np.float64(0.6450882952141921), np.float64(0.5061702991996644), np.float64(0.5739722520414743), np.float64(0.40750103052799)]",0.7314218434570382,1.081112102366137,3006915.1462697457,0
1.0574622284179351,0.7422210445282044,"[np.float64(0.3865979359731128), np.float64(0.5149147196610857), 1, np.float64(0.5501945863989398), np.float64(0.06218659813560217), np.float64(0.8212520176370494), np.float64(0.8395394195524962), np.float64(0.17826331440219587), np.float64(0.4088265203399206), np.float64(0.9313798317419723), np.float64(0.6181927902585596), 1, 0, 0, np.float64(0.1831269404211262), 1, np.float64(0.42901419810276065), np.float64(0.6172153710266639), np.float64(0.3162699107708279), np.float64(0.5206440167628072), 0, np.float64(0.6883848999996256), np.float64(0.5908151614395336), np.float64(0.42469628221437383), np.float64(0.3679526629376161)]",0.7422210445282044,1.0574622284179351,37736346.70843287,0
1.057044847572972,0.7441980637178118,"[np.float64(0.38863332514239757), np.float64(0.5134777557258665), 1, np.float64(0.5776370696062454), np.float64(0.020664522319248455), np.float64(0.8922152711814051), np.float64(0.8405550120480239), np.float64(0.10728178940951046), np.float64(0.4090369661853713), np.float64(0.9666800177301339), np.float64(0.616716696442442), 1, 0, 0, np.float64(0.1840768600446349), 1, np.float64(0.38912275187104184), np.float64(0.6152830950961354), np.float64(0.31508176980767466), np.float64(0.5212088850733414), 0, np.float64(0.6876883636308219), np.float64(0.5903925273227932), np.float64(0.42717270085942016), np.float64(0.3681393345468898)]",0.7441980637178118,1.057044847572972,37891411.93821745,0
1.057293668477161,0.7429585027064388,"[np.float64(0.38686247125640566), np.float64(0.5147279604567914), 1, np.float64(0.5616310048167801), np.float64(0.04520895201965044), np.float64(0.8502676432344122), np.float64(0.8396714139900067), np.float64(0.1492402179311432), np.float64(0.40885387154733793), np.float64(0.9458134565969764), np.float64(0.6180009454252933), 1, 0, 0, np.float64(0.1832503994924932), 1, np.float64(0.41191645568584817), np.float64(0.6169642371558564), np.float64(0.31611549056901944), np.float64(0.5207174315184743), 0, np.float64(0.6882943726211636), np.float64(0.5907602325652485), np.float64(0.4250181371783802), np.float64(0.3679769242571648)]",0.7429585027064388,1.057293668477161,37793778.11938057,0
1.0735869562852303,0.7336419870687779,"[np.float64(0.5213544507062833), np.float64(0.43280355659233494), 1, np.float64(0.7510559794309664), np.float64(0.01829946843140076), np.float64(0.8988917395644068), np.float64(0.9641242543578125), 0, np.float64(0.5298205790190664), np.float64(0.943889749674623), np.float64(0.5439010191177238), np.float64(0.8779345204304937), np.float64(0.11666753916714251), np.float64(0.06155593736310069), np.float64(0.21051992514366658), np.float64(0.8481925489484385), np.float64(0.3486869274905174), np.float64(0.5979679724161596), np.float64(0.2659067478280839), np.float64(0.5647832263611342), np.float64(0.04275744908842121), np.float64(0.6069924758638983), np.float64(0.6232735005942573), np.float64(0.6070186463141027), np.float64(0.3621327036838304)]",0.7336419870687779,1.0735869562852303,38117811.92481909,0
1.057221595601689,0.7433849889413362,"[np.float64(0.3870017291437074), np.float64(0.514629645812709), 1, np.float64(0.5676514170935207), np.float64(0.03627150102999556), np.float64(0.8655421830581013), np.float64(0.8397408991122727), np.float64(0.1339617452555736), np.float64(0.40886826989644537), np.float64(0.9534116721483924), np.float64(0.6178999535808865), 1, 0, 0, np.float64(0.1833153913878381), 1, np.float64(0.40291578304599834), np.float64(0.6168320341020964), np.float64(0.31603419997219295), np.float64(0.5207560788536943), 0, np.float64(0.6882467167799062), np.float64(0.5907313166532022), np.float64(0.4251875695571056), np.float64(0.36798969601320974)]",0.7433849889413362,1.057221595601689,37828944.06384145,0
1.0568904351072694,0.7444701524404513,"[np.float64(0.39291621983056463), np.float64(0.5104540758821732), 1, np.float64(0.5885109146177143), np.float64(0.013016687352404972), np.float64(0.9052857942982613), np.float64(0.8426920361464503), np.float64(0.09420790092570958), np.float64(0.40947978931090845), np.float64(0.973181860218221), np.float64(0.6136106789497244), 1, 0, 0, np.float64(0.1860756943565717), 1, np.float64(0.37613516046131684), np.float64(0.6112171727438801), np.float64(0.31258166678233), np.float64(0.5223974889645329), 0, np.float64(0.6862227019484848), np.float64(0.5895032146346153), np.float64(0.43238361601048825), np.float64(0.3685321315882884)]",0.7444701524404513,1.0568904351072694,37885192.205721945,0
1.0571488693505664,0.7439555815569008,"[np.float64(0.3871751740698836), np.float64(0.5145071954688518), 1, np.float64(0.5751498071892056), np.float64(0.02513995539807753), np.float64(0.8845665376812207), np.float64(0.8398274424466237), np.float64(0.1149324922872524), np.float64(0.40888620296039163), np.float64(0.9628752074706715), np.float64(0.6177741687988757), 1, 0, 0, np.float64(0.18339633843298261), 1, np.float64(0.39170549519945064), np.float64(0.6166673759319635), np.float64(0.3159329529847613), np.float64(0.5208042138953357), 0, np.float64(0.6881873616939652), np.float64(0.590695302045144), np.float64(0.4253985966449732), np.float64(0.36800560316451936)]",0.7439555815569008,1.0571488693505664,37874819.64785602,0
1.056686673906693,0.7450840991927147,"[np.float64(0.4001968471449032), np.float64(0.5053140274657062), 1, np.float64(0.6069957055748947), np.float64(1.589228055957301e-05), np.float64(0.9275047874199446), np.float64(0.8463248305892812), np.float64(0.07198318691096567), np.float64(0.41023255826227084), np.float64(0.9842345466508526), np.float64(0.6083306621753752), 1, 0, 0, np.float64(0.1894735756373166), 1, np.float64(0.3540571455555659), np.float64(0.6043053835239404), np.float64(0.3083316630581491), np.float64(0.5244180340832458), 0, np.float64(0.6837311775812187), np.float64(0.5879914440402026), np.float64(0.4412418144822804), np.float64(0.36919985962664037)]",0.7450840991927147,1.056686673906693,26692637.721867766,0
1.0574550775300684,0.7422480443868223,"[np.float64(0.38660820609696356), np.float64(0.5149074690586917), 1, np.float64(0.5506385855210911), np.float64(0.06152747045276759), np.float64(0.8223784990076333), np.float64(0.8395445440077446), np.float64(0.17713654298789036), np.float64(0.4088275822031403), np.float64(0.9319401922089421), np.float64(0.6181853422154356), 1, 0, 0, np.float64(0.18313173350557851), 1, np.float64(0.4283504078892061), np.float64(0.6172056211894241), np.float64(0.3162639156741516), np.float64(0.5206468669634451), 0, np.float64(0.6883813854310693), np.float64(0.5908130289211986), np.float64(0.4247087776754752), np.float64(0.3679536048412951)]",0.7422480443868223,1.0574550775300684,37738335.31496705,0
1.0562154766426544,0.7458367074757574,"[np.float64(0.42005518529490593), np.float64(0.4912942438461594), 1, np.float64(0.6574140574024726), 0, np.float64(0.9881083947346602), np.float64(0.8562334905660267), np.float64(0.011363975524785849), np.float64(0.41228577974162556), 1, np.float64(0.5939291066478434), 1, 0, 0, np.float64(0.19874149618225467), 1, np.float64(0.2938380645959152), np.float64(0.5854530729159259), np.float64(0.296739528555214), np.float64(0.5299291894387352), 0, np.float64(0.6769353986932237), np.float64(0.583868001049246), np.float64(0.46540307051941404), np.float64(0.37102112702645873)]",0.7458367074757574,1.0562154766426544,796008.0334765022,0
1.0572996945551831,0.7429269076853146,"[np.float64(0.3868517870776858), np.float64(0.5147355033776881), 1, np.float64(0.5611691052290557), np.float64(0.04589465338654472), np.float64(0.8490957461411685), np.float64(0.8396660829349473), np.float64(0.1504124167616399), np.float64(0.4088527668735696), np.float64(0.9452305043888363), np.float64(0.6180086937470278), 1, 0, 0, np.float64(0.18324541316792184), 1, np.float64(0.41260700756011937), np.float64(0.6169743800718596), np.float64(0.3161217273666729), np.float64(0.5207144664078831), 0, np.float64(0.6882980288846249), np.float64(0.5907624510591387), np.float64(0.42500513794472594), np.float64(0.3679759443792793)]",0.7429269076853146,1.0572996945551831,37791207.778102696,0
1.0851633693288685,0.7162510014652809,"[np.float64(0.481967754162872), np.float64(0.5480508764152698), 1, np.float64(0.763904235703804), 0, 1, 1, np.float64(0.02609676237400321), np.float64(0.3514813657689933), 1, np.float64(0.6733539376338207), 1, 0, np.float64(0.026312769983983075), np.float64(0.14414150089012806), 1, 0, np.float64(0.7069067326368093), np.float64(0.05130519970069402), np.float64(0.6260601185100901), 0, np.float64(0.6326232067050976), np.float64(0.4325999515329304), np.float64(0.6066114035783411), np.float64(0.43563350403769996)]",0.7162510014652809,1.0851633693288685,1892276.536803808,0
1.056340306848685,0.7454311057618004,"[np.float64(0.4126712745277586), np.float64(0.49650720932390924), 1, np.float64(0.6386670399980267), 0, np.float64(0.9655742015308328), np.float64(0.8525491610648552), np.float64(0.03390397077863504), np.float64(0.41152233196093885), 1, np.float64(0.5992840260837076), 1, 0, 0, np.float64(0.19529541233657172), 1, np.float64(0.31622927965766606), np.float64(0.592462913227468), np.float64(0.3010498231087606), np.float64(0.5278799807354977), 0, np.float64(0.6794622679872795), np.float64(0.5854012177196771), np.float64(0.45641920906772604), np.float64(0.3703439265547077)]",0.7454311057618004,1.056340306848685,3605784.803458312,0
1.0567891875055273,0.7447228643718549,"[np.float64(0.39619755423047576), np.float64(0.508137487357865), 1, np.float64(0.5968418973509614), np.float64(0.007157308173439757), np.float64(0.9152997592100459), np.float64(0.8443293144822869), np.float64(0.08419135764225617), np.float64(0.40981905769378885), np.float64(0.9781632386952375), np.float64(0.6112310075387654), 1, 0, 0, np.float64(0.1876070987606076), 1, np.float64(0.3661847335730575), np.float64(0.6081020714273141), np.float64(0.31066621598148486), np.float64(0.5233081363467368), 0, np.float64(0.6850997870866807), np.float64(0.5888218688326607), np.float64(0.43637595212546654), np.float64(0.3688330725494765)]",0.7447228643718549,1.0567891875055273,37862272.53723776,0
1.0577152241845014,0.7414526337223031,"[np.float64(0.38628029345317255), np.float64(0.5151389720312635), 1, np.float64(0.5364622300942729), np.float64(0.08257262085361532), np.float64(0.7864113101228651), np.float64(0.8393809263442292), np.float64(0.21311299261819155), np.float64(0.4087936781937263), np.float64(0.9140485596570319), np.float64(0.6184231492319172), 1, 0, 0, np.float64(0.182978696111141), 1, np.float64(0.44954442726158517), np.float64(0.617516921710462), np.float64(0.3164553318663488), np.float64(0.5205558635013572), 0, np.float64(0.6884936013579485), np.float64(0.59088111765463), np.float64(0.4243098127024446), np.float64(0.3679235309950541)]",0.7414526337223031,1.0577152241845014,37683264.125981435,0
1.0567125620807374,0.7449786639764295,"[np.float64(0.39909509518117625), np.float64(0.5060918530831967), 1, np.float64(0.6041984665655517), np.float64(0.0019832573003578853), np.float64(0.9241424646080573), np.float64(0.8457750924639245), np.float64(0.0753463754456667), np.float64(0.4101186443597198), np.float64(0.9825619821236684), np.float64(0.6091296687167751), 1, 0, 0, np.float64(0.1889593861022749), 1, np.float64(0.35739813462524395), np.float64(0.6053513205039776), np.float64(0.3089748013135219), np.float64(0.5241122720305781), 0, np.float64(0.6841082112825458), np.float64(0.5882202150168214), np.float64(0.4399013341719973), np.float64(0.36909881466914873)]",0.7449786639764295,1.0567125620807374,37669325.758956075,0
1.057154914759417,0.7438997746648597,"[np.float64(0.38715879663931196), np.float64(0.5145187577673245), 1, np.float64(0.5744417763122066), np.float64(0.02619104475399911), np.float64(0.8827701746864627), np.float64(0.8398192706454588), np.float64(0.11672931780524606), np.float64(0.4088845096418484), np.float64(0.9619816189632396), np.float64(0.6177860459496218), 1, 0, 0, np.float64(0.18338869505798708), 1, np.float64(0.39276401974060127), np.float64(0.6166829236784954), np.float64(0.315942513169333), np.float64(0.5207996687736078), 0, np.float64(0.6881929662614813), np.float64(0.5906987027023788), np.float64(0.42537867054187817), np.float64(0.3680041011415319)]",0.7438997746648597,1.057154914759417,37870558.48411359,0
1.0576978832237762,0.7414960539009157,"[np.float64(0.3862997697320553), np.float64(0.5151252219775788), 1, np.float64(0.5373042307217624), np.float64(0.08132265008823764), np.float64(0.7885475711503447), np.float64(0.8393906443691518), np.float64(0.21097618155134604), np.float64(0.40879569191279175), np.float64(0.9151112281202549), np.float64(0.6184090247513248), 1, 0, 0, np.float64(0.1829877857239693), 1, np.float64(0.44828561446568066), np.float64(0.6174984321039192), np.float64(0.3164439627556649), np.float64(0.5205612686262906), 0, np.float64(0.6884869363246587), np.float64(0.5908770735435346), np.float64(0.42433350911435896), np.float64(0.36792531722265936)]",0.7414960539009157,1.0576978832237762,37686100.157587886,0
1.057665528296248,0.7415801057865985,"[np.float64(0.3863368728994727), np.float64(0.5150990275208795), 1, np.float64(0.5389082789301165), np.float64(0.07894140083349888), np.float64(0.7926172423142748), np.float64(0.8394091576338178), np.float64(0.20690546253824502), np.float64(0.4087995281361312), np.float64(0.9171356582558827), np.float64(0.6183821169949066), 1, 0, 0, np.float64(0.18300510183597185), 1, np.float64(0.44588752075410687), np.float64(0.6174632085906822), np.float64(0.31642230410004435), np.float64(0.5205715656268892), 0, np.float64(0.6884742391432577), np.float64(0.5908693693341251), np.float64(0.42437865182071177), np.float64(0.3679287200647671)]",0.7415801057865985,1.057665528296248,37691638.06396071,0
1.057179531177994,0.743690861583958,"[np.float64(0.3870963942794087), np.float64(0.5145628131951545), 1, np.float64(0.5717439906360151), np.float64(0.030195974342410604), np.float64(0.8759255546085376), np.float64(0.8397881339127998), np.float64(0.1235757002195331), np.float64(0.40887805764849694), np.float64(0.9585768094357561), np.float64(0.6178313010482313), 1, 0, 0, np.float64(0.1833595717693699), 1, np.float64(0.39679727935932974), np.float64(0.6167421647218638), np.float64(0.3159789400114904), np.float64(0.5207823506527571), 0, np.float64(0.6882143211521468), np.float64(0.5907116601095707), np.float64(0.42530274679722463), np.float64(0.36799837803505114)]",0.743690861583958,1.057179531177994,37854040.252057895,0
1.0571844497251839,0.7436521375524336,"[np.float64(0.38708463196068726), np.float64(0.5145711172718649), 1, np.float64(0.5712354807813484), np.float64(0.030950869803872193), np.float64(0.8746354014315116), np.float64(0.8397822649012104), np.float64(0.1248661855821049), np.float64(0.40887684150214754), np.float64(0.9579350315461083), np.float64(0.6178398312527689), 1, 0, 0, np.float64(0.18335408227500685), 1, np.float64(0.3975575147926529), np.float64(0.6167533311590717), np.float64(0.3159858061641188), np.float64(0.5207790863329875), 0, np.float64(0.688218346368992), np.float64(0.5907141024715812), np.float64(0.42528843581147796), np.float64(0.3679972992777316)]",0.7436521375524336,1.0571844497251839,37850905.041205235,0
1.0563449679019044,0.7454208719605896,"[np.float64(0.41244235117607514), np.float64(0.496668826868732), 1, np.float64(0.6380858263033287), 0, np.float64(0.9648755740421782), np.float64(0.8524349358142107), np.float64(0.034602778148219944), np.float64(0.4114986627928921), 1, np.float64(0.5994500446264434), 1, 0, 0, np.float64(0.1951885734148927), 1, np.float64(0.316923474395637), np.float64(0.5926802392745302), np.float64(0.30118345515105593), np.float64(0.52781644912746), 0, np.float64(0.6795406085044259), np.float64(0.5854487520290859), np.float64(0.4561406824523002), np.float64(0.37032293131158467)]",0.7454208719605896,1.0563449679019044,3702879.0788686047,0
1.0571877462382122,0.7436266757189639,"[np.float64(0.38707686375075623), np.float64(0.5145766015486217), 1, np.float64(0.5708996446765267), np.float64(0.031449426811171924), np.float64(0.8737833431800937), np.float64(0.83977838881902), np.float64(0.12571846321943791), np.float64(0.40887603832036234), np.float64(0.9575111809861984), np.float64(0.6178454648715453), 1, 0, 0, np.float64(0.18335045683808088), 1, np.float64(0.398059598487456), np.float64(0.6167607058298716), np.float64(0.3159903407900118), np.float64(0.5207769304722382), 0, np.float64(0.6882210047504058), np.float64(0.5907157154852457), np.float64(0.4252789843806646), np.float64(0.36799658683203773)]",0.7436266757189639,1.0571877462382122,37848834.41571723,0
1.0575368386176454,0.741959832643544,"[np.float64(0.3864957574026396), np.float64(0.5149868566867406), 1, np.float64(0.5457771912192769), np.float64(0.06874433058072117), np.float64(0.8100445329188661), np.float64(0.839488435794234), np.float64(0.18947368479666507), np.float64(0.40881595574815865), np.float64(0.9258047449857816), np.float64(0.618266891643342), 1, 0, 0, np.float64(0.18307925350667306), 1, np.float64(0.43561831856916194), np.float64(0.6173123732094998), np.float64(0.31632955663461043), np.float64(0.520615659809087), 0, np.float64(0.6884198668214605), np.float64(0.590836378094576), np.float64(0.42457196352345095), np.float64(0.3679432918362703)]",0.741959832643544,1.0575368386176454,37717557.49693396,0
1.0574160297152684,0.7424015074706505,"[np.float64(0.3866656594185205), np.float64(0.5148669076013145), 1, np.float64(0.5531224138280032), np.float64(0.057840165873061636), np.float64(0.8286802824478985), np.float64(0.8395732113324492), np.float64(0.17083313697953859), np.float64(0.40883352249849586), np.float64(0.9350749713571309), np.float64(0.6181436762313843), 1, 0, 0, np.float64(0.1831585470694936), 1, np.float64(0.4246370200917493), np.float64(0.6171510784650898), np.float64(0.3162303777906642), np.float64(0.5206628116098901), 0, np.float64(0.6883617241650191), np.float64(0.5908010991466982), np.float64(0.4247786800208696), np.float64(0.3679588740567134)]",0.7424015074706505,1.0574160297152684,37749811.432209894,0
1.0567867823666257,0.7447298830230169,"[np.float64(0.3962820011010102), np.float64(0.5080778687310041), 1, np.float64(0.5970562995832722), np.float64(0.007006513961502165), np.float64(0.9155574738759041), np.float64(0.8443714507033496), np.float64(0.08393357662064395), np.float64(0.4098277889444673), np.float64(0.9782914370962731), np.float64(0.6111697654405625), 1, 0, 0, np.float64(0.18764651026022405), 1, np.float64(0.3659286540917287), np.float64(0.6080219026528092), np.float64(0.31061692084539677), np.float64(0.5233315723371649), 0, np.float64(0.6850708882807686), np.float64(0.5888043340392766), np.float64(0.43647869699994224), np.float64(0.36884081742375346)]",0.7447298830230169,1.0567867823666257,37861046.47053953,0
1.0569353681597575,0.7443794036133293,"[np.float64(0.39159647035472916), np.float64(0.511385805513498), 1, np.float64(0.5851602015371776), np.float64(0.01537332390867004), np.float64(0.9012581874369427), np.float64(0.8420335244063558), np.float64(0.09823654480558326), np.float64(0.409343335900221), np.float64(0.9711783546827416), np.float64(0.6145677804561601), 1, 0, 0, np.float64(0.18545976500795874), 1, np.float64(0.3801372123919202), np.float64(0.6124700634367104), np.float64(0.31335205921489423), np.float64(0.522031227480983), 0, np.float64(0.6866743372040424), np.float64(0.589777251247591), np.float64(0.4307779023425231), np.float64(0.3684110934289968)]",0.7443794036133293,1.0569353681597575,37888425.015992716,0
1.0571740473829194,0.7437351279615259,"[np.float64(0.3871097639437856), np.float64(0.5145533743488515), 1, np.float64(0.5723219894345795), np.float64(0.029337920824347295), np.float64(0.8773920099376562), np.float64(0.8397948049371984), np.float64(0.12210886731101353), np.float64(0.4088794399838093), np.float64(0.9593062876272943), np.float64(0.6178216051732565), 1, 0, 0, np.float64(0.18336581141471292), 1, np.float64(0.3959331561509901), np.float64(0.6167294723674657), np.float64(0.3159711355846272), np.float64(0.5207860610487064), 0, np.float64(0.688209745880932), np.float64(0.5907088839936414), np.float64(0.4253190134093501), np.float64(0.36799960420683314)]",0.7437351279615259,1.0571740473829194,37857600.869022526,0
1.095591325284191,0.7030502193017598,"[np.float64(0.5408007970881794), np.float64(0.5730938872338762), np.float64(0.9913717769826252), np.float64(0.8050306577363706), 0, 1, 1, np.float64(0.009362866377642094), np.float64(0.3662894012685616), 1, np.float64(0.7588084396078631), 1, 0, np.float64(0.09877363049987764), np.float64(0.10081849074863951), 1, 0, np.float64(0.7806590065324536), np.float64(0.0037997500600614378), np.float64(0.7009440871382757), 0, np.float64(0.6398850518607961), np.float64(0.3677120782024601), np.float64(0.598928703486135), np.float64(0.491985164797183)]",0.7030502193017598,1.095591325284191,524981.1160763288,0
1.0573012729527698,0.7429187106220547,"[np.float64(0.3868490066692328), np.float64(0.5147374663176174), 1, np.float64(0.5610489023054791), np.float64(0.046073097600810575), np.float64(0.848790776272213), np.float64(0.8396646956022435), np.float64(0.1507174651535058), np.float64(0.4088524793976331), np.float64(0.9450787992096453), np.float64(0.6180107101396597), 1, 0, 0, np.float64(0.18324411554651815), 1, np.float64(0.41278671405125883), np.float64(0.6169770196242419), np.float64(0.31612335040625034), np.float64(0.520713694779219), 0, np.float64(0.6882989803761809), np.float64(0.5907630283912226), np.float64(0.4250017550755244), np.float64(0.3679756893797302)]",0.7429187106220547,1.0573012729527698,37790542.189521946,0
1.0573156617968469,0.742845584686763,"[np.float64(0.38682404008050764), np.float64(0.5147550924738951), 1, np.float64(0.5599695439999514), np.float64(0.047675431712246794), np.float64(0.8460523090935601), np.float64(0.8396522380926277), np.float64(0.15345663742612), np.float64(0.40884989801666105), np.float64(0.9437165674079637), np.float64(0.6180288162727682), 1, 0, 0, np.float64(0.1832324635966503), 1, np.float64(0.4144003827374867), np.float64(0.6170007214003882), np.float64(0.31613792443819577), np.float64(0.5207067659643242), 0, np.float64(0.6883075242641579), np.float64(0.5907682125261945), np.float64(0.42497137870978796), np.float64(0.36797339961943976)]",0.742845584686763,1.0573156617968469,37784627.96960345,0
1.0572951817763359,0.7429505214322397,"[np.float64(0.3868597772553202), np.float64(0.5147298623940031), 1, np.float64(0.561514537466006), np.float64(0.045381850683660616), np.float64(0.849972150981426), np.float64(0.8396700697717477), np.float64(0.14953578626676592), np.float64(0.4088535930053546), np.float64(0.9456664659931429), np.float64(0.6180028991540459), 1, 0, 0, np.float64(0.18324914219755645), 1, np.float64(0.41209057739867483), np.float64(0.6169667946782864), np.float64(0.31611706316903754), np.float64(0.5207166838698846), 0, np.float64(0.6882952945430063), np.float64(0.5907607919554557), np.float64(0.425014859439352), np.float64(0.36797667718229304)]",0.7429505214322397,1.0572951817763359,37793128.13744476,0
1.0565867619010934,0.7451309855200833,"[np.float64(0.4032575120417521), np.float64(0.5031532293535158), 1, np.float64(0.614766430316815), 0, np.float64(0.9368453139095965), np.float64(0.8478520020744557), np.float64(0.06264025544495488), np.float64(0.41054901087073425), np.float64(0.9888809277825459), np.float64(0.6061110234961371), 1, 0, 0, np.float64(0.19090199320501083), 1, np.float64(0.34477588416191407), np.float64(0.6013997725475035), np.float64(0.3065450261862878), np.float64(0.5252674404943067), 0, np.float64(0.6826837786633374), np.float64(0.5873559186945645), np.float64(0.44496566627985), np.float64(0.36948056232977156)]",0.7451309855200833,1.0565867619010934,7716049.595030922,0
1.0569642435179534,0.7443265502580269,"[np.float64(0.3907830777469679), np.float64(0.5119600523750638), 1, np.float64(0.5830950783449808), np.float64(0.01682577438441847), np.float64(0.8987758787049077), np.float64(0.8416276681500556), np.float64(0.10071949267651724), np.float64(0.40925923645741824), np.float64(0.9699435471514591), np.float64(0.6151576646004361), 1, 0, 0, np.float64(0.18508015327994665), 1, np.float64(0.3826037710197755), np.float64(0.6132422494057451), np.float64(0.3138268701704555), np.float64(0.5218054919238322), 0, np.float64(0.6869526906226276), np.float64(0.589946146450303), np.float64(0.42978826328479414), np.float64(0.3683364947677906)]",0.7443265502580269,1.0569642435179534,37889697.11371095,0
1.0571596251818975,0.7438576353246971,"[np.float64(0.38714634990857466), np.float64(0.5145275450319178), 1, np.float64(0.5739036778821074), np.float64(0.026989865187809242), np.float64(0.881404951588475), np.float64(0.8398130601347017), np.float64(0.11809489241760278), np.float64(0.40888322273180067), np.float64(0.9613024980539344), np.float64(0.6177950724997034), 1, 0, 0, np.float64(0.18338288614735992), 1, np.float64(0.39356849086229695), np.float64(0.6166947398552641), np.float64(0.31594977884160313), np.float64(0.5207962145134254), 0, np.float64(0.6881972256929266), np.float64(0.5907012871776874), np.float64(0.42536352684526585), np.float64(0.3680029596147458)]",0.7438576353246971,1.0571596251818975,37867292.353508264,0
1.056506631593421,0.7451919310308595,"[np.float64(0.40594081395509135), np.float64(0.5012588456479524), 1, np.float64(0.6215790678549833), 0, np.float64(0.945034205358341), np.float64(0.8491908817970887), np.float64(0.0544492555400797), np.float64(0.4108264466300836), np.float64(0.9929544359256987), np.float64(0.6041650539386552), 1, 0, 0, np.float64(0.19215429481973106), 1, np.float64(0.3366389507519782), np.float64(0.5988524072673256), np.float64(0.30497867171813176), np.float64(0.5260121198123036), 0, np.float64(0.6817655182150035), np.float64(0.5867987500944731), np.float64(0.44823038783224795), np.float64(0.3697266559485689)]",0.7451919310308595,1.056506631593421,6534734.247446119,0
1.0568924122445433,0.7444659216222357,"[np.float64(0.39285663638062795), np.float64(0.5104961411883991), 1, np.float64(0.5883596381453673), np.float64(0.013123083709319803), np.float64(0.9051039577329283), np.float64(0.8426623059574887), np.float64(0.09438978430988532), np.float64(0.4094736287742966), np.float64(0.973091406860249), np.float64(0.6136538897338446), 1, 0, 0, np.float64(0.18604788665808078), 1, np.float64(0.37631584328424433), np.float64(0.6112737376838473), np.float64(0.3126164481099818), np.float64(0.5223809531574206), 0, np.float64(0.6862430921718808), np.float64(0.589515586715157), np.float64(0.43231112197908333), np.float64(0.3685266670124453)]",0.7444659216222357,1.0568924122445433,37885378.1233351,0
1.1107108509209904,0.6886849579515544,"[np.float64(0.7611845923456426), np.float64(0.517624481298558), np.float64(0.8463120350072424), np.float64(0.8883818957461261), np.float64(0.057154779526870744), 1, 1, 0, np.float64(0.5094964901316995), np.float64(0.8314175476261282), np.float64(0.9781259875381269), 1, np.float64(0.049005184928222714), np.float64(0.31858751281040854), 0, np.float64(0.7687931019643977), 0, np.float64(0.8413345667151712), 0, np.float64(0.8627273868222584), 0, np.float64(0.6917259175121544), np.float64(0.32142093161005336), np.float64(0.5002341799669358), np.float64(0.6127979665088649)]",0.6886849579515544,1.1107108509209904,37821586.14673247,0
1.0567127303426176,0.7449780163542209,"[np.float64(0.39908817817782244), np.float64(0.5060967364168163), 1, np.float64(0.6041809049797809), np.float64(0.001995608783167247), np.float64(0.9241213553212738), np.float64(0.845771641105922), np.float64(0.07536749016761864), np.float64(0.41011792918709294), np.float64(0.9825514814530775), np.float64(0.6091346850281669), 1, 0, 0, np.float64(0.18895615792492146), 1, np.float64(0.35741910997483345), np.float64(0.6053578870905025), np.float64(0.30897883905487916), np.float64(0.5241103523996508), 0, np.float64(0.6841105783701141), np.float64(0.5882216512834809), np.float64(0.439892918387767), np.float64(0.36909818029014796)]",0.7449780163542209,1.0567127303426176,37671233.819124654,0
1.057172078719019,0.7437513144143798,"[np.float64(0.3871146326262142), np.float64(0.5145499371088547), 1, np.float64(0.5725324728479968), np.float64(0.029025452989076304), np.float64(0.8779260327142837), np.float64(0.8397972342501829), np.float64(0.12157470703548216), np.float64(0.40887994337353223), np.float64(0.9595719336115937), np.float64(0.6178180743339782), 1, 0, 0, np.float64(0.1833680836371701), 1, np.float64(0.39561847798391403), np.float64(0.6167248503335018), np.float64(0.3159682935330346), np.float64(0.5207874122224572), 0, np.float64(0.6882080797551459), np.float64(0.590707873046286), np.float64(0.42532493704111785), np.float64(0.36800005072821473)]",0.7437513144143798,1.057172078719019,37858895.88969971,0
1.1173776944291804,0.6865082406195515,"[np.float64(0.7993577191426803), np.float64(0.5442915455949756), np.float64(0.8307456707338157), np.float64(0.920000818332985), np.float64(0.05356426402760695), 1, 1, 0, np.float64(0.512981283987048), np.float64(0.82985481660017), 1, 1, np.float64(0.051487845863415704), np.float64(0.3692053706517348), 0, np.float64(0.754234859007405), 0, np.float64(0.9086802289413615), 0, np.float64(0.9196008968751448), 0, np.float64(0.6947181441511533), np.float64(0.26558629941380735), np.float64(0.5001287972221354), np.float64(0.6556614693138864)]",0.6865082406195515,1.1173776944291804,37733090.86927908,0
1.0569841855837276,0.744292285012585,"[np.float64(0.3902355180750672), np.float64(0.5123466239028951), 1, np.float64(0.5817048786225292), np.float64(0.01780353506033834), np.float64(0.8971048380021769), np.float64(0.8413544538173727), np.float64(0.10239096363480049), np.float64(0.40920262239076866), np.float64(0.9691122993625833), np.float64(0.6155547628349384), 1, 0, 0, np.float64(0.18482460623998512), 1, np.float64(0.3842642090666736), np.float64(0.6137620695907535), np.float64(0.31414650343065637), np.float64(0.5216535312514209), 0, np.float64(0.6871400725893416), np.float64(0.590059843330383), np.float64(0.4291220580198586), np.float64(0.36828627643771916)]",0.744292285012585,1.0569841855837276,37890327.941810004,0
1.0571674497963086,0.7437900189049259,"[np.float64(0.38712623130988366), np.float64(0.5145417485568172), 1, np.float64(0.5730339084141325), np.float64(0.02828105948398008), np.float64(0.8791982375354626), np.float64(0.8398030216132438), np.float64(0.12030217465005719), np.float64(0.4088811426010941), np.float64(0.960204783214164), np.float64(0.617809662799959), 1, 0, 0, np.float64(0.18337349676277323), 1, np.float64(0.39486881879558877), np.float64(0.6167138392415599), np.float64(0.3159615229009637), np.float64(0.5207906311296556), 0, np.float64(0.6882041105363212), np.float64(0.5907054646619327), np.float64(0.4253390489352611), np.float64(0.3680011144780758)]",0.7437900189049259,1.0571674497963086,37861975.77502058,0
1.0564669512200022,0.7452321086655297,"[np.float64(0.4073652517225814), np.float64(0.5002532071534886), 1, np.float64(0.6251955741293412), 0, np.float64(0.9493812995841088), np.float64(0.849901629564071), np.float64(0.05010104203491643), np.float64(0.410973724121187), np.float64(0.995116868269387), np.float64(0.6031320309611499), 1, 0, 0, np.float64(0.19281908237398596), 1, np.float64(0.3323194385856261), np.float64(0.5975001318134752), np.float64(0.3041471683935797), np.float64(0.5264074347561607), 0, np.float64(0.6812780572787233), np.float64(0.5865029757006621), np.float64(0.44996347372036827), np.float64(0.36985729538321865)]",0.7452321086655297,1.0564669512200022,5907725.047418315,0
1.057165551638823,0.7438061616130329,"[np.float64(0.38713105098951783), np.float64(0.514538345912292), 1, np.float64(0.5732422733333593), np.float64(0.027971736605753143), np.float64(0.8797268854270509), np.float64(0.8398054264754398), np.float64(0.11977339064347756), np.float64(0.40888164092425056), np.float64(0.9604677554985964), np.float64(0.6178061674982197), 1, 0, 0, np.float64(0.18337574611554203), 1, np.float64(0.394557307832322), np.float64(0.6167092637278987), np.float64(0.31595870945433197), np.float64(0.5207919687039797), 0, np.float64(0.6882024611799221), np.float64(0.5907044638896599), np.float64(0.4253449129462764), np.float64(0.368001556505265)]",0.7438061616130329,1.057165551638823,37863252.81276013,0
1.1188293981075188,0.6863492009502726,"[np.float64(0.7950923813638469), np.float64(0.5633619044675969), np.float64(0.8382959567493227), np.float64(0.9269117181209512), np.float64(0.03911292997685627), 1, 1, 0, np.float64(0.4996321428195525), np.float64(0.8567844216163845), 1, 1, np.float64(0.04494945642194322), np.float64(0.3711741272166642), 0, np.float64(0.7814130317966335), 0, np.float64(0.9327199976274457), 0, np.float64(0.9307831491040026), 0, np.float64(0.6907444173136379), np.float64(0.2427594926480373), np.float64(0.5104678855058787), np.float64(0.6642067771890043)]",0.6863492009502726,1.1188293981075188,37701438.61358447,0
1.0573350903241274,0.7427511302407415,"[np.float64(0.38679134839348833), np.float64(0.5147781724705547), 1, np.float64(0.5585562133966234), np.float64(0.049773555963342334), np.float64(0.8424665123752898), np.float64(0.8396359260121156), np.float64(0.1570433574067295), np.float64(0.40884651791136334), np.float64(0.9419328373117729), np.float64(0.6180525247594674), 1, 0, 0, np.float64(0.1832172063301315), 1, np.float64(0.416513348678637), np.float64(0.617031756919742), np.float64(0.31615700792998613), np.float64(0.5206976932531721), 0, np.float64(0.6883187117801918), np.float64(0.5907750007230055), np.float64(0.42493160336633307), np.float64(0.3679704013673522)]",0.7427511302407415,1.0573350903241274,37777056.43362116,0
1.107247966151649,0.6942044759164895,"[np.float64(0.6824665310027732), np.float64(0.5326861597132401), np.float64(0.8968732661461636), np.float64(0.8563595834378892), np.float64(0.02020050043995021), 1, 1, 0, np.float64(0.4611373898543602), np.float64(0.9123204027992471), np.float64(0.8972833561277324), 1, np.float64(0.023994540981742696), np.float64(0.2384301011775001), np.float64(0.030615633390061046), np.float64(0.8799908583329761), 0, np.float64(0.8132813039606422), 0, np.float64(0.8011618109525042), 0, np.float64(0.6739932691456595), np.float64(0.34421839457889114), np.float64(0.5332612304590426), np.float64(0.5667719954507655)]",0.6942044759164895,1.107247966151649,37808584.74377563,0
1.0571949556150204,0.7435722910500255,"[np.float64(0.38706017927227276), np.float64(0.5145883806197794), 1, np.float64(0.5701783394704862), np.float64(0.03252022223700598), np.float64(0.8719533015503429), np.float64(0.839770063811009), np.float64(0.12754897604391854), np.float64(0.4088743132550857), np.float64(0.9566008392717236), np.float64(0.6178575646979011), 1, 0, 0, np.float64(0.1833426701632972), 1, np.float64(0.39913796849511674), np.float64(0.6167765450692041), np.float64(0.3160000802111674), np.float64(0.5207723001375015), 0, np.float64(0.688226714393669), np.float64(0.5907191798988004), np.float64(0.4252586846983124), np.float64(0.36799505664877086)]",0.7435722910500255,1.0571949556150204,37844390.919326514,0
1.056649475711685,0.7450987163701313,"[np.float64(0.40130606096388266), np.float64(0.5045309338547284), 1, np.float64(0.6098118894949629), 0, np.float64(0.9308898822957449), np.float64(0.846878291935883), np.float64(0.06859722044905536), np.float64(0.4103472436715494), np.float64(0.9859184389857585), np.float64(0.6075262441880658), 1, 0, 0, np.float64(0.18999124763302924), 1, np.float64(0.3506935289093928), np.float64(0.6032523627077903), np.float64(0.30768416900879825), np.float64(0.5247258669760425), 0, np.float64(0.6833515903369914), np.float64(0.5877611236622942), np.float64(0.4425913734875632), np.float64(0.3693015889331249)]",0.7450987163701313,1.056649475711685,8572161.873546429,0
1.0577236426800367,0.7414319467294549,"[np.float64(0.3862709372464589), np.float64(0.5151455774175066), 1, np.float64(0.5360577415381546), np.float64(0.08317309412355235), np.float64(0.7853850720058303), np.float64(0.8393762579036832), np.float64(0.21413949496855544), np.float64(0.4087927108235242), np.float64(0.9135380645121493), np.float64(0.6184299344890468), 1, 0, 0, np.float64(0.18297432955338733), 1, np.float64(0.45014914815325097), np.float64(0.6175258039297971), np.float64(0.31646079347173806), np.float64(0.520553266934195), 0, np.float64(0.6884968031722984), np.float64(0.5908830604045572), np.float64(0.42429842918665206), np.float64(0.36792267290944064)]",0.7414319467294549,1.0577236426800367,37681918.59889503,0
1.1150955328514922,0.6869152516147817,"[np.float64(0.7900995190748522), np.float64(0.5334263546713879), np.float64(0.8333620959789148), np.float64(0.9102493314089938), np.float64(0.057594617313955654), 1, 1, 0, np.float64(0.5147207561109768), np.float64(0.8243869268062859), 1, 1, np.float64(0.05213438856500909), np.float64(0.35540829994152223), 0, np.float64(0.7526698061661985), 0, np.float64(0.8867874927914604), 0, np.float64(0.9023097234475438), 0, np.float64(0.694718259020659), np.float64(0.2849247068892147), np.float64(0.49809471576798336), np.float64(0.6426062751068083)]",0.6869152516147817,1.1150955328514922,37772780.63491485,0
1.0569122904869028,0.7444246361755845,"[np.float64(0.39226554483555026), np.float64(0.5109134457734423), 1, np.float64(0.5868589153126246), np.float64(0.014178577929044717), np.float64(0.9033000666110051), np.float64(0.8423673706466351), np.float64(0.09619413989336824), np.float64(0.4094125137984385), np.float64(0.9721940735373555), np.float64(0.6140825579156426), 1, 0, 0, np.float64(0.18577202321808975), 1, np.float64(0.37810828882217046), np.float64(0.6118348844082813), np.float64(0.31296149272762963), np.float64(0.5222169113675371), 0, np.float64(0.686445371305843), np.float64(0.5896383226797758), np.float64(0.4315919523258057), np.float64(0.3684724562444935)]",0.7444246361755845,1.0569122904869028,37887000.46483138,0
1.1074724164258059,0.6935102224926711,"[np.float64(0.7249518734403825), np.float64(0.48186584823290224), np.float64(0.8583339592688185), np.float64(0.8534220020925227), np.float64(0.06790566078113949), 1, np.float64(0.981880656730429), 0, np.float64(0.5123290466045511), np.float64(0.8194327812352008), np.float64(0.9074663056295921), 1, np.float64(0.04961511735580886), np.float64(0.26693017481159476), np.float64(0.02545316664637401), np.float64(0.7705052735468594), 0, np.float64(0.7635974190613695), 0, np.float64(0.8004359430513428), 0, np.float64(0.6906100973032064), np.float64(0.38818838687336565), np.float64(0.49544122306950344), np.float64(0.5657954221380836)]",0.6935102224926711,1.1074724164258059,37771761.170473196,0
1.0574450094843724,0.742286705545231,"[np.float64(0.3866228221103486), np.float64(0.5148971503027368), 1, np.float64(0.5512704666168415), np.float64(0.060589427331306143), np.float64(0.8239816604718679), np.float64(0.8395518369194552), np.float64(0.1755329687454868), np.float64(0.4088290934027381), np.float64(0.93273767393406), np.float64(0.6181747424700408), 1, 0, 0, np.float64(0.1831385548241457), 1, np.float64(0.4274057292478227), np.float64(0.6171917456263178), np.float64(0.31625538370174905), np.float64(0.5206509232505238), 0, np.float64(0.6883763836431837), np.float64(0.5908099940097427), np.float64(0.42472656069633874), np.float64(0.3679549453194606)]",0.742286705545231,1.0574450094843724,37741197.988534525,0
1.0574937777966775,0.7421062225844876,"[np.float64(0.38655366632968247), np.float64(0.5149459735765504), 1, np.float64(0.5482807163125901), np.float64(0.06502778563423928), np.float64(0.816396289572668), np.float64(0.839517330451146), np.float64(0.18312029270779365), np.float64(0.40882194315012316), np.float64(0.928964382967862), np.float64(0.6182248952475687), 1, 0, 0, np.float64(0.18310627970245147), 1, np.float64(0.43187548356471916), np.float64(0.6172573979607483), np.float64(0.3162957527953299), np.float64(0.5206317308967577), 0, np.float64(0.6884000496413494), np.float64(0.5908243537168297), np.float64(0.42464242019523035), np.float64(0.36794860283662617)]",0.7421062225844876,1.0574937777966775,37727987.32515843,0
1.0572427482231281,0.7432491968947469,"[np.float64(0.38695835478031415), np.float64(0.5146602676696246), 1, np.float64(0.5657762518520509), np.float64(0.03905523022872313), np.float64(0.8607846540318109), np.float64(0.8397192567263224), np.float64(0.13872049923902752), np.float64(0.40886378527271205), np.float64(0.951045071815346), np.float64(0.6179314092997972), 1, 0, 0, np.float64(0.18329514849789535), 1, np.float64(0.405719203760108), np.float64(0.6168732111112166), np.float64(0.31605951938465515), np.float64(0.5207440414488873), 0, np.float64(0.6882615600452793), np.float64(0.590740323031952), np.float64(0.4251347968078717), np.float64(0.3679857180210213)]",0.7432491968947469,1.0572427482231281,37817693.48711096,0
1.056379780637728,0.7453515691897591,"[np.float64(0.41080052228618613), np.float64(0.49782794127209723), 1, np.float64(0.6339173855211329), 0, np.float64(0.9598650463449863), np.float64(0.8516157170010843), np.float64(0.03961459594406649), np.float64(0.4113289084903577), 1, np.float64(0.6006407228063514), 1, 0, 0, np.float64(0.19442232905018622), 1, np.float64(0.321902210586717), np.float64(0.5942388927712929), np.float64(0.30214185867800947), np.float64(0.5273608030401106), 0, np.float64(0.6801024634805739), np.float64(0.5857896661467339), np.float64(0.4541431009891319), np.float64(0.37017235428894324)]",0.7453515691897591,1.056379780637728,4407143.190087908,0
1.0816120939609848,0.7283228014013509,"[np.float64(0.4786537444914438), np.float64(0.5086325286308595), 1, np.float64(0.7435854705065769), 0, 1, 1, np.float64(0.03290842925174264), np.float64(0.3729860033295314), 1, np.float64(0.6385689956946043), 1, 0, np.float64(0.009088537666775476), np.float64(0.16177648041246512), 1, 0, np.float64(0.6449080073980447), np.float64(0.07064267484094719), np.float64(0.5916132364893041), 0, np.float64(0.6384873676930866), np.float64(0.48635540973849156), np.float64(0.5892429583183), np.float64(0.4094741705808657)]",0.7283228014013509,1.0816120939609848,2784840.553839359,0
1.056412995974309,0.7452999294954532,"[np.float64(0.4094276353496777), np.float64(0.49879718540715834), 1, np.float64(0.6304317616959408), 0, np.float64(0.9556752747659557), np.float64(0.850930691409435), np.float64(0.043805446295434716), np.float64(0.411186961015928), np.float64(0.9982477632527348), np.float64(0.6016363603717811), 1, 0, 0, np.float64(0.19378160035735037), 1, np.float64(0.326065398309353), np.float64(0.5955422289699839), np.float64(0.3029432696473018), np.float64(0.5269797946629006), 0, np.float64(0.6805722830590428), np.float64(0.586074736376325), np.float64(0.4524727360002564), np.float64(0.3700464427347028)]",0.7452999294954532,1.056412995974309,5003740.942343581,0
1.0564932146542607,0.745204690620867,"[np.float64(0.4064145766592995), np.float64(0.5009243740245045), 1, np.float64(0.6227819043926193), 0, np.float64(0.9464800327316747), np.float64(0.8494272738612284), np.float64(0.05300305589858154), np.float64(0.41087543057592285), np.float64(0.993673652881465), np.float64(0.6038214743379862), 1, 0, 0, np.float64(0.19237540068803632), 1, np.float64(0.33520229706903293), np.float64(0.5984026454802738), np.float64(0.30470211680461523), np.float64(0.5261436000925166), 0, np.float64(0.6816033905203869), np.float64(0.5867003766310298), np.float64(0.44880680575356413), np.float64(0.369770106138706)]",0.745204690620867,1.0564932146542607,6326082.630490085,0
1.1058330185730803,0.6959386791178707,"[np.float64(0.6882356497746289), np.float64(0.5017404382296689), np.float64(0.8853033463265417), np.float64(0.844571994417839), np.float64(0.042313748616095395), 1, 1, 0, np.float64(0.4822209042435465), np.float64(0.8719834455406696), np.float64(0.879826772687885), 1, np.float64(0.03430096069441456), np.float64(0.2339857651806008), np.float64(0.039465626356259303), np.float64(0.8372607415317808), 0, np.float64(0.7700238398590747), 0, np.float64(0.781939653464281), 0, np.float64(0.6802183015961334), np.float64(0.3818840959812049), np.float64(0.5168640545739593), np.float64(0.5520983354170013)]",0.6959386791178707,1.1058330185730803,37750453.382542916,0
1.057528139707985,0.7419885114991202,"[np.float64(0.38650723739532644), np.float64(0.514978751929323), 1, np.float64(0.5462734955238158), np.float64(0.06800755456042992), np.float64(0.8113037190868356), np.float64(0.839494163934384), np.float64(0.18821417441646107), np.float64(0.408817142703854), np.float64(0.9264311185481952), np.float64(0.618258566185749), 1, 0, 0, np.float64(0.18308461123899056), 1, np.float64(0.43487633075012844), np.float64(0.6173014747956308), np.float64(0.3163228552873822), np.float64(0.5206188457767496), 0, np.float64(0.6884159382202176), np.float64(0.590833994355563), np.float64(0.42458593100857067), np.float64(0.3679443447006275)]",0.7419885114991202,1.057528139707985,37719580.90066423,0
1.0570197387177944,0.7442353365688668,"[np.float64(0.3892855595151896), np.float64(0.513017284929836), 1, np.float64(0.5792930280169174), np.float64(0.019499847209071854), np.float64(0.8942057577723408), np.float64(0.840880455626249), np.float64(0.10529079031286126), np.float64(0.4091044029272413), np.float64(0.967670171695144), np.float64(0.6162436865930893), 1, 0, 0, np.float64(0.18438125894740576), 1, np.float64(0.3871448948014752), np.float64(0.6146639030523593), np.float64(0.3147010335889775), np.float64(0.5213898954343038), 0, np.float64(0.6874651606343192), np.float64(0.5902570954839035), np.float64(0.42796626180889186), np.float64(0.36819915290586996)]",0.7442353365688668,1.0570197387177944,37891086.9945035,0
1.0744635362115573,0.7327345372605741,"[np.float64(0.5120095232916642), np.float64(0.4063710131667997), 1, np.float64(0.7371928192789285), np.float64(0.05301708803688814), np.float64(0.8931035809483479), np.float64(0.9547142593073705), 0, np.float64(0.5286115130860276), np.float64(0.9370857427370914), np.float64(0.5415387140925065), np.float64(0.8821194247602311), np.float64(0.12954525367894795), np.float64(0.052334145736643856), np.float64(0.2186431443888529), np.float64(0.8461847707265683), np.float64(0.3294970720349794), np.float64(0.602067163699568), np.float64(0.2657935725311059), np.float64(0.5559158873240675), np.float64(0.07017735007690387), np.float64(0.6079408258768357), np.float64(0.6237486023720904), np.float64(0.5791709372880761), np.float64(0.3619028881147083)]",0.7327345372605741,1.0744635362115573,37575168.92304698,0
1.0571914500321822,0.7435985185694776,"[np.float64(0.38706824127647776), np.float64(0.5145826889272702), 1, np.float64(0.5705268769216247), np.float64(0.03200280976682612), np.float64(0.8728375847078319), np.float64(0.8397740864869145), np.float64(0.12666446520332292), np.float64(0.4088751468132654), np.float64(0.9570407198911494), np.float64(0.6178517180152459), 1, 0, 0, np.float64(0.18334643271451578), 1, np.float64(0.39861689595785127), np.float64(0.6167688914878093), np.float64(0.31599537408538775), np.float64(0.5207745375330638), 0, np.float64(0.6882239554720736), np.float64(0.5907175058808397), np.float64(0.42526849358293806), np.float64(0.36799579603921356)]",0.7435985185694776,1.0571914500321822,37846537.142338775,0
1.0572428098448858,0.743248815855662,"[np.float64(0.3869582318448949), np.float64(0.5146603544607731), 1, np.float64(0.5657709370945068), np.float64(0.039063120117801886), np.float64(0.8607711698264063), np.float64(0.8397191953855768), np.float64(0.13873398691631303), np.float64(0.4088637725619987), np.float64(0.9510383641894282), np.float64(0.6179314984543504), 1, 0, 0, np.float64(0.1832950911237239), 1, np.float64(0.4057271494606041), np.float64(0.616873327818702), np.float64(0.3160595911471513), np.float64(0.5207440073314205), 0, np.float64(0.6882616021153618), np.float64(0.5907403485586193), np.float64(0.4251346472347242), np.float64(0.3679857067462475)]",0.743248815855662,1.0572428098448858,37817661.94607199,0
1.0568687890960828,0.7445180329860058,"[np.float64(0.3935784904145268), np.float64(0.5099865196237086), 1, np.float64(0.5901923539735678), np.float64(0.011834090884756263), np.float64(0.9073069093635482), np.float64(0.8430224874651615), np.float64(0.092186265468563), np.float64(0.4095482637309664), np.float64(0.9741872501086873), np.float64(0.6131303906941243), 1, 0, 0, np.float64(0.18638477717634483), 1, np.float64(0.37412686925328303), np.float64(0.6105884529254796), np.float64(0.3121950720114768), np.float64(0.5225812846098691), 0, np.float64(0.6859960644313555), np.float64(0.5893656988476985), np.float64(0.43318938782402594), np.float64(0.36859287039811817)]",0.7445180329860058,1.0568687890960828,37882796.57034653,0
1.0574441445997325,0.7422900627660802,"[np.float64(0.3866240863884989), np.float64(0.5148962577352939), 1, np.float64(0.5513251240286745), np.float64(0.060508287051035725), np.float64(0.8241203331699034), np.float64(0.8395524677528217), np.float64(0.17539426034233757), np.float64(0.40882922412077877), np.float64(0.9328066557209376), np.float64(0.6181738255971461), 1, 0, 0, np.float64(0.18313914486493135), 1, np.float64(0.42732401499826045), np.float64(0.6171905453967617), np.float64(0.3162546456902268), np.float64(0.5206512741174113), 0, np.float64(0.6883759509909295), np.float64(0.5908097314913567), np.float64(0.42472809891911756), np.float64(0.3679550612701792)]",0.7422900627660802,1.0574441445997325,37741447.38351572,0
1.0570596107744425,0.7441772068689906,"[np.float64(0.38825653204242655), np.float64(0.5137437678005441), 1, np.float64(0.5766804292803004), np.float64(0.021337350314105673), np.float64(0.8910653753090994), np.float64(0.8403670046386931), np.float64(0.10843198135424761), np.float64(0.4089980082584647), np.float64(0.9661080098791404), np.float64(0.6169899522763711), 1, 0, 0, np.float64(0.18390101005728776), 1, np.float64(0.3902653517210797), np.float64(0.6156407997792743), np.float64(0.315301719546754), np.float64(0.5211043161363472), 0, np.float64(0.687817307078888), np.float64(0.5904707657360674), np.float64(0.42671426398053025), np.float64(0.3681047777282743)]",0.7441772068689906,1.0570596107744425,37891540.85542415,0
1.105627265459639,0.6964207610672828,"[np.float64(0.6942828845424712), np.float64(0.4885439637266654), np.float64(0.8782463563836592), np.float64(0.8413295871388129), np.float64(0.05298135960143386), 1, np.float64(0.9975760765938876), 0, np.float64(0.493012002066333), np.float64(0.85188691211129), np.float64(0.8766042179469685), 1, np.float64(0.03964083745654871), np.float64(0.23598049587228087), np.float64(0.04109937026087687), np.float64(0.8147671571917791), 0, np.float64(0.7538976640057178), 0, np.float64(0.7770938778832124), 0, np.float64(0.6835676682419968), np.float64(0.39600268684967643), np.float64(0.5086881144958951), np.float64(0.5483532991186522)]",0.6964207610672828,1.105627265459639,37739647.300266154,0
1.0564489524195004,0.7452529092552977,"[np.float64(0.40803591292119545), np.float64(0.4997797272069004), 1, np.float64(0.6268983164239589), 0, np.float64(0.9514280210980144), np.float64(0.8502362675245321), np.float64(0.04805379353606415), np.float64(0.4110430660755823), np.float64(0.9961349959128958), np.float64(0.6026456577098213), 1, 0, 0, np.float64(0.19313208110803798), 1, np.float64(0.3302857034003971), np.float64(0.5968634464507065), np.float64(0.3037556756734181), np.float64(0.526593558994178), 0, np.float64(0.6810485483852744), np.float64(0.5863637176621574), np.float64(0.4507794542325081), np.float64(0.36991880372133495)]",0.7452529092552977,1.0564489524195004,5613061.052629497,0
1.0571489512760794,0.7439548116179625,"[np.float64(0.3871749489352091), np.float64(0.5145073544116294), 1, np.float64(0.5751400741422326), np.float64(0.025154404347136842), np.float64(0.8845418437222752), np.float64(0.8398273301117988), np.float64(0.11495719260433933), np.float64(0.4088861796829479), np.float64(0.9628629236293871), np.float64(0.6177743320698146), 1, 0, 0, np.float64(0.1833962333622431), 1, np.float64(0.39172004635733926), np.float64(0.6166675896612687), np.float64(0.31593308440519585), np.float64(0.5208041514151746), 0, np.float64(0.6881874387379483), np.float64(0.5906953487927615), np.float64(0.425398322727968), np.float64(0.3680055825167471)]",0.7439548116179625,1.0571489512760794,37874761.40814797,0
1.056138286936043,0.7459862437209891,"[np.float64(0.40923912297697995), np.float64(0.4989302732141473), 1, np.float64(0.6384576559265001), 0, np.float64(0.9964214982393687), np.float64(0.8508366299130318), np.float64(0.0025406655146446916), np.float64(0.4111674700771685), 1, np.float64(0.6017730722850604), 1, 0, 0, np.float64(0.19369362130901796), 1, np.float64(0.3137630679918816), np.float64(0.5957211912666628), np.float64(0.3030533121273559), np.float64(0.5269274780508799), 0, np.float64(0.6806367944190987), np.float64(0.5861138796327263), np.float64(0.45224337664155717), np.float64(0.3700291537029488)]",0.7459862437209891,1.056138286936043,73647.69389334867,0
1.0565664338693295,0.7451441696590605,"[np.float64(0.4039163621704391), np.float64(0.5026880879014904), 1, np.float64(0.6164391854758251), 0, np.float64(0.938855990441368), np.float64(0.8481807466980733), np.float64(0.060629061209012146), np.float64(0.41061713163822633), np.float64(0.9898811250957821), np.float64(0.6056332158044292), 1, 0, 0, np.float64(0.19120947969242832), 1, np.float64(0.3427779652555089), np.float64(0.6007742999034025), np.float64(0.3061604280768526), np.float64(0.5254502868829496), 0, np.float64(0.6824583116700239), np.float64(0.5872191131409122), np.float64(0.44576727649159387), np.float64(0.3695409874394499)]",0.7451441696590605,1.0565664338693295,7426267.500305724,0
1.0564072550474375,0.7453081721980638,"[np.float64(0.409656816043296), np.float64(0.49863538618156167), 1, np.float64(0.6310136287562988), 0, np.float64(0.9563746876098325), np.float64(0.8510450450652719), np.float64(0.04310585336841637), np.float64(0.4112106567914373), np.float64(0.9985956813968194), np.float64(0.6014701552009329), 1, 0, 0, np.float64(0.19388855938095267), 1, np.float64(0.3253704231991931), np.float64(0.5953246586179828), np.float64(0.30280948738386004), np.float64(0.5270433976893708), 0, np.float64(0.6804938544761744), np.float64(0.5860271486316898), np.float64(0.45275157571863833), np.float64(0.3700674615794219)]",0.7453081721980638,1.0564072550474375,4903784.674172777,0
1.0560899224810711,0.7460097226050977,"[np.float64(0.4119745890358816), np.float64(0.4969990621553604), 1, np.float64(0.6422169568716503), 0, np.float64(0.9976172298366985), np.float64(0.8522015378348752), np.float64(0.001344626043210839), np.float64(0.41145029926588295), 1, np.float64(0.5997892725308526), 1, 0, 0, np.float64(0.19497026802012615), 1, np.float64(0.31029052456490014), np.float64(0.5931243044873888), np.float64(0.30145650728681606), np.float64(0.5276866341447282), 0, np.float64(0.6797006827288106), np.float64(0.5855458795179949), np.float64(0.4555715653011909), np.float64(0.3702800314510642)]",0.7460097226050977,1.0560899224810711,29337.751043277058,0
1.0572731744736192,0.7430700796418009,"[np.float64(0.38689978149119736), np.float64(0.5147016198126437), 1, np.float64(0.5632440049845993), np.float64(0.042814413359584816), np.float64(0.8543600266404718), np.float64(0.8396900305745069), np.float64(0.145146780828019), np.float64(0.4088577291800812), np.float64(0.9478491847823882), np.float64(0.617973887500605), 1, 0, 0, np.float64(0.18326781224319522), 1, np.float64(0.4095049785624869), np.float64(0.6169288170653212), np.float64(0.3160937110395959), np.float64(0.5207277859851337), 0, np.float64(0.6882816045786422), np.float64(0.5907524853597682), np.float64(0.4250635318196033), np.float64(0.3679803460900388)]",0.7430700796418009,1.0572731744736192,37802908.94414788,0
1.1088608000557594,0.6917736042626541,"[np.float64(0.698733500983598), np.float64(0.5474790662396006), np.float64(0.8911435518466212), np.float64(0.8714577384442338), np.float64(0.01644058443423449), 1, 1, 0, np.float64(0.46060696346284347), np.float64(0.9156083938337581), np.float64(0.9293608406378975), 1, np.float64(0.024078822806932448), np.float64(0.26118596422588114), np.float64(0.014353258036572307), np.float64(0.877760671198774), 0, np.float64(0.8471864111629124), 0, np.float64(0.8281249669507302), 0, np.float64(0.6747023911829151), np.float64(0.31590510303543773), np.float64(0.5348223651835005), np.float64(0.5871114448710668)]",0.6917736042626541,1.1088608000557594,37848030.87130139,0
1.0571484786769292,0.743959258456089,"[np.float64(0.38717624890366875), np.float64(0.5145064366471932), 1, np.float64(0.5751962745214402), np.float64(0.025070973493620478), np.float64(0.8846844311217512), np.float64(0.83982797875346), np.float64(0.11481456849180158), np.float64(0.4088863140911317), np.float64(0.9629338527577694), np.float64(0.6177733893137887), 1, 0, 0, np.float64(0.18339684005975745), 1, np.float64(0.3916360253314972), np.float64(0.6166663555494816), np.float64(0.31593232555976175), np.float64(0.5208045121869614), 0, np.float64(0.688186993872011), np.float64(0.5906950788635362), np.float64(0.42539990437445613), np.float64(0.3680057017407304)]",0.743959258456089,1.0571484786769292,37875097.612123504,0
1.0570899376669693,0.7441366469544454,"[np.float64(0.38749682961771614), np.float64(0.5142801099420281), 1, np.float64(0.5747516201400799), np.float64(0.022693927860630125), np.float64(0.8887469180910073), np.float64(0.8399879380243015), np.float64(0.11075103552314385), np.float64(0.4089194600272607), np.float64(0.9649547091648053), np.float64(0.617540899519349), 1, 0, 0, np.float64(0.18354645562998226), 1, np.float64(0.39256909846329513), np.float64(0.6163620155211011), np.float64(0.31574518931864165), np.float64(0.5208934808663012), 0, np.float64(0.6880772870258508), np.float64(0.5906285125532845), np.float64(0.42578994873034115), np.float64(0.3680351031538343)]",0.7441366469544454,1.0570899376669693,37891692.55625212,0
1.0578408927846648,0.7411679547475469,"[np.float64(0.38614675238899343), np.float64(0.515233250656694), 1, np.float64(0.5306889681425743), np.float64(0.09114317107043204), np.float64(0.7717638216220359), np.float64(0.8393142937293605), np.float64(0.22776425251923046), np.float64(0.408779870926508), np.float64(0.9067622665051045), np.float64(0.6185199951530842), 1, 0, 0, np.float64(0.18291637226697288), 1, np.float64(0.45817560374962985), np.float64(0.617643697556548), np.float64(0.31653328531673), np.float64(0.5205188027188552), 0, np.float64(0.6885393008287588), np.float64(0.5909088465089246), np.float64(0.42414733587186937), np.float64(0.3679112835459025)]",0.7411679547475469,1.0578408927846648,37665031.08576522,0
1.0570395175179474,0.7442057827989947,"[np.float64(0.38877055745781974), np.float64(0.5133808711148132), 1, np.float64(0.5779854888500311), np.float64(0.020419470741546594), np.float64(0.8926340762844258), np.float64(0.8406234864763001), np.float64(0.10686287647355627), np.float64(0.4090511551036764), np.float64(0.9668883494693231), np.float64(0.6166171735722101), 1, 0, 0, np.float64(0.18414090660210222), 1, np.float64(0.3887066040619824), np.float64(0.6151528149983623), np.float64(0.3150016616210527), np.float64(0.5212469702647794), 0, np.float64(0.6876414009663304), np.float64(0.5903640320063732), np.float64(0.427339668764007), np.float64(0.3681519205316984)]",0.7442057827989947,1.0570395175179474,37891354.87512128,0
1.1160777686787462,0.686722281274821,"[np.float64(0.7939042934638463), np.float64(0.5384916818327552), np.float64(0.832445000531119), np.float64(0.914541081312497), np.float64(0.05553782107612886), 1, 1, 0, np.float64(0.5136531701991701), np.float64(0.8273524563936451), 1, 1, np.float64(0.05169827746296128), np.float64(0.3612859012703836), 0, np.float64(0.7540084230981048), 0, np.float64(0.8966577529824764), 0, np.float64(0.9098930600111335), 0, np.float64(0.6946191580972527), np.float64(0.27618626135038876), np.float64(0.49921172734387587), np.float64(0.6483344057324996)]",0.686722281274821,1.1160777686787462,37756837.459277384,0
1.0562331978942459,0.7457573150339545,"[np.float64(0.4187991090673382), np.float64(0.49218102081546755), 1, np.float64(0.6542250043867872), 0, np.float64(0.9842751056710004), np.float64(0.855606749690238), np.float64(0.015198251574520287), np.float64(0.412155909725783), 1, np.float64(0.5948400313889516), 1, 0, 0, np.float64(0.19815528324804288), 1, np.float64(0.2976470316639568), np.float64(0.5866455160604921), np.float64(0.29747275227544273), np.float64(0.5295805987774134), 0, np.float64(0.6773652441437614), np.float64(0.58412881636408), np.float64(0.46387482686140097), np.float64(0.370905928530609)]",0.7457573150339545,1.0562331978942459,1205100.8081267118,0
1.0573555478105694,0.7426565073048593,"[np.float64(0.3867580790425202), np.float64(0.5148016602920538), 1, np.float64(0.5571179091620224), np.float64(0.05190875418799265), np.float64(0.838817354427275), np.float64(0.8396193256962231), np.float64(0.16069345493118087), np.float64(0.4088430780794149), np.float64(0.9401175886044321), np.float64(0.6180766521764604), 1, 0, 0, np.float64(0.18320167946685498), 1, np.float64(0.4186636508468403), np.float64(0.6170633408384688), np.float64(0.31617642862815004), np.float64(0.5206884602267035), 0, np.float64(0.6883300969802633), np.float64(0.5907819088676362), np.float64(0.4248911251903217), np.float64(0.36796735013598164)]",0.7426565073048593,1.0573555478105694,37769555.76081139,0
1.0568843533010748,0.7444833131692711,"[np.float64(0.39310043495875935), np.float64(0.5103240218858505), 1, np.float64(0.588978618565302), np.float64(0.012687739992872241), np.float64(0.9058479813859327), np.float64(0.8427839534586677), np.float64(0.09364556908745511), np.float64(0.409498835942866), np.float64(0.9734615163467627), np.float64(0.6134770834606322), 1, 0, 0, np.float64(0.18616166787350893), 1, np.float64(0.37557654041793975), np.float64(0.6110422899924037), np.float64(0.3124741327818825), np.float64(0.5224486129902516), 0, np.float64(0.6861596611608026), np.float64(0.5894649636705394), np.float64(0.43260774699489424), np.float64(0.36854902650693666)]",0.7444833131692711,1.0568843533010748,37884588.648518145,0
1.0576875076228074,0.7415225676931083,"[np.float64(0.3863115574782131), np.float64(0.5151168999493585), 1, np.float64(0.5378138398581529), np.float64(0.08056612271585706), np.float64(0.7898405133427565), np.float64(0.8393965260681987), np.float64(0.20968290645527937), np.float64(0.4087969106881707), np.float64(0.915754393386565), np.float64(0.6184004761064404), 1, 0, 0, np.float64(0.1829932870853606), 1, np.float64(0.4475237355776437), np.float64(0.6174872415274342), np.float64(0.31643708175998864), np.float64(0.5205645400027712), 0, np.float64(0.6884829024062175), np.float64(0.5908746259016974), np.float64(0.42434785103717587), np.float64(0.3679263983120049)]",0.7415225676931083,1.0576875076228074,37687840.081328854,0
1.057133004109562,0.7440839830127309,"[np.float64(0.38644914323613744), np.float64(0.5150197658115137), 1, np.float64(0.572091648283805), np.float64(0.024564749612437504), np.float64(0.8855495924347231), np.float64(0.8394651768527012), np.float64(0.11394918441916976), np.float64(0.4088111361501046), np.float64(0.9633642213461907), np.float64(0.6183006969145677), 1, 0, 0, np.float64(0.18305749859505116), 1, np.float64(0.3957461372747025), np.float64(0.6173566258926295), np.float64(0.3163567672543387), np.float64(0.5206027232828067), 0, np.float64(0.6884358187891529), np.float64(0.5908460571954499), np.float64(0.42451524896842086), np.float64(0.36793901671207924)]",0.7440839830127309,1.057133004109562,37891714.93683486,0
1.0834703322988772,0.7247346781387223,"[np.float64(0.4923967454794002), np.float64(0.5092940487521747), 1, np.float64(0.750734885335337), 0, 1, 1, np.float64(0.029290954595940874), np.float64(0.3794944814872836), 1, np.float64(0.6570422487363636), 1, 0, np.float64(0.024220836288479375), np.float64(0.15241106477739977), 1, 0, np.float64(0.6560227275126435), np.float64(0.060373114176483535), np.float64(0.6049791581636776), 0, np.float64(0.6410400299767133), np.float64(0.47803714862134705), np.float64(0.5850183233331357), np.float64(0.4194998859856072)]",0.7247346781387223,1.0834703322988772,2422705.4676999412,0
1.0594073485846238,0.7370793639400696,"[np.float64(0.5877751538839932), np.float64(0.39777555872097886), 1, np.float64(0.731039382669272), 0, np.float64(0.967752213177276), 1, np.float64(0.0024361209182409693), np.float64(0.513065998500727), 1, np.float64(0.6087431441431457), 1, 0, 0, np.float64(0.2061561615584299), 1, np.float64(0.2914734991983206), np.float64(0.5606908921344851), np.float64(0.24960259008685548), np.float64(0.6158833556023352), 0, np.float64(0.6834609884765471), np.float64(0.5541581593291055), np.float64(0.5108116518988919), np.float64(0.42407013659941833)]",0.7370793639400696,1.0594073485846238,146226.90177716935,0
1.0578340592972169,0.7411822000353226,"[np.float64(0.38615369904172897), np.float64(0.5152283463909142), 1, np.float64(0.5309892865964982), np.float64(0.09069734089471398), np.float64(0.7725257671455963), np.float64(0.8393177598814329), np.float64(0.22700211081176405), np.float64(0.4087805891646858), np.float64(0.9071412911037683), np.float64(0.6185149573395298), 1, 0, 0, np.float64(0.1829196142817437), 1, np.float64(0.457726619864935), np.float64(0.6176371028226852), np.float64(0.31652923026780055), np.float64(0.5205207305781825), 0, np.float64(0.6885369235947907), np.float64(0.5909074040857814), np.float64(0.424155787729929), np.float64(0.36791192064413647)]",0.7411822000353226,1.0578340592972169,37665930.40773365,0
1.0571517154774004,0.7439290570961371,"[np.float64(0.387167405039361), np.float64(0.5145126803249379), 1, np.float64(0.5748139356084774), np.float64(0.02563856507023804), np.float64(0.883714389422986), np.float64(0.839823565954985), np.float64(0.1157848599545769), np.float64(0.40888539969376264), np.float64(0.9624513121374851), np.float64(0.6177798030127571), 1, 0, 0, np.float64(0.18339271261308515), 1, np.float64(0.39220763193165475), np.float64(0.6166747513817837), np.float64(0.3159374880896677), np.float64(0.520802057806853), 0, np.float64(0.688190020356196), np.float64(0.5906969152291986), np.float64(0.42538914421576185), np.float64(0.36800489064356656)]",0.7439290570961371,1.0571517154774004,37872804.05263178,0
1.0570818254629928,0.744147204295532,"[np.float64(0.3876982099467608), np.float64(0.5141379374894738), 1, np.float64(0.575262904830885), np.float64(0.022334329123272063), np.float64(0.8893614898789457), np.float64(0.8400884202092374), np.float64(0.11013630549673545), np.float64(0.408940281428024), np.float64(0.9652604237048488), np.float64(0.6173948555770522), 1, 0, 0, np.float64(0.18364044017565784), 1, np.float64(0.3919584260975201), np.float64(0.6161708371614208), np.float64(0.31562763527948196), np.float64(0.5209493686385065), 0, np.float64(0.6880083720855248), np.float64(0.590586697357066), np.float64(0.42603496428270704), np.float64(0.368053572344231)]",0.744147204295532,1.0570818254629928,37891665.04025963,0
1.0573592213852763,0.7426400036573316,"[np.float64(0.3867522215636296), np.float64(0.5148057956122393), 1, np.float64(0.5568646779913733), np.float64(0.05228468212659477), np.float64(0.8381748752376648), np.float64(0.839616403006207), np.float64(0.16133609954479203), np.float64(0.408842472454645), np.float64(0.9397979917179591), np.float64(0.618080900105308), 1, 0, 0, np.float64(0.18319894577138954), 1, np.float64(0.4190422380206831), np.float64(0.6170689015762602), np.float64(0.316179847881193), np.float64(0.5206868346387055), 0, np.float64(0.6883321014849243), np.float64(0.5907831251315598), np.float64(0.42488399850901837), np.float64(0.36796681292912836)]",0.7426400036573316,1.0573592213852763,37768256.69389226,0
1.0567649651027622,0.7447962145898201,"[np.float64(0.39706513919660247), np.float64(0.5075249812455815), 1, np.float64(0.5990446095684733), np.float64(0.005608088049259856), np.float64(0.9179474519929028), np.float64(0.8447622109495215), np.float64(0.08154298313781158), np.float64(0.4099087602698131), np.float64(0.9794803153934746), np.float64(0.6106018223083525), 1, 0, 0, np.float64(0.18801200215540875), 1, np.float64(0.3635538402465404), np.float64(0.6072784384960629), np.float64(0.31015977070171885), np.float64(0.5235489115564393), 0, np.float64(0.6848028883456174), np.float64(0.5886417209713134), np.float64(0.4374315259777304), np.float64(0.36891264135344404)]",0.7447962145898201,1.0567649651027622,37845898.66329272,0
1.0574263132301192,0.7423605977335861,"[np.float64(0.38665046982035634), np.float64(0.5148776313022566), 1, np.float64(0.5524657354520919), np.float64(0.05881502117048835), np.float64(0.8270142071787738), np.float64(0.8395656322207303), np.float64(0.17249964122572783), np.float64(0.4088319519940066), np.float64(0.9342461935893018), np.float64(0.6181546919487999), 1, 0, 0, np.float64(0.18315145805792418), 1, np.float64(0.42561877131069503), np.float64(0.6171654985550509), np.float64(0.3162392445882599), np.float64(0.5206585961395603), 0, np.float64(0.6883669222409982), np.float64(0.5908042531589631), np.float64(0.4247601991304964), np.float64(0.36795748097337766)]",0.7423605977335861,1.0574263132301192,37746718.76936558,0
1.0572474746913945,0.7432201997826137,"[np.float64(0.3869489794171112), np.float64(0.514666886580153), 1, np.float64(0.565370935120486), np.float64(0.03965693294560247), np.float64(0.8597563147299636), np.float64(0.8397145787273159), np.float64(0.13974910331521193), np.float64(0.408862815921855), np.float64(0.9505335314504239), np.float64(0.6179382084494912), 1, 0, 0, np.float64(0.1832907729997752), 1, np.float64(0.4063251627955654), np.float64(0.6168821115165692), np.float64(0.3160649921724807), np.float64(0.5207414395653492), 0, np.float64(0.6882647684152264), np.float64(0.5907422697595883), np.float64(0.425123389984749), np.float64(0.3679848581785091)]",0.7432201997826137,1.0572474746913945,37815293.048136964,0
1.0572085692179154,0.7434740694728951,"[np.float64(0.3870297221201008), np.float64(0.5146098830576921), 1, np.float64(0.568861612523067), np.float64(0.034474935970612165), np.float64(0.8686126004038482), np.float64(0.8397548666901598), np.float64(0.1308905373461323), np.float64(0.408871164185986), np.float64(0.9549390302943714), np.float64(0.6178796526674433), 1, 0, 0, np.float64(0.1833284557580321), 1, np.float64(0.40110650946291304), np.float64(0.6168054592557107), np.float64(0.3160178593124138), np.float64(0.520763847562264), 0, np.float64(0.6882371372231201), np.float64(0.5907255041103079), np.float64(0.42522162807019825), np.float64(0.3679922633325365)]",0.7434740694728951,1.0572085692179154,37836310.695890516,0
1.05740922224281,0.7424285558233272,"[np.float64(0.38667566312468826), np.float64(0.5148598450870796), 1, np.float64(0.5535548951516265), np.float64(0.05719813664713003), np.float64(0.8297775417213554), np.float64(0.8395782028540043), np.float64(0.1697355951863956), np.float64(0.4088345568158804), np.float64(0.9356207954913929), np.float64(0.6181364213982373), 1, 0, 0, np.float64(0.18316321581635536), 1, np.float64(0.4239904492859888), np.float64(0.6171415815487576), np.float64(0.3162245382130244), np.float64(0.5206655878733621), 0, np.float64(0.6883583007680227), np.float64(0.5907990219481044), np.float64(0.42479085133672767), np.float64(0.3679597915264323)]",0.7424285558233272,1.05740922224281,37751871.51882217,0
1.0569119526994817,0.7444253192407817,"[np.float64(0.3922754715264496), np.float64(0.5109064376311993), 1, np.float64(0.586884118196696), np.float64(0.014160852138594025), np.float64(0.9033303608517745), np.float64(0.8423723237400951), np.float64(0.09616383785251038), np.float64(0.40941354015295117), np.float64(0.9722091432005984), np.float64(0.6140753589350879), 1, 0, 0, np.float64(0.18577665602179336), 1, np.float64(0.3780781867965925), np.float64(0.6118254606056082), np.float64(0.3129556981069919), np.float64(0.5222196662574629), 0, np.float64(0.6864419742644627), np.float64(0.5896362614728559), np.float64(0.43160402993867586), np.float64(0.3684733666509125)]",0.7444253192407817,1.0569119526994817,37886976.26378878,0
1.0567627113275184,0.7448033550182935,"[np.float64(0.39714789171230863), np.float64(0.5074665588158993), 1, np.float64(0.5992547100018518), np.float64(0.005460319395279001), np.float64(0.9181999958325878), np.float64(0.8448035017430491), np.float64(0.08129037427374447), np.float64(0.4099173163353527), np.float64(0.979605941602333), np.float64(0.6105418089809036), 1, 0, 0, np.float64(0.1880506228967148), 1, np.float64(0.3633028987827943), np.float64(0.6071998782400181), np.float64(0.3101114646307236), np.float64(0.5235718773235982), 0, np.float64(0.6847745693697336), np.float64(0.5886245379986852), np.float64(0.43753220936344933), np.float64(0.368920230833388)]",0.7448033550182935,1.0567627113275184,37843759.72949565,0
1.0572878526761484,0.7429894955632426,"[np.float64(0.3868729004385484), np.float64(0.5147205975608701), 1, np.float64(0.562081880364479), np.float64(0.04453961611294502), np.float64(0.851411570957678), np.float64(0.8396766178101304), np.float64(0.14809599567211057), np.float64(0.4088549498561383), np.float64(0.9463824956329763), np.float64(0.6179933820307836), 1, 0, 0, np.float64(0.18325526680972376), 1, np.float64(0.4112423850375922), np.float64(0.6169543363182506), np.float64(0.31610940262343), np.float64(0.5207203258615247), 0, np.float64(0.6882908036208127), np.float64(0.5907580670195878), np.float64(0.42503082616262977), np.float64(0.3679778807485539)]",0.7429894955632426,1.0572878526761484,37796306.46054333,0
1.0565935288925767,0.7451269091940239,"[np.float64(0.40304119956891743), np.float64(0.5033059437468574), 1, np.float64(0.6142172343932844), 0, np.float64(0.9361851722571619), np.float64(0.8477440692390966), np.float64(0.06330056706907894), np.float64(0.41052664558456975), np.float64(0.9885525448245279), np.float64(0.6062678964461944), 1, 0, 0, np.float64(0.19080103980216476), 1, np.float64(0.3454318372540519), np.float64(0.6016051265854631), np.float64(0.3066712967362614), np.float64(0.5252074087014086), 0, np.float64(0.6827578035754421), np.float64(0.5874008344444742), np.float64(0.44470248307686966), np.float64(0.3694607236679474)]",0.7451269091940239,1.0565935288925767,7811122.598673637,0
1.0579318982804986,0.7409899175889291,"[np.float64(0.3860572250830573), np.float64(0.5152964560189849), 1, np.float64(0.5268185138207051), np.float64(0.0968889562790374), np.float64(0.7619439943481527), np.float64(0.8392696225375188), np.float64(0.2375866081786889), np.float64(0.40877061439224277), np.float64(0.901877460470626), np.float64(0.6185849216568999), 1, 0, 0, np.float64(0.1828745897194228), 1, np.float64(0.46396203343538805), np.float64(0.6177286893905403), np.float64(0.31658554611339174), np.float64(0.5204939567882519), 0, np.float64(0.6885699382250497), np.float64(0.5909274362186663), np.float64(0.4240384097298781), np.float64(0.3679030727297474)]",0.7409899175889291,1.0579318982804986,37653883.784391575,0
1.0844572992039112,0.7239700730690962,"[np.float64(0.5049675921228282), np.float64(0.5023102831463825), np.float64(0.9939269405416531), np.float64(0.7536800926429175), 0, 1, 1, np.float64(0.027301499549221054), np.float64(0.38990814698452225), 1, np.float64(0.6672017411973039), 1, 0, np.float64(0.0354383529665408), np.float64(0.1472604900885275), 1, 0, np.float64(0.6541235217109637), np.float64(0.05472529871529016), np.float64(0.611169420596625), 0, np.float64(0.6446275237621828), np.float64(0.48043172879304685), np.float64(0.577599707580565), np.float64(0.42408114414713)]",0.7239700730690962,1.0844572992039112,2345889.1741898623,0
1.0568915900477327,0.7444676782071553,"[np.float64(0.3928813963982912), np.float64(0.5104786608691785), 1, np.float64(0.5884225013755315), np.float64(0.01307887049777667), np.float64(0.9051795202687375), np.float64(0.8426746603949139), np.float64(0.09431420231841564), np.float64(0.40947618879718023), np.float64(0.973128994927799), np.float64(0.6136359334090733), 1, 0, 0, np.float64(0.186059442200879), 1, np.float64(0.37624076018831937), np.float64(0.61125023201383), np.float64(0.31260199466212124), np.float64(0.522387824643993), 0, np.float64(0.6862346189751798), np.float64(0.5895104454732002), np.float64(0.43234124701380316), np.float64(0.36852893782748775)]",0.7444676782071553,1.0568915900477327,37885301.389986195,0
1.0572123139726106,0.7434479963959536,"[np.float64(0.3870215657865778), np.float64(0.514615641345735), 1, np.float64(0.5685089970164967), np.float64(0.03499840241498514), np.float64(0.8677179707090734), np.float64(0.8397507969470158), np.float64(0.13178539738801534), np.float64(0.4088703208747756), np.float64(0.9544940028606117), np.float64(0.6178855677590911), 1, 0, 0, np.float64(0.18332464918315874), 1, np.float64(0.4016336787989129), np.float64(0.6168132023876807), np.float64(0.3160226205021233), np.float64(0.5207615839881), 0, np.float64(0.6882399284254221), np.float64(0.5907271977150821), np.float64(0.42521170441691547), np.float64(0.3679915152908708)]",0.7434479963959536,1.0572123139726106,37834157.23376458,0
1.0562375018235493,0.7457395668549561,"[np.float64(0.41850866726961833), np.float64(0.4923860697539712), 1, np.float64(0.6534876014564786), 0, np.float64(0.983388736402644), np.float64(0.8554618287509881), np.float64(0.01608484906311013), np.float64(0.41212587995526156), 1, np.float64(0.59505066400311), 1, 0, 0, np.float64(0.19801973356186756), 1, np.float64(0.2985277769709831), np.float64(0.5869212440163163), np.float64(0.2976422951827601), np.float64(0.5294999943553882), 0, np.float64(0.6774646370648723), np.float64(0.5841891245422388), np.float64(0.46352145194223165), np.float64(0.37087929124738134)]",0.7457395668549561,1.0562375018235493,1305534.3456339415,0
1.068427575158603,0.7355242800324986,"[np.float64(0.512938892750515), np.float64(0.4249882173880065), 1, np.float64(0.7404129091991125), np.float64(0.015069722557762674), np.float64(0.898891339883272), np.float64(0.9602763118592501), 0, np.float64(0.5100023733986554), np.float64(0.9435521692810467), np.float64(0.5427034112613106), np.float64(0.9008942412346821), np.float64(0.10057973847204235), np.float64(0.047509972029546044), np.float64(0.21717921384418243), np.float64(0.8742438131672999), np.float64(0.326495296307696), np.float64(0.5851517073948088), np.float64(0.26390073224799176), np.float64(0.5590828718399639), np.float64(0.03811545809803433), np.float64(0.6153074565826268), np.float64(0.6138632081677751), np.float64(0.589182929696394), np.float64(0.3647816010058303)]",0.7355242800324986,1.068427575158603,38306472.848454215,0
1.0569391222959743,0.7443723041804917,"[np.float64(0.3914892731389693), np.float64(0.5114614856513936), 1, np.float64(0.5848880384337855), np.float64(0.015564742721115146), np.float64(0.9009310433466333), np.float64(0.8419800365085572), np.float64(0.0985637731281685), np.float64(0.4093322524135635), np.float64(0.9710156190885282), np.float64(0.6146455214354657), 1, 0, 0, np.float64(0.18540973588312482), 1, np.float64(0.38046228077205), np.float64(0.6125718300192187), np.float64(0.31341463466980096), np.float64(0.522001477735296), 0, np.float64(0.6867110214708834), np.float64(0.589799509988712), np.float64(0.4306474775629228), np.float64(0.36840126205272855)]",0.7443723041804917,1.0569391222959743,37888618.971537955,0
1.0573561095707602,0.7426539742834551,"[np.float64(0.38675718109438423), np.float64(0.5148022942342534), 1, np.float64(0.5570790889695983), np.float64(0.05196638372418569), np.float64(0.8387188627380204), np.float64(0.839618877649529), np.float64(0.16079197197983938), np.float64(0.4088429852374869), np.float64(0.9400685945860447), np.float64(0.6180773033815029), 1, 0, 0, np.float64(0.18320126039291662), 1, np.float64(0.4187216880422622), np.float64(0.6170641932963654), np.float64(0.31617695279766966), np.float64(0.5206882110250008), 0, np.float64(0.6883304042696718), np.float64(0.5907820953201942), np.float64(0.4248900326741878), np.float64(0.36796726778248084)]",0.7426539742834551,1.0573561095707602,37769356.17660799,0
1.0566424346560004,0.7451017527178305,"[np.float64(0.40151948428874784), np.float64(0.5043802591703025), 1, np.float64(0.6103537501582261), 0, np.float64(0.9315412068564525), np.float64(0.846984783181083), np.float64(0.06794572818686194), np.float64(0.410369310238827), np.float64(0.9862424359416937), np.float64(0.6073714664901184), 1, 0, 0, np.float64(0.19009085266555242), 1, np.float64(0.350046336965049), np.float64(0.6030497514529631), np.float64(0.30755958497416186), np.float64(0.5247850969625063), 0, np.float64(0.6832785541285047), np.float64(0.5877168078234574), np.float64(0.44285104152007504), np.float64(0.36932116262257475)]",0.7451017527178305,1.0566424346560004,8478726.471304648,0
1.0568732622305546,0.7445078978031006,"[np.float64(0.393440098943873), np.float64(0.5100842225864994), 1, np.float64(0.5898409917495662), np.float64(0.012081212330750123), np.float64(0.9068845667546219), np.float64(0.8429534346564103), np.float64(0.09260871682125123), np.float64(0.40953395496363854), np.float64(0.973977158661337), np.float64(0.6132307542005822), 1, 0, 0, np.float64(0.18632018963913863), 1, np.float64(0.3745465321229793), np.float64(0.6107198334554393), np.float64(0.31227585684501924), np.float64(0.522542877725623), 0, np.float64(0.6860434237736853), np.float64(0.5893944348544764), np.float64(0.43302100959768264), np.float64(0.36858017810372723)]",0.7445078978031006,1.0568732622305546,37883351.489486,0
1.0569171442891252,0.7444148893416976,"[np.float64(0.39212333916593456), np.float64(0.5110138415216879), 1, np.float64(0.5864978692155945), np.float64(0.014432510274281935), np.float64(0.9028660838429499), np.float64(0.8422964146775936), np.float64(0.0966282344022658), np.float64(0.4093978106680388), np.float64(0.9719781917723174), np.float64(0.6141856875346384), 1, 0, 0, np.float64(0.1857056555876726), 1, np.float64(0.37853951799486474), np.float64(0.61196988590909), np.float64(0.3130445040670888), np.float64(0.5221774459534746), 0, np.float64(0.6864940359161457), np.float64(0.5896678506779004), np.float64(0.4314189334373386), np.float64(0.3684594141385436)]",0.7444148893416976,1.0569171442891252,37887336.514464565,0
1.0562919607682575,0.7455535104946145,"[np.float64(0.4152006114275914), np.float64(0.49472152334310193), 1, np.float64(0.6450887756308358), 0, np.float64(0.973293223086726), np.float64(0.8538112172912005), np.float64(0.026182961747584367), np.float64(0.411783848751117), 1, np.float64(0.5974497141923688), 1, 0, 0, np.float64(0.1964758582148703), 1, np.float64(0.3085592348435061), np.float64(0.5900617130611815), np.float64(0.29957334439616023), np.float64(0.5285819311452478), 0, np.float64(0.6785966963480682), np.float64(0.5848760188620183), np.float64(0.45949660436532913), np.float64(0.3705758995830662)]",0.7455535104946145,1.0562919607682575,2558890.591159261,0
1.0569524177277974,0.7443477163553244,"[np.float64(0.39111315427822957), np.float64(0.5117270217200701), 1, np.float64(0.5839331099344055), np.float64(0.016236366747454566), np.float64(0.8997832051152693), np.float64(0.8417923655225079), np.float64(0.09971190690216743), np.float64(0.40929336419855644), np.float64(0.9704446347969731), np.float64(0.614918288301302), 1, 0, 0, np.float64(0.1852342005643858), 1, np.float64(0.38160283603675793), np.float64(0.6129288946202259), np.float64(0.3136341908275142), np.float64(0.5218970959155279), 0, np.float64(0.6868397341856072), np.float64(0.5898776084009945), np.float64(0.4301898610178684), np.float64(0.3683667670706033)]",0.7443477163553244,1.0569524177277974,37889233.91614841,0
1.0569949669377883,0.7442744729772819,"[np.float64(0.38994400851400046), np.float64(0.5125524266714003), 1, np.float64(0.5809647647469398), np.float64(0.018324074829960575), np.float64(0.8962152101373514), np.float64(0.8412090000992035), np.float64(0.10328082055887497), np.float64(0.40917248222054403), np.float64(0.9686697600549828), np.float64(0.6157661698065992), 1, 0, 0, np.float64(0.18468855822682068), 1, np.float64(0.3851481922945643), np.float64(0.6140388112168113), np.float64(0.3143166696356656), np.float64(0.5215726304999827), 0, np.float64(0.6872398309128117), np.float64(0.5901203732220234), np.float64(0.4287673839736719), np.float64(0.36825954122673143)]",0.7442744729772819,1.0569949669377883,37890602.13845839,0
1.057538152115027,0.7419555398153368,"[np.float64(0.3864940331740619), np.float64(0.5149880739744808), 1, np.float64(0.5457026491800564), np.float64(0.06885499008235972), np.float64(0.80985541043119), np.float64(0.8394875754606769), np.float64(0.18966285597914584), np.float64(0.40881577747427067), np.float64(0.9257106672954831), np.float64(0.6182681420789735), 1, 0, 0, np.float64(0.18307844880623242), 1, np.float64(0.4357297608528612), np.float64(0.6173140100882991), np.float64(0.31633056313824814), np.float64(0.5206151812951505), 0, np.float64(0.6884204568746702), np.float64(0.5908367361184041), np.float64(0.424569865687881), np.float64(0.3679431337021266)]",0.7419555398153368,1.057538152115027,37717255.49464308,0
1.0571390708747415,0.7440506111730684,"[np.float64(0.387202788435184), np.float64(0.514487700009394), 1, np.float64(0.5763436344624053), np.float64(0.023367689271792863), np.float64(0.8875954269646914), np.float64(0.8398412211099826), np.float64(0.11190282313263324), np.float64(0.40888905810403686), np.float64(0.9643819077655957), np.float64(0.6177541424597013), 1, 0, 0, np.float64(0.18340922610472887), 1, np.float64(0.3899206924350106), np.float64(0.6166411605161541), np.float64(0.315916833335959), np.float64(0.5208118775304327), 0, np.float64(0.6881779117027678), np.float64(0.5906895681181564), np.float64(0.42543219450927017), np.float64(0.3680081357602939)]",0.7440506111730684,1.0571390708747415,37881877.51642346,0
1.05670258005488,0.7450179149309227,"[np.float64(0.3995108212174604), np.float64(0.5057983547536946), 1, np.float64(0.6052539537570242), np.float64(0.001240907943577019), np.float64(0.9254111758800255), np.float64(0.8459825261326386), np.float64(0.07407733750896289), np.float64(0.41016162769602804), np.float64(0.9831930938840355), np.float64(0.6088281781514235), 1, 0, 0, np.float64(0.18915340615791296), 1, np.float64(0.3561374732523272), np.float64(0.6049566552351788), np.float64(0.30873212480692924), np.float64(0.524227645772025), 0, np.float64(0.6839659444826138), np.float64(0.5881338924556119), np.float64(0.440407140001674), np.float64(0.36913694214343284)]",0.7450179149309227,1.05670258005488,37476353.50789498,0
1.0568982605441959,0.7444535412570157,"[np.float64(0.39268124520043546), np.float64(0.5106199655676852), 1, np.float64(0.5879143373269603), np.float64(0.013436274412901163), np.float64(0.9045686995390876), np.float64(0.8425747915061624), np.float64(0.09492518032072206), np.float64(0.4094554944804931), np.float64(0.9728251463260915), np.float64(0.6137810859675628), 1, 0, 0, np.float64(0.18596603129284184), 1, np.float64(0.3768477052960521), np.float64(0.6114402435103631), np.float64(0.3127188312064958), np.float64(0.5223322779845677), 0, np.float64(0.6863031132909941), np.float64(0.58955200544905), np.float64(0.4320977269215879), np.float64(0.3685105813643771)]",0.7444535412570157,1.0568982605441959,37885900.208746955,0
1.0572478690452394,0.7432178011166529,"[np.float64(0.3869482020603951), np.float64(0.5146674353860436), 1, np.float64(0.5653373283495677), np.float64(0.039706823028572945), np.float64(0.8596710501438953), np.float64(0.8397141908517887), np.float64(0.13983438985500146), np.float64(0.4088627355482862), np.float64(0.9504911171642111), np.float64(0.617938772199883), 1, 0, 0, np.float64(0.18329041020605974), 1, np.float64(0.40637540579049897), np.float64(0.6168828494922324), np.float64(0.3160654459477937), np.float64(0.5207412238305986), 0, np.float64(0.6882650344366992), np.float64(0.5907424311721938), np.float64(0.42512244418986384), np.float64(0.36798478688480696)]",0.7432178011166529,1.0572478690452394,37815094.5843536,0
1.0564384738526142,0.745265829269663,"[np.float64(0.4084340632865127), np.float64(0.499498637121334), 1, np.float64(0.6279091807292804), 0, np.float64(0.95264309499844), np.float64(0.8504349315093905), np.float64(0.04683840678132477), np.float64(0.41108423220317597), np.float64(0.9967394261289875), np.float64(0.6023569132765705), 1, 0, 0, np.float64(0.19331789856782866), 1, np.float64(0.32907833907302775), np.float64(0.5964854664657271), np.float64(0.30352325881394643), np.float64(0.526704055074038), 0, np.float64(0.6809122962061428), np.float64(0.5862810445642973), np.float64(0.45126387608317065), np.float64(0.3699553192784325)]",0.745265829269663,1.0564384738526142,5438398.629526857,0
1.0578251437851651,0.7412009840376343,"[np.float64(0.386162813052291), np.float64(0.515221911992677), 1, np.float64(0.5313833045019922), np.float64(0.09011241156470705), np.float64(0.7735254399108596), np.float64(0.8393223074740361), np.float64(0.22600218065315458), np.float64(0.4087815314933997), np.float64(0.9076385714957819), np.float64(0.6185083477265704), 1, 0, 0, np.float64(0.18292386780613717), 1, np.float64(0.45713755286776403), np.float64(0.6176284505297944), np.float64(0.31652391004233665), np.float64(0.5205232599302229), 0, np.float64(0.6885338046630807), np.float64(0.5909055116261663), np.float64(0.42416687657034713), np.float64(0.3679127565172188)]",0.7412009840376343,1.0578251437851651,37667118.11999077,0
1.0570813853061012,0.7441477831558537,"[np.float64(0.3877091747477116), np.float64(0.5141301964521523), 1, np.float64(0.5752907433734601), np.float64(0.02231474961123135), np.float64(0.8893949522203605), np.float64(0.840093891285594), np.float64(0.11010283453951718), np.float64(0.4089414151162843), np.float64(0.9652770693181281), np.float64(0.6173869037439961), 1, 0, 0, np.float64(0.18364555746710667), 1, np.float64(0.3919251760727106), np.float64(0.6161604278395674), np.float64(0.3156212346710091), np.float64(0.5209524116283593), 0, np.float64(0.6880046197895245), np.float64(0.590584420593961), np.float64(0.4260483049440035), np.float64(0.36805457795881796)]",0.7441477831558537,1.0570813853061012,37891663.30474142,0
1.0566268846277356,0.7451089631613103,"[np.float64(0.40199569522668804), np.float64(0.5040440591188807), 1, np.float64(0.6115628025185922), 0, np.float64(0.9329945057409765), np.float64(0.847222396833626), np.float64(0.06649205511042663), np.float64(0.41041854731592264), np.float64(0.9869653695496916), np.float64(0.6070261113947545), 1, 0, 0, np.float64(0.19031310112874822), 1, np.float64(0.3486022591772162), np.float64(0.6025976654602094), np.float64(0.30728160092521106), np.float64(0.5249172566850947), 0, np.float64(0.6831155886167966), np.float64(0.5876179260016536), np.float64(0.44343043816003275), np.float64(0.36936483734752684)]",0.7451089631613103,1.0566268846277356,8270057.529004574,0
1.0568893333719216,0.7444725200796926,"[np.float64(0.39294948607026015), np.float64(0.5104305902572008), 1, np.float64(0.5885953743023202), np.float64(0.012957284838525405), np.float64(0.9053873160928906), np.float64(0.8427086349099198), np.float64(0.09410635299149211), np.float64(0.40948322882117183), np.float64(0.9732323615418393), np.float64(0.6135865537890717), 1, 0, 0, np.float64(0.18609121976781196), 1, np.float64(0.3760342828165555), np.float64(0.6111855917788083), np.float64(0.3125622479003448), np.float64(0.5224067211275502), 0, np.float64(0.6862113178131307), np.float64(0.5894963071360183), np.float64(0.43242409040107443), np.float64(0.3685351825343149)]",0.7444725200796926,1.0568893333719216,37885086.48235131,0
1.056787837720848,0.744726796429173,"[np.float64(0.396244902456242), np.float64(0.5081040599947595), 1, np.float64(0.5969621098021274), np.float64(0.007072759884724282), np.float64(0.9154442563608001), np.float64(0.8443529396953373), np.float64(0.08404682328672229), np.float64(0.40982395318874004), np.float64(0.9782351178163545), np.float64(0.6111966699170897), 1, 0, 0, np.float64(0.18762919625894964), 1, np.float64(0.36604115324830033), np.float64(0.6080571218725155), np.float64(0.31063857686095964), np.float64(0.5233212765917077), 0, np.float64(0.6850835839144609), np.float64(0.5888120373095899), np.float64(0.43643355979620924), np.float64(0.3688374149964313)]",0.744726796429173,1.056787837720848,37861592.61352193,0
1.057564195428164,0.7418723107834463,"[np.float64(0.3864603019527551), np.float64(0.5150118878717148), 1, np.float64(0.5442443773162541), np.float64(0.07101983074662432), np.float64(0.8061555921075397), np.float64(0.839470744686621), np.float64(0.19336362692314468), np.float64(0.4088122898879687), np.float64(0.9238702179301559), np.float64(0.6182926044510507), 1, 0, 0, np.float64(0.18306270638727504), 1, np.float64(0.4379099151450676), np.float64(0.6173460324789171), np.float64(0.31635025344925916), np.float64(0.5206058200888125), 0, np.float64(0.6884320001327159), np.float64(0.5908437401671328), np.float64(0.42452882556315946), np.float64(0.3679400401112502)]",0.7418723107834463,1.057564195428164,37711442.59708241,0
1.0570298031410825,0.744220116491016,"[np.float64(0.38902235097367194), np.float64(0.5132031074680071), 1, np.float64(0.578624767624229), np.float64(0.01996985070762902), np.float64(0.8934024988605667), np.float64(0.840749123189407), np.float64(0.1060942560458135), np.float64(0.40907718889619243), np.float64(0.9672705960335722), np.float64(0.6164345692539319), 1, 0, 0, np.float64(0.18425841906870552), 1, np.float64(0.38794305708228616), np.float64(0.614913777394406), np.float64(0.31485467931665856), np.float64(0.5213168488806478), 0, np.float64(0.6875552339846708), np.float64(0.5903117488696744), np.float64(0.42764602106594896), np.float64(0.36817501326576524)]",0.744220116491016,1.0570298031410825,37891234.965493314,0
1.0576596235527724,0.7415958906883265,"[np.float64(0.3863437559337235), np.float64(0.5150941681690993), 1, np.float64(0.5392058470227211), np.float64(0.07849965363721242), np.float64(0.7933722098267669), np.float64(0.8394125920423511), np.float64(0.20615030063852843), np.float64(0.40880023979657626), np.float64(0.9175112116905817), np.float64(0.6183771253184022), 1, 0, 0, np.float64(0.18300831415988647), 1, np.float64(0.44544264873098216), np.float64(0.6174566742523785), np.float64(0.3164182861878595), np.float64(0.5205734758305924), 0, np.float64(0.6884718836803537), np.float64(0.5908679401209089), np.float64(0.42438702627539115), np.float64(0.3679293513283602)]",0.7415958906883265,1.0576596235527724,37692685.4582307,0
1.0535641248632448,0.7701204813285234,"[np.float64(0.49662695051031214), np.float64(0.391400746609904), 1, np.float64(0.5703764510179913), 0, np.float64(0.9558043600258803), 1, np.float64(0.02185758756723752), np.float64(0.5481812711570291), 1, np.float64(0.5112066878089152), 1, 0, 0, np.float64(0.2378719258126324), 1, np.float64(0.2640606167857908), np.float64(0.37054706415361116), np.float64(0.2835297925478248), np.float64(0.5204216325239495), 0, np.float64(0.6842995786030104), np.float64(0.5428004147284459), np.float64(0.6123702685560334), np.float64(0.33783869293772595)]",0.7701204813285234,1.0535641248632448,2952741.255957859,0
1.0564519692769587,0.7452493023294571,"[np.float64(0.40792235484448514), np.float64(0.4998598980475672), 1, np.float64(0.6266100037252225), 0, np.float64(0.9510814649543741), np.float64(0.8501796057655653), np.float64(0.04840043891014917), np.float64(0.41103132491776256), np.float64(0.9959626039252849), np.float64(0.6027280116779625), 1, 0, 0, np.float64(0.1930790833584661), 1, np.float64(0.33063006066551115), np.float64(0.5969712516516263), np.float64(0.30382196422632607), np.float64(0.5265620439601458), 0, np.float64(0.6810874094205958), np.float64(0.5863872971909146), np.float64(0.4506412903163859), np.float64(0.3699083889715439)]",0.7452493023294571,1.0564519692769587,5662917.138438364,0
1.0574097661716124,0.7424263803519277,"[np.float64(0.3866748603613471), np.float64(0.5148604118297877), 1, np.float64(0.5535201899987048), np.float64(0.05724965730536223), np.float64(0.8296894904026045), np.float64(0.8395778023014038), np.float64(0.1698236691763889), np.float64(0.4088344738154338), np.float64(0.9355769949640331), np.float64(0.6181370035738829), 1, 0, 0, np.float64(0.18316284116532436), 1, np.float64(0.4240423343905308), np.float64(0.6171423436439409), np.float64(0.31622500681923676), np.float64(0.5206653650876762), 0, np.float64(0.6883585754839694), np.float64(0.5907991886362154), np.float64(0.4247898746300931), np.float64(0.36795971790261284)]",0.7424263803519277,1.0574097661716124,37751705.4834376,0
1.0562738155864886,0.7456086596449382,"[np.float64(0.4162376324510646), np.float64(0.49398939710735174), 1, np.float64(0.6477216692002336), 0, np.float64(0.9764580002402296), np.float64(0.8543286567986111), np.float64(0.023017369734849462), np.float64(0.41189106990043245), 1, np.float64(0.5966976514699014), 1, 0, 0, np.float64(0.19695983770884318), 1, np.float64(0.30541453801652685), np.float64(0.5890772277384982), np.float64(0.29896799227174436), np.float64(0.5288697288413138), 0, np.float64(0.6782418144075708), np.float64(0.5846606888057763), np.float64(0.46075832779227277), np.float64(0.3706710078730304)]",0.7456086596449382,1.0562738155864886,2148063.258586283,0
1.0572264835405616,0.7433526854460911,"[np.float64(0.38699148881732454), np.float64(0.5146368753783955), 1, np.float64(0.567208706178772), np.float64(0.036928716337066576), np.float64(0.8644189700310072), np.float64(0.8397357895249843), np.float64(0.13508524748486397), np.float64(0.40886721111408775), np.float64(0.9528529374965777), np.float64(0.6179073800144536), 1, 0, 0, np.float64(0.18331061220991526), 1, np.float64(0.4035776473560451), np.float64(0.6168417556514143), np.float64(0.31604017767485304), np.float64(0.5207532369225538), 0, np.float64(0.6882502211513855), np.float64(0.5907334429843045), np.float64(0.4251751103500072), np.float64(0.36798875684234544)]",0.7433526854460911,1.0572264835405616,37826268.07973976,0
1.056977113176348,0.7443042374733897,"[np.float64(0.39042844299571405), np.float64(0.5122104208821863), 1, np.float64(0.5821946958696729), np.float64(0.017459034888952972), np.float64(0.8976936056041681), np.float64(0.8414507170306029), np.float64(0.10180204443833915), np.float64(0.4092225695579476), np.float64(0.9694051777865003), np.float64(0.6154148508777366), 1, 0, 0, np.float64(0.18491464463202922), 1, np.float64(0.3836791771607902), np.float64(0.6135789182867226), np.float64(0.31403388516359826), np.float64(0.5217070724491586), 0, np.float64(0.687074051198589), np.float64(0.590019783839714), np.float64(0.4293567860403245), np.float64(0.3683039701574017)]",0.7443042374733897,1.056977113176348,37890123.84168129,0
1.0567337870755384,0.7449003499588835,"[np.float64(0.39824440594906385), np.float64(0.5066924309800784), 1, np.float64(0.6020386509416764), np.float64(0.0035023072254566964), np.float64(0.9215463341675154), np.float64(0.8453506264142878), np.float64(0.07794317433164802), np.float64(0.41003068869140374), np.float64(0.9812705547605843), np.float64(0.60974660091525), 1, 0, 0, np.float64(0.18856236797557674), 1, np.float64(0.3599777927695017), np.float64(0.6061589136426146), np.float64(0.30947138385352885), np.float64(0.5238761857839849), 0, np.float64(0.6843993280859846), np.float64(0.5883968545989022), np.float64(0.43886631703260504), np.float64(0.3690207954233226)]",0.7449003499588835,1.0567337870755384,37794239.89730832,0
1.0568314924848872,0.7446078548689548,"[np.float64(0.39476630245165), np.float64(0.509147936474637), 1, np.float64(0.5932080909773564), np.float64(0.009713051005665501), np.float64(0.9109318700081778), np.float64(0.843615166746944), np.float64(0.08856037147776048), np.float64(0.40967107567875555), np.float64(0.9759904620326616), np.float64(0.6122689721363536), 1, 0, 0, np.float64(0.18693913109555116), 1, np.float64(0.370524908772599), np.float64(0.6094608156932684), np.float64(0.3115016969266873), np.float64(0.522910930354657), 0, np.float64(0.6855895798653352), np.float64(0.5891190581075695), np.float64(0.434634575761513), np.float64(0.36870180818153103)]",0.7446078548689548,1.0568314924848872,37876447.7829612,0
1.0573428070131883,0.74271488209884,"[np.float64(0.3867786661329081), np.float64(0.5147871260168081), 1, np.float64(0.5580079325144902), np.float64(0.050587492499144446), np.float64(0.8410754551214424), np.float64(0.8396295979796853), np.float64(0.1584347728266624), np.float64(0.4088452066490798), np.float64(0.9412408653780129), np.float64(0.6180617221192153), 1, 0, 0, np.float64(0.18321128749732185), 1, np.float64(0.4173330428304537), np.float64(0.6170437966943628), np.float64(0.3161644110907812), np.float64(0.520694173627925), 0, np.float64(0.6883230518129806), np.float64(0.5907776341044146), np.float64(0.4249161731051152), np.float64(0.36796923823942196)]",0.74271488209884,1.0573428070131883,37774172.68779616,0
1.0563537117693087,0.7454023157005277,"[np.float64(0.41201901919633865), np.float64(0.4969676949165167), 1, np.float64(0.6370110283754761), 0, np.float64(0.9635836509784294), np.float64(0.8522237070289617), np.float64(0.0358950338532207), np.float64(0.4114548930520846), 1, np.float64(0.5997570511325621), 1, 0, 0, np.float64(0.19499100365237315), 1, np.float64(0.31820720028286875), np.float64(0.5930821251681037), np.float64(0.30143057156187697), np.float64(0.5276989645580236), 0, np.float64(0.6796854781560944), np.float64(0.5855366539104773), np.float64(0.455625622618297), np.float64(0.37028410627354924)]",0.7454023157005277,1.0563537117693087,3883215.0587707427,0
1.0565993444361192,0.7451235266032087,"[np.float64(0.4028564646349084), np.float64(0.5034363647207685), 1, np.float64(0.6137482107102673), 0, np.float64(0.9356213988279137), np.float64(0.847651892560812), np.float64(0.06386448565735749), np.float64(0.4105075452081118), np.float64(0.9882720995811992), np.float64(0.6064018689060201), 1, 0, 0, np.float64(0.1907148236909606), 1, np.float64(0.3459920335737609), np.float64(0.6017805028092831), np.float64(0.3067791341688929), np.float64(0.5251561404173649), 0, np.float64(0.6828210222473637), np.float64(0.5874391933425386), np.float64(0.4444777196547806), np.float64(0.36944378107635806)]",0.7451235266032087,1.0565993444361192,7892286.946653041,0
1.0571520420778273,0.7439260423278089,"[np.float64(0.3871665202965041), np.float64(0.5145133049443456), 1, np.float64(0.5747756863081289), np.float64(0.025695347103019118), np.float64(0.8836173461584145), np.float64(0.8398231244972925), np.float64(0.11588192820561549), np.float64(0.4088853082171736), np.float64(0.9624030386280675), np.float64(0.6177804446411393), 1, 0, 0, np.float64(0.18339229970207324), 1, np.float64(0.3922648156286036), np.float64(0.6166755913033833), np.float64(0.31593800455071896), np.float64(0.5208018122699254), 0, np.float64(0.6881903231265881), np.float64(0.5906970989397743), np.float64(0.4253880677662357), np.float64(0.36800480950116127)]",0.7439260423278089,1.0571520420778273,37872573.81410485,0
1.0565016161714675,0.7451966062319738,"[np.float64(0.4061170098556005), np.float64(0.5011344531443537), 1, np.float64(0.6220264117784952), 0, np.float64(0.945571919394846), np.float64(0.8492787977774822), np.float64(0.05391140305425423), np.float64(0.41084466412667203), np.float64(0.9932219181020225), np.float64(0.6040372741100644), 1, 0, 0, np.float64(0.19223652574932484), 1, np.float64(0.33610464847968474), np.float64(0.5986851374877918), np.float64(0.30487581887303766), np.float64(0.5260610183139491), 0, np.float64(0.6817052217102413), np.float64(0.5867621642661172), np.float64(0.4484447619773923), np.float64(0.36974281539993664)]",0.7451966062319738,1.0565016161714675,6457127.741344049,0
1.0572060921656685,0.7434915321701202,"[np.float64(0.3870351679991057), np.float64(0.5146060383228159), 1, np.float64(0.5690970493622601), np.float64(0.0341254241573471), np.float64(0.8692099331463434), np.float64(0.8397575840053211), np.float64(0.13029305080383516), np.float64(0.4088717272540365), np.float64(0.9552361693889553), np.float64(0.6178757032368165), 1, 0, 0, np.float64(0.1833309973591235), 1, np.float64(0.400754525276527), np.float64(0.6168002892660692), np.float64(0.31601468032727237), np.float64(0.5207653589216243), 0, np.float64(0.6882352735732371), np.float64(0.5907243733121795), np.float64(0.4252282539658796), np.float64(0.36799276279033705)]",0.7434915321701202,1.0572060921656685,37837751.30184606,0
1.0565094359092408,0.7451893651609525,"[np.float64(0.40584275682890536), np.float64(0.5013280729760953), 1, np.float64(0.62133011053288), 0, np.float64(0.9447349549616111), np.float64(0.8491419545044656), np.float64(0.05474858298708407), np.float64(0.4108163081685382), np.float64(0.9928055758589178), np.float64(0.6042361663921229), 1, 0, 0, np.float64(0.19210853139041023), 1, np.float64(0.336936302422388), np.float64(0.5989454967990993), np.float64(0.3050359117241752), np.float64(0.5259849066561954), 0, np.float64(0.6817990746255611), np.float64(0.5868191109608574), np.float64(0.4481110836228952), np.float64(0.36971766283716684)]",0.7451893651609525,1.0565094359092408,6577926.64370303,0
1.0572602644754248,0.7431439630344576,"[np.float64(0.3869241350509699), np.float64(0.5146844264485365), 1, np.float64(0.5642968607551269), np.float64(0.04125142291711642), np.float64(0.8570312535691748), np.float64(0.8397021822027643), np.float64(0.14247486611821292), np.float64(0.4088602471778938), np.float64(0.9491779683808017), np.float64(0.6179562259450051), 1, 0, 0, np.float64(0.1832791780913973), 1, np.float64(0.40793093185407353), np.float64(0.6169056972619532), np.float64(0.3160794948580415), np.float64(0.5207345446700927), 0, np.float64(0.6882732704770623), np.float64(0.590747428515908), np.float64(0.425093162324867), np.float64(0.36798257962761627)]",0.7431439630344576,1.0572602644754248,37808992.82115169,0
1.0569188928127933,0.744411409229664,"[np.float64(0.3920723087955177), np.float64(0.5110498684412552), 1, np.float64(0.5863683081642047), np.float64(0.0145236336568679), np.float64(0.9027103495359545), np.float64(0.8422709521950269), np.float64(0.09678400880735699), np.float64(0.4093925344635625), np.float64(0.9719007228045475), np.float64(0.6142226955011459), 1, 0, 0, np.float64(0.18568183962609364), 1, np.float64(0.3786942641767619), np.float64(0.6120183310703252), np.float64(0.3130742926079596), np.float64(0.522163283826861), 0, np.float64(0.6865114991656536), np.float64(0.5896784467721773), np.float64(0.4313568457723992), np.float64(0.3684547339911245)]",0.744411409229664,1.0569188928127933,37887452.48050178,0
1.0571484431946987,0.7439595928418609,"[np.float64(0.3871763466258767), np.float64(0.5145063676563139), 1, np.float64(0.575200499258665), np.float64(0.025064701766676335), np.float64(0.8846951498091132), np.float64(0.8398280275136394), np.float64(0.11480384704461764), np.float64(0.40888632419496485), np.float64(0.9629391846956179), np.float64(0.6177733184442228), 1, 0, 0, np.float64(0.18339688566687984), 1, np.float64(0.3916297092396746), np.float64(0.616666262777901), np.float64(0.31593226851526135), np.float64(0.5208045393071699), 0, np.float64(0.6881869604302138), np.float64(0.5906950585722132), np.float64(0.42540002327117693), np.float64(0.36800571070312543)]",0.7439595928418609,1.0571484431946987,37875122.84683541,0
1.0564125463474074,0.745300567346743,"[np.float64(0.4094455115961744), np.float64(0.4987845649599728), 1, np.float64(0.6304771477135633), 0, np.float64(0.9557298294328551), np.float64(0.8509396110706302), np.float64(0.04375087758193053), np.float64(0.4111888093021743), np.float64(0.9982749010993228), np.float64(0.6016233962579363), 1, 0, 0, np.float64(0.19378994323231413), 1, np.float64(0.3260111897886344), np.float64(0.5955252583378536), np.float64(0.30293283454179437), np.float64(0.5269847557412584), 0, np.float64(0.6805661655774278), np.float64(0.5860710245005999), np.float64(0.45249448568370565), np.float64(0.37004808221856744)]",0.745300567346743,1.0564125463474074,4995940.357586125,0
1.0964052487713436,0.6987850492850545,"[np.float64(0.5386513774970261), np.float64(0.6077944283862846), 1, np.float64(0.8203972207413855), 0, 1, 1, np.float64(0.002220669831791823), np.float64(0.3448156578192399), 1, np.float64(0.7888435140105108), 1, 0, np.float64(0.10844170672529918), np.float64(0.08487717353780638), 1, 0, np.float64(0.8353901661933725), 0, np.float64(0.7265343808177673), 0, np.float64(0.6337413724911667), np.float64(0.3231356731883841), np.float64(0.6158901694854001), np.float64(0.5114648005120195)]",0.6987850492850545,1.0964052487713436,60029.14776105479,0
1.0573497076264302,0.7426830430431273,"[np.float64(0.3867674626472416), np.float64(0.5147950355630976), 1, np.float64(0.5575235821918203), np.float64(0.05130652253757047), np.float64(0.839846597702355), np.float64(0.8396240078074773), np.float64(0.15966394664901082), np.float64(0.4088440482823907), np.float64(0.9406295786446671), np.float64(0.6180698470498972), 1, 0, 0, np.float64(0.18320605881130597), 1, np.float64(0.41805715913627534), np.float64(0.6170544326091146), np.float64(0.3161709510294088), np.float64(0.5206910643974565), 0, np.float64(0.6883268857899624), np.float64(0.5907799604287071), np.float64(0.4249025420407405), np.float64(0.36796821073434804)]",0.7426830430431273,1.0573497076264302,37771650.306235075,0
1.0536976017903499,0.7684169461841792,"[np.float64(0.4948407810441733), np.float64(0.39859036156967326), 1, np.float64(0.5765477339983685), 0, np.float64(0.9596563293590601), 1, np.float64(0.018152287690407776), np.float64(0.5405498718428221), 1, np.float64(0.5179624267438873), 1, 0, 0, np.float64(0.23367987662040302), 1, np.float64(0.2548951698047483), np.float64(0.38632516084594803), np.float64(0.2725917150719588), np.float64(0.5246412939101509), 0, np.float64(0.6821994368121209), np.float64(0.5365411874012539), np.float64(0.613903622267106), np.float64(0.3415387202404792)]",0.7684169461841792,1.0536976017903499,2150295.5611224454,0
1.0563204321818842,0.7454776209878584,"[np.float64(0.41367482408996814), np.float64(0.49579871359745964), 1, np.float64(0.6412149528456023), 0, np.float64(0.968636830595239), np.float64(0.8530498994099592), np.float64(0.030840553155842606), np.float64(0.41162609238143133), 1, np.float64(0.5985562373515578), 1, 0, 0, np.float64(0.19576377064204573), 1, np.float64(0.3131860827961144), np.float64(0.5915102036948574), np.float64(0.30046400966265946), np.float64(0.52815848931474), 0, np.float64(0.679118840411598), np.float64(0.5851928377748342), np.float64(0.4576402084149698), np.float64(0.37043596507716353)]",0.7454776209878584,1.0563204321818842,3184180.095380575,0
1.057292950347545,0.742962302084915,"[np.float64(0.3868637525038318), np.float64(0.5147270559092134), 1, np.float64(0.5616863958462099), np.float64(0.0451267226659052), np.float64(0.850408177212155), np.float64(0.8396720532904857), np.float64(0.14909964776904883), np.float64(0.4088540040198901), np.float64(0.9458833642647367), np.float64(0.6180000162460331), 1, 0, 0, np.float64(0.18325099745286905), 1, np.float64(0.41183364465893413), np.float64(0.6169630208166914), np.float64(0.31611474265182804), np.float64(0.5207177870947345), 0, np.float64(0.688293934161805), np.float64(0.5907599665233129), np.float64(0.4250196960473488), np.float64(0.36797704176418633)]",0.742962302084915,1.057292950347545,37794087.74001656,0
1.056736490494205,0.7448908358172358,"[np.float64(0.3981390290419274), np.float64(0.5067668259987045), 1, np.float64(0.6017711094214153), np.float64(0.003690475568078585), np.float64(0.921224745288733), np.float64(0.8452980467908405), np.float64(0.07826484601236364), np.float64(0.4100197934126787), np.float64(0.9811105825684181), np.float64(0.6098230217802783), 1, 0, 0, np.float64(0.18851318839190587), 1, np.float64(0.36029734118559764), np.float64(0.6062589521337131), np.float64(0.30953289671889567), np.float64(0.5238469412167042), 0, np.float64(0.6844353894197877), np.float64(0.5884187353658555), np.float64(0.4387381069873084), np.float64(0.36901113099298555)]",0.7448908358172358,1.056736490494205,37801720.99464804,0
1.0573115329196976,0.7428662798716993,"[np.float64(0.3868311357169898), np.float64(0.514750083027114), 1, np.float64(0.5602763033355707), np.float64(0.04722003988828343), np.float64(0.8468305959405105), np.float64(0.8396557785827075), np.float64(0.152678150187739), np.float64(0.4088506316587778), np.float64(0.9441037208863807), np.float64(0.6180236704140347), 1, 0, 0, np.float64(0.1832357751423917), 1, np.float64(0.4139417695674561), np.float64(0.6169939852303264), np.float64(0.3161337824212826), np.float64(0.5207087351701412), 0, np.float64(0.6883050960460342), np.float64(0.5907667391676336), np.float64(0.4249800118334913), np.float64(0.36797405038141734)]",0.7428662798716993,1.0573115329196976,37786297.29394109,0
1.0563020977108761,0.7455251160156473,"[np.float64(0.4146442754669575), np.float64(0.4951142908410136), 1, np.float64(0.6436762937813627), 0, np.float64(0.9715953989365561), np.float64(0.8535336238780398), np.float64(0.027881223049444494), np.float64(0.41172632727396813), 1, np.float64(0.5978531771190504), 1, 0, 0, np.float64(0.19621621526587324), 1, np.float64(0.31024628639843066), np.float64(0.5905898649263102), np.float64(0.2998981007396052), np.float64(0.5284275348465374), 0, np.float64(0.6787870816737359), np.float64(0.5849915380761723), np.float64(0.45881972115959424), np.float64(0.37052487635338827)]",0.7455251160156473,1.0563020977108761,2784342.417030792,0
1.0571940901937722,0.7435787284528664,"[np.float64(0.3870621607796685), np.float64(0.5145869816958252), 1, np.float64(0.5702640042158219), np.float64(0.03239305080292711), np.float64(0.8721706437362213), np.float64(0.8397710525182653), np.float64(0.12733157789729532), np.float64(0.4088745181299104), np.float64(0.9567089546582284), np.float64(0.6178561276799305), 1, 0, 0, np.float64(0.1833435949362044), 1, np.float64(0.3990098974770368), np.float64(0.6167746639453853), np.float64(0.3159989235232272), np.float64(0.5207728500523542), 0, np.float64(0.6882260362963366), np.float64(0.5907187684528517), np.float64(0.4252610955600455), np.float64(0.36799523837872206)]",0.7435787284528664,1.0571940901937722,37844918.249202624,0
