xline_all_values,yline_all_values,X_all_values,obj1,obj2,obj3,inc
0.04328331881404692,0.1194492664267352,"[9.307265747074005, 4.700742325729125, 3.3907144096728143, 9.01946411394326, 5.723675704791305, 0.10382799588593306, 0.2214569372075592]",0.1194492664267352,0.04328331881404692,0.010540296857647765,0
0.043083383869372646,0.12000476458769462,"[np.float64(6.485067005431437), np.float64(7.222892662105463), np.float64(3.580719542778872), np.float64(4.775161945896057), np.float64(3.1390304200977788), np.float64(0.5147851650913997), np.float64(0.41126562812883743)]",0.12000476458769462,0.043083383869372646,0.01054612432625832,0
0.04233418891632203,0.12213626852562139,"[np.float64(7.098033299394163), np.float64(7.843428567674656), np.float64(3.0742191411150976), np.float64(5.44842906101643), np.float64(1.147559131510119), 0, np.float64(0.0734388734771334)]",0.12213626852562139,0.04233418891632203,0.010586681981549466,0
0.0433260368995308,0.11933252282546877,"[np.float64(9.203480355486562), np.float64(4.961601620717509), np.float64(3.1622850117621115), np.float64(8.640593986292622), np.float64(4.602368668604898), np.float64(0.3384107765899982), 0]",0.11933252282546877,0.0433260368995308,0.010539170345882356,0
0.04233841766755246,0.12212187413221118,"[np.float64(7.322164825884315), np.float64(7.625329022235035), np.float64(3.28399220299423), np.float64(5.101347195334175), np.float64(1.1104552434864867), 0, np.float64(0.3710207470410818)]",0.12212187413221118,0.04233841766755246,0.010586354218912611,0
0.04328077187098267,0.11945689619821073,"[np.float64(9.5338392765793), np.float64(4.479976882077578), np.float64(3.240284565515353), np.float64(9.26664877247686), np.float64(5.485121893231805), np.float64(0.33679325969351886), 0]",0.11945689619821073,0.04328077187098267,0.010540310325325656,0
0.04204809262199463,0.12297542962750665,"[np.float64(7.715731976168444), np.float64(7.645842550276496), np.float64(2.9388115487454662), np.float64(5.142482210882315), np.float64(0.6595140448566479), 0, np.float64(0.5209393530679762)]",0.12297542962750665,0.04204809262199463,0.010621538918365342,0
0.04246657532101526,0.12175349887216004,"[np.float64(7.14108325814098), np.float64(7.058044829908985), np.float64(3.136725369609321), np.float64(5.508180403029064), np.float64(1.21158344674392), 0, np.float64(0.2696614936371493)]",0.12175349887216004,0.04246657532101526,0.010575841864956907,0
0.04153943173273955,0.12450131052339156,"[np.float64(6.9077519539403465), np.float64(8.20057392243192), np.float64(2.821159347828842), np.float64(4.469511427638765), 0.1, np.float64(0.11903929014985071), np.float64(0.33493357043644495)]",0.12450131052339156,0.04153943173273955,0.01076409525140341,0
0.041485824823434006,0.12463920471621583,"[np.float64(8.607513393227457), np.float64(8.920902792829308), np.float64(3.120497916103509), np.float64(7.048209186711653), 0.1, 0, np.float64(0.2555544763196811)]",0.12463920471621583,0.041485824823434006,0.010785116732453926,0
0.0421848825033345,0.12257017617963271,"[np.float64(7.458056546215862), np.float64(8.203471839684383), np.float64(3.0513992427252834), np.float64(4.911440858809146), np.float64(0.9604068157189978), 0, np.float64(0.3106570220325613)]",0.12257017617963271,0.0421848825033345,0.010602526476537914,0
0.04239116786257093,0.12196955033792733,"[np.float64(7.510490472142049), np.float64(7.07357833914784), np.float64(3.2801651556943368), np.float64(4.605210909996245), np.float64(1.081931431261168), 0, np.float64(0.09433805557135666)]",0.12196955033792733,0.04239116786257093,0.010581836945255527,0
0.042198263325888746,0.1225311602130556,"[np.float64(7.426372309326152), np.float64(8.171785840456248), np.float64(3.053407532669794), np.float64(4.9586990888148925), np.float64(0.9768773585529178), 0, np.float64(0.2897803812052788)]",0.1225311602130556,0.042198263325888746,0.010600928256255769,0
0.042794215815543706,0.12081788238605362,"[np.float64(7.3680450306940015), np.float64(6.992179242084969), np.float64(3.3254667082613487), np.float64(5.004409640215567), np.float64(1.9315262210444688), np.float64(0.41257597292794046), np.float64(0.48566339391260693)]",0.12081788238605362,0.042794215815543706,0.010557079652247869,0
0.042155654289288275,0.12265777076708972,"[np.float64(7.504751857616915), np.float64(7.742575737551513), np.float64(2.988513871219674), np.float64(5.224907025915139), np.float64(0.8321983065891854), 0, np.float64(0.36663905200447233)]",0.12265777076708972,0.042155654289288275,0.010606183728228634,0
0.04162655614614958,0.12421687130475606,"[np.float64(8.364205445666553), np.float64(6.987130288206474), np.float64(3.0722248710679514), np.float64(5.88666005119076), 0.1, 1, np.float64(0.48113357333203377)]",0.12421687130475606,0.04162655614614958,0.010668783535701276,0
0.04224092000760174,0.12240794124562965,"[np.float64(7.3195083251131665), np.float64(7.788510043073858), np.float64(3.02754908765777), np.float64(5.326712096122712), np.float64(0.9758321586487593), 0, np.float64(0.23309846059780343)]",0.12240794124562965,0.04224092000760174,0.010596078037022349,0
0.04279452275786191,0.12081683641665462,"[np.float64(7.326923845565301), np.float64(6.123065782636983), np.float64(3.4426654626610844), np.float64(5.131821779231713), np.float64(1.6301974664661714), np.float64(0.5244180089380039), np.float64(0.491925847545915)]",0.12081683641665462,0.04279452275786191,0.010556928624843642,0
0.04297658258918239,0.12030378595707152,"[np.float64(6.997786783458956), np.float64(7.040939205657417), np.float64(3.4379254351677067), np.float64(6.507454808186274), np.float64(2.5568054647396035), 0, np.float64(0.9034063493465412)]",0.12030378595707152,0.04297658258918239,0.01054949472779621,0
0.04213817213646777,0.1227091752831596,"[np.float64(7.540934007044539), np.float64(7.733603754110039), np.float64(2.9808894321096377), np.float64(5.2050222493026785), np.float64(0.8041434458993543), 0, np.float64(0.39272247617385175)]",0.1227091752831596,0.04213817213646777,0.010608464293448347,0
0.04228977478924231,0.12226543481876417,"[np.float64(7.206167775704891), np.float64(7.816614772854288), np.float64(3.0514326360740966), np.float64(5.389001140355016), np.float64(1.0637139836497456), 0, np.float64(0.15139215866236871)]",0.12226543481876417,0.04228977478924231,0.01059096275445867,0
0.043189455325600756,0.11971535750244822,"[np.float64(8.52980156960769), np.float64(5.958934863100207), np.float64(2.9966604307176077), np.float64(7.333463576962118), np.float64(3.0724062254711777), np.float64(0.3383518789176288), 0]",0.11971535750244822,0.043189455325600756,0.010542981413303476,0
0.0425756281093101,0.1214504949171683,"[np.float64(7.949842229015958), np.float64(7.837329856230564), np.float64(2.9165164786643007), np.float64(5.275113725662482), np.float64(1.6300622840972627), 0, np.float64(0.7835869925771024)]",0.1214504949171683,0.0425756281093101,0.01056884194073975,0
0.04188863876214889,0.12345635459940361,"[np.float64(7.962269623530487), np.float64(7.227037266279346), np.float64(2.8446341026991986), np.float64(5.276949671178105), np.float64(0.39511730053033745), 0, np.float64(0.7164336797831861)]",0.12345635459940361,0.04188863876214889,0.010651723139797648,0
0.04222786995415353,0.12244608483350015,"[np.float64(7.3488560654836625), np.float64(7.781232768373098), np.float64(3.021364821023208), np.float64(5.310583334548855), np.float64(0.9530765517906719), 0, np.float64(0.2542550135557111)]",0.12244608483350015,0.04222786995415353,0.010597522868675373,0
0.04177149150167298,0.12378331020274826,"[np.float64(7.959651456238716), np.float64(7.3289780834840865), np.float64(3.342094994679855), np.float64(5.374414308230731), np.float64(0.2822572815966069), np.float64(0.5060362877095872), np.float64(0.6604188729425656)]",0.12378331020274826,0.04177149150167298,0.0106782376670525,0
0.04311556042357383,0.11991499706955738,"[np.float64(6.719767454082174), np.float64(6.721801880206183), np.float64(3.558096538080804), np.float64(7.045728743902363), np.float64(3.059066371081475), 0, np.float64(0.9323377150934188)]",0.11991499706955738,0.04311556042357383,0.010545892877646401,0
0.042038467834995465,0.12300358818852188,"[np.float64(7.7368910751234825), np.float64(7.685012844010552), np.float64(2.9395966190130105), np.float64(5.097329296119316), np.float64(0.652202548713596), 0, np.float64(0.5339863702914474)]",0.12300358818852188,0.042038467834995465,0.010623066102456094,0
0.04162222294763327,0.12422969558031718,"[np.float64(8.307539371256748), np.float64(7.0355279960058255), np.float64(3.0994417130800773), np.float64(5.805665203922468), 0.1, np.float64(0.9379748606345095), np.float64(0.5114582240800851)]",0.12422969558031718,0.04162222294763327,0.01069246045948419,0
0.04302859576681458,0.1201579957937096,"[np.float64(6.93175439850524), np.float64(6.784021284018038), np.float64(3.4508192262130235), np.float64(6.776945879059792), np.float64(2.6585618912170945), 0, np.float64(0.9304916970102832)]",0.1201579957937096,0.04302859576681458,0.010546848833498186,0
0.041779003460301806,0.12376909260813053,"[np.float64(7.127310686529981), np.float64(7.4854274339339675), np.float64(2.9416005540561794), np.float64(4.740050208767032), np.float64(0.30433149406246063), np.float64(0.47431480795580805), 1]",0.12376909260813053,0.041779003460301806,0.010677124343461858,0
0.04253016304646906,0.12157971820302639,"[np.float64(6.853461361771355), np.float64(7.043447347350399), np.float64(2.9248639018003315), np.float64(5.580033418996724), np.float64(1.323198784069569), 0, 0]",0.12157971820302639,0.04253016304646906,0.010571522698686667,0
0.04223859772618489,0.12241472655326224,"[np.float64(7.324758500468964), np.float64(7.787208172203768), np.float64(3.026442750888105), np.float64(5.323826735087566), np.float64(0.9717612855653697), 0, np.float64(0.23688327031572332)]",0.12241472655326224,0.04223859772618489,0.01059633262909568,0
0.04210027621738522,0.12282082409820946,"[np.float64(7.617432897476597), np.float64(7.714634544455416), np.float64(2.964769297144984), np.float64(5.162980431129731), np.float64(0.7448278511116259), 0, np.float64(0.4478699187440492)]",0.12282082409820946,0.04210027621738522,0.010613680142823625,0
0.04217288310436338,0.12260209438636839,"[np.float64(8.222825986734243), np.float64(6.578658325839641), np.float64(3.485606241869393), np.float64(5.551137225316427), np.float64(0.6567438492746267), 0, np.float64(0.18406918207145073)]",0.12260209438636839,0.04217288310436338,0.010603850205694704,0
0.0432720763922877,0.11948022096517998,"[np.float64(7.999583596492708), np.float64(4.752932198204291), np.float64(3.5415330718093863), np.float64(4.008406551851074), np.float64(2.9662163121928398), np.float64(0.575695687574762), np.float64(0.12668609414326942)]",0.11948022096517998,0.0432720763922877,0.010540710755204252,0
0.04277609243344879,0.12087005651593959,"[np.float64(2.6141106189662273), np.float64(8.0734811798097), np.float64(3.169320495365078), np.float64(4.792048752288947), np.float64(2.248940590537719), 0, np.float64(0.5960585794573279)]",0.12087005651593959,0.04277609243344879,0.010558184437285343,0
0.0432143956050425,0.11964546581034642,"[np.float64(8.589861805850521), np.float64(5.873779975444995), np.float64(3.0100242476860357), np.float64(7.442403806242806), np.float64(3.20250560251187), np.float64(0.33715766308634376), 0]",0.11964546581034642,0.0432143956050425,0.010542263496107132,0
0.0421070958242567,0.1228007097434684,"[np.float64(7.60385623498452), np.float64(7.718001110372486), np.float64(2.9676302227153517), np.float64(5.170441814852601), np.float64(0.7553549032871735), 0, np.float64(0.43808261057725)]",0.1228007097434684,0.0421070958242567,0.010612712939499672,0
0.04215740184696251,0.12265263571678132,"[np.float64(7.501103013911096), np.float64(7.743480530821868), np.float64(2.989282769339248), np.float64(5.226912336355005), np.float64(0.835027541542473), 0, np.float64(0.364008629555496)]",0.12265263571678132,0.04215740184696251,0.010605959922083253,0
0.04201484163671041,0.12307367419539514,"[np.float64(7.780929539436118), np.float64(7.674092752781831), np.float64(2.9303166675738943), np.float64(5.0731268913682035), np.float64(0.6180560703857548), 0, np.float64(0.5657333494678021)]",0.12307367419539514,0.04201484163671041,0.010626971619933487,0
0.0419400863020956,0.12329319283707198,"[np.float64(8.087298658697112), np.float64(7.9170415488840415), np.float64(2.9346355015507033), np.float64(4.690962453202786), np.float64(0.5522653388746281), 0, np.float64(0.8318301131055598)]",0.12329319283707198,0.0419400863020956,0.010640523628604685,0
0.04231520990776889,0.12219125875756544,"[np.float64(7.14465482783238), np.float64(7.886786066108785), np.float64(3.070878406708167), np.float64(5.381356830792141), np.float64(1.122654804867421), 0, np.float64(0.10431991613057945)]",0.12219125875756544,0.04231520990776889,0.010588475865044793,0
0.04230713213363867,0.12221491254351745,"[np.float64(7.164511098572259), np.float64(7.826944259172075), np.float64(3.060210688327723), np.float64(5.411894576270335), np.float64(1.0960136754105956), 0, np.float64(0.12136219094829523)]",0.12221491254351745,0.04230713213363867,0.010589250116095452,0
0.04244873574744536,0.12182357601860491,"[np.float64(7.655206279500308), np.float64(6.7527723337830725), np.float64(2.848536599327854), np.float64(6.274213578593226), np.float64(1.0951125900433922), np.float64(0.25733096937296585), np.float64(0.8486150258598953)]",0.12182357601860491,0.04244873574744536,0.010577507905392598,0
0.042259049632022025,0.12235296553494145,"[np.float64(7.562363426901499), np.float64(6.890550603832834), np.float64(3.128765602923668), np.float64(4.307633260361463), np.float64(0.8333633956899176), 0, np.float64(0.029311532989869993)]",0.12235296553494145,0.042259049632022025,0.010594224931014735,0
0.04219111109191038,0.12255370568572316,"[np.float64(7.4295452170053515), np.float64(7.761224511737952), np.float64(3.004361698424087), np.float64(5.2662386568986985), np.float64(0.8905119186516214), 0, np.float64(0.3124231820670225)]",0.12255370568572316,0.04219111109191038,0.010601784875087592,0
0.0416100304704024,0.12426495284409193,"[np.float64(8.143015461331434), np.float64(7.1709789812504505), np.float64(3.28260502920244), np.float64(5.661465702280867), 0.1, np.float64(0.8649050393664144), np.float64(0.5482180111842072)]",0.12426495284409193,0.0416100304704024,0.010712973404643923,0
0.04212637764341297,0.12274389171420413,"[np.float64(7.565021805647781), np.float64(7.727630772028305), np.float64(2.9758135602598292), np.float64(5.191784216131943), np.float64(0.7854662847901058), 0, np.float64(0.41008717888538376)]",0.12274389171420413,0.04212637764341297,0.010610046763408664,0
0.042360748706773685,0.12205942983257638,"[np.float64(7.763943211643172), np.float64(7.586675580607014), np.float64(3.077928740523241), np.float64(5.285094106890977), np.float64(1.1403804126200292), 0, np.float64(0.8609243836217637)]",0.12205942983257638,0.042360748706773685,0.010584458898176174,0
0.04204356600996445,0.12298848122494913,"[np.float64(7.727274043991007), np.float64(7.687397551537375), np.float64(2.941623156116218), np.float64(5.102614568519368), np.float64(0.6596593878715641), 0, np.float64(0.5270535289250092)]",0.12298848122494913,0.04204356600996445,0.010622247459715437,0
0.04201405389173694,0.1230741229122702,"[np.float64(8.036641450365217), np.float64(7.838671946335401), np.float64(2.9547846128479125), np.float64(4.804853471170845), np.float64(0.6418233536987374), 0, np.float64(0.8393583218532397)]",0.1230741229122702,0.04201405389173694,0.010627079271508477,0
0.04272946174233276,0.1210012428438846,"[np.float64(6.627778541434525), np.float64(6.589180976901682), np.float64(3.4454817468108643), np.float64(4.396636075035692), np.float64(1.629293165337148), np.float64(0.4464845392398014), 1]",0.1210012428438846,0.04272946174233276,0.010560113917325743,0
0.04228231215735835,0.122287137310037,"[np.float64(7.223911286994176), np.float64(7.822832534340711), np.float64(3.0489471469809435), np.float64(5.371235999043881), np.float64(1.0521300946927066), 0, np.float64(0.16365588921541507)]",0.122287137310037,0.04228231215735835,0.01059171608902456,0
0.04218876098373062,0.12256059534777178,"[np.float64(7.4346078429346), np.float64(7.7599691469592935), np.float64(3.0032948827775576), np.float64(5.263456368193686), np.float64(0.8865864673609538), 0, np.float64(0.31607278889283125)]",0.12256059534777178,0.04218876098373062,0.01060206741729068,0
0.042299657270188175,0.12223666288757903,"[np.float64(7.182543052999395), np.float64(7.822472927338644), np.float64(3.056410926822684), np.float64(5.401984678949643), np.float64(1.0820320856647843), 0, np.float64(0.13436128368784428)]",0.12223666288757903,0.042299657270188175,0.010589981237797481,0
0.04279838693367935,0.12080594317551349,"[np.float64(7.3145064473287675), np.float64(6.157562925872816), np.float64(3.4016379637707415), np.float64(5.112355886442795), np.float64(1.651709847616016), np.float64(0.5583398728550059), np.float64(0.46348689140604626)]",0.12080594317551349,0.04279838693367935,0.01055668965800933,0
0.04213259516673732,0.1227266820544984,"[np.float64(7.544549905201559), np.float64(7.564103185686165), np.float64(2.9602224059459097), np.float64(5.330291329786742), np.float64(0.7668164955356478), 0, np.float64(0.4037045189564078)]",0.1227266820544984,0.04213259516673732,0.010609227973797269,0
0.04227180972035196,0.12231778523120942,"[np.float64(7.248501024582818), np.float64(7.806117518988365), np.float64(3.042512014068337), np.float64(5.365735878049328), np.float64(1.0308896927050129), 0, np.float64(0.18190986157439631)]",0.12231778523120942,0.04227180972035196,0.010592791751011268,0
0.0428512849399024,0.12065635408477893,"[np.float64(6.752200514191846), np.float64(6.302107074195419), np.float64(3.540579389270948), np.float64(4.432239700836838), np.float64(1.8426113147000196), np.float64(0.27976387330807784), 1]",0.12065635408477893,0.0428512849399024,0.01055468679044011,0
0.042001279157532385,0.12311396422305965,"[np.float64(7.805825085378022), np.float64(7.667919475917668), np.float64(2.9250705841557476), np.float64(5.059444941082462), np.float64(0.5987525993580174), 0, np.float64(0.5836803508207729)]",0.12311396422305965,0.042001279157532385,0.010629299478224134,0
0.042651630634138495,0.12122405728251796,"[np.float64(6.891056063181257), np.float64(6.714074626922955), np.float64(3.131278518317407), np.float64(5.432343480986228), np.float64(1.489355704071941), 0, np.float64(0.17194261622167734)]",0.12122405728251796,0.042651630634138495,0.010564116844497895,0
0.04221665628222593,0.1224792191306616,"[np.float64(7.372010783712257), np.float64(7.70332825710748), np.float64(3.007966152342201), np.float64(5.352324100832204), np.float64(0.9203468407658353), 0, np.float64(0.27453174519079304)]",0.1224792191306616,0.04221665628222593,0.01059879260707928,0
0.042197950344941254,0.12253366177077477,"[np.float64(7.414747524230195), np.float64(7.7648938530195215), np.float64(3.007479924104927), np.float64(5.27437108738911), np.float64(0.9019857314544887), 0, np.float64(0.3017556428663834)]",0.12253366177077477,0.042197950344941254,0.010600969666853245,0
0.04285025034893948,0.12065977040223491,"[np.float64(7.971735722774418), np.float64(5.735966719803924), np.float64(3.251851706362567), np.float64(4.585779967085246), np.float64(1.6291124915995079), np.float64(0.4777202407293683), np.float64(0.20752467433397637)]",0.12065977040223491,0.04285025034893948,0.010554679711424193,0
0.04238885368370756,0.12197928841680107,"[np.float64(8.161066206737845), np.float64(7.694175894524171), np.float64(3.0415697997688627), np.float64(5.21384655049347), np.float64(1.2144471277767641), 0, np.float64(0.9063920669920799)]",0.12197928841680107,0.04238885368370756,0.01058211613308787,0
0.04232096194851485,0.12217451885230708,"[np.float64(7.130421453824069), np.float64(7.8982712440543335), np.float64(3.074816960429495), np.float64(5.38317439348762), np.float64(1.1353200764094566), 0, np.float64(0.09366398844979042)]",0.12217451885230708,0.04232096194851485,0.010587928585560189,0
0.04209929941431168,0.12282370598284936,"[np.float64(7.619370874246257), np.float64(7.714153989934405), np.float64(2.964360919364485), np.float64(5.1619153690548005), np.float64(0.7433251855941534), 0, np.float64(0.4492669908061871)]",0.12282370598284936,0.04209929941431168,0.010613819738927574,0
0.042323676683822364,0.12216922465307711,"[np.float64(7.63858044637735), np.float64(6.529238133114547), np.float64(2.9980390957872025), np.float64(6.374208895694933), np.float64(0.8545681776246417), np.float64(0.2142004831657398), np.float64(0.8200162490633909)]",0.12216922465307711,0.042323676683822364,0.01058757737267209,0
0.04171882928273375,0.12397658716445172,"[np.float64(8.199759545314388), np.float64(7.035402169051522), np.float64(2.7789176524272023), np.float64(5.246622861657436), np.float64(0.18379183784428121), 0, np.float64(0.8942323823232783)]",0.12397658716445172,0.04171882928273375,0.010697655344895498,0
0.04226227589566683,0.1223455916288352,"[np.float64(7.270652949212955), np.float64(7.800624570003233), np.float64(3.0378440768898), np.float64(5.3535617513107425), np.float64(1.0137135666500017), 0, np.float64(0.19787900811312673)]",0.1223455916288352,0.04226227589566683,0.010593786527988697,0
0.04218235259375342,0.12257938805090327,"[np.float64(7.448355789272695), np.float64(7.7565601082799756), np.float64(3.000397863628584), np.float64(5.255900851284444), np.float64(0.8759266053740913), 0, np.float64(0.32598357422391505)]",0.12257938805090327,0.04218235259375342,0.010602844234727161,0
0.04202461778470052,0.12304370964332077,"[np.float64(8.032424462499892), np.float64(7.715429573737221), np.float64(2.946377900847864), np.float64(4.905614714038695), np.float64(0.6379782467838719), 0, np.float64(0.8530113775307908)]",0.12304370964332077,0.04202461778470052,0.010625350353640248,0
0.04229402223790016,0.12225306653785786,"[np.float64(7.196043743956866), np.float64(7.819125199864322), np.float64(3.053566010260871), np.float64(5.394565047223778), np.float64(1.071563940183655), 0, np.float64(0.14409382457870082)]",0.12225306653785786,0.04229402223790016,0.010590538801038203,0
0.04160165627579794,0.12429027482548004,"[np.float64(8.031919238213689), np.float64(7.270858593213806), np.float64(3.23331769083323), np.float64(5.413017270644707), 0.1, np.float64(0.4838113514351588), np.float64(0.6582191540560126)]",0.12429027482548004,0.04160165627579794,0.010734198901232223,0
0.04312234805066621,0.11989627292480003,"[np.float64(8.11214019201897), np.float64(5.008910709578862), np.float64(3.34964748094961), np.float64(4.327927293329667), np.float64(2.180814728636812), np.float64(0.7417703691640907), np.float64(0.01930103782438375)]",0.11989627292480003,0.04312234805066621,0.010544567964312041,0
0.04215495204362662,0.122659834433311,"[np.float64(7.5062164699420775), np.float64(7.7422125618492), np.float64(2.988205242581805), np.float64(5.224102112736391), np.float64(0.8310626776838533), 0, np.float64(0.3676948793979593)]",0.122659834433311,0.04215495204362662,0.010606273873780303,0
0.04268194979055599,0.12113741093257084,"[np.float64(7.966797844625622), np.float64(6.00386949564773), np.float64(3.157508572511711), np.float64(4.767318722609087), np.float64(1.3394922333472419), np.float64(0.449619257740528), np.float64(0.23158755023035954)]",0.12113741093257084,0.04268194979055599,0.010562545965006465,0
0.042295217580070044,0.12224949697804173,"[np.float64(7.193246886129021), np.float64(7.847576217765619), np.float64(3.0574323726252097), np.float64(5.375151758656405), np.float64(1.0794161734119374), 0, np.float64(0.1406987437203957)]",0.12224949697804173,0.042295217580070044,0.010590422170321263,0
0.042001889601284446,0.12311214986802838,"[np.float64(7.804710452954603), np.float64(7.66819586811118), np.float64(2.9253054637075953), np.float64(5.060057514329086), np.float64(0.5996168613726872), 0, np.float64(0.5828768211589667)]",0.12311214986802838,0.042001889601284446,0.010629193314908114,0
0.04242842291543513,0.12186183614940305,"[np.float64(7.803125830108401), np.float64(7.4564850261379805), np.float64(3.5442902998629195), np.float64(5.261625416549069), np.float64(1.2362719378544078), np.float64(0.49010018201230154), np.float64(0.6816343500967316)]",0.12186183614940305,0.04242842291543513,0.010578599141099551,0
0.042248803176661257,0.12238491573938973,"[np.float64(7.301595587631052), np.float64(7.792951813024603), np.float64(3.0313237273181257), np.float64(5.336556474883625), np.float64(0.9897213101387626), 0, np.float64(0.22018531040711867)]",0.12238491573938973,0.042248803176661257,0.01059522180252617,0
0.04236045722983023,0.12206017548809214,"[np.float64(7.761850856382747), np.float64(7.624149969780188), np.float64(3.0822782940381828), np.float64(5.257959718112355), np.float64(1.148021117674817), 0, np.float64(0.8566917353341581)]",0.12206017548809214,0.04236045722983023,0.010584484335496335,0
0.042073888254430904,0.12289874946606354,"[np.float64(7.6692101877124585), np.float64(7.701795478839104), np.float64(2.9538585910943205), np.float64(5.134524967144703), np.float64(0.7046808535605351), 0, np.float64(0.48519575606790716)]",0.12289874946606354,0.042073888254430904,0.010617547063640412,0
0.0427034548297333,0.12107570199960531,"[np.float64(7.42409349467798), np.float64(7.177170675400504), np.float64(3.223149958662364), np.float64(5.958244195578484), np.float64(1.7524645785747452), 0, np.float64(0.8984542938337835)]",0.12107570199960531,0.0427034548297333,0.01056138399306583,0
0.042634608317995114,0.12127260207832953,"[np.float64(6.944617788115581), np.float64(6.707202108513973), np.float64(3.1292116161282726), np.float64(5.407584914099408), np.float64(1.4506219736213364), 0, np.float64(0.21228053750273188)]",0.12127260207832953,0.042634608317995114,0.010565074473001364,0
0.04219760590757537,0.1225346709959322,"[np.float64(7.415495071685697), np.float64(7.764708485828833), np.float64(3.007322398083214), np.float64(5.27396025457804), np.float64(0.9014060992310046), 0, np.float64(0.30229454389014987)]",0.1225346709959322,0.04219760590757537,0.010601010473332437,0
0.042375176189863466,0.12202293989791169,"[np.float64(8.043897202581032), np.float64(6.28956503915031), np.float64(2.9542767557358665), np.float64(5.113202400231899), np.float64(0.8786920988642652), np.float64(0.5414369927654408), np.float64(0.17753181711787552)]",0.12202293989791169,0.042375176189863466,0.010583031150044908,0
0.04185597926835261,0.12354364863640116,"[np.float64(8.936179625130023), np.float64(6.453444026076702), np.float64(2.910575519378771), np.float64(5.8731099876416275), np.float64(0.26897257673025887), np.float64(0.5215639346733165), np.float64(0.18503781078007753)]",0.12354364863640116,0.04185597926835261,0.010657802723749407,0
0.04214807987705915,0.12268003480439287,"[np.float64(7.520499380168479), np.float64(7.738670869714419), np.float64(2.9851954938228724), np.float64(5.216252593464576), np.float64(0.8199880162006102), 0, np.float64(0.37799131594752383)]",0.12268003480439287,0.04214807987705915,0.010607162449001189,0
0.04221305080057789,0.12248911661709976,"[np.float64(7.887131560920422), np.float64(7.70889983748341), np.float64(3.023024441412855), np.float64(5.061591140845226), np.float64(0.9159749746835573), 0, np.float64(0.8502460443171966)]",0.12248911661709976,0.04221305080057789,0.010599309920415682,0
0.0419164126547381,0.12335883709869298,"[np.float64(7.186972614167248), np.float64(7.311844678717667), np.float64(3.002732155443928), np.float64(4.753607182684743), np.float64(0.4448726408343502), np.float64(0.38214448561500614), 1]",0.12335883709869298,0.0419164126547381,0.010644770632701313,0
0.042071693233589134,0.12290523832247592,"[np.float64(7.673464055632085), np.float64(7.7007406594560415), np.float64(2.9529621999885296), np.float64(5.132187150993403), np.float64(0.7013824958408877), 0, np.float64(0.4882623356676089)]",0.12290523832247592,0.042071693233589134,0.010617877887279208,0
0.04208109433955206,0.1228767955713388,"[np.float64(7.991342578445848), np.float64(7.703701004488366), np.float64(2.967196085738082), np.float64(4.957445874578398), np.float64(0.7156256474115885), 0, np.float64(0.8533323847802656)]",0.1228767955713388,0.04208109433955206,0.010616518644207063,0
0.04247170862889175,0.12173734701107454,"[np.float64(7.107236555681395), np.float64(6.708066749653103), np.float64(3.5065581004132382), np.float64(5.85467558259443), np.float64(1.136592575821299), 0, np.float64(0.4249419222064828)]",0.12173734701107454,0.04247170862889175,0.010575341586492195,0
0.041823904860480855,0.12365333436188172,"[np.float64(8.057050606918914), np.float64(7.150556703101943), np.float64(2.818407011735548), np.float64(5.264846400404291), np.float64(0.31077841567178555), 0, np.float64(0.7873922103404136)]",0.12365333436188172,0.041823904860480855,0.010667220369772678,0
0.042187190329301995,0.12256461929679155,"[np.float64(7.906407804558073), np.float64(7.754142037450761), np.float64(3.016689531533023), np.float64(5.006193082880976), np.float64(0.8833890727791003), 0, np.float64(0.8456603532712043)]",0.12256461929679155,0.042187190329301995,0.010602345102672064,0
0.042128655105870286,0.12273718586161413,"[np.float64(7.56039050947583), np.float64(7.72877918120865), np.float64(2.97678948447169), np.float64(5.194329457121276), np.float64(0.789057292261271), 0, np.float64(0.4067485142560576)]",0.12273718586161413,0.042128655105870286,0.01060973838258695,0
0.042850488441833645,0.1206587354506972,"[np.float64(6.6726407098259415), np.float64(6.3736117088665285), np.float64(3.3757141081313407), np.float64(5.385350328151026), np.float64(1.8668247962197082), 0, np.float64(0.18769767755145345)]",0.1206587354506972,0.042850488441833645,0.010554612193745858,0
0.041755523386409435,0.12386318214794792,"[np.float64(8.151374845367352), np.float64(7.074444696031366), np.float64(2.792306307845128), np.float64(5.2528014547025075), np.float64(0.22684595578928246), 0, np.float64(0.8580087951969061)]",0.12386318214794792,0.041755523386409435,0.010686199621824306,0
0.04199611317803134,0.12312932195301707,"[np.float64(7.815235759778577), np.float64(7.665585938075652), np.float64(2.923087531322059), np.float64(5.054273077022756), np.float64(0.5914557647729679), 0, np.float64(0.5904644312580223)]",0.12312932195301707,0.04199611317803134,0.010630203217086345,0
0.041964808824629475,0.12321154325491512,"[np.float64(8.50848935304409), np.float64(6.525917939783083), np.float64(3.433596366015313), np.float64(5.345151618053573), np.float64(0.39784781753855336), 0, np.float64(0.08553723137726521)]",0.12321154325491512,0.041964808824629475,0.01063525366384264,0
0.04161457770142075,0.12425171446437776,"[np.float64(8.206168392285608), np.float64(7.119644860270504), np.float64(3.1987499226563836), np.float64(5.704984415617799), 0.1, np.float64(0.8669694809307339), np.float64(0.5407790606783889)]",0.12425171446437776,0.04161457770142075,0.010711026188363929,0
0.04235571198311348,0.12207168520130916,"[np.float64(7.685748626318749), np.float64(7.125522495356625), np.float64(3.3698856050382764), np.float64(4.77578828522574), np.float64(1.0335886991449197), 0, np.float64(0.3105217244400646)]",0.12207168520130916,0.04235571198311348,0.010584865293899232,0
0.042465634549565576,0.12175502476682516,"[np.float64(8.217174642416353), np.float64(7.303965830197225), np.float64(3.319957252248991), np.float64(5.0670124015675135), np.float64(1.2702067909595494), 0, np.float64(0.8142781176191702)]",0.12175502476682516,0.042465634549565576,0.010576043451683325,0
0.04187539475578146,0.12347709272812776,"[np.float64(8.307192083656888), np.float64(6.618185251384407), np.float64(3.1024356209136856), np.float64(5.614526146468388), np.float64(0.3122588411230982), np.float64(0.562392053104888), np.float64(0.20632693236348879)]",0.12347709272812776,0.04187539475578146,0.010652437618013757,0
0.04216917981532598,0.12261804346616063,"[np.float64(7.476356563740313), np.float64(7.749616836836845), np.float64(2.9944974347336877), np.float64(5.240512347448369), np.float64(0.8542154069150897), 0, np.float64(0.3461691101598315)]",0.12261804346616063,0.04216917981532598,0.010604470801590384,0
0.042925375230323214,0.12044763521271637,"[np.float64(1.2744789127683156), np.float64(8.108360110574194), np.float64(3.4574956857216423), np.float64(4.701320815010414), np.float64(2.797657630446713), np.float64(0.11998045107149324), np.float64(0.5396133633145366)]",0.12044763521271637,0.042925375230323214,0.010551874195998583,0
0.0420910548072398,0.12284965894100755,"[np.float64(7.6236573782758), np.float64(7.500269873602194), np.float64(2.938332372544168), np.float64(5.320189523151903), np.float64(0.6964243575292592), 0, np.float64(0.46292895243204696)]",0.12284965894100755,0.0420910548072398,0.010615049762539455,0
0.04216473518378117,0.12263109415382033,"[np.float64(7.4857268564965045), np.float64(7.74729331231494), np.float64(2.992522891272534), np.float64(5.235362676099435), np.float64(0.846949883388807), 0, np.float64(0.3529240797903643)]",0.12263109415382033,0.04216473518378117,0.010605028836181066,0
0.04161063150844347,0.12426471876424285,"[np.float64(8.154050519505464), np.float64(7.1700689558462525), np.float64(3.102285037056176), np.float64(5.524371674431247), 0.1, np.float64(0.547519075336852), np.float64(0.6285008526769504)]",0.12426471876424285,0.04161063150844347,0.010730439214261417,0
0.04208096433050305,0.12287960364246685,"[np.float64(7.642314847363825), np.float64(7.485214809893165), np.float64(2.933169616035114), np.float64(5.317807015688344), np.float64(0.6798223970841109), 0, np.float64(0.4768970137780405)]",0.12287960364246685,0.04208096433050305,0.010616537978634325,0
0.04212876130253917,0.12273687319840987,"[np.float64(7.560174323298098), np.float64(7.7288327882728405), np.float64(2.976835040039135), np.float64(5.194448267471654), np.float64(0.7892249183751234), 0, np.float64(0.4065926673574465)]",0.12273687319840987,0.04212876130253917,0.010609724036051713,0
0.04308234241966211,0.1200076915489198,"[np.float64(6.786268530748027), np.float64(6.845589886979928), np.float64(3.53345175265731), np.float64(6.879865989694994), np.float64(2.943521797288037), 0, np.float64(0.9201216063466181)]",0.1200076915489198,0.04308234241966211,0.010548572373608818,0
0.04291776397768845,0.12046910132500392,"[np.float64(7.13671876672466), np.float64(7.044678443818218), np.float64(3.4024583022508095), np.float64(4.9010600087883), np.float64(2.338003725160206), np.float64(0.433488158552684), np.float64(0.4952660532820827)]",0.12046910132500392,0.04291776397768845,0.01055196454307175,0
0.04223231883964609,0.12243307761180754,"[np.float64(7.338893510603275), np.float64(7.783703154429084), np.float64(3.02346416819488), np.float64(5.316058497893757), np.float64(0.9608013026334363), 0, np.float64(0.2470730868634987)]",0.12243307761180754,0.04223231883964609,0.01059702642436227,0
0.042940430009661426,0.12040534622682607,"[np.float64(7.0590194691430685), np.float64(7.107911783509502), np.float64(3.4111717067480027), np.float64(6.391495492052812), np.float64(2.445863370295639), 0, np.float64(0.8974044307996972)]",0.12040534622682607,0.042940430009661426,0.010550917244639782,0
0.04245081599518074,0.12179744472344206,"[np.float64(7.184723487444975), np.float64(6.710536056299831), np.float64(3.446539057682867), np.float64(5.800059077990362), np.float64(1.100731524410664), 0, np.float64(0.42010734392484705)]",0.12179744472344206,0.04245081599518074,0.010576916262102564,0
0.042252983286028084,0.12237281783300359,"[np.float64(7.291647750826497), np.float64(7.768174704084707), np.float64(3.0302036149455587), np.float64(5.362586239000103), np.float64(0.9918562125314763), 0, np.float64(0.2143673269622317)]",0.12237281783300359,0.042252983286028084,0.010594771760923832,0
0.04203242659533805,0.12301745010930758,"[np.float64(8.48593992477855), np.float64(6.650753502129626), np.float64(3.004746503504971), np.float64(5.584498991410848), np.float64(0.49152356734438385), np.float64(0.4318125786458339), np.float64(0.32626365401873175)]",0.12301745010930758,0.04203242659533805,0.010623637218451557,0
0.042168755033861985,0.12261929056997842,"[np.float64(7.477253775026637), np.float64(7.749394357936842), np.float64(2.994308370984584), np.float64(5.240019263253953), np.float64(0.8535197285752079), 0, np.float64(0.3468159026506302)]",0.12261929056997842,0.042168755033861985,0.010604523930820797,0
0.04217484111285767,0.12259636527945866,"[np.float64(7.896635788126267), np.float64(7.37472222341949), np.float64(3.538374417560684), np.float64(5.429343669017523), np.float64(0.7996059534522164), np.float64(0.7199532801774476), np.float64(0.6123887403401304)]",0.12259636527945866,0.04217484111285767,0.010601085529988022,0
0.04287393344128437,0.12059271688714071,"[np.float64(1.5269437103331023), np.float64(8.165527204813152), np.float64(3.318009082461857), np.float64(4.6830233376636095), np.float64(2.6180636286799595), 0, np.float64(0.5874906170476781)]",0.12059271688714071,0.04287393344128437,0.01055390281152141,0
0.0420388495730802,0.12300245681636848,"[np.float64(7.736172399181105), np.float64(7.685191052015239), np.float64(2.939748061120491), np.float64(5.097724261891029), np.float64(0.6527597945865881), 0, np.float64(0.5334682825122)]",0.12300245681636848,0.0420388495730802,0.010623004513934465,0
0.042804463879451686,0.12078896896652962,"[np.float64(2.5414023205827574), np.float64(7.991935652205544), np.float64(3.2970879694209763), np.float64(4.808751663524557), np.float64(2.3121106840440087), np.float64(0.029772770705794538), np.float64(0.566796322748562)]",0.12078896896652962,0.042804463879451686,0.010556883812526634,0
0.04197381507802841,0.12319945156059371,"[np.float64(7.8283148883412625), np.float64(7.335127868648035), np.float64(2.8817010638049045), np.float64(5.294055322264098), np.float64(0.5143141328852252), 0, np.float64(0.6161474110571491)]",0.12319945156059371,0.04197381507802841,0.010634381039191645,0
0.04230894637605258,0.12220956747624864,"[np.float64(8.344443197736544), np.float64(6.662592165292236), np.float64(3.0637071994060223), np.float64(5.539921542530649), np.float64(0.8613353461067552), np.float64(0.47240650656734695), np.float64(0.30602237592235826)]",0.12220956747624864,0.04230894637605258,0.01058899479939506,0
0.04225623642146805,0.12236321532792387,"[np.float64(7.284575556620894), np.float64(7.797172221121196), np.float64(3.0349102525008673), np.float64(5.345910245179974), np.float64(1.0029182762250848), 0, np.float64(0.20791570522233066)]",0.12236321532792387,0.04225623642146805,0.010594425597917366,0
0.042084705771342344,0.122868497089341,"[np.float64(7.6354214920315595), np.float64(7.490777188327593), np.float64(2.9350770942114393), np.float64(5.318687278196115), np.float64(0.6859563058163554), 0, np.float64(0.47173624895476607)]",0.122868497089341,0.042084705771342344,0.010615982652934916,0
0.0429274515000218,0.12044183274098871,"[np.float64(7.077976993722309), np.float64(7.067929924179222), np.float64(3.416202654125606), np.float64(4.865695754292025), np.float64(2.3819287622003413), np.float64(0.42519458757915385), np.float64(0.5104827234589953)]",0.12044183274098871,0.0429274515000218,0.01055160217893535,0
0.042078950887474396,0.12288378747250825,"[np.float64(7.6593682652834945), np.float64(7.704235952013357), np.float64(2.955932518140458), np.float64(5.1399338340039975), np.float64(0.712312068594264), 0, np.float64(0.47810079235188196)]",0.12288378747250825,0.042078950887474396,0.010616789504451702,0
0.04267973347111809,0.12114702699093183,"[np.float64(7.4392555574782655), np.float64(6.4986492235355), np.float64(3.0144357457166935), np.float64(5.009068206579002), np.float64(1.4836717325514863), np.float64(0.6041462305288263), np.float64(0.39277516032954163)]",0.12114702699093183,0.04267973347111809,0.010562340223914668,0
0.042037771991929984,0.12300811572366936,"[np.float64(7.719864859738326), np.float64(7.422638242223362), np.float64(2.9117105516103137), np.float64(5.307904092499262), np.float64(0.6108161330571977), 0, np.float64(0.5349554420203168)]",0.12300811572366936,0.042037771991929984,0.010623262050962777,0
0.042346468240511824,0.12209824612809506,"[np.float64(7.854591157323735), np.float64(7.408021249096819), np.float64(3.612230707051409), np.float64(5.4161176878092325), np.float64(1.0785392224510302), np.float64(0.7531580859587088), np.float64(0.6084629386448138)]",0.12209824612809506,0.042346468240511824,0.01058292581191601,0
0.04223850236375373,0.12241519489902064,"[np.float64(7.3241359606068475), np.float64(7.741959354846939), np.float64(3.021213718421026), np.float64(5.358437584007607), np.float64(0.9629472554182505), 0, np.float64(0.23868988138225752)]",0.12241519489902064,0.04223850236375373,0.010596342163036366,0
0.042136323063640686,0.12271461600410755,"[np.float64(7.544727353000159), np.float64(7.7326631290327565), np.float64(2.980090083930509), np.float64(5.20293752415134), np.float64(0.8012021670086095), 0, np.float64(0.3954570691470953)]",0.12271461600410755,0.042136323063640686,0.010608710011740397,0
0.04202914892759004,0.12303121718077524,"[np.float64(7.7543643779692735), np.float64(7.680680039401642), np.float64(2.935914578678026), np.float64(5.087726419306664), np.float64(0.6386541253920222), 0, np.float64(0.5465827355427286)]",0.12303121718077524,0.04202914892759004,0.010624584354767928,0
0.04187822747931269,0.12346929141907961,"[np.float64(8.16955758470978), np.float64(6.993198527843809), np.float64(3.0745206053365646), np.float64(5.264299827409389), np.float64(0.361240700959077), 0, np.float64(0.3456070418455558)]",0.12346929141907961,0.04187822747931269,0.010652793613596036,0
0.0422151048155349,0.12248291920198331,"[np.float64(7.883190360323316), np.float64(7.756771410960895), np.float64(3.029254774970185), np.float64(5.028245386843494), np.float64(0.9281678513460276), 0, np.float64(0.8448085559469815)]",0.12248291920198331,0.0422151048155349,0.010599071211218575,0
0.04329500977039995,0.1194200134139344,"[np.float64(8.924716209944046), np.float64(5.436726879430777), np.float64(3.070778063597627), np.float64(7.9735406985727035), np.float64(3.7634962541512404), np.float64(0.3179601218348891), 0]",0.1194200134139344,0.04329500977039995,0.010540041427780493,0
0.042600033914633385,0.12137089539009523,"[np.float64(8.075216382876278), np.float64(6.715860737187565), np.float64(3.157897445366177), np.float64(5.426839645552317), np.float64(1.381223720801687), np.float64(0.5074854837075466), np.float64(0.30710969295892954)]",0.12137089539009523,0.042600033914633385,0.010566958029622455,0
0.04230341330871046,0.12222573228235714,"[np.float64(7.173499874359533), np.float64(7.824715338314737), np.float64(3.058316539562434), np.float64(5.406954576812675), np.float64(1.0890439719387621), 0, np.float64(0.12784212802588416)]",0.12222573228235714,0.04230341330871046,0.01058961265669978,0
0.04300262374832787,0.12023075843322076,"[np.float64(6.974385565423283), np.float64(6.863997428353052), np.float64(3.4350740650497418), np.float64(6.670132568241511), np.float64(2.5845509977597425), 0, np.float64(0.9225911754126233)]",0.12023075843322076,0.04300262374832787,0.010548329233062587,0
0.0416519515011387,0.12415272665711535,"[np.float64(7.1009121194586085), np.float64(7.623211355195767), np.float64(2.8881909334548492), np.float64(4.740018362893224), np.float64(0.17722089018964482), np.float64(0.5358478157258635), 1]",0.12415272665711535,0.0416519515011387,0.010716778287285983,0
0.04220663635459171,0.1225086229297868,"[np.float64(7.393527256278104), np.float64(7.685966209568015), np.float64(3.0020122735890262), np.float64(5.349576506491528), np.float64(0.9012008555964646), 0, np.float64(0.2906402220335629)]",0.1225086229297868,0.04220663635459171,0.010599950482476013,0
0.04222169277850606,0.12246415146530919,"[np.float64(7.362617039037375), np.float64(7.7778204993726225), np.float64(3.018465056730183), np.float64(5.303020658217728), np.float64(0.9424065887809256), 0, np.float64(0.2641751901030741)]",0.12246415146530919,0.04222169277850606,0.010598218941463339,0
0.041606178949689515,0.12427706724904798,"[np.float64(8.094433369927525), np.float64(7.2184836982789236), np.float64(3.1823765044280443), np.float64(5.484102810229742), 0.1, np.float64(0.5473562524003233), np.float64(0.6350647426538609)]",0.12427706724904798,0.041606178949689515,0.010732037655964338,0
0.04267003020500599,0.12117768159359005,"[np.float64(2.8271135190651866), np.float64(8.190708551225324), np.float64(2.959853781132736), np.float64(4.721803416764559), np.float64(1.970668585730608), 0, np.float64(0.6918154041464182)]",0.12117768159359005,0.04267003020500599,0.010563593564322337,0
0.0419932138571192,0.12314128134304121,"[np.float64(7.796181034941774), np.float64(7.361057281038508), np.float64(2.890592905459123), np.float64(5.298158726921826), np.float64(0.5429077733501543), 0, np.float64(0.5920901483357375)]",0.12314128134304121,0.0419932138571192,0.010630850955697671,0
0.0416446972139481,0.12418272944419743,"[np.float64(8.522735503244782), np.float64(6.86073085208979), np.float64(2.811113822404516), np.float64(5.951696294799303), 0.1, np.float64(0.9400452836600696), np.float64(0.48738429221888235)]",0.12418272944419743,0.0416446972139481,0.01068667284152898,0
0.042216101994774054,0.12248084506757234,"[np.float64(7.373208181025926), np.float64(7.702362054630753), np.float64(3.007634817435741), np.float64(5.352171196490078), np.float64(0.9192813616944312), 0, np.float64(0.2754281861310913)]",0.12248084506757234,0.042216101994774054,0.010598856090940727,0
0.04217999892651946,0.12258629229291164,"[np.float64(7.4533842922257145), np.float64(7.755313204877508), np.float64(2.9993382385044156), np.float64(5.253137315687536), np.float64(0.8720276123054904), 0, np.float64(0.3296085820671602)]",0.12258629229291164,0.04217999892651946,0.010603131903830913,0
0.04291907697091315,0.12046530734725765,"[np.float64(7.127214617544133), np.float64(6.02274964273866), np.float64(3.544392064888001), np.float64(5.103466289672649), np.float64(1.9303733307279227), np.float64(0.7016710478250643), np.float64(0.3741040446224799)]",0.12046530734725765,0.04291907697091315,0.010551130074674798,0
0.04211463712953081,0.12277410206390214,"[np.float64(7.232613104559219), np.float64(7.075179251933644), np.float64(3.0944023401791814), np.float64(4.753813831494067), np.float64(0.6629846989294546), np.float64(0.27628723882796113), 1]",0.12277410206390214,0.04211463712953081,0.010611507096140211,0
0.04194668237571827,0.1232810193063875,"[np.float64(7.872211896742901), np.float64(7.299706544619333), np.float64(2.8695542091171484), np.float64(5.288449795080781), np.float64(0.4752532938343329), 0, np.float64(0.6490112525228289)]",0.1232810193063875,0.04194668237571827,0.010639566841921511,0
0.04307253326702776,0.12003510505099499,"[np.float64(6.986226242861521), np.float64(7.0159793383900535), np.float64(3.489335800083631), np.float64(4.8916094402437365), np.float64(2.9781246168010647), np.float64(0.5332863376608297), np.float64(0.42055118718567447)]",0.12003510505099499,0.04307253326702776,0.010546476792382383,0
0.042111858020041144,0.12278666958244495,"[np.float64(7.594326871947398), np.float64(7.720364079094062), np.float64(2.9696382860665715), np.float64(5.175678907127377), np.float64(0.7627437664890142), 0, np.float64(0.43121296844450585)]",0.12278666958244495,0.042111858020041144,0.010612045126707985,0
0.04165706079783724,0.12412714660254706,"[np.float64(8.360265723702678), np.float64(6.6643647563105635), np.float64(3.046369306400568), np.float64(5.624684830940325), 0.1, np.float64(0.4909902958063586), np.float64(0.24804982066081335)]",0.12412714660254706,0.04165706079783724,0.010713954149513786,0
0.04188525845585551,0.1234666022517474,"[np.float64(7.967361187386113), np.float64(7.222928787371334), np.float64(2.8432252029007916), np.float64(5.276299492483986), np.float64(0.39058667843276096), 0, np.float64(0.720245519210436)]",0.1234666022517474,0.04188525845585551,0.010652479149524656,0
0.042182475426881416,0.12257902776316346,"[np.float64(7.448093055801133), np.float64(7.756625257542627), np.float64(3.0004532278174945), np.float64(5.256045242827602), np.float64(0.8761303232587336), 0, np.float64(0.3257941717508548)]",0.12257902776316346,0.042182475426881416,0.010602829256807151,0
0.04260293375917485,0.12136221665539444,"[np.float64(7.516351494243301), np.float64(7.494434568246874), np.float64(3.201533173707125), np.float64(5.614326962567164), np.float64(1.6062577195143364), 0, np.float64(0.8652647206906314)]",0.12136221665539444,0.04260293375917485,0.010566939124376588,0
0.04267738052838786,0.12115017361218515,"[np.float64(7.462441964625437), np.float64(6.357144625697514), np.float64(3.180658769863986), np.float64(5.0789183601026), np.float64(1.4381124541543957), np.float64(0.4974661423593749), np.float64(0.4858342085831882)]",0.12115017361218515,0.04267738052838786,0.010562669697321047,0
0.04200471202896351,0.12310685899601266,"[np.float64(7.776828626918251), np.float64(7.376673104081958), np.float64(2.895947960317739), np.float64(5.300629976175213), np.float64(0.5601281107393828), 0, np.float64(0.5776018154761237)]",0.12310685899601266,0.04200471202896351,0.010628825133526806,0
0.042308462223334946,0.12221085142310072,"[np.float64(8.316365408760339), np.float64(6.6768423314831296), np.float64(3.068441082177909), np.float64(5.520134526264995), np.float64(0.8635850783460528), np.float64(0.46414138315312004), np.float64(0.31733560832795193)]",0.12221085142310072,0.042308462223334946,0.010589053975984508,0
0.042046559582110975,0.12297961335409192,"[np.float64(7.721607850269337), np.float64(7.68880258128412), np.float64(2.942817157846352), np.float64(5.105728562524165), np.float64(0.664052832650764), 0, np.float64(0.5229688148710858)]",0.12297961335409192,0.042046559582110975,0.01062177065176924,0
0.04192090048895316,0.1233409863718968,"[np.float64(8.568815770559876), np.float64(6.566724930523067), np.float64(3.3730739455820187), np.float64(5.254202597593363), np.float64(0.3551287420637821), 0, np.float64(0.04990618262143187)]",0.1233409863718968,0.04192090048895316,0.010643711831150154,0
0.04212819211093762,0.12273854903445389,"[np.float64(7.561332793854819), np.float64(7.728545525663604), np.float64(2.9765909227503555), np.float64(5.193811601917038), np.float64(0.7883266652144834), 0, np.float64(0.4074277995813949)]",0.12273854903445389,0.04212819211093762,0.010609800964723226,0
0.04205763171435383,0.12294550887591167,"[np.float64(8.005976190991511), np.float64(7.792764479120253), np.float64(2.96711432879904), np.float64(4.8725979757096365), np.float64(0.6961856182301345), 0, np.float64(0.8437443706757011)]",0.12294550887591167,0.04205763171435383,0.010620047213517588,0
0.043021102531695075,0.12017899118322191,"[np.float64(7.151691907514294), np.float64(6.9740358282428385), np.float64(3.4368347129628924), np.float64(4.969571725405375), np.float64(2.7136220623104235), np.float64(0.5243500074597811), np.float64(0.4080260139190698)]",0.12017899118322191,0.043021102531695075,0.010548175535609444,0
0.04212207261420091,0.12275657059506447,"[np.float64(7.573750388892508), np.float64(7.725466370366766), np.float64(2.973974240249297), np.float64(5.186987211788354), np.float64(0.7786983290211914), 0, np.float64(0.41637954522545906)]",0.12275657059506447,0.04212207261420091,0.010610633413401002,0
0.04153581416500323,0.1245311016975684,"[np.float64(8.486643321577194), np.float64(8.34771758156814), np.float64(2.759626940845555), np.float64(3.939476771217204), 0.1, 0, np.float64(0.793368166255062)]",0.1245311016975684,0.04153581416500323,0.010768775426709076,0
0.04209832471502625,0.12282658186460328,"[np.float64(7.621303019435197), np.float64(7.713674881453679), np.float64(2.963953770436689), np.float64(5.160853511866306), np.float64(0.7418270417589823), 0, np.float64(0.4506598589280977)]",0.12282658186460328,0.04209832471502625,0.01061395930079305,0
0.04251059892567208,0.12164321454470926,"[np.float64(4.13094268107795), np.float64(8.017211981741655), np.float64(2.866591289440545), np.float64(4.858884739515157), np.float64(1.5263078069687486), 0, np.float64(0.6914292077392687)]",0.12164321454470926,0.04251059892567208,0.010573822379514609,0
0.04295364512899125,0.12036825919780035,"[np.float64(7.342020759612179), np.float64(6.924298094654434), np.float64(3.3773178479204873), np.float64(5.060620198714899), np.float64(2.4182909904942713), np.float64(0.5161165393421625), np.float64(0.39169729149136595)]",0.12036825919780035,0.04295364512899125,0.010550550557030924,0
0.042064705335848634,0.12292590277749116,"[np.float64(7.686953093864775), np.float64(7.697395821474341), np.float64(2.950119738932869), np.float64(5.12477392330469), np.float64(0.6909233856320007), 0, np.float64(0.497986476201715)]",0.12292590277749116,0.042064705335848634,0.01061894071367061,0
0.042840429740914426,0.12068700463302888,"[np.float64(6.74010329257795), np.float64(6.329220810385753), np.float64(3.531678137967811), np.float64(4.428699999479942), np.float64(1.8227202844859285), np.float64(0.29570223501213194), 1]",0.12068700463302888,0.042840429740914426,0.010555138393348807,0
0.04232983326625568,0.12214871483578936,"[np.float64(7.108241635639776), np.float64(7.916168557684804), np.float64(3.0809543952637877), np.float64(5.386006695238471), np.float64(1.1550563258674578), 0, np.float64(0.0770588926793234)]",0.12214871483578936,0.04232983326625568,0.010587095341048887,0
0.042185623103749695,0.12256979619775794,"[np.float64(7.441349950476314), np.float64(7.758297325959663), np.float64(3.0018741604258374), np.float64(5.259751079688581), np.float64(0.8813587821396264), 0, np.float64(0.32093312067488505)]",0.12256979619775794,0.042185623103749695,0.010602446617994381,0
0.04218196261111713,0.12258113429864151,"[np.float64(7.445375199103135), np.float64(7.644129126589065), np.float64(2.987665295280335), np.float64(5.342955666860599), np.float64(0.8550650430764296), 0, np.float64(0.32945659324804977)]",0.12258113429864151,0.04218196261111713,0.010602896979632629,0
0.042172746097945676,0.12260757476573214,"[np.float64(7.468809930840558), np.float64(7.751488153673644), np.float64(2.9960876897058273), np.float64(5.244659782350986), np.float64(0.8600669038004094), 0, np.float64(0.3407288024365813)]",0.12260757476573214,0.042172746097945676,0.010604026433359602,0
0.04309165401671038,0.11998176164473064,"[np.float64(7.980261420346013), np.float64(5.235896043769653), np.float64(3.428815240502042), np.float64(4.245639083839926), np.float64(2.1709967795785916), np.float64(0.5291515731462512), np.float64(0.16327778437918916)]",0.11998176164473064,0.04309165401671038,0.01054595664614819,0
0.04222683464739163,0.1224493752570299,"[np.float64(7.349872124995225), np.float64(7.721192358387502), np.float64(3.0140921978338926), np.float64(5.355151146632344), np.float64(0.9400464653287774), 0, np.float64(0.2579574637800316)]",0.1224493752570299,0.04222683464739163,0.010597638489273377,0
0.04213432519928742,0.12272049533145644,"[np.float64(7.54881880534685), np.float64(7.731648583371794), np.float64(2.9792279176473433), np.float64(5.200688967412132), np.float64(0.7980297428320109), 0, np.float64(0.39840656465014757)]",0.12272049533145644,0.04213432519928742,0.010608976487687796,0
0.04175634048130964,0.12382816521190619,"[np.float64(8.004983095045212), np.float64(7.281364316283053), np.float64(3.5031892579384127), np.float64(5.5989293253849715), np.float64(0.26078670295871653), np.float64(0.9319400099679961), np.float64(0.5461071915029926)]",0.12382816521190619,0.04175634048130964,0.010654817997532175,0
0.0421243161293419,0.12275115375007349,"[np.float64(7.560620122035089), np.float64(7.551135824619922), np.float64(2.955775574697374), np.float64(5.328239207316847), np.float64(0.7525167476461303), 0, np.float64(0.41573561350171445)]",0.12275115375007349,0.0421243161293419,0.010610350490972658,0
0.04207655773529101,0.12289085944438272,"[np.float64(7.664025988016564), np.float64(7.703080989914721), np.float64(2.9549510252238815), np.float64(5.137374069657904), np.float64(0.7087005705358222), 0, np.float64(0.48145850767924303)]",0.12289085944438272,0.04207655773529101,0.010617146664191437,0
0.04198813270500486,0.12315305896886232,"[np.float64(7.829696414023707), np.float64(7.662000171268191), np.float64(2.9200403276725404), np.float64(5.04632587422018), np.float64(0.5802432843993952), 0, np.float64(0.6008890020590723)]",0.12315305896886232,0.04198813270500486,0.010631618218638596,0
0.04285612306981295,0.12064270942988908,"[np.float64(7.236980267355985), np.float64(6.055277959550953), np.float64(3.514761621944599), np.float64(5.12887652821013), np.float64(1.7638076688981168), np.float64(0.5915377419173206), np.float64(0.45058016281089475)]",0.12064270942988908,0.04285612306981295,0.010554136526375038,0
0.042218303431175885,0.12247406759778588,"[np.float64(7.370132367882187), np.float64(7.775956944912218), np.float64(3.0168813982666696), np.float64(5.298890427216744), np.float64(0.93657936438672), 0, np.float64(0.2695929309817274)]",0.12247406759778588,0.042218303431175885,0.010598604251191286,0
0.04271968715211293,0.12102895396783958,"[np.float64(7.463348656804584), np.float64(5.900505801008163), np.float64(3.514859713851605), np.float64(6.983170666165822), np.float64(1.3860480847265881), np.float64(0.34686798000889346), np.float64(0.8545168890709791)]",0.12102895396783958,0.04271968715211293,0.010559837235123918,0
0.042001166334345745,0.12311429956448346,"[np.float64(7.806031032967137), np.float64(7.667868407686826), np.float64(2.925027186102346), np.float64(5.059331757596456), np.float64(0.5985929120256336), 0, np.float64(0.5838288168021616)]",0.12311429956448346,0.042001166334345745,0.01062931911394928,0
0.04185866425684128,0.12352607715199904,"[np.float64(8.364098435202354), np.float64(6.869247947849059), np.float64(3.13583284748732), np.float64(5.188134596006578), np.float64(0.3249632787721022), 0, np.float64(0.20873400358827965)]",0.12352607715199904,0.04185866425684128,0.010657129829005647,0
0.04285299151888293,0.12065174891963464,"[np.float64(7.209464356123174), np.float64(7.144541847910157), np.float64(3.334387884287677), np.float64(6.2066291956505495), np.float64(2.16090089945123), 0, np.float64(0.8969343139331827)]",0.12065174891963464,0.04285299151888293,0.010554448840612107,0
0.04316324757684089,0.11978886429408009,"[np.float64(8.691141041324466), np.float64(5.861870381056255), np.float64(2.984533043666713), np.float64(7.359889650804581), np.float64(2.847980926899872), np.float64(0.29135715959984065), np.float64(0.026102558949019333)]",0.11978886429408009,0.04316324757684089,0.010543776006646091,0
0.041855041978436314,0.12355839114530949,"[np.float64(8.012165659316638), np.float64(7.18677521390534), np.float64(2.8308272416337674), np.float64(5.270578084705059), np.float64(0.3507183518528305), 0, np.float64(0.7537887404023234)]",0.12355839114530949,0.041855041978436314,0.010659490806033099,0
0.04275361608443738,0.12093321764585736,"[np.float64(7.802869391095653), np.float64(6.795056226454273), np.float64(3.2383649780342836), np.float64(5.289178488292629), np.float64(1.7558588859582365), np.float64(0.5082628356475232), np.float64(0.34081119137459376)]",0.12093321764585736,0.04275361608443738,0.010558848253975194,0
0.042120318069387784,0.12276173908166482,"[np.float64(7.577298136688765), np.float64(7.7245866455580945), np.float64(2.9732266454414087), np.float64(5.185037461054307), np.float64(0.7759474816624479), 0, np.float64(0.4189370884361203)]",0.12276173908166482,0.042120318069387784,0.010610873913719582,0
0.04276484483337157,0.12090138184524671,"[np.float64(6.71342833252033), np.float64(6.578751007255128), np.float64(3.239401723113423), np.float64(5.450964824057752), np.float64(1.7120031708083943), 0, np.float64(0.11551131494492038)]",0.12090138184524671,0.04276484483337157,0.010558362392029882,0
0.042781161278634953,0.12085587329226065,"[np.float64(2.218243093571631), np.float64(8.15928278169789), np.float64(3.1538450768637194), np.float64(4.7133425495930235), np.float64(2.2940807971731285), 0, np.float64(0.6325871914977543)]",0.12085587329226065,0.042781161278634953,0.010557937606780086,0
0.04219926157153892,0.12252982000296452,"[np.float64(7.41189946059477), np.float64(7.765600079160907), np.float64(3.0080800788252327), np.float64(5.275936309745005), np.float64(0.9041940587592948), 0, np.float64(0.29970249641048385)]",0.12252982000296452,0.04219926157153892,0.010600814562059193,0
0.04177463461059355,0.123773953928525,"[np.float64(7.961601550654889), np.float64(7.32675590138221), np.float64(3.352599751941929), np.float64(5.387194854674202), np.float64(0.28548078006831723), np.float64(0.5312142567096831), np.float64(0.6537409929486226)]",0.123773953928525,0.04177463461059355,0.010677226740015892,0
0.04189504912651274,0.12342249172138728,"[np.float64(7.0848948229919895), np.float64(7.397091252625989), np.float64(2.9896747389241223), np.float64(4.709693348234952), np.float64(0.42986223322752615), np.float64(0.4677883203780162), 1]",0.12342249172138728,0.04189504912651274,0.010649072106417457,0
0.04226429168302523,0.12233971093619213,"[np.float64(7.265987091486553), np.float64(7.801781549312748), np.float64(3.0388272840428794), np.float64(5.356125986439465), np.float64(1.017331372407357), 0, np.float64(0.19451542833367988)]",0.12233971093619213,0.04226429168302523,0.010593574772119528,0
0.04161572392609616,0.12424846951852501,"[np.float64(8.22178390258231), np.float64(7.107153280161594), np.float64(3.1738726636571606), np.float64(5.712126620683033), 0.1, np.float64(0.8595340974512623), np.float64(0.5409797955303361)]",0.12424846951852501,0.04161572392609616,0.010711843629911046,0
0.041983348929205785,0.12316729489947885,"[np.float64(7.83832019996545), np.float64(7.659861755892209), np.float64(2.9182230909452884), np.float64(5.04158646377282), np.float64(0.5735565862058987), 0, np.float64(0.6071058208557099)]",0.12316729489947885,0.041983348929205785,0.010632477577113669,0
0.04161342813653349,0.12425488661947434,"[np.float64(8.189653645501979), np.float64(7.131886815413404), np.float64(3.244976506225312), np.float64(5.714826712985085), 0.1, np.float64(0.9130329106504829), np.float64(0.530758801889665)]",0.12425488661947434,0.04161342813653349,0.01070199204558679,0
0.042995978126544564,0.12024938230505328,"[np.float64(6.9756881535948745), np.float64(6.935158260509208), np.float64(3.4405298802733877), np.float64(6.613128252685181), np.float64(2.58894264748087), 0, np.float64(0.914680594283219)]",0.12024938230505328,0.042995978126544564,0.010548667119511383,0
0.042012881592847044,0.12308242682115336,"[np.float64(7.762936765398311), np.float64(7.387882709159313), np.float64(2.899792013235451), np.float64(5.302403928665653), np.float64(0.5724894945034623), 0, np.float64(0.5672015638125625)]",0.12308242682115336,0.042012881592847044,0.01062741489727502,0
0.04221707309691864,0.12247766771501328,"[np.float64(7.372854311908006), np.float64(7.775281992287385), np.float64(3.016307819946584), np.float64(5.297394516947142), np.float64(0.9344688275154199), 0, np.float64(0.2715551588126852)]",0.12247766771501328,0.04221707309691864,0.010598744716764042,0
0.041606588585624237,0.1242753176713203,"[np.float64(8.097247718110177), np.float64(7.211591579676083), np.float64(3.2732826048292374), np.float64(5.568705833259784), 0.1, np.float64(0.7289714944467075), np.float64(0.5881264402345644)]",0.1242753176713203,0.041606588585624237,0.01072746123692169,0
0.04253033272271643,0.12157032425116555,"[np.float64(7.6013808183620135), np.float64(7.472272512352454), np.float64(3.154432680086037), np.float64(5.543365841780429), np.float64(1.4410508807938789), 0, np.float64(0.8697829500364704)]",0.12157032425116555,0.04253033272271643,0.010571489382723388,0
0.04287158139193298,0.12059923812238037,"[np.float64(1.8210791248135765), np.float64(8.072052387293752), np.float64(3.3696632080908024), np.float64(4.740792330136649), np.float64(2.5738235565402525), np.float64(0.0629387934654424), np.float64(0.558696715269362)]",0.12059923812238037,0.04287158139193298,0.010554003566508915,0
0.04238139552640459,0.12199761978844648,"[np.float64(7.565822385234323), np.float64(6.941172668573442), np.float64(3.3221217392827977), np.float64(4.349418386594983), np.float64(1.0360577575192966), 0, np.float64(0.0529379607216699)]",0.12199761978844648,0.04238139552640459,0.010582673174702142,0
0.042160187497815374,0.12264445161349753,"[np.float64(7.495274488324394), np.float64(7.744925813533906), np.float64(2.990510978252762), np.float64(5.230115543768192), np.float64(0.8395468549594147), 0, np.float64(0.3598068917492846)]",0.12264445161349753,0.042160187497815374,0.01060560470714638,0
0.042636365231190465,0.12126689344870428,"[np.float64(7.497558877712761), np.float64(7.278420369603031), np.float64(3.19285701755364), np.float64(5.802776031853377), np.float64(1.621382411673638), 0, np.float64(0.8889210555558844)]",0.12126689344870428,0.042636365231190465,0.010564994415726668,0
0.042283013461451545,0.12228241425286804,"[np.float64(7.48388346779645), np.float64(7.61495953492013), np.float64(3.251739778759271), np.float64(4.928947259200438), np.float64(1.0135959444114389), 0, np.float64(0.499520693763248)]",0.12228241425286804,0.042283013461451545,0.010591684823787867,0
0.04204279090225365,0.12299284675326078,"[np.float64(7.683881784356752), np.float64(7.016047991968101), np.float64(2.9174073395999383), np.float64(4.6997654026998665), np.float64(0.5565099076333171), 0, np.float64(0.2683994667786374)]",0.12299284675326078,0.04204279090225365,0.010622521646064365,0
0.04215869690282566,0.12264883070927869,"[np.float64(7.498395182987899), np.float64(7.744151983861269), np.float64(2.9898533736930744), np.float64(5.228400490427217), np.float64(0.8371271354174546), 0, np.float64(0.3620565757481346)]",0.12264883070927869,0.04215869690282566,0.010605794547295336,0
0.04298124319949712,0.1202907185261657,"[np.float64(7.00289287170137), np.float64(6.957136389152414), np.float64(3.427971739427359), np.float64(6.56769119228505), np.float64(2.5388998961862104), 0, np.float64(0.9128819588816433)]",0.1202907185261657,0.04298124319949712,0.010549273454832612,0
0.042058832583045956,0.1229453847538378,"[np.float64(7.68250998047901), np.float64(7.452780598854843), np.float64(2.922047116828837), np.float64(5.31267420779281), np.float64(0.6440555946889208), 0, np.float64(0.5069894171214087)]",0.1229453847538378,0.042058832583045956,0.010619909823217637,0
0.04207920188019292,0.1228830458396141,"[np.float64(7.658879207225021), np.float64(7.704357222332339), np.float64(2.9560355743006665), np.float64(5.140202607705867), np.float64(0.7126912736972433), 0, np.float64(0.47774823428155133)]",0.1228830458396141,0.04207920188019292,0.010616752143495849,0
0.0421075288564698,0.12279943285509524,"[np.float64(7.602991378945062), np.float64(7.71821556623506), np.float64(2.9678124684446994), np.float64(5.1709171174374005), np.float64(0.756025494064327), 0, np.float64(0.43745914272695663)]",0.12279943285509524,0.0421075288564698,0.010612651957829396,0
0.041866592947279964,0.12350524538401923,"[np.float64(7.691967224561685), np.float64(7.150338117052564), np.float64(3.0211373706419975), np.float64(5.119736317503843), np.float64(0.366710354176343), 0, np.float64(0.8208967046194714)]",0.12350524538401923,0.041866592947279964,0.010655489178028773,0
0.04217790317028102,0.12259255347632958,"[np.float64(7.920470867470514), np.float64(7.602613524466822), np.float64(2.9961247278410656), np.float64(5.11009395048148), np.float64(0.8417496216743041), 0, np.float64(0.8629098932101686)]",0.12259255347632958,0.04217790317028102,0.01060348978420749,0
0.04173819647367042,0.12391666008590312,"[np.float64(8.174407089570796), np.float64(7.055859543768282), np.float64(2.7859329960031824), np.float64(5.249860300494596), np.float64(0.206351192784477), 0, np.float64(0.875252066427948)]",0.12391666008590312,0.04173819647367042,0.010691490433276881,0
0.04218175622013396,0.12258113734620364,"[np.float64(7.449630968422628), np.float64(7.756243905776833), np.float64(3.000129153064484), np.float64(5.2552000456955446), np.float64(0.874937858879704), 0, np.float64(0.32690284074582787)]",0.12258113734620364,0.04218175622013396,0.010602917003850975,0
0.04163174445139591,0.12420364372324606,"[np.float64(8.42574811605866), np.float64(6.9376478500561625), np.float64(2.9793513316787297), np.float64(5.919324711978597), 0.1, 1, np.float64(0.479378325154428)]",0.12420364372324606,0.04163174445139591,0.010667759581236995,0
0.04314517880578543,0.11983959977506876,"[np.float64(8.645159019078964), np.float64(5.920538741991878), np.float64(2.9766818114670492), np.float64(7.289678409187309), np.float64(2.7768187401897393), np.float64(0.29444141817616176), np.float64(0.021830441630580483)]",0.11983959977506876,0.04314517880578543,0.010544316751189234,0
0.04210072262155019,0.12281950712979006,"[np.float64(7.616546677429628), np.float64(7.714854297889436), np.float64(2.9649560447786407), np.float64(5.1634674748223315), np.float64(0.7455150070808415), 0, np.float64(0.4472310497504109)]",0.12281950712979006,0.04210072262155019,0.010613616435502182,0
0.04254434693244246,0.12152894361811913,"[np.float64(7.802012898831927), np.float64(7.448077249184487), np.float64(3.7371814988049783), np.float64(5.428043926569424), np.float64(1.4651643076305607), np.float64(0.8571905844597484), np.float64(0.5875042268159032)]",0.12152894361811913,0.04254434693244246,0.010565452514619005,0
0.04201544093855988,0.12307034121783449,"[np.float64(8.036911820788571), np.float64(7.7919184511347455), np.float64(2.95060160768637), np.float64(4.841136556722196), np.float64(0.6367782961605979), 0, np.float64(0.8445827489008234)]",0.12307034121783449,0.04201544093855988,0.010626859072817667,0
0.042919835556339395,0.12046315800677937,"[np.float64(6.473861119626842), np.float64(6.304595707965994), np.float64(3.6043838675304736), np.float64(4.289997268369168), np.float64(2.046521176079162), np.float64(0.4350404148682753), 1]",0.12046315800677937,0.042919835556339395,0.0105519153583998,0
0.0428226420138834,0.12074251406137129,"[np.float64(8.286732262814548), np.float64(5.390447520896103), np.float64(2.988992740935708), np.float64(4.922279843860574), np.float64(1.4332936386119428), np.float64(0.9702996197692235), 0]",0.12074251406137129,0.0428226420138834,0.010549593512447669,0
0.04216075953090486,0.12264356871954282,"[np.float64(7.4886912850084775), np.float64(7.609176559879508), np.float64(2.975679189158467), np.float64(5.337424321881557), np.float64(0.8165211258148595), 0, np.float64(0.3618855225063318)]",0.12264356871954282,0.04216075953090486,0.01060554227694147,0
0.0422463637501271,0.12239203964489125,"[np.float64(7.307153666356606), np.float64(7.79157359224223), np.float64(3.030152507988093), np.float64(5.333501898093676), np.float64(0.9854116954028987), 0, np.float64(0.2241920852189747)]",0.12239203964489125,0.0422463637501271,0.010595485449984158,0
0.04310599086145996,0.11994179977849988,"[np.float64(8.0372326813163), np.float64(5.13524482349501), np.float64(3.395588120056943), np.float64(4.2793410544160535), np.float64(2.1781308013683525), np.float64(0.6212037107617392), np.float64(0.10089350097603622)]",0.11994179977849988,0.04310599086145996,0.010545408148622709,0
0.042193741784794105,0.12254649868826514,"[np.float64(7.420821256238142), np.float64(7.663942166203188), np.float64(2.9944596802931738), np.float64(5.3460911378003955), np.float64(0.8769138579555436), 0, np.float64(0.3110740903155178)]",0.12254649868826514,0.042193741784794105,0.010601473113349044,0
0.04198834221713208,0.12314604967562112,"[np.float64(8.323652887412436), np.float64(6.741694220687162), np.float64(3.0270881231042077), np.float64(5.4622473270777885), np.float64(0.4532665907646569), np.float64(0.37228016909141975), np.float64(0.40270004179083274)]",0.12314604967562112,0.04198834221713208,0.010631093009720748,0
0.042220960192261035,0.1224662945845818,"[np.float64(7.364243532139781), np.float64(7.777417182559959), np.float64(3.018122315963856), np.float64(5.302126779536813), np.float64(0.941145441001625), 0, np.float64(0.2653477160632437)]",0.1224662945845818,0.042220960192261035,0.010598302019588179,0
0.0431029725741732,0.11995017947823508,"[np.float64(7.9937548643074114), np.float64(5.191975975070051), np.float64(3.42847834956318), np.float64(4.239329339563924), np.float64(2.1950783047085016), np.float64(0.5525128932249725), np.float64(0.14705683176515755)]",0.11995017947823508,0.0431029725741732,0.010545585221784575,0
0.04203786331886634,0.12300784341150194,"[np.float64(7.719704705206452), np.float64(7.422767473935835), np.float64(2.911754868384898), np.float64(5.307924543792292), np.float64(0.6109586432331888), 0, np.float64(0.5348355410672186)]",0.12300784341150194,0.04203786331886634,0.010623247201181024,0
0.041987942929085434,0.12315362361672944,"[np.float64(7.830039157736563), np.float64(7.661915182096319), np.float64(2.919968103423557), np.float64(5.046137511110933), np.float64(0.5799775282940065), 0, np.float64(0.6011360832796526)]",0.12315362361672944,0.041987942929085434,0.010631652149681179,0
0.04202000474842302,0.12305619413363293,"[np.float64(8.031047248061745), np.float64(7.884600262635848), np.float64(2.9617254845638814), np.float64(4.77474390273187), np.float64(0.6569980582485249), 0, np.float64(0.8340979584446132)]",0.12305619413363293,0.04202000474842302,0.010626068447652168,0
0.04220064025893688,0.12252578095063692,"[np.float64(7.408901015119039), np.float64(7.766343595054352), np.float64(3.008711922574599), np.float64(5.277584178083751), np.float64(0.9065189889096159), 0, np.float64(0.2975409408802159)]",0.12252578095063692,0.04220064025893688,0.010600651886366316,0
0.04158262476369674,0.12437452397781602,"[np.float64(8.310227279195209), np.float64(7.841110546286302), np.float64(2.809607952928312), np.float64(4.518859230319721), np.float64(0.11740254479555112), 0, np.float64(0.8456655061859455)]",0.12437452397781602,0.04158262476369674,0.010746032792676734,0
0.04269848692148602,0.12108925596129065,"[np.float64(6.60776508343921), np.float64(6.652462275104931), np.float64(3.4227907573919243), np.float64(4.392582882798084), np.float64(1.5767685443139499), np.float64(0.4791224687920067), 1]",0.12108925596129065,0.04269848692148602,0.010561630572677491,0
0.04240302103583914,0.12193668516378564,"[np.float64(7.587130428496515), np.float64(6.613350992220097), np.float64(3.118663673070614), np.float64(5.513506255686143), np.float64(0.9973472546121447), 0, np.float64(0.2984064046280797)]",0.12193668516378564,0.04240302103583914,0.010580807469271694,0
0.042242990217419535,0.12240420810730457,"[np.float64(8.100765029277575), np.float64(7.655523884772849), np.float64(2.977186376934882), np.float64(5.266558054801531), np.float64(0.9527046341236316), 0, np.float64(0.872735636108431)]",0.12240420810730457,0.042242990217419535,0.010596053770574774,0
0.042209013269076515,0.12250125918366069,"[np.float64(7.390605527557246), np.float64(7.770880274440589), np.float64(3.012567216776574), np.float64(5.287638906421824), np.float64(0.9207049165816392), 0, np.float64(0.2843518691968323)]",0.12250125918366069,0.042209013269076515,0.010599672854063356,0
0.04221443741534451,0.12248538106188907,"[np.float64(7.3786744641033515), np.float64(7.773838785901099), np.float64(3.0150813755057055), np.float64(5.294195911333994), np.float64(0.9299560066460952), 0, np.float64(0.275750860307567)]",0.12248538106188907,0.04221443741534451,0.010599046707126336,0
0.042666300635241676,0.12119293156178595,"[np.float64(7.447910292568285), np.float64(6.592574559525424), np.float64(2.905895741730723), np.float64(4.97136735211115), np.float64(1.4769265542936982), np.float64(0.6468249109675643), np.float64(0.35145204218768056)]",0.12119293156178595,0.042666300635241676,0.010562978898009945,0
0.04292387653689248,0.12045187117536668,"[np.float64(1.1814712649609829), np.float64(8.143607917801221), np.float64(3.4335492230462825), np.float64(4.680242499170208), np.float64(2.805781354030767), np.float64(0.0918466271124877), np.float64(0.5517246061941397)]",0.12045187117536668,0.04292387653689248,0.010551929944066877,0
0.042196658212879476,0.12253744792858744,"[np.float64(7.417550627005828), np.float64(7.764198775693117), np.float64(3.006889243706717), np.float64(5.272830574362741), np.float64(0.8998122658336309), 0, np.float64(0.30377637739553204)]",0.12253744792858744,0.042196658212879476,0.010601122885075772,0
0.042179875708276034,0.12258696139108095,"[np.float64(7.920502650101572), np.float64(7.565448027303852), np.float64(2.9928968786262575), np.float64(5.139126433970452), np.float64(0.8380903932492716), 0, np.float64(0.8670585137991599)]",0.12258696139108095,0.042179875708276034,0.010603252902356228,0
0.04218480683602643,0.12257276791912895,"[np.float64(7.439478970595503), np.float64(7.648886904581706), np.float64(2.9892968559150077), np.float64(5.343708599016616), np.float64(0.8603116792625827), 0, np.float64(0.3250423352843337)]",0.12257276791912895,0.04218480683602643,0.010602550238081968,0
0.04203085736599906,0.12302615048112941,"[np.float64(7.751171138941763), np.float64(7.681471857691398), np.float64(2.9365874700599415), np.float64(5.089481341160028), np.float64(0.6411300942740068), 0, np.float64(0.5442807548880038)]",0.12302615048112941,0.04203085736599906,0.010624303875535066,0
0.04315021037406472,0.11981846129303071,"[np.float64(6.6369961538204105), np.float64(6.61209450099342), np.float64(3.592604061851772), np.float64(7.217474402379961), np.float64(3.2071756880835967), np.float64(0.0022951142467674823), np.float64(0.9425910796445097)]",0.11981846129303071,0.04315021037406472,0.0105445682827376,0
0.04277068048988321,0.12088539814168212,"[np.float64(2.4326265878454523), np.float64(8.108549206941339), np.float64(3.1682194139442292), np.float64(4.74685330191016), np.float64(2.243904921917454), 0, np.float64(0.6207915180654655)]",0.12088539814168212,0.04277068048988321,0.010558427726861138,0
0.04332635101577177,0.11933183256247121,"[np.float64(9.23364354306316), np.float64(4.9695060260539226), np.float64(3.1501717124695885), np.float64(8.592951938719859), np.float64(4.560006679632323), np.float64(0.3215320590649346), 0]",0.11933183256247121,0.04332635101577177,0.01053919035191224,0
0.0421571284403738,0.12265343905750624,"[np.float64(7.501674265945261), np.float64(7.743338879099333), np.float64(2.989162392954211), np.float64(5.226598390962913), np.float64(0.8345846049980494), 0, np.float64(0.3644204406101311)]",0.12265343905750624,0.0421571284403738,0.010605994887508513,0
0.04329917409516655,0.11940523274412311,"[np.float64(8.000190002195247), np.float64(4.421668432461373), np.float64(3.7094176602115847), np.float64(3.7029933721097468), np.float64(3.0421513624372034), np.float64(0.6218341881907052), np.float64(0.085381496388789)]",0.11940523274412311,0.04329917409516655,0.010539969744504319,0
0.04272738892916491,0.12101316815888084,"[np.float64(2.2093602814331295), np.float64(8.287964470414858), np.float64(2.9839019502626623), np.float64(4.649417251257266), np.float64(2.1656904024109824), 0, np.float64(0.6999515103008462)]",0.12101316815888084,0.04272738892916491,0.010560574756741272,0
0.042202626635421805,0.12251996225502142,"[np.float64(7.404573969645028), np.float64(7.7674165600649285), np.float64(3.009623733930885), np.float64(5.279962210732552), np.float64(0.9098740869314943), 0, np.float64(0.2944216081627227)]",0.12251996225502142,0.042202626635421805,0.01060041824186337,0
0.04206671420337405,0.12291996110059826,"[np.float64(7.683083557327653), np.float64(7.6983553393108), np.float64(2.950935142278941), np.float64(5.126900520835562), np.float64(0.6939237410614182), 0, np.float64(0.4951969580433603)]",0.12291996110059826,0.04206671420337405,0.010618633662785561,0
0.04270594398628477,0.12106969787219593,"[np.float64(6.668777900124393), np.float64(6.774503225800945), np.float64(3.1194197613779884), np.float64(5.547901777137131), np.float64(1.6310899090511715), 0, 0]",0.12106969787219593,0.04270594398628477,0.010561186318191152,0
0.0427570850063121,0.12092374230975254,"[np.float64(2.708063592200693), np.float64(8.042671140890798), np.float64(3.1876188721838608), np.float64(4.790251448746372), np.float64(2.18015729199247), 0, np.float64(0.6052687442970281)]",0.12092374230975254,0.0427570850063121,0.01055907663531505,0
0.04230902530368907,0.12220926544083127,"[np.float64(7.159831119836971), np.float64(7.8745400298474895), np.float64(3.0666789357102333), np.float64(5.379418860063126), np.float64(1.1091504973766493), 0, np.float64(0.11568176680414745)]",0.12220926544083127,0.04230902530368907,0.01058907056078423,0
0.042951766783140555,0.12037347201528686,"[np.float64(7.058358327697423), np.float64(7.063434298141746), np.float64(3.427969794636752), np.float64(4.865157246629423), np.float64(2.4698855614086055), np.float64(0.4392390211297827), np.float64(0.4997710118644549)]",0.12037347201528686,0.042951766783140555,0.01055069001493314,0
0.042284807180471895,0.12227990442920843,"[np.float64(7.217951953609261), np.float64(7.813692684180676), np.float64(3.048949429622434), np.float64(5.382524859954411), np.float64(1.0545767854821086), 0, np.float64(0.15988727892552304)]",0.12227990442920843,0.042284807180471895,0.010591462657857906,0
0.04163362245386397,0.12420022198268045,"[np.float64(8.442362642896054), np.float64(6.925040259099347), np.float64(2.9388406491377186), np.float64(5.914659307708577), 0.1, np.float64(0.9777087470204544), np.float64(0.48650680097870247)]",0.12420022198268045,0.04163362245386397,0.010676232787785577,0
0.04227028201336975,0.12231937370057382,"[np.float64(7.6988999936705635), np.float64(7.114711335940801), np.float64(3.243645985888297), np.float64(4.802350175554169), np.float64(0.894452853153962), 0, np.float64(0.3276762400233305)]",0.12231937370057382,0.04227028201336975,0.010593000471724887,0
0.04218372014382735,0.12257537699566706,"[np.float64(7.445428956431773), np.float64(7.757285866594507), np.float64(3.0010146168932157), np.float64(5.257509363165149), np.float64(0.8781960086271717), 0, np.float64(0.3238736436733448)]",0.12257537699566706,0.04218372014382735,0.01060267767521876,0
0.0419349054172242,0.12329967196911658,"[np.float64(8.540148686547465), np.float64(6.561706914189001), np.float64(3.3874078500957694), np.float64(5.285208927151962), np.float64(0.36972077932398095), 0, np.float64(0.0680737634126215)]",0.12329967196911658,0.0419349054172242,0.01064093097675786,0
0.04192880126579615,0.1233276716287166,"[np.float64(8.097127275527196), np.float64(7.815733589172821), np.float64(2.920659809217959), np.float64(4.759985035333659), np.float64(0.5236085456312418), 0, np.float64(0.8433729545934043)]",0.1233276716287166,0.04192880126579615,0.010642810859052295,0
0.042954144302134935,0.12036764829764404,"[np.float64(8.140126037233937), np.float64(5.345724382333186), np.float64(3.1884332399483637), np.float64(4.6193843773111), np.float64(1.7536175494263295), np.float64(0.7570001473721552), np.float64(0.016459088165814373)]",0.12036764829764404,0.042954144302134935,0.010549842935966454,0
0.04221610801220743,0.12248049188592441,"[np.float64(7.374987153433489), np.float64(7.7747531177138), np.float64(3.0158583795291505), np.float64(5.296222362225686), np.float64(0.9328150680561984), 0, np.float64(0.2730927073297104)]",0.12248049188592441,0.04221610801220743,0.010598855123056887,0
0.04265261798624281,0.12122122125924766,"[np.float64(7.49023321313735), np.float64(6.399971726389235), np.float64(3.132945389919512), np.float64(5.070318851021755), np.float64(1.3983588616974054), np.float64(0.4890288740350308), np.float64(0.48726794642539756)]",0.12122122125924766,0.04265261798624281,0.010564020428991608,0
0.04173221984250346,0.12391957310758811,"[np.float64(8.34778058734791), np.float64(7.161840195594893), np.float64(2.8474565389905537), np.float64(4.954751928249152), np.float64(0.21593948627082193), 0, np.float64(0.24447584813233492)]",0.12391957310758811,0.04173221984250346,0.010691925250539988,0
0.0430746401154808,0.12002921144632628,"[np.float64(6.809313385072541), np.float64(6.83330781820961), np.float64(3.5201442692730667), np.float64(6.865541844928082), np.float64(2.898139443301515), 0, np.float64(0.9220465424342751)]",0.12002921144632628,0.0430746401154808,0.010550531987464825,0
0.04191005585370875,0.12339152200550045,"[np.float64(7.929627144347341), np.float64(7.253377098407935), np.float64(2.8536666875090324), np.float64(5.2811180259488415), np.float64(0.42416353105996485), 0, np.float64(0.69199563035835)]",0.12339152200550045,0.04191005585370875,0.010647059889598277,0
0.04216197878999436,0.1226391897264926,"[np.float64(7.4915185626311285), np.float64(7.745857159616448), np.float64(2.9913024410929507), np.float64(5.23217970370797), np.float64(0.8424591189833273), 0, np.float64(0.35709927474598685)]",0.1226391897264926,0.04216197878999436,0.010605377282068004,0
0.04215262270016978,0.12267176963801683,"[np.float64(8.064329140057694), np.float64(7.67478959431976), np.float64(2.916434254375492), np.float64(5.308187483438706), np.float64(0.8133312142778708), 0, np.float64(0.8647432505684547)]",0.12267176963801683,0.04215262270016978,0.010606847062805597,0
0.042378766576981725,0.12200723242634552,"[np.float64(7.747427372472587), np.float64(7.580159647754752), np.float64(3.086142536906986), np.float64(5.307339710318297), np.float64(1.1714220620129554), 0, np.float64(0.8612544123783006)]",0.12200723242634552,0.042378766576981725,0.010582898868014005,0
0.042178335923105534,0.12259037799507673,"[np.float64(7.638069411457416), np.float64(7.522843260686456), np.float64(3.017458323812094), np.float64(4.952368673572616), np.float64(0.8287925763041785), 0, np.float64(0.5626922504245631)]",0.12259037799507673,0.042178335923105534,0.010603386541435765,0
0.04200638577010329,0.12309878905005757,"[np.float64(7.796483643031755), np.float64(7.670235846486472), np.float64(2.927039048149616), np.float64(5.064578756989814), np.float64(0.6059957528967768), 0, np.float64(0.5769461792216287)]",0.12309878905005757,0.04200638577010329,0.010628415433772536,0
0.042138888524492844,0.12270809207442226,"[np.float64(7.532229387599277), np.float64(7.5740448437189585), np.float64(2.9636316482255562), np.float64(5.331864625982697), np.float64(0.7777796516278164), 0, np.float64(0.3944806663067729)]",0.12270809207442226,0.042138888524492844,0.01060838677973782,0
0.042289223484614794,0.12226704042691296,"[np.float64(7.207478572489454), np.float64(7.816289738348813), np.float64(3.051156420027576), np.float64(5.388280760232284), np.float64(1.0626976200073055), 0, np.float64(0.15233710165421585)]",0.12226704042691296,0.042289223484614794,0.010591018016542875,0
0.041606073116316644,0.12427802697984924,"[np.float64(8.093336574948072), np.float64(7.222268808867402), np.float64(3.124356472194558), np.float64(5.4313988151902635), 0.1, np.float64(0.43324602691251757), np.float64(0.664482972170582)]",0.12427802697984924,0.041606073116316644,0.01073280694118907,0
0.04260107842111025,0.12136673131010893,"[np.float64(7.000654820965527), np.float64(6.515882102013057), np.float64(3.5613409737695996), np.float64(5.924793376774077), np.float64(1.3280995822441053), 0, np.float64(0.2658250808141036)]",0.12136673131010893,0.04260107842111025,0.010566841394759963,0
0.04315696534465625,0.11980652476981057,"[np.float64(8.494327545537224), np.float64(6.02981668691121), np.float64(2.981259480142263), np.float64(7.227502349427914), np.float64(2.905847814607781), np.float64(0.33221228614234766), 0]",0.11980652476981057,0.04315696534465625,0.010543943906241098,0
0.04229955508115122,0.12223685433423473,"[np.float64(7.1828183784479105), np.float64(7.8559911773074775), np.float64(3.060318071947897), np.float64(5.376483450391592), np.float64(1.088695763864795), 0, np.float64(0.13289135921665238)]",0.12223685433423473,0.04229955508115122,0.010589993981379553,0
0.0421968381814971,0.1225369205712136,"[np.float64(7.41716041698228), np.float64(7.764295534949418), np.float64(3.0069714702358685), np.float64(5.273045023732747), np.float64(0.9001148262957264), 0, np.float64(0.30349507808854315)]",0.1225369205712136,0.0421968381814971,0.010601101522595581,0
0.04201258266223784,0.12308332044644366,"[np.float64(7.763447181242347), np.float64(7.387470844987715), np.float64(2.8996507747476), np.float64(5.302338749966859), np.float64(0.5720353115908027), 0, np.float64(0.5675836906588041)]",0.12308332044644366,0.04201258266223784,0.010627466079209929,0
0.04208891934945743,0.12285434319883265,"[np.float64(7.639862725969623), np.float64(7.709072684449364), np.float64(2.9600427990154103), np.float64(5.1506535755919804), np.float64(0.7274362443767259), 0, np.float64(0.46403940397046683)]",0.12285434319883265,0.04208891934945743,0.010615319802738811,0
0.04160969310473386,0.12426801791798771,"[np.float64(8.140742394506365), np.float64(7.182952156610612), np.float64(3.077497325830786), np.float64(5.478116799612766), 0.1, np.float64(0.4656498036545239), np.float64(0.6509770059220398)]",0.12426801791798771,0.04160969310473386,0.010731386489375886,0
0.04219532691435399,0.12254184040342431,"[np.float64(7.4174896173296165), np.float64(7.666630528477121), np.float64(2.9953815867092937), np.float64(5.346516578921482), np.float64(0.8798784474781576), 0, np.float64(0.3085798325768382)]",0.12254184040342431,0.04219532691435399,0.010601283926103948,0
0.042079306806933225,0.12288273580631169,"[np.float64(7.658674726536126), np.float64(7.704407926820156), np.float64(2.9560786632433174), np.float64(5.140314985021328), np.float64(0.7128498236267382), 0, np.float64(0.47760082577688023)]",0.12288273580631169,0.042079306806933225,0.010616736530339465,0
0.04189303710216095,0.12343276080610718,"[np.float64(7.750343319236379), np.float64(7.180144008194938), np.float64(2.925350874548754), np.float64(5.192144011863759), np.float64(0.3985514660947753), 0, np.float64(0.8004456060224929)]",0.12343276080610718,0.04189303710216095,0.010650062416532413,0
0.04219507609061757,0.1225432210512083,"[np.float64(7.804734264123429), np.float64(6.840779052832842), np.float64(2.982550526888851), np.float64(5.365975499165292), np.float64(0.7305809681430664), 0, np.float64(0.47843549794297024)]",0.1225432210512083,0.04219507609061757,0.010601398605804394,0
0.042785855313179945,0.12084134416134495,"[np.float64(8.396778183537068), np.float64(7.479112681772437), np.float64(3.480947861211128), np.float64(4.9237870574633895), np.float64(2.0762397604635456), 0, np.float64(0.9319062325912406)]",0.12084134416134495,0.042785855313179945,0.010557555983053827,0
0.04222711805722207,0.12244854462973924,"[np.float64(7.349251559446723), np.float64(7.721693104433188), np.float64(3.014263916131252), np.float64(5.3552303911453025), np.float64(0.9405986626627916), 0, np.float64(0.2574928724890158)]",0.12244854462973924,0.04222711805722207,0.010597606666635196,0
0.042084899070098936,0.12286621547657563,"[np.float64(7.6477496249434065), np.float64(7.707116992813662), np.float64(2.9583808418916937), np.float64(5.146319139226544), np.float64(0.7213209124938901), 0, np.float64(0.4697250068041445)]",0.12286621547657563,0.042084899070098936,0.010615909060505203,0
0.0418163075891846,0.12365853385694421,"[np.float64(8.17679016729782), np.float64(7.124535148161708), np.float64(2.9403551469586935), np.float64(5.14596075076467), np.float64(0.3059049806466576), 0, np.float64(0.35220595905194924)]",0.12365853385694421,0.0418163075891846,0.01066778201647641,0
0.04161968747439319,0.12423652493944472,"[np.float64(8.274518632651008), np.float64(7.061424410603094), np.float64(3.1627034851844487), np.float64(5.799869468151668), 0.1, np.float64(0.9741358458397331), np.float64(0.5057862028876419)]",0.12423652493944472,0.04161968747439319,0.010681301494546748,0
0.04299770052927257,0.12024625146364125,"[np.float64(8.270328575453716), np.float64(5.107974250215806), np.float64(3.115392065710498), np.float64(4.6909119430182455), np.float64(1.7785312312685253), np.float64(0.9679762407670612), 0]",0.12024625146364125,0.04299770052927257,0.010544719550498686,0
0.04217142449282636,0.12261215037863711,"[np.float64(7.467043171882613), np.float64(7.626644830669748), np.float64(2.9816694945113524), np.float64(5.340188726359518), np.float64(0.8357842485959855), 0, np.float64(0.3456784919203262)]",0.12261215037863711,0.04217142449282636,0.01060419825449449,0
0.04202834312429562,0.12303360717322086,"[np.float64(7.7558689308624675), np.float64(7.680306959751646), np.float64(2.935597533612891), np.float64(5.086899555821325), np.float64(0.6374875274290269), 0, np.float64(0.5476673557745078)]",0.12303360717322086,0.04202834312429562,0.010624716981592813,0
0.04308950963396883,0.11998768440893719,"[np.float64(6.788184217331877), np.float64(6.745834777842041), np.float64(3.523815262878605), np.float64(6.95589081567533), np.float64(2.9301900133002166), 0, np.float64(0.9313008473540273)]",0.11998768440893719,0.04308950963396883,0.010547321218331115,0
0.04218435988112601,0.12257350076103588,"[np.float64(7.444058493197281), np.float64(7.757625696417818), np.float64(3.001303406079298), np.float64(5.2582625344306635), np.float64(0.8792586363519584), 0, np.float64(0.32288568761160613)]",0.12257350076103588,0.04218435988112601,0.010602599906087319,0
0.04288449384566374,0.1205628484491278,"[np.float64(7.156492628911404), np.float64(7.141839724892624), np.float64(3.3623043496371494), np.float64(6.263747394867384), np.float64(2.262223431556909), 0, np.float64(0.895961990851416)]",0.1205628484491278,0.04288449384566374,0.01055314422746183,0
0.0416747597724514,0.12409106951578673,"[np.float64(8.928454376598232), np.float64(6.541183835717323), np.float64(2.845617456612569), np.float64(5.9496997399566425), 0.1, np.float64(0.45704442906595316), np.float64(0.17245521416472911)]",0.12409106951578673,0.0416747597724514,0.010709824666413032,0
0.042161640168481875,0.1226401843704506,"[np.float64(7.492229050984846), np.float64(7.7456809818645525), np.float64(2.9911527243050595), np.float64(5.231789237623922), np.float64(0.8419082215905355), 0, np.float64(0.3576114601575937)]",0.1226401843704506,0.042161640168481875,0.010605420214588535,0
0.041609920700550015,0.12426548468921442,"[np.float64(8.143201283314188), np.float64(7.173055688190689), np.float64(3.236567668586477), np.float64(5.621599040418024), 0.1, np.float64(0.7770856985989277), np.float64(0.5707456369808728)]",0.12426548468921442,0.041609920700550015,0.010723227116174773,0
0.042596258973157795,0.12140308197389472,"[np.float64(8.201745474542403), np.float64(6.657977597748188), np.float64(2.838355510714566), np.float64(6.265530015831823), np.float64(1.3423431200817664), np.float64(0.26709591585879544), np.float64(0.11241177315692209)]",0.12140308197389472,0.042596258973157795,0.010567673570079998,0
0.04211741915547644,0.12277028004130733,"[np.float64(7.583147658565887), np.float64(7.723136156456361), np.float64(2.9719940121103194), np.float64(5.181822714621154), np.float64(0.7714118881733703), 0, np.float64(0.4231539623013456)]",0.12277028004130733,0.04211741915547644,0.010611273074167892,0
0.042081039227513904,0.12287938126975613,"[np.float64(7.642177137479981), np.float64(7.48532593059581), np.float64(2.9332077220931128), np.float64(5.31782460086158), np.float64(0.6799449353573188), 0, np.float64(0.47679391618766537)]",0.12287938126975613,0.042081039227513904,0.01061652682108608,0
0.04224146249887711,0.12240635632942691,"[np.float64(7.318280127738792), np.float64(7.788814595641354), np.float64(3.0278078980447747), np.float64(5.327387081738873), np.float64(0.9767844764845643), 0, np.float64(0.23221306286476912)]",0.12240635632942691,0.04224146249887711,0.010596018719020902,0
0.04215442380966199,0.12266224731409583,"[np.float64(7.50142068549855), np.float64(7.598904966532542), np.float64(2.9721568038377995), np.float64(5.335798812465937), np.float64(0.8051941337973691), 0, np.float64(0.3714154885539332)]",0.12266224731409583,0.04215442380966199,0.010606353910910641,0
0.04194864438602464,0.12327073339553221,"[np.float64(7.899909678067266), np.float64(7.64458959029564), np.float64(2.9052447236278485), np.float64(5.007738474277822), np.float64(0.5258014291618935), 0, np.float64(0.6515051864852675)]",0.12327073339553221,0.04194864438602464,0.01063897215264721,0
0.042846242679946314,0.1206708146581361,"[np.float64(7.221107355737956), np.float64(7.1403477713041195), np.float64(3.327838278549063), np.float64(6.197819293493417), np.float64(2.138167000078345), 0, np.float64(0.8976823912976881)]",0.1206708146581361,0.042846242679946314,0.010554733711573568,0
0.04263364455443408,0.12129564199187748,"[np.float64(8.108434157819126), np.float64(6.722003500835973), np.float64(2.8424925517568735), np.float64(6.234299340034365), np.float64(1.4377620384366718), np.float64(0.29165258918742465), np.float64(0.06150466368798166)]",0.12129564199187748,0.04263364455443408,0.010565463655811754,0
0.04208806034121195,0.12285687964024307,"[np.float64(7.6415502291945865), np.float64(7.708654239132231), np.float64(2.959687201965753), np.float64(5.149726167320442), np.float64(0.7261277906602132), 0, np.float64(0.4652559116434553)]",0.12285687964024307,0.04208806034121195,0.01061544531725505,0
0.041958094030997414,0.12323471116862565,"[np.float64(8.244863200811661), np.float64(6.787504701295439), np.float64(3.0369637527161135), np.float64(5.401369297454147), np.float64(0.4247761186820096), np.float64(0.34110217908928603), np.float64(0.4419467485711105)]",0.12323471116862565,0.041958094030997414,0.010636582342827995,0
0.04214915516073691,0.12267687342169936,"[np.float64(7.518270478796713), np.float64(7.739223563971573), np.float64(2.9856651763337276), np.float64(5.217477540201293), np.float64(0.8217162583991936), 0, np.float64(0.37638451865020517)]",0.12267687342169936,0.04214915516073691,0.010607022642345702,0
0.042056231036189266,0.12295312658408439,"[np.float64(7.6871707750518805), np.float64(7.449019715805903), np.float64(2.920757416312388), np.float64(5.3120790371507685), np.float64(0.6399082836695801), 0, np.float64(0.5104787577285292)]",0.12295312658408439,0.042056231036189266,0.01062031617785931,0
0.04224404628851552,0.12239880843444803,"[np.float64(7.3124213560133455), np.float64(7.790267378401351), np.float64(3.0290424805388194), np.float64(5.330606911650221), np.float64(0.9813272421071455), 0, np.float64(0.22798952085734767)]",0.12239880843444803,0.04224404628851552,0.010595737002288911,0
0.04289654495442283,0.12052889517071359,"[np.float64(7.145188943733603), np.float64(7.077352573350962), np.float64(3.362739838563097), np.float64(6.325917499086818), np.float64(2.2776570659941386), 0, np.float64(0.9028872437355876)]",0.12052889517071359,0.04289654495442283,0.010552644952477909,0
0.04252629644785683,0.12158420147752087,"[np.float64(8.019692798054532), np.float64(6.142516641085422), np.float64(3.039594908719691), np.float64(4.963794447437563), np.float64(1.0873124274658137), np.float64(0.5170651621606969), np.float64(0.1903733161821627)]",0.12158420147752087,0.04252629644785683,0.010571658146869474,0
0.04225258791795865,0.12237386534646033,"[np.float64(7.292945439605653), np.float64(7.795096765330585), np.float64(3.0331465191631595), np.float64(5.341310373252594), np.float64(0.9964284489250979), 0, np.float64(0.21394948739373665)]",0.12237386534646033,0.04225258791795865,0.010594815062598349,0
0.042820781410080506,0.12074252306942827,"[np.float64(6.595484076281449), np.float64(6.4417403010118175), np.float64(3.51674713405135), np.float64(4.365677213354663), np.float64(1.8102424334480762), np.float64(0.4142298075476519), 1]",0.12074252306942827,0.042820781410080506,0.010555940040566304,0
0.04252235485840477,0.12159205488416631,"[np.float64(7.194349347481215), np.float64(6.57947519443147), np.float64(3.419758014812951), np.float64(5.789790816749505), np.float64(1.1952127276194964), 0, np.float64(0.30415855688573257)]",0.12159205488416631,0.04252235485840477,0.0105718676847702,0
0.04198376224674654,0.12315639692179949,"[np.float64(7.388100547063084), np.float64(7.18088618282299), np.float64(3.211215749469307), np.float64(5.152523819724241), np.float64(0.5110068873106378), 0, np.float64(0.6577217330375589)]",0.12315639692179949,0.04198376224674654,0.010631800320277102,0
0.04201530126979311,0.12307066603080613,"[np.float64(8.036670622773116), np.float64(7.804439953321175), np.float64(2.951811594491794), np.float64(4.831594501657048), np.float64(0.6384531460963041), 0, np.float64(0.843179485864491)]",0.12307066603080613,0.04201530126979311,0.010626878886441255,0
0.04210376307673789,0.12281198650911523,"[np.float64(7.599855178567366), np.float64(7.519476317484526), np.float64(2.944918740764571), np.float64(5.323228998559148), np.float64(0.7176042494107671), 0, np.float64(0.4451092479411314)]",0.12281198650911523,0.04210376307673789,0.010613217615655321,0
0.04212776522894438,0.12273980592162576,"[np.float64(7.562201233545983), np.float64(7.728330181173233), np.float64(2.976407921860393), np.float64(5.193334329849642), np.float64(0.7876532957508519), 0, np.float64(0.40805385085774193)]",0.12273980592162576,0.04212776522894438,0.010609858715183725,0
0.04329797438966607,0.11940855110650092,"[np.float64(8.018599755070415), np.float64(4.413060723586534), np.float64(3.689708950336045), np.float64(3.7309056654325596), np.float64(3.0177877915974367), np.float64(0.6497231208665424), np.float64(0.06694411917421583)]",0.11940855110650092,0.04329797438966607,0.010539975193322589,0
0.0426431793281422,0.12124663011467227,"[np.float64(8.313894049173145), np.float64(7.186417248062394), np.float64(3.515268513943249), np.float64(4.941269179268275), np.float64(1.610913884157779), 0, np.float64(0.8162607737224762)]",0.12124663011467227,0.0426431793281422,0.010564711814020172,0
0.041674098440908434,0.12410009106188469,"[np.float64(8.955383290706745), np.float64(6.571644417711911), np.float64(2.8126229036607673), np.float64(5.952392470127689), 0.1, np.float64(0.4125013207326788), np.float64(0.19956980217168147)]",0.12410009106188469,0.041674098440908434,0.010710937366805388,0
0.04215275881810248,0.12266628024631808,"[np.float64(7.510784600337701), np.float64(7.741079815704586), np.float64(2.9872426289007743), np.float64(5.221591586029424), np.float64(0.8275206475974834), 0, np.float64(0.3709880083207836)]",0.12266628024631808,0.04215275881810248,0.010606556192075792,0
0.04305215648302594,0.12009204398689956,"[np.float64(6.852037472872896), np.float64(6.9045042328079), np.float64(3.5035911929495427), np.float64(6.765498283576169), np.float64(2.8231003215853407), 0, np.float64(0.9151281174118233)]",0.12009204398689956,0.04305215648302594,0.010545239321105265,0
0.042268930219456595,0.12232618178103766,"[np.float64(7.255214195541939), np.float64(7.804452873309824), np.float64(3.041097389342532), np.float64(5.362046492344081), np.float64(1.0256844442876436), 0, np.float64(0.1867493332038685)]",0.12232618178103766,0.042268930219456595,0.010593090408619815,0
0.041605496781571674,0.12427827430308892,"[np.float64(8.075381276087395), np.float64(7.223239643124771), np.float64(3.4282380855790473), np.float64(5.663620302477226), 0.1, np.float64(0.9697704040110777), np.float64(0.5286925681642846)]",0.12427827430308892,0.041605496781571674,0.010687389636425591,0
0.04191129986634671,0.12338776118959002,"[np.float64(7.927710449069565), np.float64(7.254923715978709), np.float64(2.85419706121484), np.float64(5.281362782661723), np.float64(0.42586906244993594), 0, np.float64(0.690560681325593)]",0.12338776118959002,0.04191129986634671,0.01064679560445509,0
0.042580559559145734,0.12142618904493101,"[np.float64(7.839855692303375), np.float64(6.839338635083726), np.float64(3.1952221291517016), np.float64(5.257274059549388), np.float64(1.376014638001692), np.float64(0.43268166064255564), np.float64(0.4071289964349571)]",0.12142618904493101,0.042580559559145734,0.010568225419269588,0
0.04211335573225699,0.12278225494362045,"[np.float64(7.5913215521751525), np.float64(7.721109299587026), np.float64(2.970271578393649), np.float64(5.177330553402281), np.float64(0.765074026821044), 0, np.float64(0.429046457288475)]",0.12278225494362045,0.04211335573225699,0.010611836376831382,0
0.04280638338220436,0.12078362894740974,"[np.float64(6.615647010741162), np.float64(6.547410454308235), np.float64(3.2712834687167742), np.float64(5.47854226740657), np.float64(1.8088595676894474), 0, np.float64(0.06333843461520586)]",0.12078362894740974,0.04280638338220436,0.010556458574670257,0
0.042069437422133225,0.12291384678514002,"[np.float64(7.663372527335304), np.float64(7.468222970751466), np.float64(2.9273426909669062), np.float64(5.315118007899527), np.float64(0.6610846589534083), 0, np.float64(0.4926620119274793)]",0.12291384678514002,0.042069437422133225,0.010618275349524595,0
0.04220416543046575,0.12251545519907833,"[np.float64(7.401216249631009), np.float64(7.7682491642314435), np.float64(3.0103312853671715), np.float64(5.281807527096068), np.float64(0.9124775908338039), 0, np.float64(0.29200105447110564)]",0.12251545519907833,0.04220416543046575,0.010600237837187953,0
0.04156963998849256,0.12441539192578759,"[np.float64(8.317322367415478), np.float64(7.799564887030974), np.float64(2.8022481345112693), np.float64(4.543982821397709), 0.1, 0, np.float64(0.8504728371830347)]",0.12441539192578759,0.04156963998849256,0.01075174222387213,0
0.04206049982493517,0.12294042432725949,"[np.float64(7.679516047080534), np.float64(7.455196460183193), np.float64(2.9228755758801546), np.float64(5.313056524849514), np.float64(0.6467196839939809), 0, np.float64(0.5047479852756195)]",0.12294042432725949,0.04206049982493517,0.010619650529441063,0
0.04214741531989579,0.12268198875204302,"[np.float64(7.521875810864472), np.float64(7.738329560156856), np.float64(2.984905447150776), np.float64(5.215496142636051), np.float64(0.8189207614344848), 0, np.float64(0.37898357390486703)]",0.12268198875204302,0.04214741531989579,0.010607248997672214,0
0.04225540450521053,0.12236564347576238,"[np.float64(7.286486720957967), np.float64(7.796698315201912), np.float64(3.034507524737376), np.float64(5.344859918526815), np.float64(1.0014364004913274), 0, np.float64(0.2092934484147577)]",0.12236564347576238,0.04225540450521053,0.010594514175694151,0
0.04206776711074564,0.12291684724505383,"[np.float64(7.68105275931121), np.float64(7.698858910449186), np.float64(2.9513630797029498), np.float64(5.128016595074954), np.float64(0.6954983781778362), 0, np.float64(0.4937329718815873)]",0.12291684724505383,0.04206776711074564,0.01061847321700548,0
0.04295720040937061,0.12035818392615868,"[np.float64(6.337356823107111), np.float64(6.311160780718028), np.float64(3.4562041190641053), np.float64(5.497984622132565), np.float64(2.1721214385448615), 0, 0]",0.12035818392615868,0.04295720040937061,0.010550374235406716,0
0.04204945457271607,0.12296942620897583,"[np.float64(7.7464674573740355), np.float64(7.118267666863394), np.float64(2.967815343737275), np.float64(4.926188157923427), np.float64(0.582134735322513), 0, np.float64(0.4049740649758538)]",0.12296942620897583,0.04204945457271607,0.010621264916458574,0
0.04313344371667116,0.1198726183774915,"[np.float64(8.445531692016713), np.float64(6.097062051358843), np.float64(2.971109080813904), np.float64(7.142913121194862), np.float64(2.8085974907461315), np.float64(0.33382712391348324), 0]",0.1198726183774915,0.04313344371667116,0.010544654852415783,0
0.04191281976920779,0.12338316705707619,"[np.float64(7.92536555688688), np.float64(7.2568158537083525), np.float64(2.8548459223932814), np.float64(5.2816622189411095), np.float64(0.4279556159412694), 0, np.float64(0.6888051593036646)]",0.12338316705707619,0.04191281976920779,0.010646473668305689,0
0.042882738968786756,0.12056792981170303,"[np.float64(7.620629830712949), np.float64(6.826631562547322), np.float64(3.304745842997064), np.float64(5.21675410661301), np.float64(2.1345615317579743), np.float64(0.5381543587881668), np.float64(0.33577368545088243)]",0.12056792981170303,0.042882738968786756,0.010553213680660556,0
0.042248186571272266,0.12238671631625712,"[np.float64(7.303001761683772), np.float64(7.792603128092491), np.float64(3.0310274130136228), np.float64(5.335783677872975), np.float64(0.9886309930133631), 0, np.float64(0.22119901011410895)]",0.12238671631625712,0.042248186571272266,0.010595288333330214,0
0.041556248035060875,0.12446356364802065,"[np.float64(8.4021875595351), np.float64(8.020267586443952), np.float64(2.776217466363833), np.float64(4.283258384966251), 0.1, 0, np.float64(0.8278821921559673)]",0.12446356364802065,0.041556248035060875,0.010758660047131625,0
0.04214495348732941,0.1226892278902719,"[np.float64(7.526967477769836), np.float64(7.737066994170947), np.float64(2.983832511880134), np.float64(5.2126978937591915), np.float64(0.8149727923953667), 0, np.float64(0.3826541161397184)]",0.1226892278902719,0.04214495348732941,0.010607570576761764,0
0.041579524931204696,0.12437979613316179,"[np.float64(7.3294850210018385), np.float64(7.642862718418454), np.float64(2.826415942056239), np.float64(4.858950978562317), 0.1, np.float64(0.4157169824238169), 1]",0.12437979613316179,0.041579524931204696,0.010746370803459736,0
0.042782440915098675,0.12085397069793212,"[np.float64(1.5968780130929574), np.float64(8.344168809941321), np.float64(3.061942687301973), np.float64(4.582280818785156), np.float64(2.3595883404636804), 0, np.float64(0.7006763761716779)]",0.12085397069793212,0.042782440915098675,0.010557886250677112,0
0.04328065626080771,0.11946012463093246,"[np.float64(8.84132406828332), np.float64(5.543279251276679), np.float64(3.0564835894387983), np.float64(7.845898554197807), np.float64(3.633773119797441), np.float64(0.32350296132558376), 0]",0.11946012463093246,0.04328065626080771,0.010540427064263475,0
0.04206570819569312,0.12292493347450108,"[np.float64(7.6701277702949655), np.float64(7.462772037795455), np.float64(2.925473430222285), np.float64(5.3142553819617), np.float64(0.6550736466406157), 0, np.float64(0.49771937783399456)]",0.12292493347450108,0.04206570819569312,0.0106188461260966,0
0.041634465135459105,0.12419987323356786,"[np.float64(8.444884840091238), np.float64(6.92394612252475), np.float64(2.915840570738672), np.float64(5.899233595692227), 0.1, np.float64(0.9401008567001401), np.float64(0.4958868449052863)]",0.12419987323356786,0.041634465135459105,0.010688552474060696,0
0.04248065978489629,0.12172329756750151,"[np.float64(4.5157265842813), np.float64(7.912053015362788), np.float64(2.9113521853085347), np.float64(4.922178171325276), np.float64(1.440529186617317), 0, np.float64(0.6662939521295657)]",0.12172329756750151,0.04248065978489629,0.010576235559593306,0
0.042163446982033476,0.12263487742968232,"[np.float64(7.488435454790014), np.float64(7.746621668992932), np.float64(2.991952125215539), np.float64(5.233874100300282), np.float64(0.8448496945113854), 0, np.float64(0.35487668678888906)]",0.12263487742968232,0.042163446982033476,0.0106051914552932,0
0.04211925972830026,0.12276389271763684,"[np.float64(7.6446187996063095), np.float64(6.976722362339494), np.float64(2.9908802938628076), np.float64(4.573862213858938), np.float64(0.6514357797141352), 0, np.float64(0.19158659699108843)]",0.12276389271763684,0.04211925972830026,0.010611066172674393,0
0.04225025829338198,0.12238066687771168,"[np.float64(7.298273745520307), np.float64(7.793775520650718), np.float64(3.0320237184272), np.float64(5.338382073676372), np.float64(0.9922969950863086), 0, np.float64(0.21779062081103465)]",0.12238066687771168,0.04225025829338198,0.01059506509268677,0
0.04200551619745605,0.12309909292319583,"[np.float64(8.041551933788568), np.float64(7.88650224749432), np.float64(2.956307471620396), np.float64(4.762348548239316), np.float64(0.6370373158712308), 0, np.float64(0.8341383099070842)]",0.12309909292319583,0.04200551619745605,0.010628518855556435,0
0.041729075237660625,0.12394486335283399,"[np.float64(8.18639795878884), np.float64(7.046183885234287), np.float64(2.7826149715802235), np.float64(5.248329099490228), np.float64(0.19568136744419584), 0, np.float64(0.8842291252154623)]",0.12394486335283399,0.041729075237660625,0.010694360145113053,0
0.04212774217949327,0.12273987378821287,"[np.float64(7.562248115369645), np.float64(7.728318556022371), np.float64(2.9763980427455383), np.float64(5.193308564807889), np.float64(0.7876169445928215), 0, np.float64(0.4080876475920917)]",0.12273987378821287,0.04212774217949327,0.010609861834751183,0
0.042100908640912954,0.12281220438188871,"[np.float64(7.910089199060289), np.float64(7.364817686330358), np.float64(3.4993164847237415), np.float64(5.420102723225865), np.float64(0.6924577097244278), np.float64(0.6797427544959711), np.float64(0.6212411519506669)]",0.12281220438188871,0.042100908640912954,0.010611375051151267,0
0.04268433897108373,0.12112941320239451,"[np.float64(8.524165234488184), np.float64(7.3710873125455585), np.float64(3.557307055945594), np.float64(4.889696978244702), np.float64(1.7654108403412465), 0, 1]",0.12112941320239451,0.04268433897108373,0.010562503212811816,0
0.04191617633653914,0.12337302419496261,"[np.float64(7.920174862850244), np.float64(7.261004322629134), np.float64(2.85628225276037), np.float64(5.282325056286571), np.float64(0.4325744469666636), 0, np.float64(0.6849191052847649)]",0.12337302419496261,0.04191617633653914,0.010645766425515896,0
0.04205138437137845,0.1229653250711956,"[np.float64(7.712445415815701), np.float64(7.691074563781071), np.float64(2.9447479006213544), np.float64(5.11076400030824), np.float64(0.671157187318545), 0, np.float64(0.5163636886400862)]",0.1229653250711956,0.04205138437137845,0.010621008162837106,0
0.042539582115259815,0.12154682666509874,"[np.float64(7.567818020628302), np.float64(5.932970698091752), np.float64(3.017260471023241), np.float64(7.168216476347915), np.float64(1.0548908711303397), np.float64(0.3870091268091556), 1]",0.12154682666509874,0.042539582115259815,0.010569523937467391,0
0.04323843587519362,0.1195781918506529,"[np.float64(8.79449638123007), np.float64(5.66982400692463), np.float64(3.024126730913108), np.float64(7.639357482243025), np.float64(3.27018876602079), np.float64(0.3044333435409752), 0]",0.1195781918506529,0.04323843587519362,0.010541601701422626,0
0.04225323195477276,0.12237209055319198,"[np.float64(7.291084461248897), np.float64(7.768629233069179), np.float64(3.030359484260926), np.float64(5.3626581695291815), np.float64(0.9923574440351894), 0, np.float64(0.21394561577845067)]",0.12237209055319198,0.04225323195477276,0.010594745158158558,0
0.04214186956388583,0.12269829808920149,"[np.float64(7.5333296604645), np.float64(7.735489382042006), np.float64(2.982491848726348), np.float64(5.209201402156222), np.float64(0.8100396927314263), 0, np.float64(0.3872405631168378)]",0.12269829808920149,0.04214186956388583,0.010607975565304937,0
0.04225715215402105,0.12235699888026286,"[np.float64(7.853202402538174), np.float64(7.415620731397992), np.float64(3.4810734092821516), np.float64(5.298993931178757), np.float64(0.9327641764061578), np.float64(0.49801910460318183), np.float64(0.6741227856863672)]",0.12235699888026286,0.04225715215402105,0.010594029715727583,0
0.0425661970674135,0.12147197407620966,"[np.float64(4.034468477601544), np.float64(7.941181171880894), np.float64(2.9924807288750896), np.float64(4.888936166342245), np.float64(1.6408226406784772), 0, np.float64(0.6478930348819636)]",0.12147197407620966,0.0425661970674135,0.01056981996201638,0
0.043322385143319035,0.11934331691588444,"[np.float64(9.077127720543533), np.float64(5.186110427855442), np.float64(3.117281561110731), np.float64(8.319785710373841), np.float64(4.2441015409694725), np.float64(0.32640897629336774), 0]",0.11934331691588444,0.043322385143319035,0.010539299650122406,0
0.04216619271328756,0.12262755922826056,"[np.float64(7.477697702515217), np.float64(7.618047488945269), np.float64(2.9787212517933894), np.float64(5.338828172115363), np.float64(0.8263035363252287), 0, np.float64(0.3536550902888849)]",0.12262755922826056,0.04216619271328756,0.010604854126819642,0
0.04223114658186587,0.12243650457207941,"[np.float64(7.341522817722325), np.float64(7.783051172711363), np.float64(3.02291011067348), np.float64(5.314613498480097), np.float64(0.9587625944277978), 0, np.float64(0.24896853348407455)]",0.12243650457207941,0.04223114658186587,0.010597156841561255,0
0.041941756652269374,0.12328140764295699,"[np.float64(7.542015455715607), np.float64(7.177936086505617), np.float64(3.0941308076974616), np.float64(5.163545323255258), np.float64(0.4588262425115829), 0, np.float64(0.7221899144029429)]",0.12328140764295699,0.041941756652269374,0.010639658851410536,0
0.04232575783110471,0.12215947801797616,"[np.float64(7.4314110595721266), np.float64(7.684516723278581), np.float64(3.142628892531932), np.float64(4.77201308699544), np.float64(1.10011683574658), 0, np.float64(0.46792809912680516)]",0.12215947801797616,0.04232575783110471,0.010587599116702207,0
0.04227668867182964,0.12230356191070772,"[np.float64(7.237081289523576), np.float64(7.808949237818736), np.float64(3.0449184237479527), np.float64(5.372011870056954), np.float64(1.0397443097266648), 0, np.float64(0.1736774652639463)]",0.12230356191070772,0.04227668867182964,0.010592289218161906,0
0.043154245339023574,0.11980720703563427,"[np.float64(6.9586249252928445), np.float64(5.265104845150164), np.float64(3.864382643174122), np.float64(4.96531383878088), np.float64(2.472646040119181), np.float64(0.9501748410259359), np.float64(0.4003190930543834)]",0.11980720703563427,0.043154245339023574,0.010540275334558594,0
0.041619059973308094,0.12423823085090115,"[np.float64(8.265975725540615), np.float64(7.067909685945013), np.float64(3.1834785800308563), np.float64(5.802220468005478), 0.1, np.float64(0.9919464443347813), np.float64(0.5021478525048613)]",0.12423823085090115,0.041619059973308094,0.010674605522318128,0
0.0421928611763981,0.12254782000310617,"[np.float64(7.899684510555362), np.float64(7.800961432435555), np.float64(3.0243074042649396), np.float64(4.9765590719884205), np.float64(0.9008153143193853), 0, np.float64(0.8402733879773383)]",0.12254782000310617,0.0421928611763981,0.010601662096634686,0
0.041996701185466785,0.12312757357753423,"[np.float64(7.814166594962398), np.float64(7.665851055797476), np.float64(2.923312829768075), np.float64(5.054860662444517), np.float64(0.5922847721826128), 0, np.float64(0.589693678833179)]",0.12312757357753423,0.041996701185466785,0.01063009986936658,0
0.04253452123951462,0.12155710578439984,"[np.float64(7.764915250081163), np.float64(7.48820993853823), np.float64(3.5813520268916976), np.float64(5.223350678066159), np.float64(1.4548965215170053), np.float64(0.4626233747082172), np.float64(0.6928693435995606)]",0.12155710578439984,0.04253452123951462,0.010571087695888949,0
0.04231833369463884,0.12218044833402184,"[np.float64(7.150493686776478), np.float64(6.88820674624517), np.float64(3.194371159618735), np.float64(4.693480726256385), np.float64(0.9230001068897176), np.float64(0.25822437596646225), 1]",0.12218044833402184,0.04231833369463884,0.010588271547811313,0
0.042235491962060785,0.12242000914251579,"[np.float64(7.538790153305461), np.float64(7.541038666960684), np.float64(3.3715310955338404), np.float64(5.097593969956861), np.float64(0.9223581846355952), 0, np.float64(0.5328792490518653)]",0.12242000914251579,0.042235491962060785,0.010596626467730038,0
0.04230126089263338,0.12223188348133801,"[np.float64(7.178700049320076), np.float64(7.859314334757278), np.float64(3.0614576654485397), np.float64(5.377009349688982), np.float64(1.092360373301254), 0, np.float64(0.12980813964227228)]",0.12223188348133801,0.04230126089263338,0.010589826496294967,0
0.042167569532169456,0.12262277124503682,"[np.float64(7.479755881584494), np.float64(7.748773917776127), np.float64(2.9937811176456037), np.float64(5.2386441699897155), np.float64(0.851579648949695), 0, np.float64(0.3486196513968489)]",0.12262277124503682,0.042167569532169456,0.010604672433244153,0
0.04183635634303837,0.12359156096957939,"[np.float64(8.344133051554381), np.float64(6.817645385096111), np.float64(3.189384841390093), np.float64(5.256621484802721), np.float64(0.2950620952308607), 0, np.float64(0.2522782477467461)]",0.12359156096957939,0.04183635634303837,0.010662295105144002,0
0.041638890416111546,0.12419412096781358,"[np.float64(8.472285857544628), np.float64(6.902877626330368), np.float64(2.8546984759925644), np.float64(5.896490723877332), 0.1, np.float64(0.8935098548176376), np.float64(0.5048516076423611)]",0.12419412096781358,0.041638890416111546,0.010699297190294993,0
0.04209468752831722,0.12283731530286487,"[np.float64(7.628498437772244), np.float64(7.711890654281007), np.float64(2.96243752472299), np.float64(5.156899095433651), np.float64(0.7362478690938893), 0, np.float64(0.45584697886238323)]",0.12283731530286487,0.04209468752831722,0.010614482449611802,0
0.04223058538197833,0.12243797253875038,"[np.float64(7.873848117140783), np.float64(7.680134654675356), np.float64(3.027598245861044), np.float64(5.097880427988248), np.float64(0.9386637216495326), 0, np.float64(0.8531369356289341)]",0.12243797253875038,0.04223058538197833,0.010597332905543405,0
0.04230666881657283,0.12221612860122436,"[np.float64(7.165579315025062), np.float64(7.869901702732469), np.float64(3.0650883377581417), np.float64(5.3786848313546765), np.float64(1.1040355855580404), 0, np.float64(0.11998519845595315)]",0.12221612860122436,0.04230666881657283,0.0105892988809834,0
0.04199942030877454,0.12312269575593074,"[np.float64(7.785763778269052), np.float64(7.369463161929491), np.float64(2.89347549148619), np.float64(5.299488981934201), np.float64(0.5521773523274277), 0, np.float64(0.5842911869881381)]",0.12312269575593074,0.04199942030877454,0.010629751441469732,0
0.041978319161601114,0.12317568655393296,"[np.float64(8.344140590387532), np.float64(6.733177618196125), np.float64(3.0225326843765545), np.float64(5.474955747939386), np.float64(0.4403796002641318), np.float64(0.3757309730348952), np.float64(0.39686850914065536)]",0.12317568655393296,0.041978319161601114,0.010632874252970171,0
0.04220731282364276,0.12250623809965565,"[np.float64(7.394333020387158), np.float64(7.769955978773328), np.float64(3.0117817454166813), np.float64(5.285590372450795), np.float64(0.9178146987886168), 0, np.float64(0.28703898917474824)]",0.12250623809965565,0.04220731282364276,0.010599870449905374,0
0.04189819491683348,0.12340800411568077,"[np.float64(7.933637436159763), np.float64(7.35062801969814), np.float64(3.366270312807888), np.float64(5.347433786180745), np.float64(0.4298726388590328), np.float64(0.48530344279851323), np.float64(0.6685880308843841)]",0.12340800411568077,0.04189819491683348,0.010647922616575456,0
0.04208735659976992,0.12285895773566817,"[np.float64(7.642931773647798), np.float64(7.708311661531011), np.float64(2.9593960777034316), np.float64(5.148966906102774), np.float64(0.7250565707966946), 0, np.float64(0.46625185606776487)]",0.12285895773566817,0.04208735659976992,0.010615548303112352,0
0.04158376528385799,0.12436564836952976,"[np.float64(7.4127744070203345), np.float64(7.582017943698647), np.float64(2.833304159615945), np.float64(4.895634439330519), 0.1, np.float64(0.34880110237030776), 1]",0.12436564836952976,0.04158376528385799,0.010744556666391248,0
0.04215397404635382,0.12266270861072513,"[np.float64(7.508254616739465), np.float64(7.741707168454758), np.float64(2.987775756594935), np.float64(5.222981999796431), np.float64(0.8294823424807029), 0, np.float64(0.3691641632375514)]",0.12266270861072513,0.04215397404635382,0.010606399618353279,0
0.04300065684908111,0.1202362598648633,"[np.float64(6.962946168738749), np.float64(6.949517167679473), np.float64(3.4485417053936382), np.float64(6.615129860517724), np.float64(2.614768212056856), 0, np.float64(0.9127716417343062)]",0.1202362598648633,0.04300065684908111,0.010548484318331997,0
0.04218003213233991,0.12258619487926072,"[np.float64(7.453313426918316), np.float64(7.755330777143794), np.float64(2.9993531715094974), np.float64(5.253176261433698), np.float64(0.8720825597411253), 0, np.float64(0.3295574958298579)]",0.12258619487926072,0.04218003213233991,0.010603127836490091,0
0.04160475186431803,0.12428142620860234,"[np.float64(8.07533935896953), np.float64(7.235701093749871), np.float64(3.172853676737658), np.float64(5.4404834769969135), 0.1, np.float64(0.47984057620704523), np.float64(0.6544885277255655)]",0.12428142620860234,0.04160475186431803,0.010733064171423817,0
0.04281266934153358,0.12076544488381714,"[np.float64(7.414978879147292), np.float64(5.476152945862745), np.float64(3.570355223846919), np.float64(7.493302324129282), np.float64(1.4455271856779461), np.float64(0.4403646860031436), np.float64(0.9823979328890021)]",0.12076544488381714,0.04281266934153358,0.010564226060331644,0
0.04235961413452379,0.12206434332826462,"[np.float64(7.390720364470566), np.float64(7.745658506118585), np.float64(3.0224196563162264), np.float64(4.622235514387507), np.float64(1.1716651564648353), 0, np.float64(0.44152626749414314)]",0.12206434332826462,0.04235961413452379,0.010584630624410615,0
0.04243590657274209,0.12184143950632344,"[np.float64(8.430241451365934), np.float64(7.79709199649496), np.float64(3.159012087326704), np.float64(5.120897523223624), np.float64(1.3295115481868978), 0, 1]",0.12184143950632344,0.04243590657274209,0.010578306376177706,0
0.042002595281926604,0.12311005255819808,"[np.float64(7.803421234180934), np.float64(7.668515551979407), np.float64(2.9255771327542064), np.float64(5.060766035733273), np.float64(0.6006164938894437), 0, np.float64(0.5819474335838035)]",0.12311005255819808,0.042002595281926604,0.010629070753309934,0
0.04215908130694466,0.12264770135661078,"[np.float64(7.497590809577106), np.float64(7.744351442020515), np.float64(2.9900228742945956), np.float64(5.228842553318438), np.float64(0.8377508292648176), 0, np.float64(0.36147670934450293)]",0.12264770135661078,0.04215908130694466,0.010605745538547404,0
0.041791427856411906,0.12372574578633991,"[np.float64(8.362652483167604), np.float64(6.894640745296577), np.float64(3.106075835262981), np.float64(5.173955809589796), np.float64(0.2560434996711045), 0, np.float64(0.2470615626226127)]",0.12372574578633991,0.041791427856411906,0.010673657931076934,0
0.0423710987910411,0.12203236668959701,"[np.float64(8.001734570506608), np.float64(6.332645113602236), np.float64(2.9944754437881427), np.float64(5.059804627099429), np.float64(0.883229658113792), np.float64(0.47743399151310356), np.float64(0.21998477283639534)]",0.12203236668959701,0.0423710987910411,0.01058347359397171,0
0.04219071717202839,0.12255486043826895,"[np.float64(7.430394590519079), np.float64(7.7610138950327165), np.float64(3.004182715231006), np.float64(5.265771863110928), np.float64(0.8898533326920196), 0, np.float64(0.31303548868747627)]",0.12255486043826895,0.04219071717202839,0.010601832147337068,0
0.04237111352739953,0.1220293399842339,"[np.float64(7.753062508901408), np.float64(7.604860584280342), np.float64(3.0852820146072144), np.float64(5.2821707690550115), np.float64(1.1630070211429109), 0, np.float64(0.8586331806232874)]",0.1220293399842339,0.04237111352739953,0.010583555514301082,0
0.042963186845780085,0.12034132480359518,"[np.float64(0.9570235792723203), np.float64(8.09829667696469), np.float64(3.5502239117630996), np.float64(4.6921454206251765), np.float64(2.955358094258837), np.float64(0.18671675488347728), np.float64(0.5135701122207077)]",0.12034132480359518,0.042963186845780085,0.010550461770303096,0
0.04197574081307134,0.12319367151694605,"[np.float64(7.825153370166616), np.float64(7.337678957293124), np.float64(2.8825758956729164), np.float64(5.294459039435583), np.float64(0.5171273440144774), 0, np.float64(0.6137805155472811)]",0.12319367151694605,0.04197574081307134,0.010634024146591385,0
0.042183675968571824,0.122575506556801,"[np.float64(7.445523559380663), np.float64(7.757262408173589), np.float64(3.000994681802712), np.float64(5.257457371823138), np.float64(0.8781226555347221), 0, np.float64(0.32394184218787864)]",0.122575506556801,0.042183675968571824,0.010602683048826951,0
0.04200815454071822,0.12308410610246136,"[np.float64(7.916504921616965), np.float64(7.363163997730869), np.float64(3.417595253260428), np.float64(5.360586963608461), np.float64(0.5681624685014057), np.float64(0.5395519389806673), np.float64(0.6565338081619168)]",0.12308410610246136,0.04200815454071822,0.010627005099716692,0
0.041999497836143866,0.123122463672735,"[np.float64(7.785633227180201), np.float64(7.369568506065432), np.float64(2.893511616615518), np.float64(5.299505652949015), np.float64(0.5522935204959478), 0, np.float64(0.5841934488860806)]",0.123122463672735,0.041999497836143866,0.010629737796708116,0
0.04193052698547917,0.12331965649173827,"[np.float64(8.701562501657406), np.float64(6.560080251317885), np.float64(2.957411801253246), np.float64(5.719205091548302), np.float64(0.3621130334186109), np.float64(0.46955723346497047), np.float64(0.26354964263773206)]",0.12331965649173827,0.04193052698547917,0.010641854496822499,0
0.042053290128757574,0.12295968272918113,"[np.float64(7.708816017148593), np.float64(7.691974535321151), np.float64(2.945512701208969), np.float64(5.112758624256089), np.float64(0.6739713450069162), 0, np.float64(0.5137472839650876)]",0.12295968272918113,0.042053290128757574,0.010620709006148627,0
0.041783908665483524,0.1237464023777839,"[np.float64(7.475372823972429), np.float64(7.0499819468304725), np.float64(3.359534555037227), np.float64(4.8736575038100085), np.float64(0.2656551240061051), 0, np.float64(0.8819181954578252)]",0.1237464023777839,0.041783908665483524,0.01067551178883214,0
0.043172275701701304,0.11975706626389154,"[np.float64(6.563977891018327), np.float64(6.596718067037772), np.float64(3.6300785244164477), np.float64(7.3053206175581975), np.float64(3.3457144635894287), np.float64(0.016596265112889974), np.float64(0.9425511831098791)]",0.11975706626389154,0.043172275701701304,0.010543839137452075,0
0.04269384648331936,0.12110245287081906,"[np.float64(6.642301439932231), np.float64(6.641577304657696), np.float64(3.419445908959799), np.float64(4.409197461849057), np.float64(1.562728080719892), np.float64(0.4562567899397883), 1]",0.12110245287081906,0.04269384648331936,0.01056189084696365,0
0.04242543913852503,0.121877609938614,"[np.float64(8.1838731474843), np.float64(5.895443828008142), np.float64(2.9573560223930793), np.float64(5.044240724576946), np.float64(0.8646908295739442), np.float64(0.7920440875303425), np.float64(0.002417926256539249)]",0.121877609938614,0.04242543913852503,0.010576355696729735,0
0.04166404521508474,0.12410798953306834,"[np.float64(8.541908668932026), np.float64(6.598499238060342), np.float64(2.999324124178018), np.float64(5.737863058639949), 0.1, np.float64(0.5114661204083941), np.float64(0.20148418219911723)]",0.12410798953306834,0.04166404521508474,0.01071160359522017,0
0.042315398625399014,0.12219070942896215,"[np.float64(7.144189669785989), np.float64(7.887161410909847), np.float64(3.0710071217938206), np.float64(5.381416230194709), np.float64(1.123068716071051), 0, np.float64(0.10397167189140051)]",0.12219070942896215,0.042315398625399014,0.010588457821031266,0
0.042245503301354626,0.12239455270352693,"[np.float64(7.309110921894894), np.float64(7.791088257220457), np.float64(3.029740067712694), np.float64(5.33242624090448), np.float64(0.983894081542757), 0, np.float64(0.22560305519230828)]",0.12239455270352693,0.042245503301354626,0.010595578724856565,0
0.04279054306079701,0.12082844323775507,"[np.float64(7.315193997044993), np.float64(7.081431467275108), np.float64(3.272749170461377), np.float64(6.146197066803164), np.float64(1.9520324364865473), 0, np.float64(0.9065203948545724)]",0.12082844323775507,0.04279054306079701,0.010557173933135088,0
0.04331582644345429,0.11935921323163338,"[np.float64(8.048008223259203), np.float64(4.13871885317925), np.float64(3.7798002351954465), np.float64(3.552038040784982), np.float64(3.112521318090635), np.float64(0.7249861861926448), np.float64(0.009676340131553662)]",0.11935921323163338,0.04331582644345429,0.010539431577843303,0
0.042067116031464374,0.12291877271030656,"[np.float64(7.682308746321653), np.float64(7.698547466965627), np.float64(2.9510984133789306), np.float64(5.127326336991178), np.float64(0.6945245128557466), 0, np.float64(0.4946384029425629)]",0.12291877271030656,0.042067116031464374,0.010618572391222962,0
0.04160695897383304,0.12427420094231931,"[np.float64(8.102164044712996), np.float64(7.207198118971164), np.float64(3.27491904070458), np.float64(5.579224660106513), 0.1, np.float64(0.7447913178577786), np.float64(0.5835267960034515)]",0.12427420094231931,0.04160695897383304,0.010726476081368544,0
0.041768406683612466,0.1238235007458943,"[np.float64(8.134028860076507), np.float64(7.088441498728318), np.float64(2.797106160281906), np.float64(5.255016489293923), np.float64(0.24228091968079868), 0, np.float64(0.8450225865366571)]",0.1238235007458943,0.041768406683612466,0.010682397726504563,0
0.04229481130537827,0.12225076919721,"[np.float64(7.194158029298225), np.float64(7.819592795100103), np.float64(3.053963375172054), np.float64(5.3956013873897195), np.float64(1.0730260827839666), 0, np.float64(0.14273442785733792)]",0.12225076919721,0.04229481130537827,0.010590460391711074,0
0.04252036585834838,0.12159904152718673,"[np.float64(7.616642151007235), np.float64(7.419781213325814), np.float64(3.1417875426711426), np.float64(5.56856983525789), np.float64(1.406702059141197), 0, np.float64(0.8760082558333734)]",0.12159904152718673,0.04252036585834838,0.010572153686254186,0
0.04259726591918419,0.1213777932469785,"[np.float64(6.675549039757306), np.float64(6.777364438213228), np.float64(3.3529960965963888), np.float64(4.439503964360365), np.float64(1.3934792421338207), np.float64(0.4840171206414024), 1]",0.1213777932469785,0.04259726591918419,0.010567193610289384,0
0.04271903410593233,0.1210499141277071,"[np.float64(1.5527474204153888), np.float64(8.504041906197637), np.float64(2.8592537522651025), np.float64(4.4941348178016005), np.float64(2.195967650097603), 0, np.float64(0.78882611040697)]",0.1210499141277071,0.04271903410593233,0.010561180674430425,0
0.04220447793379248,0.12251453994941149,"[np.float64(7.400533747330558), np.float64(7.768418402362269), np.float64(3.010475104828275), np.float64(5.282182612766672), np.float64(0.9130067884426395), 0, np.float64(0.29150904398303773)]",0.12251453994941149,0.04220447793379248,0.010600201263134356,0
0.04213799926720261,0.12271128866158183,"[np.float64(8.202754560465058), np.float64(7.741801777955516), np.float64(2.954673334045988), np.float64(5.275117941396623), np.float64(0.8044432188731276), 0, np.float64(0.9781754080569075)]",0.12271128866158183,0.04213799926720261,0.010608636495956185,0
0.04208524258859576,0.12286520089611269,"[np.float64(7.647076794526697), np.float64(7.7072838326353175), np.float64(2.958522623256945), np.float64(5.146688909479169), np.float64(0.7218426107320347), 0, np.float64(0.46923996870025275)]",0.12286520089611269,0.04208524258859576,0.010615858528063847,0
0.04164011446000714,0.12419139376433128,"[np.float64(8.484253284537491), np.float64(6.8927935890584), np.float64(2.8461308921467188), np.float64(5.911133482346858), 0.1, np.float64(0.9079462034873308), np.float64(0.4998357892449593)]",0.12419139376433128,0.04164011446000714,0.010695878805964386,0
0.04289409644443008,0.12053578953574955,"[np.float64(7.146127452841779), np.float64(7.0993440515669555), np.float64(3.364141082850273), np.float64(6.307744407127675), np.float64(2.277986447186436), 0, np.float64(0.9004554540357379)]",0.12053578953574955,0.04289409644443008,0.010552747743547527,0
0.042964047465065935,0.12033908888080828,"[np.float64(7.950522275168836), np.float64(5.542825486406763), np.float64(3.3531904328870565), np.float64(4.405179321046147), np.float64(1.8674275423787217), np.float64(0.46243030406755176), np.float64(0.21321944953380817)]",0.12033908888080828,0.042964047465065935,0.010550287671394641,0
0.04264446099441118,0.12124595398203945,"[np.float64(3.481368186787895), np.float64(7.993919801765318), np.float64(3.0599727812848037), np.float64(4.840304631647528), np.float64(1.848716698497218), 0, np.float64(0.6377531094527076)]",0.12124595398203945,0.04264446099441118,0.01056498073483,0
0.04320685750378273,0.11966098016817968,"[np.float64(6.560864310415534), np.float64(7.081255769589874), np.float64(3.649204302431281), np.float64(4.730308826712601), np.float64(3.9123924589678465), np.float64(0.614606381274128), np.float64(0.39794350625091124)]",0.11966098016817968,0.04320685750378273,0.01054233652374273,0
0.04165114839400236,0.12418069135288763,"[np.float64(8.53351651647042), np.float64(6.853787809018126), np.float64(2.7593821149486306), np.float64(5.926444900681899), 0.1, np.float64(0.868633551698187), np.float64(0.5045400928350678)]",0.12418069135288763,0.04165114839400236,0.010702183397725213,0
0.04201734270979682,0.12306909401958983,"[np.float64(7.755300404256164), np.float64(7.3940446329957), np.float64(2.9019050904704233), np.float64(5.3033790709708475), np.float64(0.5792845514872713), 0, np.float64(0.5614845418311554)]",0.12306909401958983,0.04201734270979682,0.010626654827330786,0
0.04213529100273695,0.12271765305518034,"[np.float64(7.54684184802209), np.float64(7.732138803788847), np.float64(2.9796445095575597), np.float64(5.201775452195295), np.float64(0.7995626330337623), 0, np.float64(0.3969813918154145)]",0.12271765305518034,0.04213529100273695,0.010608847540352557,0
0.04251136832659286,0.12162370809458006,"[np.float64(7.540865801847563), np.float64(6.141892752374525), np.float64(3.3235281668589725), np.float64(6.706245142653628), np.float64(1.0637483493786322), np.float64(0.2669739358324088), np.float64(0.8218637446664115)]",0.12162370809458006,0.04251136832659286,0.010572290544539235,0
0.04246372169165504,0.12176285990684034,"[np.float64(8.54034573897153), np.float64(8.088295042055115), np.float64(3.0729527884744705), np.float64(5.144957493029279), np.float64(1.454550417742201), 0, 1]",0.12176285990684034,0.04246372169165504,0.01057624713242973,0
0.042169522514055216,0.12261775135116394,"[np.float64(7.47092437654426), np.float64(7.623513013424161), np.float64(2.980595516334819), np.float64(5.339693107203975), np.float64(0.832330639429159), 0, np.float64(0.34858418639337957)]",0.12261775135116394,0.042169522514055216,0.010604435929705168,0
0.04332042274356925,0.11934783338199961,"[np.float64(9.289655613228701), np.float64(4.844789632716335), np.float64(3.179156240776345), np.float64(8.786130716847572), np.float64(4.878766277552536), np.float64(0.33548126162971037), 0]",0.11934783338199961,0.04332042274356925,0.010539320852545728,0
0.042634630777124365,0.12127106298458534,"[np.float64(8.548706328501245), np.float64(7.602107547086809), np.float64(3.421939599682612), np.float64(4.957061755462871), np.float64(1.7121870053152008), 0, 1]",0.12127106298458534,0.042634630777124365,0.010565197968306683,0
0.0429028633123503,0.12051122292230189,"[np.float64(7.624396385361542), np.float64(6.814538725507861), np.float64(3.3100701275980606), np.float64(5.228768725325436), np.float64(2.195114134402994), np.float64(0.5532250727923709), np.float64(0.32114148902971196)]",0.12051122292230189,0.0429028633123503,0.010552397997533762,0
0.042217832739267325,0.12247576837881097,"[np.float64(7.369466553561661), np.float64(7.705381244403181), np.float64(3.0086701728451186), np.float64(5.352648992021583), np.float64(0.9226107709979726), 0, np.float64(0.2726269872274173)]",0.12247576837881097,0.042217832739267325,0.010598658082919014,0
0.042755051952558965,0.12092915436577235,"[np.float64(7.81299704870149), np.float64(6.789478888162901), np.float64(3.2369134315000654), np.float64(5.296717705884625), np.float64(1.757661226340094), np.float64(0.511843760149366), np.float64(0.3361672121314136)]",0.12092915436577235,0.042755051952558965,0.010558774989267886,0
0.0425390542345646,0.12154743730096763,"[np.float64(8.079098398412198), np.float64(5.9706773434719675), np.float64(3.045966582521231), np.float64(4.925930767044988), np.float64(1.0644119695923528), np.float64(0.6252508738199565), np.float64(0.11445264580394737)]",0.12154743730096763,0.0425390542345646,0.010570485572539867,0
0.042212734937503625,0.12249072353321516,"[np.float64(7.38046380845953), np.float64(7.696507352004876), np.float64(3.0056270940096224), np.float64(5.351244672831815), np.float64(0.9128250926748166), 0, np.float64(0.28086016881953146)]",0.12249072353321516,0.042212734937503625,0.01059924315091212,0
0.04215610226510667,0.12265729797416369,"[np.float64(7.498057828634928), np.float64(7.601618519163251), np.float64(2.973087348654986), np.float64(5.336228240033988), np.float64(0.808186501967411), 0, np.float64(0.36889785924701857)]",0.12265729797416369,0.04215610226510667,0.010606137923961676,0
0.041903268379413404,0.12339360573118753,"[np.float64(7.486988484231286), np.float64(7.137739268345756), np.float64(3.204526637098925), np.float64(5.068594196379937), np.float64(0.40860821861788454), 0, np.float64(0.7590380581779361)]",0.12339360573118753,0.041903268379413404,0.010647304600041423,0
0.04165458659725887,0.12413895877510898,"[np.float64(8.531840297687292), np.float64(6.705502364579836), np.float64(2.9513264010109124), np.float64(5.545094711584133), 0.1, np.float64(0.3382981484544684), np.float64(0.4082992990880009)]",0.12413895877510898,0.04165458659725887,0.010715808450419341,0
0.04162531629351674,0.12422433883010117,"[np.float64(8.337073552356463), np.float64(7.015365281840751), np.float64(2.9812084680738837), np.float64(5.757001336565422), 0.1, np.float64(0.7873865654012681), np.float64(0.5468913262220774)]",0.12422433883010117,0.04162531629351674,0.010717280850271915,0
0.04239734309553004,0.12195818986701917,"[np.float64(8.123717459003212), np.float64(6.0508632358910015), np.float64(2.9654095343074403), np.float64(5.057339699076944), np.float64(0.8589907346875627), np.float64(0.6872493515560675), np.float64(0.07509514651982696)]",0.12195818986701917,0.04239734309553004,0.010580297312159502,0
0.042392564047228104,0.1219667123235181,"[np.float64(6.942983918379133), np.float64(8.049518126698132), np.float64(3.126683285470357), np.float64(5.407109650999871), np.float64(1.3021074651335895), 0, 0]",0.1219667123235181,0.042392564047228104,0.010581558587576137,0
0.04328882960729307,0.11943383824834428,"[np.float64(8.070062864303825), np.float64(4.337947006103177), np.float64(3.679085785492756), np.float64(3.7322176542844563), np.float64(2.8398094568388252), np.float64(0.7427875527865874), np.float64(0.0021015085766245)]",0.11943383824834428,0.04328882960729307,0.010540059591582227,0
0.042817900682623575,0.12075084728146972,"[np.float64(6.739382565066572), np.float64(6.410825050066709), np.float64(3.343819584306769), np.float64(5.372879591444659), np.float64(1.7912889239292182), 0, np.float64(0.21556984916564575)]",0.12075084728146972,0.042817900682623575,0.010556004747951802,0
0.041745004039952516,0.12389563398452552,"[np.float64(8.165398012568374), np.float64(7.063129137923367), np.float64(2.788425920992921), np.float64(5.2510107348379025), np.float64(0.21436773239849571), 0, np.float64(0.8685073498939482)]",0.12389563398452552,0.041745004039952516,0.010689386963159955,0
0.04193085413014519,0.12331170048047808,"[np.float64(8.277341710308484), np.float64(6.694523423223238), np.float64(3.335376367986396), np.float64(5.422578694330663), np.float64(0.3827799825409892), 0, np.float64(0.2794217859181741)]",0.12331170048047808,0.04193085413014519,0.010641690035591244,0
0.04155808658027627,0.12445669517885335,"[np.float64(8.389462508530567), np.float64(7.988168905453996), np.float64(2.7802065313283997), np.float64(4.321574827041001), 0.1, 0, np.float64(0.8311585471580233)]",0.12445669517885335,0.04155808658027627,0.010757662379235545,0
0.04214434094769138,0.122691749766859,"[np.float64(8.199132392256603), np.float64(7.713190852438963), np.float64(2.970815421898326), np.float64(5.267223093887511), np.float64(0.8096203232960297), 0, np.float64(0.9662416249188673)]",0.122691749766859,0.04214434094769138,0.010607766585205201,0
0.042566848991627056,0.12146757490111311,"[np.float64(7.010751216230213), np.float64(6.807195990527465), np.float64(3.0571812264677263), np.float64(5.420571549525834), np.float64(1.3381722719038365), 0, np.float64(0.20902354299995562)]",0.12146757490111311,0.042566848991627056,0.010569111527044301,0
0.04231081156907037,0.12220182873904996,"[np.float64(7.639258737605669), np.float64(7.033217976818132), np.float64(3.2630584529993225), np.float64(4.596939803665661), np.float64(0.9412724265604258), 0, np.float64(0.20321757943878407)]",0.12220182873904996,0.04231081156907037,0.010589001385844307,0
0.041849501456081774,0.12356255535209033,"[np.float64(7.808683638894337), np.float64(7.1593290777746414), np.float64(2.913695223322187), np.float64(5.152865941625833), np.float64(0.34588719546330227), 0, np.float64(0.8534811026281616)]",0.12356255535209033,0.041849501456081774,0.010659905478183162,0
0.04313616259807315,0.1198575770602151,"[np.float64(6.6597214748400635), np.float64(6.70831043879346), np.float64(3.5888402035392186), np.float64(7.118630579661275), np.float64(3.1729106343797664), 0, np.float64(0.9323994086157059)]",0.1198575770602151,0.04313616259807315,0.01054507990160936,0
0.04210504925977534,0.12280221088983567,"[np.float64(7.240790764576006), np.float64(7.080722163395834), np.float64(3.0900999821156483), np.float64(4.75854245933828), np.float64(0.6510142921343904), np.float64(0.273636262193108), 1]",0.12280221088983567,0.04210504925977534,0.010612836880688141,0
0.04232400268512465,0.1221637758852079,"[np.float64(7.574245548319555), np.float64(6.932984972175973), np.float64(3.2359144666574666), np.float64(4.3656083979960325), np.float64(0.9412899231449128), 0, np.float64(0.0634733765495184)]",0.1221637758852079,0.04232400268512465,0.010587772981412917,0
0.043294557906472596,0.11942126369624945,"[np.float64(8.883373969225232), np.float64(5.470422179027523), np.float64(3.0706678084532184), np.float64(7.9489322267989335), np.float64(3.7825513014803187), np.float64(0.3270684772241458), 0]",0.11942126369624945,0.043294557906472596,0.010540048044195515,0
0.04196625819308046,0.12320765795878134,"[np.float64(7.865826736973525), np.float64(7.313950329413976), np.float64(3.2546502887305633), np.float64(5.4879212670878115), np.float64(0.5079098487570235), np.float64(0.5185470671063175), np.float64(0.5479987319001935)]",0.12320765795878134,0.04196625819308046,0.010634368353350108,0
0.04285886280215412,0.12063538660093279,"[np.float64(7.338830883220819), np.float64(6.047776852725202), np.float64(3.2677381082658954), np.float64(4.973470724085608), np.float64(1.7679910044915403), np.float64(0.6974017359666238), np.float64(0.43388844279621297)]",0.12063538660093279,0.04285886280215412,0.010553604255387367,0
0.04166125364003585,0.12411666533924506,"[np.float64(8.517666637291375), np.float64(6.628198909950022), np.float64(2.9920774468444797), np.float64(5.715436267508274), 0.1, np.float64(0.4840018093611612), np.float64(0.22538154628224558)]",0.12411666533924506,0.04166125364003585,0.01071275883057972,0
0.042864080713227136,0.12062024400110531,"[np.float64(6.645394439812506), np.float64(6.33215784828298), np.float64(3.552484900477183), np.float64(4.380504559743912), np.float64(1.8898779255909899), np.float64(0.3492485279356697), 1]",0.12062024400110531,0.042864080713227136,0.010554145910079634,0
0.04228576481518641,0.122274252873673,"[np.float64(7.476432573291107), np.float64(7.611415828964216), np.float64(3.3025765596479495), np.float64(4.958986271409781), np.float64(1.0175820360174055), 0, np.float64(0.49858019517930513)]",0.122274252873673,0.04228576481518641,0.010591399838877387,0
0.042914783101952,0.12049083780058416,"[np.float64(8.178624476616609), np.float64(6.50628962219038), np.float64(2.9004875522270357), np.float64(6.596518058811835), np.float64(2.096206081717317), np.float64(0.32889302328217274), 0]",0.12049083780058416,0.042914783101952,0.010552175622670617,0
0.04207644757320199,0.12289301707649794,"[np.float64(7.6505983688370796), np.float64(7.478530680179398), np.float64(2.930877461391729), np.float64(5.316749232789631), np.float64(0.6724514779526528), 0, np.float64(0.48309853744416)]",0.12289301707649794,0.04207644757320199,0.010617213961241465,0
0.042576137026324866,0.12143799348408467,"[np.float64(7.735156444454221), np.float64(7.440926485250719), np.float64(3.6035188546271857), np.float64(5.446296148610965), np.float64(1.531920886534964), np.float64(0.7288949644655528), np.float64(0.5427278979382534)]",0.12143799348408467,0.042576137026324866,0.01056687342931601,0
0.04254483256884314,0.12152781628159698,"[np.float64(6.999196844353796), np.float64(6.6752614588250285), np.float64(3.3216929438760685), np.float64(4.595193302081122), np.float64(1.2620068001386766), np.float64(0.26970462088594105), 1]",0.12152781628159698,0.04254483256884314,0.010570567022342343,0
0.04171263480604177,0.12399578888430153,"[np.float64(8.207783076601276), np.float64(7.028927830322855), np.float64(2.7766974403404747), np.float64(5.245598278790118), np.float64(0.17665226556752367), 0, np.float64(0.9002392622863644)]",0.12399578888430153,0.04171263480604177,0.010699685079955211,0
0.04193595046297062,0.1232968185116249,"[np.float64(8.217911180453392), np.float64(6.767808972088776), np.float64(3.282557193909825), np.float64(5.413887217788092), np.float64(0.3981305500415586), 0, np.float64(0.31342678447879463)]",0.1232968185116249,0.04193595046297062,0.010640696425026294,0
0.042379881928861704,0.12200175185215038,"[np.float64(7.829474042898857), np.float64(7.432232916048312), np.float64(3.567574277389798), np.float64(5.330675981299585), np.float64(1.1421790052521503), np.float64(0.6027209341287564), np.float64(0.6498360568934783)]",0.12200175185215038,0.042379881928861704,0.010582094404044695,0
0.04329080342371026,0.119431756842757,"[np.float64(8.861177818580934), np.float64(5.49938294104379), np.float64(3.066644230570947), np.float64(7.913744967447189), np.float64(3.745407887762499), np.float64(0.3283442397764354), 0]",0.119431756842757,0.04329080342371026,0.010540148742639425,0
0.042297298991788385,0.12224342971113149,"[np.float64(7.1882503845847445), np.float64(7.851607989101615), np.float64(3.0588149674856653), np.float64(5.375789798154944), np.float64(1.0838622062908259), 0, np.float64(0.13695807344209943)]",0.12224342971113149,0.042297298991788385,0.010590216282355515,0
0.04281651815140475,0.12075488208509332,"[np.float64(7.27445915598889), np.float64(7.09441486932914), np.float64(3.2955179534167507), np.float64(6.178341727352596), np.float64(2.0314068677555808), 0, np.float64(0.9040917677972262)]",0.12075488208509332,0.04281651815140475,0.01055601285836733,0
0.04167577247038161,0.12409082864758471,"[np.float64(8.958391741567727), np.float64(6.5403736099433605), np.float64(2.8313658214892485), np.float64(5.964835435177292), 0.1, np.float64(0.44853743103493093), np.float64(0.17327576747015996)]",0.12409082864758471,0.04167577247038161,0.010709806148753078,0
0.042289694595881264,0.12226560096536382,"[np.float64(7.206436085825433), np.float64(7.836933603766701), np.float64(3.053782755077374), np.float64(5.373467534147346), np.float64(1.0676800386430725), 0, np.float64(0.1505729420693179)]",0.12226560096536382,0.042289694595881264,0.010590972234698983,0
0.04231023896362872,0.12220316319275906,"[np.float64(7.794854649359044), np.float64(7.382235332886344), np.float64(3.40079427422323), np.float64(5.437432823216672), np.float64(1.0120317211035088), np.float64(0.5612604968531248), np.float64(0.560223192383925)]",0.12220316319275906,0.04231023896362872,0.010588454509143133,0
0.043109371189494795,0.11993224551657837,"[np.float64(6.544491000924597), np.float64(7.196689046345913), np.float64(3.589262809248944), np.float64(4.6202847702386265), np.float64(3.2734144640250715), np.float64(0.46288338936758616), np.float64(0.5425277790881367)]",0.11993224551657837,0.043109371189494795,0.010545383253813417,0
0.04220317656532969,0.12251878148850522,"[np.float64(7.400893854293151), np.float64(7.6800219626869355), np.float64(2.9999738432064094), np.float64(5.348635812195368), np.float64(0.8946458417152082), 0, np.float64(0.29615528372279754)]",0.12251878148850522,0.04220317656532969,0.010600355387919924,0
0.04308262155363479,0.12000687641827187,"[np.float64(7.073226404020925), np.float64(5.498717352836051), np.float64(3.67558233724057), np.float64(4.960141325032419), np.float64(2.2672176902856274), np.float64(0.8828185591822113), np.float64(0.40689441903381895)]",0.12000687641827187,0.04308262155363479,0.010543583842667223,0
0.041611361746546734,0.12426363142341186,"[np.float64(8.161633896295529), np.float64(7.165831161493015), np.float64(3.0526196390735345), np.float64(5.495013116942587), 0.1, np.float64(0.47182249475232696), np.float64(0.6471066244424803)]",0.12426363142341186,0.041611361746546734,0.010730790614890424,0
0.04286739745710208,0.12061110558414175,"[np.float64(7.197279878762798), np.float64(7.06413032294634), np.float64(3.333915632428207), np.float64(6.282167646079612), np.float64(2.176481871915952), 0, np.float64(0.9056156251400881)]",0.12061110558414175,0.04286739745710208,0.010553834239241595,0
0.04245507796729773,0.12178554227060158,"[np.float64(6.940957396522302), np.float64(6.833038204363457), np.float64(3.2670625979307313), np.float64(4.580817920504849), np.float64(1.1372389919361865), np.float64(0.3557070967889026), 1]",0.12178554227060158,0.04245507796729773,0.010576764504465616,0
0.0428647070637817,0.12061865614157355,"[np.float64(1.8096462866346674), np.float64(8.086741139103435), np.float64(3.352959056206508), np.float64(4.729358876547796), np.float64(2.5541436072799693), np.float64(0.030240431501364462), np.float64(0.5690574363649712)]",0.12061865614157355,0.0428647070637817,0.010554284630031777,0
0.0432208755756541,0.11962731998617403,"[np.float64(8.612545619772108), np.float64(5.845236135636885), np.float64(3.0137521176381727), np.float64(7.476234971535685), np.float64(3.235875036647737), np.float64(0.3355036722524174), 0]",0.11962731998617403,0.0432208755756541,0.010542080102834703,0
0.04227806587132611,0.12229953024498873,"[np.float64(7.233883821217218), np.float64(7.814785508382365), np.float64(3.046187621252729), np.float64(5.369962533864606), np.float64(1.0432562427287708), 0, np.float64(0.1711219055944473)]",0.12229953024498873,0.04227806587132611,0.0105921484615175,0
0.04161172625717232,0.1242611372152077,"[np.float64(8.16891548653269), np.float64(7.156125406443567), np.float64(3.120789047225287), np.float64(5.568016560973139), 0.1, np.float64(0.621352064999847), np.float64(0.6079177281585075)]",0.1242611372152077,0.04161172625717232,0.010729011319894706,0
0.04189129566250687,0.12343334988522234,"[np.float64(7.262493279129815), np.float64(7.2900183526666815), np.float64(2.994563830144149), np.float64(4.7901316229904864), np.float64(0.4120666326612126), np.float64(0.3328164549596413), 1]",0.12343334988522234,0.04189129566250687,0.01065008440567213,0
0.04221856706048878,0.1224714586853353,"[np.float64(7.574521417259045), np.float64(6.896333427055478), np.float64(3.0789175311557617), np.float64(4.342457822808624), np.float64(0.7753497761041075), 0, np.float64(0.050810905813047536)]",0.1224714586853353,0.04221856706048878,0.010598652963909714,0
0.042292252754278725,0.12225814101927804,"[np.float64(7.200339453783659), np.float64(7.841853091150889), np.float64(3.05546976989211), np.float64(5.374246057283231), np.float64(1.0731049997419564), 0, np.float64(0.14600865041959382)]",0.12225814101927804,0.042292252754278725,0.010590716774607763,0
0.0429074664695043,0.12049809431163652,"[np.float64(7.165725219998087), np.float64(7.036138095797909), np.float64(3.393949873231482), np.float64(4.91581875762262), np.float64(2.2987341586973526), np.float64(0.43355017029988496), np.float64(0.49154064302815326)]",0.12049809431163652,0.0429074664695043,0.01055235981512667,0
0.04252311985793156,0.12159061613995303,"[np.float64(8.541200325334641), np.float64(7.916081397448304), np.float64(3.194317639542814), np.float64(5.080021909125402), np.float64(1.5406956681080715), 0, 1]",0.12159061613995303,0.04252311985793156,0.01057204560097749,0
0.0421570357541176,0.12265454566953234,"[np.float64(7.496184616954005), np.float64(7.603130048999572), np.float64(2.9736056899022842), np.float64(5.336467444011204), np.float64(0.8098533403839907), 0, np.float64(0.367495464551912)]",0.12265454566953234,0.0421570357541176,0.010606018104045293,0
0.04263658858650123,0.12126553123048174,"[np.float64(6.9034621388622615), np.float64(6.5915447048265055), np.float64(3.380198685467521), np.float64(4.537993763411589), np.float64(1.4221877997627317), np.float64(0.2943327082935256), 1]",0.12126553123048174,0.04263658858650123,0.010565043305208799,0
0.041994569033168935,0.12313722214554453,"[np.float64(7.793912146061311), np.float64(7.362888090270077), np.float64(2.8912207355673045), np.float64(5.298448457788654), np.float64(0.544926696885289), 0, np.float64(0.5903915267853005)]",0.12313722214554453,0.041994569033168935,0.0106306096616179,0
0.04248773967068721,0.12169285160748124,"[np.float64(7.649278881772813), np.float64(7.442401508913966), np.float64(3.1263982349416564), np.float64(5.516990050094973), np.float64(1.3463044832151354), 0, np.float64(0.8742685834384009)]",0.12169285160748124,0.04248773967068721,0.010574412154387708,0
0.04256217892678658,0.12148258442891241,"[np.float64(6.92650053239494), np.float64(6.897178445958793), np.float64(3.0097245844807023), np.float64(5.491304915676151), np.float64(1.3519336817311691), 0, np.float64(0.10684628691923281)]",0.12148258442891241,0.04256217892678658,0.010569400328775349,0
0.04161145873480925,0.12426177401358124,"[np.float64(8.165442867795463), np.float64(7.158601299216095), np.float64(3.1325291854338086), np.float64(5.571850369626633), 0.1, np.float64(0.6349121186864624), np.float64(0.6048160346973072)]",0.12426177401358124,0.04161145873480925,0.010728830928776904,0
0.04222003880455636,0.1224669908665456,"[np.float64(7.5799527652943075), np.float64(7.561218388317968), np.float64(3.087704753552459), np.float64(4.929294081212623), np.float64(0.9007095106879328), 0, np.float64(0.5379158929420937)]",0.1224669908665456,0.04222003880455636,0.01059843519900117,0
0.04221361160617122,0.12248815124752252,"[np.float64(7.3785776637195415), np.float64(7.69802931777049), np.float64(3.0061490139971325), np.float64(5.351485528325084), np.float64(0.9145034393047575), 0, np.float64(0.27944809168777884)]",0.12248815124752252,0.04221361160617122,0.010599142137756146,0
0.04308581297444464,0.1199979883259436,"[np.float64(6.6366071533070485), np.float64(7.17316682415251), np.float64(3.560135628250795), np.float64(4.663845090730071), np.float64(3.1271911598994224), np.float64(0.4581442071729875), np.float64(0.5353334671801224)]",0.1199979883259436,0.04308581297444464,0.010546122155980909,0
0.04207436139040668,0.1228975093104799,"[np.float64(8.000376187258416), np.float64(7.581762482994872), np.float64(2.9518604686989205), np.float64(5.043428227095894), np.float64(0.6864960410454106), 0, np.float64(0.8671585818486537)]",0.1228975093104799,0.04207436139040668,0.010617550116941477,0
0.04243835956335929,0.1218352511865233,"[np.float64(8.255927552396283), np.float64(6.673860447162213), np.float64(3.098330285443427), np.float64(5.508484413843778), np.float64(1.0695912031473789), np.float64(0.4925040202001482), np.float64(0.29833532341666463)]",0.1218352511865233,0.04243835956335929,0.010577868061443493,0
0.0416089303547274,0.12426826160126841,"[np.float64(8.128344213579393), np.float64(7.183903835695553), np.float64(3.28154604276712), np.float64(5.633415905997456), 0.1, np.float64(0.8250309030121022), np.float64(0.560060876287763)]",0.12426826160126841,0.0416089303547274,0.010718985437060189,0
0.04227272364364628,0.12231512746919354,"[np.float64(7.246349366179153), np.float64(7.8047268250376804), np.float64(3.042738248077434), np.float64(5.368370718073888), np.float64(1.032164037059885), 0, np.float64(0.18045433412041995)]",0.12231512746919354,0.04227272364364628,0.010592697176254912,0
0.0424499393448268,0.12179997129806475,"[np.float64(7.7494516159026166), np.float64(7.425069044467248), np.float64(3.440144432657922), np.float64(5.370304339720837), np.float64(1.269500272526927), np.float64(0.4992207139350259), np.float64(0.5868913566557682)]",0.12179997129806475,0.0424499393448268,0.010576906414779874,0
0.04192551462074407,0.12332936009794718,"[np.float64(7.564172310330722), np.float64(7.169730502309358), np.float64(3.0902031730382253), np.float64(5.147965386720255), np.float64(0.43832359578459734), 0, np.float64(0.7427681855346984)]",0.12332936009794718,0.04192551462074407,0.010642853405921797,0
0.042577519294372916,0.12143406887030582,"[np.float64(7.70918405065764), np.float64(7.463624098519281), np.float64(3.5110958409309996), np.float64(5.333960629930251), np.float64(1.5411511150328607), np.float64(0.5037037413311792), np.float64(0.597992900546778)]",0.12143406887030582,0.042577519294372916,0.010568279516362423,0
0.04163064604727546,0.12420582321963353,"[np.float64(8.41446515383063), np.float64(6.945847919029888), np.float64(3.014298357886796), np.float64(5.928987907269796), 0.1, 1, np.float64(0.47087545121740965)]",0.12420582321963353,0.04163064604727546,0.010667476815197518,0
0.04170932989870344,0.12400604037579371,"[np.float64(8.21204718117978), np.float64(7.0254870439124115), np.float64(2.775517508937984), np.float64(5.245053764368802), np.float64(0.17285794088112982), 0, np.float64(0.9034316178013212)]",0.12400604037579371,0.04170932989870344,0.010700779749393733,0
0.04219572296757652,0.122538339237291,"[np.float64(8.268859106782614), np.float64(6.726887520749154), np.float64(3.0612704343155546), np.float64(5.462812502118408), np.float64(0.7123773557339925), np.float64(0.4145919079265669), np.float64(0.36988373017230924)]",0.122538339237291,0.04219572296757652,0.010601097594718294,0
0.04187317987874628,0.12348210142178927,"[np.float64(7.4484465450724855), np.float64(7.107779965733665), np.float64(3.2848483211940174), np.float64(4.998107048812926), np.float64(0.3704214608796453), 0, np.float64(0.7874675729847429)]",0.12348210142178927,0.04187317987874628,0.010653755029311266,0
0.04218958032605278,0.12255895945244191,"[np.float64(8.237060574038091), np.float64(7.747019509613716), np.float64(2.987670931058055), np.float64(5.250696189263133), np.float64(0.8851490661933994), 0, np.float64(0.996767800699538)]",0.12255895945244191,0.04218958032605278,0.01060210959273193,0
0.042963074685954165,0.12034169420539405,"[np.float64(6.967230749458556), np.float64(7.100964188582783), np.float64(3.448437592494338), np.float64(4.80895417836364), np.float64(2.5293052183990508), np.float64(0.42437180792364426), np.float64(0.5252567407348081)]",0.12034169420539405,0.042963074685954165,0.010550287433692905,0
0.04169835975130003,0.12402174621857363,"[np.float64(8.24360522594959), np.float64(7.787769546680408), np.float64(2.8404033840461675), np.float64(4.629754126536196), np.float64(0.23999963462635243), 0, np.float64(0.8500164655816677)]",0.12402174621857363,0.04169835975130003,0.010702707046229987,0
0.0422693915162786,0.12232485924236762,"[np.float64(7.254079391105169), np.float64(7.798489322127479), np.float64(3.040599252894666), np.float64(5.3673836151612235), np.float64(1.0252856353079514), 0, np.float64(0.1862414782321551)]",0.12232485924236762,0.0422693915162786,0.0105930421358944,0
0.0418241129340917,0.1236291161013088,"[np.float64(8.327690613993735), np.float64(6.623408718717087), np.float64(3.0889396305606565), np.float64(5.622866332919612), np.float64(0.25936169302539724), np.float64(0.5497326565178328), np.float64(0.2117753655878995)]",0.1236291161013088,0.0418241129340917,0.010664449880673969,0
0.04168134801392172,0.12405344060372707,"[np.float64(7.895948110027055), np.float64(7.283493420023276), np.float64(3.0986445544367265), np.float64(5.4488923356789405), np.float64(0.18106944931299296), np.float64(0.3452999008906812), np.float64(0.5755264422163628)]",0.12405344060372707,0.04168134801392172,0.010705954019848859,0
0.04180183216802036,0.12369309159401,"[np.float64(7.98508643553315), np.float64(7.300477827565796), np.float64(3.4691688300761765), np.float64(5.532429184475555), np.float64(0.31277057974204325), np.float64(0.8153681207352493), np.float64(0.5782141578991042)]",0.12369309159401,0.04180183216802036,0.010661012330090112,0
0.04227399472258786,0.12231141583136386,"[np.float64(7.243391546224721), np.float64(7.807113545746889), np.float64(3.043556714084281), np.float64(5.368748423543159), np.float64(1.0347959915685954), 0, np.float64(0.17823993888926687)]",0.12231141583136386,0.04227399472258786,0.010592566137273763,0
0.041607939436612174,0.12427121071215297,"[np.float64(8.11476923421687), np.float64(7.1954549851682295), np.float64(3.2889510536978115), np.float64(5.61478561261337), 0.1, np.float64(0.8042182435754986), np.float64(0.5668897024567959)]",0.12427121071215297,0.041607939436612174,0.010721591147976706,0
0.04158923974372406,0.12434215200549177,"[np.float64(7.417851848941613), np.float64(7.482712731964449), np.float64(2.87504959843746), np.float64(4.8885167813430925), 0.1, np.float64(0.31219149055702095), 1]",0.12434215200549177,0.04158923974372406,0.01074146713709923,0
0.04249455532098805,0.1216731295678867,"[np.float64(7.637487581760497), np.float64(7.50051855746277), np.float64(3.137685392003034), np.float64(5.483783181546547), np.float64(1.3745434782237869), 0, np.float64(0.8674988649988659)]",0.1216731295678867,0.04249455532098805,0.010573932552267408,0
0.04317742617657109,0.11974908845971384,"[np.float64(8.65116412923835), np.float64(5.876655869299707), np.float64(2.9909170616611815), np.float64(7.372072579273881), np.float64(2.9439688475657704), np.float64(0.30608234401537127), 0]",0.11974908845971384,0.04317742617657109,0.010543349875757774,0
0.042027035355789125,0.1230401470619449,"[np.float64(7.738584202691389), np.float64(7.40753325132562), np.float64(2.906530673824094), np.float64(5.305513683913393), np.float64(0.5941591154413739), 0, np.float64(0.5489698257232437)]",0.1230401470619449,0.042027035355789125,0.010625027352274266,0
0.04262035626760278,0.12131350321665285,"[np.float64(6.957328518741886), np.float64(6.73000834773029), np.float64(3.113069740617025), np.float64(5.411521401736172), np.float64(1.4268720971979434), 0, np.float64(0.20989967800712234)]",0.12131350321665285,0.04262035626760278,0.010565887664298118,0
0.0416033081608184,0.1242848462842132,"[np.float64(8.046083474562916), np.float64(7.249255789964881), np.float64(3.421892955359409), np.float64(5.60391123389457), 0.1, np.float64(0.8820298196959936), np.float64(0.5544254657197522)]",0.1242848462842132,0.0416033081608184,0.010712328852075511,0
0.04233659518902659,0.12212720376789575,"[np.float64(8.213297816209653), np.float64(7.310092050688272), np.float64(3.267888194658771), np.float64(5.105878316039545), np.float64(1.040781661310997), 0, np.float64(0.8299177616459349)]",0.12212720376789575,0.04233659518902659,0.0105866021859389,0
0.041629747376875,0.12421622903614153,"[np.float64(8.65638215068933), np.float64(6.984960567632581), np.float64(2.914892936055354), np.float64(4.829922951274091), 0.1, 0, np.float64(0.1033809607012598)]",0.12421622903614153,0.041629747376875,0.01072537911986138,0
0.04174805066064227,0.12387070743567927,"[np.float64(8.213708727181745), np.float64(7.805550877485536), np.float64(2.8578270429669326), np.float64(4.646892179784456), np.float64(0.2990538473522033), 0, np.float64(0.8473130120532661)]",0.12387070743567927,0.04174805066064227,0.010687142330966636,0
0.04168007528857016,0.124075081603337,"[np.float64(8.254230164257446), np.float64(7.927110359663557), np.float64(2.8467956661599345), np.float64(4.509749095259234), np.float64(0.23311479731572593), 0, np.float64(0.8347208450128646)]",0.124075081603337,0.04168007528857016,0.01070863415723138,0
0.042462842379636385,0.12176308332287046,"[np.float64(8.35371205995004), np.float64(7.46792350288951), np.float64(3.307491725838264), np.float64(5.056859660731938), np.float64(1.30448545760538), 0, np.float64(0.9545108179894892)]",0.12176308332287046,0.042462842379636385,0.010576257991617412,0
0.04184518363082836,0.12356536356160812,"[np.float64(8.33312821684063), np.float64(6.8134296492137825), np.float64(3.197378966139966), np.float64(5.270222329068582), np.float64(0.3040039177887355), 0, np.float64(0.2576165395404597)]",0.12356536356160812,0.04184518363082836,0.010660195103554681,0
0.041568522272835334,0.12442318715319114,"[np.float64(8.351682894648995), np.float64(7.834591455581589), np.float64(2.7870146325920375), np.float64(4.480910678196243), 0.1, 0, np.float64(0.8473900171936554)]",0.12442318715319114,0.041568522272835334,0.010752821477736329,0
0.04219954693015181,0.1225294419102818,"[np.float64(7.4085878529771865), np.float64(7.673813530030886), np.float64(2.997844816938203), np.float64(5.347653309734673), np.float64(0.8877994971646839), 0, np.float64(0.301915456504409)]",0.1225294419102818,0.04219954693015181,0.010600783024535166,0
0.04153890246397971,0.12451813914141928,"[np.float64(8.458081242975572), np.float64(8.283154240573463), np.float64(2.769227199560317), np.float64(4.019627297705593), 0.1, 0, np.float64(0.7998868828106609)]",0.12451813914141928,0.04153890246397971,0.010766822241055962,0
0.042128858041463435,0.12273052261911653,"[np.float64(7.902843302880344), np.float64(7.3708891217673305), np.float64(3.505205376471398), np.float64(5.411849700522034), np.float64(0.7325940791394618), np.float64(0.6723474518710575), np.float64(0.6239326216378223)]",0.12273052261911653,0.042128858041463435,0.010607747133052783,0
0.04279045760302367,0.12082973905637032,"[np.float64(8.194974103145329), np.float64(5.398267050102201), np.float64(3.134634235498877), np.float64(4.703570779619033), np.float64(1.368236924976796), np.float64(0.8490861012874054), 0]",0.12082973905637032,0.04279045760302367,0.010554854138273341,0
0.04314883380161989,0.11982933586797839,"[np.float64(8.63911722433065), np.float64(5.921294753215948), np.float64(2.9781858737480125), np.float64(7.2945086990185), np.float64(2.797769347924591), np.float64(0.29715849452951154), np.float64(0.015932615284051044)]",0.11982933586797839,0.04314883380161989,0.01054420514446407,0
0.04258803038761549,0.12140510018737656,"[np.float64(7.551972220725915), np.float64(7.303736342769232), np.float64(3.166128209139073), np.float64(5.726475593317031), np.float64(1.519484707176995), 0, np.float64(0.8874042280922031)]",0.12140510018737656,0.04258803038761549,0.010567821977039985,0
0.042259683239358116,0.12235072757903986,"[np.float64(7.044099101441837), np.float64(7.021639281003978), np.float64(3.161489509461157), np.float64(4.652071990414443), np.float64(0.8598886777582448), np.float64(0.3626604524170897), 1]",0.12235072757903986,0.042259683239358116,0.010594049599229598,0
0.0424113734205605,0.12191286128629804,"[np.float64(7.3025441719874955), np.float64(7.808932372422773), np.float64(3.1040400000963917), np.float64(4.567537340207429), np.float64(1.2839025896666487), 0, np.float64(0.4026007317127256)]",0.12191286128629804,0.0424113734205605,0.010580228478302213,0
0.042150963307682275,0.12267245378299825,"[np.float64(7.50833269390192), np.float64(7.593327536583222), np.float64(2.9702441641219424), np.float64(5.334916168012312), np.float64(0.7990436270181331), 0, np.float64(0.3765902181459691)]",0.12267245378299825,0.042150963307682275,0.010606801437969765,0
0.04253705697257342,0.12155113030358934,"[np.float64(7.600475625184179), np.float64(7.397380881497025), np.float64(3.148443356583675), np.float64(5.602875200876532), np.float64(1.4355359372854792), 0, np.float64(0.8781194638263199)]",0.12155113030358934,0.04253705697257342,0.01057104258647629,0
