xline_all_values,yline_all_values,X_all_values,obj1,obj2,obj3,inc
0.041262157813994914,0.12531493810666852,"[5.727914819102412, 0.2906819013986728, 3.9039044476384657, 4.320319216688843, 6.698701004426198, 0.5907146518380175, 0.3075711657701765]",0.12531493810666852,0.041262157813994914,0.01092593033060171,0
0.04325568579337277,0.11952556568034611,"[1.24282580401712, 5.052191109475569, 3.7849383723629915, 0.6191738145009765, 3.020547233312954, 0.7764057632445147, 0.29092253042105565]",0.11952556568034611,0.04325568579337277,0.010540890596278092,0
0.04112644952277086,0.12572950244212716,"[np.float64(6.232808769244544), np.float64(0.1882464791460805), np.float64(3.9136121620759754), np.float64(4.515858653935721), np.float64(6.919955995398131), np.float64(0.8890484444685706), np.float64(0.0791874944921081)]",0.12572950244212716,0.04112644952277086,0.011050400668475732,0
0.0420258266597562,0.12303211567523485,"[np.float64(5.671541862187397), np.float64(0.967379982307123), np.float64(3.919334601512616), np.float64(4.111476385997957), np.float64(6.027762727978455), 1, np.float64(0.2909973723544401)]",0.12303211567523485,0.0420258266597562,0.010625314527870251,0
0.04316214708162993,0.11978523101791051,"[np.float64(6.115324827980138), np.float64(3.650818794664336), np.float64(3.723848354130127), np.float64(6.844376186750757), np.float64(5.877355644436156), np.float64(0.8415071986083544), np.float64(0.18385304562584354)]",0.11978523101791051,0.04316214708162993,0.010545448336299786,0
0.04185354316427832,0.12353983279264644,"[np.float64(5.721677738672121), np.float64(0.8720571945136353), np.float64(3.7601348861884625), np.float64(4.119799100714716), np.float64(6.806088326072264), 1, np.float64(0.16473356308326859)]",0.12353983279264644,0.04185354316427832,0.010658766903565122,0
0.042356268510251475,0.12206996789912504,"[np.float64(4.548019792288262), np.float64(1.894858803457959), np.float64(3.563086385441755), np.float64(5.7077820971395585), np.float64(8.298410429680974), np.float64(0.8506968861281916), np.float64(0.4235309341385115)]",0.12206996789912504,0.042356268510251475,0.010585284451282942,0
0.043183690176303705,0.11972558208650401,"[np.float64(4.15741146662631), np.float64(3.1273238226025515), np.float64(3.368950679493147), np.float64(4.410681307710962), np.float64(4.75303709474626), 0, np.float64(0.5420726077702803)]",0.11972558208650401,0.043183690176303705,0.010543376410208893,0
0.04103582494366524,0.12600892627961813,"[np.float64(5.204767608713148), 0.1, np.float64(3.2663693215137988), np.float64(5.256021213239899), np.float64(5.829140488002475), np.float64(0.42932931383291184), np.float64(0.1281353282782458)]",0.12600892627961813,0.04103582494366524,0.011171604251071238,0
0.042995914556956547,0.12025191143772998,"[np.float64(4.567512215346399), np.float64(3.289673821528946), np.float64(3.1348257760633933), np.float64(4.8775681194098075), np.float64(6.8947128008501295), np.float64(0.409095942873879), np.float64(0.13391727543623647)]",0.12025191143772998,0.042995914556956547,0.010549382659367798,0
0.04152339575633654,0.12452455547717192,"[np.float64(6.020319047524712), np.float64(0.5230416341255726), np.float64(3.799124108018817), np.float64(4.843418738655592), np.float64(6.748491847020485), np.float64(0.16482540178727778), np.float64(0.6498262894195863)]",0.12452455547717192,0.04152339575633654,0.01076849738706846,0
0.041834791836688714,0.1235954090331572,"[np.float64(6.856715793087782), np.float64(0.7135103852077895), np.float64(3.53729848848963), np.float64(4.4154419751884015), np.float64(5.628991625450958), np.float64(0.5527176558889617), 0]",0.1235954090331572,0.041834791836688714,0.010663036052128216,0
0.043235246149965795,0.11958223652407297,"[np.float64(5.150502100904362), np.float64(3.4777121247511875), np.float64(3.594002696919634), np.float64(2.4102856616576465), np.float64(4.747760288444857), np.float64(0.15796466347047164), np.float64(0.9789106661579963)]",0.11958223652407297,0.043235246149965795,0.010541821985572498,0
0.04168742780001512,0.12403339612084838,"[np.float64(5.952551410335905), np.float64(0.6381357449512042), np.float64(3.5762509919003973), np.float64(4.791352956748167), np.float64(6.255349040822076), 1, np.float64(0.18559070075786976)]",0.12403339612084838,0.04168742780001512,0.010705156093064376,0
0.04183787554530676,0.12358620285032015,"[np.float64(5.287642794343367), np.float64(0.8673764340553092), np.float64(3.9996956034681683), np.float64(3.5642600366039474), np.float64(6.919766549045), 1, np.float64(0.5547382088161241)]",0.12358620285032015,0.04183787554530676,0.010662208599777396,0
0.04101518603926005,0.12607147951591416,"[np.float64(5.835839781345884), 0.1, np.float64(3.6224704752982344), np.float64(3.5644683940283635), np.float64(6.7924609427296065), np.float64(0.6637444171530493), np.float64(0.14210640104148115)]",0.12607147951591416,0.04101518603926005,0.011203712845803694,0
0.04120122477382851,0.1255007405368107,"[np.float64(5.711493609583094), np.float64(0.2408161055980772), np.float64(3.8547612247400744), np.float64(4.271633248561638), np.float64(6.682852826817557), np.float64(0.5543148522262735), np.float64(0.2816466443857155)]",0.1255007405368107,0.04120122477382851,0.010976421050059679,0
0.041185184391347905,0.12554976319446934,"[np.float64(5.724176241736364), np.float64(0.22003486008161754), np.float64(3.6695329738036637), np.float64(4.199440982846811), np.float64(6.429537839056825), np.float64(0.5655836081682721), np.float64(0.26361590003066937)]",0.12554976319446934,0.041185184391347905,0.010991017317024423,0
0.04100172718895804,0.12611365598198138,"[np.float64(7.03924894527737), 0.1, np.float64(3.3005314589321757), np.float64(3.3590097690810268), np.float64(7.6190062072957225), np.float64(0.5795812031868736), np.float64(0.3540772914404681)]",0.12611365598198138,0.04100172718895804,0.01122690126404458,0
0.04220233370439387,0.12251627956559102,"[np.float64(5.471804465856806), np.float64(1.2271769429845563), np.float64(3.729827456921905), np.float64(3.9185591695903854), np.float64(6.25129039150901), np.float64(0.587706258188286), np.float64(0.322927996946609)]",0.12251627956559102,0.04220233370439387,0.010600654459050889,0
0.041015004097793024,0.12607200691956494,"[np.float64(5.773078423126352), 0.1, np.float64(3.8511813980451226), np.float64(4.247638396170177), np.float64(6.801785439974953), np.float64(0.4214712834459263), np.float64(0.17670917118073481)]",0.12607200691956494,0.041015004097793024,0.011204042811193797,0
0.04100344891377962,0.12610768828992544,"[np.float64(6.04710607512715), 0.1, np.float64(3.5598041105908846), np.float64(5.154447687238557), np.float64(7.491195853544987), np.float64(0.7494937214479114), np.float64(0.22005446947426371)]",0.12610768828992544,0.04100344891377962,0.0112240317777532,0
0.04101259724772773,0.12607942877197492,"[np.float64(5.7051881117461365), 0.1, np.float64(3.7792371002005765), np.float64(3.3191435006140777), np.float64(6.935496840952008), np.float64(0.5778522893867164), np.float64(0.2382311996936193)]",0.12607942877197492,0.04101259724772773,0.01120806101502071,0
0.04142021411808358,0.12483553911582355,"[np.float64(6.183862510693594), np.float64(0.424670790123874), np.float64(3.8530199526939195), np.float64(3.9363173690876136), np.float64(6.684697661994804), np.float64(0.5947649478198667), np.float64(0.253692471610805)]",0.12483553911582355,0.04142021411808358,0.01082119835471792,0
0.040986075929334204,0.12616121710213957,"[np.float64(4.492320737069477), 0.1, np.float64(3.845957488474807), np.float64(6.090207449729899), np.float64(8.799679917374299), np.float64(0.8658533297589672), np.float64(0.04223545168097377)]",0.12616121710213957,0.040986075929334204,0.01125276128392865,0
0.04117142316370175,0.12559181019972163,"[np.float64(5.1464327051390955), np.float64(0.23468531919548918), np.float64(4.139879025965232), np.float64(4.295740641020394), np.float64(7.259881533553874), 1, np.float64(0.4609875491423637)]",0.12559181019972163,0.04117142316370175,0.011012317743200323,0
0.04168110767960527,0.12405219380945919,"[np.float64(4.59652573393425), np.float64(0.791033486356612), np.float64(4.072314203752982), np.float64(4.782319870781773), np.float64(7.954109161486001), 1, np.float64(0.5367861350376018)]",0.12405219380945919,0.04168110767960527,0.010752324062612124,0
0.04592004233337354,0.11933385490003656,"[np.float64(9.036637145008626), np.float64(2.9198641689948572), np.float64(2.154188113810879), np.float64(4.096503628963394), np.float64(2.3737938256244293), np.float64(0.6974531917077519), np.float64(0.2580583704526632)]",0.11933385490003656,0.04592004233337354,0.010539264615735811,0
0.041041624016458236,0.12599108889856822,"[10, 0.1, np.float64(3.260261031711034), np.float64(7.5693244934109), np.float64(5.5981286621551), np.float64(0.8782684369280832), np.float64(0.6508858985876405)]",0.12599108889856822,0.041041624016458236,0.01116239382186663,0
0.0427507827688933,0.12094066534963602,"[np.float64(5.79718228371121), np.float64(2.157864836932492), np.float64(3.816511503964084), np.float64(2.909701600246375), np.float64(6.0191897941592885), 1, np.float64(0.8021485248969451)]",0.12094066534963602,0.0427507827688933,0.01055923738757107,0
0.042177696835051424,0.12258805610522581,"[np.float64(5.81134529804654), np.float64(1.0891007403799569), np.float64(3.5829375739499714), np.float64(4.80578435819922), np.float64(5.660297280378633), np.float64(0.4898761909547441), np.float64(0.7042048663738857)]",0.12258805610522581,0.042177696835051424,0.010603589880917839,0
0.04199362529258329,0.12312674339141161,"[np.float64(6.025685990041683), np.float64(1.0725260373013592), np.float64(3.5745089774780454), np.float64(4.440458645894782), np.float64(7.024591679294711), np.float64(0.26851718887468057), np.float64(0.7511849993365389)]",0.12312674339141161,0.04199362529258329,0.010630472544893273,0
0.0409908025659441,0.12614664565030756,"[np.float64(8.372302337291226), 0.1, np.float64(3.6996032137550423), np.float64(7.189735373867544), np.float64(8.40395564257945), 0, 1]",0.12614664565030756,0.0409908025659441,0.011245470257909453,0
0.04101386980600065,0.12607603125196779,"[np.float64(6.2591493869492245), 0.1, np.float64(3.3484053442844406), np.float64(5.5063576603964535), np.float64(6.87384434122018), 1, np.float64(0.2913185173030508)]",0.12607603125196779,0.04101386980600065,0.011311351876689357,0
0.0410199423868049,0.1260567872009685,"[np.float64(1.1299525595172994), 0.1, np.float64(4.00417274049964), np.float64(9.017951299983741), np.float64(6.541668681754442), np.float64(0.5692317381117039), np.float64(0.593131670424124)]",0.1260567872009685,0.0410199423868049,0.011195830883785198,0
0.04102544726343897,0.12603993751888096,"[np.float64(5.632311638268469), 0.1, np.float64(3.506175584656119), np.float64(5.135367126972298), np.float64(6.273868222479857), np.float64(0.2423351322912218), np.float64(0.4268527551858934)]",0.12603993751888096,0.04102544726343897,0.011186992765965508,0
0.041151169616025794,0.1256540980394404,"[np.float64(5.973754841585064), np.float64(0.20008033267174008), np.float64(3.388404398214848), np.float64(4.610141475315281), np.float64(6.639186832384006), 0, np.float64(0.5432549768003976)]",0.1256540980394404,0.041151169616025794,0.011024309603806185,0
0.04228374755246443,0.12228594804299132,"[np.float64(5.388527309931018), np.float64(1.325322349232235), np.float64(3.0488917557585933), np.float64(4.432762835130274), np.float64(6.17669327623403), np.float64(0.31942123193071636), np.float64(0.26085887443019273)]",0.12228594804299132,0.04228374755246443,0.010592082300036486,0
0.041008820398310934,0.12609109691608258,"[np.float64(7.213967948957745), 0.1, np.float64(3.628395272973018), np.float64(4.432464397329292), np.float64(7.1555786314050795), np.float64(0.05185182236405972), np.float64(0.454928312777664)]",0.12609109691608258,0.041008820398310934,0.011214462963464464,0
0.04102132980248383,0.12605258316701454,"[np.float64(5.955673060460766), 0.1, np.float64(3.552665719030661), np.float64(4.867045713635339), np.float64(6.472953726306018), np.float64(0.27913794420483506), np.float64(0.365023702789417)]",0.12605258316701454,0.04102132980248383,0.011193650985607314,0
0.04159686692134845,0.12430414496830357,"[np.float64(6.010943202813351), np.float64(0.5601292138806662), np.float64(3.5262887534468605), np.float64(4.925898614357033), np.float64(6.339671752186918), 1, np.float64(0.19729831915921048)]",0.12430414496830357,0.04159686692134845,0.010738031872603427,0
0.04264042693330986,0.12125446723282712,"[np.float64(5.446982931975144), np.float64(1.9890264297782398), np.float64(3.609101957324939), np.float64(2.8752100880171025), np.float64(6.291863238090123), 1, np.float64(0.9796776822094544)]",0.12125446723282712,0.04264042693330986,0.010564951610788726,0
0.04100877768028417,0.1260914357524233,"[np.float64(6.176879957894883), 0.1, np.float64(3.4195042355145806), np.float64(3.22470611208992), np.float64(7.162158565214869), 0, np.float64(0.6121857524040275)]",0.1260914357524233,0.04100877768028417,0.011214647440070167,0
0.04100687330527535,0.12609708015210166,"[np.float64(7.287971113497283), 0.1, np.float64(3.711815792147429), np.float64(4.376370820618298), np.float64(7.273405571281111), np.float64(0.02559246611323368), np.float64(0.5290789267505308)]",0.12609708015210166,0.04100687330527535,0.011217759021301196,0
0.04161452004450348,0.12425126065858652,"[np.float64(6.188361876257796), np.float64(0.6372762923069049), np.float64(3.543784543219178), np.float64(4.541630350071572), np.float64(7.060117372012674), np.float64(0.16201470197330475), np.float64(0.8081509164151184)]",0.12425126065858652,0.04161452004450348,0.01073028778653331,0
0.041351907345256074,0.12504228395092165,"[np.float64(6.706151595657427), np.float64(0.3865530534074342), np.float64(3.694655938525361), np.float64(5.71652998047684), np.float64(7.1038349796482265), 0, 1]",0.12504228395092165,0.041351907345256074,0.010862532456066554,0
0.0415247455000922,0.12452057991642126,"[np.float64(6.1038423075475094), np.float64(0.5079604462810301), np.float64(3.5328264567246075), np.float64(5.095979847786522), np.float64(6.522761877684952), 1, np.float64(0.3602448963449073)]",0.12452057991642126,0.0415247455000922,0.010769173308836283,0
0.04305344137806742,0.12008872160893959,"[np.float64(6.286419024703216), np.float64(3.0582430068690436), np.float64(3.4356574042160695), np.float64(6.559410985131057), np.float64(5.843286537244095), np.float64(0.9226899670844093), np.float64(0.03306939517793067)]",0.12008872160893959,0.04305344137806742,0.01057144942245164,0
0.04100635887905941,0.12609866254368413,"[np.float64(7.3005004702675595), 0.1, np.float64(3.737884650353876), np.float64(4.364906460613486), np.float64(7.30515820937377), np.float64(0.0173893304333681), np.float64(0.5540180799320846)]",0.12609866254368413,0.04100635887905941,0.011218637408919702,0
0.04255060079099682,0.12151127293284092,"[np.float64(5.381330837209433), np.float64(1.9336119778943228), np.float64(3.397079840627054), np.float64(4.974756182162278), np.float64(6.779808005142563), np.float64(0.1671896466701195), np.float64(0.47760432941614295)]",0.12151127293284092,0.04255060079099682,0.010570363415082574,0
0.04307278614805859,0.12003434976731311,"[np.float64(4.170959811557524), np.float64(2.789960437493554), np.float64(3.687128233376864), np.float64(3.474921153442718), np.float64(5.1255894700194276), np.float64(0.009961796800132983), np.float64(0.8337790402860823)]",0.12003434976731311,0.04307278614805859,0.01054668027605245,0
0.041013094525389295,0.1260785869989481,"[np.float64(6.2792036905250495), 0.1, np.float64(3.319790196867286), np.float64(5.562446286571548), np.float64(6.920284418858548), 1, np.float64(0.2740286845458958)]",0.1260785869989481,0.041013094525389295,0.011319731259815606,0
0.041023160907313366,0.12604710891996707,"[np.float64(6.031384314539624), 0.1, np.float64(3.4213768351364213), np.float64(5.143398132733218), np.float64(6.385398875052713), np.float64(0.1172907125931884), np.float64(0.43750131434125916)]",0.12604710891996707,0.041023160907313366,0.011190755333037839,0
0.041639430195327884,0.12417674929513808,"[np.float64(5.999521634487929), np.float64(0.5976408545312966), np.float64(3.5436015261896614), np.float64(4.893299131876651), np.float64(6.312988730742196), 1, np.float64(0.20891987419075075)]",0.12417674929513808,0.041639430195327884,0.010721825813164887,0
0.04331551326667138,0.11936007901921908,"[np.float64(7.2822365167821435), np.float64(4.113340556383065), np.float64(3.7744862712063725), np.float64(1.8705320937737466), np.float64(4.2223945474560045), np.float64(0.7782802310780971), np.float64(0.4674220358945004)]",0.11936007901921908,0.04331551326667138,0.010539504892717853,0
0.041009650075217036,0.12608850921070655,"[np.float64(6.700891651679102), 0.1, np.float64(3.8314821114941013), np.float64(4.434161282678076), np.float64(7.105686791364209), np.float64(0.16428128215568227), np.float64(0.5591852114665051)]",0.12608850921070655,0.041009650075217036,0.011213051467724782,0
0.04103156979920285,0.12602216563193636,"[np.float64(5.6153966624788545), 0.1, np.float64(3.2448173744164253), np.float64(5.410562188612975), np.float64(6.011969831880114), np.float64(0.17293950401538316), np.float64(0.3238136503945305)]",0.12602216563193636,0.04103156979920285,0.011177822575420356,0
0.04282977144691276,0.12071742898890604,"[np.float64(5.03414881641212), np.float64(2.710087255260164), np.float64(3.3526182538115754), np.float64(5.10038334172135), np.float64(6.978708008927139), np.float64(0.2071231100979306), np.float64(0.4002955371254799)]",0.12071742898890604,0.04282977144691276,0.010555978999969821,0
0.041013875567957374,0.126075815415901,"[np.float64(6.793073184273977), 0.1, np.float64(3.3958912738963036), np.float64(4.600579559383927), np.float64(6.869764064320115), 1, 0]",0.126075815415901,0.041013875567957374,0.011211531078146802,0
0.04193206914014278,0.12330790642139348,"[np.float64(6.001260922019697), np.float64(0.8950238882044823), np.float64(3.717539067254193), np.float64(4.784339053918193), np.float64(6.276381319720681), np.float64(0.8157774326439237), np.float64(0.5156789238163663)]",0.12330790642139348,0.04193206914014278,0.01064176493927686,0
0.04238083871568464,0.12199910318720873,"[np.float64(6.243794495137014), np.float64(1.4963966169007987), np.float64(3.4590880278995866), np.float64(5.558436911182293), np.float64(6.265716447235606), np.float64(0.604436631627551), np.float64(0.24633474953457107)]",0.12199910318720873,0.04238083871568464,0.010582869610053454,0
0.04227451130682023,0.12230660092516098,"[np.float64(5.809958253612879), np.float64(1.4400116243550296), np.float64(3.6383712729381963), np.float64(3.9782536953677), np.float64(6.811580727549756), 1, np.float64(0.11949487505638545)]",0.12230660092516098,0.04227451130682023,0.010593044742213509,0
0.04144556440935711,0.1247598292263041,"[np.float64(4.811639728550696), np.float64(0.3831068074043391), np.float64(3.2787815653175367), np.float64(5.698142762776817), np.float64(5.657765324326988), np.float64(0.2761786156300973), np.float64(0.3692298445969133)]",0.1247598292263041,0.04144556440935711,0.010807429711544327,0
0.04123461263610929,0.12539891599496847,"[np.float64(5.917204638929278), np.float64(0.26709733096639565), np.float64(3.5760006487417257), np.float64(4.567691880944671), np.float64(6.669246776319737), np.float64(0.029937919884141295), np.float64(0.49744891375899164)]",0.12539891599496847,0.04123461263610929,0.010947922615254301,0
0.042150294000332246,0.1226679898616662,"[np.float64(6.0720568259564), np.float64(1.3086350280150896), np.float64(3.5178745087306513), np.float64(4.138061872887187), np.float64(7.136054143399518), np.float64(0.4073402384077064), np.float64(0.6653740116237269)]",0.1226679898616662,0.042150294000332246,0.010607026288052122,0
0.04100183432702932,0.12611261908544485,"[np.float64(7.3375385806444156), 0.1, np.float64(3.69653070598374), np.float64(6.274800422854357), np.float64(7.596515050529742), 0, 1]",0.12611261908544485,0.04100183432702932,0.011226399701319854,0
0.042268778895584606,0.12232320236268694,"[np.float64(5.836493248709482), np.float64(1.2556163302266252), np.float64(3.8621099618961465), np.float64(4.381922170247101), np.float64(5.915678903336467), np.float64(0.8582646516370308), np.float64(0.4995440473389845)]",0.12232320236268694,0.042268778895584606,0.01059331042732105,0
0.0410138678047158,0.12607627127856433,"[np.float64(6.2344677059355895), 0.1, np.float64(3.29402941330199), np.float64(3.6405064748016276), np.float64(6.878036071757993), np.float64(0.29357804959237266), np.float64(0.36220545534755066)]",0.12607627127856433,0.0410138678047158,0.011206370004156765,0
0.04229713668532844,0.12224100565200544,"[np.float64(6.093704410433553), np.float64(1.4310521824750957), np.float64(3.671296506246208), np.float64(4.249057380062559), np.float64(6.587582727363681), np.float64(0.710218481315906), np.float64(0.430335238461948)]",0.12224100565200544,0.04229713668532844,0.010590504442002857,0
0.041352314153740716,0.1250410526751166,"[np.float64(5.843298520859539), np.float64(0.3647397345326968), np.float64(3.6838758475557305), np.float64(4.622071854513024), np.float64(6.667929567581538), np.float64(0.12516360567173107), np.float64(0.6574700097167456)]",0.1250410526751166,0.041352314153740716,0.01086227610682136,0
0.043074219980580725,0.12003136318657784,"[np.float64(4.450811494038373), np.float64(3.813058233896414), np.float64(3.225077016305425), np.float64(5.145502937836758), np.float64(7.176405402521624), np.float64(0.3425565247354816), np.float64(0.20097771765216715)]",0.12003136318657784,0.043074219980580725,0.010546690724445753,0
0.041002890844540556,0.12610935188438277,"[np.float64(7.087295878258182), 0.1, np.float64(3.769931706898308), np.float64(5.8678710821000415), np.float64(7.526431425378891), 0, np.float64(0.8280873244863256)]",0.12610935188438277,0.041002890844540556,0.011224546191451945,0
0.04100193187841522,0.12611231319796468,"[np.float64(7.911526144948175), 0.1, np.float64(3.730294264961466), np.float64(4.01644224690113), np.float64(7.589903144991425), np.float64(0.01960981527881589), np.float64(0.4442508408772604)]",0.12611231319796468,0.04100193187841522,0.011226191750531956,0
0.040992917758387364,0.12614012009619466,"[np.float64(8.158592942960658), 0.1, np.float64(3.698968649806834), np.float64(7.000774180573996), np.float64(8.23719522139497), 0, 1]",0.12614012009619466,0.040992917758387364,0.011241803453469692,0
0.04143438244721648,0.12479281796219001,"[np.float64(6.193362458104819), np.float64(0.43264126293409877), np.float64(3.53795673423895), np.float64(4.884691371953059), np.float64(6.609279672528285), np.float64(0.30038373821116937), np.float64(0.4778652577059657)]",0.12479281796219001,0.04143438244721648,0.010813341510599312,0
0.04098535818295951,0.12616353647743997,"[np.float64(4.7272479580876094), 0.1, np.float64(3.541925644491442), np.float64(5.897820336463333), np.float64(8.865775699900967), 1, 0]",0.12616353647743997,0.04098535818295951,0.011257066782819526,0
0.04099259156798049,0.1261411155214995,"[np.float64(7.984528968672932), 0.1, np.float64(3.7937306324079056), np.float64(6.6082778200956795), np.float64(8.262238733545292), 0, np.float64(0.8314178507022464)]",0.1261411155214995,0.04099259156798049,0.01124231247289656,0
0.04103305674268986,0.12601799182720463,"[np.float64(5.560032107698694), 0.1, np.float64(3.212207919238191), np.float64(5.447620013875516), np.float64(5.953266583276326), np.float64(0.1832116294711849), np.float64(0.2992364940947347)]",0.12601799182720463,0.04103305674268986,0.011175825322261634,0
0.040977572178363744,0.12618747779375383,"[np.float64(9.913721466377636), 0.1, np.float64(3.704180125366538), np.float64(8.55265345666896), np.float64(9.606746488501097), 0, 1]",0.12618747779375383,0.040977572178363744,0.011268522899905384,0
0.04139591467268808,0.12490908496522796,"[np.float64(6.34014415999227), np.float64(0.33732330829472845), np.float64(3.5275957285529307), np.float64(4.16751899234595), np.float64(5.509682517304376), 0, np.float64(0.19473875595806295)]",0.12490908496522796,0.04139591467268808,0.010835314101957606,0
0.04123245770416415,0.1254055407398777,"[np.float64(5.962917380762779), np.float64(0.2651296658572859), np.float64(3.50238506970659), np.float64(4.629386564615736), np.float64(6.6634552894667305), 0, np.float64(0.5439824316702617)]",0.1254055407398777,0.04123245770416415,0.010949713241204629,0
0.04099716417851001,0.12612701130828807,"[np.float64(7.567142758673806), 0.1, np.float64(3.7826595479521252), np.float64(6.263846071499601), np.float64(7.919946605751312), 0, np.float64(0.8298685144936104)]",0.12612701130828807,0.04099716417851001,0.011234389337358385,0
0.04323400717831427,0.1195857378706676,"[np.float64(3.842005092107317), np.float64(5.65207294790169), np.float64(3.4732169019998436), np.float64(5.812627633439954), np.float64(8.053716711413538), np.float64(0.3001527189273827), np.float64(0.24477505883294526)]",0.1195857378706676,0.04323400717831427,0.010541878564382174,0
0.04249307953168206,0.1216759243100021,"[np.float64(5.664336553394076), np.float64(1.5116892780072528), np.float64(3.9428537281699123), np.float64(4.006822689998801), np.float64(5.554995531966044), 1, np.float64(0.3598317456004564)]",0.1216759243100021,0.04249307953168206,0.010574571872177096,0
0.042368172119287895,0.12203593567636097,"[np.float64(6.282914144332213), np.float64(1.455359111394242), np.float64(3.3414151289485883), np.float64(5.517082455445944), np.float64(6.171800533060338), np.float64(0.7602113527890987), np.float64(0.08971238159535327)]",0.12203593567636097,0.042368172119287895,0.010583935429518302,0
0.04157360004612624,0.12437380757429581,"[np.float64(6.1143374530318715), np.float64(0.5714993299537896), np.float64(3.7261928298445803), np.float64(4.997844455268208), np.float64(6.755193918380118), 0, np.float64(0.7550930578661379)]",0.12437380757429581,0.04157360004612624,0.010746562107444775,0
0.040991512763561395,0.1261444435556739,"[np.float64(8.087876293471252), 0.1, np.float64(3.7964718992099966), np.float64(6.693561183417833), np.float64(8.346992313945341), 0, np.float64(0.831801475624536)]",0.1261444435556739,0.040991512763561395,0.011244194408767715,0
0.04301945118477492,0.12020926377490301,"[np.float64(4.611087003796543), np.float64(3.2318308774288713), np.float64(2.8778151389521165), np.float64(4.821145664579913), np.float64(6.617653698707253), np.float64(0.3236532132524963), np.float64(0.1368671525285723)]",0.12020926377490301,0.04301945118477492,0.010548885336128879,0
0.042784533146755094,0.12084503284219186,"[np.float64(5.370651672912732), np.float64(2.508171321094795), np.float64(3.740353960106559), np.float64(4.324552221889368), np.float64(6.792371790669015), np.float64(0.548489627139826), np.float64(0.6116038026078883)]",0.12084503284219186,0.042784533146755094,0.010557695074196226,0
0.040974695455253035,0.12619635951655245,"[10, 0.1, np.float64(3.70533997045986), np.float64(8.898033482572538), np.float64(9.911548324182315), 0, 1]",0.12619635951655245,0.040974695455253035,0.011273518069129214,0
0.041250627302752516,0.12535031787798323,"[np.float64(6.153232536109041), np.float64(0.27915268111360136), np.float64(3.4191639422688818), np.float64(5.261981179728772), np.float64(6.647083336294989), 1, np.float64(0.242199651851789)]",0.12535031787798323,0.041250627302752516,0.010943613773255647,0
0.04257742612502032,0.12143444313628463,"[np.float64(6.256818066280142), np.float64(1.8229408173452595), np.float64(3.4421021401154555), np.float64(5.766178059501094), np.float64(6.166665793231239), np.float64(0.6877477271447122), np.float64(0.18516935784677524)]",0.12143444313628463,0.04257742612502032,0.01056861878294998,0
0.04283271763988156,0.12070977351662524,"[np.float64(4.926838773457167), np.float64(2.6554355929224087), np.float64(3.2263498962000168), np.float64(4.887252873494914), np.float64(6.8046595372760645), np.float64(0.3106394919655025), np.float64(0.27232903491894234)]",0.12070977351662524,0.04283271763988156,0.010555536016209377,0
0.04099046432797909,0.12614767807361885,"[np.float64(8.190203117880506), 0.1, np.float64(3.7991860974465146), np.float64(6.778002418454411), np.float64(8.430908997387082), 0, np.float64(0.8321813124528115)]",0.12614767807361885,0.04099046432797909,0.011246042493522398,0
0.04132324216631784,0.12512934335044984,"[np.float64(6.337672525872073), np.float64(0.2878193092632433), np.float64(3.4936245846504193), np.float64(4.209390629587258), np.float64(5.566531093385975), 0, np.float64(0.23851253654570595)]",0.12512934335044984,0.04132324216631784,0.010881593797557251,0
0.042288781195118016,0.1222652032499754,"[np.float64(5.739532093576512), np.float64(1.2470296057288386), np.float64(3.8185632312117788), np.float64(4.228097612771191), np.float64(5.733041629039931), 1, np.float64(0.2653059463011965)]",0.1222652032499754,0.042288781195118016,0.01059179067470505,0
0.04251901362276982,0.12160153492971541,"[np.float64(5.457746786317268), np.float64(1.797257669910931), np.float64(3.75370355380019), np.float64(3.126323701235092), np.float64(6.5004476614573115), 1, np.float64(0.9411796459736049)]",0.12160153492971541,0.04251901362276982,0.01057244286829052,0
0.041311078381888564,0.12516620410260035,"[np.float64(5.959831355682914), np.float64(0.33076901438341305), np.float64(3.6052634189241166), np.float64(4.659577554792369), np.float64(6.687069145746353), np.float64(0.01667082013806076), np.float64(0.5527686853344141)]",0.12516620410260035,0.041311078381888564,0.010889977848293151,0
0.04099027974511993,0.12614824754561593,"[np.float64(8.208415010335164), 0.1, np.float64(3.7996691641953313), np.float64(6.793031074919643), np.float64(8.445844295367992), 0, np.float64(0.8322489149363911)]",0.12614824754561593,0.04099027974511993,0.011246340830330985,0
0.04097598363147298,0.12619238219238152,"[10, 0.1, np.float64(3.70481223486046), np.float64(8.74088375969968), np.float64(9.772861890642538), 0, 1]",0.12619238219238152,0.04097598363147298,0.011271283414239977,0
0.04197531017866019,0.123180565663438,"[np.float64(5.936216538756755), np.float64(0.9267096799767129), np.float64(3.7101415334947396), np.float64(4.667074210597596), np.float64(6.148838206930504), 1, np.float64(0.3966624391918918)]",0.123180565663438,0.04197531017866019,0.010634274256356255,0
0.04290624241147563,0.12050820669332438,"[np.float64(4.770368895262218), np.float64(2.843071978696953), np.float64(3.059722715903907), np.float64(4.782373855839124), np.float64(6.678116625901251), np.float64(0.35809183197066025), np.float64(0.173839598998922)]",0.12050820669332438,0.04290624241147563,0.01055743667648488,0
0.040973887112386274,0.12619884249178343,"[10, 0.1, np.float64(3.8506240478228415), np.float64(8.378284961965004), 10, 0, np.float64(0.8393797652633177)]",0.12619884249178343,0.040973887112386274,0.011274882420314526,0
0.041501130075765384,0.12459442036029271,"[np.float64(4.612303384269325), np.float64(0.4102550290519933), np.float64(3.1434370111398775), np.float64(6.00136879871919), np.float64(5.432024465264783), np.float64(0.2051018867815675), np.float64(0.3859812580005726)]",0.12459442036029271,0.041501130075765384,0.010779465770045791,0
0.04098736929761495,0.12615723901404893,"[np.float64(8.736678063043724), 0.1, np.float64(3.7006851488748773), np.float64(7.511915276913324), np.float64(8.6882831036451), 0, 1]",0.12615723901404893,0.04098736929761495,0.0112514648323014,0
0.04213639795001493,0.1227090489855659,"[np.float64(6.287639751403567), np.float64(1.1338668590608334), np.float64(3.3065549549755895), np.float64(5.30599056798585), np.float64(6.223523718782907), np.float64(0.7497659571327612), np.float64(0.07918799901485862)]",0.1227090489855659,0.04213639795001493,0.010608783745987027,0
0.04146910203895829,0.12468803806380045,"[np.float64(5.931720848162655), np.float64(0.45555844331766515), np.float64(3.6015387196921567), np.float64(4.560408085341974), np.float64(6.486816168527407), np.float64(0.14638720336644911), np.float64(0.662107102392942)]",0.12468803806380045,0.04146910203895829,0.010794896240322188,0
0.04098605428858549,0.12616128527160067,"[np.float64(8.642233331275932), 0.1, np.float64(3.81117610705674), np.float64(7.151022784456371), np.float64(8.801612149200867), 0, np.float64(0.8338592470856123)]",0.12616128527160067,0.04098605428858549,0.011253711213454781,0
0.04102229066483687,0.1260497056511196,"[np.float64(6.019525176737224), 0.1, np.float64(3.468876893255886), np.float64(5.142362748037103), np.float64(6.426664122514726), np.float64(0.10235326249250587), np.float64(0.48872781105939006)]",0.1260497056511196,0.04102229066483687,0.011192129933226333,0
0.04122223322716665,0.12543735786248875,"[np.float64(6.7311410341543505), np.float64(0.28631250990044066), np.float64(3.2948834638010345), np.float64(3.866410917253788), np.float64(7.488495472854455), np.float64(0.32395120037011893), np.float64(0.686196379822638)]",0.12543735786248875,0.04122223322716665,0.010958439101193877,0
0.04134901491166037,0.12505112430825255,"[np.float64(6.2788892522722595), np.float64(0.37224908937349177), np.float64(3.5233505636279165), np.float64(5.430520509790826), np.float64(6.872773033230667), np.float64(0.546025658962732), np.float64(0.6291981556032306)]",0.12505112430825255,0.04134901491166037,0.010864379887946784,0
0.04284977504344708,0.12066123173952804,"[np.float64(6.303836971585663), np.float64(2.3858665628914455), np.float64(3.3406009752891963), np.float64(6.11510968125298), np.float64(5.931797946697146), np.float64(0.9315781674686128), 0]",0.12066123173952804,0.04284977504344708,0.010555879636690474,0
0.04101964404629115,0.12605770617675674,"[np.float64(1.6196229454874391), 0.1, np.float64(4.024465752153081), np.float64(8.321017449747668), np.float64(6.556864224580856), np.float64(0.6631519078842408), np.float64(0.4911313817589561)]",0.12605770617675674,0.04101964404629115,0.011196267052979814,0
0.04130617407096245,0.12518108829116809,"[np.float64(5.9265898216928035), np.float64(0.32676746582092997), np.float64(3.6506759426741184), np.float64(4.611865112519649), np.float64(6.689354762946011), np.float64(0.10180856127011761), np.float64(0.5179411434107534)]",0.12518108829116809,0.04130617407096245,0.010893424909268506,0
0.043118463333289,0.11990759456025464,"[np.float64(4.324252122783715), np.float64(4.163748837893447), np.float64(3.261723495716882), np.float64(5.25638958274611), np.float64(7.33058872082151), np.float64(0.3428175332582251), np.float64(0.19870497291036718)]",0.11990759456025464,0.043118463333289,0.010545285524458138,0
0.04097846996938943,0.12618469365302823,"[np.float64(9.511839058281668), 0.1, np.float64(3.834242222362588), np.float64(7.868631114502483), np.float64(9.514762673841457), 0, np.float64(0.8370872206214174)]",0.12618469365302823,0.04097846996938943,0.011266961735458334,0
0.04308587014189732,0.1200040805926543,"[np.float64(4.453567343633626), np.float64(3.7558870560457063), np.float64(3.0278615531140596), np.float64(5.053096771388491), np.float64(6.9520920699014095), np.float64(0.3143060918854426), np.float64(0.17027299471208984)]",0.1200040805926543,0.04308587014189732,0.010546383315750786,0
0.04296164695786403,0.12034579546106637,"[np.float64(6.262792240599409), np.float64(2.7531511362588366), np.float64(3.4852117355439596), np.float64(6.369604198335032), np.float64(5.965734633691022), np.float64(0.7981117169537963), np.float64(0.13641264493454405)]",0.12034579546106637,0.04296164695786403,0.010567198643993374,0
0.04122653987647857,0.125423495292935,"[np.float64(5.832117627479165), np.float64(0.2608662117796837), np.float64(3.6982369722798776), np.float64(4.447668156838213), np.float64(6.676519299213575), np.float64(0.25443364773439003), np.float64(0.4090326887894502)]",0.125423495292935,0.04122653987647857,0.010954612071437147,0
0.04099042769468221,0.12614779109365137,"[np.float64(8.193812818086261), 0.1, np.float64(3.7992818440114), np.float64(6.780981183262617), np.float64(8.433869258015072), 0, np.float64(0.8321947116478428)]",0.12614779109365137,0.04099042769468221,0.01124608192331553,0
0.04278871886445985,0.12083318840413736,"[np.float64(4.865530633248172), np.float64(2.1314948128841116), np.float64(3.689190611609244), np.float64(4.089058551120853), np.float64(5.667572769960007), 0, np.float64(0.8859578851508527)]",0.12083318840413736,0.04278871886445985,0.010557519087744204,0
0.041327569779579694,0.12511632404320897,"[np.float64(6.231738531021415), np.float64(0.336986719392379), np.float64(3.418907356835995), np.float64(4.808053870016497), np.float64(6.528186495496934), np.float64(0.448076225126632), np.float64(0.32568921640392867)]",0.12511632404320897,0.041327569779579694,0.010878664203663539,0
0.04098651424484314,0.12615995919080691,"[np.float64(4.827265189410712), 0.1, np.float64(3.5529784367395116), np.float64(5.93733544768558), np.float64(8.764096050238912), 1, np.float64(0.08612591896561395)]",0.12615995919080691,0.04098651424484314,0.01125564218745503,0
0.042124285515522115,0.12275163006127617,"[np.float64(5.4740434116666385), np.float64(1.0904286315441247), np.float64(3.0259116261009127), np.float64(4.359871210604406), np.float64(6.075178311497359), np.float64(0.31884861767143974), np.float64(0.2631990099109354)]",0.12275163006127617,0.042124285515522115,0.01061081518989328,0
0.04098726081075297,0.12615756224755761,"[np.float64(8.514960032257349), 0.1, np.float64(3.8078002086474387), np.float64(7.045995440762737), np.float64(8.697237238653342), 0, np.float64(0.8333868090274348)]",0.12615756224755761,0.04098726081075297,0.011251624645370576,0
0.04100808732214403,0.126093330577114,"[np.float64(7.009254345260793), 0.1, np.float64(3.7715826680699083), np.float64(4.526048429288361), np.float64(7.1991578784978), np.float64(0.006869539716319595), np.float64(0.6375262409311182)]",0.126093330577114,0.04100808732214403,0.011215699242960802,0
0.04190215707899969,0.12339615384090895,"[np.float64(6.15201119738535), np.float64(0.9118881122303657), np.float64(3.693010538143731), np.float64(5.226560733979021), np.float64(6.671431497804798), 0, np.float64(0.9826032777895225)]",0.12339615384090895,0.04190215707899969,0.010647930751744812,0
0.04211594815549776,0.12276819559348236,"[np.float64(5.939024555898477), np.float64(1.0926666097363025), np.float64(3.8079391477896336), np.float64(4.609244290459857), np.float64(6.131891927840855), np.float64(0.6882744000274337), np.float64(0.5721248586769467)]",0.12276819559348236,0.04211594815549776,0.010611539028882318,0
0.04099402130122562,0.12613674400859587,"[np.float64(5.303477709580184), 0.1, np.float64(3.60252126221052), np.float64(5.813605632471484), np.float64(8.153284738725581), np.float64(0.6758519764095329), np.float64(0.39960004590001924)]",0.12613674400859587,0.04099402130122562,0.011239634998252885,0
0.041047830306788206,0.125971067802151,"[np.float64(7.247827129900626), 0.1, np.float64(3.4766627496996), np.float64(3.90679501003376), np.float64(5.357432499981748), np.float64(0.1007361111769336), np.float64(0.7304238787341858)]",0.125971067802151,0.041047830306788206,0.011152119072783573,0
0.04099495149127137,0.12613383594385824,"[np.float64(7.765063258167008), 0.1, np.float64(3.7879093490067026), np.float64(6.427172271767683), np.float64(8.082258218551644), 0, np.float64(0.8306031947224968)]",0.12613383594385824,0.04099495149127137,0.011238251865501633,0
0.04114242227472222,0.12568119737598896,"[np.float64(5.922866105833094), np.float64(0.19655850561248922), np.float64(3.313291006934829), np.float64(4.07171563963156), np.float64(6.761743695941016), np.float64(0.15333813081775038), np.float64(0.17583729215015576)]",0.12568119737598896,0.04114242227472222,0.01103351432675056,0
0.04132534151306261,0.12512296548997548,"[np.float64(6.248959428130301), np.float64(0.3490548751517699), np.float64(3.4979405149361336), np.float64(5.39075992170169), np.float64(6.819153478033124), np.float64(0.7609787195059541), np.float64(0.535981935548234)]",0.12512296548997548,0.04132534151306261,0.010879990073441639,0
0.04100734598157523,0.12609605133122934,"[np.float64(6.186444750315654), 0.1, np.float64(3.353513523896758), np.float64(2.843044507483002), np.float64(7.252895219579447), 0, np.float64(0.5890266794973935)]",0.12609605133122934,0.04100734598157523,0.011217185969147583,0
0.041284661059064955,0.12524646286833924,"[np.float64(5.80914710714355), np.float64(0.309147922346084), np.float64(3.8059145254646505), np.float64(4.4414703107352915), np.float64(6.696195452073286), np.float64(0.39689648699049185), np.float64(0.39426102345653036)]",0.12524646286833924,0.041284661059064955,0.010908952158347293,0
0.040981620487826984,0.12617496877038087,"[np.float64(9.135245017192185), 0.1, np.float64(3.8242531419029007), np.float64(7.557861517961224), np.float64(9.205923587760193), 0, np.float64(0.8356893048066671)]",0.12617496877038087,0.040981620487826984,0.011261455104353103,0
0.0417456550572997,0.12385992645545772,"[np.float64(6.103508030345536), np.float64(0.71968043597435), np.float64(3.656035073572883), np.float64(5.015859273685313), np.float64(6.493718694362116), np.float64(0.6762714454684358), np.float64(0.5749828804666829)]",0.12385992645545772,0.0417456550572997,0.010686525530219005,0
0.0410224209333409,0.12604915161669591,"[0.1, 0.1, np.float64(3.994834366198628), 10, np.float64(6.417819796359775), np.float64(0.7285278419680278), np.float64(0.4995607488982704)]",0.12604915161669591,0.0410224209333409,0.011191629125395163,0
0.040974688483253044,0.12619654254180002,"[np.float64(4.066877629763258), 0.1, np.float64(3.4782172866376153), np.float64(6.574538808127894), np.float64(9.91798505970226), 1, 0]",0.12619654254180002,0.040974688483253044,0.011270858030826465,0
0.04131671970254249,0.12514903267883418,"[np.float64(5.808202110625101), np.float64(0.33640049429190566), np.float64(3.848108319965956), np.float64(4.454466642514253), np.float64(6.705962133864088), np.float64(0.4441515954162957), np.float64(0.3982539104652307)]",0.12514903267883418,0.04131671970254249,0.010886069084924219,0
0.040974244448799234,0.12619773918483004,"[10, 0.1, np.float64(3.84865964527537), np.float64(8.317170569145155), np.float64(9.96051578735377), 0, np.float64(0.83910485813861)]",0.12619773918483004,0.040974244448799234,0.0112742581994892,0
0.042105099195847734,0.122815098967803,"[np.float64(3.721344463356608), np.float64(0.8601430791466174), np.float64(2.9537964324074557), np.float64(6.542532137706949), np.float64(4.8184968829967), np.float64(0.26499503320202733), np.float64(0.33793924216660254)]",0.122815098967803,0.042105099195847734,0.01061384599809655,0
0.04308794752815296,0.11999207976643515,"[np.float64(4.507994511350268), np.float64(4.10157062152077), np.float64(3.498042628410169), np.float64(5.509495420661718), np.float64(7.585431511415793), np.float64(0.23330546512745823), np.float64(0.3687489230450385)]",0.11999207976643515,0.04308794752815296,0.010546228613367997,0
0.040978366333251456,0.12618502610062746,"[np.float64(9.809806368827454), 0.1, np.float64(3.7038715718994037), np.float64(8.460772045017375), np.float64(9.525660088489637), 0, 1]",0.12618502610062746,0.040978366333251456,0.011267128407619132,0
0.04279937071611877,0.1208031093585977,"[np.float64(6.247921386178982), np.float64(2.3067044187478523), np.float64(3.4998074783483615), np.float64(6.084485449190073), np.float64(6.093496249694685), np.float64(0.6961809162075201), np.float64(0.2082055138695104)]",0.1208031093585977,0.04279937071611877,0.010557342188700065,0
0.041294506795769174,0.1252165205109222,"[np.float64(5.741757902884077), np.float64(0.3178017188964702), np.float64(3.923036566799263), np.float64(4.35353800828307), np.float64(6.706772737453475), np.float64(0.596960776473576), np.float64(0.32670938558647306)]",0.1252165205109222,0.041294506795769174,0.010901723053759978,0
0.04250575474875995,0.1216464478081958,"[np.float64(5.22169318220772), np.float64(1.7122118271085993), np.float64(3.032223550887196), np.float64(4.504750930809223), np.float64(6.28270294330866), np.float64(0.33421469376485574), np.float64(0.22852865460822802)]",0.1216464478081958,0.04250575474875995,0.01057352082846402,0
0.04098939745633258,0.12615096964000447,"[np.float64(8.296294992970711), 0.1, np.float64(3.802000162887724), np.float64(6.865550615241347), np.float64(8.517913342035545), 0, np.float64(0.83257512513656)]",0.12615096964000447,0.04098939745633258,0.011247868082065154,0
0.041655917643998945,0.1241274154099902,"[np.float64(6.413561711634375), np.float64(0.663933523074574), np.float64(3.693787155977953), np.float64(5.457822899284628), np.float64(6.8755230121428115), 0, 1]",0.1241274154099902,0.041655917643998945,0.01071516637016451,0
0.043182065497784264,0.11972986415288507,"[np.float64(6.241800402120497), np.float64(3.7524763013676345), np.float64(3.6120986387549117), np.float64(7.028119240051586), np.float64(5.821407174828421), np.float64(0.8048711799650873), np.float64(0.19453624383719975)]",0.11972986415288507,0.043182065497784264,0.010544304100012345,0
0.04272211761063959,0.12102214469713504,"[np.float64(5.140974759613872), np.float64(2.3952269994229365), np.float64(3.4514395399833067), np.float64(5.027419722031815), np.float64(6.973428787541732), np.float64(0.2463542172681301), np.float64(0.4057857325940646)]",0.12102214469713504,0.04272211761063959,0.010560622827779058,0
0.040986227825024694,0.12616074976813907,"[np.float64(8.623753686466578), 0.1, np.float64(3.810685938231092), np.float64(7.135773175766297), np.float64(8.78645727155725), 0, np.float64(0.8337906507061921)]",0.12616074976813907,0.040986227825024694,0.011253396732269223,0
0.04171920425919578,0.12394030669272492,"[np.float64(4.61351961786233), np.float64(0.592573348130621), np.float64(3.1999006064195137), np.float64(5.991373643674082), np.float64(5.488400831847159), np.float64(0.18734146774419003), np.float64(0.4443207840186315)]",0.12394030669272492,0.04171920425919578,0.01069464386806598,0
0.04100399242554244,0.126105964744372,"[np.float64(7.156193967757596), 0.1, np.float64(3.695992242272773), np.float64(6.114456070394842), np.float64(7.455009319725203), 0, 1]",0.126105964744372,0.04100399242554244,0.011222697032118596,0
0.042112220599033,0.12277909340097223,"[np.float64(5.862416069482024), np.float64(1.0647620841617933), np.float64(3.7612291364352233), np.float64(4.495646779898238), np.float64(5.990425206849651), 1, np.float64(0.3655557839384398)]",0.12277909340097223,0.042112220599033,0.010612588993989433,0
0.041017576504607606,0.1260640764731802,"[np.float64(2.8053119160946824), 0.1, np.float64(4.025498758523537), np.float64(7.321910251449047), np.float64(6.663969632767904), np.float64(0.4836559685316305), np.float64(0.6137936021201439)]",0.1260640764731802,0.041017576504607606,0.011199739200294614,0
0.04098627942526173,0.1261605905396094,"[np.float64(8.618270208463635), 0.1, np.float64(3.81054049009067), np.float64(7.131248148653047), np.float64(8.78196035405405), 0, np.float64(0.8337702960542757)]",0.1261605905396094,0.04098627942526173,0.011253332784159641,0
0.041400944965585676,0.12489380222895258,"[np.float64(5.892871266038575), np.float64(0.4116134053059275), np.float64(3.6946469544637357), np.float64(4.8352083702346755), np.float64(6.753679955956556), 0, np.float64(0.7668276569731008)]",0.12489380222895258,0.041400944965585676,0.010832340819453662,0
0.04102335043828404,0.12604642933972454,"[np.float64(5.893168318827129), 0.1, np.float64(3.4774267821312743), np.float64(5.213273709485695), np.float64(6.374677926240027), np.float64(0.09969851073429276), np.float64(0.5186643129232751)]",0.12604642933972454,0.04102335043828404,0.011190401104580123,0
0.04317057771229677,0.11976360076237451,"[np.float64(4.169639576851622), np.float64(4.559218997063527), np.float64(3.1583135470886585), np.float64(5.327287621393896), np.float64(7.35406310368149), np.float64(0.32004822293525226), np.float64(0.17416058918995211)]",0.11976360076237451,0.04317057771229677,0.010543723537119782,0
0.04252363238098008,0.1215883106811167,"[np.float64(5.699962681177105), np.float64(1.921465650940843), np.float64(3.639025995312153), np.float64(4.258625839307259), np.float64(6.947113602999115), np.float64(0.47117141307078003), np.float64(0.6435132800176576)]",0.1215883106811167,0.04252363238098008,0.010572136509482064,0
0.040986387692684784,0.1261602680854336,"[np.float64(8.84507484946558), 0.1, np.float64(3.701007009750392), np.float64(7.607759384167573), np.float64(8.772866627993086), 0, 1]",0.1261602680854336,0.040986387692684784,0.011253163685820805,0
0.041557777341434864,0.1244212796829796,"[np.float64(6.092493694480723), np.float64(0.5560034001964352), np.float64(3.7368037546909347), np.float64(4.959743536354206), np.float64(6.7521345411204035), np.float64(0.01974052958650807), np.float64(0.7298643281174396)]",0.1244212796829796,0.041557777341434864,0.010753234915504013,0
0.0424727932727771,0.12174609864275289,"[np.float64(5.228781904305262), np.float64(1.6265906368185696), np.float64(2.973313822960482), np.float64(4.433624539831708), np.float64(6.1889788903106355), np.float64(0.34684386540705037), np.float64(0.20298734626830242)]",0.12174609864275289,0.0424727932727771,0.01057599741441488,0
0.04100012146138137,0.1261178912609049,"[np.float64(7.31375803505507), 0.1, np.float64(3.7759385696165126), np.float64(6.05475017582131), np.float64(7.712149620321132), 0, np.float64(0.8289279512511916)]",0.1261178912609049,0.04100012146138137,0.01122931816333966,0
0.041002875098750564,0.12610940985360672,"[np.float64(7.249304313571312), 0.1, np.float64(3.6962687133602685), np.float64(6.196783953584291), np.float64(7.527664621253551), 0, 1]",0.12610940985360672,0.041002875098750564,0.01122460756825427,0
0.04098636341530882,0.12616040143931898,"[np.float64(4.9031074231419), 0.1, np.float64(3.563540453310608), np.float64(6.187912736403376), np.float64(8.776606751671252), np.float64(0.9283102909930032), np.float64(0.23337591116365952)]",0.12616040143931898,0.04098636341530882,0.011252666922584758,0
0.0409912872881856,0.12614513915336037,"[np.float64(8.109723641150175), 0.1, np.float64(3.797051395670334), np.float64(6.711589858019357), np.float64(8.364908993855991), 0, np.float64(0.8318825729056889)]",0.12614513915336037,0.0409912872881856,0.011244601109922965,0
0.041763671764148115,0.12380957067947217,"[np.float64(5.790278874765219), np.float64(0.6939914676429249), np.float64(3.127366389347472), np.float64(4.495736715331025), np.float64(6.083460308096333), np.float64(0.17212103883215485), np.float64(0.43908746510086544)]",0.12380957067947217,0.041763671764148115,0.010681773771467309,0
0.04292362838778316,0.12045248162332871,"[np.float64(4.571809110466659), np.float64(2.4099480964366795), np.float64(3.6883184689046433), np.float64(3.8293508783971073), np.float64(5.4383777689474275), 0, np.float64(0.8638923890314567)]",0.12045248162332871,0.04292362838778316,0.010551912577366965,0
0.04100949972223822,0.12608897132162356,"[np.float64(5.9979103354550745), 0.1, np.float64(3.8617422496628615), np.float64(4.237883528035263), np.float64(7.114550111151928), 0, 0]",0.12608897132162356,0.04100949972223822,0.01121326951910474,0
0.04100851160930009,0.1260926453641578,"[np.float64(6.202341808318895), 0.1, np.float64(3.31518550456067), np.float64(2.92098208757886), np.float64(7.185738083958321), np.float64(0.05866807944584351), np.float64(0.5215206387756933)]",0.1260926453641578,0.04100851160930009,0.011215313027311023,0
0.0411220770019192,0.1257432648647085,"[np.float64(5.960926073329607), np.float64(0.1775243400602996), np.float64(3.3745253601147835), np.float64(4.580708090492024), np.float64(6.632620003766126), 0, np.float64(0.5259882340110337)]",0.1257432648647085,0.0411220770019192,0.011055607895089229,0
0.04099061921637457,0.12614720021848863,"[np.float64(8.174966833030329), 0.1, np.float64(3.798781958085109), np.float64(6.765429266521419), np.float64(8.418413950267404), 0, np.float64(0.8321247554146585)]",0.12614720021848863,0.04099061921637457,0.011245758502517272,0
0.04248014727335895,0.12171307050174938,"[np.float64(5.6112621373055305), np.float64(1.804182362131253), np.float64(3.702914862144561), np.float64(4.529574533672363), np.float64(6.827974118734943), np.float64(0.36267751726246095), np.float64(0.7129231203254368)]",0.12171307050174938,0.04248014727335895,0.010575153648582535,0
0.041817318792130256,0.12364720644008323,"[np.float64(6.2122211499566635), np.float64(0.7945668200964606), np.float64(3.5061255845046198), np.float64(5.113286414265316), np.float64(6.487951250728923), np.float64(0.41076712334896126), np.float64(0.392237171871538)]",0.12364720644008323,0.041817318792130256,0.010667315206660137,0
0.04222694188308472,0.12244471747874386,"[np.float64(5.947146035108695), np.float64(1.3538733774651983), np.float64(3.655334665688051), np.float64(4.214843062595551), np.float64(6.746199372152733), np.float64(0.9130847974388344), np.float64(0.3078290081311583)]",0.12244471747874386,0.04222694188308472,0.010597806869160557,0
0.04097962310293067,0.12618113403506442,"[np.float64(9.371308337670321), 0.1, np.float64(3.830514673537908), np.float64(7.75266359887293), np.float64(9.399515552048477), 0, np.float64(0.8365655710588472)]",0.12618113403506442,0.04097962310293067,0.011264904578760202,0
0.04103457963061452,0.12601347955163472,"[np.float64(5.442930685681727), 0.1, np.float64(3.205781608063342), np.float64(5.515700169517231), np.float64(5.890908364386063), np.float64(0.18526496934502684), np.float64(0.31210195596456103)]",0.12601347955163472,0.04103457963061452,0.011173355993769772,0
0.042549762569944576,0.12156985187411884,"[np.float64(5.226296645872059), np.float64(1.7001602374644404), np.float64(2.802251285352835), np.float64(4.43989048175946), np.float64(6.043770905477546), np.float64(0.27779557534236293), np.float64(0.2117617431486621)]",0.12156985187411884,0.042549762569944576,0.010571771059961077,0
0.04097568135093835,0.1261933154801319,"[10, 0.1, np.float64(3.704934830399385), np.float64(8.777390402399915), np.float64(9.805079421695412), 0, 1]",0.1261933154801319,0.04097568135093835,0.011271805840018991,0
0.040989162187363995,0.12615174792771985,"[np.float64(5.065430322619184), 0.1, np.float64(3.5797054504744072), np.float64(6.0726695984498615), np.float64(8.538723716028265), np.float64(0.8024032047080534), np.float64(0.3139163658645049)]",0.12615174792771985,0.040989162187363995,0.011247812528090633,0
0.04132748863815425,0.125116383117782,"[np.float64(5.982265948772915), np.float64(0.3447053669754205), np.float64(3.59140802279322), np.float64(4.697671266859584), np.float64(6.689509794708177), 0, np.float64(0.5783195147946802)]",0.125116383117782,0.04132748863815425,0.010878686849430134,0
0.04099366111077681,0.12613781623328435,"[np.float64(7.8839613122645815), 0.1, np.float64(3.7910630957453524), np.float64(6.525288270083927), np.float64(8.179764717215571), 0, np.float64(0.8310445438996775)]",0.12613781623328435,0.04099366111077681,0.011240494022514001,0
0.041009757028630245,0.12608821066578432,"[np.float64(7.103463798818302), 0.1, np.float64(3.625607583702587), np.float64(4.496169423079213), np.float64(7.099971313619655), np.float64(0.05275886524821222), np.float64(0.4704661645976608)]",0.12608821066578432,0.041009757028630245,0.01121287907102569,0
0.04131159796498968,0.12516462238973527,"[np.float64(6.581641927884187), np.float64(0.3404040097051646), np.float64(3.614599072195886), np.float64(4.97293130954957), np.float64(6.886665088147813), np.float64(0.4964572290785226), np.float64(0.3930922289753125)]",0.12516462238973527,0.04131159796498968,0.010889605281494146,0
0.04326063440736808,0.1195118622828062,"[np.float64(7.113546062005249), np.float64(3.614938335665432), np.float64(3.761343080111404), np.float64(2.3601390436416407), np.float64(4.619840134032693), np.float64(0.6705614325348794), np.float64(0.5168984216454731)]",0.1195118622828062,0.04326063440736808,0.010541079750648342,0
0.040981462392586876,0.12617545673577324,"[np.float64(9.15359959252545), 0.1, np.float64(3.8247399932860957), np.float64(7.57300791792683), np.float64(9.22097589781517), 0, np.float64(0.8357574369286125)]",0.12617545673577324,0.040981462392586876,0.011261727173013386,0
0.04110399990612092,0.12580103757120056,"[np.float64(4.873829070402361), np.float64(0.13887957654180783), np.float64(3.1562980949400723), np.float64(5.849569145232398), np.float64(5.56981741365969), np.float64(0.20098507799368126), np.float64(0.35570262640874023)]",0.12580103757120056,0.04110399990612092,0.011077625093720346,0
0.04099336907767961,0.12613872782357147,"[np.float64(8.11400241820101), 0.1, np.float64(3.698836247861974), np.float64(6.961347374866357), np.float64(8.202400612982698), 0, 1]",0.12613872782357147,0.04099336907767961,0.01124101290377181,0
0.041250375326921745,0.12535106163561077,"[np.float64(6.60028680250196), np.float64(0.28433146304898393), np.float64(3.4173016852404245), np.float64(4.915251488684643), np.float64(6.784824605467478), np.float64(0.47612110223514476), np.float64(0.40669921042443336)]",0.12535106163561077,0.041250375326921745,0.010935232281500326,0
0.04129194706380967,0.12522433382926407,"[np.float64(5.617629221519346), np.float64(0.35203931296514845), np.float64(3.6300218589736257), np.float64(5.20773777034327), np.float64(7.5373908498392925), np.float64(0.679121216597872), np.float64(0.41762049484040653)]",0.12522433382926407,0.04129194706380967,0.010903499935493846,0
0.04099753971718174,0.1261258531005685,"[np.float64(7.53427488608839), 0.1, np.float64(3.781787734306735), np.float64(6.236723137018245), np.float64(7.892992159787832), 0, np.float64(0.8297465090610459)]",0.1261258531005685,0.04099753971718174,0.011233755749088206,0
0.04097530787235553,0.12619446860985942,"[10, 0.1, np.float64(3.7050873466335537), np.float64(8.822806864659658), np.float64(9.845159970739035), 0, 1]",0.12619446860985942,0.04097530787235553,0.011272448866181565,0
0.04119910684079321,0.1255072217777503,"[np.float64(6.644424805612564), np.float64(0.24864112863693988), np.float64(3.704011221528189), np.float64(4.883907197509039), np.float64(6.968661448728808), np.float64(0.7329260222588438), np.float64(0.20741863245662856)]",0.1255072217777503,0.04119910684079321,0.010978228286115064,0
0.04162319436414298,0.12422527110795342,"[np.float64(6.137737719140127), np.float64(0.6047136291595412), np.float64(3.602666094875219), np.float64(5.114515075809511), np.float64(6.574027707163127), np.float64(0.7610339206522818), np.float64(0.5375612999583794)]",0.12422527110795342,0.04162319436414298,0.010726892464187865,0
0.04249855392961674,0.12166049294298893,"[np.float64(6.2750927310179), np.float64(1.6697562484185626), np.float64(3.3783906616963026), np.float64(5.659602737084339), np.float64(6.149494825211244), np.float64(0.7481283441441109), np.float64(0.11555797072208487)]",0.12166049294298893,0.04249855392961674,0.010573798931954525,0
0.04101673076226854,0.12606668227507514,"[np.float64(3.724887770914745), 0.1, np.float64(4.05253270924305), np.float64(6.171608608057939), np.float64(6.7086940151113295), np.float64(0.5663478246199001), np.float64(0.507347234057081)]",0.12606668227507514,0.04101673076226854,0.011201124463872456,0
0.041057818693720126,0.1259404137687019,"[np.float64(7.591933678596227), 0.1, np.float64(3.4332467467578347), np.float64(3.6694934829632246), np.float64(5.0223578968052465), np.float64(0.08752359264481041), np.float64(0.7619858063964087)]",0.1259404137687019,0.041057818693720126,0.011137492627667707,0
0.040979492897317935,0.12618153595773848,"[np.float64(9.387017389267388), 0.1, np.float64(3.830931352941264), np.float64(7.765626883190291), np.float64(9.412398308037941), 0, np.float64(0.8366238830055757)]",0.12618153595773848,0.040979492897317935,0.011265190247784947,0
0.04264822171063933,0.1212322747271949,"[np.float64(5.452071198320843), np.float64(1.9924860019655868), np.float64(3.5562277009483276), np.float64(2.862355903460209), np.float64(6.245926251342601), 1, np.float64(0.9874438323693602)]",0.1212322747271949,0.04264822171063933,0.01056451639914032,0
0.041862508595592506,0.1235141368547722,"[np.float64(6.292030323953348), np.float64(0.8179798058636392), np.float64(3.273045239122871), np.float64(5.0986735710787645), np.float64(6.275004450562442), np.float64(0.7384721455413927), np.float64(0.06986564162643888)]",0.1235141368547722,0.041862508595592506,0.01065655654659434,0
0.041042250531894926,0.12598817557919814,"[np.float64(7.1050591336721975), 0.1, np.float64(3.5384481756930204), np.float64(4.055226402046209), np.float64(5.561959599527025), np.float64(0.09648389279981473), np.float64(0.7370903848481427)]",0.12598817557919814,0.041042250531894926,0.011160521758833242,0
0.04098794694915093,0.12615544509580345,"[np.float64(8.443819462625797), 0.1, np.float64(3.8059132194854706), np.float64(6.98728945046572), np.float64(8.638895931805395), 0, np.float64(0.8331227354720737)]",0.12615544509580345,0.04098794694915093,0.011250416071611867,0
0.04297659412589316,0.12030367038621533,"[np.float64(4.441003303707415), np.float64(2.533954352617462), np.float64(3.6879300692769816), np.float64(3.7136927838506453), np.float64(5.336308173472338), 0, np.float64(0.8540657512212355)]",0.12030367038621533,0.04297659412589316,0.010549952958185432,0
0.04209037334645111,0.12284500883975119,"[np.float64(5.6140863753148), np.float64(1.0923139261380497), np.float64(3.1741107713098913), np.float64(3.8654126663953496), np.float64(6.334924466330119), np.float64(0.7882884835904904), np.float64(0.9559829742166276)]",0.12284500883975119,0.04209037334645111,0.010615207879073276,0
0.042740310069320796,0.1209704127071589,"[np.float64(6.221491553982241), np.float64(2.187178427651914), np.float64(3.5697048656509045), np.float64(6.016549476827211), np.float64(6.186286460769433), np.float64(0.5773241308852709), np.float64(0.3179275092360269)]",0.1209704127071589,0.042740310069320796,0.01055970792529377,0
0.041521111434563274,0.124532386808033,"[np.float64(5.838489639828705), np.float64(0.477069698470574), np.float64(3.2620718919987937), np.float64(4.430673869224533), np.float64(6.1425311601239745), np.float64(0.2421127424086883), np.float64(0.4240020497845803)]",0.124532386808033,0.041521111434563274,0.010769702550330412,0
0.04099687089908063,0.12612791583320357,"[np.float64(7.5929547679986875), 0.1, np.float64(3.7833442062574627), np.float64(6.285146429042717), np.float64(7.941114644806724), 0, np.float64(0.8299643285854674)]",0.12612791583320357,0.04099687089908063,0.011234898558289703,0
0.04217349705429942,0.12260028602346042,"[np.float64(5.738615842831837), np.float64(1.2075055556276997), np.float64(3.6039772823362357), np.float64(3.6102746559584773), np.float64(6.3625299482281354), np.float64(0.3961426111223998), 0]",0.12260028602346042,0.04217349705429942,0.01060411232119334,0
0.04099990039864581,0.12611856668387517,"[np.float64(7.84514094646325), 0.1, np.float64(3.901365068227692), np.float64(4.026263282263027), np.float64(7.727196082650492), 0, np.float64(0.632690457662906)]",0.12611856668387517,0.04099990039864581,0.01122967063413062,0
0.042310863079720464,0.12220146874722457,"[np.float64(6.260689920340496), np.float64(1.3822673856458696), np.float64(3.401978282977489), np.float64(5.477806549755048), np.float64(6.244363353660781), np.float64(0.6628019086604074), np.float64(0.18124790497446805)]",0.12220146874722457,0.042310863079720464,0.0105891636155489,0
0.04141057754864035,0.12486468884523293,"[np.float64(6.020736279173911), np.float64(0.41768607673450625), np.float64(3.641010453977464), np.float64(4.788735848892718), np.float64(6.71109549056061), 0, np.float64(0.631070720304876)]",0.12486468884523293,0.04141057754864035,0.010826731772567202,0
0.04098920362594111,0.12615156767391353,"[np.float64(8.315787120421156), 0.1, np.float64(3.802517187609808), np.float64(6.881635735882078), np.float64(8.533898541403435), 0, np.float64(0.8326474798481408)]",0.12615156767391353,0.04098920362594111,0.0112482351022805,0
0.04156650966498532,0.12439516422548316,"[np.float64(6.02750810427267), np.float64(0.5349851204912281), np.float64(3.5182255277565755), np.float64(4.962180382686105), np.float64(6.374444406561037), 1, np.float64(0.21022759732179408)]",0.12439516422548316,0.04156650966498532,0.010750530785996791,0
0.04261040297336564,0.12134012120141559,"[np.float64(5.456840325687), np.float64(1.9288315762856099), np.float64(3.5928427948550548), np.float64(2.9438238301261634), np.float64(6.305611756191544), 1, np.float64(0.9762664733338782)]",0.12134012120141559,0.04261040297336564,0.010566677323758147,0
0.04268386424272944,0.12113082111036147,"[np.float64(6.242223845599109), np.float64(2.0458523419650176), np.float64(3.4995423843146822), np.float64(5.916775815550727), np.float64(6.160338957221395), np.float64(0.648825659621985), np.float64(0.23809368257238833)]",0.12113082111036147,0.04268386424272944,0.010562560473033058,0
0.04098864354515331,0.12615329574929046,"[np.float64(8.37249194349), 0.1, np.float64(3.804021271525869), np.float64(6.928429187355892), np.float64(8.580401310492178), 0, np.float64(0.8328579679607813)]",0.12615329574929046,0.04098864354515331,0.011249200829448304,0
0.041001973665298334,0.1261121731825613,"[np.float64(7.54965285549765), 0.1, np.float64(3.902389258244197), np.float64(4.195214187967928), np.float64(7.586880142772648), 0, np.float64(0.6830292856067014)]",0.1261121731825613,0.041001973665298334,0.011226094660657689,0
0.041757079220222225,0.1238380894020829,"[np.float64(5.74014584891834), np.float64(0.6670327989374112), np.float64(2.983114151492997), np.float64(4.372212091402217), np.float64(5.914448161467854), np.float64(0.20012698593881353), np.float64(0.3724723121256162)]",0.1238380894020829,0.041757079220222225,0.010684514172278944,0
0.040984101887052975,0.1261673222662267,"[np.float64(9.10521817177796), 0.1, np.float64(3.7017794492316964), np.float64(7.837777314663688), np.float64(8.975860090835619), 0, 1]",0.1261673222662267,0.040984101887052975,0.011257150347274815,0
0.0410171805011917,0.1260656017434173,"[np.float64(6.224281907675808), 0.1, np.float64(3.3942001055106745), np.float64(4.345384114647468), np.float64(6.69008292823078), np.float64(0.3515720402221239), np.float64(0.3747112460041933)]",0.1260656017434173,0.0410171805011917,0.01120060495372068,0
0.04104465013460665,0.12598349036239834,"[np.float64(6.443709504720243), 0.1, np.float64(3.153233919956069), np.float64(3.9762240505378723), np.float64(5.504593825292401), np.float64(0.22609659702603188), np.float64(0.46485153775900045)]",0.12598349036239834,0.04104465013460665,0.011158217905992652,0
0.040985571935738714,0.12616277375321097,"[np.float64(8.693909690731777), 0.1, np.float64(3.8125468119966666), np.float64(7.19366669175866), np.float64(8.84399115121635), 0, np.float64(0.8340510695582225)]",0.12616277375321097,0.040985571935738714,0.011254544568153111,0
0.04177581802950595,0.12377030944372878,"[np.float64(6.118559225073867), np.float64(0.8098253129744792), np.float64(3.558857286159847), np.float64(4.511288976905396), np.float64(7.040874969941708), np.float64(0.20103805322598273), np.float64(0.7877342087691274)]",0.12377030944372878,0.04177581802950595,0.010678122758235264,0
0.04101465488049333,0.1260736285592903,"[np.float64(6.237030930150913), 0.1, np.float64(3.344720039724068), np.float64(5.46723626607219), np.float64(6.8307425155006225), 1, np.float64(0.24880282309319113)]",0.1260736285592903,0.04101465488049333,0.011305772035210517,0
0.04236537204299597,0.12204402526350931,"[np.float64(6.283147871143754), np.float64(1.4509992561704443), np.float64(3.3404437007706926), np.float64(5.514156309677425), np.float64(6.172059245681811), np.float64(0.7607616645828684), np.float64(0.0888857481823146)]",0.12204402526350931,0.04236537204299597,0.010584178507543831,0
0.04317918937152225,0.11973783542009397,"[np.float64(6.86928976728114), np.float64(3.25172624444341), np.float64(3.7377358591813183), np.float64(2.606100598814221), np.float64(5.007265422876275), np.float64(0.8132236884035938), np.float64(0.42182871017591833)]",0.11973783542009397,0.04317918937152225,0.010543317152584076,0
0.040993268275928724,0.1261390280162999,"[np.float64(7.920683414956731), 0.1, np.float64(3.7920371420615915), np.float64(6.555591758170916), np.float64(8.209879959086143), 0, np.float64(0.8311808562214438)]",0.1261390280162999,0.040993268275928724,0.011241151530619256,0
0.04101904051865028,0.12605963672919723,"[np.float64(6.187569247932187), 0.1, np.float64(3.551816263334192), np.float64(5.032525063124991), np.float64(6.58899411962768), np.float64(0.07621954491019556), np.float64(0.5466968747767635)]",0.12605963672919723,0.04101904051865028,0.011197415960279771,0
0.04098202910486357,0.12617371971742938,"[np.float64(9.35094038429958), 0.1, np.float64(3.702509068338188), np.float64(8.05504414395896), np.float64(9.167600560564829), 0, 1]",0.12617371971742938,0.04098202910486357,0.011260759393105828,0
0.04258083748929866,0.12142466697771526,"[np.float64(6.25088826394951), np.float64(1.833382568572703), np.float64(3.4602144589281156), np.float64(5.775195069805406), np.float64(6.180060615730274), np.float64(0.664525454078707), np.float64(0.20879840086096768)]",0.12142466697771526,0.04258083748929866,0.010568410441917137,0
0.04101996409528548,0.12605672045278596,"[np.float64(0.9227818872107445), 0.1, np.float64(3.991942070136185), np.float64(9.364977877067915), np.float64(6.5405674473577236), np.float64(0.49866235235773465), np.float64(0.6642956314079577)]",0.12605672045278596,0.04101996409528548,0.011195809326796853,0
0.04115726942833223,0.12563514434462797,"[np.float64(5.822082259948466), np.float64(0.20542078949378084), np.float64(3.6308813255636996), np.float64(4.404818465206939), np.float64(6.657981478318443), np.float64(0.19127790820526636), np.float64(0.3886427569333081)]",0.12563514434462797,0.04115726942833223,0.011018014330076138,0
0.0410047500278498,0.12610361975524306,"[np.float64(6.940786833032526), 0.1, np.float64(3.7660455842273355), np.float64(5.746970186422821), np.float64(7.406281569849503), 0, np.float64(0.827543483402881)]",0.12610361975524306,0.0410047500278498,0.011221388465894147,0
0.040997777491971775,0.1261251299368703,"[np.float64(7.696025364338271), 0.1, np.float64(3.6975951551604083), np.float64(6.591773341330629), np.float64(7.876247287968903), 0, 1]",0.1261251299368703,0.040997777491971775,0.011233377042683027,0
0.04126226271427602,0.1253146180127201,"[np.float64(6.62735312780161), np.float64(0.3066111214586318), np.float64(3.9361450028954392), np.float64(4.9439055694368506), np.float64(7.090931883139944), np.float64(0.7723745654159597), np.float64(0.17914848628543806)]",0.1253146180127201,0.04126226271427602,0.01092571652816752,0
0.04117035784312275,0.12559535355769721,"[np.float64(6.224923375812005), np.float64(0.21957868550561965), np.float64(3.412956798284898), np.float64(5.400493898245533), np.float64(6.790966948087387), 1, np.float64(0.3482853071627904)]",0.12559535355769721,0.04117035784312275,0.011024684971360745,0
0.04101832038459088,0.1260617842940033,"[np.float64(2.6582900995444927), 0.1, np.float64(4.042898245239504), np.float64(7.194949895814676), np.float64(6.625070111457139), np.float64(0.6541780177419476), np.float64(0.4638980721799999)]",0.1260617842940033,0.04101832038459088,0.011198471071587234,0
0.04098023693885191,0.12617923926238847,"[np.float64(9.297785818468807), 0.1, np.float64(3.8285645036473324), np.float64(7.691991997264868), np.float64(9.339220844328468), 0, np.float64(0.8362926557146884)]",0.12617923926238847,0.04098023693885191,0.011263848911356164,0
0.0410128702454085,0.12607864152709414,"[np.float64(6.851801366374824), 0.1, np.float64(3.5663908478838753), np.float64(4.6499583114879846), np.float64(6.921089361188857), np.float64(0.07145370757960134), np.float64(0.4510376805262585)]",0.12607864152709414,0.0410128702454085,0.011207658594057299,0
0.04229386534801716,0.12225075131788439,"[np.float64(5.552201185631463), np.float64(1.3841756094121693), np.float64(3.3870243445789665), np.float64(3.554934615909433), np.float64(6.380758853045691), np.float64(0.9030333094902401), np.float64(0.9536596415876646)]",0.12225075131788439,0.04229386534801716,0.01059078323158681,0
0.04141114714221386,0.12486294955955257,"[np.float64(5.961374913484614), np.float64(0.4185970033752897), np.float64(3.734148177415986), np.float64(4.707758409751416), np.float64(6.718033262585902), np.float64(0.15630339432811757), np.float64(0.5703441280838822)]",0.12486294955955257,0.04141114714221386,0.010826408700556978,0
0.04100045966556726,0.12611684834802486,"[np.float64(7.285555793389874), 0.1, np.float64(3.7751905108837667), np.float64(6.031477371932812), np.float64(7.6890213878187685), 0, np.float64(0.8288232646249212)]",0.12611684834802486,0.04100045966556726,0.011228716065357873,0
0.042884234214209366,0.12056340147472931,"[np.float64(4.662810440146212), np.float64(2.323677200055108), np.float64(3.6885886777236547), np.float64(3.909813975966648), np.float64(5.50938737577003), 0, np.float64(0.8707287606663597)]",0.12056340147472931,0.042884234214209366,0.01055345188887143,0
0.04100718586023723,0.12609625538317035,"[np.float64(6.257588791090228), 0.1, np.float64(3.468314008529769), np.float64(3.867449825744613), np.float64(7.256954769743512), np.float64(0.5081375275333148), np.float64(0.5551863596520357)]",0.12609625538317035,0.04100718586023723,0.011217284029564994,0
0.04098993742759414,0.12614930367171845,"[np.float64(8.242347873259439), 0.1, np.float64(3.800569226493177), np.float64(6.8210328512885905), np.float64(8.473672123825754), 0, np.float64(0.8323748736095139)]",0.12614930367171845,0.04098993742759414,0.011246935618449957,0
0.04169438900042904,0.1240164791202059,"[np.float64(5.8120062897325235), np.float64(0.6230074360611306), np.float64(3.107959560735636), np.float64(4.465068262830334), np.float64(6.039179972409061), np.float64(0.17320222313307276), np.float64(0.43499853450062365)]",0.1240164791202059,0.04169438900042904,0.010702683292494575,0
0.04197035674932551,0.12319520959939737,"[np.float64(6.129840957580687), np.float64(1.0557220514040493), np.float64(3.520028420965472), np.float64(4.264407596509501), np.float64(7.121014318414662), np.float64(0.3233325244235127), np.float64(0.7134624885120471)]",0.12319520959939737,0.04197035674932551,0.010634615555141839,0
0.04097936393355977,0.12618194647046815,"[np.float64(9.681563327674525), 0.1, np.float64(3.703490781851408), np.float64(8.347379939987274), np.float64(9.425590254762245), 0, 1]",0.12618194647046815,0.04097936393355977,0.01126540434256241,0
0.041983444011201486,0.12315666174314935,"[np.float64(5.625208265238779), np.float64(1.0770630522300362), np.float64(3.621641669679466), np.float64(4.278240153900738), np.float64(7.150905874369997), 1, np.float64(0.08861715821908367)]",0.12315666174314935,0.041983444011201486,0.010632720738750573,0
0.04099363833412783,0.12613788649208435,"[np.float64(7.886083692528992), 0.1, np.float64(3.7911193914508448), np.float64(6.527039681913414), np.float64(8.181505249219958), 0, np.float64(0.8310524221680855)]",0.12613788649208435,0.04099363833412783,0.011240513555390819,0
0.04121997110944906,0.12544560923017814,"[np.float64(5.847632956930406), np.float64(0.25964070703844655), np.float64(3.1820353679584477), np.float64(3.808318485234211), np.float64(6.8060069037666615), np.float64(0.22870989965034838), np.float64(0.07516404578757674)]",0.12544560923017814,0.04121997110944906,0.010960744392667211,0
0.041407051329706616,0.12487548438601272,"[np.float64(6.396283610382656), np.float64(0.44306321294758), np.float64(3.4563832061278004), np.float64(4.337942021762956), np.float64(7.2073993945380135), np.float64(0.19597256124051649), np.float64(0.7783685548609697)]",0.12487548438601272,0.041407051329706616,0.01082880039186421,0
0.040999643758796896,0.12611937425985636,"[np.float64(7.528156725345777), 0.1, np.float64(3.6970967054470805), np.float64(6.4433444038010075), np.float64(7.745257047555079), 0, 1]",0.12611937425985636,0.040999643758796896,0.011230166162744519,0
0.041981055741685695,0.12316366556616865,"[np.float64(5.922813525295693), np.float64(0.9296478279883162), np.float64(3.7065251899493656), np.float64(4.644260427059127), np.float64(6.1230385944783405), 1, np.float64(0.3684825762593869)]",0.12316366556616865,0.041981055741685695,0.010633230455856114,0
0.04101466905012363,0.12607336656588297,"[np.float64(6.2148734938553005), 0.1, np.float64(3.385424823522048), np.float64(3.985212549492525), np.float64(6.825930725799576), np.float64(0.26155616363554146), np.float64(0.4274563562787596)]",0.12607336656588297,0.04101466905012363,0.01120479509108277,0
0.04099380146301921,0.12613743392957402,"[np.float64(5.237889453336383), 0.1, np.float64(3.5940640024864736), np.float64(5.665369367658434), np.float64(8.170275144160822), np.float64(0.8523814830439301), np.float64(0.2969110660519229)]",0.12613743392957402,0.04099380146301921,0.011242804362227106,0
0.04160902099100255,0.12426766049946028,"[np.float64(6.126585630773739), np.float64(0.6070925552228973), np.float64(3.7604554598596294), np.float64(5.033318744199729), np.float64(6.766447306209374), np.float64(0.009401591669414788), np.float64(0.7741381067216824)]",0.12426766049946028,0.04160902099100255,0.01073237782498227,0
0.04098718628278445,0.1261577922157083,"[np.float64(8.522740795058262), 0.1, np.float64(3.8080065918005848), np.float64(7.052416212874338), np.float64(8.703618124727633), 0, np.float64(0.8334156911927998)]",0.1261577922157083,0.04098718628278445,0.011251736867061138,0
0.040998920518628926,0.12612158772830917,"[np.float64(7.904122030732665), 0.1, np.float64(3.941593383650459), np.float64(3.9858808143142124), np.float64(7.795157666759212), 0, np.float64(0.6645638602101698)]",0.12612158772830917,0.040998920518628926,0.011231367741595256,0
0.04217324569274933,0.12260099711705776,"[np.float64(5.829862258548967), np.float64(1.2172910972158832), np.float64(3.6920539863591006), np.float64(4.941717626864071), np.float64(6.420054187543034), 0, np.float64(0.9584022042949888)]",0.12260099711705776,0.04217324569274933,0.010604143458616136,0
0.04124397574704593,0.12537033325386426,"[np.float64(6.623611042398904), np.float64(0.28633467090934195), np.float64(3.7308522738451266), np.float64(4.9213035646653625), np.float64(6.973319177256809), np.float64(0.6773827502253942), np.float64(0.2516264977329766)]",0.12537033325386426,0.04124397574704593,0.010940217958485704,0
0.04257967897420515,0.12142804243640656,"[np.float64(5.485956482638893), np.float64(1.8393889795415421), np.float64(3.4310005848189684), np.float64(3.0229755430822722), np.float64(6.210521109692309), 1, np.float64(0.9905677881083703)]",0.12142804243640656,0.04257967897420515,0.010568527668482049,0
0.04207250959121501,0.12289548235653405,"[np.float64(6.249644776868548), np.float64(1.0705491664445352), np.float64(3.414115373798114), np.float64(5.2789784754283975), np.float64(6.335296801414941), np.float64(0.588931414822815), np.float64(0.23404404138726698)]",0.12289548235653405,0.04207250959121501,0.010617758688705842,0
0.04120292115928722,0.1254955646371778,"[np.float64(5.760650847313303), np.float64(0.24199637858731382), np.float64(3.780525282309385), np.float64(4.339705428456804), np.float64(6.677793491604135), np.float64(0.42065302981904096), np.float64(0.3322866903384747)]",0.1254955646371778,0.04120292115928722,0.01097494485179475,0
0.04099421305636124,0.12613611367880165,"[np.float64(7.832782682288796), 0.1, np.float64(3.789705592978804), np.float64(6.4830550946914105), np.float64(8.13779389563038), 0, np.float64(0.8308545689972244)]",0.12613611367880165,0.04099421305636124,0.011239518714742654,0
0.04099833485994136,0.1261233966644002,"[np.float64(8.18093300297357), 0.1, np.float64(3.8493243654597737), np.float64(3.8426467846597445), np.float64(7.836376760778295), 0, np.float64(0.5227356288739277)]",0.1261233966644002,0.04099833485994136,0.01123236759141183,0
0.04212454281611526,0.1227509890040473,"[np.float64(5.577127024326927), np.float64(1.094319822457666), np.float64(3.0243681617493987), np.float64(4.495058920054857), np.float64(6.0969741172543985), np.float64(0.20885270197060163), np.float64(0.361168219796126)]",0.1227509890040473,0.04212454281611526,0.010610786494246667,0
0.04102210111595485,0.12605013676804208,"[0.1, 0.1, np.float64(4.000588240054155), 10, np.float64(6.433561489173784), np.float64(0.7353438783464066), np.float64(0.4843869560620177)]",0.12605013676804208,0.04102210111595485,0.011192113358901,0
0.040988582432659286,0.12615348430889659,"[np.float64(8.378713770174782), 0.1, np.float64(3.8041863042151296), np.float64(6.933563508023808), np.float64(8.585503736599414), 0, np.float64(0.8328810633605229)]",0.12615348430889659,0.040988582432659286,0.01124932073378063,0
0.04100950845644936,0.12608895551748622,"[np.float64(6.936654675211926), 0.1, np.float64(3.7207931798377496), np.float64(4.57596468727463), np.float64(7.1142466550050045), np.float64(0.022864732089298123), np.float64(0.5969739440067745)]",0.12608895551748622,0.04100950845644936,0.011213291780365776,0
0.04099168316990891,0.126143961970061,"[np.float64(5.195312251644176), 0.1, np.float64(3.592305061902557), np.float64(5.946595366258656), np.float64(8.334627491204149), np.float64(0.7235023097823405), np.float64(0.3661667801572465)]",0.126143961970061,0.04099168316990891,0.011243594944904638,0
0.04100223533908874,0.12611137302660932,"[np.float64(7.13999163327647), 0.1, np.float64(3.7713294510985054), np.float64(5.911356205972671), np.float64(7.569646418301053), 0, np.float64(0.8282829309518372)]",0.12611137302660932,0.04100223533908874,0.011225691240677372,0
0.04099058425295733,0.12614731920325312,"[np.float64(8.394814238505093), 0.1, np.float64(3.69967005798976), np.float64(7.209640328116298), np.float64(8.421521993089438), 0, 1]",0.12614731920325312,0.04099058425295733,0.011245851114793853,0
0.04299472700166757,0.12025288363558419,"[np.float64(6.252181981196963), np.float64(2.876463810031489), np.float64(3.5244445517508245), np.float64(6.453862594347598), np.float64(5.968855267171545), np.float64(0.7662325315927784), np.float64(0.17591728295673134)]",0.12025288363558419,0.04299472700166757,0.010552640378112668,0
0.04245106733579208,0.12179666319878775,"[np.float64(5.962537595564948), np.float64(1.6846473424242303), np.float64(3.6528913740241107), np.float64(3.8016857896169776), np.float64(6.5602566461774146), 1, np.float64(0.17062754700686833)]",0.12179666319878775,0.04245106733579208,0.010577453957554026,0
0.041035282529752054,0.12600991801533615,"[np.float64(6.429425970659176), 0.1, np.float64(3.3715986589260476), np.float64(4.233330338288053), np.float64(5.842593704149133), np.float64(0.17848621258320477), np.float64(0.561310362486226)]",0.12600991801533615,0.041035282529752054,0.011171446384217737,0
0.04099519584967903,0.12613308222783456,"[np.float64(7.742840831237826), 0.1, np.float64(3.787319903645425), np.float64(6.408834077591879), np.float64(8.064033941811998), 0, np.float64(0.8305207051484276)]",0.12613308222783456,0.04099519584967903,0.011237801636558358,0
0.04185234570125212,0.1235471080470729,"[np.float64(4.294540905807569), np.float64(0.6838005872581954), np.float64(3.110548000894419), np.float64(6.188653426860286), np.float64(5.247543561257027), np.float64(0.21553365926880563), np.float64(0.40487292000470554)]",0.1235471080470729,0.04185234570125212,0.010659212292766784,0
0.04194989361783364,0.12325538918014682,"[np.float64(5.915849199829153), np.float64(0.8933944052344356), np.float64(3.682636584722625), np.float64(4.646606580716396), np.float64(6.114702394549029), 1, np.float64(0.315382690788781)]",0.12325538918014682,0.04194989361783364,0.01063897240284402,0
0.04102777688826462,0.1260329089130299,"[np.float64(6.2283918554406155), np.float64(0.10622386884922896), np.float64(3.4136941652337205), np.float64(4.659055897501078), np.float64(6.582898898646114), np.float64(0.4130917825720778), np.float64(0.3453018244415606)]",0.1260329089130299,0.04102777688826462,0.01118328470212163,0
0.041021744102287,0.12605123676147534,"[0.1, 0.1, np.float64(3.9844888986595506), 10, np.float64(6.451220324029062), np.float64(0.6093372319912923), np.float64(0.6010368441201064)]",0.12605123676147534,0.041021744102287,0.0111928596921884,0
0.041389064217722364,0.12492978708218364,"[np.float64(5.23436132651671), np.float64(0.45845295590784385), np.float64(3.584344253006713), np.float64(4.720141210059276), np.float64(7.790474697346198), 1, 0]",0.12492978708218364,0.041389064217722364,0.01084357376385528,0
0.0413820116286994,0.12495107740959648,"[np.float64(5.894211157211976), np.float64(0.3929157865528368), np.float64(3.7996031917725914), np.float64(4.602127916815485), np.float64(6.7164132338181055), np.float64(0.2994940767510742), np.float64(0.4967718962204484)]",0.12495107740959648,0.0413820116286994,0.010843635239175522,0
0.04098302020938471,0.12617064865678537,"[np.float64(8.9751355808918), 0.1, np.float64(3.820006271620692), np.float64(7.425737428112186), np.float64(9.07462025689244), 0, np.float64(0.8350949791172654)]",0.12617064865678537,0.04098302020938471,0.011259008784273557,0
0.04275804938768865,0.12092009383962547,"[np.float64(7.072292625345205), np.float64(1.9213434897150747), np.float64(3.594487921498336), np.float64(5.264059952366614), np.float64(5.257215707268607), np.float64(0.29897291706019197), np.float64(0.6875456065572426)]",0.12092009383962547,0.04275804938768865,0.010558941184255266,0
0.04290278876330302,0.12051157565086039,"[np.float64(4.9076193030560145), np.float64(2.976919719259006), np.float64(3.3204076964838842), np.float64(5.129715998106761), np.float64(7.028233465732919), np.float64(0.22425946580402933), np.float64(0.3656808583766296)]",0.12051157565086039,0.04290278876330302,0.010552799975416678,0
0.041427611047317334,0.12481612945012938,"[np.float64(6.959605030023369), np.float64(0.4953254762915922), np.float64(3.142697780822454), np.float64(3.254126889939556), np.float64(7.769174844000805), np.float64(0.5596793938021669), np.float64(0.5337888530534011)]",0.12481612945012938,0.041427611047317334,0.010817627977650738,0
0.04100273240097577,0.12610984985425006,"[np.float64(7.261315261497512), 0.1, np.float64(3.69630437727931), np.float64(6.207403997030816), np.float64(7.537036931447362), 0, 1]",0.12610984985425006,0.04100273240097577,0.011224849040978657,0
0.042264912245049,0.12233449552326937,"[np.float64(6.217801370970433), np.float64(1.3378225924228762), np.float64(3.5251548280658054), np.float64(5.464913340080212), np.float64(6.36514709869667), np.float64(0.4837512881099514), np.float64(0.3553318227810464)]",0.12233449552326937,0.042264912245049,0.010593771360109725,0
0.04098361834756286,0.12616880264864436,"[np.float64(8.908002875146243), 0.1, np.float64(3.818225590234367), np.float64(7.37033877172635), np.float64(9.019565738693906), 0, np.float64(0.8348457827391783)]",0.12616880264864436,0.04098361834756286,0.011257944041780283,0
0.043043947675216326,0.12011526361110637,"[np.float64(4.61244159467188), np.float64(3.7115890810252194), np.float64(3.356438768246221), np.float64(5.3124115874077695), np.float64(7.303260505369298), np.float64(0.24629819005724085), np.float64(0.32965610734729994)]",0.12011526361110637,0.043043947675216326,0.010547668723096742,0
0.04100991148546487,0.12608771833645047,"[np.float64(6.030916147169573), 0.1, np.float64(3.689249794347242), np.float64(4.3185914754515595), np.float64(7.090564126459947), 0, np.float64(0.041301614834437894)]",0.12608771833645047,0.04100991148546487,0.011212617672310401,0
0.04192034987259696,0.12334251034505424,"[np.float64(5.795711622679975), np.float64(0.9267996326579251), np.float64(3.559865119846917), np.float64(4.794011658070394), np.float64(6.62176406844546), np.float64(0.17873275962591997), np.float64(0.5520828931868873)]",0.12334251034505424,0.04192034987259696,0.010644193206603638,0
0.04100390187658613,0.1261062346624891,"[np.float64(7.0070897140454695), 0.1, np.float64(3.7678042546811517), np.float64(5.801684062198195), np.float64(7.460655561316156), 0, np.float64(0.8277895994743497)]",0.1261062346624891,0.04100390187658613,0.011222826322645551,0
0.04101043274582811,0.12608613818471237,"[np.float64(7.076952971325927), 0.1, np.float64(3.598518519808981), np.float64(4.515803953452725), np.float64(7.06052340627059), np.float64(0.06128671817756637), np.float64(0.44680085932864494)]",0.12608613818471237,0.04101043274582811,0.011211746418060777,0
0.04319162884503605,0.11970329553298069,"[np.float64(4.102033700519306), np.float64(5.144192674066954), np.float64(3.5795310402088303), np.float64(5.793581102724614), np.float64(8.009492060478578), np.float64(0.2584628186752952), np.float64(0.3320514423730709)]",0.11970329553298069,0.04319162884503605,0.010543082737385684,0
0.041723025566374104,0.12392729769755238,"[np.float64(6.00559227049381), np.float64(0.6785578143219582), np.float64(3.59315446009004), np.float64(4.872717761189376), np.float64(6.313637787012096), 1, np.float64(0.30540555258984226)]",0.12392729769755238,0.041723025566374104,0.010693979801866716,0
0.04112941399482022,0.125720710459099,"[np.float64(5.9522403262778), np.float64(0.18323010685422225), np.float64(3.3964821088114183), np.float64(4.571782059048301), np.float64(6.635610651545985), 0, np.float64(0.518117386721225)]",0.125720710459099,0.04112941399482022,0.011047405833454213,0
0.04104897606511573,0.12596792332004236,"[np.float64(7.0242514728414065), 0.1, np.float64(3.335235957980519), np.float64(3.8672985449379667), np.float64(5.321276307690564), np.float64(0.14704388626507164), np.float64(0.633333943939656)]",0.12596792332004236,0.04104897606511573,0.01115059533264237,0
0.0409937582213406,0.12613751667861564,"[np.float64(7.874921646685961), 0.1, np.float64(3.7908233204516906), np.float64(6.517828637380743), np.float64(8.172351423984205), 0, np.float64(0.831010988691433)]",0.12613751667861564,0.0409937582213406,0.011240283726240705,0
0.04284668378934289,0.12066932031931192,"[np.float64(4.745285788088622), np.float64(2.245489087623907), np.float64(3.688833570478997), np.float64(3.9827384265427037), np.float64(5.5737440401239535), 0, np.float64(0.87692462759751)]",0.12066932031931192,0.04284668378934289,0.010554990813616428,0
0.0422558556250692,0.122360780018572,"[np.float64(6.21738282931849), np.float64(1.32519396155035), np.float64(3.525561495152484), np.float64(5.456847401417528), np.float64(6.368755582939356), np.float64(0.4808765797421059), np.float64(0.3573541201714923)]",0.122360780018572,0.0422558556250692,0.010594719584113545,0
0.040988776876729055,0.12615298103636105,"[np.float64(4.898350431168962), 0.1, np.float64(3.5579121624871637), np.float64(5.669840213081677), np.float64(8.571764214727626), 1, np.float64(0.04324751320427056)]",0.12615298103636105,0.040988776876729055,0.011257726414715275,0
0.04121589527173561,0.12545596881434423,"[np.float64(5.8189933808016505), np.float64(0.25226061959534973), np.float64(3.7056655824913767), np.float64(4.425145830126619), np.float64(6.674930988201938), np.float64(0.2765369014769543), np.float64(0.394002991225896)]",0.12545596881434423,0.04121589527173561,0.010963636814784822,0
0.04098820950179525,0.12615463498112126,"[np.float64(8.416830290695646), 0.1, np.float64(3.805197337181091), np.float64(6.965017685231596), np.float64(8.616762519473955), 0, np.float64(0.8330225517565826)]",0.12615463498112126,0.04098820950179525,0.011249947919425829,0
0.041005063500947576,0.12610266242034382,"[np.float64(7.068467214619155), 0.1, np.float64(3.6957317566024566), np.float64(6.036888343394656), np.float64(7.386554910650958), 0, 1]",0.12610266242034382,0.041005063500947576,0.011220854573092085,0
0.04101191574011087,0.12608152546050747,"[np.float64(6.1345478282010175), 0.1, np.float64(3.838042886526634), np.float64(4.7400147302850835), np.float64(6.974134537724254), 0, np.float64(0.3134492605715313)]",0.12608152546050747,0.04101191574011087,0.011209219470294017,0
0.042561798207017255,0.12147898694988582,"[np.float64(5.663104595461959), np.float64(1.6233574991264703), np.float64(4.007418438016553), np.float64(3.9628545341157078), np.float64(5.537676205013313), np.float64(0.9303542921861383), np.float64(0.47063669111419015)]",0.12147898694988582,0.042561798207017255,0.010569628754566875,0
0.04100672612312471,0.1260985424138725,"[np.float64(6.206127766787532), 0.1, np.float64(3.2625215912582974), np.float64(2.5049389624913534), np.float64(7.3027387952492875), np.float64(0.015239746495472217), np.float64(0.523147535365049)]",0.1260985424138725,0.04100672612312471,0.011218561090268024,0
0.04100265568548813,0.12611007695079327,"[np.float64(7.106136787738711), 0.1, np.float64(3.7704314581959926), np.float64(5.883418810419894), np.float64(7.541882570723816), 0, np.float64(0.828157261878991)]",0.12611007695079327,0.04100265568548813,0.011224960195434138,0
0.04199166046124558,0.12313248455888323,"[np.float64(6.0501487949643655), np.float64(1.0084555008101077), np.float64(3.6927080797120055), np.float64(5.136494309086891), np.float64(6.5919468444333535), 0, np.float64(0.9749509803887478)]",0.12313248455888323,0.04199166046124558,0.010630812025383895,0
0.042041603746859266,0.12298584308014068,"[np.float64(5.866672038811813), np.float64(0.9830176711580407), np.float64(3.7152992258222133), np.float64(4.533265600690953), np.float64(6.009461221036245), 1, np.float64(0.29224386053177615)]",0.12298584308014068,0.042041603746859266,0.010623042990436513,0
0.04102353195108667,0.12604624770062897,"[np.float64(5.914074828323329), np.float64(0.10348927401815), np.float64(3.3363044407548266), np.float64(4.477590310688865), np.float64(6.611594438996699), 0, np.float64(0.46444796580447234)]",0.12604624770062897,0.04102353195108667,0.011190292097606677,0
0.04098387250169145,0.12616801828018948,"[np.float64(8.879705837646103), 0.1, np.float64(3.8174750170613505), np.float64(7.3469877412591895), np.float64(8.996359765558834), 0, np.float64(0.8347407442310872)]",0.12616801828018948,0.04098387250169145,0.011257517792136037,0
0.04100820738664275,0.12609298118542173,"[np.float64(7.253751001876163), 0.1, np.float64(3.646310613293606), np.float64(4.406744476116902), np.float64(7.1923094260016365), np.float64(0.04620584947917916), np.float64(0.46686881964058535)]",0.12609298118542173,0.04100820738664275,0.011215494799544966,0
0.04104072099312725,0.12599563474501532,"[np.float64(6.247637903113413), 0.1, np.float64(3.1512296257238415), np.float64(4.08090529521459), np.float64(5.655497931068632), np.float64(0.23957207350019968), np.float64(0.4347943743558267)]",0.12599563474501532,0.04104072099312725,0.011164253059803881,0
0.041003121420959764,0.126108640955745,"[np.float64(7.068890530080311), 0.1, np.float64(3.769443508775721), np.float64(5.85268278381765), np.float64(7.511337477280784), 0, np.float64(0.8280190038957518)]",0.126108640955745,0.041003121420959764,0.011224177864577117,0
0.04261681608756752,0.1213279539964175,"[np.float64(6.905245926998825), np.float64(1.5468053270172755), np.float64(3.0421328272672428), np.float64(4.493535500534134), np.float64(4.932424924192953), np.float64(0.2287343537793931), np.float64(0.7770585953330728)]",0.1213279539964175,0.04261681608756752,0.01056646820120943,0
0.041574932757482454,0.12436984756876741,"[np.float64(6.152915035501062), np.float64(0.5612084080001496), np.float64(3.583354647407754), np.float64(5.155450706179268), np.float64(6.608633980144953), np.float64(0.7811622676054368), np.float64(0.5285732654911517)]",0.12436984756876741,0.041574932757482454,0.010745863261473606,0
0.04192130509793369,0.12333969573194149,"[np.float64(6.198320517379846), np.float64(0.9121600724372367), np.float64(3.5546577578103484), np.float64(5.195051835166037), np.float64(6.500798498701122), np.float64(0.364937804785731), np.float64(0.44515863923857824)]",0.12333969573194149,0.04192130509793369,0.010643999201482596,0
0.04099636276396852,0.12612948304140867,"[np.float64(7.637977711006828), 0.1, np.float64(3.784538430677316), np.float64(6.322299862998449), np.float64(7.978037280467916), 0, np.float64(0.8301314535985866)]",0.12612948304140867,0.04099636276396852,0.011235809607550112,0
0.04237853938359818,0.1220064331551725,"[np.float64(6.672033875576305), np.float64(1.3059721182569892), np.float64(3.2653185462762573), np.float64(4.663540126781362), np.float64(5.4210104805353945), np.float64(0.17258376509402829), np.float64(0.7646324711467813)]",0.1220064331551725,0.04237853938359818,0.010583126909708756,0
0.04239672280065383,0.12195314578209747,"[np.float64(5.72570720887035), np.float64(1.392274802258499), np.float64(3.8976828569411097), np.float64(4.151111597516671), np.float64(5.687346946886478), 1, np.float64(0.38100308011603556)]",0.12195314578209747,0.04239672280065383,0.010581961759495674,0
0.041258548073431225,0.1253260362106466,"[np.float64(6.2017431856787155), np.float64(0.28442430287267495), np.float64(3.5036535224965464), np.float64(4.78505184432442), np.float64(6.61693961926566), np.float64(0.32086635951228304), np.float64(0.4480095064332366)]",0.1253260362106466,0.041258548073431225,0.010928781000294653,0
0.041335133698601735,0.12509317197255157,"[np.float64(5.8460960809612255), np.float64(0.34739919950073683), np.float64(3.6220329127315054), np.float64(4.545703176882042), np.float64(6.611965688763999), np.float64(0.12285371626239266), np.float64(0.6665232938919687)]",0.12509317197255157,0.041335133698601735,0.01087354236304024,0
0.041076761750078315,0.12588230909417567,"[np.float64(5.921847834493235), np.float64(0.14310213117079185), np.float64(3.383493854298756), np.float64(4.50903196553745), np.float64(6.624771520065957), 0, np.float64(0.4796343268836602)]",0.12588230909417567,0.041076761750078315,0.011111255314037167,0
0.0410615626444758,0.1259289882852099,"[np.float64(7.668072607667187), 0.1, np.float64(3.395901515001285), np.float64(3.58531662961719), np.float64(4.906705678747706), np.float64(0.09076861739118691), np.float64(0.7564464839487695)]",0.1259289882852099,0.0410615626444758,0.011132181559685702,0
0.04098963204203476,0.12615024586948376,"[np.float64(8.272794405653649), 0.1, np.float64(3.801376814581731), np.float64(6.846157668879586), np.float64(8.498640865263532), 0, np.float64(0.8324878910354271)]",0.12615024586948376,0.04098963204203476,0.011247507971991536,0
0.040997792814615006,0.1261250661499983,"[np.float64(8.111637290389272), 0.1, np.float64(3.9217219555996046), np.float64(3.870384230980949), np.float64(7.87477342918786), 0, np.float64(0.6093546646444542)]",0.1261250661499983,0.040997792814615006,0.01123329969469657,0
0.04101883032381022,0.12606021351946825,"[np.float64(1.6495989070859327), 0.1, np.float64(3.997756878141019), np.float64(8.678377414395076), np.float64(6.598648587675996), np.float64(0.4324637259531439), np.float64(0.6996700622465389)]",0.12606021351946825,0.04101883032381022,0.011197749441167382,0
0.04317542551332006,0.11974829803934246,"[np.float64(6.957117298466073), np.float64(3.2027389965199458), np.float64(3.7485171863990314), np.float64(2.7496109282808243), np.float64(4.962177377017063), np.float64(0.6123079164707593), np.float64(0.5395359468084852)]",0.11974829803934246,0.04317542551332006,0.01054351604784798,0
0.040990529027883714,0.12614747846376403,"[np.float64(8.183833552958957), 0.1, np.float64(3.7990171460305273), np.float64(6.7727461825482695), np.float64(8.425685413382897), 0, np.float64(0.8321576686492316)]",0.12614747846376403,0.040990529027883714,0.011245931571852939,0
0.04098290250916695,0.12617102395693539,"[np.float64(9.246224322163968), 0.1, np.float64(3.702198136579489), np.float64(7.962454521868981), np.float64(9.08588915671562), 0, 1]",0.12617102395693539,0.04098290250916695,0.011259251565156572,0
0.04299324483964926,0.12025702566996399,"[np.float64(6.247714626143948), np.float64(2.8760270386325857), np.float64(3.537548321610566), np.float64(6.455249474975144), np.float64(5.980600964974966), np.float64(0.7479698716382372), np.float64(0.193939001774156)]",0.12025702566996399,0.04299324483964926,0.010551822352966284,0
0.0421072668034297,0.12279358758317664,"[np.float64(5.960242141085319), np.float64(1.1939136046587877), np.float64(3.6588912801662783), np.float64(4.433407626518783), np.float64(6.819565212409956), np.float64(0.7559455649170702), np.float64(0.3963775647413004)]",0.12279358758317664,0.0421072668034297,0.01061271653823799,0
0.04130112526459544,0.12519640987913083,"[np.float64(5.837340440113892), np.float64(0.3229363297420387), np.float64(3.7829346488184443), np.float64(4.487388527183201), np.float64(6.6979419368100235), np.float64(0.34171772436468595), np.float64(0.4256921879683592)]",0.12519640987913083,0.04130112526459544,0.010896997675041651,0
0.04230011200945421,0.12223329639291018,"[np.float64(5.45429849117149), np.float64(1.403924337187192), np.float64(3.2546356232243587), np.float64(4.631784516309587), np.float64(6.432967912677202), np.float64(0.2692974903969605), np.float64(0.3635225959624917)]",0.12223329639291018,0.04230011200945421,0.010590271561103263,0
0.04098004629161007,0.1261798277411551,"[np.float64(9.320526591242396), 0.1, np.float64(3.8291676980268656), np.float64(7.710757936203891), np.float64(9.357870208667476), 0, np.float64(0.8363770693867898)]",0.1261798277411551,0.04098004629161007,0.011264211202670281,0
0.042518766266360634,0.1216090643387623,"[np.float64(5.551361774307554), np.float64(1.6562954723249095), np.float64(3.0444820100962406), np.float64(3.1758587265594866), np.float64(5.969535337180342), 1, 1]",0.1216090643387623,0.042518766266360634,0.010572621047033963,0
0.04209653296487298,0.12282506309872313,"[np.float64(6.224822887359729), np.float64(1.1102425557413191), np.float64(3.489670844931286), np.float64(5.314108901859903), np.float64(6.392166967609518), np.float64(0.49135280467810694), np.float64(0.33306066498145853)]",0.12282506309872313,0.04209653296487298,0.010614272131803328,0
0.042309492992946125,0.12220522783185203,"[np.float64(5.788166635211384), np.float64(1.4941718160907471), np.float64(3.6351599311311), np.float64(3.888392864507043), np.float64(6.800730110358178), 1, np.float64(0.07075356638005792)]",0.12220522783185203,0.042309492992946125,0.010589564096949408,0
0.040981072341365186,0.12617666065610875,"[np.float64(9.199123165091375), 0.1, np.float64(3.825947496803299), np.float64(7.6105744769687655), np.float64(9.258309092216601), 0, np.float64(0.8359264202769674)]",0.12617666065610875,0.040981072341365186,0.01126241074634888,0
0.040992302697206405,0.12614201754458934,"[np.float64(8.219924955577568), 0.1, np.float64(3.6991507619886574), np.float64(7.055003758676957), np.float64(8.285053446290162), 0, 1]",0.12614201754458934,0.040992302697206405,0.01124287361529498,0
0.04101075485862155,0.12608510110648943,"[np.float64(6.066293579962995), 0.1, np.float64(3.906023692374934), np.float64(4.502849292601722), np.float64(7.040932285360655), 0, np.float64(0.06963465979059386)]",0.12608510110648943,0.04101075485862155,0.011211165463030928,0
0.04219669886892303,0.12253267625622973,"[np.float64(5.803477021243107), np.float64(1.1500741087615094), np.float64(3.7874995990910434), np.float64(4.368114526996838), np.float64(5.867258917473037), 1, np.float64(0.3153257203209249)]",0.12253267625622973,0.04219669886892303,0.010601794933552544,0
0.04138390042042794,0.12494536237591493,"[np.float64(5.915072136186398), np.float64(0.39446572246149364), np.float64(3.769667468064661), np.float64(4.631566073359181), np.float64(6.714638096257651), np.float64(0.2444903740418819), np.float64(0.518453155347958)]",0.12494536237591493,0.04138390042042794,0.010842493142494088,0
0.040983300492268976,0.1261697836249822,"[np.float64(8.94358334283369), 0.1, np.float64(3.8191693549139543), np.float64(7.399700169893959), np.float64(9.048744742937162), 0, np.float64(0.8349778573156442)]",0.1261697836249822,0.040983300492268976,0.011258509030085125,0
0.04265765297679197,0.12120537404257757,"[np.float64(5.652456996996547), np.float64(2.235047565363649), np.float64(3.6232108832937104), np.float64(4.057587617211009), np.float64(6.989204584154958), np.float64(0.5898647446098044), np.float64(0.5740429872876913)]",0.12120537404257757,0.04265765297679197,0.010564025929478325,0
0.04103610811428283,0.12600774376010154,"[np.float64(6.336167358443152), 0.1, np.float64(3.297209337389872), np.float64(4.39647776345823), np.float64(5.81340948593922), 0, np.float64(0.44919347818515265)]",0.12600774376010154,0.04103610811428283,0.01117034517611034,0
0.04155025563592941,0.12444387965355332,"[np.float64(5.667627455094437), np.float64(0.5954988411368731), np.float64(3.6326950614430333), np.float64(4.938970389556227), np.float64(7.3693638842620635), np.float64(0.7908093425492301), np.float64(0.358430293219994)]",0.12444387965355332,0.04155025563592941,0.010756319139622906,0
0.04319614263762277,0.11969081013644862,"[np.float64(4.039691688750894), np.float64(5.114305502575445), np.float64(3.4837689583087803), np.float64(5.665151614009726), np.float64(7.886246855967179), np.float64(0.3123496480419142), np.float64(0.25664019290369683)]",0.11969081013644862,0.04319614263762277,0.01054295468303458,0
0.04098047143593286,0.12617851543810596,"[np.float64(9.269929874062043), 0.1, np.float64(3.827825630379039), np.float64(7.669004961730472), np.float64(9.316376604978247), 0, np.float64(0.8361892545426775)]",0.12617851543810596,0.04098047143593286,0.011263438977717989,0
0.04100203985937097,0.12611198531116335,"[np.float64(7.3199973025718315), 0.1, np.float64(3.696478620942251), np.float64(6.259290478395095), np.float64(7.582827346586445), 0, 1]",0.12611198531116335,0.04100203985937097,0.011226033934156809,0
0.042083732524774424,0.12286308073064979,"[np.float64(6.290936419873535), np.float64(1.0675221914103998), np.float64(3.292536840763877), np.float64(5.261560168723367), np.float64(6.228139108760206), np.float64(0.7570796398412469), np.float64(0.0676571360291241)]",0.12286308073064979,0.042083732524774424,0.010616081509078923,0
0.043318857454595565,0.11935084213390566,"[np.float64(7.30056554724294), np.float64(4.173481259862595), np.float64(3.775837905720302), np.float64(1.8096014135468121), np.float64(4.176069203409145), np.float64(0.7949722146156909), np.float64(0.4592617939769037)]",0.11935084213390566,0.043318857454595565,0.010539390744355497,0
0.04147624961092571,0.12466648632941255,"[np.float64(6.085603823770447), np.float64(0.4776328402247004), np.float64(3.6303201632390785), np.float64(4.90918661408214), np.float64(6.725118958840729), 0, np.float64(0.7085267230464857)]",0.12466648632941255,0.04147624961092571,0.010791249888158657,0
0.04105128139189258,0.12596129421903174,"[np.float64(6.98787416589605), 0.1, np.float64(3.26615007164077), np.float64(3.8082672234508905), np.float64(5.24644141621102), np.float64(0.16482451145226262), np.float64(0.596735912471957)]",0.12596129421903174,0.04105128139189258,0.01114740061832155,0
0.0409944403439427,0.12613541259144623,"[np.float64(7.81184790324062), 0.1, np.float64(3.789150302216069), np.float64(6.4657794818865435), np.float64(8.120625599472941), 0, np.float64(0.8307768591677616)]",0.12613541259144623,0.0409944403439427,0.011239128188092962,0
0.04323131508766674,0.11959316555500486,"[np.float64(3.8623281014291124), np.float64(5.6562117161535035), np.float64(3.5249653349420895), np.float64(5.8557863412934825), np.float64(8.112578054495682), np.float64(0.28988532808382456), np.float64(0.2690725365017198)]",0.11959316555500486,0.04323131508766674,0.010541953112721126,0
0.04121817558855698,0.12544953511135581,"[np.float64(6.379489472443213), np.float64(0.21226545615067893), np.float64(3.3295058329302316), np.float64(4.180392443781155), np.float64(5.497192749580945), 0, np.float64(0.2716650044240747)]",0.12544953511135581,0.04121817558855698,0.010961832890064006,0
0.0426920851382885,0.12110737085199691,"[np.float64(5.424756207250675), np.float64(2.105109724398795), np.float64(3.671070116010413), np.float64(2.7479608495851213), np.float64(6.29103486569499), 1, np.float64(0.9819492526550205)]",0.12110737085199691,0.0426920851382885,0.010562155020159785,0
0.04281178148614797,0.12076815121835646,"[np.float64(6.283036564963115), np.float64(2.3073309177611896), np.float64(3.3966235993070737), np.float64(6.071756574579714), np.float64(6.001729637600735), np.float64(0.8394731798507084), np.float64(0.06662211305502885)]",0.12076815121835646,0.04281178148614797,0.010559437556896333,0
0.04105719705712679,0.12594222873051766,"[np.float64(5.833067729859807), np.float64(0.12866506530610078), np.float64(3.4991749875232316), np.float64(4.379636868291036), np.float64(6.629546466044741), np.float64(0.03522513270514249), np.float64(0.3859355821012087)]",0.12594222873051766,0.04105719705712679,0.011138345425988273,0
0.04145436413854046,0.12473656800824715,"[np.float64(5.792341220157953), np.float64(0.40709910012852024), np.float64(3.1049408387360398), np.float64(4.2764494534033926), np.float64(5.943604196367383), np.float64(0.280122034663306), np.float64(0.34620252711222643)]",0.12473656800824715,0.04145436413854046,0.010803309002033358,0
0.041007402346186286,0.12609544318228338,"[np.float64(6.739026118275875), 0.1, np.float64(3.7606939222427815), np.float64(5.58047499775386), np.float64(7.240820654503418), 0, np.float64(0.826794548307844)]",0.12609544318228338,0.041007402346186286,0.011216865259834386,0
0.04172321422750564,0.12392696711183022,"[np.float64(5.802112933176549), np.float64(0.7062641933256284), np.float64(3.394556331094253), np.float64(3.736526759269691), np.float64(6.590698905350056), np.float64(0.3020772134990143), 0]",0.12392696711183022,0.04172321422750564,0.010693259329810708,0
0.04097529947878013,0.12619449452559037,"[10, 0.1, np.float64(3.7050907876548504), np.float64(8.823831535998377), np.float64(9.84606425495233), 0, 1]",0.12619449452559037,0.04097529947878013,0.011272471825626542,0
0.042329541882517176,0.12214717588754,"[np.float64(5.785146595146603), np.float64(1.319956629472074), np.float64(3.879181105679374), np.float64(4.274570273585186), np.float64(5.809718050191141), np.float64(0.983729488122489), np.float64(0.4456235400484631)]",0.12214717588754,0.042329541882517176,0.010587719826810123,0
0.04303897360237889,0.12012908675074324,"[np.float64(6.277476160628158), np.float64(3.0116617138762294), np.float64(3.4589077070530814), np.float64(6.532427423046898), np.float64(5.8759062686822245), np.float64(0.8819058301280696), np.float64(0.07035800583971497)]",0.12012908675074324,0.04303897360237889,0.010561460786711718,0
0.04097504917292379,0.1261954209480965,"[np.float64(4.111049487104575), 0.1, np.float64(3.483229602580805), np.float64(6.6052359462536465), np.float64(9.878459389574171), 1, 0]",0.1261954209480965,0.04097504917292379,0.011270270205282552,0
0.041176011471172586,0.1255782139472683,"[np.float64(6.014741060234067), np.float64(0.21946145630365854), np.float64(3.35400505152388), np.float64(4.67654717646436), np.float64(6.641490450595665), 0, np.float64(0.5888273346393397)]",0.1255782139472683,0.041176011471172586,0.01099980412495032,0
0.04098337275711549,0.12616956059728507,"[np.float64(8.935475335503485), 0.1, np.float64(3.818954291666127), np.float64(7.393009351952517), np.float64(9.042095488566178), 0, np.float64(0.8349477604196864)]",0.12616956059728507,0.04098337275711549,0.011258389795582528,0
0.042635668156280976,0.1212745492379563,"[np.float64(5.196594021170348), np.float64(2.00520401102842), np.float64(3.0349172442604377), np.float64(4.69368445882301), np.float64(6.4000262062433215), np.float64(0.24305698467610048), np.float64(0.30028288201530706)]",0.1212745492379563,0.042635668156280976,0.010565380556202233,0
0.040980481433427,0.12617849688310825,"[np.float64(9.540853423551743), 0.1, np.float64(3.7030729741429917), np.float64(8.222964672822492), np.float64(9.315792353973443), 0, 1]",0.12617849688310825,0.040980481433427,0.011263452443500133,0
0.04100840347834291,0.12609265624499777,"[np.float64(6.421329865452266), 0.1, np.float64(3.3925005846397234), np.float64(5.782194233288479), np.float64(7.185949897747141), np.float64(0.5328356937064262), np.float64(0.6328910954856894)]",0.12609265624499777,0.04100840347834291,0.011215394158362646,0
0.04319732040046632,0.11968752142952753,"[np.float64(6.266783383693457), np.float64(3.81643371922397), np.float64(3.542830059321962), np.float64(7.060415719391386), np.float64(5.743464659014636), np.float64(0.9126891175350064), np.float64(0.09212106188497898)]",0.11968752142952753,0.04319732040046632,0.010546698907240852,0
0.04101899630733555,0.12605970201755856,"[np.float64(1.7029895116804523), 0.1, np.float64(4.006961535111597), np.float64(8.502321330002303), np.float64(6.590085670463161), np.float64(0.5018495407083644), np.float64(0.6348202485778127)]",0.12605970201755856,0.04101899630733555,0.011197403908619025,0
0.04097728734857761,0.12618848215330522,"[np.float64(4.30712490899454), 0.1, np.float64(3.5039529220107903), np.float64(6.587127918890825), np.float64(9.640302559725043), 1, 0]",0.12618848215330522,0.04097728734857761,0.011266735035432648,0
0.040994053912557823,0.12613660457570164,"[np.float64(7.847489475715486), 0.1, np.float64(3.790095687687733), np.float64(6.495191304405206), np.float64(8.149854714829603), 0, np.float64(0.8309091605649931)]",0.12613660457570164,0.040994053912557823,0.011239779321566461,0
0.040992509909260635,0.12614137829422842,"[np.float64(8.199189227853438), 0.1, np.float64(3.6990891917179876), np.float64(7.036669291599197), np.float64(8.268873068728032), 0, 1]",0.12614137829422842,0.040992509909260635,0.011242510923644217,0
0.041683079798043345,0.1240463698797526,"[np.float64(6.005360360351248), np.float64(0.6398724639883127), np.float64(3.570525384907329), np.float64(4.8868827780546615), np.float64(6.318389180545856), 1, np.float64(0.26548736687173113)]",0.1240463698797526,0.041683079798043345,0.010706671650725684,0
0.041478065529903504,0.12466145531859821,"[np.float64(6.2610323027333505), np.float64(0.4594144066220558), np.float64(3.340780377686232), np.float64(4.87680772426371), np.float64(6.427343973154425), np.float64(0.5788832354120402), np.float64(0.2043442924100448)]",0.12466145531859821,0.041478065529903504,0.01079038376227378,0
0.04303651795662159,0.12013575149906099,"[np.float64(6.543224664022819), np.float64(2.8224157114212525), np.float64(3.7055126153897016), np.float64(2.862692253251828), np.float64(5.495306216966586), 1, np.float64(0.2690809819591572)]",0.12013575149906099,0.04303651795662159,0.010547725820175602,0
0.043175200640389516,0.11974931893250859,"[np.float64(4.118045531530486), np.float64(4.7368479448994005), np.float64(3.3229057220485307), np.float64(5.438742097380085), np.float64(7.584008329259623), np.float64(0.34291520913928664), np.float64(0.19566698548489683)]",0.11974931893250859,0.043175200640389516,0.010543570359427362,0
0.04099291384331545,0.1261401213595293,"[np.float64(7.954029917991404), 0.1, np.float64(3.792921651282446), np.float64(6.583109663829132), np.float64(8.237226922653171), 0, np.float64(0.8313046383286271)]",0.1261401213595293,0.04099291384331545,0.011241757302901997,0
0.04102913528406368,0.1260293111325571,"[np.float64(5.75087657038468), 0.1, np.float64(3.283389831084952), np.float64(5.326669108233037), np.float64(6.114883537271641), np.float64(0.16076987695428047), np.float64(0.34121294225538085)]",0.1260293111325571,0.04102913528406368,0.011181454894255533,0
0.041156559914599655,0.12563765691229545,"[np.float64(6.642852200049434), np.float64(0.20826592854041426), np.float64(3.3703324832600883), np.float64(4.839879364005345), np.float64(6.779765346339318), np.float64(0.5929155141696171), np.float64(0.31385841310653306)]",0.12563765691229545,0.041156559914599655,0.01101881115101736,0
0.04170310032972264,0.12398666814403131,"[np.float64(5.9857855417482195), np.float64(0.6555889094833565), np.float64(3.571899841471525), np.float64(4.84926928805418), np.float64(6.279176285469341), 1, np.float64(0.23596143017042592)]",0.12398666814403131,0.04170310032972264,0.010700165488119355,0
0.040980335911126625,0.12617905227024678,"[np.float64(4.490457461864686), 0.1, np.float64(3.521276629060809), np.float64(6.362528677908946), np.float64(9.333268309880737), 1, 0]",0.12617905227024678,0.040980335911126625,0.011262266946387144,0
0.04133536920926342,0.12509296681447385,"[np.float64(5.908986682153179), np.float64(0.33137455427349627), np.float64(3.327210352302054), np.float64(4.2050425245973), np.float64(6.282799947099748), np.float64(0.1260583586131302), np.float64(0.7053437553890745)]",0.12509296681447385,0.04133536920926342,0.01087350403187319,0
0.04160650353829266,0.12427519583697276,"[np.float64(6.103403656169665), np.float64(0.6047499792448848), np.float64(3.792794870177758), np.float64(5.000280023298449), np.float64(6.7682000793196195), np.float64(0.06950893850969475), np.float64(0.7499316600678984)]",0.12427519583697276,0.04160650353829266,0.010733352081953747,0
0.04098878316203726,0.12615286497036513,"[np.float64(8.358303235824831), 0.1, np.float64(3.8036449189365493), np.float64(6.91672050778202), np.float64(8.568765365602271), 0, np.float64(0.832805299525618)]",0.12615286497036513,0.04098878316203726,0.011248945127128917,0
0.042594594555312025,0.12138523785987293,"[np.float64(5.2201267140215455), np.float64(1.7953313540705595), np.float64(3.690243508182835), np.float64(4.402591321966237), np.float64(5.944269037643341), 0, np.float64(0.912596513366321)]",0.12138523785987293,0.042594594555312025,0.010567643633860337,0
0.04234798404844432,0.12209384945955702,"[np.float64(5.810737835589815), np.float64(1.3560529929134415), np.float64(3.9103828558997185), np.float64(4.302453948707742), np.float64(5.853382567658313), np.float64(0.7619343070016769), np.float64(0.5418831847593584)]",0.12209384945955702,0.04234798404844432,0.010585724270818157,0
0.04192881940357334,0.12331773196335075,"[np.float64(6.250634434294197), np.float64(0.9030707621711844), np.float64(3.4002826926333407), np.float64(5.169562838735365), np.float64(6.36608333528445), np.float64(0.5774852915519811), np.float64(0.2344962456102841)]",0.12331773196335075,0.04192881940357334,0.010642494879094334,0
0.04101841703901085,0.126061486509711,"[np.float64(2.5561767537102984), 0.1, np.float64(4.039935411772198), np.float64(7.32212402949064), np.float64(6.620046554881387), np.float64(0.6453265307871837), np.float64(0.4754176647942868)]",0.126061486509711,0.04101841703901085,0.011198231122410487,0
0.04241003828894037,0.12191478213866298,"[np.float64(6.032246333158657), np.float64(1.6080583136863944), np.float64(3.6619299435059642), np.float64(3.964292443678187), np.float64(6.544253281091223), np.float64(0.969719888999031), np.float64(0.2815890145132379)]",0.12191478213866298,0.04241003828894037,0.010580528989906949,0
0.04109203160614165,0.12583513485242703,"[np.float64(5.8098369473221325), np.float64(0.1549936129873526), np.float64(3.57444285484718), np.float64(4.361568204142635), np.float64(6.641468949956264), np.float64(0.142439579709143), np.float64(0.3668996217752028)]",0.12583513485242703,0.04109203160614165,0.011091313387963707,0
0.041003294722688925,0.12610810662556146,"[np.float64(7.055101387279925), 0.1, np.float64(3.7690777545632947), np.float64(5.841303829619839), np.float64(7.500029209502582), 0, np.float64(0.8279678186440235)]",0.12610810662556146,0.041003294722688925,0.011223874382891949,0
0.041027305561746386,0.12603460226547944,"[np.float64(5.795884025347611), 0.1, np.float64(3.340793913107736), np.float64(5.291455606526632), np.float64(6.193134003072017), np.float64(0.14270166823741182), np.float64(0.3932247575519473)]",0.12603460226547944,0.041027305561746386,0.011184198892146835,0
0.04267655327308324,0.12115176266945774,"[np.float64(6.276943060048259), np.float64(2.004220040742392), np.float64(3.3947662291270815), np.float64(5.87668031534078), np.float64(6.078025581287049), np.float64(0.7865960789497282), np.float64(0.09922743560252834)]",0.12115176266945774,0.04267655327308324,0.010563200993852086,0
0.04101838769796274,0.1260615770696115,"[np.float64(2.26300795778645), 0.1, np.float64(4.020516785357547), np.float64(7.843414376698656), np.float64(6.621573554979827), np.float64(0.5276071344747627), np.float64(0.5923430417201584)]",0.1260615770696115,0.04101838769796274,0.01119843573319375,0
0.04306043910779797,0.12006945638851461,"[np.float64(4.499319786179642), np.float64(3.7603169013251416), np.float64(3.2814127723306923), np.float64(5.183358816419109), np.float64(7.222637366895089), np.float64(0.3268050982299616), np.float64(0.23362325817719362)]",0.12006945638851461,0.04306043910779797,0.01054713225088556,0
0.04098147222080709,0.12617542640058435,"[np.float64(9.152456928844963), 0.1, np.float64(3.824709684364027), np.float64(7.572064979132737), np.float64(9.220038816586378), 0, np.float64(0.835753195364871)]",0.12617542640058435,0.04098147222080709,0.011261704312115067,0
0.04195097588547088,0.12325219800518471,"[np.float64(6.096952032514093), np.float64(0.9640851902751635), np.float64(3.6928470518302015), np.float64(5.177877588680664), np.float64(6.628468063498329), 0, np.float64(0.9784670205030327)]",0.12325219800518471,0.04195097588547088,0.010638210831482278,0
0.042461115396322406,0.12176774594736281,"[np.float64(5.7157283697058725), np.float64(1.4848875488661992), np.float64(3.9476693444303472), np.float64(4.100138127167532), np.float64(5.656004892889179), np.float64(0.971232540271566), np.float64(0.45206879201931266)]",0.12176774594736281,0.042461115396322406,0.010576674067178106,0
0.0409777013603483,0.1261872065300887,"[np.float64(4.303364247322877), 0.1, np.float64(3.502406949294022), np.float64(6.471289174619482), np.float64(9.597675340874606), 1, 0]",0.1261872065300887,0.0409777013603483,0.011266158734721097,0
0.04133493295217094,0.12509376671136332,"[np.float64(5.93384251496146), np.float64(0.3513999271055439), np.float64(3.6762794980291535), np.float64(4.63473608932769), np.float64(6.697279086519457), np.float64(0.12215855605581782), np.float64(0.5298660807554912)]",0.12509376671136332,0.04133493295217094,0.010873681771417702,0
0.04302019578531161,0.1201838923764539,"[np.float64(4.566831840303088), np.float64(3.423412579144632), np.float64(3.13274682659777), np.float64(4.976790209358419), np.float64(6.947162492631494), np.float64(0.35537872781349666), np.float64(0.1765446379641274)]",0.1201838923764539,0.04302019578531161,0.010548519255471326,0
0.040986608076226665,0.1261595763946722,"[np.float64(8.58346652429536), 0.1, np.float64(3.809617329436177), np.float64(7.102527760895892), np.float64(8.753418378244517), 0, np.float64(0.833641104895622)]",0.1261595763946722,0.040986608076226665,0.011252749160749777,0
0.04102356677214789,0.12604595028157106,"[np.float64(6.066537964117675), 0.1, np.float64(3.385883672446447), np.float64(5.129123712538409), np.float64(6.3671397275960455), np.float64(0.1284451413915204), np.float64(0.3948390589153817)]",0.12604595028157106,0.04102356677214789,0.011190142021716335,0
0.04272435029857903,0.12101567997681342,"[np.float64(5.409456643082275), np.float64(2.182918263351252), np.float64(3.716425729033307), np.float64(2.663300486913093), np.float64(6.2936842538061875), 1, np.float64(0.9829345013619257)]",0.12101567997681342,0.04272435029857903,0.01056051037681491,0
0.04316869167080378,0.11976714444934991,"[np.float64(6.277699162956997), np.float64(3.6219106498268516), np.float64(3.4980545647213113), np.float64(6.929677848272662), np.float64(5.753735034703294), np.float64(0.9392313070476102), np.float64(0.053273424495759336)]",0.11976714444934991,0.04316869167080378,0.010550975348506053,0
0.04102221093547836,0.12604979846295167,"[0.1, 0.1, np.float64(4.00059174801159), 10, np.float64(6.428147919670221), np.float64(0.7447465727296184), np.float64(0.4778568364654417)]",0.12604979846295167,0.04102221093547836,0.011191933682652038,0
0.04098267186401719,0.12617172376524113,"[np.float64(9.014583864272868), 0.1, np.float64(3.8210526293260614), np.float64(7.458290590863019), np.float64(9.106971198377433), 0, np.float64(0.835241411012586)]",0.12617172376524113,0.04098267186401719,0.011259618727101841,0
0.0425258436270839,0.12158194754125544,"[np.float64(5.683066808786003), np.float64(1.5730751756791108), np.float64(3.986060971574581), np.float64(4.014087770134593), np.float64(5.5822616137518795), np.float64(0.9406164272333586), np.float64(0.46587804700374913)]",0.12158194754125544,0.0425258436270839,0.01057200577799074,0
0.042022743555502756,0.12304136642335343,"[np.float64(5.594276427612211), np.float64(1.043495200539362), np.float64(3.4254995874881065), np.float64(3.9648730112168327), np.float64(6.568059675538951), np.float64(0.7220976499566214), np.float64(0.9159945921346632)]",0.12304136642335343,0.042022743555502756,0.010625525761012795,0
0.04098865711172827,0.12615325389036425,"[np.float64(8.371111665220301), 0.1, np.float64(3.8039846599250775), np.float64(6.927290166356654), np.float64(8.579269365127036), 0, np.float64(0.8328528443724834)]",0.12615325389036425,0.04098865711172827,0.011249199344560498,0
0.04106255536443886,0.12592846511943878,"[np.float64(7.39752017593719), 0.1, np.float64(3.1511568709377515), np.float64(3.727057289010285), np.float64(4.901521106398878), np.float64(0.016626000518095374), np.float64(0.7237429660064101)]",0.12592846511943878,0.04106255536443886,0.011131955547149436,0
0.041010103424853804,0.12608711371729434,"[np.float64(6.035716144148529), 0.1, np.float64(3.799050801824854), np.float64(4.363155519392578), np.float64(7.079042228001776), 0, np.float64(0.013871619306689953)]",0.12608711371729434,0.041010103424853804,0.011212284619119741,0
0.042267535021104446,0.12232681641459968,"[np.float64(5.5097549388856555), np.float64(1.4048222781875637), np.float64(3.764329270431793), np.float64(3.5929586747589495), np.float64(6.687932027234318), np.float64(0.8518316145253133), np.float64(0.9025329828830927)]",0.12232681641459968,0.042267535021104446,0.010593442988383259,0
0.041015899038833646,0.12606995833951395,"[np.float64(6.242094967433732), 0.1, np.float64(3.301867113152669), np.float64(3.9397167604197074), np.float64(6.765695475444739), np.float64(0.36757836913384595), np.float64(0.31915148250942543)]",0.12606995833951395,0.041015899038833646,0.011202951541328244,0
0.04152302123458545,0.1245256815425413,"[np.float64(6.02066102622715), np.float64(0.5226768221720546), np.float64(3.798050126126784), np.float64(4.843696667604829), np.float64(6.748324408779813), np.float64(0.16328440797550647), np.float64(0.6501106622633385)]",0.1245256815425413,0.04152302123458545,0.01076867111516381,0
0.04106991913222365,0.12590379856435344,"[np.float64(7.769201050460822), 0.1, np.float64(3.2890644504366935), np.float64(3.408165444661207), np.float64(4.667442057675264), np.float64(0.10780646322154158), np.float64(0.7232500009297614)]",0.12590379856435344,0.04106991913222365,0.011120739137089837,0
0.04098660526549013,0.12615958506792022,"[np.float64(8.583763289714295), 0.1, np.float64(3.8096252010786458), np.float64(7.102772655024442), np.float64(8.753661751083072), 0, np.float64(0.8336422064878597)]",0.12615958506792022,0.04098660526549013,0.011252750439233973,0
0.04100404839076194,0.12610577741935508,"[np.float64(7.362727942972198), 0.1, np.float64(3.855452093069913), np.float64(4.309928883270828), np.float64(7.451095370816299), 0, np.float64(0.6655365331939808)]",0.12610577741935508,0.04100404839076194,0.011222551839231806,0
0.04110526314955617,0.12579712449792194,"[np.float64(7.006921851592477), np.float64(0.18939854538830758), np.float64(3.157598195108745), np.float64(3.448472482179543), np.float64(7.729054178197382), np.float64(0.4444680364655676), np.float64(0.601167290702403)]",0.12579712449792194,0.04110526314955617,0.01107607441610961,0
0.04133916454166465,0.12508109098372233,"[np.float64(6.144101604953077), np.float64(0.35114834891363467), np.float64(3.457476622686557), np.float64(5.220130436971262), np.float64(6.620114983008145), 1, np.float64(0.2942506271630454)]",0.12508109098372233,0.04133916454166465,0.010875054270991398,0
0.04101548584682171,0.12607077384452361,"[np.float64(6.211400775687741), 0.1, np.float64(3.4136286709220274), np.float64(4.166153991162365), np.float64(6.780020806044588), np.float64(0.2728976851964887), np.float64(0.43413881619623057)]",0.12607077384452361,0.04101548584682171,0.011203393364733591,0
0.04098638241771908,0.12616037518659945,"[np.float64(4.766962004305123), 0.1, np.float64(3.5451071056262027), np.float64(5.791377543978285), np.float64(8.775790847676763), 1, 0]",0.12616037518659945,0.04098638241771908,0.011256911527755622,0
0.040992227346064565,0.1261422391001883,"[np.float64(8.019203675087777), 0.1, np.float64(3.7946503719536824), np.float64(6.63689177397438), np.float64(8.290674936646957), 0, np.float64(0.8315465630959128)]",0.1261422391001883,0.040992227346064565,0.011242971034069958,0
0.04160044411579069,0.12429525262522918,"[np.float64(6.099584138617171), np.float64(0.5371364972512698), np.float64(3.186791023982274), np.float64(4.296103263148537), np.float64(6.026887983839103), np.float64(0.008354661373777494), np.float64(0.8206814045995917)]",0.12429525262522918,0.04160044411579069,0.010735982703171406,0
0.04270851179388324,0.1210606708757941,"[np.float64(5.019976820329193), np.float64(1.985077051197392), np.float64(3.689649206246915), np.float64(4.225619397694239), np.float64(5.788089283932852), 0, np.float64(0.8975604797085106)]",0.1210606708757941,0.04270851179388324,0.010561364585162266,0
0.04236343806586348,0.12204919987229798,"[np.float64(5.803325866515539), np.float64(1.3753981428756752), np.float64(3.9187063058723566), np.float64(4.2831772158003005), np.float64(5.836737388800305), np.float64(0.7565460897969344), np.float64(0.54433750049289)]",0.12204919987229798,0.04236343806586348,0.01058435199967708,0
0.04305248825390697,0.12009110437447382,"[np.float64(6.234222623501335), np.float64(3.114639829641942), np.float64(3.5927725676287587), np.float64(6.615657999306656), np.float64(5.9682692130052395), np.float64(0.7149952761292098), np.float64(0.242003293820584)]",0.12009110437447382,0.04305248825390697,0.010548065864561878,0
0.04212762481553936,0.12273409910848075,"[np.float64(6.0194323351351855), np.float64(1.2126794445662075), np.float64(3.665496119856255), np.float64(4.463246610141807), np.float64(6.762012802460033), np.float64(0.6636802159454098), np.float64(0.45162282613075533)]",0.12273409910848075,0.04212762481553936,0.010609967272179029,0
0.04199062947479767,0.12313887779907864,"[np.float64(6.353072594600641), np.float64(0.8576714799196379), np.float64(3.1193394739123597), np.float64(4.153699025558781), np.float64(5.54758283755336), np.float64(0.24300050793332356), np.float64(0.6977122650112135)]",0.12313887779907864,0.04199062947479767,0.01063120356669348,0
0.04163173707955607,0.12419968273246151,"[np.float64(6.1382824208707785), np.float64(0.6303153656703133), np.float64(3.777081256142994), np.float64(5.061548560993663), np.float64(6.77337667023403), np.float64(0.015183516271753295), np.float64(0.7903650914102126)]",0.12419968273246151,0.04163173707955607,0.010723833864158221,0
0.041035930134102214,0.12600804691294487,"[np.float64(6.40272704310706), 0.1, np.float64(3.340802255109305), np.float64(4.212735115421403), np.float64(5.8174630642209175), np.float64(0.18710891878287514), np.float64(0.5434374280948291)]",0.12600804691294487,0.041035930134102214,0.011170495994234631,0
0.04100528150778062,0.12610226420929646,"[np.float64(6.384551411046255), 0.1, np.float64(3.3992708623487884), np.float64(3.644332862483762), np.float64(7.378377456719819), np.float64(0.5784521996838289), np.float64(0.5084903357773026)]",0.12610226420929646,0.04100528150778062,0.011220583463132632,0
0.040990097212542584,0.12614881069721057,"[np.float64(8.22648325055182), 0.1, np.float64(3.8001484205977083), np.float64(6.80794118795833), np.float64(8.460661786317836), 0, np.float64(0.832315984183346)]",0.12614881069721057,0.040990097212542584,0.01124667126490647,0
0.04221572865650321,0.12247739439186077,"[np.float64(6.074518550369329), np.float64(1.4148874115323817), np.float64(3.502410484810454), np.float64(4.035820932568745), np.float64(7.16833896731742), np.float64(0.4587310087970744), np.float64(0.6342653673760758)]",0.12247739439186077,0.04221572865650321,0.010599127903530868,0
0.041005375173933746,0.12610170150711222,"[np.float64(7.043215238720374), 0.1, np.float64(3.695656776307011), np.float64(6.014560623484165), np.float64(7.366850441646159), 0, 1]",0.12610170150711222,0.041005375173933746,0.011220331909885478,0
0.0419327338639376,0.12330594543263337,"[np.float64(6.020917630079485), np.float64(0.9006000696767149), np.float64(3.7286015878331176), np.float64(4.8140819301629225), np.float64(6.312892293291407), np.float64(0.6971679624965785), np.float64(0.5670696364480292)]",0.12330594543263337,0.0419327338639376,0.01064168232156962,0
0.04311285447394375,0.1199225278876902,"[np.float64(6.220683588153153), np.float64(3.3989416542773627), np.float64(3.6511150567775323), np.float64(6.80583230624589), np.float64(5.946956877734418), np.float64(0.6860526616625762), np.float64(0.2890453942429471)]",0.1199225278876902,0.04311285447394375,0.010545764106397975,0
0.04101952568493283,0.12605807091315552,"[np.float64(1.5560570754332694), 0.1, np.float64(4.016343569343588), np.float64(8.490028861469202), np.float64(6.562912861175843), np.float64(0.6045380754683893), np.float64(0.5465424487542553)]",0.12605807091315552,0.04101952568493283,0.011196515106734905,0
0.04099136490713631,0.12614489969590767,"[np.float64(8.102193030713112), 0.1, np.float64(3.796851647757837), np.float64(6.705375514424155), np.float64(8.358733253957695), 0, np.float64(0.8318546193050578)]",0.12614489969590767,0.04099136490713631,0.011244439057325233,0
0.042797742956252674,0.12080763932413065,"[np.float64(5.304004049829931), np.float64(2.52561241136522), np.float64(3.7743264171916304), np.float64(4.431054390026313), np.float64(6.732553782501265), np.float64(0.5165555569395912), np.float64(0.6338469957297329)]",0.12080763932413065,0.042797742956252674,0.010557096476384996,0
0.04097493853612557,0.12619560897033708,"[10, 0.1, np.float64(3.7052393193802446), np.float64(8.868061486583693), np.float64(9.885097693829476), 0, 1]",0.12619560897033708,0.04097493853612557,0.011273106766746383,0
0.04100803241780891,0.12609368524871664,"[np.float64(5.93369268835823), 0.1, np.float64(3.443412535720586), np.float64(3.8973711269428266), np.float64(7.2061219193262875), 0, 0]",0.12609368524871664,0.04100803241780891,0.011215887654681615,0
0.0424350119319229,0.12184283574826082,"[np.float64(5.6872734515396175), np.float64(1.4326848329455035), np.float64(3.9059461525736703), np.float64(4.073669923254047), np.float64(5.609073510261054), 1, np.float64(0.3327541594797997)]",0.12184283574826082,0.0424350119319229,0.010578888238434704,0
0.04289380562043073,0.12053643474554443,"[np.float64(6.347304161904707), np.float64(2.477817637192288), np.float64(3.687257029212116), np.float64(3.1287722473791892), np.float64(5.834007360468684), 1, np.float64(0.21759567986373918)]",0.12053643474554443,0.04289380562043073,0.01055302082707892,0
0.041016682642364445,0.12606708309710055,"[np.float64(5.624116746254216), 0.1, np.float64(3.414797488756381), np.float64(4.180496024119305), np.float64(6.715621482495101), np.float64(0.048740026559561334), np.float64(0.7171188185826607)]",0.12606708309710055,0.041016682642364445,0.01120140583870308,0
0.04104102494262537,0.12599200391573573,"[np.float64(6.934796781324408), 0.1, np.float64(3.4809937425793747), np.float64(4.082517928619074), np.float64(5.609622604398169), np.float64(0.12057514723525697), np.float64(0.6858371771050736)]",0.12599200391573573,0.04104102494262537,0.011162425056646656,0
0.0409768548574994,0.12618967969732334,"[np.float64(9.714146542225688), 0.1, np.float64(3.839608387288797), np.float64(8.035577503193805), np.float64(9.68067198634124), 0, np.float64(0.83783818532184)]",0.12618967969732334,0.0409768548574994,0.01126972240188829,0
0.0410451795653172,0.1259814920690113,"[np.float64(4.939188150292628), np.float64(0.10222849819196211), np.float64(3.1690889098122508), np.float64(5.810055011230178), np.float64(5.613717065345769), np.float64(0.19694398567584298), np.float64(0.35806477003260806)]",0.1259814920690113,0.0410451795653172,0.011157218395179108,0
0.04097789863542848,0.12618646995303107,"[np.float64(9.87080587758448), 0.1, np.float64(3.704052696782738), np.float64(8.514707624223682), np.float64(9.573258855985246), 0, 1]",0.12618646995303107,0.04097789863542848,0.011267955103215788,0
0.04100787477086581,0.1260942967196248,"[np.float64(6.43711683730208), 0.1, np.float64(3.3888675229972725), np.float64(5.8141581202492425), np.float64(7.21815634936472), np.float64(0.4877807926769866), np.float64(0.6522923846299161)]",0.1260942967196248,0.04100787477086581,0.011216282039124397,0
0.04250119669485561,0.12165268497806399,"[np.float64(6.21678142223978), np.float64(1.7109179701524866), np.float64(3.5524875533494513), np.float64(5.708217779606638), np.float64(6.293471394652695), np.float64(0.5140825831819746), np.float64(0.3495481874544767)]",0.12165268497806399,0.04250119669485561,0.010573639289978284,0
0.04126024622803243,0.12532076835061198,"[np.float64(5.831716934030955), np.float64(0.2886164612069463), np.float64(3.7403330902047016), np.float64(4.4616723918549726), np.float64(6.686401760370295), np.float64(0.30100270362089865), np.float64(0.41367453704201756)]",0.12532076835061198,0.04126024622803243,0.010927439474983818,0
0.04102936453020098,0.12602790736023817,"[np.float64(6.309077296269214), 0.1, np.float64(3.476749145172377), np.float64(4.419041771735551), np.float64(6.094419963269894), np.float64(0.16310068870107633), np.float64(0.5908877245144516)]",0.12602790736023817,0.04102936453020098,0.011180685378355669,0
0.04098513567707464,0.12616412002435093,"[np.float64(8.741046127045616), 0.1, np.float64(3.8137970963972365), np.float64(7.232564203926579), np.float64(8.882647030821293), 0, np.float64(0.8342260398513887)]",0.12616412002435093,0.04098513567707464,0.011255305564290035,0
0.041030326327245036,0.12602577423485933,"[np.float64(5.676539298728875), 0.1, np.float64(3.267425971293529), np.float64(5.371844390802112), np.float64(6.063554283578522), np.float64(0.16581147417740932), np.float64(0.3370581792569561)]",0.12602577423485933,0.041030326327245036,0.011179642631184154,0
0.041037676424324473,0.1260025461361715,"[np.float64(6.3048950439365266), np.float64(0.11939618622835013), np.float64(3.3863842261997608), np.float64(5.567682928182508), np.float64(6.95599587276598), np.float64(0.9971293856863193), np.float64(0.432292775204756)]",0.1260025461361715,0.041037676424324473,0.011247794490358886,0
0.0410195128589878,0.12605811071225026,"[np.float64(1.1323038218011483), 0.1, np.float64(3.9893335155557885), np.float64(9.228371506801189), np.float64(6.563573480154853), np.float64(0.4433340253543178), np.float64(0.7074185543735348)]",0.12605811071225026,0.0410195128589878,0.011196609284199842,0
0.04326453342913148,0.11950106548444113,"[np.float64(7.148800523465761), np.float64(3.628496850017249), np.float64(3.765246606720052), np.float64(2.374835869492204), np.float64(4.58431181682271), np.float64(0.6175909112984377), np.float64(0.5486957166739674)]",0.11950106548444113,0.04326453342913148,0.010540987298859541,0
0.0411932767920532,0.12552543965282176,"[np.float64(6.026936254268736), np.float64(0.2331500063377423), np.float64(3.355610002308803), np.float64(4.700460503361966), np.float64(6.6449842612136125), 0, np.float64(0.6038295421007572)]",0.12552543965282176,0.0411932767920532,0.010983734296284043,0
0.04303305120598892,0.12014568607362441,"[np.float64(4.590871443871876), np.float64(3.6549886192348855), np.float64(3.382750193225302), np.float64(5.249111562076162), np.float64(7.302429163801542), np.float64(0.2981858682464142), np.float64(0.29298493610153153)]",0.12014568607362441,0.04303305120598892,0.010548034950541626,0
0.04097698396111655,0.1261892811243059,"[np.float64(9.697733934477704), 0.1, np.float64(3.8391730462014193), np.float64(8.022033636505753), np.float64(9.667212254576942), 0, np.float64(0.837777261777044)]",0.1261892811243059,0.04097698396111655,0.011269504980311254,0
0.04100251973718708,0.1261105038919145,"[np.float64(7.879003431435692), 0.1, np.float64(3.7066742137800235), np.float64(4.0389463028279895), np.float64(7.551007747620307), np.float64(0.027048166369048776), np.float64(0.4251848323023517)]",0.1261105038919145,0.04100251973718708,0.011225183697077762,0
0.04230957032124466,0.12220514403047733,"[np.float64(6.146153099108829), np.float64(1.5940090146235235), np.float64(3.439594511773022), np.float64(3.739381252041618), np.float64(7.288302966025569), np.float64(0.5859965604058416), np.float64(0.5542958692178147)]",0.12220514403047733,0.04230957032124466,0.01058932862016784,0
0.04155793388502975,0.12442081577373595,"[np.float64(6.511114398379477), np.float64(0.5714518224272735), np.float64(3.694076817638608), np.float64(5.5440786867482), np.float64(6.951644734261061), 0, 1]",0.12442081577373595,0.04155793388502975,0.010753171424804312,0
0.041704328424228804,0.12398300861395811,"[np.float64(5.981706295553423), np.float64(0.6560310632019906), np.float64(3.5705358288800495), np.float64(4.842495769819048), np.float64(6.271384760455223), 1, np.float64(0.22692462236974473)]",0.12398300861395811,0.041704328424228804,0.010699775946987554,0
0.04326352998776683,0.11950386708714654,"[np.float64(6.250985403814481), np.float64(4.391102632127721), np.float64(3.6267516266703286), np.float64(7.440493487679441), np.float64(5.67019331291787), np.float64(0.9013759455868463), np.float64(0.14056872740656332)]",0.11950386708714654,0.04326352998776683,0.010543209278798782,0
0.043192284214509866,0.11970144544398846,"[np.float64(6.909897068905983), np.float64(3.2988085111007734), np.float64(3.7418303513331246), np.float64(2.5823893965742934), np.float64(4.949834840058697), np.float64(0.7784246782603231), np.float64(0.4438201060152425)]",0.11970144544398846,0.043192284214509866,0.01054296064710147,0
0.04156746059138161,0.12439222394268373,"[np.float64(5.970081842882482), np.float64(0.5489811154904012), np.float64(3.7241320422544453), np.float64(4.73253863459907), np.float64(6.542492675864875), np.float64(0.16356258925821998), np.float64(0.6403158795730858)]",0.12439222394268373,0.04156746059138161,0.010749118918164017,0
0.04107304008442598,0.12589413767406904,"[np.float64(5.973648226583059), np.float64(0.14008987413224772), np.float64(3.298905115942542), np.float64(4.578532221006412), np.float64(6.617931344912981), 0, np.float64(0.5322223086868865)]",0.12589413767406904,0.04107304008442598,0.011116445637325771,0
0.04099289447869969,0.1261401810954716,"[np.float64(7.955857715795097), 0.1, np.float64(3.7929701332479926), np.float64(6.5846179829314995), np.float64(8.238725872030068), 0, np.float64(0.831311423107931)]",0.1261401810954716,0.04099289447869969,0.011241781500996865,0
0.04200307665737932,0.1230989344305008,"[np.float64(6.0368595872365844), np.float64(1.0210539086236379), np.float64(3.6926686202762107), np.float64(5.124744032230633), np.float64(6.581577090287381), 0, np.float64(0.9739526437371796)]",0.1230989344305008,0.04200307665737932,0.01062884140276337,0
0.0423436338563205,0.12210647733627523,"[np.float64(6.208448039888186), np.float64(1.4584171114617126), np.float64(3.560515485207079), np.float64(5.546931718055964), np.float64(6.365529045033398), np.float64(0.45674781058056163), np.float64(0.38984124963297434)]",0.12210647733627523,0.0423436338563205,0.010586143458485025,0
0.041623218665685434,0.12422523352063176,"[np.float64(6.041288593336768), np.float64(0.5807801398725996), np.float64(3.536683958176649), np.float64(4.530696069714887), np.float64(6.2939134095309), np.float64(0.17455708864007685), np.float64(0.6622641231110253)]",0.12422523352063176,0.041623218665685434,0.010727001326585373,0
0.040987447266347524,0.12615698691223975,"[np.float64(8.495540104244139), 0.1, np.float64(3.8072850990007643), np.float64(7.029969899901637), np.float64(8.681311248953628), 0, np.float64(0.8333147223199222)]",0.12615698691223975,0.040987447266347524,0.011251283440267136,0
0.0410133421350251,0.12607716152004173,"[np.float64(6.677857929817231), 0.1, np.float64(3.6233203359672803), np.float64(4.740137270220426), np.float64(6.8941495769273), np.float64(0.05359461906208152), np.float64(0.5390706709975133)]",0.12607716152004173,0.0410133421350251,0.011206856787411219,0
0.04193496400308837,0.12329998215694347,"[np.float64(6.523896625959163), np.float64(1.0609028264518718), np.float64(3.3047694862299686), np.float64(3.5351116990402747), np.float64(7.505160395234988), np.float64(0.5630146942733055), np.float64(0.5512639240141652)]",0.12329998215694347,0.04193496400308837,0.010641328883500101,0
0.04259861719703844,0.12137373174799243,"[np.float64(5.622806172720808), np.float64(1.666438451637084), np.float64(4.016496480906095), np.float64(3.8813886645161926), np.float64(5.455509906006735), 1, np.float64(0.4207700186356656)]",0.12137373174799243,0.04259861719703844,0.01056768622301933,0
0.04242267427964181,0.12187835660479353,"[np.float64(5.443257074264115), np.float64(1.6862479416896528), np.float64(4.0345782457047115), np.float64(3.3043378126289187), np.float64(6.786620889842644), np.float64(0.9518379419474442), np.float64(0.8911554233652468)]",0.12187835660479353,0.04242267427964181,0.010579413902849331,0
0.040982288759957006,0.1261729061718206,"[np.float64(9.058270792870328), 0.1, np.float64(3.8222114162349943), np.float64(7.4943415308489065), np.float64(9.14279818879583), 0, np.float64(0.8354035767447031)]",0.1261729061718206,0.040982288759957006,0.011260289117803086,0
0.04100685330431409,0.1260971430822089,"[np.float64(7.307158696077948), 0.1, np.float64(3.7038016629142385), np.float64(4.366708860769469), np.float64(7.274663550988659), np.float64(0.028107990073149902), np.float64(0.5175699424042268)]",0.1260971430822089,0.04100685330431409,0.011217788473866105,0
0.04147607057112215,0.1246689863329185,"[np.float64(6.871911822788848), np.float64(0.5410105527689204), np.float64(3.1843756059498047), np.float64(3.3733500756592516), np.float64(7.696864793767565), np.float64(0.5283411365413051), np.float64(0.55661391219531)]",0.1246689863329185,0.04147607057112215,0.010791677672108887,0
0.04322208489216217,0.11961874437253943,"[np.float64(6.252453040652126), np.float64(4.015660880864426), np.float64(3.5979498373441934), np.float64(7.195493838709307), np.float64(5.741168167579008), np.float64(0.872653848479368), np.float64(0.14460974142156982)]",0.11961874437253943,0.04322208489216217,0.010544054255987522,0
0.041839728827191704,0.12358075858387195,"[np.float64(5.443214808144051), np.float64(0.9232427834234862), np.float64(3.6025608148743835), np.float64(4.31064029731901), np.float64(7.378292240105264), 1, 0]",0.12358075858387195,0.041839728827191704,0.010662509487215479,0
0.04104764993846561,0.12597157291755662,"[np.float64(7.329281151548921), 0.1, np.float64(3.5232937257254013), np.float64(3.915596640047789), np.float64(5.3632807452434115), np.float64(0.08495343803694805), np.float64(0.7635865531844042)]",0.12597157291755662,0.04104764993846561,0.011152364721842547,0
0.040980215313060266,0.1261793060153404,"[np.float64(9.300361146140807), 0.1, np.float64(3.8286328136908248), np.float64(7.694117186339219), np.float64(9.341332831661777), 0, np.float64(0.8363022153223509)]",0.1261793060153404,0.040980215313060266,0.011263895569576092,0
0.0410311334112977,0.12602336558341826,"[np.float64(5.621999176451697), 0.1, np.float64(3.2588923294231398), np.float64(5.404465286433702), np.float64(6.029035931721694), np.float64(0.16851055631995132), np.float64(0.33730572174455165)]",0.12602336558341826,0.0410311334112977,0.01117843205157916,0
0.04239534653997305,0.12195711410263019,"[np.float64(5.749811656803416), np.float64(1.4002303813404329), np.float64(3.911899623435995), np.float64(4.1871643209712), np.float64(5.731969315022594), np.float64(0.9859633629224169), np.float64(0.44515971882822447)]",0.12195711410263019,0.04239534653997305,0.01058195767169574,0
0.04161636006302723,0.12424572215523991,"[np.float64(5.5356368631342665), np.float64(0.670980380226931), np.float64(3.6164687003940403), np.float64(4.720893128132828), np.float64(7.436147254566913), 1, np.float64(0.18066952710981043)]",0.12424572215523991,0.04161636006302723,0.010731313412207106,0
0.04117890336582897,0.12556925005577754,"[np.float64(5.993735808640312), np.float64(0.22185799423966845), np.float64(3.390062385437216), np.float64(4.648980841689353), np.float64(6.644680739282784), 0, np.float64(0.5677166714885271)]",0.12556925005577754,0.04117890336582897,0.010997020957593867,0
0.04173677516774403,0.12388766590893477,"[np.float64(5.73812741984353), np.float64(0.6765546584860607), np.float64(3.223386697520991), np.float64(4.441259813649944), np.float64(6.163415691305534), np.float64(0.2573849735860876), np.float64(0.39161525486646565)]",0.12388766590893477,0.04173677516774403,0.0106893090796636,0
0.040994679004010964,0.12613467643315526,"[np.float64(7.789952931451277), 0.1, np.float64(3.7885695425358743), np.float64(6.447711507338747), np.float64(8.102669863748515), 0, np.float64(0.830695585106071)]",0.12613467643315526,0.040994679004010964,0.011238723214912524,0
0.04123505660878656,0.12539877836966967,"[np.float64(5.014566691812378), np.float64(0.23163219519004596), np.float64(3.2365859750314456), np.float64(5.755796704042725), np.float64(5.716467024400662), np.float64(0.17569282444847523), np.float64(0.4154763304383846)]",0.12539877836966967,0.04123505660878656,0.010947916537401849,0
0.04103333025463454,0.1260160871365972,"[np.float64(6.387588526429342), 0.1, np.float64(3.333214611483874), np.float64(4.412552987649786), np.float64(5.9268337226460535), np.float64(0.0825458183379344), np.float64(0.624134509488822)]",0.1260160871365972,0.04103333025463454,0.011174596202049523,0
0.04098398667246644,0.1261676778485061,"[np.float64(9.118625778756336), 0.1, np.float64(3.7018192602285267), np.float64(7.849632279775451), np.float64(8.986322233568247), 0, 1]",0.1261676778485061,0.04098398667246644,0.01125735229920791,0
0.041201512012747854,0.12550024872728732,"[np.float64(6.620923317882779), np.float64(0.24373686193956567), np.float64(3.3656640929122714), np.float64(4.874680921760017), np.float64(6.76609912875297), np.float64(0.5210671860511122), np.float64(0.3705533310263646)]",0.12550024872728732,0.041201512012747854,0.010976295919932665,0
0.0423039745863182,0.12222118070081918,"[np.float64(5.8146522724698935), np.float64(1.2956275127288546), np.float64(3.8767369270986403), np.float64(4.331506433961973), np.float64(5.868910535974182), np.float64(0.8820921589222925), np.float64(0.489478084704139)]",0.12222118070081918,0.0423039745863182,0.010589797296312417,0
0.042568208688874676,0.12146083392963032,"[np.float64(6.263219623966143), np.float64(1.8014562965386265), np.float64(3.4218828021743715), np.float64(5.749794601627364), np.float64(6.154240028231851), np.float64(0.7118734100120901), np.float64(0.15993131975494113)]",0.12146083392963032,0.042568208688874676,0.01056919313758646,0
0.041048779057945656,0.1259692990436315,"[np.float64(6.816225539457511), 0.1, np.float64(3.2366599350910192), np.float64(3.8682427445233265), np.float64(5.337041817362352), np.float64(0.18278923618229737), np.float64(0.5579012987669315)]",0.1259692990436315,0.041048779057945656,0.01115126655929075,0
0.04098704814216762,0.12615821847325298,"[np.float64(8.537190714049897), 0.1, np.float64(3.808389872967291), np.float64(7.064340446943717), np.float64(8.715468285081775), 0, np.float64(0.8334693292435289)]",0.12615821847325298,0.04098704814216762,0.011251982112051924,0
0.04101980133172694,0.1260574429250729,"[np.float64(6.365097571741474), 0.1, np.float64(3.4289620018298343), np.float64(4.951151559728384), np.float64(6.552504759667437), np.float64(0.11481366383571606), np.float64(0.3897142021704998)]",0.1260574429250729,0.04101980133172694,0.011196239334982644,0
0.04304425294247761,0.12011419248898103,"[np.float64(4.632458429151499), np.float64(3.79458923330591), np.float64(3.4856222356849647), np.float64(5.43530992383412), np.float64(7.473441524572515), np.float64(0.22356533878905974), np.float64(0.38505440105704575)]",0.12011419248898103,0.04304425294247761,0.010547652248037514,0
0.04097985149858,0.12618044139299345,"[np.float64(9.619794304418507), 0.1, np.float64(3.703307372060757), np.float64(8.292763958412875), np.float64(9.377391024369995), 0, 1]",0.12618044139299345,0.04097985149858,0.011264554011070845,0
0.041017484893497595,0.12606435857829057,"[np.float64(3.2199958842242813), 0.1, np.float64(4.04819353291852), np.float64(6.652854945396434), np.float64(6.6687855485519005), np.float64(0.6097970295822199), np.float64(0.48507810705821885)]",0.12606435857829057,0.041017484893497595,0.011199872947909018,0
0.041432482277683674,0.12479851464682512,"[np.float64(6.053879570852679), np.float64(0.43734931898894924), np.float64(3.619158406427443), np.float64(4.844527510281172), np.float64(6.714373087150351), 0, np.float64(0.6686492299619139)]",0.12479851464682512,0.041432482277683674,0.010814380036093888,0
0.04252767641366984,0.12157690276659143,"[np.float64(5.333169337235507), np.float64(1.8825093413885856), np.float64(3.4128894474330718), np.float64(4.878551457517121), np.float64(6.764877254630447), np.float64(0.24215480144526413), np.float64(0.4169578464140414)]",0.12157690276659143,0.04252767641366984,0.010571861921812257,0
0.04098846950416353,0.12615383274573302,"[np.float64(8.390228960297101), 0.1, np.float64(3.8044917422945734), np.float64(6.943065971148439), np.float64(8.594947170125714), 0, np.float64(0.8329238077075531)]",0.12615383274573302,0.04098846950416353,0.0112494767723007,0
0.041002172566848454,0.12611157610114335,"[np.float64(7.3087019941801525), 0.1, np.float64(3.69644508196044), np.float64(6.249303201237738), np.float64(7.574013459903057), 0, 1]",0.12611157610114335,0.041002172566848454,0.011225808626611647,0
0.0411766295105164,0.1255766016982114,"[np.float64(6.269366379874682), np.float64(0.21411635943692264), np.float64(3.3002823593451507), np.float64(4.713976030590894), np.float64(6.454468619563453), np.float64(0.5902006879133583), np.float64(0.17725148047742467)]",0.1255766016982114,0.0411766295105164,0.010999266502622848,0
0.04101982505093173,0.12605714879026406,"[np.float64(1.063921839154391), 0.1, np.float64(3.9959489033945257), np.float64(9.190463785691767), np.float64(6.54764010589237), np.float64(0.5101493232962431), np.float64(0.6490523757578267)]",0.12605714879026406,0.04101982505093173,0.011196079993625452,0
0.04202573108817803,0.12303242660417481,"[np.float64(5.731233682649615), np.float64(1.1178469808729057), np.float64(3.633381165774029), np.float64(4.322430038117522), np.float64(7.044052861580364), 1, np.float64(0.18424184112334763)]",0.12303242660417481,0.04202573108817803,0.010625486771480659,0
0.04118281609606149,0.1255570443060956,"[np.float64(5.888508240972057), np.float64(0.22540197148996188), np.float64(3.55804745798381), np.float64(4.50644711419453), np.float64(6.657662986225373), np.float64(0.040783827824646846), np.float64(0.4604202991143729)]",0.1255570443060956,0.04118281609606149,0.010993267514561367,0
0.040997925483982414,0.12612466337030387,"[np.float64(7.500724989258471), 0.1, np.float64(3.7808978301067677), np.float64(6.209037388535152), np.float64(7.865478396040808), 0, np.float64(0.8296219719567781)]",0.12612466337030387,0.040997925483982414,0.011233078799806586,0
0.041608296858757374,0.12426985981406136,"[np.float64(6.160461548088942), np.float64(0.5940230007440401), np.float64(3.6054713301812393), np.float64(5.155340097446507), np.float64(6.618535151457668), np.float64(0.6639573755937941), np.float64(0.5795266365466119)]",0.12426985981406136,0.041608296858757374,0.010732608382112093,0
0.042639053877878266,0.1212583827800928,"[np.float64(6.209169976609487), np.float64(1.9768267465691607), np.float64(3.5922056187547735), np.float64(5.884198804495664), np.float64(6.26035427008237), np.float64(0.5076181407953162), np.float64(0.3731810561537217)]",0.1212583827800928,0.042639053877878266,0.010565015864811672,0
0.042262640038627064,0.1223452875424051,"[np.float64(6.555273842053456), np.float64(1.1193222324715424), np.float64(3.0892141412828718), np.float64(4.2113777533911865), np.float64(5.267538703065394), np.float64(0.29949396075736057), np.float64(0.684536374056181)]",0.1223452875424051,0.042262640038627064,0.010594184310007365,0
0.0413658742556663,0.1249999796759097,"[np.float64(6.002958510104997), np.float64(0.37797730814942304), np.float64(3.609145648331507), np.float64(4.743515436460373), np.float64(6.698999272153322), 0, np.float64(0.6056040822354344)]",0.1249999796759097,0.0413658742556663,0.010853636027318005,0
0.041055169129038234,0.12594848436491993,"[np.float64(7.5788445888066205), 0.1, np.float64(3.482907084235671), np.float64(3.7333331464271335), np.float64(5.106949910838658), np.float64(0.0773500340515132), np.float64(0.7824592561861881)]",0.12594848436491993,0.041055169129038234,0.011141289884814462,0
0.04098630868133835,0.12616050026109454,"[np.float64(8.6151635172186), 0.1, np.float64(3.8104580857363146), np.float64(7.128684472440846), np.float64(8.779412603478715), 0, np.float64(0.833758764026816)]",0.12616050026109454,0.04098630868133835,0.011253254499134358,0
0.041010558021732174,0.1260858927833866,"[np.float64(6.078203735740439), 0.1, np.float64(3.4475021995611064), np.float64(4.435532235184649), np.float64(7.055878672909455), 0, np.float64(0.28594554923282267)]",0.1260858927833866,0.041010558021732174,0.011211618408136545,0
0.04191877985538862,0.1233470943981288,"[np.float64(6.035856945251526), np.float64(0.8887430048458962), np.float64(3.727632763603017), np.float64(4.84273647666317), np.float64(6.342800740762218), np.float64(0.6446292346798038), np.float64(0.5897435931981331)]",0.1233470943981288,0.04191877985538862,0.010644484938169907,0
0.04240343665914565,0.12193384375039913,"[np.float64(6.212062929224111), np.float64(1.5498337645181177), np.float64(3.555851627697756), np.float64(5.605100865386413), np.float64(6.337880751309498), np.float64(0.47994411672106474), np.float64(0.37284319814786504)]",0.12193384375039913,0.04240343665914565,0.010581006752646277,0
0.04163331631893389,0.12419495805719442,"[np.float64(6.124549634622777), np.float64(0.6320885172929581), np.float64(3.8009631864470093), np.float64(5.043634499806502), np.float64(6.775535565340263), np.float64(0.05596906855427397), np.float64(0.7766009616644439)]",0.12419495805719442,0.04163331631893389,0.010723252276247815,0
0.040988581510059074,0.126153487155539,"[np.float64(8.378807751942638), 0.1, np.float64(3.804188797062436), np.float64(6.933641062825245), np.float64(8.585580809627999), 0, np.float64(0.8328814122205292)]",0.126153487155539,0.040988581510059074,0.011249311789914507,0
0.04099423206901026,0.12613604963073416,"[np.float64(8.686261071762097), 0.1, np.float64(3.9081759050808955), np.float64(3.5437351133904755), np.float64(8.136222719790608), 0, np.float64(0.4994830420702253)]",0.12613604963073416,0.04099423206901026,0.011239483778804732,0
0.04275550591084926,0.12092783669580501,"[np.float64(5.125103817298301), np.float64(2.43864248764789), np.float64(3.2968542828375575), np.float64(4.998184635122438), np.float64(6.829890958150109), np.float64(0.2075384271288568), np.float64(0.39342812208439204)]",0.12092783669580501,0.04275550591084926,0.010559012346378377,0
0.04185963147805404,0.12352182673182442,"[np.float64(6.199042551238989), np.float64(0.8673015433386801), np.float64(3.6931501876040858), np.float64(5.268145713311507), np.float64(6.70813071920345), 0, np.float64(0.9861364548823003)]",0.12352182673182442,0.04185963147805404,0.010657227558562634,0
0.041052993384555286,0.12595550017485288,"[np.float64(7.228444555627332), 0.1, np.float64(3.34962513329962), np.float64(3.7723267102253155), np.float64(5.1825316425474615), np.float64(0.13027457487674896), np.float64(0.6701898798092096)]",0.12595550017485288,0.041052993384555286,0.011144623837983291,0
0.040988804212671724,0.12615280002024223,"[np.float64(8.356167027555474), 0.1, np.float64(3.803588256446034), np.float64(6.914957684928861), np.float64(8.567013493459847), 0, np.float64(0.8327973699277021)]",0.12615280002024223,0.040988804212671724,0.011248932395962051,0
0.04101218471711514,0.12608073542474885,"[np.float64(6.851898213864377), 0.1, np.float64(3.605245650664282), np.float64(4.64350383844743), np.float64(6.959530163223935), np.float64(0.059232272608834735), np.float64(0.4913068052428302)]",0.12608073542474885,0.04101218471711514,0.011208799258129409,0
0.04304612773033052,0.12010933221668123,"[np.float64(4.59932719994201), np.float64(3.695585034333938), np.float64(3.3098320990768704), np.float64(5.2709803754962525), np.float64(7.246321344748697), np.float64(0.25505575169742234), np.float64(0.3086610109530126)]",0.12010933221668123,0.04304612773033052,0.010547599662972376,0
0.040983200661923666,0.12617010373530646,"[np.float64(9.210873217161387), 0.1, np.float64(3.702093169098606), np.float64(7.931197182871516), np.float64(9.058304196409903), 0, 1]",0.12617010373530646,0.040983200661923666,0.01125871948103485,0
0.0409740068931555,0.1261985751950006,"[np.float64(4.317924380218377), 0.1, np.float64(3.5139334355113037), np.float64(7.480319331420171), np.float64(9.990406450442391), np.float64(0.8165421297056826), np.float64(0.25880228914388714)]",0.1261985751950006,0.0409740068931555,0.011273949863880842,0
0.04098728471222352,0.1261574884958675,"[np.float64(8.51246693912704), 0.1, np.float64(3.8077340798584642), np.float64(7.043938112547972), np.float64(8.695192690625836), 0, np.float64(0.8333775546741147)]",0.1261574884958675,0.04098728471222352,0.01125157924735117,0
0.04196617383782507,0.1232074511468151,"[np.float64(6.079568570915654), np.float64(0.98056502435663), np.float64(3.6927954353906904), np.float64(5.162507185065498), np.float64(6.614903505951009), 0, np.float64(0.9771611076750942)]",0.1232074511468151,0.04196617383782507,0.01063537295918972,0
0.04245225210484646,0.12179323240053207,"[np.float64(5.667879002611155), np.float64(1.4502154569236572), np.float64(3.90844919450644), np.float64(4.035666690833855), np.float64(5.569959070364006), 1, np.float64(0.30549439943367096)]",0.12179323240053207,0.04245225210484646,0.010577569807726495,0
0.0410115557801876,0.12608293903238887,"[np.float64(6.197795895117833), 0.1, np.float64(3.3931015561135363), np.float64(3.567092134898525), np.float64(7.000404235315265), np.float64(0.13162248738607296), np.float64(0.5135972147327181)]",0.12608293903238887,0.0410115557801876,0.01120999804608662,0
0.04101943956976648,0.126058336560716,"[np.float64(1.1122601732642448), 0.1, np.float64(3.985510930969849), np.float64(9.299718210683903), np.float64(6.567324570181692), np.float64(0.41418095832780355), np.float64(0.7345843955822269)]",0.126058336560716,0.04101943956976648,0.0111967090223705,0
0.043038693202087516,0.1201297184171692,"[np.float64(4.607709090456703), np.float64(3.7777728500557535), np.float64(3.523890213832827), np.float64(5.401069429329587), np.float64(7.500432221750466), np.float64(0.26568045649258665), np.float64(0.35920719470787543)]",0.1201297184171692,0.043038693202087516,0.010547838045408991,0
0.04100119474293211,0.12611458166574,"[np.float64(7.224790176606559), 0.1, np.float64(3.7735787152391116), np.float64(5.981332908263924), np.float64(7.639188423127583), 0, np.float64(0.8285977028596614)]",0.12611458166574,0.04100119474293211,0.011227460019993665,0
0.04101202790276014,0.12608122253119575,"[np.float64(6.889244193218451), 0.1, np.float64(3.59627525308931), np.float64(4.623606595251434), np.float64(6.968528121675849), np.float64(0.06204361882804271), np.float64(0.47577817028597447)]",0.12608122253119575,0.04101202790276014,0.011209061578920477,0
0.04322916942338736,0.11959931323705514,"[np.float64(3.871434305913819), np.float64(5.4765977064512725), np.float64(3.3683143621523266), np.float64(5.690285157455086), np.float64(7.880957214161912), np.float64(0.3143021377715385), np.float64(0.20760817057780015)]",0.11959931323705514,0.04322916942338736,0.010542017067816784,0
0.04250217000147275,0.12164985058831136,"[np.float64(5.3691821321256405), np.float64(1.6540241382787517), np.float64(3.6906860960948467), np.float64(4.534385667086376), np.float64(6.0605790593938105), 0, np.float64(0.9237941325213783)]",0.12164985058831136,0.04250217000147275,0.010573600827833278,0
0.04323168104076385,0.11959214701187428,"[np.float64(6.264168361453812), np.float64(4.0744501052890945), np.float64(3.5673458484538783), np.float64(7.229388808448421), np.float64(5.698880647968887), np.float64(0.9258753894528142), np.float64(0.09582018685364091)]",0.11959214701187428,0.04323168104076385,0.010545549796850991,0
0.04137976567007784,0.12495792648500699,"[np.float64(5.31806321600931), np.float64(0.44583315540772617), np.float64(3.594184199959242), np.float64(4.8129110803089965), np.float64(7.729632095870484), 1, np.float64(0.05022713264831491)]",0.12495792648500699,0.04137976567007784,0.01084892337590857,0
0.04123262431064433,0.12540503910070264,"[np.float64(5.966974116417285), np.float64(0.26524705689816985), np.float64(3.4962885714168275), np.float64(4.635014752312422), np.float64(6.663044850326386), 0, np.float64(0.5481651766455738)]",0.12540503910070264,0.04123262431064433,0.010949577049368029,0
0.04105988379805722,0.12593708860634986,"[np.float64(7.069587998103911), 0.1, np.float64(3.136457611759493), np.float64(3.6156132469154847), np.float64(4.98821335077535), np.float64(0.18823508250113857), np.float64(0.5503345740781965)]",0.12593708860634986,0.04105988379805722,0.0111359565479857,0
0.04099482840107771,0.1261342156152234,"[np.float64(7.776292329440645), 0.1, np.float64(3.7882071978417917), np.float64(6.4364386264321), np.float64(8.091467010330872), 0, np.float64(0.8306448769973223)]",0.1261342156152234,0.04099482840107771,0.011238464133417564,0
0.040993465290211736,0.126138431021968,"[np.float64(8.104541405479695), 0.1, np.float64(3.698808155425489), np.float64(6.952981976334461), np.float64(8.195018052795392), 0, 1]",0.126138431021968,0.040993465290211736,0.011240850322670266,0
0.04280937811669494,0.12077476030378456,"[np.float64(6.224322275047553), np.float64(2.3521551051160525), np.float64(3.572143973943628), np.float64(6.122907010630607), np.float64(6.146028157268912), np.float64(0.6041222491878837), np.float64(0.3021398084985994)]",0.12077476030378456,0.04280937811669494,0.010556705860146775,0
0.041463104322903066,0.12470613547152534,"[np.float64(5.242797076066622), np.float64(0.5313814403262827), np.float64(3.584388617604126), np.float64(4.633655612735448), np.float64(7.745414327039285), 1, 0]",0.12470613547152534,0.041463104322903066,0.010802481529097374,0
0.04201142294542892,0.12308436545659712,"[np.float64(6.382761838451794), np.float64(0.8572570601064893), np.float64(3.0011151240645413), np.float64(4.019205238605088), np.float64(5.4099607013624995), np.float64(0.24556797727735846), np.float64(0.7128879299962179)]",0.12308436545659712,0.04201142294542892,0.010628028350799923,0
0.041505534184503534,0.12457827771273884,"[np.float64(5.992323569255366), np.float64(0.5060967266487111), np.float64(3.8170802594380184), np.float64(4.796116539750458), np.float64(6.745604295905657), np.float64(0.21428704492295936), np.float64(0.6180233346311784)]",0.12457827771273884,0.041505534184503534,0.010776850808064488,0
0.0410742738862924,0.12589016082358903,"[np.float64(8.003730122810417), 0.1, np.float64(3.331047090123247), np.float64(3.328147688691251), np.float64(4.546179895000857), np.float64(0.0828850121917527), np.float64(0.7770736437386646)]",0.12589016082358903,0.0410742738862924,0.011114690659753897,0
0.040975103140947065,0.1261950879071437,"[np.float64(9.941122654469803), 0.1, np.float64(3.845628882570863), np.float64(8.222880718673645), np.float64(9.866811668384415), 0, np.float64(0.8386807198875985)]",0.1261950879071437,0.040975103140947065,0.011272773965450553,0
0.04182645462966075,0.12362003896338702,"[np.float64(5.9467494584086635), np.float64(0.7923551708601559), np.float64(3.7951093471072657), np.float64(4.2873724371383926), np.float64(6.382696887245535), np.float64(0.17126929362916093), np.float64(0.1664734129914498)]",0.12362003896338702,0.04182645462966075,0.010665061153458716,0
0.04166506456363082,0.1241028824183758,"[np.float64(4.510365790541826), np.float64(0.5364920873751498), np.float64(3.144710271747293), np.float64(6.0595020410619505), np.float64(5.384527255558812), np.float64(0.20472925520787555), np.float64(0.40430096930584436)]",0.1241028824183758,0.04166506456363082,0.010712344645585127,0
0.041288789485024055,0.1252340585512843,"[np.float64(6.410116698071395), np.float64(0.3339871188468351), np.float64(3.4633497576562715), np.float64(4.412819283110277), np.float64(7.190144880203552), np.float64(0.15306604332895113), np.float64(0.803630779238372)]",0.1252340585512843,0.041288789485024055,0.010905959358263004,0
0.04289964315530743,0.12051998821337372,"[np.float64(6.556393914284508), np.float64(2.4374784883300395), np.float64(3.711950040192243), np.float64(3.371898685377037), np.float64(5.686645221891091), np.float64(0.7052434747153982), np.float64(0.46234133646146264)]",0.12051998821337372,0.04289964315530743,0.010552817476784757,0
0.04104634907947101,0.12597564928211252,"[np.float64(5.850736420790279), np.float64(0.12053504713069407), np.float64(3.4597066889966617), np.float64(4.399617785661643), np.float64(6.624695391100897), 0, np.float64(0.4025796505087047)]",0.12597564928211252,0.04104634907947101,0.01115435665025764,0
0.04099569843184952,0.12613153205701028,"[np.float64(7.697423483299506), 0.1, np.float64(3.786115217714896), np.float64(6.371355176295584), np.float64(8.026787860623546), 0, np.float64(0.8303521161055332)]",0.12613153205701028,0.04099569843184952,0.011236949403351218,0
0.04189808387340049,0.12340869517816543,"[np.float64(5.7137904977454355), np.float64(0.8947183215978898), np.float64(3.3222278151984037), np.float64(3.4518309276486896), np.float64(6.574860782594469), np.float64(0.3983381266586219), 0]",0.12340869517816543,0.04189808387340049,0.010648822108026873,0
0.04098765758016782,0.1261563494489771,"[np.float64(8.705210058100537), 0.1, np.float64(3.700591711422015), np.float64(7.4840913631202115), np.float64(8.663728180476657), 0, 1]",0.1261563494489771,0.04098765758016782,0.011250953523209649,0
0.04101073764067527,0.12608526186354815,"[np.float64(6.086365848314274), 0.1, np.float64(3.5053263829127457), np.float64(4.479944287922858), np.float64(7.043962630454377), 0, np.float64(0.2894436062426804)]",0.12608526186354815,0.04101073764067527,0.011211272823277848,0
0.04204246493300216,0.12298331725131262,"[np.float64(5.87007166654774), np.float64(0.9849605706258282), np.float64(3.7177825318898936), np.float64(4.538041843170278), np.float64(6.01564449457967), 1, np.float64(0.3021279244347215)]",0.12298331725131262,0.04204246493300216,0.010622903421911994,0
0.043271701180501804,0.11948125091502464,"[np.float64(6.256369070011557), np.float64(4.472754475191223), np.float64(3.616251372269485), np.float64(7.491643045386567), np.float64(5.639874549280538), np.float64(0.9308843388230101), np.float64(0.11669884567776376)]",0.11948125091502464,0.043271701180501804,0.010543850798076954,0
0.04104519864332616,0.1259793499801255,"[np.float64(6.951583970681309), 0.1, np.float64(3.386318697036322), np.float64(3.9652660452346944), np.float64(5.454762198079994), np.float64(0.14051324710227397), np.float64(0.6455913137552386)]",0.1259793499801255,0.04104519864332616,0.011156166581863452,0
0.040988791479271355,0.1261528393081673,"[np.float64(8.357459110468467), 0.1, np.float64(3.8036225286829), np.float64(6.916023926137582), np.float64(8.568073111144809), 0, np.float64(0.8328021661351324)]",0.1261528393081673,0.040988791479271355,0.011248965468398046,0
0.04159747419069749,0.12430225040656845,"[np.float64(6.472149797218665), np.float64(0.6083909647577297), np.float64(3.693961120660333), np.float64(5.509626305491786), np.float64(6.921240112502545), 0, 1]",0.12430225040656845,0.04159747419069749,0.010736896702804552,0
0.042430786030202734,0.12185499974007628,"[np.float64(5.7567343143468275), np.float64(1.4561713460697328), np.float64(3.947241016062626), np.float64(4.1773507253227935), np.float64(5.737584768616668), np.float64(0.8180749273593112), np.float64(0.5182031707449297)]",0.12185499974007628,0.042430786030202734,0.010578765435542169,0
0.04319500907452214,0.11969390284799757,"[np.float64(6.246276105868914), np.float64(3.8301437629177766), np.float64(3.6040075607867035), np.float64(7.077014235868343), np.float64(5.794251834259106), np.float64(0.8303076612655842), np.float64(0.17443248839249403)]",0.11969390284799757,0.04319500907452214,0.010544206868344471,0
0.0412859612856964,0.12524250443578247,"[np.float64(5.747496660098805), np.float64(0.31054541832312466), np.float64(3.9033185511840367), np.float64(4.35760700163484), np.float64(6.703560799068406), np.float64(0.5692428290584685), np.float64(0.33127490471723653)]",0.12524250443578247,0.0412859612856964,0.010907951459979567,0
0.04100530526408269,0.12610219302640766,"[np.float64(6.433649475720809), 0.1, np.float64(3.3984232771150125), np.float64(3.7006595672811375), np.float64(7.376917485270607), np.float64(0.5359930350574666), np.float64(0.5272286896720362)]",0.12610219302640766,0.04100530526408269,0.011220554579530848,0
0.040990369726225794,0.1261479699367428,"[np.float64(8.199529581522853), 0.1, np.float64(3.7994334800005727), np.float64(6.785698720113631), np.float64(8.43855748937952), 0, np.float64(0.8322159322545046)]",0.1261479699367428,0.040990369726225794,0.01124619252365569,0
0.041669530786753645,0.1240867583394217,"[np.float64(6.070187434521048), np.float64(0.6494974058124074), np.float64(3.718044928093254), np.float64(4.947861838124695), np.float64(6.565132338982665), np.float64(0.022482339889187686), np.float64(0.7495944540204861)]",0.1240867583394217,0.041669530786753645,0.010710476996639622,0
0.041137821914473266,0.1256964265185376,"[np.float64(6.920104105759558), np.float64(0.2162899316342326), np.float64(3.2012974625788457), np.float64(3.5833695593256323), np.float64(7.652306729743698), np.float64(0.40482913526170233), np.float64(0.628960084108244)]",0.1256964265185376,0.041137821914473266,0.011038803691089292,0
0.042949570401110734,0.12037954960976338,"[np.float64(4.50905664007971), np.float64(2.4694385664056746), np.float64(3.6881321389798716), np.float64(3.773865335875312), np.float64(5.389411141041929), 0, np.float64(0.8591781808975307)]",0.12037954960976338,0.042949570401110734,0.010550937442728666,0
0.04218818433551822,0.1225574668973239,"[np.float64(5.829049446428637), np.float64(1.1478342361679044), np.float64(3.7963603675903137), np.float64(4.410377156211172), np.float64(5.916031903210517), 1, np.float64(0.3725181355598472)]",0.1225574668973239,0.04218818433551822,0.010602811623728827,0
0.043168107328232834,0.11976865937836682,"[np.float64(6.22412743517854), np.float64(3.6912412705305346), np.float64(3.6600562283317872), np.float64(6.994860592115515), np.float64(5.8797299680237805), np.float64(0.7271223717661972), np.float64(0.2674089085936766)]",0.11976865937836682,0.043168107328232834,0.010544167296818239,0
0.040975271691615314,0.1261947470647781,"[np.float64(4.058188034239281), 0.1, np.float64(3.475505516069841), np.float64(6.393919848290935), np.float64(9.854845869339062), 1, 0]",0.1261947470647781,0.040975271691615314,0.011270003304880127,0
0.04137336818624866,0.12497726298218155,"[np.float64(5.968038412389395), np.float64(0.3847979943827601), np.float64(3.673328672616925), np.float64(4.699175577122139), np.float64(6.705308554973342), np.float64(0.08254919290957685), np.float64(0.5710252377473087)]",0.12497726298218155,0.04137336818624866,0.010848957084012383,0
0.040984789740589486,0.12616518758663345,"[np.float64(8.778695642937059), 0.1, np.float64(3.814795742160244), np.float64(7.263633003713503), np.float64(8.913522830251567), 0, np.float64(0.8343657947278336)]",0.12616518758663345,0.040984789740589486,0.011255914056193339,0
0.04301812127684016,0.12021280894126889,"[np.float64(4.613970158378507), np.float64(3.2258532342011614), np.float64(2.8786506944547234), np.float64(4.820581695919621), np.float64(6.616670934708475), np.float64(0.3232463448826052), np.float64(0.1376967691248693)]",0.12021280894126889,0.04301812127684016,0.010548930424324133,0
0.041582137392416715,0.12434829308883606,"[np.float64(6.015038947801286), np.float64(0.5473151245286876), np.float64(3.520451818687987), np.float64(4.937349092248041), np.float64(6.349154673837186), 1, np.float64(0.19377977579267947)]",0.12434829308883606,0.041582137392416715,0.010743991233494834,0
0.04294143606283671,0.12040310982849856,"[np.float64(6.275376468907775), np.float64(2.6754186594666303), np.float64(3.4431491181446123), np.float64(6.314284653009231), np.float64(5.948380796183392), np.float64(0.8422564603007984), np.float64(0.08774103734647665)]",0.12040310982849856,0.04294143606283671,0.010868702207640555,0
0.041284469524823,0.12524704989608554,"[np.float64(5.844542586754588), np.float64(0.3088133775285317), np.float64(3.7506909762420237), np.float64(4.489864246177314), np.float64(6.692132614109238), np.float64(0.29871338771124056), np.float64(0.43050853387203336)]",0.12524704989608554,0.041284469524823,0.010909094376329306,0
0.04103050058918123,0.12602449922472564,"[np.float64(6.270176322035752), 0.1, np.float64(3.423483112395307), np.float64(4.379449283276552), np.float64(6.045240789632059), np.float64(0.1775310294887654), np.float64(0.5610564701752804)]",0.12602449922472564,0.04103050058918123,0.011178922249663955,0
0.04098640355239544,0.12616020750851334,"[np.float64(8.605100663778986), 0.1, np.float64(3.810191170592433), np.float64(7.120380493720324), np.float64(8.771160209333898), 0, np.float64(0.8337214107486706)]",0.12616020750851334,0.04098640355239544,0.01125308163932933,0
0.04101679873215864,0.12606656326326113,"[np.float64(6.486432074971509), 0.1, np.float64(3.52621634459116), np.float64(4.865690067609197), np.float64(6.706639576036241), np.float64(0.08419007393949357), np.float64(0.47031475545661966)]",0.12606656326326113,0.04101679873215864,0.011201126431297248,0
0.041479682400100026,0.12465630838027221,"[np.float64(6.228932864032962), np.float64(0.46639750674321245), np.float64(3.435595495789955), np.float64(4.8933630128789325), np.float64(6.509724084961928), np.float64(0.4485956220451036), np.float64(0.33356791380223444)]",0.12465630838027221,0.041479682400100026,0.01078954091070813,0
0.04235325273050726,0.12207864037931984,"[np.float64(6.162164829400135), np.float64(1.5016438147845914), np.float64(3.678311628862953), np.float64(4.220428837224338), np.float64(6.495368674249641), np.float64(0.6442313512603894), np.float64(0.47149658750202184)]",0.12207864037931984,0.04235325273050726,0.010585282446686824,0
0.041166883764690146,0.12560571221959085,"[np.float64(5.785406110339282), np.float64(0.21312774074294438), np.float64(3.699103957743364), np.float64(4.3585337814651455), np.float64(6.664800635956039), np.float64(0.3050719709139156), np.float64(0.35242394186589726)]",0.12560571221959085,0.041166883764690146,0.011008482983485165,0
0.043229401480514,0.11959859789776713,"[np.float64(3.8401368995753455), np.float64(5.507341826892422), np.float64(3.4037395855210284), np.float64(5.682649540264521), np.float64(7.923118582805544), np.float64(0.34340768264829247), np.float64(0.19084008926330065)]",0.11959859789776713,0.043229401480514,0.010542010252898188,0
0.04100708968568671,0.1260964069974503,"[np.float64(6.762381216691231), 0.1, np.float64(3.7613134114852027), np.float64(5.599747885053733), np.float64(7.259973818024194), 0, np.float64(0.8268812423546629)]",0.1260964069974503,0.04100708968568671,0.011217407812917182,0
0.041027006580260525,0.1260353873805831,"[np.float64(5.74880799615234), 0.1, np.float64(3.375484339829255), np.float64(5.312685882052477), np.float64(6.204897610273834), np.float64(0.1318029908902394), np.float64(0.43704295358941714)]",0.1260353873805831,0.041027006580260525,0.011184615502753077,0
0.04246452327955765,0.12175794948673517,"[np.float64(5.7273175707871), np.float64(1.4953285698250613), np.float64(3.958358943222127), np.float64(4.114985178395539), np.float64(5.67657115281051), np.float64(0.8845889262067093), np.float64(0.4896493782097928)]",0.12175794948673517,0.04246452327955765,0.01057621140324801,0
0.04297308320760713,0.12031354835666351,"[np.float64(6.2273907342325785), np.float64(2.827870958377588), np.float64(3.5941516336194352), np.float64(6.431498274423673), np.float64(6.04323608573067), np.float64(0.6606170892640869), np.float64(0.27715197489973964)]",0.12031354835666351,0.04297308320760713,0.010550925519494367,0
0.04102133497328724,0.12605249703006435,"[np.float64(0.21228222824074017), 0.1, np.float64(3.994625777620789), np.float64(9.916405317826825), np.float64(6.47155940322906), np.float64(0.6341591339648825), np.float64(0.5654140286526793)]",0.12605249703006435,0.04102133497328724,0.011193490166736163,0
0.04153705333524208,0.12448353912284316,"[np.float64(5.568713398020359), np.float64(0.5880333228925387), np.float64(3.6213524981555367), np.float64(4.858244284319602), np.float64(7.453005000434971), np.float64(0.9649030529806694), np.float64(0.2549958243863657)]",0.12448353912284316,0.04153705333524208,0.01076358270226863,0
0.04136729182026046,0.1249956471576008,"[np.float64(5.815239106710008), np.float64(0.38035819732087944), np.float64(3.9029296277928474), np.float64(4.48717707433457), np.float64(6.720761533229308), np.float64(0.4967574952851287), np.float64(0.4134764047072556)]",0.1249956471576008,0.04136729182026046,0.010852747422246858,0
0.04099982304947408,0.12611881148159598,"[np.float64(7.338771405293436), 0.1, np.float64(3.776602044182271), np.float64(6.075391487496411), np.float64(7.732662707522088), 0, np.float64(0.8290208007974437)]",0.12611881148159598,0.04099982304947408,0.011229837203942035,0
0.04102349108247304,0.12604632690925643,"[np.float64(6.160286344338301), 0.1, np.float64(3.3465035552498135), np.float64(5.081953345855631), np.float64(6.3730647500957165), np.float64(0.1408061602927682), np.float64(0.33837522494591316)]",0.12604632690925643,0.04102349108247304,0.011190339233616332,0
0.043201669247496785,0.11967539804670235,"[np.float64(4.050117582711323), np.float64(5.300467672915082), np.float64(3.6126857888377257), np.float64(5.853277146412018), np.float64(8.096336451433634), np.float64(0.25801192196471334), np.float64(0.3365044687085942)]",0.11967539804670235,0.043201669247496785,0.010542793107235993,0
0.04228131906649211,0.12228684621378438,"[np.float64(5.6885292168171215), np.float64(1.3512773613888989), np.float64(3.691634328377969), np.float64(4.816751383329888), np.float64(6.309770043786442), 0, np.float64(0.9477847199024805)]",0.12228684621378438,0.04228131906649211,0.01059210958734954,0
0.0410460555956269,0.12597648281557708,"[np.float64(6.400140024295908), 0.1, np.float64(3.5183267739197293), np.float64(4.1843447586937605), np.float64(5.420718163194625), 0, np.float64(0.19558615612236446)]",0.12597648281557708,0.0410460555956269,0.011154762650596155,0
0.041374420160224724,0.12497406094988733,"[np.float64(5.829903035225892), np.float64(0.39043072952853697), np.float64(3.8119582831834045), np.float64(4.776647362104292), np.float64(6.793403434962952), np.float64(0.12776680746303987), np.float64(0.6393854282749496)]",0.12497406094988733,0.041374420160224724,0.010848293733997965,0
0.041048633033622245,0.1259705509002175,"[np.float64(6.697486561544792), 0.1, np.float64(3.1840146629896156), np.float64(3.872915738770533), np.float64(5.351459319271955), np.float64(0.20238709718228629), np.float64(0.5164798215889347)]",0.1259705509002175,0.041048633033622245,0.011151878836319216,0
0.0410013510992705,0.12611409953637723,"[np.float64(7.211957794727557), 0.1, np.float64(3.773238338915822), np.float64(5.970743483833139), np.float64(7.628664780532784), 0, np.float64(0.8285500691012575)]",0.12611409953637723,0.0410013510992705,0.011227196171154292,0
0.04302034241882409,0.12018107512481734,"[np.float64(6.242369677958946), np.float64(2.9800794447991272), np.float64(3.5600469881699888), np.float64(6.524997703469844), np.float64(5.97381797889555), np.float64(0.7357872611222076), np.float64(0.2127273838744592)]",0.12018107512481734,0.04302034241882409,0.01054976735324851,0
0.04288413861017465,0.12056366948502241,"[np.float64(6.46627587059097), np.float64(2.4229690569096185), np.float64(3.7017145312122297), np.float64(3.3083063974402), np.float64(5.7668922968993), np.float64(0.8574342325512273), np.float64(0.3716896094269631)]",0.12056366948502241,0.04288413861017465,0.01055337058079652,0
0.040980722721402976,0.12617773980226066,"[np.float64(9.240219914588515), 0.1, np.float64(3.82703757973762), np.float64(7.644487972316263), np.float64(9.292011915869596), 0, np.float64(0.8360789712729702)]",0.12617773980226066,0.040980722721402976,0.011262985229698895,0
0.04100057391200616,0.12611649291767407,"[np.float64(7.9175665748513), 0.1, np.float64(3.8197297049762184), np.float64(3.9982558404733397), np.float64(7.681168079914815), 0, np.float64(0.5359715933684761)]",0.12611649291767407,0.04100057391200616,0.011228513995843988,0
0.04318395576343022,0.11972462107154899,"[np.float64(6.250434809361227), np.float64(3.752404454883071), np.float64(3.5867122093951362), np.float64(7.02484227965947), np.float64(5.798887858577986), np.float64(0.8400841698289212), np.float64(0.15972855112796985)]",0.11972462107154899,0.04318395576343022,0.010544784211155336,0
0.04154844983728851,0.1244492781791379,"[np.float64(6.055707248445282), np.float64(0.547145463764162), np.float64(3.7804383745024874), np.float64(4.9046197837433905), np.float64(6.753093529576463), np.float64(0.10670025164622288), np.float64(0.6905161706126846)]",0.1244492781791379,0.04154844983728851,0.01075726184763143,0
0.04109050874980949,0.12585170245017377,"[np.float64(7.761101760036431), 0.1, np.float64(2.9937041743472554), np.float64(3.0753622591143994), np.float64(4.231785532036478), np.float64(0.17402641675767716), np.float64(0.5887029958599299)]",0.12585170245017377,0.04109050874980949,0.011098258023742308,0
0.04098564617938342,0.12616254464414084,"[np.float64(8.68592570255291), 0.1, np.float64(3.812335038331642), np.float64(7.187078215802005), np.float64(8.837443603078542), 0, np.float64(0.8340214330209376)]",0.12616254464414084,0.04098564617938342,0.011254424001573513,0
0.04102649821770846,0.12603776970175115,"[np.float64(6.089560530244226), 0.1, np.float64(3.246924586006425), np.float64(5.138832318855922), np.float64(6.240838305769719), np.float64(0.1721471075326247), np.float64(0.24692472800623794)]",0.12603776970175115,0.04102649821770846,0.01118584305376789,0
0.040990587004714175,0.12614731071331514,"[np.float64(8.394529943902205), 0.1, np.float64(3.6996692138382605), np.float64(7.209388955697331), np.float64(8.421300154045502), 0, 1]",0.12614731071331514,0.040990587004714175,0.011245860015420368,0
0.042004670459655995,0.12309434804408052,"[np.float64(6.222630881209687), np.float64(0.9996354907494274), np.float64(3.488900328147044), np.float64(5.242912544395555), np.float64(6.419925494140871), np.float64(0.4721863187003733), np.float64(0.3448313499256579)]",0.12309434804408052,0.042004670459655995,0.010628565560213252,0
0.0410218320590105,0.12605096567458976,"[0.1, 0.1, np.float64(3.995443470249991), 10, np.float64(6.446860334025408), np.float64(0.6818090641752407), np.float64(0.5308693689190104)]",0.12605096567458976,0.0410218320590105,0.01119264042021919,0
0.040981748917246666,0.1261746682488393,"[np.float64(4.666637024019829), 0.1, np.float64(3.541779916730069), np.float64(6.536724525351579), np.float64(9.196645180348355), np.float64(0.9950248613390551), np.float64(0.18119501045312136)]",0.1261746682488393,0.040981748917246666,0.011259803419734135,0
0.040996006977785736,0.12613058039299802,"[np.float64(7.66973139383108), 0.1, np.float64(3.785380690665565), np.float64(6.348503355681029), np.float64(8.004077996233852), 0, np.float64(0.8302493231625026)]",0.12613058039299802,0.040996006977785736,0.011236412040321846,0
0.041010766488213224,0.1260850778803427,"[np.float64(6.783907723985163), 0.1, np.float64(3.7200896649599207), np.float64(4.663503702189227), np.float64(7.040494653976738), np.float64(0.0231277630763001), np.float64(0.6217173015853618)]",0.1260850778803427,0.041010766488213224,0.011211166714458222,0
0.04099778056002365,0.12612512047438823,"[np.float64(7.695745127086392), 0.1, np.float64(3.6975943230563373), np.float64(6.5915255564090245), np.float64(7.876028614932551), 0, 1]",0.12612512047438823,0.04099778056002365,0.011233373902009153,0
0.04101701643254495,0.12606607345205434,"[np.float64(6.22021358074613), 0.1, np.float64(3.4069790881082747), np.float64(4.3550889866197355), np.float64(6.698196169771575), np.float64(0.33613924465527534), np.float64(0.3907793660989649)]",0.12606607345205434,0.04101701643254495,0.011200858737344917,0
0.04101704209091056,0.12606572307627148,"[np.float64(3.2810533738771506), 0.1, np.float64(4.036022553052688), np.float64(6.776352314835155), np.float64(6.692168163974784), np.float64(0.49714999068764126), np.float64(0.5853279175641377)]",0.12606572307627148,0.04101704209091056,0.011200689804331487,0
0.04098664249664829,0.1261595567630732,"[np.float64(4.876184660814255), 0.1, np.float64(3.559319930509745), np.float64(6.051296174856546), np.float64(8.752803764427467), 1, np.float64(0.1639406844933302)]",0.1261595567630732,0.04098664249664829,0.01125475052299633,0
0.043258462453999405,0.11951794061463186,"[np.float64(3.631297633345092), np.float64(6.137501486924896), np.float64(3.5085695855497283), np.float64(5.916272346705753), np.float64(8.243924642792747), np.float64(0.33397399197672195), np.float64(0.20711581122416972)]",0.11951794061463186,0.043258462453999405,0.010541200009039535,0
0.04098338916573755,0.12616950995621506,"[np.float64(8.933635852278003), 0.1, np.float64(3.8189054997471406), np.float64(7.391491389909961), np.float64(9.040586956151337), 0, np.float64(0.8349409322641361)]",0.12616950995621506,0.04098338916573755,0.011258343965351405,0
0.04101041891328021,0.1260861897154846,"[np.float64(7.118016484743263), 0.1, np.float64(3.579630649032582), np.float64(4.495412338109968), np.float64(7.06149943280956), np.float64(0.06721649519052919), np.float64(0.4203696781396539)]",0.1260861897154846,0.04101041891328021,0.011211773315717367,0
0.04169207142681375,0.12401950651241431,"[np.float64(6.3766967777160914), np.float64(0.6988821431153669), np.float64(3.6936776935086453), np.float64(5.425227037386712), np.float64(6.846756790019502), 0, np.float64(0.9994825270659201)]",0.12401950651241431,0.04169207142681375,0.010703003822399906,0
0.042624949813538676,0.12129859931542403,"[np.float64(6.203508339975338), np.float64(1.952277596351768), np.float64(3.607247417432178), np.float64(5.870332872430225), np.float64(6.280021021455865), np.float64(0.48225489841124464), np.float64(0.3966570484356393)]",0.12129859931542403,0.042624949813538676,0.010565824489902183,0
0.041018170364976916,0.1260622467107219,"[np.float64(2.3774815932300735), 0.1, np.float64(4.019952575632481), np.float64(7.756456520686609), np.float64(6.63288459963918), np.float64(0.5046612392618313), np.float64(0.6092874808593469)]",0.1260622467107219,0.041018170364976916,0.011198791510034783,0
0.04106289151899034,0.12592814097242214,"[np.float64(7.16562655171995), 0.1, np.float64(3.126758023895738), np.float64(3.5521437523972716), np.float64(4.898313597643791), np.float64(0.18400990341864273), np.float64(0.5602348163111068)]",0.12592814097242214,0.04106289151899034,0.01113180961597227,0
0.040987001979122306,0.12615836091822188,"[np.float64(8.54202762193136), 0.1, np.float64(3.8085181709665483), np.float64(7.068331917192373), np.float64(8.719434960192324), 0, np.float64(0.8334872838293276)]",0.12615836091822188,0.040987001979122306,0.011252055111474982,0
0.041003220900113685,0.12610833017285245,"[np.float64(7.532546201300605), 0.1, np.float64(3.827560957778627), np.float64(4.217328567397157), np.float64(7.504756466468619), 0, np.float64(0.6082989006015453)]",0.12610833017285245,0.041003220900113685,0.011223983192365422,0
0.04098917788631994,0.12615165838549802,"[np.float64(8.541942265613958), 0.1, np.float64(3.7001069229299595), np.float64(7.339730480009259), np.float64(8.536328044763353), 0, 1]",0.12615165838549802,0.04098917788631994,0.011248294678074287,0
0.041009649714091254,0.12608851371376653,"[np.float64(6.011085657058271), 0.1, np.float64(3.77949248488953), np.float64(4.2668410544155035), np.float64(7.105773063152562), 0, 0]",0.12608851371376653,0.041009649714091254,0.011213049015854685,0
0.041598710447457735,0.12429861632982388,"[np.float64(6.0237288336804), np.float64(0.5637877521159411), np.float64(3.533502697516103), np.float64(4.945232902878027), np.float64(6.363415944700969), 1, np.float64(0.2307573099012947)]",0.12429861632982388,0.041598710447457735,0.010737310890088812,0
0.041411811655906364,0.12486093277484359,"[np.float64(5.89303620227811), np.float64(0.41965146248161955), np.float64(3.8413799424569293), np.float64(4.614537607098071), np.float64(6.726022294546914), np.float64(0.34653666227532653), np.float64(0.5004347750590483)]",0.12486093277484359,0.041411811655906364,0.010825998551277683,0
0.04291992527403964,0.1204630207774398,"[np.float64(4.846517879615002), np.float64(3.1121352857006235), np.float64(3.451372580248721), np.float64(5.187988347563716), np.float64(7.204458270434597), np.float64(0.26593697921692916), np.float64(0.36197507924049027)]",0.1204630207774398,0.04291992527403964,0.01055210950489515,0
0.040983538292209354,0.12616904971687942,"[np.float64(8.916944139085157), 0.1, np.float64(3.8184627554445196), np.float64(7.3777172023006266), np.float64(9.02689833422653), 0, np.float64(0.834878972680867)]",0.12616904971687942,0.040983538292209354,0.01125807572442294,0
0.041579319016073105,0.12435666235431772,"[np.float64(6.490106446672538), np.float64(0.5913677382856513), np.float64(3.694014439057541), np.float64(5.525503520056857), np.float64(6.935251936528204), 0, 1]",0.12435666235431772,0.041579319016073105,0.010744199844336225,0
0.04246105628014613,0.1217679166652462,"[np.float64(5.656431232235684), np.float64(1.4585358001876279), np.float64(3.9087456067502053), np.float64(4.013996892302611), np.float64(5.547143405615485), 1, np.float64(0.28734042160860984)]",0.1217679166652462,0.04246105628014613,0.010576904656436287,0
0.04195491919222832,0.12324058545755205,"[np.float64(6.244646500201273), np.float64(0.9060672635433267), np.float64(3.6884896781194723), np.float64(4.817472438596811), np.float64(6.166690872663301), np.float64(0.24053875428601854), np.float64(0.6216331438064551)]",0.12324058545755205,0.04195491919222832,0.010637465845853731,0
0.040985581469165276,0.12616274433388563,"[np.float64(8.692883875354047), 0.1, np.float64(3.812519602452099), np.float64(7.192820177485249), np.float64(8.843149895516103), 0, np.float64(0.8340472617349882)]",0.12616274433388563,0.040985581469165276,0.011254560760319367,0
0.04162073579819239,0.12423511802683056,"[np.float64(5.728442944055907), np.float64(0.614368949030685), np.float64(3.1561967950205903), np.float64(3.4456544661425808), np.float64(6.72511998056811), np.float64(0.36543794894331016), 0]",0.12423511802683056,0.04162073579819239,0.010728253918472075,0
0.04100865396723915,0.126091596447446,"[np.float64(7.127403593291296), 0.1, np.float64(3.680114934526573), np.float64(4.473490847040862), np.float64(7.165282986620332), np.float64(0.03560755374248764), np.float64(0.5229879414894216)]",0.126091596447446,0.04100865396723915,0.011214743976317557,0
0.04229218353979935,0.12225535407367444,"[np.float64(5.673836742444886), np.float64(1.365206091206578), np.float64(3.6915907022445653), np.float64(4.8037603423954955), np.float64(6.298305301105238), 0, np.float64(0.9466809644365044)]",0.12225535407367444,0.04229218353979935,0.01059102371205515,0
0.04107482465198573,0.12588794476048315,"[np.float64(6.222766026176727), np.float64(0.13110869182908713), np.float64(3.6955558338229526), np.float64(4.549008306201217), np.float64(6.090817570703544), 0, np.float64(0.43029073041399285)]",0.12588794476048315,0.04107482465198573,0.011113721868098567,0
0.04101176697905799,0.12608198131548534,"[np.float64(6.121990025604081), 0.1, np.float64(3.9149872372419807), np.float64(4.712061441872202), np.float64(6.982586595981929), 0, np.float64(0.24352268007644312)]",0.12608198131548534,0.04101176697905799,0.01120944698921154,0
0.04099908948299301,0.1261211132785604,"[np.float64(5.50373193440666), 0.1, np.float64(3.6206331107416556), np.float64(5.486248584006237), np.float64(7.784591496981927), np.float64(0.6399749726260984), np.float64(0.4322783779456061)]",0.1261211132785604,0.04099908948299301,0.01123457166056946,0
0.04099014248329325,0.12614867102690058,"[np.float64(8.221996609360726), 0.1, np.float64(3.8000294133512793), np.float64(6.804238761683216), np.float64(8.456982359630619), 0, np.float64(0.8322993297863247)]",0.12614867102690058,0.04099014248329325,0.011246571749923611,0
0.041005969677243,0.12609985878777916,"[np.float64(7.277334615857994), 0.1, np.float64(3.773558983343558), np.float64(4.372289951941149), np.float64(7.329329982627041), np.float64(0.006174639871987908), np.float64(0.5948690366146465)]",0.12609985878777916,0.041005969677243,0.011219283832593161,0
0.04136615768050082,0.12499909141217071,"[np.float64(6.561102514377306), np.float64(0.39153768877713757), np.float64(3.749332395785113), np.float64(5.024942254367446), np.float64(6.952282997551588), np.float64(0.48543822706983314), np.float64(0.4034737035908394)]",0.12499909141217071,0.04136615768050082,0.010853430559256772,0
0.04101947749615944,0.12605821938262102,"[np.float64(1.5803715864190977), 0.1, np.float64(4.016180945638796), np.float64(8.47217108204131), np.float64(6.565377892058788), np.float64(0.5993023965674329), np.float64(0.5504702556002887)]",0.12605821938262102,0.04101947749615944,0.011196575316768459,0
0.04182932526080374,0.1236132943230631,"[np.float64(6.2342208684806115), np.float64(0.7227858595545726), np.float64(3.192463210056338), np.float64(4.1894130255613895), np.float64(5.759182838906453), np.float64(0.2125833041920796), np.float64(0.6971249140390701)]",0.1236132943230631,0.04182932526080374,0.01066451164444891,0
0.04274069256773051,0.12096951762728278,"[np.float64(5.099875620687114), np.float64(2.427457342488945), np.float64(3.3929751597812583), np.float64(4.9830913607585705), np.float64(6.9181955763468075), np.float64(0.2620866349200673), np.float64(0.3732808148253324)]",0.12096951762728278,0.04274069256773051,0.010559711022594995,0
0.04099129380177033,0.12614511905866554,"[np.float64(8.109091297150792), 0.1, np.float64(3.797034622874169), np.float64(6.711068040709145), np.float64(8.36439041809124), 0, np.float64(0.8318802256468886)]",0.12614511905866554,0.04099129380177033,0.011244604102586995,0
0.04217637144707093,0.12259187949649789,"[np.float64(5.816878461746667), np.float64(1.1290050618122516), np.float64(3.780552817913608), np.float64(4.39774061849114), np.float64(5.895488435820618), 1, np.float64(0.32504600202096195)]",0.12259187949649789,0.04217637144707093,0.01060424134414565,0
0.0414621768738931,0.12470889921514794,"[np.float64(6.0559063268113595), np.float64(0.4647128378468095), np.float64(3.656923519775919), np.float64(4.861659844828352), np.float64(6.723847948610392), 0, np.float64(0.6757107207170501)]",0.12470889921514794,0.0414621768738931,0.010798468279599661,0
0.0421712806544564,0.12260707130504571,"[np.float64(5.576652875234021), np.float64(1.2272832886769605), np.float64(3.359153027656001), np.float64(4.684363087653352), np.float64(6.49334047676074), np.float64(0.23792413307257834), np.float64(0.42889971268615235)]",0.12260707130504571,0.0421712806544564,0.01060439599411352,0
0.04100260651179873,0.12611022856919338,"[np.float64(7.110085519026054), 0.1, np.float64(3.7705361974914653), np.float64(5.88667734745215), np.float64(7.545120865622046), 0, np.float64(0.8281719195562575)]",0.12611022856919338,0.04100260651179873,0.011225029181465774,0
0.040997093022268935,0.12612722604661453,"[np.float64(8.326551835755291), 0.1, np.float64(3.8684897633462736), np.float64(3.7561469659665256), np.float64(7.924962639150957), 0, np.float64(0.5183225615487497)]",0.12612722604661453,0.040997093022268935,0.011234506413578347,0
0.041032606254375006,0.12601887687651306,"[np.float64(6.187951910976052), 0.1, np.float64(3.254975175928808), np.float64(4.430653123220828), np.float64(5.96564052420257), np.float64(0.11400731085451193), np.float64(0.5584892530362295)]",0.12601887687651306,0.041032606254375006,0.01117603068712859,0
0.041002858109214085,0.12610946223973626,"[np.float64(7.250732899724491), 0.1, np.float64(3.6962729552386966), np.float64(6.198047105094652), np.float64(7.528779366954593), 0, 1]",0.12610946223973626,0.041002858109214085,0.011224632661574913,0
0.04132655978699362,0.1251191603830108,"[np.float64(6.585851586331016), np.float64(0.3587594381828838), np.float64(3.8109453072328447), np.float64(4.993528745138403), np.float64(6.999469665797575), np.float64(0.5893213386547052), np.float64(0.322183501341194)]",0.1251191603830108,0.04132655978699362,0.010879296903397215,0
0.04312529492734238,0.11988788758430245,"[np.float64(6.253773669990679), np.float64(3.4187441910197007), np.float64(3.555134884843134), np.float64(6.8063465743122835), np.float64(5.856654523284113), np.float64(0.8228573543955745), np.float64(0.15511756497898246)]",0.11988788758430245,0.04312529492734238,0.010546784376305657,0
0.041565864552613976,0.12439700738298055,"[np.float64(6.077380433736779), np.float64(0.5641404213758885), np.float64(3.772331672506718), np.float64(4.943272832598908), np.float64(6.756703338514547), np.float64(0.07476004047242779), np.float64(0.7158428765536133)]",0.12439700738298055,0.041565864552613976,0.01074978541518612,0
0.04103884385692072,0.12599885692145094,"[np.float64(6.678100173134979), 0.1, np.float64(3.4045877451441724), np.float64(4.135327293190784), np.float64(5.696769450314225), np.float64(0.1546247307623845), np.float64(0.6131769183694038)]",0.12599885692145094,0.04103884385692072,0.011165854131740862,0
0.04098358403375904,0.1261689085483872,"[np.float64(8.911833682931672), 0.1, np.float64(3.8183272016329), np.float64(7.373499996971605), np.float64(9.022707326308998), 0, np.float64(0.834860002684802)]",0.1261689085483872,0.04098358403375904,0.011258020464597255,0
0.04100574101565527,0.12610057360586335,"[np.float64(7.01373087296838), 0.1, np.float64(3.6955692288428454), np.float64(5.988490637401184), np.float64(7.343843379806124), 0, 1]",0.12610057360586335,0.04100574101565527,0.011219718215296803,0
0.04304545389004135,0.1201107507607687,"[np.float64(6.584892940788749), np.float64(2.838202841872702), np.float64(3.7101293469488708), np.float64(2.8803703499162547), np.float64(5.453439164828644), np.float64(0.9871438786500456), np.float64(0.30677385621611)]",0.1201107507607687,0.04304545389004135,0.010547408350174781,0
0.04212720589723603,0.12273903575899571,"[np.float64(6.451400898293694), np.float64(0.9854478705371241), np.float64(3.1062677391066638), np.float64(4.183729803840897), np.float64(5.412738422115178), np.float64(0.2705520832105941), np.float64(0.6910677299765442)]",0.12273903575899571,0.04212720589723603,0.010610229747144668,0
0.043237874170774654,0.11957507188138611,"[np.float64(3.7851804708664787), np.float64(5.665355771637091), np.float64(3.424592326679493), np.float64(5.736440002544178), np.float64(7.997462482625333), np.float64(0.34242256594527687), np.float64(0.1920831988821106)]",0.11957507188138611,0.043237874170774654,0.0105417723350651,0
0.04098084195719294,0.12617737176384622,"[np.float64(9.22617291328378), 0.1, np.float64(3.8266649858807327), np.float64(7.632896230409094), np.float64(9.280492182225945), 0, np.float64(0.8360268288513404)]",0.12617737176384622,0.04098084195719294,0.011262823597874476,0
0.041824676926432686,0.12362533021550719,"[np.float64(5.987780142368649), np.float64(0.7771226595867489), np.float64(3.6434945365133444), np.float64(4.8068191707743875), np.float64(6.2666490852410845), 1, np.float64(0.36431259650467884)]",0.12362533021550719,0.041824676926432686,0.010666115308543314,0
0.04101743828278926,0.12606450218801318,"[np.float64(3.272108580844314), 0.1, np.float64(4.049780649761779), np.float64(6.586878468179037), np.float64(6.671239569979904), np.float64(0.6149492371706728), np.float64(0.47862240547018414)]",0.12606450218801318,0.04101743828278926,0.01119982851712303,0
0.04323674139599452,0.11957806648711461,"[np.float64(6.996982894125181), np.float64(3.5054950962921656), np.float64(3.7492616498121123), np.float64(2.3950004041662067), np.float64(4.771207944715396), np.float64(0.7918683885995167), np.float64(0.441816656540228)]",0.11957806648711461,0.04323674139599452,0.01054167530874541,0
0.04153292200166286,0.12449593515925668,"[np.float64(6.103750235634975), np.float64(0.5315724144767789), np.float64(3.6828849509107457), np.float64(4.96237644945199), np.float64(6.742219096752629), 0, np.float64(0.736962714369337)]",0.12449593515925668,0.04153292200166286,0.010764169218792953,0
0.041038875858063685,0.125998569664156,"[np.float64(6.919722406200778), 0.1, np.float64(3.5288469223577437), np.float64(4.145377405051368), np.float64(5.693068483455017), np.float64(0.11093539171853023), np.float64(0.7051995948278488)]",0.125998569664156,0.041038875858063685,0.011165709597527732,0
0.04098986350034534,0.1261495317561496,"[np.float64(8.249703159471181), 0.1, np.float64(3.800764323966203), np.float64(6.827102515380609), np.float64(8.479704082974468), 0, np.float64(0.8324021764072099)]",0.1261495317561496,0.04098986350034534,0.011247078984254292,0
0.04171510449245291,0.12395090238500088,"[np.float64(7.05684303962643), np.float64(0.603368549628089), np.float64(3.5570091517330447), np.float64(4.5554140715354405), np.float64(5.629431346975661), np.float64(0.46884680186316374), 0]",0.12395090238500088,0.04171510449245291,0.010695714773159185,0
0.041929928349392076,0.12331457695144757,"[np.float64(6.264180295247545), np.float64(0.89972224143765), np.float64(3.360244816091705), np.float64(5.16231502872745), np.float64(6.331399222144743), np.float64(0.6324291159303099), np.float64(0.17997494228712851)]",0.12331457695144757,0.041929928349392076,0.010642271618497602,0
0.04283980790106017,0.12068873423381404,"[np.float64(6.433830287953853), np.float64(2.3263656097751095), np.float64(3.6991960666361154), np.float64(3.4034344598704562), np.float64(5.843725341696814), np.float64(0.8360978335506358), np.float64(0.3815507796059205)]",0.12068873423381404,0.04283980790106017,0.01055520997873864,0
0.04163273643533658,0.12419669287002393,"[np.float64(6.129923151997057), np.float64(0.6314338470080793), np.float64(3.791676911543354), np.float64(5.050664644859088), np.float64(6.774704687375607), np.float64(0.04007418121765871), np.float64(0.7819938717338077)]",0.12419669287002393,0.04163273643533658,0.01072346219161129,0
0.0423612783806233,0.1220566225843007,"[np.float64(5.401392298047353), np.float64(1.5006472706675895), np.float64(3.226972851185823), np.float64(4.629064797583847), np.float64(6.43309784599535), np.float64(0.27896492547947227), np.float64(0.3431678175809274)]",0.1220566225843007,0.0423612783806233,0.010584621756319978,0
0.040985681990899844,0.12616243413338876,"[np.float64(8.682078528027787), 0.1, np.float64(3.8122329928086627), np.float64(7.183903484540893), np.float64(8.834288593347384), 0, np.float64(0.834007152322031)]",0.12616243413338876,0.040985681990899844,0.011254363160013237,0
0.043214116003845074,0.11964083735086456,"[np.float64(6.231604128026274), np.float64(3.9860134652108616), np.float64(3.6573036972378996), np.float64(7.183990066265123), np.float64(5.801485695267442), np.float64(0.7848705892921626), np.float64(0.22944843193311)]",0.11964083735086456,0.043214116003845074,0.010543079325337252,0
0.04123316091773728,0.12540329150372082,"[np.float64(5.754992275881991), np.float64(0.26660310024585576), np.float64(3.8260519524833847), np.float64(4.34484617198314), np.float64(6.687147435918643), np.float64(0.4765753300708814), np.float64(0.33096265943823105)]",0.12540329150372082,0.04123316091773728,0.010949080063970013,0
0.04098872943899447,0.12615303072901066,"[np.float64(8.363758684319635), 0.1, np.float64(3.8037896235999598), np.float64(6.921222404633008), np.float64(8.573239296529124), 0, np.float64(0.8328255501320942)]",0.12615303072901066,0.04098872943899447,0.011249065823992177,0
0.04142249613435446,0.12482864578901733,"[np.float64(5.885696010645446), np.float64(0.4384787576725002), np.float64(3.822342813654631), np.float64(4.99181821172933), np.float64(6.883185928693786), 0, np.float64(0.7497493330673775)]",0.12482864578901733,0.04142249613435446,0.010819965841202228,0
0.04105342092913381,0.12595374544443766,"[np.float64(6.968464378473415), np.float64(0.1378758199475758), np.float64(3.695434819751667), np.float64(5.948466141319587), np.float64(7.308521302781054), 0, 1]",0.12595374544443766,0.04105342092913381,0.011143821377541694,0
0.041712069663078,0.123959925249816,"[np.float64(6.037950464734692), np.float64(0.673808596710072), np.float64(3.6032508670150647), np.float64(4.926914771757003), np.float64(6.375609886224439), 1, np.float64(0.375824944276561)]",0.123959925249816,0.041712069663078,0.010697373599468473,0
0.04102212328956321,0.12605006844634042,"[0.1, 0.1, np.float64(4.0020694440018305), 10, np.float64(6.432467543628053), np.float64(0.7460172072197503), np.float64(0.4742928633470511)]",0.12605006844634042,0.04102212328956321,0.011192069028369313,0
0.041458921379277015,0.1247187095281197,"[np.float64(6.031238722093346), np.float64(0.4618696202292614), np.float64(3.6908115241478097), np.float64(4.826319984680105), np.float64(6.725588786770099), np.float64(0.03448521675515126), np.float64(0.649889166655166)]",0.1247187095281197,0.041458921379277015,0.010800169363924842,0
0.04291092151825016,0.12048831100819743,"[np.float64(4.875155176243939), np.float64(3.096713853488498), np.float64(3.498173189868957), np.float64(5.225798557612796), np.float64(7.252018104663643), np.float64(0.2536264719953304), np.float64(0.3873614423501227)]",0.12048831100819743,0.04291092151825016,0.010552453087449514,0
0.04100119004223235,0.1261145961605431,"[np.float64(7.225176471247824), 0.1, np.float64(3.7735889616260208), np.float64(5.981651682903757), np.float64(7.639505217529377), 0, np.float64(0.8285991367840714)]",0.1261145961605431,0.04100119004223235,0.011227476458602819,0
0.041015223077248676,0.12607133347214208,"[np.float64(6.187621452367061), 0.1, np.float64(3.8229135950668507), np.float64(5.007230880360558), np.float64(6.789883034542595), np.float64(0.058070991713209785), np.float64(0.35797470327367903)]",0.12607133347214208,0.041015223077248676,0.011203702723134153,0
0.042511339265255924,0.12162354688401998,"[np.float64(5.612002724095944), np.float64(1.870797243334306), np.float64(3.693656833158669), np.float64(4.46695067694587), np.float64(6.847435441386447), np.float64(0.3944136012678672), np.float64(0.6937470193469162)]",0.12162354688401998,0.042511339265255924,0.010572969311939871,0
0.04097537132601036,0.126194272692754,"[10, 0.1, np.float64(3.7050613523088045), np.float64(8.815066244289751), np.float64(9.838328784448265), 0, 1]",0.126194272692754,0.04097537132601036,0.011272334254675253,0
0.04202496855435404,0.12304093436147603,"[np.float64(5.639409223603852), np.float64(1.0002752012849312), np.float64(3.051708297886101), np.float64(3.9541709718208984), np.float64(6.27410602716515), np.float64(0.761152723903078), np.float64(0.9644899209961987)]",0.12304093436147603,0.04202496855435404,0.010625503369265706,0
0.041798109955565044,0.12370421155525996,"[np.float64(6.223930073686323), np.float64(0.7711152505838985), np.float64(3.470176391655254), np.float64(5.093636692554296), np.float64(6.462066520448292), np.float64(0.4563596331616228), np.float64(0.34565466825188756)]",0.12370421155525996,0.041798109955565044,0.010672201099879357,0
0.040984522951266,0.12616612443138583,"[np.float64(4.6375677057766165), 0.1, np.float64(3.5316198124784863), np.float64(5.822392704554151), np.float64(8.94069991002145), 1, 0]",0.12616612443138583,0.040984522951266,0.011258214522811531,0
0.04127551323985982,0.1252768283748923,"[np.float64(5.911356930707045), np.float64(0.27755439601086795), np.float64(3.1601461250385925), np.float64(3.9962875383523984), np.float64(6.1381463123034266), np.float64(0.11833021235227481), np.float64(0.7302547517624074)]",0.1252768283748923,0.04127551323985982,0.010916414393097831,0
0.040985423202166874,0.12616323273388344,"[np.float64(8.709937151538433), 0.1, np.float64(3.812971937139643), np.float64(7.206892730901647), np.float64(8.857135029790241), 0, np.float64(0.8341105634388667)]",0.12616323273388344,0.040985423202166874,0.011254809015816802,0
0.041026834631639614,0.12603609586829018,"[np.float64(6.219499733875108), np.float64(0.10863521316937907), np.float64(3.346168544946358), np.float64(5.433409288933473), np.float64(6.795573362068481), 1, np.float64(0.22273952495707736)]",0.12603609586829018,0.041026834631639614,0.011270546633961225,0
0.04289686636153939,0.12052827795825793,"[np.float64(6.280028592272486), np.float64(2.537476369136767), np.float64(3.420476675484751), np.float64(6.222729867925114), np.float64(5.96372428213733), np.float64(0.8484800200602917), np.float64(0.07264463403908655)]",0.12052827795825793,0.04289686636153939,0.010579237238923395,0
0.04098059476502665,0.1261782703177177,"[np.float64(4.399900644551495), 0.1, np.float64(3.5084288143547093), np.float64(6.039400239672313), np.float64(9.30860780426594), 1, 0]",0.1261782703177177,0.04098059476502665,0.011262333384773606,0
0.0410163020937126,0.12606832015924416,"[np.float64(5.590417257299232), 0.1, np.float64(3.3900882225774556), np.float64(4.1335346816628435), np.float64(6.73708344841527), np.float64(0.03782837324631089), np.float64(0.7237847437468894)]",0.12606832015924416,0.0410163020937126,0.011202072989093243,0
0.041073864344313246,0.12589177429171494,"[np.float64(7.881206527460055), 0.1, np.float64(3.2761791024368576), np.float64(3.332347691583957), np.float64(4.56024172913268), np.float64(0.10322866035696066), np.float64(0.7340859993131407)]",0.12589177429171494,0.041073864344313246,0.011115402860554655,0
0.04100434355558161,0.12610530316171553,"[np.float64(6.7158652147480336), 0.1, np.float64(3.3547441813523733), np.float64(3.810353599349516), np.float64(7.441202928608166), np.float64(0.396491290059795), np.float64(0.579701391803585)]",0.12610530316171553,0.04100434355558161,0.011222292867401258,0
0.04098740170712862,0.12615712749121596,"[np.float64(8.500279163090763), 0.1, np.float64(3.807410801574244), np.float64(7.033880624037074), np.float64(8.685197679548342), 0, np.float64(0.8333323136904325)]",0.12615712749121596,0.04098740170712862,0.011251352574925348,0
0.040979180958081535,0.1261825113115596,"[np.float64(9.704896922723483), 0.1, np.float64(3.7035600659287247), np.float64(8.36801143341362), np.float64(9.443797784432627), 0, 1]",0.1261825113115596,0.040979180958081535,0.011265710718627838,0
0.04101339363038168,0.1260771379218208,"[np.float64(6.190229759060527), 0.1, np.float64(3.456729498074475), np.float64(3.983070027592216), np.float64(6.8937215578157405), np.float64(0.1594214696758809), np.float64(0.5272703624209648)]",0.1260771379218208,0.04101339363038168,0.011206841109755809,0
0.04098017691251989,0.12617949911877802,"[np.float64(4.659225488407017), 0.1, np.float64(3.5444473193855806), np.float64(6.886494510801473), np.float64(9.347446547805333), np.float64(0.778550937452477), np.float64(0.30157100676743076)]",0.12617949911877802,0.04098017691251989,0.011263432391337832,0
0.041635422849695194,0.1241886620427357,"[np.float64(6.154789558526521), np.float64(0.6339688435194653), np.float64(3.7570208682252906), np.float64(5.086115647754166), np.float64(6.772832427822214), 0, np.float64(0.8079632331138796)]",0.1241886620427357,0.041635422849695194,0.010722490699599014,0
0.04098751922003375,0.1261567648902978,"[np.float64(8.488063482736823), 0.1, np.float64(3.8070867831336646), np.float64(7.023800108572496), np.float64(8.675179784561323), 0, np.float64(0.8332869691260169)]",0.1261567648902978,0.04098751922003375,0.011251163332636144,0
0.0414762017804424,0.12466666044896042,"[np.float64(5.94557995584866), np.float64(0.4677469599620654), np.float64(3.560359115711134), np.float64(4.213468002959921), np.float64(6.576359897943173), np.float64(0.15031011863385355), np.float64(0.18675634849762723)]",0.12466666044896042,0.0414762017804424,0.010791283650870566,0
0.0418218015425916,0.12363428030928994,"[np.float64(6.268753739036898), np.float64(0.7826683144831046), np.float64(3.3391660664479725), np.float64(5.084390117853925), np.float64(6.342786133033385), np.float64(0.6402628151006513), np.float64(0.16464171639294975)]",0.12363428030928994,0.0418218015425916,0.010666203808662884,0
0.040982470675464164,0.1261723447077601,"[np.float64(9.037486517504124), 0.1, np.float64(3.8216601175518585), np.float64(7.477190115358447), np.float64(9.12575331843519), 0, np.float64(0.8353264255844021)]",0.1261723447077601,0.040982470675464164,0.011259971067586689,0
0.04258575113509396,0.12141050975263065,"[np.float64(5.609364144407184), np.float64(2.0398165703079183), np.float64(3.6726267348173836), np.float64(4.316363992517415), np.float64(6.892426570018744), np.float64(0.47221639174212815), np.float64(0.6469349430602754)]",0.12141050975263065,0.04258575113509396,0.010568172887528633,0
0.04203928201981846,0.12299265427084731,"[np.float64(5.994245071153161), np.float64(1.0614532359118183), np.float64(3.6925420856628794), np.float64(5.087064407355111), np.float64(6.548324389006256), 0, np.float64(0.9707512765701974)]",0.12299265427084731,0.04203928201981846,0.010622883530079173,0
0.04101001520108177,0.12608738107258666,"[np.float64(6.024864992796267), 0.1, np.float64(3.902690363577212), np.float64(4.348042780083598), np.float64(7.0841328858456905), 0, 0]",0.12608738107258666,0.04101001520108177,0.011212401426711444,0
0.04185467523577989,0.12353650500540676,"[np.float64(5.940573251857405), np.float64(0.7978423546866105), np.float64(3.636799323639147), np.float64(4.7225682857138604), np.float64(6.174388349688495), 1, np.float64(0.2756171475528927)]",0.12353650500540676,0.04185467523577989,0.010658951159992274,0
0.041930290213159076,0.12331315637404593,"[np.float64(5.578016831891449), np.float64(0.9645436532390574), np.float64(3.6819201727362585), np.float64(4.100861682800291), np.float64(6.819127941785122), np.float64(0.639636546139902), np.float64(0.8724456456360561)]",0.12331315637404593,0.041930290213159076,0.01064219030900816,0
0.041011621927440636,0.1260825753734784,"[np.float64(6.177494037270001), 0.1, np.float64(3.472342860366755), np.float64(3.7699666974011805), np.float64(6.9936289404981276), np.float64(0.07653844286612366), np.float64(0.5874893338415997)]",0.1260825753734784,0.041011621927440636,0.011209799783563573,0
0.043073741861587356,0.12003167571656896,"[np.float64(6.723972194749951), np.float64(2.888065449356503), np.float64(3.7255750968452026), np.float64(2.943032597533058), np.float64(5.315181831241917), np.float64(0.7751537613199346), np.float64(0.43390088019469597)]",0.12003167571656896,0.043073741861587356,0.010546596110312244,0
0.042333642443732854,0.12213554486181483,"[np.float64(5.487090060742117), np.float64(1.4985865437435058), np.float64(3.4050178159530224), np.float64(4.7855905681752455), np.float64(6.632279307220346), np.float64(0.23367661607928777), np.float64(0.4362893683817066)]",0.12213554486181483,0.042333642443732854,0.010587070743312778,0
0.040983405434994215,0.1261694597453008,"[np.float64(8.931812554533657), 0.1, np.float64(3.818857137144754), np.float64(7.3899867843066795), np.float64(9.039091697205153), 0, np.float64(0.8349341641890374)]",0.1261694597453008,0.040983405434994215,0.011258323242585229,0
0.04275986282342277,0.1209149310886189,"[np.float64(4.922566337610348), np.float64(2.0774239398715295), np.float64(3.689359966830442), np.float64(4.139489346596058), np.float64(5.712078525599733), 0, np.float64(0.8902426277238605)]",0.1209149310886189,0.04275986282342277,0.010558854199416963,0
0.042387380878051585,0.12198018935934594,"[np.float64(5.519258121716594), np.float64(1.5384787078375617), np.float64(3.5017320825927563), np.float64(3.39114425471253), np.float64(6.4067891827128385), np.float64(0.9633462709224198), np.float64(0.9521297871928086)]",0.12198018935934594,0.042387380878051585,0.010582300846413787,0
0.040977060877596984,0.12618914166946024,"[np.float64(4.456252340747815), 0.1, np.float64(3.52466253740353), np.float64(7.073934696056588), np.float64(9.662505758593284), np.float64(0.9080345274449075), np.float64(0.21646606520204104)]",0.12618914166946024,0.040977060877596984,0.011267915478298751,0
0.040991941588375415,0.12614312064073868,"[np.float64(8.04656272144788), 0.1, np.float64(3.7953760651022006), np.float64(6.659468763707106), np.float64(8.313111677412861), 0, np.float64(0.8316481197840447)]",0.12614312064073868,0.040991941588375415,0.01124345169541686,0
0.0410352943150467,0.12600955882866116,"[np.float64(6.295966887508211), 0.1, np.float64(3.585487464675876), np.float64(4.412637013871255), np.float64(5.837754574307338), 0, np.float64(0.3579447290531552)]",0.12600955882866116,0.0410352943150467,0.011171263270072526,0
0.04260090374777173,0.12136769115429714,"[np.float64(6.30042262474592), np.float64(1.8370238250056081), np.float64(3.3148405181836633), np.float64(5.759034809220948), np.float64(6.050062888684292), np.float64(0.8669120747900187), np.float64(0.009004131998327114)]",0.12136769115429714,0.04260090374777173,0.010567944664379115,0
0.04102075157658449,0.1260542941277561,"[np.float64(0.8341204154489148), 0.1, np.float64(4.013618892624424), np.float64(9.128353260325367), np.float64(6.500762168161773), np.float64(0.6961012228661418), np.float64(0.48796031990948974)]",0.1260542941277561,0.04102075157658449,0.011194357918615212,0
0.04258487991909222,0.1214130026146541,"[np.float64(6.107020002128587), np.float64(1.885208999444985), np.float64(3.667037896332307), np.float64(3.6746453981968017), np.float64(6.338581673837311), 1, np.float64(0.233507042149127)]",0.1214130026146541,0.04258487991909222,0.010568331997353388,0
0.04140690302401777,0.12487583872516353,"[np.float64(6.077457438330758), np.float64(0.4139910410756085), np.float64(3.547793407899233), np.float64(4.86463024721168), np.float64(6.703464924179807), 0, np.float64(0.6885820661251325)]",0.12487583872516353,0.04140690302401777,0.010828864251227716,0
0.04103713143268652,0.12600395944225118,"[np.float64(6.787936338076193), 0.1, np.float64(3.506605356280398), np.float64(4.1918812638130305), np.float64(5.763227007921344), np.float64(0.12463916045558635), np.float64(0.6755642499204785)]",0.12600395944225118,0.04103713143268652,0.01116842449901467,0
0.04098086372291921,0.12617730458103618,"[np.float64(9.223612216495967), 0.1, np.float64(3.8265970639184723), np.float64(7.630783114903307), np.float64(9.278392193459815), 0, np.float64(0.8360173235534709)]",0.12617730458103618,0.04098086372291921,0.011262773582719878,0
0.04100801833566555,0.12609421911472432,"[np.float64(6.2019945770081915), 0.1, np.float64(3.306391152563884), np.float64(2.823131419376228), np.float64(7.216627581086412), np.float64(0.04333985618277114), np.float64(0.5269117775399361)]",0.12609421911472432,0.04100801833566555,0.011216178362115862,0
0.04135140682510728,0.1250438397640604,"[np.float64(5.33773307940553), np.float64(0.4178035463417249), np.float64(3.596816576959761), np.float64(4.867083881977781), np.float64(7.728483697704868), 1, np.float64(0.08452240545408707)]",0.1250438397640604,0.04135140682510728,0.010865861245472237,0
0.04103491745005759,0.12601155017054685,"[np.float64(6.223422818750131), 0.1, np.float64(3.2783025341501313), np.float64(4.239199202376264), np.float64(5.8646729585304), np.float64(0.21292300546763618), np.float64(0.4885621211420069)]",0.12601155017054685,0.04103491745005759,0.011172280004839687,0
0.040995644079872336,0.12613169969908952,"[np.float64(7.702316553281007), 0.1, np.float64(3.786245005402451), np.float64(6.375392992134624), np.float64(8.030800593424221), 0, np.float64(0.8303702791648584)]",0.12613169969908952,0.040995644079872336,0.011237041273680222,0
0.04197689132010839,0.12317861765149156,"[np.float64(6.358044546728543), np.float64(0.8618531751270178), np.float64(3.1432386022442933), np.float64(4.363016964690315), np.float64(5.678483168997525), np.float64(0.07917390834152016), np.float64(0.8062925310781908)]",0.12317861765149156,0.04197689132010839,0.0106336026961741,0
0.04197511402925713,0.123181979595991,"[np.float64(5.742510266315733), np.float64(0.9505106171291926), np.float64(3.269588390707368), np.float64(4.665486536089338), np.float64(6.323634099182592), np.float64(0.15368049685358187), np.float64(0.488129661664089)]",0.123181979595991,0.04197511402925713,0.010633800007263898,0
0.04188666182489085,0.12344197888820915,"[np.float64(6.140591366008736), np.float64(0.9473866416325025), np.float64(3.5285750905992788), np.float64(4.344271665464479), np.float64(7.100974441485135), np.float64(0.27891793382668006), np.float64(0.7397722432404399)]",0.12344197888820915,0.04188666182489085,0.010651226242847622,0
0.04099261408010189,0.12614105692902824,"[np.float64(8.1887930040512), 0.1, np.float64(3.699058322373928), np.float64(7.0274769822878955), np.float64(8.26076075029009), 0, 1]",0.12614105692902824,0.04099261408010189,0.011242320026194906,0
0.04130349928335136,0.12518937625625864,"[np.float64(6.177729354952566), np.float64(0.32439874232408394), np.float64(3.4552609639702494), np.float64(5.2846530800584635), np.float64(6.687445633471844), 1, np.float64(0.345227778074489)]",0.12518937625625864,0.04130349928335136,0.010901100510038175,0
0.04139332507009661,0.12491701413460345,"[np.float64(6.223541196670034), np.float64(0.3928253120288101), np.float64(3.4466462510801565), np.float64(4.847477117681503), np.float64(6.538453897383733), np.float64(0.419801533662146), np.float64(0.3572557568259651)]",0.12491701413460345,0.04139332507009661,0.01083686160393831,0
0.041096843148656866,0.12582064370657353,"[np.float64(5.937038181190721), np.float64(0.15827161352339292), np.float64(3.382681580297164), np.float64(4.537831915567277), np.float64(6.628456579754547), 0, np.float64(0.49797859426758206)]",0.12582064370657353,0.041096843148656866,0.01108541870457082,0
0.04097812612371033,0.1261857551125385,"[np.float64(9.554365523125178), 0.1, np.float64(3.835370228206119), np.float64(7.903724426875431), np.float64(9.549637985459615), 0, np.float64(0.8372450787159804)]",0.1261857551125385,0.04097812612371033,0.011267545120300036,0
0.042208209593634666,0.12249917681016131,"[np.float64(5.796770490762286), np.float64(1.1623942260572775), np.float64(3.7920109115594496), np.float64(4.352620919544938), np.float64(5.852893545839929), 1, np.float64(0.3122696702545098)]",0.12249917681016131,0.042208209593634666,0.010600454201340304,0
0.041015933212977224,0.12606925177733594,"[np.float64(6.190097232908934), 0.1, np.float64(3.5031902802440418), np.float64(4.443032880023239), np.float64(6.753328058118525), np.float64(0.22418215391607377), np.float64(0.5090698966371185)]",0.12606925177733594,0.041015933212977224,0.011202573642787272,0
0.040981060647511065,0.12617683974736732,"[np.float64(4.374691201769547), 0.1, np.float64(3.503929290358752), np.float64(5.856082202072848), np.float64(9.263817834654795), 1, 0]",0.12617683974736732,0.040981060647511065,0.011262055989688036,0
0.04099048262379855,0.12614762162794008,"[np.float64(8.188401195463488), 0.1, np.float64(3.799138301820345), np.float64(6.776515452009283), np.float64(8.429431268024048), 0, np.float64(0.832174623722856)]",0.12614762162794008,0.04099048262379855,0.011246021256430238,0
0.0409971109919343,0.12612718558906458,"[np.float64(7.7572441326893165), 0.1, np.float64(3.697776931087812), np.float64(6.6459027891998295), np.float64(7.924017146783925), 0, 1]",0.12612718558906458,0.0409971109919343,0.011234540520692298,0
0.04213528259076734,0.12271172164128857,"[np.float64(5.911521441425741), np.float64(1.1081091780390702), np.float64(3.8060023653299178), np.float64(4.558891949462952), np.float64(6.077687729857654), np.float64(0.7999187777324305), np.float64(0.5238817154197337)]",0.12271172164128857,0.04213528259076734,0.01060889942129252,0
0.0410194220560868,0.12605839007315725,"[np.float64(1.8351380619335869), 0.1, np.float64(4.030207719095815), np.float64(8.059926901687167), np.float64(6.568213917020564), np.float64(0.6775088762308096), np.float64(0.47074717406452227)]",0.12605839007315725,0.0410194220560868,0.011196563493655252,0
0.04273279274225806,0.12099171450520005,"[np.float64(6.374801657450753), np.float64(2.1099613970439846), np.float64(3.6951332156610963), np.float64(3.6290076809259677), np.float64(6.004836483249878), np.float64(0.7634118573397191), np.float64(0.4183979936568816)]",0.12099171450520005,0.04273279274225806,0.010560115431661585,0
0.04105331793751653,0.12595448970622003,"[np.float64(5.924900540896902), np.float64(0.1255075710792084), np.float64(3.3524766614944363), np.float64(4.503993115538839), np.float64(6.618193855064879), 0, np.float64(0.4795620828749158)]",0.12595448970622003,0.04105331793751653,0.01114414518095809,0
0.0409913184572092,0.1261450429956122,"[np.float64(8.106698382064259), 0.1, np.float64(3.7969711512874618), np.float64(6.709093380531707), np.float64(8.362428024564625), 0, np.float64(0.8318713431541302)]",0.1261450429956122,0.0409913184572092,0.011244533063116314,0
0.04187786394686395,0.12347208404129599,"[np.float64(7.377941869980526), np.float64(0.6798186097248009), np.float64(3.0976720623567946), np.float64(4.798988571485414), np.float64(5.026861677537976), np.float64(0.17417626319101337), np.float64(0.3719863971041498)]",0.12347208404129599,0.04187786394686395,0.01065346258615279,0
0.04205636846983228,0.12294271637847842,"[np.float64(6.238384402906568), np.float64(1.1932880824921792), np.float64(3.4426386648777174), np.float64(3.9383217402172948), np.float64(7.2651308523561475), np.float64(0.45330038069105605), np.float64(0.6302122425335576)]",0.12294271637847842,0.04205636846983228,0.010620222570712278,0
0.04221123669809333,0.12249062339322406,"[np.float64(6.2601450589776295), np.float64(1.2434297714063876), np.float64(3.3945245246618314), np.float64(5.387613039808347), np.float64(6.273448051814248), np.float64(0.6477442668308043), np.float64(0.18712688341618136)]",0.12249062339322406,0.04221123669809333,0.010599605248082247,0
0.041018788946831246,0.126060340821699,"[np.float64(1.9617142903519689), 0.1, np.float64(4.015858041490203), np.float64(8.16021310549032), np.float64(6.600782833018352), np.float64(0.536030886180609), np.float64(0.594955273614138)]",0.126060340821699,0.041018788946831246,0.01119771017943696,0
0.041101519669244246,0.12581392787747614,"[np.float64(8.194568531124364), 0.1, np.float64(3.037705766956198), np.float64(2.889116355305759), np.float64(3.9573914989864907), np.float64(0.13543576552858863), np.float64(0.6730165567738127)]",0.12581392787747614,0.041101519669244246,0.011082771908860211,0
0.04099336392775826,0.1261387329556383,"[np.float64(7.911719002482346), 0.1, np.float64(3.7917993628412368), np.float64(6.548194225167381), np.float64(8.20252837978915), 0, np.float64(0.8311475803524693)]",0.1261387329556383,0.04099336392775826,0.011240993012784743,0
0.04288939975106888,0.12054892319964652,"[np.float64(4.968475614220839), np.float64(3.0081700791082007), np.float64(3.4940535739550644), np.float64(5.278160051867612), np.float64(7.2313001817391935), np.float64(0.19049894630445902), np.float64(0.44595681478659355)]",0.12054892319964652,0.04288939975106888,0.010553301331389138,0
0.04097781963193679,0.1261867138517421,"[np.float64(9.881165984479253), 0.1, np.float64(3.704083458885432), np.float64(8.523867999075788), np.float64(9.58134299189654), 0, 1]",0.1261867138517421,0.04097781963193679,0.01126809413244661,0
0.043171672230037005,0.11975874684526201,"[np.float64(6.226777215031768), np.float64(3.7090352246853477), np.float64(3.6534275021306355), np.float64(7.005454960327779), np.float64(5.869269346666298), np.float64(0.7395757910532262), np.float64(0.25625437899114756)]",0.11975874684526201,0.043171672230037005,0.010544115883518149,0
0.041019412201998576,0.1260584204408135,"[np.float64(1.8255290966189106), 0.1, np.float64(4.029260130456745), np.float64(8.08146542764273), np.float64(6.568718706865487), np.float64(0.6710187317422585), np.float64(0.47697025697481854)]",0.1260584204408135,0.041019412201998576,0.011196638136337872,0
0.04107257164560981,0.12589502322003793,"[np.float64(5.153032395390032), np.float64(0.16719868290061335), np.float64(3.57865835029247), np.float64(5.022015163107788), np.float64(8.008829127412852), 1, np.float64(0.0014490495933622283)]",0.12589502322003793,0.04107257164560981,0.011183813211128343,0
0.04147255779742179,0.12467762400321715,"[np.float64(6.103913020749248), np.float64(0.4740339042393982), np.float64(3.596633939019158), np.float64(4.9324228274283435), np.float64(6.721802835461452), 0, np.float64(0.7266528555145054)]",0.12467762400321715,0.04147255779742179,0.010793127263860443,0
0.04104732015682429,0.12597301245588224,"[np.float64(6.951666725180028), 0.1, np.float64(3.336411250070826), np.float64(3.908240037710951), np.float64(5.380009514280213), np.float64(0.15160608199811323), np.float64(0.6230724970619301)]",0.12597301245588224,0.04104732015682429,0.011153067436022847,0
0.04098077126708478,0.1261775899587698,"[np.float64(9.234496906644862), 0.1, np.float64(3.826885778114166), np.float64(7.639765282428483), np.float64(9.287318563479207), 0, np.float64(0.8360577274867189)]",0.1261775899587698,0.04098077126708478,0.011262942524829785,0
0.042305485173036506,0.12221684478178474,"[np.float64(5.678078873847516), np.float64(1.3897173020027287), np.float64(3.5923148524025237), np.float64(3.426514799657747), np.float64(6.32023564914617), np.float64(0.46572614954256963), 0]",0.12221684478178474,0.042305485173036506,0.010589722936620003,0
0.04262374350199499,0.12130202265026623,"[np.float64(5.170791552584508), np.float64(1.8421019739646898), np.float64(3.690097018062805), np.float64(4.358969323009783), np.float64(5.905772123054183), 0, np.float64(0.9088902653429219)]",0.12130202265026623,0.04262374350199499,0.010565932901393203,0
0.0417841183918867,0.12374730627386404,"[np.float64(6.204245784791239), np.float64(0.6839876844898094), np.float64(3.1968995931852633), np.float64(4.180825437818225), np.float64(5.800672623577277), np.float64(0.204207014144154), np.float64(0.6990825953970783)]",0.12374730627386404,0.0417841183918867,0.010676041471296088,0
0.04098611411839838,0.12616110064662017,"[np.float64(8.635855480228555), 0.1, np.float64(3.811006935852948), np.float64(7.145759710746921), np.float64(8.796381769870022), 0, np.float64(0.833835572523961)]",0.12616110064662017,0.04098611411839838,0.011253604054248748,0
0.04118449722844467,0.12555190227890786,"[np.float64(6.7047197951251585), np.float64(0.20751825629452544), np.float64(3.564463823111854), np.float64(4.852417547118813), np.float64(6.051251728779466), np.float64(0.17849156320612686), np.float64(0.23864218209851723)]",0.12555190227890786,0.04118449722844467,0.010991698523873892,0
0.04268483789343265,0.12112798540922563,"[np.float64(5.589843301516242), np.float64(2.288954941064871), np.float64(3.6501395236006022), np.float64(4.123136684896127), np.float64(6.943563928901668), np.float64(0.577488242517475), np.float64(0.5843087794958884)]",0.12112798540922563,0.04268483789343265,0.01056257187420271,0
0.040979216110998924,0.12618240279492296,"[np.float64(9.700407609077407), 0.1, np.float64(3.703546735880222), np.float64(8.364041996008732), np.float64(9.44029471037828), 0, 1]",0.12618240279492296,0.040979216110998924,0.011265656483889587,0
0.041602068145515446,0.12428853789812724,"[np.float64(6.081571043411444), np.float64(0.5758398853568869), np.float64(3.56351755424026), np.float64(5.034392322619757), np.float64(6.471438410467414), 1, np.float64(0.37754607361858794)]",0.12428853789812724,0.041602068145515446,0.01073603626664231,0
0.04263164974810832,0.12127969959962344,"[np.float64(6.276760985478532), np.float64(1.91325646661411), np.float64(3.3893685197990875), np.float64(5.817521932664648), np.float64(6.096624817968008), np.float64(0.7774440643304257), np.float64(0.10237408317595922)]",0.12127969959962344,0.04263164974810832,0.01056553667504016,0
0.041193691445080505,0.1255238450765247,"[np.float64(5.077483267128496), np.float64(0.27822501626246865), np.float64(3.5685047590943317), np.float64(4.809594369036013), np.float64(8.01147264866347), 1, 0]",0.1255238450765247,0.041193691445080505,0.010983866940212628,0
0.04106967538678655,0.12590412404854043,"[np.float64(7.922744270571635), 0.1, np.float64(3.371578086004377), np.float64(3.4186061332683804), np.float64(4.670404210321229), np.float64(0.0792536405602387), np.float64(0.7833305551800805)]",0.12590412404854043,0.04106967538678655,0.011120882164654556,0
0.0409850790131706,0.12616429488828565,"[np.float64(8.74719650477539), 0.1, np.float64(3.813960233917476), np.float64(7.2376395641211495), np.float64(8.88769086271949), 0, np.float64(0.8342488700328495)]",0.12616429488828565,0.0409850790131706,0.011255408721981114,0
0.04203837969221657,0.1229953765878243,"[np.float64(6.125098951823054), np.float64(1.1497147414050808), np.float64(3.5101165722294376), np.float64(4.186686402440769), np.float64(7.142853950719758), np.float64(0.36462755577743106), np.float64(0.6887657059395373)]",0.1229953765878243,0.04203837969221657,0.010623030828503865,0
0.04230501755747001,0.12221852833768564,"[np.float64(6.276778908324874), np.float64(1.3655125737224099), np.float64(3.3535902171139327), np.float64(5.460878488304356), np.float64(6.205713459557739), np.float64(0.7268797391139399), np.float64(0.11682956249918361)]",0.12221852833768564,0.04230501755747001,0.010589714302122206,0
0.0412819547427589,0.12525497455782214,"[np.float64(5.863384531859468), np.float64(0.29420952332659933), np.float64(3.3980214178436174), np.float64(4.2724557266566165), np.float64(6.400244214818482), np.float64(0.11653937146511145), np.float64(0.6986901803926118)]",0.12525497455782214,0.0412819547427589,0.010911028002617269,0
0.04140890207488691,0.1248697397865603,"[np.float64(5.975812570496514), np.float64(0.41647418862042124), np.float64(3.7086538544494205), np.float64(4.726456302502185), np.float64(6.7156718613996045), np.float64(0.11300066418573518), np.float64(0.5847676410701207)]",0.1248697397865603,0.04140890207488691,0.010827700237306637,0
0.043040605027789045,0.12012689934073371,"[np.float64(4.517851296169217), np.float64(3.53500293321372), np.float64(3.1261333029444955), np.float64(4.995961368943508), np.float64(6.9757117642964825), np.float64(0.3601043908450485), np.float64(0.16627638625750166)]",0.12012689934073371,0.043040605027789045,0.01054782607262267,0
0.04099869092230074,0.12612230277483832,"[np.float64(7.434786819232976), 0.1, np.float64(3.7791488335378265), np.float64(6.154624476328125), np.float64(7.811403498547393), 0, np.float64(0.8293772096912688)]",0.12612230277483832,0.04099869092230074,0.011231773779888257,0
0.041056272864867994,0.12594497587030368,"[np.float64(6.712741316009989), np.float64(0.13457481805242066), np.float64(3.6908946414753583), np.float64(4.77162713134279), np.float64(6.995643766873486), np.float64(0.9455696229147899), np.float64(0.03928799221581747)]",0.12594497587030368,0.041056272864867994,0.011140829249783012,0
0.043285533520848844,0.1194429599766784,"[np.float64(6.240159386765277), np.float64(4.674730561526563), np.float64(3.677074961116728), np.float64(7.629214064942111), np.float64(5.641934952698836), np.float64(0.8834373967654714), np.float64(0.17669117274481025)]",0.1194429599766784,0.043285533520848844,0.010542009383898963,0
0.04101898522750436,0.1260597361921639,"[np.float64(1.6514970814844814), 0.1, np.float64(4.003343334804042), np.float64(8.596850811941493), np.float64(6.590657154920022), np.float64(0.4794180051141006), np.float64(0.656951566982648)]",0.1260597361921639,0.04101898522750436,0.01119739389405097,0
0.04126501605155341,0.12530624174467395,"[np.float64(5.808128777963616), np.float64(0.2926939878778968), np.float64(3.7828962210283605), np.float64(4.431443437806777), np.float64(6.690475802345199), np.float64(0.3727486437300084), np.float64(0.3902204304273465)]",0.12530624174467395,0.04126501605155341,0.010923747510440429,0
0.041065361653442975,0.1259175818687074,"[np.float64(7.674693694732859), 0.1, np.float64(3.3252581830959356), np.float64(3.5010487487053688), np.float64(4.795789061022096), np.float64(0.10603816446056913), np.float64(0.7255384162523992)]",0.1259175818687074,0.041065361653442975,0.011126955408660896,0
0.0409939858872774,0.12613681440847704,"[np.float64(7.853788069443027), 0.1, np.float64(3.7902627566072127), np.float64(6.500388974091701), np.float64(8.155020096429332), 0, np.float64(0.8309325409237395)]",0.12613681440847704,0.0409939858872774,0.011239918636125274,0
0.041499732322383596,0.1246077118097492,"[np.float64(5.840297876908668), np.float64(0.4352972251545175), np.float64(2.9882648357230157), np.float64(4.328083613018565), np.float64(5.846060409853649), np.float64(0.18984574512223112), np.float64(0.39168583091167036)]",0.1246077118097492,0.041499732322383596,0.01078163502949869,0
0.040986146708164826,0.12616101174614422,"[np.float64(8.87198536790972), 0.1, np.float64(3.7010869147301695), np.float64(7.6315535823275615), np.float64(8.793865280879142), 0, 1]",0.12616101174614422,0.040986146708164826,0.011253583226789966,0
0.04111261295416663,0.1257719320918469,"[np.float64(6.1951450961006245), np.float64(0.15928450871789357), np.float64(3.7668211118367854), np.float64(4.589094235638074), np.float64(6.167398958261574), 0, np.float64(0.4378503404204675)]",0.1257719320918469,0.04111261295416663,0.011066332055608615,0
0.042246779698731814,0.12238705918746873,"[np.float64(5.813350113721603), np.float64(1.2180195739142288), np.float64(3.831007309615934), np.float64(4.3585677463783385), np.float64(5.8768560895546615), 1, np.float64(0.4074505426997068)]",0.12238705918746873,0.042246779698731814,0.01059614974696678,0
0.04162948953851066,0.1242109394473011,"[np.float64(5.6890446074373875), np.float64(0.6020798780890058), np.float64(3.0923319213586797), np.float64(4.43259677769125), np.float64(6.489380295418359), np.float64(0.5503827085314291), np.float64(0.9210777003813296)]",0.1242109394473011,0.04162948953851066,0.01072522611565207,0
0.041128336349973184,0.12572406422577978,"[np.float64(6.2417861189552815), np.float64(0.17977603907336714), np.float64(3.379117635368498), np.float64(4.701934937808563), np.float64(6.53328831272373), np.float64(0.47452650262314683), np.float64(0.28935205958474697)]",0.12572406422577978,0.041128336349973184,0.011048599900202839,0
0.04171669990525939,0.1239461153507005,"[np.float64(5.777136426332559), np.float64(0.7592879743795082), np.float64(3.6432669334470518), np.float64(4.827472532013857), np.float64(7.195169715645214), np.float64(0.7276384331496831), np.float64(0.4006126223439778)]",0.1239461153507005,0.04171669990525939,0.010695134576150086,0
0.04123059775908343,0.12541136663554842,"[np.float64(6.022726981214508), np.float64(0.2633217953487502), np.float64(3.407213740726026), np.float64(4.7105086513020655), np.float64(6.656149591309977), 0, np.float64(0.6050055007164232)]",0.12541136663554842,0.04123059775908343,0.010951294932951983,0
0.042514244492150084,0.12161535267011586,"[np.float64(5.357090756611135), np.float64(1.8636643682050362), np.float64(3.446844429145962), np.float64(4.904268233929805), np.float64(6.796914949447261), np.float64(0.23301427284514736), np.float64(0.4358437810177962)]",0.12161535267011586,0.042514244492150084,0.010572764288540634,0
0.040977705546199915,0.1261870534695212,"[np.float64(9.606778334315006), 0.1, np.float64(3.8367604673787277), np.float64(7.946976062349892), np.float64(9.592620940420844), 0, np.float64(0.8374396348949518)]",0.1261870534695212,0.040977705546199915,0.011268259269397111,0
0.04101274302809507,0.1260789729299665,"[np.float64(6.17504731870746), 0.1, np.float64(3.921138127992836), np.float64(4.910779022886595), np.float64(6.927147813631099), 0, np.float64(0.410100074540824)]",0.1260789729299665,0.04101274302809507,0.011207882148375339,0
0.0423627515320465,0.12205118285377356,"[np.float64(5.792637212771186), np.float64(1.3701326465262633), np.float64(3.9113897962522923), np.float64(4.267843495902171), np.float64(5.817183637040599), np.float64(0.8262601176699793), np.float64(0.5141195735835772)]",0.12205118285377356,0.0423627515320465,0.010584381350324523,0
0.042320552239540635,0.12217322964329898,"[np.float64(6.200893648923594), np.float64(1.42754299699659), np.float64(3.58070869874322), np.float64(5.529655683997143), np.float64(6.391395628801404), np.float64(0.4230793228166989), np.float64(0.42111563396677326)]",0.12217322964329898,0.042320552239540635,0.010588273486274336,0
0.040998806818155056,0.12612198141490266,"[np.float64(5.453611466380055), 0.1, np.float64(3.614331185616103), np.float64(5.389242635672208), np.float64(7.804184544103751), np.float64(0.764377396233667), np.float64(0.35966589637768936)]",0.12612198141490266,0.040998806818155056,0.011289810010577358,0
0.04123751890772344,0.12539026593682945,"[np.float64(6.028555104131444), np.float64(0.2689479945627682), np.float64(3.4066122548299385), np.float64(4.721456705165225), np.float64(6.657494701918168), 0, np.float64(0.6120083877478613)]",0.12539026593682945,0.04123751890772344,0.010945599292124908,0
0.04098781845214407,0.12615584158129883,"[np.float64(8.457075105704725), 0.1, np.float64(3.8062648227261304), np.float64(6.998228154752214), np.float64(8.649766684518509), 0, np.float64(0.8331719403746289)]",0.12615584158129883,0.04098781845214407,0.011250632683189108,0
0.04285468894491153,0.12064672449487934,"[np.float64(4.728026342443402), np.float64(2.261851352352404), np.float64(3.6887823222781084), np.float64(3.9674776774543368), np.float64(5.560276253954688), 0, np.float64(0.8756280313273388)]",0.12064672449487934,0.04285468894491153,0.010554656595202752,0
0.04172737429709428,0.12391435656940232,"[np.float64(5.973350119308266), np.float64(0.6767706639784599), np.float64(3.5792962977856426), np.float64(4.821165533155824), np.float64(6.2527627268681165), 1, np.float64(0.22860249375022626)]",0.12391435656940232,0.04172737429709428,0.010692645211262276,0
0.042269657653543076,0.12232065688031789,"[np.float64(5.506831847292726), np.float64(1.410869170906072), np.float64(3.7843549198774533), np.float64(3.5891118404163693), np.float64(6.701982526953966), np.float64(0.851652007033111), np.float64(0.900288125555915)]",0.12232065688031789,0.042269657653543076,0.01059322470226598,0
0.04102042639401344,0.12605628001460406,"[np.float64(6.271398016519013), 0.1, np.float64(3.2667661176673075), np.float64(4.438253222094225), np.float64(6.533308690038904), np.float64(0.5594468376726252), np.float64(0.18026165499760802)]",0.12605628001460406,0.04102042639401344,0.011195600109682749,0
0.04101850886706099,0.1260612035811262,"[np.float64(2.4935855376339005), 0.1, np.float64(4.03927376091424), np.float64(7.3835546150851075), np.float64(6.615279960567057), np.float64(0.6496663224660624), np.float64(0.47360770288015175)]",0.1260612035811262,0.04101850886706099,0.011198109427979414,0
0.0430674073775023,0.12004937364075711,"[np.float64(6.694824327547773), np.float64(2.8759758409753586), np.float64(3.7223589492737466), np.float64(2.9320175857282798), np.float64(5.345017606839445), np.float64(0.8182161664622317), np.float64(0.40802044594860215)]",0.12004937364075711,0.0430674073775023,0.010546775717033876,0
0.04297165363213396,0.12031769948191869,"[np.float64(4.7380513196430725), np.float64(3.339755814030602), np.float64(3.419927773464214), np.float64(5.211262300416884), np.float64(7.242539605625896), np.float64(0.2801376718807603), np.float64(0.3316520468444032)]",0.12031769948191869,0.04297165363213396,0.010550178781358225,0
0.04098591469322294,0.12616171604209242,"[np.float64(8.657141515441362), 0.1, np.float64(3.811571543614115), np.float64(7.163325184050507), np.float64(8.813838125903692), 0, np.float64(0.8339145862151263)]",0.12616171604209242,0.04098591469322294,0.011253959513300705,0
0.04117954876286073,0.12556697621873897,"[np.float64(6.603734487298096), np.float64(0.2105106170717062), np.float64(3.7519259340394178), np.float64(4.726933529570905), np.float64(6.26146595216778), np.float64(0.3243244005837564), 0]",0.12556697621873897,0.04117954876286073,0.010996312651656952,0
0.04099219462257578,0.126142350957995,"[np.float64(8.230769683714536), 0.1, np.float64(3.6991829630695947), np.float64(7.064592634150235), np.float64(8.293515738916168), 0, 1]",0.126142350957995,0.04099219462257578,0.011243041262143656,0
0.04325378890217298,0.11953084168568028,"[np.float64(6.2456381813498485), np.float64(4.30057805310271), np.float64(3.636566042559761), np.float64(7.383553246591577), np.float64(5.702184818832716), np.float64(0.8711959455554553), np.float64(0.16452701663369013)]",0.11953084168568028,0.04325378890217298,0.010542866440528808,0
0.040978834035405996,0.12618370910337423,"[np.float64(4.335036199833557), 0.1, np.float64(3.503889697762619), np.float64(6.2797282867711814), np.float64(9.482581748172207), 1, 0]",0.12618370910337423,0.040978834035405996,0.011264580278370248,0
0.041971813508718675,0.12319085351879681,"[np.float64(6.255484152079614), np.float64(0.9247219601826144), np.float64(3.700445365097714), np.float64(4.837611705679307), np.float64(6.163188622915679), np.float64(0.24424968993627733), np.float64(0.6188865996478647)]",0.12319085351879681,0.041971813508718675,0.010634350361621376,0
0.04133467742056847,0.12509456305042457,"[np.float64(5.980376764491558), np.float64(0.350915503505168), np.float64(3.603610730541962), np.float64(4.6983359490582135), np.float64(6.691921883961717), 0, np.float64(0.5775123698508633)]",0.12509456305042457,0.04133467742056847,0.010873847773047505,0
0.04317508132403075,0.11974998599789717,"[np.float64(4.109631455965458), np.float64(4.680882699271377), np.float64(3.257022280934728), np.float64(5.368111373043624), np.float64(7.492016640152376), np.float64(0.35812540812140253), np.float64(0.16467235166857802)]",0.11974998599789717,0.04317508132403075,0.010543579015046437,0
0.04099233813781075,0.12614189731948808,"[np.float64(8.008632818021503), 0.1, np.float64(3.794369982116771), np.float64(6.628168585003898), np.float64(8.282005936399372), 0, np.float64(0.8315073241100126)]",0.12614189731948808,0.04099233813781075,0.011242767257263071,0
0.04098012768688671,0.12617958883576114,"[np.float64(9.585064372730026), 0.1, np.float64(3.703204249020039), np.float64(8.262055858961208), np.float64(9.350290774265309), 0, 1]",0.12617958883576114,0.04098012768688671,0.011264078741848402,0
0.041720237530795276,0.12393560051788842,"[np.float64(6.007262588788112), np.float64(0.6761426940509712), np.float64(3.5924114772715123), np.float64(4.876331016300549), np.float64(6.317127940585346), 1, np.float64(0.3068317087783645)]",0.12393560051788842,0.041720237530795276,0.010694831710442021,0
0.042599523021866585,0.12137125321705398,"[np.float64(6.2450539181501465), np.float64(1.8729949721806025), np.float64(3.4799487769556996), np.float64(5.803169417822941), np.float64(6.187394204269711), np.float64(0.6443892943570669), np.float64(0.23126892186533188)]",0.12137125321705398,0.042599523021866585,0.01056728336828834,0
0.0409741207767608,0.12619824454432987,"[np.float64(4.275282350875504), 0.1, np.float64(3.5078777141622464), np.float64(7.32757031720919), np.float64(9.978553655450463), np.float64(0.9676757503653645), np.float64(0.17173983507126533)]",0.12619824454432987,0.0409741207767608,0.01127209898038866,0
0.04176185549959136,0.12381176946941079,"[np.float64(6.119148877650104), np.float64(0.7120612197966827), np.float64(3.6145505028860563), np.float64(4.665298742427064), np.float64(6.261946391028282), np.float64(0.2008134005040133), np.float64(0.6437390183893232)]",0.12381176946941079,0.04176185549959136,0.010681969832883232,0
0.04123110858839329,0.12540980259872833,"[np.float64(6.021438362095707), np.float64(0.2637452286246459), np.float64(3.409838902985177), np.float64(4.708962494869258), np.float64(6.656443298876226), 0, np.float64(0.6037607450205945)]",0.12540980259872833,0.04123110858839329,0.01095086960318619,0
0.04099366131263122,0.1261378156106273,"[np.float64(7.883942506724576), 0.1, np.float64(3.791062596932223), np.float64(6.525272751542893), np.float64(8.1797492950762), 0, np.float64(0.8310444740935763)]",0.1261378156106273,0.04099366131263122,0.011240471340120264,0
0.04255717048752965,0.12149237689568536,"[np.float64(6.839972745241687), np.float64(1.57735064929511), np.float64(3.449905910438063), np.float64(4.973730439292221), np.float64(5.396317461108344), np.float64(0.22757245421635353), np.float64(0.7258667146191321)]",0.12149237689568536,0.04255717048752965,0.010569957381014638,0
0.04275668577874385,0.12092392227979916,"[np.float64(5.4891596359051364), np.float64(1.8900723007545062), np.float64(4.093650940631539), np.float64(3.5808585767913925), np.float64(5.172175213042054), 1, np.float64(0.3375981429003755)]",0.12092392227979916,0.04275668577874385,0.010559199953714897,0
0.04307669161639933,0.12002350589285833,"[np.float64(6.257361168559535), np.float64(3.188866397782359), np.float64(3.529595689247869), np.float64(6.6553307495777645), np.float64(5.893094132321727), np.float64(0.8162391367737667), np.float64(0.14675158733091626)]",0.12002350589285833,0.04307669161639933,0.01054901113078493,0
0.04332413442134204,0.11933626928962413,"[np.float64(7.389256412760206), np.float64(4.290762745972005), np.float64(3.7845962630502976), np.float64(1.7391521024805574), np.float64(4.04305412180161), np.float64(0.7310047257924002), np.float64(0.5005736909378204)]",0.11933626928962413,0.04332413442134204,0.01053931230685298,0
0.04116977095692356,0.12559729744355924,"[np.float64(6.009941358943387), np.float64(0.21454510204472987), np.float64(3.3540774985540818), np.float64(4.6673826040674), np.float64(6.6402823884136115), 0, np.float64(0.5830086464515024)]",0.12559729744355924,0.04116977095692356,0.011005802823169448,0
0.040976236444082076,0.1261915889192798,"[np.float64(9.793358162141146), 0.1, np.float64(3.8417094594204446), np.float64(8.100943814066094), np.float64(9.745632239644596), 0, np.float64(0.8381322185887272)]",0.1261915889192798,0.040976236444082076,0.011270819544407179,0
0.0418362393547947,0.1235910650066097,"[np.float64(6.224559777915759), np.float64(0.8431107537499072), np.float64(3.6932259555045004), np.float64(5.290707967149193), np.float64(6.728042167089994), 0, np.float64(0.9880534075825382)]",0.1235910650066097,0.0418362393547947,0.010662693725384401,0
0.041200523779675764,0.12550297386783937,"[np.float64(6.631393523986045), np.float64(0.2460556539167711), np.float64(3.517441783468368), np.float64(4.878936466873215), np.float64(6.856929349437957), np.float64(0.6158736132218768), np.float64(0.29755544484319746)]",0.12550297386783937,0.041200523779675764,0.010977063619465164,0
0.04101015024374793,0.1260869651902213,"[np.float64(6.033248507033755), 0.1, np.float64(3.8894922973079415), np.float64(4.375993399182522), np.float64(7.076217018607148), 0, 0]",0.1260869651902213,0.04101015024374793,0.011212184876934468,0
0.041677166977290646,0.12406426141853438,"[np.float64(6.250320494702902), np.float64(0.6433969585659591), np.float64(3.3842687910953093), np.float64(5.000606344374858), np.float64(6.418641432782956), np.float64(0.5521985996828644), np.float64(0.24264918479722233)]",0.12406426141853438,0.041677166977290646,0.010707915823512989,0
0.041344602064984824,0.12506449127512165,"[np.float64(6.028304681134568), np.float64(0.35923356290147385), np.float64(3.541943810203944), np.float64(4.768464790982272), np.float64(6.689529970706121), 0, np.float64(0.6281910639365165)]",0.12506449127512165,0.041344602064984824,0.010867293093766318,0
0.04102434651830524,0.12604329524379634,"[np.float64(6.145299249236739), 0.1, np.float64(3.5453579003568025), np.float64(4.586725895033451), np.float64(6.325649880429016), np.float64(0.15872731417909397), np.float64(0.5975108624321915)]",0.12604329524379634,0.04102434651830524,0.011188730534961028,0
0.04098927395513653,0.12615135068332042,"[np.float64(8.30870681553472), 0.1, np.float64(3.802329383960592), np.float64(6.8757929894419565), np.float64(8.52809209028706), 0, np.float64(0.8326211977802)]",0.12615135068332042,0.04098927395513653,0.011248097670610996,0
0.04098821593240388,0.12615462655449855,"[np.float64(8.64472754957619), 0.1, np.float64(3.7004121216593515), np.float64(7.430612913939498), np.float64(8.616532835473652), 0, 1]",0.12615462655449855,0.04098821593240388,0.011249973224777722,0
0.043156401746713396,0.1198013462649635,"[np.float64(6.278703796991053), np.float64(3.5503898530742184), np.float64(3.4904365217251603), np.float64(6.882734727996176), np.float64(5.765363377686605), np.float64(0.9367172928387812), np.float64(0.051120180241120694)]",0.1198013462649635,0.043156401746713396,0.010551903118633747,0
0.04101614447428182,0.12606848881230553,"[np.float64(4.242424572269167), 0.1, np.float64(4.0635369039377744), np.float64(5.584478169562313), np.float64(6.740019051413285), np.float64(0.5772703119878022), np.float64(0.47979367922981697)]",0.12606848881230553,0.04101614447428182,0.011202304978270784,0
0.04312097005472854,0.11990012477214887,"[np.float64(4.336681684568936), np.float64(4.271577844828398), np.float64(3.380726301706683), np.float64(5.385477606956785), np.float64(7.498922953134176), np.float64(0.3155278935047477), np.float64(0.25427780418400436)]",0.11990012477214887,0.04312097005472854,0.010545199264235104,0
0.040997862494539926,0.12612485763235845,"[np.float64(7.506188470193864), 0.1, np.float64(3.7810427478290336), np.float64(6.213545913845566), np.float64(7.869958914250889), 0, np.float64(0.829642252379647)]",0.12612485763235845,0.040997862494539926,0.011233200233262033,0
0.04171491125361539,0.12395322092269559,"[np.float64(7.225616875545631), np.float64(0.5656716539174663), np.float64(3.191705789501885), np.float64(4.824245081260079), np.float64(5.253064828283531), np.float64(0.16083238541233008), np.float64(0.3674798397472649)]",0.12395322092269559,0.04171491125361539,0.01069596655051291,0
0.04098776111466603,0.12615602997145484,"[np.float64(8.693948668753176), 0.1, np.float64(3.70055827315549), np.float64(7.474134077078172), np.float64(8.654940761296649), 0, 1]",0.12615602997145484,0.04098776111466603,0.011250782253397866,0
0.04194196640813455,0.12327873528960073,"[np.float64(6.001928277795915), np.float64(0.9061842302697296), np.float64(3.724306026264867), np.float64(4.781225163496405), np.float64(6.276148743875602), np.float64(0.7861169384045757), np.float64(0.5285913662605273)]",0.12327873528960073,0.04194196640813455,0.01063984788074446,0
0.04123589347625657,0.12539496268237743,"[np.float64(5.781121195678141), np.float64(0.2687334107002666), np.float64(3.7888391284485117), np.float64(4.381817341350042), np.float64(6.6849910239857335), np.float64(0.40799136107686496), np.float64(0.3581534108895962)]",0.12539496268237743,0.04123589347625657,0.010946851484100928,0
0.04098543819016167,0.1261631864819006,"[np.float64(8.708320053683524), 0.1, np.float64(3.812929043947448), np.float64(7.205558283743416), np.float64(8.855808872259523), 0, np.float64(0.8341045607770645)]",0.1261631864819006,0.04098543819016167,0.011254779591566254,0
0.04171261532789348,0.12395943234469028,"[np.float64(7.202604975488784), np.float64(0.5688173611802425), np.float64(3.2383422431984537), np.float64(4.791196038195724), np.float64(5.3028541594051175), np.float64(0.19890835803505175), np.float64(0.2949479086655223)]",0.12395943234469028,0.04171261532789348,0.010696609988220055,0
0.04257754893268935,0.1214339490988317,"[np.float64(5.530832313091797), np.float64(1.9976704471080495), np.float64(3.720990968901572), np.float64(4.4995162905738715), np.float64(6.804302308963641), np.float64(0.4051380305844079), np.float64(0.6909084376029003)]",0.1214339490988317,0.04257754893268935,0.010568675913775458,0
0.04100381665116353,0.12610650670582393,"[np.float64(7.170732751274529), 0.1, np.float64(3.696035412054333), np.float64(6.127311218344709), np.float64(7.466354135288357), 0, 1]",0.12610650670582393,0.04100381665116353,0.011223009073170613,0
0.041018883697746256,0.12606004898996,"[np.float64(1.740850804443495), 0.1, np.float64(4.005361880951447), np.float64(8.493783538313846), np.float64(6.595892059420327), np.float64(0.482307456082714), np.float64(0.6512826537636387)]",0.12606004898996,0.041018883697746256,0.011197611647089606,0
0.0410374347291732,0.12600314960745,"[np.float64(6.643647902974422), 0.1, np.float64(3.4238159900664717), np.float64(4.176076687489362), np.float64(5.752587807266895), np.float64(0.15263828108186592), np.float64(0.6167352343435762)]",0.12600314960745,0.0410374347291732,0.01116801544910599,0
0.041000337455852395,0.12611722520146074,"[np.float64(7.295728746937295), 0.1, np.float64(3.775460346410648), np.float64(6.039872206488396), np.float64(7.697364073399357), 0, np.float64(0.8288610265942968)]",0.12611722520146074,0.041000337455852395,0.011228932869031493,0
0.04245062710907705,0.12179827876701274,"[np.float64(6.7356744293047335), np.float64(1.4133017808693458), np.float64(3.3510985699704006), np.float64(4.800920034921927), np.float64(5.426650888417135), np.float64(0.1940889919938149), np.float64(0.7477547204569179)]",0.12179827876701274,0.04245062710907705,0.010577338449009923,0
0.04173732867706804,0.12388469046036203,"[np.float64(6.329847028370109), np.float64(0.7432965476692601), np.float64(3.6935385832837033), np.float64(5.383802632204846), np.float64(6.810199277151169), 0, np.float64(0.9959629928057173)]",0.12388469046036203,0.04173732867706804,0.01068901086180592,0
0.04112641579440465,0.1257297118651933,"[np.float64(6.666494770305295), np.float64(0.18688235786318286), np.float64(3.5063091161033952), np.float64(4.8206334416139605), np.float64(6.868316302420045), np.float64(0.7233532216898695), np.float64(0.21251861595098076)]",0.1257297118651933,0.04112641579440465,0.01105054600070913,0
0.04275156243890106,0.12093884500914069,"[np.float64(6.298702240477895), np.float64(2.1504646292719625), np.float64(3.340341384047402), np.float64(5.963760117680369), np.float64(5.992101040736107), np.float64(0.8888713996823774), np.float64(0.007626511336140451)]",0.12093884500914069,0.04275156243890106,0.010562034276309248,0
0.041022204734541136,0.1260498177157223,"[0.1, 0.1, np.float64(3.986677561294689), 10, np.float64(6.428455783703095), np.float64(0.6617588017536529), np.float64(0.5606928876295276)]",0.1260498177157223,0.041022204734541136,0.011192077986113371,0
0.040975972131853826,0.1261925051037171,"[np.float64(4.404524204905208), 0.1, np.float64(3.52045482228612), np.float64(7.206122348854832), np.float64(9.77709006286771), np.float64(0.8865803193982646), np.float64(0.22517489046656547)]",0.1261925051037171,0.040975972131853826,0.011269998500702408,0
0.04291562418516406,0.12048743475427083,"[np.float64(4.729770289270834), np.float64(2.8170036055328262), np.float64(2.952069671382431), np.float64(4.681612218309745), np.float64(6.548878477716011), np.float64(0.3847294797437349), np.float64(0.11920248089264975)]",0.12048743475427083,0.04291562418516406,0.010552299502892146,0
0.040984732542016,0.12616536410356607,"[np.float64(8.784944140467307), 0.1, np.float64(3.8149614822882643), np.float64(7.268789333460109), np.float64(8.918647128716408), 0, np.float64(0.834388989129664)]",0.12616536410356607,0.040984732542016,0.01125601436233027,0
0.04101609651538103,0.12606863950887187,"[np.float64(6.2502438329902406), 0.1, np.float64(3.8792748903648757), np.float64(4.888837149458131), np.float64(6.742644022816246), np.float64(0.18102299941420907), np.float64(0.1493088251890065)]",0.12606863950887187,0.04101609651538103,0.011202241202275632,0
0.04327082093708571,0.11948387376585647,"[np.float64(3.534348329804673), np.float64(6.2882984263679065), np.float64(3.382431690480646), np.float64(5.871138205480321), np.float64(8.156255459344507), np.float64(0.3438310916038453), np.float64(0.15559448017597946)]",0.11948387376585647,0.04327082093708571,0.010540863972442341,0
0.04098958076635707,0.12615041531520835,"[np.float64(8.49941783252552), 0.1, np.float64(3.6999806557986505), np.float64(7.302130506242576), np.float64(8.503145636499678), 0, 1]",0.12615041531520835,0.04098958076635707,0.01124760446571855,0
0.04101037467686304,0.1260863860852276,"[np.float64(6.066186223189507), 0.1, np.float64(3.5000820276468314), np.float64(4.403657773021817), np.float64(7.065221037444041), 0, np.float64(0.2272182691498414)]",0.1260863860852276,0.04101037467686304,0.011211887821942023,0
0.04120894915274294,0.12547745307722522,"[np.float64(6.167978364380831), np.float64(0.246782689857159), np.float64(3.4061680076057588), np.float64(5.298032515110766), np.float64(6.679377548959577), 1, np.float64(0.24354297424985094)]",0.12547745307722522,0.04120894915274294,0.010982327269332109,0
0.041015540631827885,0.12607048007157456,"[np.float64(6.19261720234875), 0.1, np.float64(3.4865831822104956), np.float64(4.350255805508399), np.float64(6.774854057238173), np.float64(0.2214218829750595), np.float64(0.5026515513470438)]",0.12607048007157456,0.041015540631827885,0.011203235281342365,0
0.040976924301524956,0.12618958943735595,"[np.float64(4.375677188506687), 0.1, np.float64(3.514132063462604), np.float64(6.877589552650187), np.float64(9.677595395641625), 1, np.float64(0.0851861272123251)]",0.12618958943735595,0.040976924301524956,0.011267127183737142,0
0.040978152847907366,0.12618567261368072,"[np.float64(9.551049904553047), 0.1, np.float64(3.835282282096842), np.float64(7.900988341506249), np.float64(9.54691889673838), 0, np.float64(0.8372327711509848)]",0.12618567261368072,0.040978152847907366,0.011267470713161499,0
0.04100888176289799,0.12609087925314186,"[np.float64(5.965866604099345), 0.1, np.float64(3.8021927737685477), np.float64(4.104280602969001), np.float64(7.151357567947046), 0, 0]",0.12609087925314186,0.04100888176289799,0.011214331967625488,0
0.04193883301359003,0.12328796747166919,"[np.float64(6.027475429324129), np.float64(0.9090332148482336), np.float64(3.7361213582524417), np.float64(4.821534108634827), np.float64(6.324190977230582), np.float64(0.6422405635103292), np.float64(0.590905086623145)]",0.12328796747166919,0.04193883301359003,0.0106405101456989,0
0.04205417832139547,0.12294905119033622,"[np.float64(6.343782033848067), np.float64(0.9801986100096938), np.float64(3.515026993314539), np.float64(4.64639314739771), np.float64(5.894819029379889), np.float64(0.26024962632633375), np.float64(0.6390331228440507)]",0.12294905119033622,0.04205417832139547,0.01062055606547839,0
0.041291955533624844,0.1252242943633994,"[np.float64(5.890573017497363), np.float64(0.31489742222824957), np.float64(3.6886186355728707), np.float64(4.556217708354147), np.float64(6.689160157951546), np.float64(0.1817105060801194), np.float64(0.4788340223618983)]",0.1252242943633994,0.041291955533624844,0.010903625070266515,0
0.04242382643043003,0.1218751607088254,"[np.float64(5.443278654823141), np.float64(1.68400319720282), np.float64(3.4728706060776644), np.float64(4.886962101526435), np.float64(6.768211815756343), np.float64(0.2214990747563021), np.float64(0.46040809418906525)]",0.1218751607088254,0.04242382643043003,0.010579386115671717,0
0.04097818762559431,0.12618556525348426,"[np.float64(9.546737737098388), 0.1, np.float64(3.8351679027308396), np.float64(7.8974298929014175), np.float64(9.54338255332765), 0, np.float64(0.8372167643998867)]",0.12618556525348426,0.04097818762559431,0.011267433418748342,0
0.04225837376993601,0.1223536185206743,"[np.float64(6.2191497173936465), np.float64(1.516187709790155), np.float64(3.4101909393783543), np.float64(3.6767339710413647), np.float64(7.337298846234909), np.float64(0.5933914978107567), np.float64(0.5465705486834744)]",0.1223536185206743,0.04225837376993601,0.010594469490378223,0
0.040982736542603926,0.12617153620356367,"[np.float64(9.2659891608999), 0.1, np.float64(3.7022568240047344), np.float64(7.979930531870766), np.float64(9.101311936058435), 0, 1]",0.12617153620356367,0.040982736542603926,0.01125953734287388,0
0.041954701234695704,0.12324162175466497,"[np.float64(6.268632198505328), np.float64(0.925763455549423), np.float64(3.348856472421592), np.float64(5.177605013640153), np.float64(6.314592283861929), np.float64(0.6529958092672278), np.float64(0.16133641427586695)]",0.12324162175466497,0.041954701234695704,0.01063749285188542,0
0.040984077966321586,0.12616749080817838,"[np.float64(4.664962770862587), 0.1, np.float64(3.53629962386212), np.float64(6.000378705569306), np.float64(8.980751290079034), 1, 0]",0.12616749080817838,0.040984077966321586,0.011257983394105123,0
0.0421698872264621,0.12261090366203407,"[np.float64(5.619658973444869), np.float64(1.2478546556539438), np.float64(3.4671206992523933), np.float64(4.7841705034400555), np.float64(6.621159745767059), np.float64(0.2110565312924088), np.float64(0.4840368223751932)]",0.12261090366203407,0.0421698872264621,0.01060455745156629,0
0.040990812432825055,0.1261466041203746,"[np.float64(8.156018549465298), 0.1, np.float64(3.798279358711639), np.float64(6.749792931911294), np.float64(8.402874749057254), 0, np.float64(0.8320544194497523)]",0.1261466041203746,0.040990812432825055,0.011245434167460443,0
0.04097584214154403,0.12619281903925014,"[10, 0.1, np.float64(3.7048695250673074), np.float64(8.757943704375794), np.float64(9.787917487561604), 0, 1]",0.12619281903925014,0.04097584214154403,0.011271527604322096,0
0.04114763914964867,0.12566459177888342,"[np.float64(6.232852468115986), np.float64(0.1775594309280728), np.float64(3.8930714570185714), np.float64(4.448879301856945), np.float64(5.920704868082394), 0, np.float64(0.27912998406151956)]",0.12566459177888342,0.04114763914964867,0.0110278410422717,0
0.04099584707733832,0.1261315256475028,"[np.float64(5.231182874223585), 0.1, np.float64(3.5895682823567077), np.float64(5.2828957335321896), np.float64(8.022807994549945), 1, np.float64(0.1541445286326616)]",0.1261315256475028,0.04099584707733832,0.012433928773916612,0
0.04126959693552255,0.12529242221404088,"[np.float64(6.005561198614936), np.float64(0.29556127029540924), np.float64(3.4819394619560287), np.float64(4.7038624119555354), np.float64(6.6694917294802325), 0, np.float64(0.5932672585733882)]",0.12529242221404088,0.04126959693552255,0.01092027705394524,0
0.04097578130257277,0.12619299411073776,"[np.float64(9.852292410664521), 0.1, np.float64(3.8432726783939266), np.float64(8.14957701225236), np.float64(9.793963326881634), 0, np.float64(0.8383509823211615)]",0.12619299411073776,0.04097578130257277,0.011271590584726295,0
0.04248002471678673,0.12171476586136057,"[np.float64(5.390340308270595), np.float64(1.7234447137763738), np.float64(3.2099233294480203), np.float64(4.777948821949414), np.float64(6.504497220853927), np.float64(0.19653773439610475), np.float64(0.40385059409094765)]",0.12171476586136057,0.04248002471678673,0.010575192018720685,0
0.040976011046148154,0.12619229755055442,"[10, 0.1, np.float64(3.7048011534822085), np.float64(8.737583933947427), np.float64(9.769949756554638), 0, 1]",0.12619229755055442,0.040976011046148154,0.011271220399176317,0
0.0422484092319975,0.12238256473414881,"[np.float64(6.258916610602289), np.float64(1.2946534926016149), np.float64(3.4014766528440226), np.float64(5.421424438819651), np.float64(6.266447905601173), np.float64(0.6474689359303744), np.float64(0.1907207713295755)]",0.12238256473414881,0.0422484092319975,0.010595489691759554,0
0.041023243540873125,0.12604661767927586,"[0.1, 0.1, np.float64(3.9887713885587814), 10, np.float64(6.3776459730281765), np.float64(0.7622218264261971), np.float64(0.4871890895992924)]",0.12604661767927586,0.041023243540873125,0.011190167808045963,0
0.04138517207107163,0.12494151951050696,"[np.float64(5.951132625581334), np.float64(0.39537113837309), np.float64(3.7152690684200067), np.float64(4.681522847175403), np.float64(6.710940735599541), np.float64(0.14650436173177417), np.float64(0.5556086049866096)]",0.12494151951050696,0.04138517207107163,0.010841739345203414,0
0.041050866589765485,0.12596170317078662,"[np.float64(7.420734626983461), 0.1, np.float64(3.4962369167987344), np.float64(3.834811328641659), np.float64(5.251004473279823), np.float64(0.08489282595127995), np.float64(0.764969019134009)]",0.12596170317078662,0.041050866589765485,0.011147592539291736,0
0.04098972353080892,0.1261499636001681,"[np.float64(8.263655735648797), 0.1, np.float64(3.80113441321577), np.float64(6.8386163366213415), np.float64(8.4911463799973), 0, np.float64(0.8324539683230852)]",0.1261499636001681,0.04098972353080892,0.01124732694690915,0
0.041866326651075,0.12350294049488464,"[np.float64(6.296118080393923), np.float64(0.8206953980025311), np.float64(3.2612059711035126), np.float64(5.098912443517033), np.float64(6.2637953652647695), np.float64(0.7553970985988107), np.float64(0.05331383313106797)]",0.12350294049488464,0.041866326651075,0.010655692744890293,0
0.04175887746089072,0.12382061722530108,"[np.float64(5.6792522128656495), np.float64(0.8122826894572528), np.float64(3.6312715422878745), np.float64(4.66959842683657), np.float64(7.246260938059742), np.float64(0.9502255398492969), np.float64(0.2701723035035052)]",0.12382061722530108,0.04175887746089072,0.010682980080528877,0
0.04121729269835413,0.12545170344988638,"[np.float64(5.815382537054145), np.float64(0.25340934163648643), np.float64(3.7129650880249008), np.float64(4.420793525034215), np.float64(6.675740593028295), np.float64(0.2883790388087566), np.float64(0.3905081778737588)]",0.12545170344988638,0.04121729269835413,0.010962431459135585,0
0.04098652916743992,0.12615981988841546,"[np.float64(8.591803741480975), 0.1, np.float64(3.80983847242887), np.float64(7.10940772536255), np.float64(8.76025560415658), 0, np.float64(0.8336720526177928)]",0.12615981988841546,0.04098652916743992,0.011252891239846454,0
0.0410152015768208,0.12607139652074673,"[np.float64(6.2205090379267665), 0.1, np.float64(3.9063434890964515), np.float64(4.883863571484454), np.float64(6.7909957510334), np.float64(0.18918901776245234), np.float64(0.12912604007713535)]",0.12607139652074673,0.0410152015768208,0.011203715271574434,0
0.04226982235072848,0.12232018301127677,"[np.float64(5.644525489075659), np.float64(1.4210164837971782), np.float64(3.735734607033085), np.float64(4.820792137902441), np.float64(6.752474198483778), np.float64(0.20272448924334807), np.float64(0.8079179495227802)]",0.12232018301127677,0.04226982235072848,0.010593276887332746,0
0.04238394442594642,0.12199003140462768,"[np.float64(5.826126389464026), np.float64(1.6010053494092573), np.float64(3.6381854137198166), np.float64(3.7850896625783386), np.float64(6.714085551062888), 1, np.float64(0.06209430655095294)]",0.12199003140462768,0.04238394442594642,0.010582831917990481,0
0.04108326674000648,0.12586398835248386,"[np.float64(8.010584956498139), 0.1, np.float64(3.188902239786392), np.float64(3.1621168120955523), np.float64(4.3280760131675375), np.float64(0.11403941346999644), np.float64(0.7139203908457566)]",0.12586398835248386,0.04108326674000648,0.011103381499741986,0
0.04099615389914536,0.12613012724101139,"[np.float64(7.656595707834315), 0.1, np.float64(3.7850322692621483), np.float64(6.337663641314604), np.float64(7.993305618512327), 0, np.float64(0.8302005635402331)]",0.12613012724101139,0.04099615389914536,0.011236154441951172,0
0.041017371897318335,0.1260647229579318,"[np.float64(6.238344656666506), 0.1, np.float64(3.7094814607761624), np.float64(5.092167472525495), np.float64(6.675015286066488), 0, np.float64(0.5414135955942242)]",0.1260647229579318,0.041017371897318335,0.01120014925195577,0
0.04294849669488697,0.12038365931976455,"[np.float64(4.803253944439577), np.float64(3.124947126117135), np.float64(3.2224228593347384), np.float64(5.080507730460805), np.float64(6.966629564695466), np.float64(0.24991730846579638), np.float64(0.30839771143189354)]",0.12038365931976455,0.04294849669488697,0.010551059543333272,0
0.040975880325932745,0.12619270114554215,"[10, 0.1, np.float64(3.7048540477445093), np.float64(8.753334849124688), np.float64(9.78385011992142), 0, 1]",0.12619270114554215,0.040975880325932745,0.011271462616577523,0
0.04317192739358969,0.11975814705774404,"[np.float64(6.278129081994296), np.float64(3.640401303247142), np.float64(3.4979967925655604), np.float64(6.941556300862883), np.float64(5.74892887769699), np.float64(0.9426943516500743), np.float64(0.051049781584945164)]",0.11975814705774404,0.04317192739358969,0.010551074142353827,0
0.04101971888850945,0.12605747559192843,"[np.float64(1.5793177455330003), 0.1, np.float64(4.0245523582897915), np.float64(8.353238146167115), np.float64(6.5530454727222756), np.float64(0.6702831595540992), np.float64(0.4860263845344306)]",0.12605747559192843,0.04101971888850945,0.011196210013142202,0
0.041028645702490665,0.12603018374316666,"[np.float64(6.191255065023803), 0.1, np.float64(3.43716712902526), np.float64(4.438129341128781), np.float64(6.127667363210269), np.float64(0.17973264318315912), np.float64(0.5555000636319594)]",0.12603018374316666,0.041028645702490665,0.011181868182050036,0
0.04097983444648931,0.12618048165880144,"[np.float64(9.345895132737123), 0.1, np.float64(3.8298405934380693), np.float64(7.731692339155009), np.float64(9.378674566452268), 0, np.float64(0.8364712373275518)]",0.12618048165880144,0.04097983444648931,0.011264558902581472,0
0.04271791570118411,0.12103395529615858,"[np.float64(5.002505997166481), np.float64(2.001639705612207), np.float64(3.689597330406083), np.float64(4.210171749250952), np.float64(5.774456556938423), 0, np.float64(0.8962480039421834)]",0.12103395529615858,0.04271791570118411,0.010560889098997828,0
0.04174894065414958,0.1238501668879926,"[np.float64(6.033349452234588), np.float64(0.7094609351151551), np.float64(3.622191801514078), np.float64(4.906061684830304), np.float64(6.36210469070772), 1, np.float64(0.4014160732983959)]",0.1238501668879926,0.04174894065414958,0.010686317281027055,0
0.04172454856674814,0.12392322177830085,"[np.float64(6.269807980366526), np.float64(0.6845009297006133), np.float64(3.3296642215300496), np.float64(5.02007881213952), np.float64(6.359594221823712), np.float64(0.6354877438409321), np.float64(0.16299522416551884)]",0.12392322177830085,0.04172454856674814,0.010692839784418434,0
0.041240483909719794,0.12538097748896831,"[np.float64(5.832621868278648), np.float64(0.2722818058527009), np.float64(3.714519584940599), np.float64(4.454347163399), np.float64(6.680510080851387), np.float64(0.27174514149602824), np.float64(0.41162853247502085)]",0.12538097748896831,0.041240483909719794,0.010943125900539514,0
0.040989863352357665,0.12614953221272926,"[np.float64(8.249717892980692), 0.1, np.float64(3.8007647147695507), np.float64(6.827114673636734), np.float64(8.479716165703126), 0, np.float64(0.8324022310979478)]",0.12614953221272926,0.040989863352357665,0.011247093442116177,0
0.04313336413727005,0.1198732213111188,"[np.float64(4.303847891764971), np.float64(4.083159293555553), np.float64(3.001179446750771), np.float64(5.099555255510405), np.float64(7.027094565132488), np.float64(0.3327385778263128), np.float64(0.13391346192932577)]",0.1198732213111188,0.04313336413727005,0.010544913917228048,0
0.041492317876518706,0.12461820375460671,"[np.float64(6.359560836325059), np.float64(0.5243682868769017), np.float64(3.4655719495934414), np.float64(4.330690473066244), np.float64(7.194611136681284), np.float64(0.21205336631793603), np.float64(0.7703111411949108)]",0.12461820375460671,0.041492317876518706,0.010783276673064255,0
0.041381173017035866,0.12495371260221877,"[np.float64(6.209728670039389), np.float64(0.3933760363134855), np.float64(3.508165487081573), np.float64(5.310557236420635), np.float64(6.7388445161846695), np.float64(0.8681406399749116), np.float64(0.4898607157474505)]",0.12495371260221877,0.041381173017035866,0.010844002954926461,0
0.04101418629185793,0.12607498928045138,"[np.float64(6.2221776996479505), 0.1, np.float64(3.3482134918928623), np.float64(3.8253543627056112), np.float64(6.854951047025949), np.float64(0.26904027658841345), np.float64(0.4044100365673005)]",0.12607498928045138,0.04101418629185793,0.011205674405818659,0
0.04100459437377429,0.12610409963904284,"[np.float64(6.952888630097325), 0.1, np.float64(3.7663665819367984), np.float64(5.756956724128973), np.float64(7.416206070870871), 0, np.float64(0.82758840523291)]",0.12610409963904284,0.04100459437377429,0.011221636461286993,0
0.041012852256705444,0.12607881612076197,"[np.float64(6.189166133376728), 0.1, np.float64(3.450761470783327), np.float64(3.892678960913294), np.float64(6.924279944003466), np.float64(0.1421921892012542), np.float64(0.5352566915267821)]",0.12607881612076197,0.041012852256705444,0.011207753024964214,0
0.04099380506650373,0.12613741543203558,"[np.float64(5.264766428538005), 0.1, np.float64(3.5976885182447176), np.float64(5.742186003231611), np.float64(8.169841187376328), np.float64(0.7696755651392323), np.float64(0.34477860078057315)]",0.12613741543203558,0.04099380506650373,0.011240284247465258,0
0.04138397771822149,0.12494513608136092,"[np.float64(5.957025552869284), np.float64(0.3942715397228253), np.float64(3.7045147472131834), np.float64(4.68903237252316), np.float64(6.709894245365933), np.float64(0.12844779744412815), np.float64(0.5614533076288737)]",0.12494513608136092,0.04138397771822149,0.010842466927356267,0
0.0409901210306564,0.12614873721300623,"[np.float64(8.22412226344468), 0.1, np.float64(3.80008579589417), np.float64(6.805992875105047), np.float64(8.458725576444975), 0, np.float64(0.8323072202071398)]",0.12614873721300623,0.0409901210306564,0.011246615245011487,0
0.04160354382240527,0.12428436341763825,"[np.float64(7.06125795105511), np.float64(0.5001521776415359), np.float64(3.3848541941713), np.float64(4.747275834287993), np.float64(5.541288560445968), np.float64(0.2597793208889406), np.float64(0.15948454739704576)]",0.12428436341763825,0.04160354382240527,0.010734550930121536,0
0.040977955195822445,0.12618629534097872,"[np.float64(9.863398836832841), 0.1, np.float64(3.7040307031729642), np.float64(8.50815834142969), np.float64(9.567479038774387), 0, 1]",0.12618629534097872,0.040977955195822445,0.011267847133071173,0
0.0421088122846993,0.1227891974578643,"[np.float64(6.236609364834846), np.float64(1.1207867466847876), np.float64(3.4557109874603156), np.float64(5.316564849348576), np.float64(6.3593063448602924), np.float64(0.5404044707213316), np.float64(0.285263838731096)]",0.1227891974578643,0.0421088122846993,0.010612544672794252,0
0.041229172991806,0.12541558737844294,"[np.float64(5.977275427934967), np.float64(0.26238223155507745), np.float64(3.476080247191141), np.float64(4.64764762564511), np.float64(6.660881324030748), 0, np.float64(0.5582105482300898)]",0.12541558737844294,0.041229172991806,0.010952444337724259,0
0.043022109507671574,0.12017757685966873,"[np.float64(4.573830211052236), np.float64(3.4683316948291836), np.float64(3.1861406683653044), np.float64(5.033933533462481), np.float64(7.021574425005439), np.float64(0.34304002437834175), np.float64(0.2016902513310418)]",0.12017757685966873,0.043022109507671574,0.010548435575360261,0
0.0409807055199583,0.1261777928971721,"[np.float64(9.242249067855377), 0.1, np.float64(3.827091402615935), np.float64(7.646162452189175), np.float64(9.29367599382113), 0, np.float64(0.8360865034830764)]",0.1261777928971721,0.0409807055199583,0.011263015688659417,0
0.04300732409573506,0.12021750064182447,"[np.float64(4.359878317249924), np.float64(2.61086229808678), np.float64(3.6876891861287886), np.float64(3.6419623187723604), np.float64(5.273005215019747), 0, np.float64(0.8479713286644133)]",0.12021750064182447,0.04300732409573506,0.010548869799407801,0
0.04100922517878735,0.12609012716250392,"[np.float64(6.003447597302425), 0.1, np.float64(3.391538894549549), np.float64(4.144034648771058), np.float64(7.136807194703883), 0, np.float64(0.06964312679225229)]",0.12609012716250392,0.04100922517878735,0.011213935141840799,0
0.04097909646413576,0.12618288205128284,"[np.float64(4.4372469374937396), 0.1, np.float64(3.517060570727252), np.float64(6.509858828541228), np.float64(9.45574845133401), 1, 0]",0.12618288205128284,0.04097909646413576,0.011263986179198342,0
0.041032121903201796,0.1260196243821667,"[np.float64(6.273491871833548), 0.1, np.float64(3.3790317525676272), np.float64(4.326888960665831), np.float64(5.976115738832106), np.float64(0.18719571633377757), np.float64(0.5414815064891391)]",0.1260196243821667,0.041032121903201796,0.011176410043521108,0
0.04098870396509241,0.12615310932708637,"[np.float64(8.366347338845912), 0.1, np.float64(3.8038582871355553), np.float64(6.92335859117592), np.float64(8.575362213014373), 0, np.float64(0.8328351592089951)]",0.12615310932708637,0.04098870396509241,0.011249094229375624,0
0.040974920323462005,0.12619566520418,"[10, 0.1, np.float64(3.7052468432103893), np.float64(8.870301941507483), np.float64(9.88707492100625), 0, 1]",0.12619566520418,0.040974920323462005,0.011273117501639458,0
0.04134882598572029,0.12505170648227387,"[np.float64(6.200289364390758), np.float64(0.3586151546591303), np.float64(3.51276614798178), np.float64(4.833901484316906), np.float64(6.6059515460324905), np.float64(0.321794984230156), np.float64(0.4519028308481814)]",0.12505170648227387,0.04134882598572029,0.010864540996558134,0
0.04098501928035243,0.1261644792233711,"[np.float64(8.753686995665905), 0.1, np.float64(3.814132392870232), np.float64(7.242995589483542), np.float64(8.8930136162847), 0, np.float64(0.8342729627132199)]",0.1261644792233711,0.04098501928035243,0.011255512872906447,0
0.04099715387077471,0.1261270533380284,"[np.float64(7.753285163139573), 0.1, np.float64(3.6977651757817047), np.float64(6.642402280423996), np.float64(7.920927907625115), 0, 1]",0.1261270533380284,0.04099715387077471,0.011234442650143133,0
0.04163093736354393,0.12420315926445578,"[np.float64(6.295575834789249), np.float64(0.5891833540133007), np.float64(3.2476999994204543), np.float64(4.948377516935472), np.float64(6.311338184795619), np.float64(0.7317826275858111), np.float64(0.0616402571857112)]",0.12420315926445578,0.04163093736354393,0.010724179036797822,0
0.04099052732833988,0.12614759100074688,"[np.float64(4.949822085501845), 0.1, np.float64(3.561384410111215), np.float64(5.466016623540877), np.float64(8.428383166376346), 1, np.float64(0.008550579136366032)]",0.12614759100074688,0.04099052732833988,0.011267022457532782,0
0.04132143766122383,0.12513478536691505,"[np.float64(6.014699030834225), np.float64(0.3393244419113673), np.float64(3.5332219973028836), np.float64(4.739353569126892), np.float64(6.683988061772076), 0, np.float64(0.610609354190368)]",0.12513478536691505,0.04132143766122383,0.010882816654161348,0
0.041068993638275084,0.12590622060468462,"[np.float64(7.897677427455547), 0.1, np.float64(3.3712322495737435), np.float64(3.431886848618663), np.float64(4.6895625152751785), np.float64(0.08099634197635269), np.float64(0.7794474373478705)]",0.12590622060468462,0.041068993638275084,0.01112182121601202,0
0.04099973366604657,0.12611908711826222,"[np.float64(7.3462874076770746), 0.1, np.float64(3.7768014046191176), np.float64(6.081593776363247), np.float64(7.738826467576369), 0, np.float64(0.8290487001730296)]",0.12611908711826222,0.04099973366604657,0.011229989967289624,0
0.04184383515432121,0.12357066935412078,"[np.float64(7.321472268134928), np.float64(0.662782895670762), np.float64(3.172741305851632), np.float64(4.762644980240304), np.float64(5.130081488973193), np.float64(0.21893742599240873), np.float64(0.28123094232654655)]",0.12357066935412078,0.04184383515432121,0.010661062100824471,0
0.043030858286674904,0.12015160201931992,"[np.float64(6.217311031404741), np.float64(3.047933884505805), np.float64(3.6381351855940514), np.float64(6.578552397494644), np.float64(6.025695063496564), np.float64(0.6398463346226992), np.float64(0.3119515814678657)]",0.12015160201931992,0.043030858286674904,0.010548418726749368,0
0.04102231943928184,0.12604946432655365,"[0.1, 0.1, np.float64(3.9898078063834546), 10, np.float64(6.4228090785962895), np.float64(0.6900942942263004), np.float64(0.5353510617827864)]",0.12604946432655365,0.04102231943928184,0.011191859695410734,0
0.041131200896444155,0.12571516812439718,"[np.float64(5.935655011441687), np.float64(0.1846780854112231), np.float64(3.4242882021215815), np.float64(4.549783238814021), np.float64(6.637972135611929), 0, np.float64(0.5013679450706993)]",0.12571516812439718,0.041131200896444155,0.011045420376811032,0
0.040990746916859916,0.12614680624509186,"[np.float64(8.162436311135775), 0.1, np.float64(3.798449588536604), np.float64(6.755088940311381), np.float64(8.408137858487407), 0, np.float64(0.8320782421595023)]",0.12614680624509186,0.040990746916859916,0.01124554350656102,0
0.04318317826669436,0.11972688408035673,"[np.float64(4.1333605839245235), np.float64(4.9234113873354035), np.float64(3.4341785515349166), np.float64(5.628727295474814), np.float64(7.77726740150826), np.float64(0.2789598845971623), np.float64(0.2789357547254073)]",0.11972688408035673,0.04318317826669436,0.010543331090815723,0
0.04230414755937801,0.12222074006653459,"[np.float64(5.529495147492224), np.float64(1.424324430092392), np.float64(3.551368058434714), np.float64(3.5345901063060987), np.float64(6.500378375342962), np.float64(0.8967018792079298), np.float64(0.9343397699063974)]",0.12222074006653459,0.04230414755937801,0.010589772099757283,0
0.04122497027075941,0.12542845275284012,"[np.float64(5.994256874936397), np.float64(0.25887906709067876), np.float64(3.4445899476375805), np.float64(4.6691121400464874), np.float64(6.657747108510548), 0, np.float64(0.5749921228859315)]",0.12542845275284012,0.04122497027075941,0.010955972188066938,0
0.04098783157558268,0.12615580108799862,"[np.float64(8.455719889097836), 0.1, np.float64(3.806228875880856), np.float64(6.997109814916218), np.float64(8.648655291844575), 0, np.float64(0.8331669098151393)]",0.12615580108799862,0.04098783157558268,0.01125061477467106,0
0.04231217597243735,0.12219744567913102,"[np.float64(5.646552513134512), np.float64(1.3910720310557538), np.float64(3.6915096876109823), np.float64(4.77963571022978), np.float64(6.27701503641779), 0, np.float64(0.9446312676683974)]",0.12219744567913102,0.04231217597243735,0.01058908072231266,0
0.041547898494585934,0.12445096045701119,"[np.float64(5.603522143582371), np.float64(0.5968928316302033), np.float64(3.625264478195026), np.float64(4.878603015755644), np.float64(7.420301214034353), np.float64(0.9088301973122958), np.float64(0.28849680700134206)]",0.12445096045701119,0.041547898494585934,0.010757624277183922,0
0.04138916126779833,0.12492946222388521,"[np.float64(6.002972737638135), np.float64(0.39859490227873595), np.float64(3.6399395245219948), np.float64(4.754348187256466), np.float64(6.706306881744417), np.float64(0.008789981449592421), np.float64(0.6093728109397364)]",0.12492946222388521,0.04138916126779833,0.010839329665827882,0
0.04099696578651618,0.12612762318237397,"[np.float64(7.584589717219226), 0.1, np.float64(3.783122324984345), np.float64(6.278243495984456), np.float64(7.934254592984665), 0, np.float64(0.8299332775450898)]",0.12612762318237397,0.04099696578651618,0.011234754331873202,0
0.042077544680582515,0.12288053422481433,"[np.float64(5.948405566332332), np.float64(1.1049099104956488), np.float64(3.6924059751411398), np.float64(5.046533257294712), np.float64(6.512555184031648), 0, np.float64(0.9673076357836439)]",0.12288053422481433,0.042077544680582515,0.010617029666438424,0
0.04294292127242767,0.12039904784985749,"[np.float64(6.277414099487132), np.float64(2.677936030523387), np.float64(3.437323480935402), np.float64(6.315161427242882), np.float64(5.942561518398703), np.float64(0.8508006523374534), np.float64(0.0794595652062639)]",0.12039904784985749,0.04294292127242767,0.010949980888931373,0
0.0415012433982707,0.1245911960388197,"[np.float64(6.035600464135007), np.float64(0.5016545890638006), np.float64(3.7435322006905842), np.float64(4.853170997021888), np.float64(6.73920701224755), np.float64(0.08763427336531504), np.float64(0.6616076165749307)]",0.1245911960388197,0.0415012433982707,0.010778921921439276,0
0.040981487674111354,0.12617537870338252,"[np.float64(9.15066070916657), 0.1, np.float64(3.8246620400018414), np.float64(7.570582718651029), np.float64(9.218565763953173), 0, np.float64(0.8357465278034621)]",0.12617537870338252,0.040981487674111354,0.01126168453886119,0
0.04274365713817915,0.12096161739149525,"[np.float64(5.133186120403677), np.float64(2.3905700096989566), np.float64(3.268162493879416), np.float64(4.964706508863898), np.float64(6.7826145999474585), np.float64(0.21140529274725278), np.float64(0.38326831699628117)]",0.12096161739149525,0.04274365713817915,0.010559595477582959,0
0.0409871425602833,0.12615793867532044,"[np.float64(8.761544088435008), 0.1, np.float64(3.700758983173542), np.float64(7.533901740564691), np.float64(8.707686410085714), 0, 1]",0.12615793867532044,0.0409871425602833,0.011251838029580305,0
0.04139036921476764,0.12492611348101763,"[np.float64(6.246418459247825), np.float64(0.38700926095071697), np.float64(3.3790168030788044), np.float64(4.835131764920348), np.float64(6.479908816782056), np.float64(0.5125799042381805), np.float64(0.265180369497238)]",0.12492611348101763,0.04139036921476764,0.010838650699886012,0
0.041019077571956664,0.12605945165003551,"[np.float64(1.6385907666675497), 0.1, np.float64(4.005788041256639), np.float64(8.57257773297296), np.float64(6.58590162059436), np.float64(0.5021466263208874), np.float64(0.6367443080353554)]",0.12605945165003551,0.041019077571956664,0.01119722941933545,0
0.04120849346006245,0.12547857068936244,"[np.float64(5.846405238680195), np.float64(0.24615913462706718), np.float64(3.6541656920810595), np.float64(4.459560139701722), np.float64(6.669713339708236), np.float64(0.19092775880385615), np.float64(0.42101089292033)]",0.12547857068936244,0.04120849346006245,0.01097004781755163,0
0.04098851431205976,0.1261536944923392,"[np.float64(8.3856571503473), 0.1, np.float64(3.8043704759641166), np.float64(6.9392932626651795), np.float64(8.591197897825628), 0, np.float64(0.8329068371643858)]",0.1261536944923392,0.04098851431205976,0.01124944971781997,0
0.041003899183978995,0.12610625223354863,"[np.float64(7.163901205110666), 0.1, np.float64(3.6960151272516004), np.float64(6.121270786106309), np.float64(7.4610233845312575), 0, 1]",0.12610625223354863,0.041003899183978995,0.01122286219889598,0
0.04156886239825056,0.12438807355430999,"[np.float64(6.112057657331513), np.float64(0.5495175660017892), np.float64(3.560302143320757), np.float64(5.093666531608032), np.float64(6.532757714729714), 1, np.float64(0.4216529969753696)]",0.12438807355430999,0.04156886239825056,0.010749624596434023,0
0.041735471207444814,0.1238904593070241,"[np.float64(5.639173621437272), np.float64(0.729256040862452), np.float64(3.403062149232264), np.float64(4.333402171397224), np.float64(6.692221768939026), np.float64(0.5646906769745252), np.float64(0.8894022522185391)]",0.1238904593070241,0.041735471207444814,0.010689568821879769,0
0.04315183103316097,0.1198139630567382,"[np.float64(6.243744577948161), np.float64(3.5714925674506297), np.float64(3.59457918990619), np.float64(6.909553175413519), np.float64(5.852393529667967), np.float64(0.7960699935422318), np.float64(0.191498508709958)]",0.1198139630567382,0.04315183103316097,0.010545249252760841,0
0.04118946527446448,0.12553694898787873,"[np.float64(5.9971364361375965), np.float64(0.23025205370442425), np.float64(3.3973509059893496), np.float64(4.658049554531758), np.float64(6.647277594971297), 0, np.float64(0.5727334344572345)]",0.12553694898787873,0.04118946527446448,0.010987175803795258,0
0.04314669938427864,0.11982831199039544,"[np.float64(4.2586633983570366), np.float64(4.569041759610215), np.float64(3.473359090679888), np.float64(5.533803266099313), np.float64(7.698789540229271), np.float64(0.3001130056166191), np.float64(0.28449771524610457)]",0.11982831199039544,0.04314669938427864,0.010544411565530737,0
0.040986896075801624,0.1261586877045422,"[np.float64(8.553139446695859), 0.1, np.float64(3.808812909861793), np.float64(7.077501518731765), np.float64(8.728547599879967), 0, np.float64(0.8335285308855053)]",0.1261586877045422,0.040986896075801624,0.011252266984645914,0
0.04136447389898745,0.12500419835223706,"[np.float64(6.747361330554242), np.float64(0.3437401740998261), np.float64(3.7039801300519315), np.float64(4.656833900812413), np.float64(6.067786989989896), np.float64(0.38724364682889684), 0]",0.12500419835223706,0.04136447389898745,0.010854514433965802,0
0.04170399399653283,0.123983952082305,"[np.float64(6.086012791123422), np.float64(0.6881843415379243), np.float64(3.781670150731224), np.float64(5.035011954454199), np.float64(6.606604779472645), np.float64(0.029612625094122658), np.float64(0.7395533019969316)]",0.123983952082305,0.04170399399653283,0.010699175206602973,0
0.04294732518190172,0.12038585820993994,"[np.float64(4.51458362534888), np.float64(2.464198885017082), np.float64(3.6881485501704283), np.float64(3.778752279357838), np.float64(5.3937239247370705), 0, np.float64(0.8595933893945245)]",0.12038585820993994,0.04294732518190172,0.010551019552288704,0
0.04176673670530666,0.1237972680012172,"[np.float64(5.992736510736602), np.float64(0.7193005577507534), np.float64(3.6117794478128094), np.float64(4.836580785065355), np.float64(6.283802697227843), 1, np.float64(0.31698070947171497)]",0.1237972680012172,0.04176673670530666,0.010681263890448768,0
0.04293352808687396,0.12042507840230735,"[np.float64(6.267468510947426), np.float64(2.6589459921369936), np.float64(3.4653209875045032), np.float64(6.306517690771502), np.float64(5.972300679721212), np.float64(0.8084771520765172), np.float64(0.12005885884605716)]",0.12042507840230735,0.04293352808687396,0.010715716756532363,0
0.0411751742004785,0.12558038369048954,"[np.float64(5.853641098212282), np.float64(0.21945606124935557), np.float64(3.6030671499963445), np.float64(4.4554842729602715), np.float64(6.659440449955701), np.float64(0.12722016741555597), np.float64(0.423571182361999)]",0.12558038369048954,0.0411751742004785,0.011000475931811304,0
0.04290994365283517,0.1204931119848209,"[np.float64(4.786978523314786), np.float64(2.912967603424879), np.float64(3.1548075069412445), np.float64(4.881873456648674), np.float64(6.807375875330555), np.float64(0.33584325762224476), np.float64(0.21923594928696954)]",0.1204931119848209,0.04290994365283517,0.010552685869328676,0
0.04100430323439983,0.1261054149718826,"[np.float64(6.5806500849398875), 0.1, np.float64(3.35798120117352), np.float64(3.6602109714368574), np.float64(7.443532940449485), np.float64(0.5109907457131945), np.float64(0.5293812860658916)]",0.1261054149718826,0.04100430323439983,0.011222342378707678,0
0.04098840618092665,0.12615402812816592,"[np.float64(8.396696206031466), 0.1, np.float64(3.804663284674284), np.float64(6.948402814349111), np.float64(8.600250860689393), 0, np.float64(0.8329478141019819)]",0.12615402812816592,0.04098840618092665,0.011249618076869645,0
0.04109465706618865,0.12582703605706988,"[np.float64(6.933472000737778), np.float64(0.17104922306603942), np.float64(3.6953309174340236), np.float64(5.917525987875154), np.float64(7.281216262365213), 0, 1]",0.12582703605706988,0.04109465706618865,0.011088001958012305,0
0.04286349125020927,0.12062195144898089,"[np.float64(6.244771572884478), np.float64(2.477016110022625), np.float64(3.5201749597380934), np.float64(6.196553969268347), np.float64(6.067782660140116), np.float64(0.6990777221975963), np.float64(0.21638682752441263)]",0.12062195144898089,0.04286349125020927,0.010556938824463638,0
0.04102215728865309,0.12604996389442133,"[0.1, 0.1, np.float64(3.9850896291950444), 10, np.float64(6.430794137586133), np.float64(0.6482964078940738), np.float64(0.5729158198935378)]",0.12604996389442133,0.04102215728865309,0.01119214246626421,0
0.043003127869289844,0.12022925567391468,"[np.float64(6.695227593070159), np.float64(2.6756507763429123), np.float64(3.724963188849374), np.float64(3.1911206720345917), np.float64(5.44979107282012), np.float64(0.6505858944162314), np.float64(0.5016236828212092)]",0.12022925567391468,0.043003127869289844,0.010549004886462139,0
0.04109799381678805,0.12581726087105524,"[np.float64(5.963599137401736), np.float64(0.1590439725614342), np.float64(3.342771154191224), np.float64(4.574683722434634), np.float64(6.625770613784187), 0, np.float64(0.5253652642940937)]",0.12581726087105524,0.04109799381678805,0.01108405821926484,0
0.04099138156523849,0.1261448483051399,"[np.float64(8.100578193520539), 0.1, np.float64(3.7968088145292516), np.float64(6.704042932789662), np.float64(8.357408950362021), 0, np.float64(0.8318486250348265)]",0.1261448483051399,0.04099138156523849,0.01124443282123097,0
0.04098644250260521,0.12616009894722097,"[np.float64(8.83897087220753), 0.1, np.float64(3.7009888853065847), np.float64(7.602362266131977), np.float64(8.768103609401217), 0, 1]",0.12616009894722097,0.04098644250260521,0.011253066483297531,0
0.041009338504013615,0.12608946815771138,"[np.float64(6.760297757580495), 0.1, np.float64(3.876315429829736), np.float64(4.720619646147786), np.float64(7.124101227399603), 1, 0]",0.12608946815771138,0.041009338504013615,0.011220679358620209,0
0.041147399178394294,0.12566562895200817,"[np.float64(6.2374553697900375), np.float64(0.19447322266455558), np.float64(3.392806923101312), np.float64(4.7131244505701115), np.float64(6.541662133577179), np.float64(0.4582201492145829), np.float64(0.30642165620743034)]",0.12566562895200817,0.041147399178394294,0.011028182914500924,0
0.040981595952951734,0.12617510837294996,"[np.float64(4.776338325412944), 0.1, np.float64(3.556947349930207), np.float64(6.888052103866007), np.float64(9.210225165116892), np.float64(0.6330740870337477), np.float64(0.3901800739634802)]",0.12617510837294996,0.040981595952951734,0.01126132802875189,0
0.04103071937726708,0.1260236555459801,"[np.float64(6.555988295432901), 0.1, np.float64(3.565331064021695), np.float64(4.385472705370342), np.float64(6.03317575739305), np.float64(0.1269937382043344), np.float64(0.6675899580463914)]",0.1260236555459801,0.04103071937726708,0.011178484537916361,0
0.04098257165886947,0.12617203303473348,"[np.float64(9.02597994598386), 0.1, np.float64(3.821354908079084), np.float64(7.467694764400206), np.float64(9.116316952894284), 0, np.float64(0.8352837132295936)]",0.12617203303473348,0.04098257165886947,0.01125979645299,0
0.04101039371463917,0.12608621348342283,"[np.float64(6.006703107701193), 0.1, np.float64(3.9416641290710728), np.float64(5.0291969017155855), np.float64(7.061949699060454), np.float64(0.05095686253811682), np.float64(0.3369684436359726)]",0.12608621348342283,0.04101039371463917,0.011211725117528711,0
0.041016571407118445,0.12606772590225981,"[np.float64(6.238135544126856), 0.1, np.float64(3.3296349882299516), np.float64(4.102205716895688), np.float64(6.726758149360018), np.float64(0.3742887792440523), np.float64(0.3285551795512064)]",0.12606772590225981,0.041016571407118445,0.011201747381594775,0
0.04101757476902652,0.12606408166079175,"[np.float64(3.1386599428114073), 0.1, np.float64(4.046330278697938), np.float64(6.74704363162413), np.float64(6.664058135693097), np.float64(0.6069483238655562), np.float64(0.4904368571296925)]",0.12606408166079175,0.04101757476902652,0.011199752699237548,0
0.042876377766776434,0.12058554357148375,"[np.float64(6.575844105229944), np.float64(2.3760012348778754), np.float64(3.714984051249579), np.float64(3.469070903704333), np.float64(5.703221843605631), np.float64(0.6185691089839713), np.float64(0.5119550515434736)]",0.12058554357148375,0.042876377766776434,0.010553760187796048,0
0.04097451044732167,0.12619691788207224,"[10, 0.1, np.float64(3.8477150733909453), np.float64(8.287784058083254), np.float64(9.931311826218305), 0, np.float64(0.838972670598352)]",0.12619691788207224,0.04097451044732167,0.011273803939052621,0
0.0429309371128339,0.1204319253179992,"[np.float64(4.554370013931351), np.float64(2.4264806734383955), np.float64(3.688266687269188), np.float64(3.813931282540802), np.float64(5.424769798682879), 0, np.float64(0.8625822966920137)]",0.1204319253179992,0.0429309371128339,0.010551633619375047,0
0.04100863185727556,0.1260916565275995,"[np.float64(5.955510623958374), 0.1, np.float64(3.729241220236519), np.float64(4.048032177411589), np.float64(7.166451767510438), 0, 0]",0.1260916565275995,0.04100863185727556,0.011214783182201475,0
0.04231243943852408,0.1221966689132769,"[np.float64(5.8158479438574755), np.float64(1.3078163714939175), np.float64(3.88431308609531), np.float64(4.328861690205892), np.float64(5.869541369148113), np.float64(0.847190843542124), np.float64(0.5046661573488499)]",0.1221966689132769,0.04231243943852408,0.010588980310627244,0
0.04300835936404388,0.12021461637437776,"[np.float64(6.222966020932115), np.float64(2.9569072126130824), np.float64(3.615574700317523), np.float64(6.517169252773321), np.float64(6.029073602852801), np.float64(0.6544977933209635), np.float64(0.29156778847444775)]",0.12021461637437776,0.04300835936404388,0.010549341981596419,0
0.04098681525749304,0.12615898817580884,"[np.float64(5.0143933693140745), 0.1, np.float64(3.5776264719466537), np.float64(6.412752167552341), np.float64(8.736941724645636), np.float64(0.645995050242756), np.float64(0.3980054155846438)]",0.12615898817580884,0.04098681525749304,0.011252198660543087,0
0.04131450247011261,0.12515586591669073,"[np.float64(6.025357381357716), np.float64(0.3333299759432977), np.float64(3.5077839846151853), np.float64(4.750834978299316), np.float64(6.680675252667612), 0, np.float64(0.620451116278418)]",0.12515586591669073,0.04131450247011261,0.010887609483103034,0
0.04099673265815192,0.12612834219686528,"[np.float64(7.60516555651955), 0.1, np.float64(3.783668094943163), np.float64(6.295222907712163), np.float64(7.951128528075309), 0, np.float64(0.830009654991415)]",0.12612834219686528,0.04099673265815192,0.011235158232374112,0
0.04102388115839274,0.12604466835754183,"[np.float64(6.516772627986144), 0.1, np.float64(3.715153408996308), np.float64(4.844175549685522), np.float64(6.347046645927722), np.float64(0.2048817042730837), np.float64(0.156279366554339)]",0.12604466835754183,0.04102388115839274,0.011189460121305225,0
0.04298071457199585,0.12029253845418222,"[np.float64(4.7560170735328775), np.float64(3.3357016897883662), np.float64(3.3205380933543855), np.float64(5.204661755327301), np.float64(7.143125625375447), np.float64(0.23854333791788362), np.float64(0.33978613492139415)]",0.12029253845418222,0.04298071457199585,0.010549858538237705,0
0.042687233576226155,0.12112116475349073,"[np.float64(5.531969423530538), np.float64(2.2766330067292246), np.float64(3.683290763871914), np.float64(4.240878461274242), np.float64(6.883892744205193), np.float64(0.5368563471258796), np.float64(0.6114060358921037)]",0.12112116475349073,0.042687233576226155,0.010562449317916322,0
0.04099378000269359,0.12613746018965544,"[np.float64(8.073703528787126), 0.1, np.float64(3.6987165890025446), np.float64(6.925715220014643), np.float64(8.170954827489846), 0, 1]",0.12613746018965544,0.04099378000269359,0.011240305073261184,0
0.043248360849038575,0.1195458612505013,"[np.float64(7.072248214580464), np.float64(3.5482815436816937), np.float64(3.7574186506788183), np.float64(2.4085013093266374), np.float64(4.688096869067402), np.float64(0.6903112985581457), np.float64(0.5032644226421442)]",0.1195458612505013,0.043248360849038575,0.010541412421221872,0
0.040993309846962235,0.1261388997804568,"[np.float64(7.916785594244871), 0.1, np.float64(3.791933753158794), np.float64(6.5523752331125), np.float64(8.206683415182058), 0, np.float64(0.8311663875240624)]",0.1261388997804568,0.040993309846962235,0.011241088802007906,0
0.04098252326980122,0.12617219446435676,"[np.float64(9.291479253410836), 0.1, np.float64(3.7023325113360968), np.float64(8.00246879376195), np.float64(9.121202210776918), 0, 1]",0.12617219446435676,0.04098252326980122,0.011259906459487769,0
0.04163249693903261,0.12419746969580264,"[np.float64(6.041616624422819), np.float64(0.5980318241927336), np.float64(3.5605630552802845), np.float64(4.96133519784699), np.float64(6.392727153147508), 1, np.float64(0.3072159512712316)]",0.12419746969580264,0.04163249693903261,0.010724395814805995,0
0.04101427793815169,0.12607435992127006,"[np.float64(6.184073531074459), 0.1, np.float64(3.4964703315812247), np.float64(4.201437408615508), np.float64(6.843669317666116), np.float64(0.16498840870462472), np.float64(0.5432877224958618)]",0.12607435992127006,0.04101427793815169,0.011205335250166261,0
0.04134782582966555,0.12505474509018583,"[np.float64(6.053933273609498), np.float64(0.3618803004476554), np.float64(3.506276394473078), np.float64(4.80502026368779), np.float64(6.687612391797385), 0, np.float64(0.6549626163743658)]",0.12505474509018583,0.04134782582966555,0.01086519612145055,0
0.040980535290365126,0.1261783183394991,"[np.float64(9.262366529044456), 0.1, np.float64(3.8276250141884414), np.float64(7.662763605194884), np.float64(9.310174019944796), 0, np.float64(0.8361611794313933)]",0.1261783183394991,0.040980535290365126,0.011263343311485976,0
0.04100439166250012,0.12610473380268078,"[np.float64(7.123321430734301), 0.1, np.float64(3.6958946343648638), np.float64(6.085390273629258), np.float64(7.429358420584439), 0, 1]",0.12610473380268078,0.04100439166250012,0.011222016159622542,0
0.04100957832721616,0.12608872879717678,"[np.float64(6.002047407240339), 0.1, np.float64(3.867785592934359), np.float64(4.254732291788846), np.float64(7.109895977592979), 0, 0]",0.12608872879717678,0.04100957832721616,0.011213166941240894,0
0.04121222680842466,0.12546736755725357,"[np.float64(6.243509402203457), np.float64(0.25436352752935365), np.float64(3.4406097571700114), np.float64(5.417523895718439), np.float64(6.8215290964056825), 1, np.float64(0.4269182624451385)]",0.12546736755725357,0.04121222680842466,0.010980496003151935,0
0.04309061358648382,0.11998456587441302,"[np.float64(6.651724608858183), np.float64(2.96979940845195), np.float64(3.716177262087724), np.float64(2.7714613803346513), np.float64(5.330532264699649), np.float64(0.9749503785090409), np.float64(0.3178026101367799)]",0.11998456587441302,0.04309061358648382,0.010545903715233503,0
0.041416555316524155,0.12484693867764128,"[np.float64(5.925964060345046), np.float64(0.3954505852229353), np.float64(3.37528537461243), np.float64(4.512210271873686), np.float64(6.243296145308897), np.float64(0.21112348294807862), np.float64(0.4881190602914346)]",0.12484693867764128,0.041416555316524155,0.01082337104635519,0
0.04099270750829554,0.12614075786447412,"[np.float64(7.973537143729012), 0.1, np.float64(3.7934390764835313), np.float64(6.599207243744572), np.float64(8.253224503898364), 0, np.float64(0.8313770490849992)]",0.12614075786447412,0.04099270750829554,0.011242132530741899,0
0.04176547865675994,0.12380188565471688,"[np.float64(7.2263814080119095), np.float64(0.6122849415580589), np.float64(3.2644618690047404), np.float64(4.740878601175682), np.float64(5.287191524098191), np.float64(0.2514262204534791), np.float64(0.20526357534276937)]",0.12380188565471688,0.04176547865675994,0.010681047142836316,0
0.04177899869557488,0.12376083500698148,"[np.float64(6.023046751269215), np.float64(0.737707646398563), np.float64(3.6345518901931047), np.float64(4.878756885032958), np.float64(6.3387856886999465), 1, np.float64(0.40620870173303114)]",0.12376083500698148,0.04177899869557488,0.010677915399041714,0
0.04308745276315522,0.11999357339685245,"[np.float64(6.279888528019124), np.float64(3.2086856863936943), np.float64(3.4646668372859546), np.float64(6.659807499567055), np.float64(5.8303544889999595), np.float64(0.9099601745917165), np.float64(0.05540691127873998)]",0.11999357339685245,0.04308745276315522,0.010557001691186285,0
0.04101936886498988,0.1260585539573472,"[np.float64(1.8577165402790863), 0.1, np.float64(4.029758421229817), np.float64(8.04761307287453), np.float64(6.570938928951395), np.float64(0.6701238354629561), np.float64(0.4766866300515063)]",0.1260585539573472,0.04101936886498988,0.011196702537551877,0
0.04098226865868881,0.12617310322840647,"[np.float64(4.4502540340446), 0.1, np.float64(3.511348054314727), np.float64(5.791692579162431), np.float64(9.148717280196985), 1, 0]",0.12617310322840647,0.04098226865868881,0.011260734642126754,0
0.04205781336982668,0.1229396953659005,"[np.float64(5.584238364643639), np.float64(1.0419752511694496), np.float64(3.215380497329096), np.float64(4.516075219533097), np.float64(6.272227213934334), np.float64(0.2693919400146644), np.float64(0.36512026580954227)]",0.1229396953659005,0.04205781336982668,0.01062006520356479,0
0.04098748214592745,0.1261568792869107,"[np.float64(8.49191458875589), 0.1, np.float64(3.8071889329387223), np.float64(7.0269780841461955), np.float64(8.678338018451296), 0, np.float64(0.8333012644186156)]",0.1261568792869107,0.04098748214592745,0.011251243776646082,0
0.0409972256798543,0.12612683185818988,"[np.float64(7.746661430359509), 0.1, np.float64(3.6977455080359887), np.float64(6.636545596144397), np.float64(7.915759316549945), 0, 1]",0.12612683185818988,0.0409972256798543,0.011234339505195196,0
0.041422743023649705,0.1248280585769862,"[np.float64(6.076999500992776), np.float64(0.41496030069631207), np.float64(3.4679768003879774), np.float64(5.087457366713423), np.float64(6.484360632947314), 1, np.float64(0.20315068066783537)]",0.1248280585769862,0.041422743023649705,0.010821970592894222,0
0.04190097112432077,0.1233998714528455,"[np.float64(6.246114149608273), np.float64(0.8738887725335998), np.float64(3.4116671991934826), np.float64(5.152253472800311), np.float64(6.383694516770037), np.float64(0.5563493151324311), np.float64(0.253493755587558)]",0.1233998714528455,0.04190097112432077,0.010648172982789124,0
0.043160982415972146,0.11978859321009243,"[np.float64(4.196460944579087), np.float64(4.685924812044621), np.float64(3.443562836439254), np.float64(5.533719390664693), np.float64(7.7030236307433), np.float64(0.3108726556701386), np.float64(0.2617975728750559)]",0.11978859321009243,0.043160982415972146,0.010543985191137736,0
0.04098550776501374,0.1261629717788529,"[np.float64(8.700819291861192), 0.1, np.float64(3.812730087763395), np.float64(7.199368571557493), np.float64(8.84965761075942), 0, np.float64(0.8340767179743909)]",0.1261629717788529,0.04098550776501374,0.011254648377319968,0
0.040982618324335106,0.1261719010802405,"[np.float64(9.280105698129518), 0.1, np.float64(3.7022987400170253), np.float64(7.992412330943927), np.float64(9.112327266954168), 0, 1]",0.1261719010802405,0.040982618324335106,0.01125973683365652,0
0.04100908720257922,0.12609024491951862,"[np.float64(5.976711932701737), 0.1, np.float64(3.8192928442193854), np.float64(4.1487556380661665), np.float64(7.139081870368952), 0, 0]",0.12609024491951862,0.04100908720257922,0.011214004764887696,0
0.04151973155373815,0.12453566418233136,"[np.float64(6.203992656770372), np.float64(0.5065426426224242), np.float64(3.5115282387007443), np.float64(4.92883183542721), np.float64(6.566813022337313), np.float64(0.3505761581043275), np.float64(0.4330495536100516)]",0.12453566418233136,0.04151973155373815,0.010770200256332881,0
0.04147010302800904,0.1246850300088712,"[np.float64(5.347590716043632), np.float64(0.533085125241521), np.float64(3.596484626528396), np.float64(4.727195168767042), np.float64(7.660057173101926), 1, np.float64(0.041561286757071936)]",0.1246850300088712,0.04147010302800904,0.010798754772386574,0
0.04326728354239494,0.11949354486981956,"[np.float64(3.5489743062450607), np.float64(6.292335393459502), np.float64(3.4692575874620526), np.float64(5.916301279571437), np.float64(8.249711777559764), np.float64(0.3481868520147554), np.float64(0.17712809855890563)]",0.11949354486981956,0.04326728354239494,0.010540958937997795,0
0.040976236587789434,0.12619158847560752,"[np.float64(9.793339639804707), 0.1, np.float64(3.8417089681192325), np.float64(8.100928529227795), np.float64(9.74561704975619), 0, np.float64(0.8381321498338766)]",0.12619158847560752,0.040976236587789434,0.01127079213676291,0
0.040989338401231895,0.12615116312021732,"[np.float64(8.524963071868072), 0.1, np.float64(3.7000565068766336), np.float64(7.324717528793731), np.float64(8.52307894306005), 0, 1]",0.12615116312021732,0.040989338401231895,0.011248026792632176,0
0.04170034949247759,0.12399485167549756,"[np.float64(6.055585049160975), np.float64(0.6655295170916493), np.float64(3.605437899806675), np.float64(4.958590102574323), np.float64(6.410147095235549), 1, np.float64(0.40840927270760496)]",0.12399485167549756,0.04170034949247759,0.010701083638229185,0
0.04125633995978911,0.12533291658732845,"[np.float64(6.043188260561743), np.float64(0.2843569171035516), np.float64(3.407019307045673), np.float64(4.749617661432236), np.float64(6.661326735738734), 0, np.float64(0.6298246916356889)]",0.12533291658732845,0.04125633995978911,0.010930547428648147,0
0.04104344082568891,0.1259855864651451,"[np.float64(6.593822762633799), 0.1, np.float64(3.249032012759458), np.float64(4.003703274471979), np.float64(5.530128795709696), np.float64(0.19481753417076175), np.float64(0.5304194942524785)]",0.1259855864651451,0.04104344082568891,0.011159244295534242,0
0.040993320992964495,0.12613886539797875,"[np.float64(7.915740987775569), 0.1, np.float64(3.791906045184339), np.float64(6.551513212221064), np.float64(8.20582674919138), 0, np.float64(0.8311625099483593)]",0.12613886539797875,0.040993320992964495,0.011241047272698416,0
0.043289588060261355,0.11943175006593008,"[np.float64(3.2992436657078006), np.float64(7.097395312447334), np.float64(3.6330615273590556), np.float64(6.2447561770040245), np.float64(8.693692712884648), np.float64(0.3255753457284696), np.float64(0.21618755783370353)]",0.11943175006593008,0.043289588060261355,0.010540351316043908,0
0.042356858627773254,0.1220682197732021,"[np.float64(5.584366373538791), np.float64(1.450025609254268), np.float64(3.6913250392833343), np.float64(4.724650915662675), np.float64(6.2284903243277885), 0, np.float64(0.9399596044925589)]",0.1220682197732021,0.042356858627773254,0.010584977388211386,0
0.042347683887968945,0.12209471724614847,"[np.float64(5.794799518035742), np.float64(1.3493559624844917), np.float64(3.90014551237334), np.float64(4.27915519859603), np.float64(5.824070189040362), np.float64(0.8631902727785195), np.float64(0.4979991949875368)]",0.12209471724614847,0.042347683887968945,0.010585722205446015,0
0.04320446099718389,0.1196678265812288,"[np.float64(3.985236311023173), np.float64(5.142145576104447), np.float64(3.3934956817585022), np.float64(5.591792745411789), np.float64(7.793894633275467), np.float64(0.33604325170166516), np.float64(0.20778905981179382)]",0.1196678265812288,0.04320446099718389,0.01054271822297693,0
0.04098803578720497,0.1261551709819376,"[np.float64(8.434672998132076), 0.1, np.float64(3.8056706113722747), np.float64(6.979741686108458), np.float64(8.631395054396545), 0, np.float64(0.8330887838266153)]",0.1261551709819376,0.04098803578720497,0.011250263838795906,0
0.041713918207942985,0.12395449799699336,"[np.float64(7.090378653514497), np.float64(0.5948735962153975), np.float64(3.482825113558432), np.float64(4.610647346739426), np.float64(5.553877397834678), np.float64(0.40566873177582297), 0]",0.12395449799699336,0.041713918207942985,0.01069608990259643,0
0.04115185101464445,0.12565175014935148,"[np.float64(5.759997088029026), np.float64(0.20522337006229785), np.float64(3.577952477220636), np.float64(4.626557462184179), np.float64(6.801025410315191), 0, np.float64(0.7934435082339228)]",0.12565175014935148,0.04115185101464445,0.011023522800506197,0
0.04104534923947918,0.12597863144870397,"[np.float64(6.389757077772865), 0.1, np.float64(3.5503221538388416), np.float64(4.19742236582357), np.float64(5.446195223250342), 0, np.float64(0.1949717035003249)]",0.12597863144870397,0.04104534923947918,0.01115581439991725,0
0.042674701239371594,0.12115732187998593,"[np.float64(6.305069729116754), np.float64(1.9791167425801959), np.float64(3.3104476253980413), np.float64(5.849813178738717), np.float64(6.009623763997298), np.float64(0.899003655023369), 0]",0.12115732187998593,0.042674701239371594,0.010565080842494443,0
0.0430747523170888,0.12002885567651471,"[np.float64(6.60133456508931), np.float64(2.9304768819394655), np.float64(3.71085247656893), np.float64(2.776212741404837), np.float64(5.3917766375574985), 1, np.float64(0.2816290962469521)]",0.12002885567651471,0.0430747523170888,0.010546433677913492,0
0.04132202531013662,0.12513293493485408,"[np.float64(5.9012135091456965), np.float64(0.34045534278578604), np.float64(3.710367680399328), np.float64(4.584222766846485), np.float64(6.697035054616687), np.float64(0.19423178482924386), np.float64(0.49440264999187056)]",0.12513293493485408,0.04132202531013662,0.01088240314468375,0
0.041048648881662285,0.12596961114629476,"[np.float64(6.82637541524524), 0.1, np.float64(3.244381203703584), np.float64(3.8715209463011946), np.float64(5.340629887606844), np.float64(0.18039769241113596), np.float64(0.5628962313136991)]",0.12596961114629476,0.041048648881662285,0.011151417586430413,0
0.04097982770485722,0.1261805024687971,"[np.float64(9.346704168060977), 0.1, np.float64(3.8298620529357326), np.float64(7.732359964113847), np.float64(9.379338044103969), 0, np.float64(0.8364742404639547)]",0.1261805024687971,0.04097982770485722,0.01126454772585997,0
0.041014936239874976,0.12607221279435354,"[np.float64(6.239094141790918), 0.1, np.float64(3.9821633168598236), np.float64(4.781554596766353), np.float64(6.805431559469572), np.float64(0.29873131393085917), 0]",0.12607221279435354,0.041014936239874976,0.011204205489223162,0
0.04098760659077763,0.1261565067880816,"[np.float64(8.710763918463321), 0.1, np.float64(3.700608202412365), np.float64(7.489002069478371), np.float64(8.668061935182195), 0, 1]",0.1261565067880816,0.04098760659077763,0.011251037269244531,0
0.04315013722700697,0.11981869576308694,"[np.float64(6.254883881246584), np.float64(3.547446233271917), np.float64(3.5602656634380567), np.float64(6.889729299934556), np.float64(5.8281138695376224), np.float64(0.8392840448448493), np.float64(0.1472282037624558)]",0.11981869576308694,0.04315013722700697,0.01054612290922117,0
0.04135639636294366,0.12502870434859986,"[np.float64(6.0032325144814305), np.float64(0.36966328362680245), np.float64(3.596295550849062), np.float64(4.739530999570519), np.float64(6.696021313232883), 0, np.float64(0.6043713030131755)]",0.12502870434859986,0.04135639636294366,0.010859647073492407,0
0.04098717851795242,0.1261578161754077,"[np.float64(8.52355205539532), 0.1, np.float64(3.808028110316271), np.float64(7.0530856739388526), np.float64(8.70428342707906), 0, np.float64(0.8334187025884443)]",0.1261578161754077,0.04098717851795242,0.011251757918795775,0
0.04137053127343222,0.12498585741321815,"[np.float64(6.772722243186873), np.float64(0.345824456120037), np.float64(3.66141223276101), np.float64(4.683220300106405), np.float64(6.017166805282672), np.float64(0.3561957908440182), 0]",0.12498585741321815,0.04137053127343222,0.01085071928186279,0
0.042199599489275326,0.12252423019432183,"[np.float64(5.8696939317379755), np.float64(1.1759443456031373), np.float64(3.8288935976932494), np.float64(4.465644993989486), np.float64(5.989301418222501), np.float64(0.8660883446319498), np.float64(0.4956568983446304)]",0.12252423019432183,0.042199599489275326,0.010600906174241675,0
0.04134126131773787,0.12507497892528077,"[np.float64(6.254440685541169), np.float64(0.3452733674759516), np.float64(3.352712480640225), np.float64(4.8049563113862925), np.float64(6.467288505860683), np.float64(0.5414440884298253), np.float64(0.23394573298445503)]",0.12507497892528077,0.04134126131773787,0.010869545945917275,0
0.04327637879591788,0.11946827778587056,"[np.float64(7.088727772759261), np.float64(3.746625814311323), np.float64(3.7567919373841296), np.float64(2.1673807970129824), np.float64(4.5707551053992175), np.float64(0.8255151235975149), np.float64(0.4288294100487454)]",0.11946827778587056,0.04327637879591788,0.010540528553265649,0
0.041269930447965064,0.1252912814086764,"[np.float64(5.802272091818709), np.float64(0.2968221601133555), np.float64(3.798121137299759), np.float64(4.425572026250993), np.float64(6.692591921324765), np.float64(0.39566701225347456), np.float64(0.384964358507462)]",0.1252912814086764,0.041269930447965064,0.010919992430804262,0
0.04161707860417742,0.12424386965004972,"[np.float64(5.851980645063053), np.float64(0.5756157389695886), np.float64(3.3753023397784903), np.float64(4.552592330058338), np.float64(6.3013937510691065), np.float64(0.21603621269777212), np.float64(0.47712672071763684)]",0.12424386965004972,0.04161707860417742,0.010729348027281736,0
0.04098337356626133,0.12616955810005898,"[np.float64(8.935384613118904), 0.1, np.float64(3.8189518852733), np.float64(7.392934486830457), np.float64(9.0420210885086), 0, np.float64(0.8349474236584997)]",0.12616955810005898,0.04098337356626133,0.011258386900384236,0
0.041010323065022884,0.1260864309825476,"[np.float64(6.039134400915762), 0.1, np.float64(3.9572428117292113), np.float64(4.414360192432741), np.float64(7.0660724487267395), 0, 0]",0.1260864309825476,0.041010323065022884,0.011211916580116233,0
0.0412530585968125,0.1253429159747984,"[np.float64(6.235089287699282), np.float64(0.27657725453653104), np.float64(3.40511735767533), np.float64(4.767467654069919), np.float64(6.531478167382804), np.float64(0.4561592262594188), np.float64(0.3137828783389739)]",0.1253429159747984,0.0412530585968125,0.010933117815911613,0
0.04101789258119998,0.12606310255835546,"[np.float64(2.6405776016625397), 0.1, np.float64(4.0265164423396795), np.float64(7.444103097631786), np.float64(6.6473916385028256), np.float64(0.5184169199324706), np.float64(0.5878285048874062)]",0.12606310255835546,0.04101789258119998,0.011199212088296936,0
0.04097591606894689,0.12619266732410847,"[np.float64(4.4442063647827545), 0.1, np.float64(3.525957899986295), np.float64(7.3348845309843185), np.float64(9.78268343889411), np.float64(0.754570591124476), np.float64(0.3013746614266251)]",0.12619266732410847,0.04097591606894689,0.011270940209130588,0
0.04183032825604752,0.12360857323477963,"[np.float64(6.1532688662018336), np.float64(0.7854599306639338), np.float64(3.69517704440599), np.float64(4.782704914962958), np.float64(6.287372981202329), np.float64(0.21465994257572965), np.float64(0.6286289649882384)]",0.12360857323477963,0.04183032825604752,0.010664118770467515,0
0.04137364050423667,0.12497643669435153,"[np.float64(5.963099657469691), np.float64(0.38506907933206735), np.float64(3.6813694569663253), np.float64(4.692540832136975), np.float64(6.705955000092208), np.float64(0.0966163946233577), np.float64(0.5660084590874742)]",0.12497643669435153,0.04137364050423667,0.010848795017947405,0
0.04102751617861025,0.12603358437148218,"[np.float64(6.226031491247209), 0.1, np.float64(3.4890019896407556), np.float64(4.478338021470831), np.float64(6.177942256960746), np.float64(0.16589465724858332), np.float64(0.584071957866218)]",0.12603358437148218,0.04102751617861025,0.011183638883781329,0
0.040977113563002494,0.1261888810155789,"[np.float64(9.681300710535174), 0.1, np.float64(3.838737158273668), np.float64(8.008472757104375), np.float64(9.653735615782827), 0, np.float64(0.8377162617050032)]",0.1261888810155789,0.040977113563002494,0.011269283888804568,0
0.04183833991355322,0.12358490237298156,"[np.float64(5.828153416776658), np.float64(0.8183203614484267), np.float64(3.535684425208779), np.float64(3.8564042394375306), np.float64(6.496021602795138), np.float64(0.2850895398700567), np.float64(0.01270457138153469)]",0.12358490237298156,0.04183833991355322,0.010662195227119005,0
0.04098906563152587,0.12615200474752972,"[np.float64(8.553845519315859), 0.1, np.float64(3.700142267074232), np.float64(7.350255300551812), np.float64(8.54561631965184), 0, 1]",0.12615200474752972,0.04098906563152587,0.011248493006724515,0
0.04111751447650452,0.12575689125310385,"[np.float64(6.717633247700873), np.float64(0.18982175666112022), np.float64(4.18248746756767), np.float64(4.832327995064192), np.float64(7.275231074842843), 1, 0]",0.12575689125310385,0.04111751447650452,0.011063475861362403,0
0.0410210814314553,0.12605327811161762,"[np.float64(0.3601500823558528), 0.1, np.float64(3.995229171432517), np.float64(9.785014382705718), np.float64(6.484222931294909), np.float64(0.6157884520056456), np.float64(0.5770646156072305)]",0.12605327811161762,0.0410210814314553,0.011193960343119386,0
0.041109458144883995,0.125781701913859,"[np.float64(5.337052903986404), np.float64(0.1965266170156923), np.float64(3.5995630319115524), np.float64(5.152258016596502), np.float64(7.845122595123861), 1, np.float64(0.18669897159859117)]",0.125781701913859,0.041109458144883995,0.011087415468664423,0
0.04127713034182746,0.12526937392237258,"[np.float64(5.8270528278260585), np.float64(0.30273171003576294), np.float64(3.7686412869123753), np.float64(4.462675311398468), np.float64(6.6919255297211775), np.float64(0.33699348054389955), np.float64(0.41146029190390593)]",0.12526937392237258,0.04127713034182746,0.010914560374782816,0
0.04098578578409524,0.1261621138390906,"[np.float64(8.67094254471773), 0.1, np.float64(3.811937613112903), np.float64(7.1747139471006705), np.float64(8.825156141601349), 0, np.float64(0.8339658155894134)]",0.1261621138390906,0.04098578578409524,0.011254169039464848,0
0.04106641204134191,0.12591378253029023,"[np.float64(6.4464286170459655), np.float64(0.13358732271052), np.float64(3.914175969051667), np.float64(4.678968316248642), np.float64(6.526433777913683), np.float64(0.39107420595744846), 0]",0.12591378253029023,0.04106641204134191,0.011125208830529268,0
0.04277114501208785,0.1208829580179818,"[np.float64(4.900474295643773), np.float64(2.0983675927837147), np.float64(3.6892943692771936), np.float64(4.119955630610516), np.float64(5.694839797116543), 0, np.float64(0.8885829881384916)]",0.1208829580179818,0.04277114501208785,0.010558325831447194,0
0.04115753284927969,0.12563446691974722,"[np.float64(6.350247499429929), np.float64(0.21624858805089264), np.float64(3.4608361143838904), np.float64(5.604738317041845), np.float64(7.028965169331714), np.float64(0.5272365076078425), np.float64(0.6363552193564006)]",0.12563446691974722,0.04115753284927969,0.011017769883372764,0
0.041020750891253135,0.1260542963266083,"[np.float64(0.6882458920223868), 0.1, np.float64(4.004451887439761), np.float64(9.380647854772574), np.float64(6.500798044410512), np.float64(0.6417161914359912), np.float64(0.5423339836509876)]",0.1260542963266083,0.041020750891253135,0.01119444264129986,0
0.042512785076831594,0.12161940635331417,"[np.float64(6.095828796591657), np.float64(1.7626435237669233), np.float64(3.667308635809806), np.float64(3.822723448496243), np.float64(6.411904472597624), np.float64(0.9826017977183307), np.float64(0.27841443870824933)]",0.12161940635331417,0.042512785076831594,0.010572927633376908,0
0.04117989565943547,0.12556597051240853,"[np.float64(5.885396557502752), np.float64(0.22308967580457895), np.float64(3.5594022577396265), np.float64(4.500964566575101), np.float64(6.657189993862797), np.float64(0.045578826093135905), np.float64(0.4568073247625482)]",0.12556597051240853,0.04117989565943547,0.010996007346407837,0
0.04255182279312899,0.12150774118967067,"[np.float64(5.311040354404275), np.float64(1.9370730327216998), np.float64(3.4134761781215626), np.float64(4.891294122458381), np.float64(6.783125138162393), np.float64(0.24349488724388257), np.float64(0.4139325503575497)]",0.12150774118967067,0.04255182279312899,0.010570283853331522,0
0.04098807521694535,0.126155049320061,"[np.float64(8.430618148543084), 0.1, np.float64(3.805563057310402), np.float64(6.976395579071925), np.float64(8.628069733481649), 0, np.float64(0.8330737322385697)]",0.126155049320061,0.04098807521694535,0.011250180551079427,0
0.04314574595736528,0.11983095983007408,"[np.float64(4.301949568991615), np.float64(4.571338760908732), np.float64(3.4805222943682166), np.float64(5.593165626242867), np.float64(7.716194375312969), np.float64(0.25557444586991307), np.float64(0.3264350224449247)]",0.11983095983007408,0.04314574595736528,0.010544439223263506,0
0.04222961086487271,0.12243697290933518,"[np.float64(5.889226401333479), np.float64(1.4026374568333742), np.float64(3.60493365957514), np.float64(4.387774427128909), np.float64(6.984945358766887), np.float64(0.3414183437934506), np.float64(0.7133146505819181)]",0.12243697290933518,0.04222961086487271,0.01059757046457613,0
0.040998195295789006,0.12612384135980448,"[np.float64(7.657993940788127), 0.1, np.float64(3.697482229051757), np.float64(6.558146072865439), np.float64(7.84657083771582), 0, 1]",0.12612384135980448,0.040998195295789006,0.011232660033100098,0
0.04225278776455366,0.12236962913109206,"[np.float64(5.524105726471104), np.float64(1.3702740780304723), np.float64(3.6722762343492032), np.float64(3.618640118658805), np.float64(6.626417698109318), np.float64(0.8491960493725367), np.float64(0.9122128250479443)]",0.12236962913109206,0.04225278776455366,0.010594986868308677,0
0.04294857699424666,0.12038260969095181,"[np.float64(6.266897154146869), np.float64(2.706774241565814), np.float64(3.4701200626881135), np.float64(6.337872472123851), np.float64(5.964262221669119), np.float64(0.8105681868138667), np.float64(0.12109374080614221)]",0.12038260969095181,0.04294857699424666,0.010598169208875644,0
0.04106432446338918,0.12592033900642566,"[np.float64(5.852158206404111), np.float64(0.1339539407805771), np.float64(3.4775649334730363), np.float64(4.40860650243763), np.float64(6.629294122384396), 0, np.float64(0.4064814738138159)]",0.12592033900642566,0.04106432446338918,0.011128211723000091,0
0.04097950534496875,0.12618149753383665,"[np.float64(9.385513873409316), 0.1, np.float64(3.830891472488468), np.float64(7.764386165160726), np.float64(9.411165297387607), 0, np.float64(0.8366183019597639)]",0.12618149753383665,0.04097950534496875,0.011265110773463668,0
0.041136003001953456,0.12570024498269766,"[np.float64(6.8980089771567155), np.float64(0.20466880690632294), np.float64(3.695225617635063), np.float64(5.88616969081266), np.float64(7.253543970431682), 0, 1]",0.12570024498269766,0.041136003001953456,0.011040151645930802,0
0.042971957929266,0.12031671548643544,"[np.float64(6.233298693185686), np.float64(2.817923853218534), np.float64(3.576135788105857), np.float64(6.4228115005304645), np.float64(6.029799713031466), np.float64(0.6837959921676471), np.float64(0.25359787399631617)]",0.12031671548643544,0.042971957929266,0.010551344141790344,0
0.04101637297840863,0.1260677847258125,"[np.float64(4.005341013422646), 0.1, np.float64(4.057052318000146), np.float64(5.874102210241103), np.float64(6.727779009351604), np.float64(0.5600556568299588), np.float64(0.503508637177708)]",0.1260677847258125,0.04101637297840863,0.01120171822280872,0
0.04100628690337097,0.12609908781621457,"[np.float64(6.433931233482605), 0.1, np.float64(3.4321513003593482), np.float64(3.8870634657285383), np.float64(7.3137347778784), np.float64(0.4448668413093573), np.float64(0.5753492222473936)]",0.12609908781621457,0.04100628690337097,0.011218852084708053,0
0.04099127732895092,0.12614516987804952,"[np.float64(8.110690631392787), 0.1, np.float64(3.797077044890139), np.float64(6.712387829136176), np.float64(8.365702007951258), 0, np.float64(0.8318861623702194)]",0.12614516987804952,0.04099127732895092,0.011244635588420973,0
0.04322161408579348,0.11962006089538414,"[np.float64(3.927559339767302), np.float64(5.526619413412353), np.float64(3.5494705599114766), np.float64(5.848783158620828), np.float64(8.098377981532751), np.float64(0.27977624271187795), np.float64(0.2900958634135089)]",0.11962006089538414,0.04322161408579348,0.010542225796139077,0
0.04264914387508284,0.12122960494200051,"[np.float64(5.575279056617463), np.float64(2.188239039644068), np.float64(3.6714576485011268), np.float64(4.242538344849677), np.float64(6.9010833916353365), np.float64(0.5214115053405405), np.float64(0.6187852461760879)]",0.12122960494200051,0.04264914387508284,0.010564496305239701,0
0.04099977136353475,0.12611898073841868,"[np.float64(7.516865752573099), 0.1, np.float64(3.6970631793389552), np.float64(6.433360960184719), np.float64(7.736446544015669), 0, 1]",0.12611898073841868,0.04099977136353475,0.011229942848258772,0
0.042289249753423415,0.12226384498622318,"[np.float64(5.746250423873238), np.float64(1.2501373465238013), np.float64(3.8230444011171825), np.float64(4.237811468320008), np.float64(5.74535918620278), 1, np.float64(0.28409386466874365)]",0.12226384498622318,0.042289249753423415,0.01059174227512518,0
0.042109453648069076,0.12278734644201648,"[np.float64(6.242005618980489), np.float64(1.1193524168939843), np.float64(3.439754582317234), np.float64(5.313612185922093), np.float64(6.345509262229432), np.float64(0.5622831194620218), np.float64(0.263546891739629)]",0.12278734644201648,0.042109453648069076,0.010612453244202312,0
0.041019088658109666,0.12605941737999818,"[np.float64(1.8201151550412762), 0.1, np.float64(4.017556375914566), np.float64(8.253458664411236), np.float64(6.585329284271347), np.float64(0.5728766088205312), np.float64(0.5663081763043889)]",0.12605941737999818,0.041019088658109666,0.011197280214332762,0
0.04098997099846791,0.1261492621475911,"[np.float64(5.062079052953486), 0.1, np.float64(3.5776417230717548), np.float64(5.900038363695707), np.float64(8.472545385464665), np.float64(0.917892060634519), np.float64(0.24923427274559784)]",0.1261492621475911,0.04098997099846791,0.01124801129329109,0
0.04105156946342037,0.12595967833161792,"[np.float64(7.290472407129964), 0.1, np.float64(3.4128620696618315), np.float64(3.810686092627276), np.float64(5.228479410188173), np.float64(0.1120900451121733), np.float64(0.7079611285256238)]",0.12595967833161792,0.04105156946342037,0.011146621193302684,0
0.0409834222673398,0.12616940779659855,"[np.float64(8.929926740028225), 0.1, np.float64(3.8188071162979766), np.float64(7.38843058917595), np.float64(9.037545169207283), 0, np.float64(0.8349271640519317)]",0.12616940779659855,0.0409834222673398,0.011258305133463611,0
0.04099146349372459,0.12614460655800974,"[np.float64(8.304674201485254), 0.1, np.float64(3.6994024065935163), np.float64(7.129938782884052), np.float64(8.351184464942397), 0, 1]",0.12614460655800974,0.04099146349372459,0.011244320102457657,0
0.041341083319811504,0.1250752723518096,"[np.float64(6.139972015277701), np.float64(0.3523690962232955), np.float64(3.4565461818409844), np.float64(5.212982725542548), np.float64(6.612123556858657), 1, np.float64(0.2858892892582782)]",0.1250752723518096,0.041341083319811504,0.010873706138389536,0
0.04326893916038866,0.1194888914923221,"[np.float64(6.251928372853083), np.float64(4.448660444419537), np.float64(3.6277337759922137), np.float64(7.477616681736087), np.float64(5.656264275264622), np.float64(0.9105433668163134), np.float64(0.1352405514450137)]",0.1194888914923221,0.04326893916038866,0.010543261345785487,0
0.04101914651698529,0.12605923945509873,"[np.float64(1.2782985858018332), 0.1, np.float64(3.9856308758788224), np.float64(9.16016152307619), np.float64(6.582359237856221), np.float64(0.38883613278991375), np.float64(0.7519513435635451)]",0.12605923945509873,0.04101914651698529,0.011197168735716485,0
0.040998563319586886,0.1261226962927186,"[np.float64(7.445721231832614), 0.1, np.float64(3.779438866611428), np.float64(6.163647675373373), np.float64(7.82037064519777), 0, np.float64(0.829417798194087)]",0.1261226962927186,0.040998563319586886,0.011231985299529722,0
0.04147437801853826,0.12467211149551922,"[np.float64(6.59176752535025), np.float64(0.4949912082335377), np.float64(3.6943162997018377), np.float64(5.615391935110505), np.float64(7.014579494174738), 0, 1]",0.12467211149551922,0.04147437801853826,0.010792198290163353,0
0.04101108279076314,0.12608413298631532,"[np.float64(6.101262104431958), 0.1, np.float64(3.602174017935175), np.float64(4.558884990362723), np.float64(7.0227324950601915), 0, np.float64(0.29920624328065926)]",0.12608413298631532,0.04101108279076314,0.011210654542413349,0
0.041792561453786695,0.12372056684873123,"[np.float64(6.03073619411254), np.float64(0.7531042489420623), np.float64(3.646578210237905), np.float64(4.88542468136601), np.float64(6.351295009794315), np.float64(0.989051881803303), np.float64(0.439764243778601)]",0.12372056684873123,0.041792561453786695,0.01067413776408471,0
0.04262532011954939,0.1212975498986046,"[np.float64(6.210317686562158), np.float64(1.9481773753137315), np.float64(3.586963201246589), np.float64(5.865115797899511), np.float64(6.26306728934513), np.float64(0.5096510779655334), np.float64(0.3693139287053717)]",0.1212975498986046,0.04262532011954939,0.010565798231616874,0
0.0409803583386908,0.12617900231418355,"[np.float64(4.381923072338219), 0.1, np.float64(3.5065587344062266), np.float64(6.044093326333462), np.float64(9.331675630855035), 1, 0]",0.12617900231418355,0.0409803583386908,0.011262654582487094,0
0.0410555460027325,0.12594754320080195,"[np.float64(7.391896615873711), 0.1, np.float64(3.3781746049038417), np.float64(3.7157489546951052), np.float64(5.09695728973347), np.float64(0.11306372919574956), np.float64(0.7073811412474387)]",0.12594754320080195,0.0410555460027325,0.011140846444674377,0
0.04099716517457682,0.12612700823626605,"[np.float64(7.567055308475421), 0.1, np.float64(3.782657228353373), np.float64(6.2637739066220295), np.float64(7.919874889164218), 0, np.float64(0.829868189878768)]",0.12612700823626605,0.04099716517457682,0.011234402175282649,0
0.04099361838127735,0.1261379587612651,"[np.float64(8.089519548589413), 0.1, np.float64(3.698763551261748), np.float64(6.939699696384325), np.float64(8.183296288341174), 0, 1]",0.1261379587612651,0.04099361838127735,0.011240569766265194,0
0.04101202237943805,0.12608123670282503,"[np.float64(6.153188555616812), 0.1, np.float64(3.6029065319075975), np.float64(4.752080439574215), np.float64(6.968790215688916), 0, np.float64(0.46429021032272444)]",0.12608123670282503,0.04101202237943805,0.011209073502448014,0
0.041444309030985824,0.1247627959029924,"[np.float64(6.025911402694429), np.float64(0.4483961801111739), np.float64(3.6789099408288055), np.float64(4.81194351804224), np.float64(6.721405924879906), np.float64(0.027106309114539262), np.float64(0.641971143144998)]",0.1247627959029924,0.041444309030985824,0.010807935436240076,0
0.0409933191260626,0.1261388711568779,"[np.float64(7.915915940351481), 0.1, np.float64(3.791910685765885), np.float64(6.5516575850350165), np.float64(8.205970225156893), 0, np.float64(0.831163159371733)]",0.1261388711568779,0.0409933191260626,0.011241072082572575,0
0.04165766017434409,0.12412232699713417,"[np.float64(5.8573155309727865), np.float64(0.6382167639113412), np.float64(3.475312540586052), np.float64(3.925129658241567), np.float64(6.571118038259716), np.float64(0.24529379513057725), np.float64(0.06217249943651182)]",0.12412232699713417,0.04165766017434409,0.010714573156522373,0
0.041054086895620845,0.12595219096620808,"[np.float64(6.202858032334208), np.float64(0.12859429370830844), np.float64(3.3511806130868917), np.float64(5.398952013574), np.float64(6.761350882325647), 1, np.float64(0.20435367474164884)]",0.12595219096620808,0.041054086895620845,0.011205012770995086,0
0.04101947660876846,0.12605822205389952,"[np.float64(1.6947415931935677), 0.1, np.float64(4.023318554545022), np.float64(8.275074373843793), np.float64(6.565422258403906), np.float64(0.6415223430792047), np.float64(0.5082207958181162)]",0.12605822205389952,0.04101947660876846,0.011196531670459062,0
0.041797733754769716,0.1237052446822465,"[np.float64(6.151237990910274), np.float64(0.7399087998515586), np.float64(3.5696911282927752), np.float64(4.6241035821549055), np.float64(6.183517141722088), np.float64(0.20776174352147567), np.float64(0.6476739287556805)]",0.1237052446822465,0.041797733754769716,0.010672300213208264,0
0.04129066363687976,0.12522820716099475,"[np.float64(5.7896335376661225), np.float64(0.3143095143217489), np.float64(3.8437983890290686), np.float64(4.4174010271143755), np.float64(6.700199763836052), np.float64(0.459179119589586), np.float64(0.3751839891027301)]",0.12522820716099475,0.04129066363687976,0.010904523543510543,0
0.042336132037801504,0.12212826254670317,"[np.float64(5.502960200814095), np.float64(1.51505319953543), np.float64(3.4525084961529124), np.float64(4.831153954021693), np.float64(6.690893244892741), np.float64(0.22206108221893128), np.float64(0.46008902367420224)]",0.12212826254670317,0.042336132037801504,0.010586839107417027,0
0.04099608814368538,0.12613033005126226,"[np.float64(7.662470637711182), 0.1, np.float64(3.785188100584028), np.float64(6.34251169887351), np.float64(7.9981235597859435), 0, np.float64(0.8302223712601897)]",0.12613033005126226,0.04099608814368538,0.011236279141296346,0
0.04098071427041474,0.12617777816698605,"[np.float64(9.511918798656128), 0.1, np.float64(3.7029870590157175), np.float64(8.197380765924512), np.float64(9.293214262591347), 0, 1]",0.12617777816698605,0.04098071427041474,0.011263054400085655,0
0.04142362899007703,0.12482533084499998,"[np.float64(6.164352843201848), np.float64(0.4255096978695794), np.float64(3.508847588561564), np.float64(5.224982037670605), np.float64(6.648522975949671), 1, np.float64(0.41704225433893455)]",0.12482533084499998,0.04142362899007703,0.010821711052638391,0
0.04180782678443479,0.12367535715350536,"[np.float64(6.21470100011416), np.float64(0.7838805524483012), np.float64(3.4981388128465043), np.float64(5.105400845820036), np.float64(6.483608654488079), np.float64(0.4198944826758604), np.float64(0.3825230905218607)]",0.12367535715350536,0.04180782678443479,0.010669705302676828,0
0.04222675458191473,0.12244525846932447,"[np.float64(6.063039977712814), np.float64(1.337725994169606), np.float64(3.668942162340084), np.float64(4.341579887370954), np.float64(6.6612607907881545), np.float64(0.6883655260852612), np.float64(0.4405972886567838)]",0.12244525846932447,0.04222675458191473,0.01059785853665175,0
0.04161128362845801,0.12426088766150022,"[np.float64(6.137322364547918), np.float64(0.6092976485672026), np.float64(3.74715164810138), np.float64(5.049208100618462), np.float64(6.766032608935043), 0, np.float64(0.7855532824137844)]",0.12426088766150022,0.04161128362845801,0.010731508575363613,0
0.04099736755487695,0.12612638406775814,"[np.float64(7.5493173331626355), 0.1, np.float64(3.7821867321604996), np.float64(6.249136331859917), np.float64(7.905328243474647), 0, np.float64(0.8298023465740261)]",0.12612638406775814,0.04099736755487695,0.011234046406744502,0
