d1,d2,d3,d4,d5,w1,w2,pitch_mm,height_mm,thickness_mm
1.000000000000000056e-01,1.000000000000000000e+01,6.881945686725645217e+00,1.000000000000000000e+01,6.071166276764677683e+00,5.096525083737089845e-02,1.112000731949206317e-01,7.900000000000000355e+00,2.200000000000000178e+00,1.499999999999999944e-01
1.000000000000000056e-01,1.000000000000000056e-01,7.103807840845226984e+00,8.807192053793745146e+00,1.000000000000000000e+01,7.508364267117029200e-02,2.389838750716894722e-01,7.900000000000000355e+00,2.324506060731785340e+00,2.126238246974614110e-01
1.000000000000000056e-01,1.000000000000000000e+01,4.829427954089284825e+00,2.472238459854162684e+00,6.666429567848263460e+00,1.581901718833651493e-01,0.000000000000000000e+00,7.899279319303413871e+00,2.273776386776301450e+00,1.499999999999999944e-01
1.000000000000000056e-01,1.000000000000000000e+01,6.461616281141687068e+00,9.957988345335792246e+00,9.357685970368539330e+00,5.831028955679612436e-02,7.123599864206012211e-02,7.900000000000000355e+00,2.200000000000000178e+00,1.499999999999999944e-01
1.000000000000000056e-01,2.788833133275786302e+00,4.984183431354584748e+00,6.682466435844460761e+00,9.215333368015791393e+00,1.696710571597092598e-01,1.203237769664465551e-01,7.900000000000000355e+00,2.200000000000000178e+00,1.499999999999999944e-01
1.000000000000000056e-01,1.000000000000000056e-01,8.853841388243202104e+00,1.000000000000000000e+01,9.961380372081931611e+00,3.389975904483524122e-02,7.261690018494382226e-02,7.900000000000000355e+00,2.637203050675270610e+00,2.301304043544473155e-01
1.000000000000000056e-01,1.000000000000000056e-01,8.051206162542104749e+00,9.278293538989002442e+00,1.000000000000000000e+01,7.886663911705354968e-02,1.950451333121807906e-01,7.897866208921501041e+00,2.251301404535436923e+00,2.233122912135860894e-01
1.000000000000000056e-01,1.000000000000000056e-01,9.101322883444186829e+00,1.000000000000000000e+01,1.000000000000000000e+01,1.180280942830194690e-01,2.104503773836513825e-01,7.900000000000000355e+00,2.264429143303824610e+00,1.714399535991567580e-01
1.000000000000000056e-01,4.117713192462671756e+00,5.397193478362144248e+00,5.859898446482610268e+00,8.083989716909179890e+00,1.056837448187340905e-01,6.775684657065822458e-03,7.899868131369205848e+00,2.276064868530111251e+00,1.499999999999999944e-01
1.000000000000000056e-01,1.000000000000000056e-01,9.056508122542648920e+00,1.000000000000000000e+01,9.412600229939132035e+00,0.000000000000000000e+00,1.923960071202024669e-01,7.900000000000000355e+00,2.212209107412518971e+00,2.396532928065270573e-01
1.000000000000000056e-01,1.000000000000000056e-01,7.641411825777177924e+00,8.555109747699738421e+00,9.562040553080064953e+00,8.015147477717517177e-02,1.835652643965569597e-01,7.900000000000000355e+00,2.261418700185588992e+00,2.207205106894185864e-01
1.000000000000000056e-01,1.000000000000000000e+01,6.203245699487428766e+00,6.722033798934756277e+00,1.000000000000000000e+01,3.285388106139980335e-02,7.989918299717457817e-02,7.900000000000000355e+00,2.200000000000000178e+00,1.499999999999999944e-01
1.000000000000000056e-01,3.057345169743352908e+00,3.668609754348919338e+00,2.085234457191540436e+00,8.090694916695179373e+00,1.969603759343993010e-01,0.000000000000000000e+00,7.900000000000000355e+00,2.273275445081623491e+00,1.499999999999999944e-01
1.000000000000000056e-01,1.000000000000000056e-01,9.589227019108687244e+00,1.000000000000000000e+01,1.000000000000000000e+01,1.072194663171773324e-02,2.019529778395443287e-01,7.900000000000000355e+00,2.208060928260702660e+00,1.499999999999999944e-01
1.000000000000000056e-01,1.000000000000000000e+01,7.101158821190920456e+00,1.000000000000000000e+01,6.819131808169512254e+00,5.532360974332221903e-02,1.625543071183430111e-01,7.900000000000000355e+00,2.200000000000000178e+00,1.499999999999999944e-01
1.000000000000000056e-01,1.000000000000000056e-01,8.265016191167475768e+00,8.587356298996974502e+00,1.000000000000000000e+01,1.378775279083248873e-01,2.433718473047542519e-01,7.895823389855654462e+00,2.262239305083235674e+00,2.232290618073557720e-01
1.000000000000000056e-01,1.000000000000000000e+01,6.918366325267295558e+00,1.000000000000000000e+01,6.444583327244291837e+00,5.853889202072340425e-02,2.004238272132073950e-01,7.900000000000000355e+00,2.200000000000000178e+00,1.499999999999999944e-01
1.000000000000000056e-01,1.000000000000000000e+01,7.002012550253852829e+00,1.000000000000000000e+01,6.245272915164468586e+00,4.712551355101287504e-02,2.249875173401723327e-02,7.900000000000000355e+00,2.200000000000000178e+00,1.499999999999999944e-01
1.000000000000000056e-01,1.000000000000000000e+01,6.258829286082422172e+00,1.319298513712450216e-01,6.520222395511445335e+00,1.901488897935476041e-01,0.000000000000000000e+00,7.899453768874845849e+00,2.263247634293263033e+00,1.499999999999999944e-01
1.000000000000000056e-01,1.000000000000000000e+01,5.980633042921825293e+00,9.161889615785542063e+00,7.816090077019969939e+00,0.000000000000000000e+00,0.000000000000000000e+00,7.899911357465944306e+00,2.200000000000000178e+00,1.499999999999999944e-01
1.000000000000000056e-01,1.000000000000000056e-01,1.000000000000000000e+01,1.000000000000000000e+01,1.000000000000000000e+01,0.000000000000000000e+00,2.003874995420452942e-01,7.898944877825102573e+00,2.243507531876379524e+00,2.500000000000000000e-01
1.000000000000000000e+01,1.000000000000000056e-01,1.000000000000000000e+01,1.000000000000000056e-01,1.000000000000000000e+01,0.000000000000000000e+00,3.651854207534690339e-02,7.900000000000000355e+00,2.744250422573932369e+00,2.500000000000000000e-01
9.018486971601900493e+00,1.000000000000000056e-01,1.000000000000000000e+01,1.000000000000000056e-01,1.000000000000000000e+01,0.000000000000000000e+00,0.000000000000000000e+00,7.900000000000000355e+00,4.000000000000000000e+00,1.499999999999999944e-01
1.000000000000000000e+01,1.000000000000000056e-01,1.000000000000000000e+01,1.000000000000000056e-01,1.000000000000000000e+01,0.000000000000000000e+00,4.046851920289053911e-02,7.900000000000000355e+00,2.672964156822994042e+00,2.316108388468309798e-01
1.004488838688598479e-01,1.000000000000000056e-01,9.357775291375599380e+00,9.671852042606225552e+00,1.000000000000000000e+01,0.000000000000000000e+00,0.000000000000000000e+00,7.900000000000000355e+00,2.760516026686528512e+00,1.508617644079234543e-01
1.000000000000000056e-01,1.000000000000000056e-01,9.445079395833099412e+00,2.089928942896379205e+00,1.000000000000000000e+01,6.319285766716520314e-02,0.000000000000000000e+00,7.900000000000000355e+00,2.352984967639657921e+00,1.499999999999999944e-01
1.000000000000000000e+01,8.139038323020232113e+00,8.338044293375643790e+00,9.501344049778472467e+00,1.000000000000000000e+01,0.000000000000000000e+00,6.436574318937687833e-02,7.900000000000000355e+00,2.200000000000000178e+00,1.499999999999999944e-01
1.000000000000000000e+01,1.000000000000000056e-01,1.000000000000000000e+01,1.000000000000000056e-01,1.000000000000000000e+01,0.000000000000000000e+00,8.047104754312434105e-02,7.900000000000000355e+00,4.000000000000000000e+00,1.951828415055026911e-01
2.934750223409658965e+00,8.062390701409986704e+00,6.054041172588728870e+00,5.910702187949858910e+00,1.000000000000000000e+01,7.007722185574868923e-02,9.474549272507216957e-03,7.900000000000000355e+00,2.200000000000000178e+00,1.499999999999999944e-01
1.000000000000000000e+01,1.000000000000000056e-01,1.000000000000000000e+01,1.000000000000000056e-01,1.000000000000000000e+01,4.082945218970812640e-02,6.601574421784787983e-02,7.900000000000000355e+00,4.000000000000000000e+00,1.582638516973571829e-01
1.000000000000000000e+01,1.000000000000000056e-01,1.000000000000000000e+01,1.000000000000000056e-01,1.000000000000000000e+01,0.000000000000000000e+00,0.000000000000000000e+00,7.900000000000000355e+00,3.259328557714108676e+00,1.936361749935812115e-01
1.000000000000000000e+01,4.541542784478282080e+00,8.561481924594957604e+00,1.000000000000000000e+01,1.000000000000000000e+01,0.000000000000000000e+00,0.000000000000000000e+00,7.900000000000000355e+00,2.200000000000000178e+00,1.499999999999999944e-01
1.000000000000000000e+01,1.000000000000000056e-01,1.000000000000000000e+01,1.000000000000000056e-01,1.000000000000000000e+01,7.605758355833977524e-03,3.611461976259817963e-02,7.900000000000000355e+00,2.585585202848180941e+00,1.910203971971924375e-01
1.000000000000000000e+01,1.000000000000000056e-01,1.000000000000000000e+01,1.000000000000000056e-01,1.000000000000000000e+01,0.000000000000000000e+00,7.393437857993595541e-03,7.900000000000000355e+00,3.294812084026231158e+00,1.788810940386562631e-01
1.000000000000000000e+01,1.000000000000000056e-01,1.000000000000000000e+01,1.000000000000000056e-01,1.000000000000000000e+01,0.000000000000000000e+00,2.069017386027345931e-02,7.900000000000000355e+00,2.579533499175766131e+00,2.187222684594427868e-01
1.000000000000000000e+01,1.000000000000000056e-01,9.754886008824009025e+00,1.000000000000000056e-01,1.000000000000000000e+01,0.000000000000000000e+00,5.346291245934205183e-02,7.900000000000000355e+00,2.632982890010774568e+00,1.762692266661455287e-01
7.835482387570095852e+00,1.022864007180743551e+00,8.851456748960213616e+00,2.364540501516484650e+00,1.000000000000000000e+01,3.880163709899424329e-02,0.000000000000000000e+00,7.900000000000000355e+00,2.247373250602100025e+00,1.499999999999999944e-01
8.868828563117769903e+00,3.847565996215390083e+00,7.587755218353781750e+00,6.438287353357554643e+00,1.000000000000000000e+01,8.459341566517225575e-02,0.000000000000000000e+00,7.900000000000000355e+00,2.200000000000000178e+00,1.499999999999999944e-01
1.000000000000000000e+01,1.000000000000000056e-01,1.000000000000000000e+01,1.000000000000000056e-01,1.000000000000000000e+01,0.000000000000000000e+00,7.401845088775269033e-03,7.900000000000000355e+00,3.183919920863856667e+00,1.974398622757061184e-01
1.000000000000000056e-01,9.252725972893291129e+00,5.509699946512452762e+00,4.949847944908359665e+00,1.000000000000000000e+01,8.890715485578028210e-02,0.000000000000000000e+00,7.900000000000000355e+00,2.200000000000000178e+00,1.499999999999999944e-01
1.000000000000000000e+01,2.067092380594167444e+00,8.856997613171552430e+00,5.133839979193899339e+00,1.000000000000000000e+01,0.000000000000000000e+00,0.000000000000000000e+00,7.900000000000000355e+00,2.200000000000000178e+00,1.499999999999999944e-01
1.000000000000000056e-01,1.000000000000000000e+01,6.518019319793987520e+00,5.328566465325467405e+00,1.000000000000000000e+01,4.293529251430147631e-02,0.000000000000000000e+00,7.900000000000000355e+00,2.200000000000000178e+00,1.499999999999999944e-01
7.382768003294873260e+00,2.418490752112671505e+00,7.568067770021968066e+00,5.206890239513441543e+00,1.000000000000000000e+01,2.479968624363711530e-02,1.045400178808100419e-02,7.900000000000000355e+00,2.200000000000000178e+00,1.499999999999999944e-01
2.044046037095383461e+00,1.000000000000000000e+01,7.127948358725806344e+00,1.000000000000000000e+01,1.000000000000000000e+01,7.124592127712224554e-02,0.000000000000000000e+00,7.900000000000000355e+00,2.200000000000000178e+00,1.499999999999999944e-01
7.887850660764412325e+00,3.668218985064676030e+00,6.879991419625643978e+00,2.191777230697954160e+00,1.000000000000000000e+01,5.846889698520890688e-02,0.000000000000000000e+00,7.900000000000000355e+00,2.200000000000000178e+00,1.499999999999999944e-01
1.000000000000000000e+01,1.000000000000000056e-01,1.000000000000000000e+01,1.000000000000000056e-01,1.000000000000000000e+01,0.000000000000000000e+00,2.088433708235317224e-02,7.900000000000000355e+00,2.809324197386686706e+00,2.260556698143384446e-01
1.000000000000000000e+01,1.000000000000000056e-01,1.000000000000000000e+01,1.000000000000000056e-01,1.000000000000000000e+01,0.000000000000000000e+00,5.529560812556826715e-02,7.900000000000000355e+00,2.794759965263154289e+00,2.204757223604452143e-01
1.000000000000000056e-01,5.649018279999783232e+00,5.025684905976996575e+00,5.573192985092997098e+00,1.000000000000000000e+01,9.001004605249128543e-02,4.781592026521604144e-02,7.900000000000000355e+00,2.200000000000000178e+00,1.499999999999999944e-01
4.201275575546016938e+00,9.502248316062527067e+00,6.487375510695935432e+00,3.517175148705089072e+00,1.000000000000000000e+01,1.097216675332806646e-01,0.000000000000000000e+00,7.900000000000000355e+00,2.200000000000000178e+00,1.499999999999999944e-01
1.000000000000000000e+01,1.000000000000000056e-01,1.000000000000000000e+01,1.000000000000000056e-01,1.000000000000000000e+01,0.000000000000000000e+00,0.000000000000000000e+00,7.900000000000000355e+00,2.639025188144818568e+00,2.246792926390477896e-01
1.000000000000000000e+01,5.094172665055108240e+00,8.622205809121458842e+00,3.378518201392108899e+00,1.000000000000000000e+01,1.225833936466949881e-01,1.106268275552528546e-02,7.900000000000000355e+00,2.200000000000000178e+00,1.499999999999999944e-01
1.000000000000000000e+01,5.451948637295068067e+00,8.559247991937080968e+00,1.000000000000000000e+01,1.000000000000000000e+01,0.000000000000000000e+00,7.688187306652863318e-02,7.900000000000000355e+00,2.200000000000000178e+00,1.499999999999999944e-01
1.000000000000000000e+01,1.000000000000000056e-01,1.000000000000000000e+01,1.000000000000000056e-01,1.000000000000000000e+01,3.874581241056784114e-02,1.144654433206138133e-01,7.900000000000000355e+00,4.000000000000000000e+00,1.612980485003617792e-01
9.979662888035507606e+00,3.763430405829565117e+00,7.474169259178773395e+00,2.009426857394527310e+00,1.000000000000000000e+01,1.014823950428792310e-01,0.000000000000000000e+00,7.900000000000000355e+00,2.200000000000000178e+00,1.499999999999999944e-01
1.000000000000000000e+01,1.000000000000000056e-01,1.000000000000000000e+01,1.000000000000000056e-01,1.000000000000000000e+01,0.000000000000000000e+00,5.977507790206864485e-02,7.900000000000000355e+00,3.381111849147629300e+00,1.805685076970472425e-01
4.258954288393530518e+00,7.718623025154218276e+00,7.413054207295168396e+00,8.791069052558880159e+00,1.000000000000000000e+01,0.000000000000000000e+00,0.000000000000000000e+00,7.900000000000000355e+00,2.200000000000000178e+00,1.499999999999999944e-01
1.000000000000000056e-01,6.366562500224667076e+00,6.190280512012170000e+00,8.846463212915358199e+00,1.000000000000000000e+01,2.598583379332737218e-04,0.000000000000000000e+00,7.900000000000000355e+00,2.200832189930383098e+00,1.499999999999999944e-01
8.318731526049331748e+00,1.395464279021050302e+00,7.674225674086027738e+00,1.000000000000000056e-01,1.000000000000000056e-01,5.496483291294033957e-02,0.000000000000000000e+00,7.900000000000000355e+00,2.354819988003779674e+00,1.499999999999999944e-01
1.000000000000000000e+01,1.587718370785521138e+00,1.000000000000000000e+01,1.000000000000000000e+01,1.000000000000000056e-01,0.000000000000000000e+00,0.000000000000000000e+00,7.900000000000000355e+00,2.200000000000000178e+00,1.499999999999999944e-01
1.000000000000000000e+01,6.061386617531530518e+00,1.000000000000000000e+01,3.594116938270458528e-01,1.000000000000000056e-01,0.000000000000000000e+00,0.000000000000000000e+00,7.900000000000000355e+00,2.200000000000000178e+00,1.499999999999999944e-01
9.178713573443630480e+00,6.266049729943133251e+00,1.000000000000000000e+01,3.606475919046103762e-01,1.000000000000000056e-01,1.534072742748673335e-01,0.000000000000000000e+00,7.900000000000000355e+00,2.200000000000000178e+00,1.499999999999999944e-01
9.240992337121912925e+00,7.296948858277355399e+00,9.177245517876752245e+00,1.000000000000000056e-01,1.000000000000000056e-01,0.000000000000000000e+00,0.000000000000000000e+00,7.900000000000000355e+00,2.388280863062427706e+00,1.499999999999999944e-01
1.000000000000000000e+01,1.000000000000000056e-01,5.227674750278845650e+00,1.000000000000000056e-01,1.000000000000000056e-01,0.000000000000000000e+00,4.215391110220312321e-02,7.900000000000000355e+00,3.673202547908291926e+00,1.506534562772464392e-01
9.114726199079887792e+00,1.569593154927484191e+00,9.265217374871527412e+00,1.000000000000000000e+01,1.000000000000000056e-01,0.000000000000000000e+00,0.000000000000000000e+00,7.900000000000000355e+00,2.200000000000000178e+00,1.499999999999999944e-01
1.000000000000000000e+01,5.815536399123548694e-01,9.680768469298747902e+00,1.000000000000000000e+01,1.000000000000000056e-01,0.000000000000000000e+00,0.000000000000000000e+00,7.900000000000000355e+00,2.200000000000000178e+00,1.499999999999999944e-01
1.000000000000000000e+01,1.000000000000000056e-01,5.875414989185430592e+00,1.000000000000000056e-01,1.000000000000000056e-01,0.000000000000000000e+00,1.614669035354151377e-02,7.878312776208112211e+00,2.666192874788035017e+00,1.499999999999999944e-01
8.395116649797842001e+00,7.871297811993589022e+00,9.957351981960364640e+00,1.000000000000000056e-01,1.000000000000000056e-01,6.027943806905465551e-02,1.094141501466271323e-02,7.900000000000000355e+00,2.412690934591950498e+00,1.499999999999999944e-01
1.000000000000000000e+01,1.000000000000000056e-01,4.584983732128958600e+00,1.000000000000000056e-01,1.000000000000000056e-01,0.000000000000000000e+00,0.000000000000000000e+00,7.845189644423650854e+00,2.973363937970849857e+00,1.836457135391331985e-01
9.060684455745164456e+00,9.948642212059269241e+00,7.284846591578693520e+00,1.000000000000000000e+01,1.000000000000000056e-01,0.000000000000000000e+00,2.609477903499173718e-03,7.900000000000000355e+00,2.232668498322702977e+00,1.499999999999999944e-01
8.999415921152271736e+00,2.594466551267898602e+00,9.385394563642977417e+00,1.000000000000000000e+01,1.000000000000000056e-01,0.000000000000000000e+00,0.000000000000000000e+00,7.900000000000000355e+00,2.200000000000000178e+00,1.499999999999999944e-01
1.000000000000000000e+01,1.000000000000000056e-01,4.975018674153977472e+00,1.000000000000000056e-01,1.000000000000000056e-01,9.411062667083985867e-02,6.748475120723973486e-02,7.851967730674507706e+00,3.203323772170571182e+00,2.245500837553320861e-01
1.000000000000000000e+01,5.586783104132764244e+00,7.275639883598397084e+00,1.000000000000000000e+01,1.000000000000000056e-01,0.000000000000000000e+00,7.889168326302924790e-04,7.892010359460269520e+00,2.200000000000000178e+00,1.499999999999999944e-01
1.000000000000000000e+01,1.000000000000000056e-01,8.242914166511820184e+00,6.516012150219384402e+00,1.000000000000000056e-01,0.000000000000000000e+00,0.000000000000000000e+00,7.885826432096009420e+00,2.508068095893643878e+00,1.499999999999999944e-01
1.000000000000000000e+01,3.464162358669951924e+00,7.950631949310087876e+00,4.077392528933359017e-01,1.000000000000000056e-01,0.000000000000000000e+00,4.041487816205367734e-02,7.848170534688440725e+00,2.207600010126721912e+00,1.499999999999999944e-01
9.906924544453454828e+00,6.315532861588508240e+00,7.076594854221452735e+00,9.875186792041654726e+00,1.000000000000000056e-01,5.025145265583688681e-03,4.407796985794529407e-04,7.895366942160918278e+00,2.200000000000000178e+00,1.499999999999999944e-01
1.000000000000000000e+01,1.000000000000000056e-01,4.796091111139746843e+00,1.000000000000000056e-01,1.000000000000000056e-01,0.000000000000000000e+00,5.767114848781924874e-02,7.784006735631224139e+00,2.775921185479113262e+00,2.500000000000000000e-01
8.710074426470603370e+00,6.741049302618824512e+00,7.374499936315212167e+00,1.000000000000000000e+01,1.000000000000000056e-01,0.000000000000000000e+00,3.639969333682490662e-04,7.890675359277908640e+00,2.200000000000000178e+00,1.499999999999999944e-01
9.830589166903216380e+00,5.021217804772459381e+00,6.683248185150624465e+00,9.874150904826242581e+00,1.000000000000000056e-01,8.038126068145221709e-03,2.254555802377521622e-04,7.897495955561978143e+00,2.200000000000000178e+00,1.499999999999999944e-01
8.254567562018650051e+00,9.523477836570059196e+00,7.857000358572161502e+00,1.000000000000000000e+01,1.000000000000000056e-01,1.299104754269600481e-02,4.255322924139861608e-03,7.900000000000000355e+00,2.200000000000000178e+00,1.499999999999999944e-01
7.462787860189799005e+00,1.000000000000000000e+01,6.726988982107102721e+00,1.000000000000000000e+01,1.000000000000000056e-01,2.668856055276980915e-02,0.000000000000000000e+00,7.900000000000000355e+00,2.256575504296085111e+00,1.499999999999999944e-01
8.883150419550112531e+00,2.011008120108387587e+00,8.848734147326389632e+00,1.000000000000000000e+01,1.000000000000000056e-01,0.000000000000000000e+00,0.000000000000000000e+00,7.856308924141955252e+00,2.200000000000000178e+00,1.499999999999999944e-01
9.634586764559827543e+00,1.096321287292746804e+00,7.640609643001589291e+00,1.000000000000000000e+01,1.000000000000000056e-01,0.000000000000000000e+00,0.000000000000000000e+00,7.878725458065562570e+00,2.200000000000000178e+00,1.499999999999999944e-01
1.000000000000000000e+01,1.000000000000000056e-01,5.261502640562907729e+00,1.000000000000000056e-01,1.000000000000000056e-01,3.747769300038090307e-02,4.703240149858420316e-02,7.832012614733940836e+00,2.845105372153190260e+00,2.278058565549286318e-01
7.199797579576942219e+00,1.000000000000000000e+01,7.634945072909508745e+00,1.000000000000000000e+01,1.000000000000000056e-01,1.536853848139697609e-01,0.000000000000000000e+00,7.900000000000000355e+00,2.200000000000000178e+00,1.499999999999999944e-01
1.000000000000000000e+01,1.000000000000000056e-01,4.802688192812596846e+00,1.090866029876327303e-01,1.000000000000000056e-01,2.366159224402669681e-02,4.720306660386331538e-02,7.829109895402507568e+00,4.000000000000000000e+00,2.491936183264411853e-01
9.710515534462379250e+00,1.000000000000000056e-01,5.219894140087584233e+00,1.000000000000000056e-01,1.000000000000000056e-01,0.000000000000000000e+00,1.006384871105982098e-01,7.853868832956012902e+00,3.780840689992470693e+00,1.999206069947090103e-01
6.579453026824169548e+00,4.243727080770925753e+00,8.000872279968296752e+00,5.434677117901772547e+00,1.000000000000000056e-01,2.118184731846989299e-01,0.000000000000000000e+00,7.896841800670051370e+00,3.154870462828830657e+00,1.499999999999999944e-01
1.000000000000000056e-01,1.000000000000000000e+01,6.903722358002694293e+00,1.000000000000000000e+01,1.000000000000000000e+01,0.000000000000000000e+00,0.000000000000000000e+00,7.900000000000000355e+00,2.200000000000000178e+00,1.499999999999999944e-01
1.000000000000000056e-01,1.000000000000000056e-01,1.000000000000000000e+01,1.000000000000000056e-01,1.000000000000000000e+01,1.968566965461034102e-01,4.791633125598758480e-02,6.158882500428424223e+00,4.000000000000000000e+00,2.500000000000000000e-01
1.000000000000000056e-01,1.000000000000000000e+01,9.291168386274211599e+00,8.698994223522536373e+00,9.926955391900650127e+00,1.128561596009835903e-02,0.000000000000000000e+00,7.900000000000000355e+00,2.351454964797540903e+00,1.499999999999999944e-01
1.000000000000000056e-01,1.000000000000000000e+01,9.011717527738847267e+00,9.837097660743694405e+00,1.000000000000000000e+01,0.000000000000000000e+00,0.000000000000000000e+00,7.900000000000000355e+00,2.635901476424518108e+00,1.499999999999999944e-01
1.000000000000000056e-01,2.000318363413517986e-01,8.715192161945312321e+00,3.144608431171433960e-01,9.579432254880808628e+00,1.405262323972503342e-02,2.725579506672938523e-02,7.686414452804240405e+00,4.000000000000000000e+00,2.168438349816051436e-01
1.000000000000000056e-01,1.000000000000000000e+01,8.578761083703103196e+00,6.109610923671357163e+00,9.979370914907692125e+00,1.351627018080908335e-02,0.000000000000000000e+00,7.900000000000000355e+00,2.737964664433846895e+00,1.499999999999999944e-01
1.000000000000000056e-01,1.000000000000000000e+01,1.000000000000000000e+01,9.055468859820242855e+00,9.705683190961712725e+00,1.277054163727850411e-03,0.000000000000000000e+00,7.900000000000000355e+00,2.269654556809139301e+00,1.499999999999999944e-01
1.000000000000000056e-01,5.336556439744567726e+00,9.091040166165141656e+00,1.000000000000000056e-01,9.522598282328265995e+00,9.415239859082094598e-02,2.200932168406644074e-01,7.899246935082024912e+00,4.000000000000000000e+00,2.101134468377808262e-01
1.000000000000000056e-01,1.000000000000000000e+01,9.968392465314659390e+00,9.518299606282353054e+00,1.000000000000000000e+01,8.502178288663810035e-02,8.589848689398099646e-02,7.900000000000000355e+00,2.463420900233688648e+00,1.499999999999999944e-01
1.000000000000000056e-01,1.000000000000000000e+01,8.707461130111106229e+00,7.476161293725088974e+00,9.948792708145331787e+00,7.251354443104480844e-03,0.000000000000000000e+00,7.900000000000000355e+00,2.510160981000097991e+00,1.499999999999999944e-01
1.000000000000000056e-01,2.613624568302153506e+00,9.617486763820336293e+00,1.000000000000000056e-01,9.437950987778918943e+00,1.425824947383003971e-01,4.404101608651534577e-02,7.839914748300673253e+00,4.000000000000000000e+00,2.446303813199245947e-01
1.000000000000000056e-01,7.125306988812971198e+00,1.000000000000000000e+01,7.620564146581263465e+00,9.931026594449429368e+00,0.000000000000000000e+00,3.350300862905536414e-02,7.900000000000000355e+00,3.011625287653795446e+00,1.499999999999999944e-01
1.000000000000000056e-01,6.033703800825943375e+00,9.539766239202037923e+00,1.000000000000000056e-01,1.000000000000000000e+01,7.952980413765967094e-02,1.442536982660777289e-01,7.900000000000000355e+00,4.000000000000000000e+00,2.394198146000623140e-01
1.000000000000000056e-01,2.080283648767125015e-01,9.625798251157762664e+00,1.000000000000000056e-01,9.515070281527664875e+00,2.711035620852660366e-01,5.538976796880475117e-02,7.866500043485275206e+00,4.000000000000000000e+00,2.500000000000000000e-01
1.000000000000000056e-01,5.702308402305756196e+00,9.500282042582208319e+00,1.340592330895416850e+00,1.000000000000000000e+01,6.968118260370484429e-02,1.954958820326746782e-01,7.900000000000000355e+00,4.000000000000000000e+00,2.293920021337107484e-01
1.000000000000000056e-01,5.500133589373567666e+00,9.673588626274995050e+00,1.000000000000000056e-01,9.973543469956572594e+00,7.923119926742862307e-02,2.231579604315293147e-02,7.900000000000000355e+00,4.000000000000000000e+00,1.754804701680844625e-01
1.000000000000000056e-01,1.878757773003279397e+00,1.000000000000000000e+01,1.000000000000000056e-01,9.753526031650835648e+00,0.000000000000000000e+00,0.000000000000000000e+00,7.900000000000000355e+00,4.000000000000000000e+00,1.499999999999999944e-01
1.000000000000000056e-01,8.960672365980602905e+00,1.000000000000000000e+01,1.000000000000000000e+01,1.000000000000000000e+01,1.449036504949835144e-02,2.132483138370849796e-02,7.855528576296486598e+00,4.000000000000000000e+00,1.499999999999999944e-01
1.000000000000000056e-01,2.635061030709496155e+00,7.611737037877913892e+00,1.000000000000000056e-01,9.742492849526852794e+00,0.000000000000000000e+00,0.000000000000000000e+00,7.861657343771483397e+00,4.000000000000000000e+00,1.690823647312389988e-01
1.000000000000000056e-01,1.000000000000000000e+01,1.000000000000000000e+01,1.000000000000000000e+01,1.000000000000000000e+01,0.000000000000000000e+00,0.000000000000000000e+00,7.900000000000000355e+00,3.245149272623895964e+00,1.499999999999999944e-01
1.000000000000000056e-01,8.860464786770487322e+00,1.000000000000000000e+01,1.000000000000000000e+01,9.919885008048945352e+00,6.412895869345749955e-03,0.000000000000000000e+00,7.900000000000000355e+00,3.681336165685620720e+00,1.499999999999999944e-01
1.000000000000000056e-01,4.966805808270791545e+00,7.623075139665470346e+00,1.000000000000000056e-01,9.705418890252728303e+00,0.000000000000000000e+00,0.000000000000000000e+00,7.900000000000000355e+00,4.000000000000000000e+00,1.649616654744703870e-01
1.000000000000000056e-01,1.000000000000000000e+01,1.000000000000000000e+01,1.000000000000000000e+01,1.000000000000000000e+01,2.217541121835031603e-03,1.080489633308679143e-01,7.900000000000000355e+00,3.424137897731550417e+00,1.499999999999999944e-01
1.000000000000000056e-01,5.393498422727603270e+00,7.414116446720233178e+00,1.000000000000000056e-01,9.668054757285753809e+00,8.229746246664912043e-03,0.000000000000000000e+00,7.900000000000000355e+00,4.000000000000000000e+00,2.006511944554055238e-01
1.000000000000000056e-01,1.000000000000000000e+01,9.793709090473939227e+00,1.000000000000000000e+01,1.000000000000000000e+01,3.539348278309990825e-02,4.143337270376659665e-02,7.900000000000000355e+00,2.874879088221350631e+00,1.499999999999999944e-01
1.000000000000000056e-01,1.000000000000000056e-01,8.202534447251418115e+00,1.000000000000000056e-01,9.472605910728098877e+00,0.000000000000000000e+00,0.000000000000000000e+00,7.890753032591600657e+00,4.000000000000000000e+00,2.294294072997690448e-01
1.000000000000000056e-01,7.657098971023885703e+00,9.930773741345234384e+00,4.467897627457083409e+00,9.832675897528242004e+00,0.000000000000000000e+00,6.857873117262364149e-02,7.900000000000000355e+00,4.000000000000000000e+00,1.938383948270765711e-01
1.000000000000000056e-01,4.348442211376815081e+00,8.105308410860052604e+00,1.000000000000000056e-01,9.734333830525859099e+00,0.000000000000000000e+00,0.000000000000000000e+00,7.900000000000000355e+00,4.000000000000000000e+00,2.052565746350355491e-01
1.000000000000000056e-01,5.526583601627021558e+00,9.565603071985107064e+00,5.709930770652603016e+00,9.967654541049679295e+00,5.725041933093016899e-02,9.260462096840839374e-02,7.900000000000000355e+00,4.000000000000000000e+00,1.879345986459476925e-01
1.000000000000000056e-01,7.472028719241592398e+00,9.937112484291569459e+00,1.044730206558745600e+00,1.000000000000000000e+01,5.082613677059491519e-02,0.000000000000000000e+00,7.900000000000000355e+00,4.000000000000000000e+00,1.823221494002631726e-01
1.000000000000000056e-01,4.799541172132741451e+00,1.000000000000000000e+01,8.888088658781171603e+00,9.776057116018295190e+00,6.273214767632041312e-04,0.000000000000000000e+00,7.900000000000000355e+00,3.786672215077728332e+00,1.499999999999999944e-01
1.000000000000000056e-01,3.574418608623503690e+00,1.000000000000000000e+01,8.437891110775817438e+00,1.000000000000000000e+01,0.000000000000000000e+00,0.000000000000000000e+00,6.912545561523833371e+00,4.000000000000000000e+00,1.547591796147841370e-01
1.000000000000000056e-01,4.841348066938638617e+00,1.000000000000000000e+01,2.540079915454269699e+00,9.943886848339198892e+00,7.335929746958353391e-03,0.000000000000000000e+00,7.900000000000000355e+00,4.000000000000000000e+00,1.963762716617802329e-01
1.000000000000000056e-01,4.942657719628189561e+00,8.681473670689943134e+00,1.000000000000000000e+01,1.000000000000000000e+01,0.000000000000000000e+00,0.000000000000000000e+00,7.598157395997726660e+00,3.456292961577592138e+00,1.499999999999999944e-01
1.000000000000000056e-01,7.892372315992432164e+00,1.000000000000000000e+01,6.671023619463478660e+00,1.000000000000000000e+01,0.000000000000000000e+00,0.000000000000000000e+00,7.730158216212376310e+00,4.000000000000000000e+00,1.628099472048477048e-01
1.000000000000000056e-01,5.462087009407180282e+00,1.000000000000000000e+01,8.617592359090217258e+00,9.447273078843343441e+00,0.000000000000000000e+00,0.000000000000000000e+00,7.900000000000000355e+00,2.893100815350599042e+00,1.499999999999999944e-01
1.000000000000000056e-01,1.000000000000000000e+01,1.000000000000000000e+01,1.000000000000000000e+01,1.000000000000000000e+01,0.000000000000000000e+00,0.000000000000000000e+00,7.629164051173462191e+00,2.200000000000000178e+00,1.499999999999999944e-01
1.000000000000000056e-01,1.000000000000000056e-01,6.998929577594905638e+00,1.000000000000000056e-01,7.078062375920087135e+00,4.892595174668258329e-01,4.648121442347258325e-01,7.177254718436096859e+00,4.000000000000000000e+00,2.500000000000000000e-01
6.279124563273643655e-01,1.000000000000000000e+01,5.669894600811906216e+00,8.321548653554637909e+00,5.525153315130970633e+00,1.000000000000000000e+00,1.000000000000000000e+00,7.900000000000000355e+00,2.200000000000000178e+00,1.499999999999999944e-01
1.000000000000000056e-01,1.000000000000000056e-01,5.256889781946843421e+00,1.000000000000000056e-01,1.000000000000000000e+01,0.000000000000000000e+00,0.000000000000000000e+00,7.900000000000000355e+00,4.000000000000000000e+00,2.500000000000000000e-01
1.000000000000000056e-01,1.000000000000000056e-01,8.046503125414295354e+00,1.593791115521717483e+00,1.000000000000000000e+01,7.513384165688883343e-01,7.033518654465927833e-01,7.900000000000000355e+00,3.957079384773829922e+00,2.129728066638593986e-01
1.000000000000000056e-01,1.000000000000000056e-01,8.588323659763924312e+00,1.000000000000000056e-01,1.000000000000000000e+01,0.000000000000000000e+00,3.145940699224056974e-02,7.900000000000000355e+00,4.000000000000000000e+00,1.615880535711214094e-01
1.000000000000000056e-01,1.000000000000000056e-01,8.976608947262571192e+00,1.000000000000000056e-01,1.000000000000000000e+01,0.000000000000000000e+00,3.929015116664453383e-02,7.900000000000000355e+00,4.000000000000000000e+00,1.988833185087038880e-01
1.173789241678201201e+00,1.000000000000000056e-01,8.372122686711996664e+00,1.000000000000000056e-01,1.000000000000000000e+01,2.440817437663527212e-01,5.999590451008546960e-02,7.900000000000000355e+00,4.000000000000000000e+00,1.531830634111903955e-01
1.000000000000000056e-01,7.216610770714330769e+00,9.050219646759808612e+00,1.000000000000000056e-01,1.000000000000000000e+01,0.000000000000000000e+00,0.000000000000000000e+00,7.900000000000000355e+00,4.000000000000000000e+00,1.940976621882431197e-01
1.000000000000000056e-01,6.248693563668016537e+00,8.015523255816503934e+00,4.773356775952107611e+00,9.292444607643993493e+00,9.493749804464435282e-02,0.000000000000000000e+00,7.900000000000000355e+00,3.661018562067542614e+00,1.499999999999999944e-01
3.879872900298088068e-01,4.466559451377959178e+00,7.794410494563470237e+00,2.692222594170026184e+00,9.412597482155504736e+00,6.825184253096989728e-01,6.442773341541000454e-01,7.900000000000000355e+00,3.882749550551010120e+00,1.499999999999999944e-01
3.961001159323365717e-01,2.538107311050392667e+00,7.835800587621287505e+00,1.000000000000000056e-01,1.000000000000000000e+01,1.076205344499765182e-01,0.000000000000000000e+00,7.900000000000000355e+00,4.000000000000000000e+00,1.689798668985540153e-01
1.000000000000000056e-01,1.000000000000000000e+01,7.946165294983254412e+00,5.340141686912607710e+00,9.085417742444587219e+00,0.000000000000000000e+00,0.000000000000000000e+00,7.900000000000000355e+00,3.157341973625083398e+00,1.499999999999999944e-01
1.000000000000000056e-01,1.057199853174838111e+00,7.140831575056385105e+00,6.439859712997293428e-01,7.167620727642274758e+00,8.981271438746475377e-01,9.688478253669927653e-01,7.900000000000000355e+00,4.000000000000000000e+00,1.835562804394442749e-01
1.000000000000000056e-01,7.264934885350417204e+00,9.358968173625873632e+00,3.609759374491432915e+00,6.869289211912335880e+00,0.000000000000000000e+00,0.000000000000000000e+00,7.900000000000000355e+00,2.553856576193503702e+00,1.499999999999999944e-01
1.929796669456446123e-01,3.375200606916941126e+00,1.000000000000000000e+01,1.000000000000000056e-01,1.000000000000000000e+01,1.000000000000000000e+00,1.000000000000000000e+00,7.900000000000000355e+00,4.000000000000000000e+00,1.755013247271792198e-01
1.000000000000000056e-01,5.430452896443338950e+00,1.000000000000000000e+01,1.000000000000000000e+01,9.719392805554793568e+00,0.000000000000000000e+00,0.000000000000000000e+00,7.900000000000000355e+00,2.669011034243444325e+00,1.499999999999999944e-01
1.000000000000000000e+01,1.000000000000000000e+01,1.000000000000000000e+01,1.000000000000000000e+01,1.000000000000000056e-01,0.000000000000000000e+00,0.000000000000000000e+00,7.900000000000000355e+00,2.315727330691123242e+00,1.499999999999999944e-01
1.000000000000000056e-01,8.914554833851134674e+00,8.406366791856100917e+00,1.000000000000000000e+01,7.840858016693103671e+00,2.709031565952919191e-02,2.995043283950878793e-02,7.900000000000000355e+00,2.405742274115818979e+00,1.501020313459776323e-01
1.000000000000000056e-01,1.000000000000000056e-01,1.000000000000000000e+01,3.585129377329004718e+00,8.177894181423688735e+00,0.000000000000000000e+00,0.000000000000000000e+00,7.900000000000000355e+00,4.000000000000000000e+00,1.499999999999999944e-01
7.524198288579870830e-01,9.384438045216757729e+00,7.515315832774387417e+00,3.053968576837444715e+00,7.483760352219414713e+00,0.000000000000000000e+00,0.000000000000000000e+00,7.900000000000000355e+00,3.322685568739793815e+00,1.499999999999999944e-01
1.179301537722876603e+00,1.000000000000000056e-01,1.000000000000000000e+01,1.000000000000000056e-01,8.267647123849245716e+00,1.000000000000000000e+00,1.000000000000000000e+00,7.900000000000000355e+00,4.000000000000000000e+00,2.170235024880597385e-01
1.848698941443451260e-01,9.007128871800144765e+00,8.569521804309982116e+00,1.000000000000000000e+01,8.850317159267559575e+00,0.000000000000000000e+00,0.000000000000000000e+00,7.900000000000000355e+00,2.509919149272669792e+00,1.505151324859665130e-01
1.016090432229878271e+00,9.872773273467107202e+00,9.744186316094360478e+00,3.663131234185364349e+00,9.999631493981034680e+00,1.429221178973476454e-02,0.000000000000000000e+00,7.900000000000000355e+00,2.933546327237517293e+00,1.499999999999999944e-01
6.175267587578853190e-01,3.322881345117076446e+00,7.363685884900378120e+00,7.632988183554279438e+00,8.954574060428093674e+00,5.177367615142235424e-01,5.022798701797792642e-01,7.900000000000000355e+00,2.415122576660994724e+00,1.499999999999999944e-01
2.168315530947662495e+00,1.000000000000000000e+01,9.327121973308432956e+00,3.485984969687690338e+00,9.399649503954726981e+00,1.319020999312595366e-01,0.000000000000000000e+00,7.900000000000000355e+00,3.026265107003703214e+00,1.499999999999999944e-01
3.639507314259115001e-01,1.000000000000000000e+01,8.497638392790301864e+00,3.997200708690218374e+00,6.885489689913474542e+00,4.894858617217168195e-03,0.000000000000000000e+00,7.900000000000000355e+00,2.852782939627598324e+00,1.499999999999999944e-01
5.884894031672533998e-01,1.000000000000000056e-01,1.000000000000000000e+01,1.000000000000000056e-01,3.851029313910353302e+00,0.000000000000000000e+00,0.000000000000000000e+00,7.900000000000000355e+00,4.000000000000000000e+00,2.282825077128076696e-01
1.000000000000000056e-01,1.000000000000000000e+01,8.705627024500113720e+00,5.104607951440033098e+00,7.515137692574698214e+00,0.000000000000000000e+00,0.000000000000000000e+00,7.900000000000000355e+00,3.517932974208949570e+00,1.499999999999999944e-01
3.752517152621780427e-01,1.000000000000000056e-01,7.661999688892889182e+00,1.000000000000000056e-01,1.000000000000000000e+01,1.186719557571425110e-01,0.000000000000000000e+00,7.900000000000000355e+00,4.000000000000000000e+00,1.783908482608083379e-01
1.000000000000000056e-01,1.000000000000000000e+01,9.221009006853892132e+00,1.000000000000000000e+01,8.904853332695749302e+00,4.355249246628747212e-02,0.000000000000000000e+00,7.900000000000000355e+00,2.282919779320677023e+00,1.499999999999999944e-01
2.408399816172957786e-01,3.363682571518928910e+00,1.000000000000000000e+01,1.000000000000000056e-01,5.948284419248142996e+00,0.000000000000000000e+00,4.286201433239278380e-02,7.900000000000000355e+00,4.000000000000000000e+00,1.976824669340088159e-01
1.000000000000000056e-01,1.000000000000000056e-01,9.851581431339539563e+00,1.000000000000000056e-01,1.000000000000000000e+01,0.000000000000000000e+00,0.000000000000000000e+00,7.900000000000000355e+00,4.000000000000000000e+00,2.219301030297200494e-01
5.633977518682731223e-01,1.000000000000000000e+01,7.873668455889180073e+00,5.444918313727304060e+00,6.477035990692093570e+00,5.810681437536429073e-01,5.698742961390728112e-01,7.900000000000000355e+00,2.229999399055037745e+00,1.499999999999999944e-01
1.754570543613307443e+00,9.053446681024253095e+00,8.082785859322054733e+00,5.271399728690402853e+00,6.761596153002556342e+00,8.069209967861358246e-01,7.623210825215344100e-01,7.900000000000000355e+00,2.741167955462676442e+00,1.499999999999999944e-01
1.073834820106910559e+00,1.000000000000000056e-01,1.000000000000000000e+01,1.000000000000000056e-01,3.389558777396284306e+00,0.000000000000000000e+00,0.000000000000000000e+00,7.900000000000000355e+00,4.000000000000000000e+00,2.246646725618827722e-01
2.514278440503349366e+00,1.000000000000000000e+01,6.357147989915216790e+00,2.487984099847050601e+00,5.437655039552828029e+00,1.000000000000000000e+00,1.000000000000000000e+00,7.900000000000000355e+00,2.784435869528016916e+00,1.499999999999999944e-01
1.000000000000000056e-01,1.000000000000000000e+01,9.522763649658971374e+00,3.887384318487368873e+00,1.000000000000000000e+01,2.293087141713756952e-02,1.796465160513389947e-01,7.900000000000000355e+00,3.399471314358180951e+00,1.499999999999999944e-01
1.613918247898895597e-01,1.000000000000000056e-01,1.000000000000000000e+01,1.000000000000000056e-01,1.000000000000000000e+01,1.000000000000000000e+00,1.000000000000000000e+00,7.900000000000000355e+00,4.000000000000000000e+00,2.418070179607050840e-01
1.000000000000000056e-01,1.000000000000000056e-01,1.000000000000000000e+01,1.000000000000000056e-01,9.646481230819421882e+00,0.000000000000000000e+00,0.000000000000000000e+00,7.900000000000000355e+00,4.000000000000000000e+00,2.382748200165293317e-01
3.096747398929005524e+00,1.000000000000000056e-01,9.300843717598175076e+00,4.983033320803056831e+00,1.000000000000000000e+01,1.000000000000000000e+00,1.000000000000000000e+00,7.900000000000000355e+00,4.000000000000000000e+00,2.500000000000000000e-01
6.655035437588614933e+00,1.000000000000000000e+01,7.190404026009849403e+00,1.000000000000000000e+01,1.000000000000000056e-01,5.012611318921823822e-02,1.508929349401265385e-01,7.900000000000000355e+00,2.200000000000000178e+00,1.499999999999999944e-01
2.240083373799632405e+00,1.000000000000000056e-01,3.136666304471196653e+00,1.000000000000000056e-01,1.000000000000000056e-01,4.691071489731785116e-02,6.140801080614774476e-02,7.900000000000000355e+00,4.000000000000000000e+00,1.499999999999999944e-01
8.172376898128785427e+00,5.307016353496987193e+00,1.000000000000000000e+01,3.795026369138780886e+00,1.000000000000000056e-01,0.000000000000000000e+00,0.000000000000000000e+00,7.874781591186031271e+00,4.000000000000000000e+00,1.499999999999999944e-01
6.134083721143505308e+00,3.708260396394214453e+00,5.025693498328903885e+00,3.485285950517132303e+00,1.000000000000000056e-01,0.000000000000000000e+00,0.000000000000000000e+00,7.900000000000000355e+00,3.062317045583874631e+00,1.499999999999999944e-01
8.889834459787779863e+00,1.000000000000000000e+01,7.046552210779879033e+00,5.097949178097667122e+00,1.035772067298936228e-01,1.503612090657593658e-01,2.712599780087381843e-03,7.900000000000000355e+00,2.283635132095185760e+00,1.499999999999999944e-01
1.000000000000000000e+01,1.000000000000000056e-01,1.000000000000000000e+01,1.000000000000000056e-01,1.277140975226840891e-01,4.288763932646234150e-02,1.171441320091646671e-01,5.486270135249990076e+00,4.000000000000000000e+00,1.499999999999999944e-01
8.420132116591775073e+00,1.000000000000000000e+01,7.768574425114530335e+00,6.495739849543149980e+00,1.100341863706451456e-01,0.000000000000000000e+00,0.000000000000000000e+00,7.674196902418942479e+00,2.458329886754764715e+00,1.499999999999999944e-01
4.361027173733569740e+00,5.428405519240673271e+00,5.322892244261717920e+00,2.157345659579639197e+00,1.000000000000000056e-01,0.000000000000000000e+00,0.000000000000000000e+00,7.900000000000000355e+00,2.701607850721987170e+00,1.499999999999999944e-01
9.524426628384794924e+00,1.000000000000000000e+01,8.681945716868977314e+00,6.184999964901138902e+00,1.000000000000000056e-01,3.033075508078481725e-02,0.000000000000000000e+00,7.900000000000000355e+00,2.368573250252598683e+00,1.499999999999999944e-01
1.000000000000000000e+01,7.987936878603835389e+00,9.144299156662706096e+00,2.585876052969123151e+00,1.067994740044641011e-01,0.000000000000000000e+00,0.000000000000000000e+00,7.900000000000000355e+00,3.503260748366215704e+00,1.499999999999999944e-01
1.000000000000000000e+01,1.000000000000000056e-01,9.703710184103467640e+00,1.000000000000000056e-01,3.887812028927535302e-01,0.000000000000000000e+00,3.927089949613479097e-02,6.708995812677955861e+00,4.000000000000000000e+00,1.499999999999999944e-01
7.296690457442835509e+00,8.188961808878410409e+00,8.243047865902452642e+00,7.916841512026304706e+00,1.244112641652290741e-01,2.228930026935843980e-02,0.000000000000000000e+00,7.900000000000000355e+00,2.987951881387533426e+00,1.499999999999999944e-01
8.123650587767254905e+00,1.000000000000000000e+01,1.000000000000000000e+01,5.851194524478135151e+00,1.041911254064430414e-01,1.179533875697419548e-01,1.905767627889765840e-03,7.655199796427365477e+00,3.165044529420473651e+00,1.499999999999999944e-01
4.883948706215217150e+00,5.415434080034001951e+00,5.103311660309879372e+00,3.317749102729669275e+00,1.000000000000000056e-01,3.275735656532370588e-02,0.000000000000000000e+00,7.900000000000000355e+00,3.275744475386597188e+00,1.499999999999999944e-01
9.741139052218214189e+00,1.000000000000000056e-01,1.000000000000000000e+01,1.000000000000000056e-01,1.253666874433846945e-01,0.000000000000000000e+00,7.335906686908716390e-02,6.175777622929500055e+00,4.000000000000000000e+00,1.499999999999999944e-01
8.738071680358302729e+00,9.666340052040197861e+00,7.813544470604581349e+00,1.000000000000000000e+01,1.160396638342795217e-01,0.000000000000000000e+00,0.000000000000000000e+00,7.900000000000000355e+00,2.960064343145325516e+00,1.499999999999999944e-01
6.771272426695470692e+00,1.000000000000000056e-01,6.815677311810045325e+00,1.000000000000000056e-01,1.176985770785001773e-01,0.000000000000000000e+00,1.017747043405401765e-02,7.185126148168575533e+00,3.993828465773648695e+00,1.499999999999999944e-01
5.578675852883431041e+00,8.341923838788114054e+00,6.770457241169514973e+00,6.598154783232288878e+00,1.000000000000000056e-01,9.619659323293668074e-02,6.340070187547003702e-03,7.900000000000000355e+00,2.681556160672244005e+00,1.499999999999999944e-01
3.973488599657212461e+00,4.165185740177482998e+00,6.653304771215603708e+00,5.955316277558207361e+00,1.000000000000000056e-01,1.375150479493812139e-01,1.579712095514479997e-01,7.900000000000000355e+00,2.388617902585862929e+00,1.499999999999999944e-01
6.378638289656119120e+00,6.772672387792441739e+00,7.514796354873875650e+00,6.972362531256791840e+00,1.035158891820503052e-01,4.861039192571661727e-02,4.231110818934793322e-02,7.900000000000000355e+00,2.615542220824317088e+00,1.499999999999999944e-01
8.134969923490658061e+00,7.442098792546158137e+00,1.000000000000000000e+01,5.261070593591260725e+00,1.000000000000000056e-01,3.279172569881448618e-02,0.000000000000000000e+00,7.900000000000000355e+00,3.750745196719520003e+00,1.499999999999999944e-01
1.000000000000000000e+01,1.000000000000000000e+01,1.000000000000000000e+01,6.420712798082066186e+00,1.000000000000000056e-01,0.000000000000000000e+00,0.000000000000000000e+00,7.900000000000000355e+00,3.673787477982060068e+00,1.499999999999999944e-01
1.000000000000000000e+01,1.000000000000000056e-01,1.000000000000000000e+01,1.000000000000000056e-01,1.501870495005364348e-01,0.000000000000000000e+00,0.000000000000000000e+00,5.201458654697136197e+00,4.000000000000000000e+00,1.499999999999999944e-01
6.532508353218680064e+00,4.709054011958312635e+00,5.097726051162430494e+00,4.779874178691413178e+00,1.000000000000000056e-01,2.781121553224327747e-02,9.297580917880715612e-02,7.900000000000000355e+00,3.445064040503069247e+00,1.499999999999999944e-01
5.088020747362558716e+00,3.114453407513214422e+00,4.291813063885578039e+00,2.752680186254365502e+00,1.000000000000000056e-01,0.000000000000000000e+00,0.000000000000000000e+00,7.900000000000000355e+00,3.348318400337549683e+00,1.499999999999999944e-01
8.662755745957522180e+00,1.000000000000000056e-01,9.863925916025548801e+00,1.000000000000000056e-01,1.000000000000000056e-01,5.396865152592757869e-02,9.017131807745254468e-02,5.759242711081954624e+00,4.000000000000000000e+00,1.499999999999999944e-01
5.780632646091831361e+00,1.000000000000000056e-01,1.000000000000000000e+01,1.000000000000000056e-01,1.000000000000000056e-01,0.000000000000000000e+00,3.392550447240715635e-03,6.541971240266557963e+00,4.000000000000000000e+00,1.499999999999999944e-01
3.906782761906510526e+00,3.428340413549088694e+00,4.177956642335932891e+00,2.522740542662949004e+00,1.000000000000000056e-01,0.000000000000000000e+00,0.000000000000000000e+00,7.900000000000000355e+00,2.808658884626821450e+00,1.499999999999999944e-01
5.103630729693486856e+00,5.153711879180197464e+00,6.524462452145410651e+00,4.983592639417903314e+00,1.027598422365841868e-01,7.374256992211178363e-02,1.975878463007095173e-02,7.900000000000000355e+00,2.546153864099388819e+00,1.499999999999999944e-01
5.479874971977647391e+00,1.000000000000000056e-01,7.161927156166930430e+00,1.000000000000000056e-01,1.000000000000000056e-01,0.000000000000000000e+00,9.545107589702359063e-02,7.455130501472911675e+00,4.000000000000000000e+00,1.499999999999999944e-01
9.980305953149422038e+00,1.000000000000000056e-01,1.000000000000000000e+01,1.416626957144419274e-01,1.000000000000000056e-01,0.000000000000000000e+00,0.000000000000000000e+00,5.900838407703660415e+00,4.000000000000000000e+00,1.499999999999999944e-01
3.878607442001864580e+00,3.877059002857588421e+00,4.519468627361195701e+00,2.836682143049672256e+00,1.000000000000000056e-01,0.000000000000000000e+00,0.000000000000000000e+00,7.900000000000000355e+00,3.948360123792427068e+00,1.499999999999999944e-01
5.962646669568013813e+00,4.457011185575989742e+00,5.270074492686308787e+00,7.232802234411711773e+00,1.000000000000000056e-01,1.544462310357287314e-03,0.000000000000000000e+00,7.900000000000000355e+00,2.522814714470394293e+00,1.499999999999999944e-01
1.000000000000000000e+01,1.000000000000000000e+01,1.000000000000000000e+01,1.000000000000000000e+01,1.090926584447578507e-01,1.985239918407799217e-02,3.147144191065293778e-02,7.900000000000000355e+00,2.823107472180611310e+00,1.499999999999999944e-01
8.122566357125169390e+00,4.482315260629270881e+00,6.235241204764502498e+00,1.000000000000000000e+01,1.164965942053018955e-01,2.234640169262398432e-02,1.269746839800629246e-01,7.900000000000000355e+00,2.253796721745315423e+00,1.499999999999999944e-01
3.745435589991338077e+00,4.217900633084605388e+00,4.858179181796844937e+00,2.436605017589597910e+00,1.000000000000000056e-01,1.223842607777473127e-02,0.000000000000000000e+00,7.900000000000000355e+00,3.875755310047739322e+00,1.499999999999999944e-01
9.797156233330508002e+00,1.000000000000000000e+01,7.414082771893669488e+00,1.000000000000000000e+01,1.000000000000000056e-01,4.327840520774724198e-02,1.041025151113317455e-02,7.900000000000000355e+00,2.233724425210153797e+00,1.499999999999999944e-01
1.000000000000000000e+01,1.000000000000000056e-01,1.000000000000000000e+01,1.000000000000000056e-01,2.432851705836433787e-01,0.000000000000000000e+00,0.000000000000000000e+00,5.110458072983881550e+00,4.000000000000000000e+00,1.499999999999999944e-01
1.000000000000000000e+01,1.000000000000000056e-01,1.000000000000000000e+01,1.000000000000000056e-01,3.650612139721706173e-01,0.000000000000000000e+00,0.000000000000000000e+00,4.944499896944838824e+00,4.000000000000000000e+00,1.499999999999999944e-01
1.000000000000000056e-01,1.000000000000000056e-01,1.000000000000000000e+01,1.000000000000000056e-01,1.000000000000000000e+01,0.000000000000000000e+00,0.000000000000000000e+00,7.900000000000000355e+00,4.000000000000000000e+00,2.500000000000000000e-01
1.000000000000000056e-01,1.000000000000000056e-01,7.990007212528865921e+00,4.508833297146053631e+00,1.000000000000000000e+01,0.000000000000000000e+00,1.989684773823892638e-01,5.617572342144628195e+00,2.200000000000000178e+00,2.500000000000000000e-01
1.000000000000000056e-01,1.000000000000000056e-01,4.574824675693799136e+00,1.000000000000000056e-01,1.000000000000000000e+01,0.000000000000000000e+00,4.001042482895911245e-02,7.773768146403981838e+00,3.454342030517059570e+00,2.500000000000000000e-01
1.000000000000000056e-01,1.033585742497737936e-01,1.000000000000000000e+01,1.000000000000000056e-01,1.000000000000000000e+01,0.000000000000000000e+00,0.000000000000000000e+00,7.900000000000000355e+00,4.000000000000000000e+00,2.500000000000000000e-01
1.000000000000000056e-01,1.000000000000000056e-01,9.368497965163397723e+00,1.000000000000000056e-01,1.000000000000000000e+01,0.000000000000000000e+00,0.000000000000000000e+00,7.900000000000000355e+00,4.000000000000000000e+00,2.500000000000000000e-01
1.000000000000000056e-01,1.000000000000000056e-01,8.809754490009769512e+00,1.000000000000000056e-01,1.000000000000000000e+01,0.000000000000000000e+00,0.000000000000000000e+00,7.900000000000000355e+00,4.000000000000000000e+00,2.500000000000000000e-01
1.000000000000000056e-01,1.001191196347305939e-01,9.139533054625228914e+00,1.000000000000000056e-01,1.000000000000000000e+01,0.000000000000000000e+00,0.000000000000000000e+00,7.900000000000000355e+00,4.000000000000000000e+00,2.500000000000000000e-01
1.000000000000000056e-01,1.000000000000000056e-01,8.557758037217471525e+00,1.000000000000000056e-01,1.000000000000000000e+01,0.000000000000000000e+00,0.000000000000000000e+00,7.900000000000000355e+00,4.000000000000000000e+00,2.500000000000000000e-01
1.000000000000000056e-01,1.120725761760870132e-01,4.679781619667139125e+00,1.000000000000000056e-01,1.000000000000000000e+01,0.000000000000000000e+00,1.117943448452896060e-04,7.900000000000000355e+00,4.000000000000000000e+00,2.500000000000000000e-01
1.000000000000000056e-01,1.000000000000000056e-01,8.388947874683008621e+00,1.000000000000000056e-01,1.000000000000000000e+01,0.000000000000000000e+00,0.000000000000000000e+00,7.900000000000000355e+00,4.000000000000000000e+00,2.500000000000000000e-01
1.000000000000000056e-01,1.020855123685694976e-01,7.830302655753444974e+00,1.000000000000000056e-01,1.000000000000000000e+01,0.000000000000000000e+00,9.601996768188460207e-02,7.900000000000000355e+00,4.000000000000000000e+00,2.500000000000000000e-01
1.000000000000000056e-01,1.000000000000000056e-01,7.530769792799760332e+00,1.000000000000000056e-01,1.000000000000000000e+01,0.000000000000000000e+00,0.000000000000000000e+00,7.900000000000000355e+00,4.000000000000000000e+00,2.500000000000000000e-01
1.000000000000000056e-01,1.000000000000000056e-01,8.207936226900541143e+00,1.000000000000000056e-01,1.000000000000000000e+01,0.000000000000000000e+00,0.000000000000000000e+00,7.900000000000000355e+00,4.000000000000000000e+00,2.500000000000000000e-01
1.000000000000000056e-01,1.000000000000000056e-01,8.051536251534502142e+00,1.000000000000000056e-01,1.000000000000000000e+01,0.000000000000000000e+00,0.000000000000000000e+00,7.900000000000000355e+00,4.000000000000000000e+00,2.500000000000000000e-01
1.000000000000000056e-01,1.000000000000000056e-01,7.220555116808890617e+00,1.000000000000000056e-01,1.000000000000000000e+01,0.000000000000000000e+00,0.000000000000000000e+00,7.900000000000000355e+00,4.000000000000000000e+00,2.500000000000000000e-01
1.000000000000000056e-01,1.127231193433442941e-01,6.389575422504285562e+00,1.000000000000000056e-01,1.000000000000000000e+01,0.000000000000000000e+00,0.000000000000000000e+00,7.900000000000000355e+00,4.000000000000000000e+00,2.500000000000000000e-01
1.000000000000000056e-01,1.000000000000000056e-01,6.234279546311439546e+00,1.000000000000000056e-01,1.000000000000000000e+01,0.000000000000000000e+00,0.000000000000000000e+00,7.900000000000000355e+00,4.000000000000000000e+00,2.500000000000000000e-01
1.000000000000000056e-01,1.000000000000000056e-01,7.312960514699875070e+00,1.000000000000000056e-01,1.000000000000000000e+01,0.000000000000000000e+00,0.000000000000000000e+00,7.900000000000000355e+00,4.000000000000000000e+00,2.500000000000000000e-01
1.000000000000000056e-01,1.011002363539396515e-01,6.919012552487352252e+00,1.000000000000000056e-01,1.000000000000000000e+01,0.000000000000000000e+00,0.000000000000000000e+00,7.900000000000000355e+00,4.000000000000000000e+00,2.500000000000000000e-01
1.000000000000000056e-01,1.004750194903693966e-01,6.851537494044951160e+00,1.000000000000000056e-01,1.000000000000000000e+01,0.000000000000000000e+00,0.000000000000000000e+00,7.900000000000000355e+00,4.000000000000000000e+00,2.500000000000000000e-01
1.000000000000000056e-01,1.032661224176653764e-01,5.512969303587331282e+00,1.000000000000000056e-01,1.000000000000000000e+01,0.000000000000000000e+00,0.000000000000000000e+00,7.900000000000000355e+00,4.000000000000000000e+00,2.500000000000000000e-01
1.000000000000000056e-01,1.000000000000000056e-01,6.690785566303144805e+00,1.000000000000000056e-01,1.000000000000000000e+01,0.000000000000000000e+00,0.000000000000000000e+00,7.900000000000000355e+00,4.000000000000000000e+00,2.500000000000000000e-01
1.000000000000000056e-01,1.000000000000000056e-01,5.771813181115964753e+00,1.000000000000000056e-01,1.000000000000000000e+01,0.000000000000000000e+00,0.000000000000000000e+00,7.900000000000000355e+00,4.000000000000000000e+00,2.500000000000000000e-01
1.000000000000000056e-01,1.023230961997404626e-01,5.272899565505841935e+00,1.000000000000000056e-01,1.000000000000000000e+01,0.000000000000000000e+00,0.000000000000000000e+00,7.900000000000000355e+00,4.000000000000000000e+00,2.500000000000000000e-01
1.000000000000000056e-01,1.000000000000000056e-01,9.516749274059863595e+00,1.000000000000000056e-01,1.000000000000000000e+01,0.000000000000000000e+00,0.000000000000000000e+00,7.900000000000000355e+00,4.000000000000000000e+00,2.500000000000000000e-01
1.000000000000000056e-01,1.058728694047330054e-01,5.011355538621995009e+00,1.000000000000000056e-01,1.000000000000000000e+01,0.000000000000000000e+00,0.000000000000000000e+00,7.900000000000000355e+00,4.000000000000000000e+00,2.500000000000000000e-01
1.000000000000000056e-01,1.000000000000000056e-01,6.191159559679223712e+00,1.000000000000000056e-01,1.000000000000000000e+01,0.000000000000000000e+00,0.000000000000000000e+00,7.900000000000000355e+00,4.000000000000000000e+00,2.500000000000000000e-01
1.000000000000000056e-01,1.000000000000000056e-01,5.918867589151581399e+00,1.000000000000000056e-01,1.000000000000000000e+01,0.000000000000000000e+00,0.000000000000000000e+00,7.900000000000000355e+00,4.000000000000000000e+00,2.500000000000000000e-01
1.000000000000000056e-01,1.000000000000000056e-01,9.663402428250817522e+00,1.000000000000000056e-01,1.000000000000000000e+01,0.000000000000000000e+00,0.000000000000000000e+00,7.900000000000000355e+00,4.000000000000000000e+00,2.500000000000000000e-01
1.000000000000000056e-01,1.000000000000000056e-01,9.865811972700118559e+00,1.000000000000000056e-01,1.000000000000000000e+01,0.000000000000000000e+00,0.000000000000000000e+00,7.900000000000000355e+00,4.000000000000000000e+00,2.500000000000000000e-01
1.000000000000000056e-01,1.012537380207483989e-01,5.094619144654123133e+00,1.000000000000000056e-01,1.000000000000000000e+01,0.000000000000000000e+00,3.594411882217533188e-02,7.900000000000000355e+00,4.000000000000000000e+00,2.500000000000000000e-01
1.000000000000000056e-01,1.027263586706495396e-01,5.823426641619429134e+00,1.000000000000000056e-01,1.000000000000000000e+01,0.000000000000000000e+00,0.000000000000000000e+00,7.900000000000000355e+00,4.000000000000000000e+00,2.500000000000000000e-01
1.000000000000000056e-01,1.000000000000000056e-01,5.422548084145493164e+00,1.000000000000000056e-01,1.000000000000000000e+01,0.000000000000000000e+00,0.000000000000000000e+00,7.900000000000000355e+00,4.000000000000000000e+00,2.500000000000000000e-01
1.000000000000000056e-01,1.016674522499749628e-01,6.181160236343319347e+00,1.000000000000000056e-01,1.000000000000000000e+01,0.000000000000000000e+00,1.374646908627986941e-01,7.900000000000000355e+00,4.000000000000000000e+00,2.500000000000000000e-01
1.000000000000000056e-01,1.035766983634051203e-01,7.856253222102525413e+00,1.000000000000000056e-01,1.000000000000000000e+01,0.000000000000000000e+00,0.000000000000000000e+00,7.900000000000000355e+00,4.000000000000000000e+00,2.500000000000000000e-01
1.000000000000000056e-01,1.000000000000000056e-01,1.000000000000000000e+01,1.000000000000000056e-01,1.000000000000000000e+01,0.000000000000000000e+00,0.000000000000000000e+00,7.900000000000000355e+00,4.000000000000000000e+00,1.499999999999999944e-01
9.605797164844069869e+00,1.000000000000000056e-01,8.392967885233602487e+00,1.000000000000000056e-01,1.000000000000000000e+01,0.000000000000000000e+00,3.987239716169725039e-04,7.900000000000000355e+00,3.669077449354216203e+00,1.499999999999999944e-01
9.818872337343790946e+00,1.000000000000000056e-01,8.638105831697133752e+00,1.000000000000000056e-01,1.000000000000000000e+01,0.000000000000000000e+00,0.000000000000000000e+00,7.900000000000000355e+00,3.849146574755476724e+00,1.499999999999999944e-01
1.007826575824728899e+00,1.000000000000000056e-01,8.835782774237012305e+00,1.000000000000000056e-01,1.000000000000000000e+01,0.000000000000000000e+00,0.000000000000000000e+00,7.900000000000000355e+00,4.000000000000000000e+00,1.499999999999999944e-01
1.161039104934319166e+00,1.000000000000000056e-01,8.219261532219283239e+00,1.000000000000000056e-01,1.000000000000000000e+01,0.000000000000000000e+00,0.000000000000000000e+00,7.900000000000000355e+00,4.000000000000000000e+00,1.499999999999999944e-01
1.000000000000000056e-01,1.000000000000000056e-01,9.044975360573795697e+00,1.000000000000000056e-01,1.000000000000000000e+01,0.000000000000000000e+00,0.000000000000000000e+00,7.900000000000000355e+00,4.000000000000000000e+00,1.499999999999999944e-01
3.193112380392932326e-01,1.000000000000000056e-01,9.903981273583097433e+00,1.000000000000000056e-01,1.000000000000000000e+01,0.000000000000000000e+00,0.000000000000000000e+00,7.900000000000000355e+00,4.000000000000000000e+00,1.499999999999999944e-01
1.000000000000000000e+01,1.000000000000000056e-01,9.092188557197104615e+00,1.000000000000000056e-01,1.000000000000000000e+01,0.000000000000000000e+00,0.000000000000000000e+00,7.900000000000000355e+00,4.000000000000000000e+00,1.499999999999999944e-01
7.940271592006214796e+00,1.000000000000000056e-01,1.000000000000000000e+01,1.000000000000000056e-01,1.000000000000000000e+01,0.000000000000000000e+00,1.756260410933986257e-02,7.900000000000000355e+00,4.000000000000000000e+00,1.499999999999999944e-01
7.194566494065925966e+00,1.000000000000000056e-01,1.000000000000000000e+01,1.000000000000000056e-01,1.000000000000000000e+01,0.000000000000000000e+00,0.000000000000000000e+00,7.900000000000000355e+00,4.000000000000000000e+00,1.499999999999999944e-01
5.292723644754258050e-01,1.000000000000000056e-01,9.179820144139672067e+00,1.000000000000000056e-01,1.000000000000000000e+01,0.000000000000000000e+00,0.000000000000000000e+00,7.900000000000000355e+00,4.000000000000000000e+00,1.499999999999999944e-01
2.713709771796994907e-01,1.000000000000000056e-01,9.251223959503153793e+00,1.000000000000000056e-01,1.000000000000000000e+01,0.000000000000000000e+00,0.000000000000000000e+00,7.900000000000000355e+00,4.000000000000000000e+00,1.499999999999999944e-01
1.738308727943250531e+00,1.000000000000000056e-01,8.556520183846174632e+00,1.000000000000000056e-01,1.000000000000000000e+01,0.000000000000000000e+00,0.000000000000000000e+00,7.900000000000000355e+00,4.000000000000000000e+00,1.499999999999999944e-01
8.096806302199004435e-01,1.000000000000000056e-01,9.063060982984994851e+00,1.000000000000000056e-01,1.000000000000000000e+01,0.000000000000000000e+00,0.000000000000000000e+00,7.900000000000000355e+00,4.000000000000000000e+00,1.499999999999999944e-01
2.094479944265428273e+00,1.000000000000000056e-01,7.593127159952626215e+00,1.000000000000000056e-01,1.000000000000000000e+01,0.000000000000000000e+00,0.000000000000000000e+00,7.900000000000000355e+00,4.000000000000000000e+00,1.499999999999999944e-01
2.233117075905308724e-01,1.000000000000000056e-01,1.000000000000000000e+01,1.000000000000000056e-01,1.000000000000000000e+01,0.000000000000000000e+00,3.735168886149006252e-03,7.900000000000000355e+00,4.000000000000000000e+00,1.499999999999999944e-01
3.631301233341302392e+00,1.000000000000000056e-01,1.000000000000000000e+01,1.000000000000000056e-01,1.000000000000000000e+01,0.000000000000000000e+00,0.000000000000000000e+00,7.900000000000000355e+00,4.000000000000000000e+00,1.499999999999999944e-01
2.937866272083303976e+00,1.000000000000000056e-01,7.566774332302230732e+00,1.000000000000000056e-01,1.000000000000000000e+01,0.000000000000000000e+00,4.401021407215333255e-03,7.900000000000000355e+00,4.000000000000000000e+00,1.499999999999999944e-01
5.934774523520667699e+00,1.000000000000000056e-01,7.932074077280491409e+00,1.000000000000000056e-01,1.000000000000000000e+01,0.000000000000000000e+00,0.000000000000000000e+00,7.900000000000000355e+00,4.000000000000000000e+00,1.499999999999999944e-01
3.710033640608545902e+00,1.000000000000000056e-01,8.491589621109076447e+00,1.000000000000000056e-01,1.000000000000000000e+01,0.000000000000000000e+00,0.000000000000000000e+00,7.900000000000000355e+00,4.000000000000000000e+00,1.499999999999999944e-01
2.107964240082673690e+00,1.000000000000000056e-01,8.629892535914230223e+00,1.000000000000000056e-01,1.000000000000000000e+01,0.000000000000000000e+00,0.000000000000000000e+00,7.900000000000000355e+00,4.000000000000000000e+00,1.499999999999999944e-01
2.380625635953919073e+00,1.000000000000000056e-01,7.593171717385321706e+00,1.000000000000000056e-01,1.000000000000000000e+01,0.000000000000000000e+00,9.828406563760624590e-03,7.900000000000000355e+00,4.000000000000000000e+00,1.499999999999999944e-01
5.872693378874443759e+00,1.000000000000000056e-01,7.483238298224563323e+00,1.000000000000000056e-01,1.000000000000000000e+01,0.000000000000000000e+00,0.000000000000000000e+00,7.900000000000000355e+00,4.000000000000000000e+00,1.499999999999999944e-01
5.360559557621373372e+00,1.000000000000000056e-01,8.948013068005028714e+00,1.000000000000000056e-01,1.000000000000000000e+01,0.000000000000000000e+00,3.584751732332544516e-02,7.900000000000000355e+00,4.000000000000000000e+00,1.499999999999999944e-01
6.995382276001422817e-01,1.000000000000000056e-01,8.472814093664785773e+00,1.000000000000000056e-01,1.000000000000000000e+01,0.000000000000000000e+00,0.000000000000000000e+00,7.900000000000000355e+00,4.000000000000000000e+00,1.499999999999999944e-01
2.875327560382531900e+00,1.000000000000000056e-01,8.824622992203678962e+00,1.000000000000000056e-01,1.000000000000000000e+01,0.000000000000000000e+00,0.000000000000000000e+00,7.900000000000000355e+00,4.000000000000000000e+00,1.499999999999999944e-01
6.159788240576652640e+00,1.000000000000000056e-01,8.297158597379780787e+00,1.000000000000000056e-01,1.000000000000000000e+01,0.000000000000000000e+00,0.000000000000000000e+00,7.900000000000000355e+00,4.000000000000000000e+00,1.499999999999999944e-01
2.325189944267684439e+00,1.000000000000000056e-01,6.817574030570291654e+00,1.000000000000000056e-01,1.000000000000000000e+01,0.000000000000000000e+00,0.000000000000000000e+00,7.900000000000000355e+00,4.000000000000000000e+00,1.499999999999999944e-01
2.874497904448014562e+00,1.000000000000000056e-01,8.658253298849134083e+00,1.000000000000000056e-01,1.000000000000000000e+01,0.000000000000000000e+00,0.000000000000000000e+00,7.900000000000000355e+00,4.000000000000000000e+00,1.499999999999999944e-01
1.000000000000000056e-01,1.000000000000000056e-01,9.593781771601141983e+00,1.000000000000000056e-01,1.000000000000000000e+01,0.000000000000000000e+00,2.341067935424389051e-03,7.900000000000000355e+00,4.000000000000000000e+00,1.499999999999999944e-01
1.062633222805057454e+00,1.000000000000000056e-01,7.937951458988247389e+00,1.000000000000000056e-01,1.000000000000000000e+01,0.000000000000000000e+00,0.000000000000000000e+00,7.900000000000000355e+00,4.000000000000000000e+00,1.499999999999999944e-01
7.684296153882684166e+00,1.000000000000000056e-01,8.629517687640776202e+00,1.000000000000000056e-01,1.000000000000000000e+01,0.000000000000000000e+00,0.000000000000000000e+00,7.900000000000000355e+00,4.000000000000000000e+00,1.499999999999999944e-01
1.000000000000000056e-01,1.000000000000000056e-01,9.880344883505676634e+00,1.000000000000000056e-01,1.000000000000000000e+01,0.000000000000000000e+00,2.546316586620060544e-03,7.900000000000000355e+00,4.000000000000000000e+00,1.499999999999999944e-01
1.000000000000000056e-01,1.000000000000000056e-01,9.378136399448607108e+00,1.000000000000000056e-01,1.000000000000000000e+01,0.000000000000000000e+00,0.000000000000000000e+00,7.900000000000000355e+00,4.000000000000000000e+00,1.499999999999999944e-01
1.000000000000000000e+01,1.000000000000000056e-01,8.761979515421451481e+00,1.000000000000000056e-01,1.000000000000000000e+01,0.000000000000000000e+00,0.000000000000000000e+00,7.900000000000000355e+00,4.000000000000000000e+00,1.499999999999999944e-01
1.000000000000000000e+01,1.000000000000000056e-01,9.032591812808451692e+00,1.000000000000000056e-01,1.000000000000000000e+01,0.000000000000000000e+00,0.000000000000000000e+00,7.900000000000000355e+00,4.000000000000000000e+00,1.499999999999999944e-01
9.993974621023681948e+00,1.000000000000000056e-01,9.472589501264726763e+00,1.000000000000000056e-01,1.000000000000000056e-01,0.000000000000000000e+00,0.000000000000000000e+00,7.900000000000000355e+00,4.000000000000000000e+00,2.500000000000000000e-01
9.983647850903730969e+00,1.000000000000000056e-01,1.000000000000000000e+01,1.000000000000000056e-01,1.000000000000000056e-01,1.230840025327181175e-01,1.823150160655583052e-01,7.898562011566785834e+00,4.000000000000000000e+00,2.500000000000000000e-01
1.000000000000000000e+01,1.000000000000000056e-01,8.999545827539726872e+00,1.000000000000000056e-01,1.000000000000000056e-01,0.000000000000000000e+00,0.000000000000000000e+00,7.900000000000000355e+00,4.000000000000000000e+00,2.500000000000000000e-01
1.000000000000000000e+01,1.000000000000000056e-01,7.488953370111495644e+00,1.000000000000000056e-01,1.000000000000000056e-01,0.000000000000000000e+00,1.539450216921274261e-01,7.900000000000000355e+00,4.000000000000000000e+00,2.500000000000000000e-01
1.000000000000000000e+01,1.018332093281718725e-01,7.725582000044097342e+00,1.000000000000000056e-01,1.000000000000000056e-01,0.000000000000000000e+00,0.000000000000000000e+00,7.900000000000000355e+00,4.000000000000000000e+00,2.500000000000000000e-01
1.000000000000000000e+01,1.000000000000000056e-01,7.351524112255651389e+00,1.000000000000000056e-01,1.000000000000000056e-01,5.642496863721507827e-02,1.927041897725347355e-02,7.900000000000000355e+00,4.000000000000000000e+00,2.500000000000000000e-01
9.999831336362678513e+00,1.049590620700158322e-01,8.134658650393873813e+00,1.000000000000000056e-01,1.000000000000000056e-01,0.000000000000000000e+00,1.939367946912303464e-01,7.900000000000000355e+00,4.000000000000000000e+00,2.498117379779741798e-01
1.000000000000000000e+01,1.002422039159840961e-01,6.251884170951763409e+00,1.000000000000000056e-01,1.000000000000000056e-01,9.371591597220331471e-02,1.327859806642676943e-01,7.900000000000000355e+00,4.000000000000000000e+00,2.500000000000000000e-01
9.999309056128094397e+00,1.000000000000000056e-01,8.819305360604818844e+00,1.000000000000000056e-01,1.000000000000000056e-01,1.875293599475396367e-01,2.590829838687634668e-02,7.900000000000000355e+00,4.000000000000000000e+00,2.500000000000000000e-01
9.994090180760142772e+00,1.000000000000000056e-01,6.937538131030296817e+00,1.000000000000000056e-01,1.000000000000000056e-01,1.708780132198619017e-01,0.000000000000000000e+00,7.897745576465664108e+00,4.000000000000000000e+00,2.500000000000000000e-01
1.000000000000000000e+01,1.000000000000000056e-01,7.262190281107639755e+00,1.000000000000000056e-01,1.000000000000000056e-01,1.944914794311412148e-02,7.784863830682473007e-02,7.900000000000000355e+00,4.000000000000000000e+00,2.500000000000000000e-01
9.988739787117566493e+00,1.000000000000000056e-01,6.948244024568775323e+00,1.000000000000000056e-01,1.000000000000000056e-01,2.691999714098285493e-02,1.226646561326157903e-01,7.900000000000000355e+00,4.000000000000000000e+00,2.500000000000000000e-01
9.995754775641785272e+00,1.000000000000000056e-01,6.195077530344333283e+00,1.000000000000000056e-01,1.000000000000000056e-01,3.915972651441856217e-02,1.997962736625256697e-01,7.900000000000000355e+00,4.000000000000000000e+00,2.500000000000000000e-01
1.000000000000000000e+01,1.000000000000000056e-01,6.509658431877308971e+00,1.000000000000000056e-01,1.000000000000000056e-01,1.044451855177681854e-01,1.737807962566619291e-01,7.900000000000000355e+00,4.000000000000000000e+00,2.500000000000000000e-01
9.997126337216835523e+00,1.000000000000000056e-01,7.796234228543585942e+00,1.000000000000000056e-01,1.000000000000000056e-01,1.056940177633654970e-01,1.347608619677237440e-01,7.900000000000000355e+00,4.000000000000000000e+00,2.500000000000000000e-01
1.000000000000000000e+01,1.001429657962880221e-01,5.902271898080738488e+00,1.000000000000000056e-01,1.000000000000000056e-01,7.196876228031293121e-03,0.000000000000000000e+00,7.900000000000000355e+00,4.000000000000000000e+00,2.500000000000000000e-01
1.000000000000000000e+01,1.000000000000000056e-01,8.409891723223857696e+00,1.000000000000000056e-01,1.000000000000000056e-01,5.906641148721457346e-02,1.099445684625749431e-01,7.900000000000000355e+00,4.000000000000000000e+00,2.500000000000000000e-01
1.000000000000000000e+01,1.003226831056057977e-01,5.874886849304667535e+00,1.000000000000000056e-01,1.000000000000000056e-01,4.874164924310987052e-02,1.764981891222915933e-01,7.900000000000000355e+00,4.000000000000000000e+00,2.500000000000000000e-01
1.000000000000000000e+01,1.000000000000000056e-01,5.584728867451989487e+00,1.000000000000000056e-01,1.000000000000000056e-01,3.480729393023687061e-03,1.468549207255833711e-01,7.900000000000000355e+00,4.000000000000000000e+00,2.500000000000000000e-01
1.000000000000000000e+01,1.000000000000000056e-01,8.144858795171778354e+00,1.000000000000000056e-01,1.000000000000000056e-01,7.242012150829402195e-02,5.999431445815284203e-02,7.900000000000000355e+00,4.000000000000000000e+00,2.500000000000000000e-01
1.000000000000000000e+01,1.000000000000000056e-01,5.900469581082804282e+00,1.000000000000000056e-01,1.000000000000000056e-01,5.260122738483291593e-02,1.018913037178712788e-01,7.900000000000000355e+00,4.000000000000000000e+00,2.500000000000000000e-01
1.000000000000000000e+01,1.010974748787817207e-01,6.727716407212611216e+00,1.000000000000000056e-01,1.000000000000000056e-01,0.000000000000000000e+00,5.140098798300121730e-02,7.900000000000000355e+00,4.000000000000000000e+00,2.500000000000000000e-01
1.000000000000000000e+01,1.000000000000000056e-01,5.300117972424904345e+00,1.000000000000000056e-01,1.000000000000000056e-01,6.299080055184129272e-03,0.000000000000000000e+00,7.900000000000000355e+00,4.000000000000000000e+00,2.500000000000000000e-01
1.000000000000000000e+01,1.000000000000000056e-01,8.571677285976704752e+00,1.000000000000000056e-01,1.000000000000000056e-01,6.853880150017875594e-02,1.991755952076496722e-02,7.900000000000000355e+00,4.000000000000000000e+00,2.500000000000000000e-01
1.000000000000000000e+01,1.000000000000000056e-01,4.795898415828811601e+00,1.000000000000000056e-01,1.000000000000000056e-01,3.855366296191509862e-02,6.978495962048890389e-02,7.900000000000000355e+00,4.000000000000000000e+00,2.500000000000000000e-01
1.000000000000000000e+01,1.021481600321940547e-01,5.369499311935057584e+00,1.000000000000000056e-01,1.000000000000000056e-01,0.000000000000000000e+00,7.378059915738532926e-02,7.900000000000000355e+00,4.000000000000000000e+00,2.500000000000000000e-01
1.000000000000000000e+01,1.000000000000000056e-01,5.407658677137796133e+00,1.000000000000000056e-01,1.000000000000000056e-01,2.676800265750196861e-02,1.099980126628618549e-01,7.900000000000000355e+00,4.000000000000000000e+00,2.500000000000000000e-01
1.000000000000000000e+01,1.000000000000000056e-01,6.722877736911843094e+00,1.000000000000000056e-01,1.000000000000000056e-01,4.369022857650138592e-02,1.192172774909371902e-01,7.900000000000000355e+00,4.000000000000000000e+00,2.500000000000000000e-01
1.000000000000000000e+01,1.000000000000000056e-01,9.727908721574165085e+00,1.000000000000000056e-01,1.000000000000000056e-01,4.227991011853002995e-02,6.606474101077763894e-02,7.900000000000000355e+00,4.000000000000000000e+00,2.500000000000000000e-01
1.000000000000000000e+01,1.000000000000000056e-01,4.973916079246038180e+00,1.000000000000000056e-01,1.000000000000000056e-01,7.699604357351839956e-02,1.003960632273360153e-02,7.900000000000000355e+00,4.000000000000000000e+00,2.500000000000000000e-01
1.000000000000000000e+01,1.012497949160295896e-01,4.634336231164127184e+00,1.000000000000000056e-01,1.000000000000000056e-01,2.575179217123276312e-04,3.865388203308017866e-04,7.900000000000000355e+00,4.000000000000000000e+00,2.500000000000000000e-01
1.000000000000000000e+01,1.000000000000000056e-01,5.211907813668840816e+00,1.000000000000000056e-01,1.000000000000000056e-01,1.352851047698608311e-01,1.917932492404300984e-02,7.898203694178930867e+00,4.000000000000000000e+00,2.500000000000000000e-01
1.000000000000000000e+01,1.005936689631815456e-01,4.567517293037155923e+00,1.000000000000000056e-01,1.000000000000000056e-01,1.200682895161793093e-02,4.930543711702958798e-02,7.900000000000000355e+00,4.000000000000000000e+00,2.500000000000000000e-01
1.000000000000000000e+01,1.006249047368962674e-01,5.544794732386592706e+00,1.000000000000000056e-01,1.000000000000000056e-01,4.594700069002652376e-02,4.818438040441769959e-02,7.900000000000000355e+00,4.000000000000000000e+00,2.500000000000000000e-01
1.000000000000000000e+01,1.000000000000000056e-01,5.137592469643235127e+00,1.000000000000000056e-01,1.000000000000000056e-01,1.330756685840622233e-01,2.315877055404623464e-02,7.891337163936219312e+00,4.000000000000000000e+00,2.500000000000000000e-01
1.000000000000000000e+01,1.000000000000000056e-01,5.638288498415251482e+00,1.000000000000000056e-01,1.000000000000000056e-01,6.190982253014311581e-04,4.724519117419721109e-02,7.900000000000000355e+00,4.000000000000000000e+00,2.500000000000000000e-01
9.995304045497226397e+00,1.000000000000000056e-01,9.407842873929517680e+00,1.000000000000000056e-01,1.000000000000000056e-01,0.000000000000000000e+00,0.000000000000000000e+00,7.900000000000000355e+00,4.000000000000000000e+00,2.500000000000000000e-01
1.000000000000000056e-01,1.000000000000000000e+01,9.908755903924408415e+00,1.000000000000000000e+01,9.144840924247745306e+00,0.000000000000000000e+00,0.000000000000000000e+00,7.900000000000000355e+00,3.319786596964255931e+00,1.596236847246976231e-01
9.752574981791610753e+00,1.000000000000000056e-01,9.494861668855925529e+00,1.000000000000000056e-01,2.500674271994203779e-01,0.000000000000000000e+00,0.000000000000000000e+00,5.114067624212351504e+00,4.000000000000000000e+00,1.499999999999999944e-01
1.000000000000000056e-01,1.022659352484558970e-01,9.103978096355819005e+00,1.068907377155343952e-01,1.000000000000000000e+01,0.000000000000000000e+00,3.731094667666067649e-02,7.900000000000000355e+00,4.000000000000000000e+00,2.435489342973475024e-01
7.648061174719262834e-01,1.000000000000000056e-01,8.271875701573454975e+00,1.038072109371082075e-01,9.713273501028126589e+00,3.844057100112264341e-02,0.000000000000000000e+00,7.900000000000000355e+00,3.981635957205461374e+00,1.499999999999999944e-01
3.348581308774091769e-01,1.000000000000000056e-01,8.881538066080031157e+00,1.000000000000000056e-01,1.000000000000000000e+01,0.000000000000000000e+00,0.000000000000000000e+00,7.900000000000000355e+00,3.882648445179743391e+00,1.499999999999999944e-01
9.117583086286941807e+00,4.994547913519656213e+00,6.407486185845074900e+00,9.887485226636922420e+00,1.000000000000000056e-01,0.000000000000000000e+00,0.000000000000000000e+00,7.900000000000000355e+00,2.200000000000000178e+00,1.524076366605957855e-01
6.844427846208895438e+00,1.000000000000000000e+01,7.170217578759511490e+00,9.921107192045941048e+00,1.012062885135527196e-01,8.119302431617948790e-02,1.733960359004535490e-01,7.900000000000000355e+00,2.228145456603318753e+00,1.560553786654075015e-01
9.369869934164952952e+00,1.000000000000000056e-01,6.081955390628293934e+00,1.117662301067444686e-01,1.000000000000000056e-01,5.751879822989502261e-02,1.931535458290455920e-01,7.900000000000000355e+00,3.976716890102183655e+00,2.484695478912822275e-01
3.764111807607555704e+00,1.000000000000000056e-01,8.800230362066461254e+00,1.020644469227795642e-01,9.950481161400681174e+00,1.962199948195982036e-02,0.000000000000000000e+00,7.807541290676700108e+00,4.000000000000000000e+00,1.506484175226859012e-01
1.003694966604184446e-01,1.122960382689805470e-01,6.047512296815311217e+00,1.011359857439193127e-01,8.914279009311977475e+00,0.000000000000000000e+00,2.851934761533315293e-02,7.900000000000000355e+00,4.000000000000000000e+00,2.500000000000000000e-01
9.707271294608029066e+00,1.000000000000000056e-01,1.000000000000000000e+01,1.000000000000000056e-01,1.000000000000000000e+01,0.000000000000000000e+00,3.173450316932214382e-02,7.844922403033353753e+00,2.619500692414466148e+00,1.897233100780076342e-01
1.089613916454368198e-01,6.178361885343830018e+00,6.968192454424610105e+00,1.000000000000000056e-01,9.314295632179023343e+00,1.191051104211583896e-02,1.683902959790222614e-02,7.900000000000000355e+00,4.000000000000000000e+00,2.039904323869246583e-01
8.881497103381009950e+00,1.009333101815489270e-01,1.000000000000000000e+01,1.009438624001004342e-01,9.518286342480383411e+00,0.000000000000000000e+00,2.577895754044341476e-03,7.900000000000000355e+00,3.976488403381696290e+00,1.499999999999999944e-01
8.590415663739548791e+00,1.046410246020556684e-01,1.000000000000000000e+01,1.035715755863613197e-01,8.786541950890443431e+00,0.000000000000000000e+00,8.175751502156630712e-03,7.900000000000000355e+00,3.955417358465789235e+00,1.499999999999999944e-01
1.000000000000000056e-01,1.057640075012080128e-01,9.893195279186809188e+00,1.023768427448621954e-01,9.223925048169364871e+00,0.000000000000000000e+00,7.546783853190730529e-02,7.888630481030776131e+00,3.911898243335688807e+00,2.500000000000000000e-01
9.931482600419101914e+00,1.003844023774332905e-01,8.834302533211682018e+00,1.012756346430416371e-01,9.987903426505418736e+00,0.000000000000000000e+00,0.000000000000000000e+00,7.900000000000000355e+00,3.722878825385209201e+00,1.499999999999999944e-01
5.119996197165792573e+00,3.060609512888478267e+00,4.691049881181615255e+00,2.674878941791484888e+00,1.078488696554004839e-01,4.774652124183254714e-02,0.000000000000000000e+00,7.900000000000000355e+00,3.435938408388973464e+00,1.499999999999999944e-01
9.934216293053967917e+00,1.000000000000000056e-01,1.000000000000000000e+01,1.000000000000000056e-01,1.532658994639375105e-01,1.755470601718935042e-02,0.000000000000000000e+00,5.002746111740312251e+00,3.984744397695578311e+00,1.499999999999999944e-01
1.000000000000000056e-01,1.129244024533235108e-01,9.408051298841971999e+00,1.000000000000000056e-01,9.970460372759568202e+00,0.000000000000000000e+00,0.000000000000000000e+00,7.895453952356237259e+00,4.000000000000000000e+00,2.494463684689499916e-01
1.000000000000000000e+01,1.032896658389168554e-01,5.637482452627787133e+00,1.000000000000000056e-01,1.000000000000000056e-01,2.839658058276491384e-02,9.537636144853811615e-02,7.900000000000000355e+00,3.984943028016615596e+00,2.477583828900049856e-01
9.214368340096021015e+00,6.317220224115123628e+00,9.652811664972837491e+00,3.562691367399414277e-01,1.000000000000000056e-01,5.214219416148066499e-02,0.000000000000000000e+00,7.900000000000000355e+00,2.200000000000000178e+00,1.519297461815853623e-01
3.157709177456947014e+00,7.599817855337588135e+00,6.542086426786675624e+00,5.890548823992287630e+00,1.000000000000000000e+01,3.705948165324324944e-02,6.648463181267456196e-03,7.900000000000000355e+00,2.224485583433561064e+00,1.499999999999999944e-01
8.215030127195564802e+00,7.160750283619483625e+00,6.595745202191962697e+00,9.646423401946178089e+00,1.000000000000000056e-01,1.892054652669327222e-02,0.000000000000000000e+00,7.900000000000000355e+00,2.200000000000000178e+00,1.499999999999999944e-01
8.277189737420943771e+00,1.072017096268561009e-01,9.422644582186082474e+00,1.047722876419918681e-01,8.955227505216123873e+00,8.364074605053723258e-03,1.164330559447596808e-02,7.900000000000000355e+00,3.997606547633991259e+00,1.597036656981335456e-01
1.000000000000000056e-01,1.000000000000000000e+01,9.285917542578767225e+00,9.708741986160907445e+00,9.279407649475587050e+00,1.184611694364069018e-02,0.000000000000000000e+00,7.900000000000000355e+00,2.268449853518509141e+00,1.552192493564918119e-01
1.000000000000000056e-01,1.086661677715337754e-01,7.393370455024993682e+00,1.000000000000000056e-01,9.642184638312750522e+00,1.721039262279898743e-02,5.326770764140716097e-02,7.900000000000000355e+00,3.948670250339808341e+00,2.500000000000000000e-01
1.000000000000000000e+01,1.039643675479853119e-01,7.029951513303593913e+00,1.074143119998934720e-01,1.000000000000000056e-01,4.639301191001186930e-02,2.176999278321151837e-02,7.900000000000000355e+00,3.976608648094604792e+00,2.500000000000000000e-01
1.000000000000000000e+01,1.106691827173302139e-01,5.203009260207488218e+00,1.000000000000000056e-01,1.000000000000000056e-01,0.000000000000000000e+00,1.785464057502406110e-02,7.900000000000000355e+00,3.976109431886095891e+00,2.487615774465097296e-01
1.037611642367692044e-01,1.052996067154061688e-01,1.000000000000000000e+01,1.000000000000000056e-01,9.523316880380392035e+00,0.000000000000000000e+00,0.000000000000000000e+00,7.790558163827746796e+00,3.974982622760848017e+00,2.485931413706276294e-01
1.064874588155070162e-01,2.554946477545231076e+00,7.521521226753094425e+00,1.000000000000000056e-01,1.000000000000000000e+01,0.000000000000000000e+00,0.000000000000000000e+00,7.864459453926632371e+00,3.947077286713482014e+00,1.719264056077234870e-01
3.767840616173070423e+00,3.331524028880966437e+00,4.067587158595070029e+00,2.621824803538881810e+00,1.000000000000000056e-01,3.178587225240426389e-02,0.000000000000000000e+00,7.864098288066980302e+00,2.768199422138384769e+00,1.633034469464720861e-01
1.000000000000000056e-01,1.090396268951156628e-01,7.441778261004563966e+00,1.000000000000000056e-01,1.000000000000000000e+01,5.080457242629484891e-04,0.000000000000000000e+00,7.847122481943995531e+00,3.996849909081404917e+00,2.500000000000000000e-01
1.000000000000000000e+01,1.000000000000000056e-01,9.177612828099038111e+00,1.000000000000000056e-01,9.602038908573348408e+00,0.000000000000000000e+00,5.246792251373735838e-02,7.848785400080227959e+00,3.994404991482066514e+00,1.499999999999999944e-01
7.820289108056749150e+00,8.346672876272030805e+00,9.135943845200161562e+00,7.948263788541686914e+00,1.287071490752957070e-01,2.662642835145850179e-02,0.000000000000000000e+00,7.883151569425731253e+00,2.867901812424721530e+00,1.531821457470123327e-01
1.000000000000000000e+01,1.002915010993286338e-01,4.812752895239982287e+00,1.000000000000000056e-01,1.000000000000000056e-01,8.602595166903306834e-02,1.876784839859884160e-02,7.900000000000000355e+00,3.906880595166318582e+00,2.410018259881363534e-01
1.000000000000000056e-01,1.000000000000000056e-01,9.476437818067397600e+00,1.000000000000000056e-01,1.000000000000000000e+01,0.000000000000000000e+00,1.736361468392640930e-03,7.900000000000000355e+00,3.901919141835342053e+00,1.527002261382334747e-01
1.000000000000000056e-01,1.000000000000000056e-01,7.772385789149059754e+00,8.872640895841144015e+00,1.000000000000000000e+01,5.126019986194414735e-02,2.037532621868871352e-01,7.852543799936603008e+00,2.272836217190215891e+00,2.312071661593480543e-01
1.000000000000000056e-01,1.180242828786373932e-01,4.438565336394760585e+00,1.039717697975810484e-01,9.790157324791685767e+00,2.913831549064302071e-02,4.456573181143038548e-02,7.900000000000000355e+00,4.000000000000000000e+00,2.500000000000000000e-01
4.964030600160646678e+00,5.190406888875297220e+00,6.476890572201765117e+00,4.863236247823639502e+00,1.064784344161599228e-01,8.778102469629692206e-02,2.588115964367272703e-02,7.900000000000000355e+00,2.507004063061897270e+00,1.499999999999999944e-01
9.945582945108068174e+00,1.000000000000000056e-01,7.076971241518508648e+00,1.034803753602521886e-01,1.000000000000000056e-01,1.911216805824650714e-02,1.424095937993227756e-01,7.900000000000000355e+00,3.957910357571715831e+00,2.500000000000000000e-01
2.124495847042785490e-01,1.000000000000000056e-01,1.000000000000000000e+01,1.002322137926641432e-01,8.929245366000520434e+00,1.170820922406560528e-02,2.048287107786255293e-02,7.863072894252733924e+00,3.960795656970182321e+00,1.499999999999999944e-01
9.350153218347783124e+00,1.123369822518801575e-01,1.000000000000000000e+01,1.000000000000000056e-01,9.609348566475979680e+00,0.000000000000000000e+00,9.846787327125094882e-04,7.900000000000000355e+00,3.847713604283821365e+00,1.566291556524838924e-01
9.703142128084989437e+00,9.661407390441333121e+00,8.471222880820310053e+00,5.665679940716842999e+00,1.000000000000000056e-01,2.976019204660160233e-02,0.000000000000000000e+00,7.900000000000000355e+00,2.413635555149937328e+00,1.534944896048512364e-01
1.055010735199186506e-01,1.014680696722449343e-01,8.866162177273096745e+00,1.000000000000000056e-01,1.000000000000000000e+01,0.000000000000000000e+00,0.000000000000000000e+00,7.900000000000000355e+00,4.000000000000000000e+00,2.493126026797684025e-01
1.000000000000000056e-01,1.000000000000000000e+01,8.170374512706462866e+00,4.999034602895800816e+00,8.787965272126802674e+00,0.000000000000000000e+00,2.693786367276285870e-03,7.900000000000000355e+00,3.192302549549418167e+00,1.532425244026670852e-01
1.144976984855982538e+00,1.000000000000000056e-01,9.541630193425715944e+00,1.002143308231118052e-01,8.510346430722824707e+00,1.000000000000000000e+00,1.000000000000000000e+00,7.900000000000000355e+00,4.000000000000000000e+00,2.247028083630607520e-01
1.000000000000000056e-01,1.000000000000000000e+01,6.630298744949111978e+00,5.368876767435973640e+00,9.648008281262946184e+00,1.043217178056200789e-03,0.000000000000000000e+00,7.752130891377850830e+00,2.230596297519041649e+00,1.499999999999999944e-01
1.000000000000000056e-01,1.000000000000000056e-01,8.879252695762136938e+00,2.318955579390719723e+00,9.488291939512162543e+00,6.321116225276317280e-02,1.027528493839437521e-02,7.817368289481055221e+00,2.369849457556379768e+00,1.499999999999999944e-01
1.000000000000000056e-01,5.000027336995703564e+00,9.163155641515906780e+00,8.440506839808392670e+00,9.488836506335186272e+00,1.155257700850405647e-02,0.000000000000000000e+00,7.900000000000000355e+00,3.833784071108039093e+00,1.530163928435781806e-01
9.832131414320965490e+00,1.000000000000000056e-01,9.345374314451433406e+00,1.000000000000000056e-01,9.555885845990147232e+00,0.000000000000000000e+00,3.533133648949708661e-02,7.820104903503191096e+00,3.706693072160081481e+00,1.524051904461822260e-01
1.000000000000000000e+01,1.017860898936514824e-01,8.005251365675951192e+00,1.049544437309676559e-01,1.000000000000000056e-01,1.036308329057276101e-01,1.291658276775595193e-01,7.900000000000000355e+00,3.973223535496456904e+00,2.500000000000000000e-01
4.985624586220694709e+00,5.297819357305866284e+00,5.334856541414054298e+00,3.082742487424660283e+00,1.000000000000000056e-01,6.632710341176667468e-02,2.018200027162235510e-02,7.827310065338756395e+00,3.219154823042400526e+00,1.539674578437841557e-01
9.369483449879620451e+00,2.771973612333991976e+00,9.754991463819832731e+00,9.390838254502465787e+00,1.039990728599609338e-01,0.000000000000000000e+00,0.000000000000000000e+00,7.747792140681212025e+00,2.269103340772849808e+00,1.549164095722566359e-01
1.085296364758184806e-01,1.000000000000000056e-01,5.299840277358812912e+00,1.000000000000000056e-01,9.936578141313395562e+00,2.001519770230402936e-02,2.549507092520657270e-02,7.762191059305185270e+00,3.998377031227775102e+00,2.500000000000000000e-01
4.112585234779863264e+00,4.005594303952640267e+00,4.635929459912900619e+00,2.357504143086926796e+00,1.000000000000000056e-01,0.000000000000000000e+00,0.000000000000000000e+00,7.832364153322337152e+00,3.897972414739296898e+00,1.515375294813674500e-01
1.000000000000000000e+01,1.000000000000000056e-01,1.000000000000000000e+01,1.000000000000000056e-01,9.730164014778006631e+00,1.108601839355854296e-02,5.545322611097650012e-03,7.708797793847584678e+00,2.553390523557518943e+00,2.254484961849881342e-01
1.144347877699802174e+00,1.000000000000000056e-01,8.605238275613757537e+00,1.000000000000000056e-01,9.408925686915619480e+00,2.273062254389687509e-01,6.280129133630581173e-02,7.900000000000000355e+00,3.846208718938636473e+00,1.565270171872555904e-01
7.488725450033363096e+00,1.000000000000000056e-01,8.504305734512659143e+00,1.000000000000000056e-01,9.637304719889046467e+00,0.000000000000000000e+00,2.525192872730458102e-02,7.900000000000000355e+00,4.000000000000000000e+00,1.562442941195280599e-01
1.011981693044246566e-01,1.017943654773868917e-01,8.413513066302892085e+00,1.136357890820090255e-01,1.000000000000000000e+01,0.000000000000000000e+00,1.010706970717244052e-01,7.900000000000000355e+00,3.940371982142173657e+00,2.500000000000000000e-01
9.502787560837722580e+00,4.188141509978896337e+00,7.346838230195166020e+00,1.888014337084862548e+00,1.000000000000000000e+01,1.138144520308348034e-01,0.000000000000000000e+00,7.734339996942803275e+00,2.232551295312511286e+00,1.542274895675384283e-01
1.032960521636495654e-01,7.987384893779370110e+00,9.065909452292286730e+00,4.292481619270974491e+00,1.000000000000000000e+01,5.387692294627152885e-03,1.028913668122876796e-01,7.900000000000000355e+00,4.000000000000000000e+00,1.898333057539386137e-01
2.318025493928503045e-01,1.000000000000000056e-01,1.000000000000000000e+01,1.004075232736025697e-01,1.000000000000000000e+01,0.000000000000000000e+00,0.000000000000000000e+00,7.885065799427247057e+00,3.956034726476434837e+00,1.499999999999999944e-01
1.000000000000000000e+01,1.000000000000000056e-01,8.827560114363162569e+00,1.028677379276433518e-01,1.011664853793379226e-01,4.961631163532234656e-02,1.312399456556468946e-01,7.822953112177854607e+00,3.953768211165111346e+00,2.459302914957254282e-01
7.781988668414912880e+00,1.352218918160593475e+00,7.106516790826601593e+00,1.000000000000000056e-01,1.000000000000000056e-01,4.245761412969372567e-02,0.000000000000000000e+00,7.900000000000000355e+00,2.448011283477693034e+00,1.499999999999999944e-01
1.000000000000000056e-01,9.900761262062152568e+00,6.660491937684812846e+00,7.106866701663028252e+00,1.000000000000000000e+01,2.824105459429008050e-02,9.813421509332298509e-02,7.758555605415627276e+00,2.261057371348532019e+00,1.524021127468683234e-01
1.028848406904994406e-01,5.615395043441244738e+00,9.554938112111200255e+00,8.331750289993523850e+00,9.657036416504038101e+00,0.000000000000000000e+00,0.000000000000000000e+00,7.783316378744428832e+00,2.901493095389529930e+00,1.499999999999999944e-01
1.047255819724930981e-01,1.000000000000000000e+01,5.481482726354909296e+00,2.496585715851580733e+00,6.221294170475770713e+00,1.758978668793455546e-01,4.720964303034820564e-02,7.891775510506997549e+00,2.273108330069664618e+00,1.499999999999999944e-01
1.105549542124697471e-01,2.144472930244714082e-01,9.542920751208091801e+00,1.000000000000000056e-01,9.877534173492739100e+00,2.307149900957158883e-01,4.333285054324478164e-02,7.900000000000000355e+00,4.000000000000000000e+00,2.487022385846644756e-01
9.741674626714955210e+00,1.000000000000000056e-01,9.399722550052182157e+00,1.000000000000000056e-01,9.346020503606899510e+00,7.888345498758671248e-03,8.097925694805109542e-02,7.865225316770328767e+00,4.000000000000000000e+00,2.035195732906140142e-01
1.054730649064551246e-01,1.000000000000000056e-01,7.951853755222278330e+00,6.665807841696097746e+00,9.890314846433241769e+00,0.000000000000000000e+00,0.000000000000000000e+00,7.899269843098979393e+00,2.581726948976339031e+00,2.430369268298192553e-01
1.072617684345933270e-01,1.082742859209999547e-01,8.142138411918692142e+00,9.329494723004131629e+00,7.146404244650942594e+00,4.050984028649123186e-02,1.623980476706728404e-01,7.814297331914098699e+00,2.273662324311040983e+00,1.562730747063591219e-01
8.327880973336270198e-01,1.000000000000000056e-01,8.773519203012249079e+00,1.000000000000000056e-01,1.000000000000000000e+01,1.339244309737643371e-02,0.000000000000000000e+00,7.900000000000000355e+00,4.000000000000000000e+00,1.499999999999999944e-01
1.064285084605740561e-01,4.522677750413969022e+00,1.000000000000000000e+01,2.415803030372586147e+00,1.000000000000000000e+01,3.332747933161960691e-02,3.455404355796883736e-02,7.900000000000000355e+00,3.990868815759880839e+00,2.020910000974325826e-01
1.062596299630239882e-01,8.615689095990765267e+00,1.000000000000000000e+01,1.000000000000000000e+01,1.000000000000000000e+01,1.080887482340135361e-02,0.000000000000000000e+00,7.746720847316686864e+00,3.950024696557329573e+00,1.499999999999999944e-01
9.945244134654419810e+00,1.000000000000000056e-01,1.000000000000000000e+01,1.097591772493024670e-01,1.220200164688092781e-01,0.000000000000000000e+00,8.906699489976258044e-02,6.291760223208773262e+00,4.000000000000000000e+00,1.539351491144886064e-01
9.500322093758109432e+00,1.000000000000000056e-01,6.667085267955100925e+00,1.114886742462525560e-01,1.000000000000000056e-01,1.553834444129166548e-02,6.241628348353782385e-02,7.900000000000000355e+00,3.980308031918819101e+00,2.474422238293066123e-01
1.031292731908728388e-01,8.338321757314524518e+00,8.549182595886419378e+00,9.527295466804979185e+00,7.848730768480657538e+00,0.000000000000000000e+00,0.000000000000000000e+00,7.775035661756754202e+00,2.449878443086458191e+00,1.499999999999999944e-01
1.000000000000000000e+01,5.452561601227685628e+00,9.127267463105029677e+00,3.448378083928111404e-01,1.012757456536808320e-01,3.676135108267354623e-02,0.000000000000000000e+00,7.900000000000000355e+00,2.217866856728384128e+00,1.499999999999999944e-01
1.000000000000000056e-01,1.070187217100161403e-01,5.804319419438870753e+00,1.007263991963150557e-01,1.000000000000000000e+01,0.000000000000000000e+00,2.926585759925721952e-02,7.872635757830244607e+00,3.952183600558098586e+00,2.460864337489368781e-01
1.015856819294817942e-01,9.158550872063393911e+00,9.035763798496450505e+00,9.839869314061797212e+00,9.428291302317699518e+00,4.646471248181988090e-02,2.736735132961030936e-02,7.899643821160316826e+00,2.226867772463381190e+00,1.533293884930682083e-01
6.031923920980314380e-01,9.631678677959433443e+00,6.175625218765399715e+00,8.559920848103930169e+00,5.151676802141836653e+00,9.886899486124597347e-01,1.000000000000000000e+00,7.900000000000000355e+00,2.255136235592003935e+00,1.530042311703275204e-01
5.943733034676200511e+00,6.941701323470455876e+00,7.354868724895633036e+00,6.802915378284155601e+00,1.011736110777519820e-01,4.999503270194512183e-02,1.780806410140422721e-02,7.900000000000000355e+00,2.556969920909176963e+00,1.541497851853524670e-01
1.000000000000000056e-01,3.020358718714055257e+00,5.312374946629711658e+00,6.596000778255826091e+00,8.562401167121972634e+00,1.864839807221956303e-01,1.087375644381439327e-01,7.900000000000000355e+00,2.200000000000000178e+00,1.499999999999999944e-01
3.869717195797366394e-01,4.324825270135109534e+00,8.969378920821224455e+00,2.612936926114554304e+00,9.122476111005692445e+00,6.628654985121602561e-01,6.306781984551609321e-01,7.900000000000000355e+00,3.874043692062936639e+00,1.499999999999999944e-01
1.020118036667364558e-01,1.078263549877229582e-01,8.534958425673737636e+00,1.000000000000000056e-01,1.000000000000000000e+01,0.000000000000000000e+00,0.000000000000000000e+00,7.900000000000000355e+00,3.990567854440176809e+00,1.499999999999999944e-01
1.000000000000000000e+01,1.018585098565162189e-01,4.917441071940602093e+00,1.000000000000000056e-01,1.020098686880956118e-01,1.296104980563505538e-01,6.314614960747284844e-02,7.900000000000000355e+00,4.000000000000000000e+00,2.500000000000000000e-01
1.000000000000000000e+01,9.993134838276660048e+00,9.474626167953806188e+00,1.000000000000000000e+01,1.000000000000000056e-01,1.789966300789519850e-03,0.000000000000000000e+00,7.900000000000000355e+00,2.322022908376682793e+00,1.569540707970454030e-01
3.173062678706098261e+00,1.000000000000000056e-01,7.025127600757852697e+00,1.064645543827429930e-01,1.000000000000000000e+01,3.136134528604427735e-02,0.000000000000000000e+00,7.765979768748009882e+00,4.000000000000000000e+00,1.563369938306117812e-01
1.052357316680804011e+00,1.055250270978637384e-01,1.000000000000000000e+01,1.000000000000000056e-01,3.363125613798838121e+00,0.000000000000000000e+00,0.000000000000000000e+00,7.900000000000000355e+00,4.000000000000000000e+00,2.265157871776265486e-01
2.777811164220890028e+00,1.000000000000000056e-01,8.357470142507505528e+00,1.048314525550819720e-01,9.604316494441379248e+00,1.595421372075574509e-02,1.607431458964514101e-02,7.886163824485865170e+00,4.000000000000000000e+00,1.577744315176773382e-01
4.317006738048854153e+00,7.564461107803866824e+00,7.624018507840083281e+00,8.908321456249026937e+00,1.000000000000000000e+01,5.021562498452260617e-03,0.000000000000000000e+00,7.860085002269806331e+00,2.200000000000000178e+00,1.555193475458279129e-01
1.000000000000000000e+01,4.642895555692513554e+00,9.622782240105685503e+00,9.261490657980852248e+00,9.502152631182124054e+00,0.000000000000000000e+00,0.000000000000000000e+00,7.844888935706887167e+00,2.200000000000000178e+00,1.500021813354886213e-01
1.000000000000000000e+01,1.028146771325181286e-01,9.367250681289213787e+00,1.382084813350708541e-01,1.000000000000000056e-01,0.000000000000000000e+00,5.429585233061060001e-02,5.813037023807046566e+00,4.000000000000000000e+00,1.610230003187325676e-01
1.000000000000000056e-01,1.049330631958516336e-01,9.905630955714009644e+00,1.000000000000000056e-01,9.340480340372440793e+00,0.000000000000000000e+00,7.407175164952123358e-03,7.765805267088786046e+00,4.000000000000000000e+00,1.542690254526604132e-01
9.822458705305900040e+00,1.000000000000000056e-01,5.084392631896882619e+00,1.049942178668631931e-01,1.099002604098811009e-01,0.000000000000000000e+00,0.000000000000000000e+00,7.880124996869346532e+00,3.906956337633047394e+00,2.484539661812647238e-01
9.649616979745425649e-01,1.000000000000000056e-01,8.063640382536760853e+00,1.000000000000000056e-01,1.000000000000000000e+01,3.141642341193149474e-02,0.000000000000000000e+00,7.900000000000000355e+00,4.000000000000000000e+00,1.510499447390334371e-01
1.047648958293880689e-01,1.097767811009557892e-01,8.092721773279674125e+00,1.000000000000000056e-01,1.000000000000000000e+01,0.000000000000000000e+00,0.000000000000000000e+00,7.900000000000000355e+00,3.937859949465910336e+00,2.500000000000000000e-01
5.775544464259579902e-01,1.000000000000000056e-01,9.609144017981098074e+00,1.005202098169158398e-01,3.693090805895327566e+00,0.000000000000000000e+00,0.000000000000000000e+00,7.843243541314132372e+00,4.000000000000000000e+00,2.260681476697836423e-01
9.519745963991608662e+00,1.000000000000000056e-01,8.856219404890387281e+00,1.000000000000000056e-01,1.000000000000000000e+01,3.104674062911352752e-03,3.082932080116833340e-02,7.900000000000000355e+00,2.731702290249346632e+00,2.463485288578461385e-01
8.426025550771271355e+00,6.518170935533622590e+00,6.797226816653060943e+00,9.970631899690506117e+00,1.016191585128692759e-01,3.707717148152484682e-02,0.000000000000000000e+00,7.768408832024642940e+00,2.207851679859424543e+00,1.560272699025851140e-01
9.595033675461204226e+00,1.000000000000000056e-01,5.161748307126464042e+00,1.053639012107776551e-01,1.040067714312195302e-01,6.004009487483721874e-02,7.929479086140811539e-02,7.685345312107823901e+00,3.053242645853345039e+00,2.369376713010262758e-01
2.525739108062136307e+00,1.000000000000000056e-01,7.433929517214129312e+00,1.000000000000000056e-01,9.793036573573543180e+00,8.151368543399446082e-03,2.371064159935994120e-02,7.863824136247630214e+00,4.000000000000000000e+00,1.512670584815649921e-01
3.092612448233015288e-01,1.067506371433782353e-01,9.186982792988628077e+00,1.017803433690284420e-01,1.000000000000000000e+01,6.433581176672605213e-03,0.000000000000000000e+00,7.872619255447988351e+00,4.000000000000000000e+00,1.499999999999999944e-01
1.006806021569453674e-01,1.104876366456613301e-01,9.028486415816447064e+00,1.000000000000000000e+01,8.934979760764978352e+00,9.020932713522700208e-02,2.258301298487832010e-01,7.873215812601912056e+00,2.200000000000000178e+00,1.762569564931454613e-01
1.503996020780653531e-01,1.000000000000000056e-01,9.225622546056438722e+00,1.020708113540511192e-01,9.941812170133466964e+00,9.824856450550485398e-01,9.705501541010636002e-01,7.900000000000000355e+00,3.985857006560838744e+00,2.446152624278045418e-01
1.000000000000000056e-01,1.000000000000000056e-01,1.000000000000000000e+01,1.000000000000000056e-01,9.748493589973849183e+00,3.059498325369165023e-02,1.732570409089188856e-02,7.858427210944090469e+00,3.968265155585254167e+00,2.283659205589824437e-01
1.000000000000000000e+01,1.000000000000000056e-01,9.009453830300776289e+00,1.008929303203413008e-01,1.000000000000000000e+01,7.718013048926292141e-02,5.826199855292248792e-02,7.900000000000000355e+00,4.000000000000000000e+00,1.576027398439769356e-01
3.524756890601119963e+00,3.895856751875836022e+00,4.233449555450312651e+00,2.933179694681029126e+00,1.000000000000000056e-01,0.000000000000000000e+00,0.000000000000000000e+00,7.880629587818543058e+00,3.928414448977090245e+00,1.518592138827860316e-01
1.060420877230119907e-01,1.000000000000000056e-01,1.000000000000000000e+01,1.028726210510936129e-01,1.000000000000000000e+01,0.000000000000000000e+00,0.000000000000000000e+00,7.900000000000000355e+00,3.924559461322978393e+00,2.500000000000000000e-01
1.055886533361971857e-01,1.000000000000000056e-01,6.581812110220539580e+00,1.000000000000000056e-01,1.000000000000000000e+01,0.000000000000000000e+00,0.000000000000000000e+00,7.900000000000000355e+00,3.954063586466149971e+00,2.469240816950844242e-01
1.000000000000000056e-01,1.000000000000000056e-01,7.834057741454635959e+00,1.000000000000000056e-01,9.822374052644535780e+00,2.228989111203531857e-03,0.000000000000000000e+00,7.881997606321285765e+00,3.927071836296266216e+00,2.500000000000000000e-01
1.000000000000000000e+01,1.018787946489796425e-01,1.000000000000000000e+01,1.071896175531683870e-01,4.084068179140101784e-01,1.000349319358089135e-02,8.333727308978352427e-03,6.759303349735517941e+00,4.000000000000000000e+00,1.505475938663591862e-01
9.433827364879709521e+00,1.055958879868255651e-01,5.173994118046316260e+00,1.001054966662090345e-01,1.061520271365871404e-01,0.000000000000000000e+00,4.171446713347611024e-02,7.637656582662694760e+00,3.775278494552485320e+00,1.499999999999999944e-01
9.793894405530940261e+00,1.000000000000000056e-01,4.856740962077505941e+00,1.000347191336572322e-01,1.000000000000000056e-01,0.000000000000000000e+00,6.465646971408642307e-02,7.821479931769512284e+00,3.686999243488908284e+00,1.499999999999999944e-01
1.000000000000000056e-01,1.000000000000000000e+01,6.003263466893337785e+00,5.306806451965769611e+00,9.861818751822269746e+00,7.301456910530450262e-02,1.379149126549385554e-02,7.830619878115008703e+00,2.386953467454559163e+00,1.499999999999999944e-01
1.000000000000000000e+01,1.003553018039901740e-01,9.253206358277200394e+00,1.031931536644919573e-01,9.985470715734532376e+00,0.000000000000000000e+00,0.000000000000000000e+00,7.900000000000000355e+00,2.715935846161548817e+00,2.327489892996712773e-01
7.558940727835003592e+00,1.000000000000000056e-01,8.483109425057879349e+00,1.000000000000000056e-01,1.000000000000000000e+01,7.273768172055186838e-03,0.000000000000000000e+00,7.900000000000000355e+00,3.930969828882395323e+00,1.528465748292176241e-01
1.000000000000000056e-01,6.043171884887932777e+00,9.933807022775400952e+00,8.870953170622449591e+00,9.222266694203005599e+00,2.048046052206156653e-02,5.079237174898295834e-03,7.900000000000000355e+00,2.825270108731622987e+00,1.588117060487385934e-01
1.003028612267554964e-01,1.036780174907444563e-01,7.646488006998506393e+00,1.593818495227906196e+00,1.000000000000000000e+01,7.437363594626318353e-01,7.371847182973370050e-01,7.900000000000000355e+00,4.000000000000000000e+00,2.034435604337764547e-01
8.544683058620027083e+00,1.038144432180984067e-01,9.343258929463935658e+00,1.015121821568329419e-01,1.000000000000000056e-01,6.660232215879785533e-02,9.559224584380016099e-02,5.778710892630199325e+00,3.844972734617274845e+00,1.499999999999999944e-01
1.042359728891137510e-01,7.127350878960708513e+00,1.000000000000000000e+01,3.569350924280806581e+00,7.236279651450429284e+00,0.000000000000000000e+00,1.236968884734832887e-02,7.900000000000000355e+00,2.608172116094111370e+00,1.499999999999999944e-01
3.420151782576806632e+00,1.047202595641501671e-01,1.000000000000000000e+01,1.000000000000000056e-01,9.431080088688023721e+00,0.000000000000000000e+00,0.000000000000000000e+00,7.900000000000000355e+00,4.000000000000000000e+00,1.499999999999999944e-01
1.000000000000000000e+01,1.000000000000000056e-01,7.469473389942405284e+00,1.037548492554873358e-01,1.011236534101075252e-01,1.478100039724192238e-03,8.963277518940322708e-02,7.900000000000000355e+00,3.892309559539179453e+00,2.472364466024655760e-01
4.295470806441902489e+00,9.587477195517287498e+00,6.176551522512472303e+00,3.441038058837119884e+00,9.763268704775340368e+00,1.267356987182036709e-01,1.294193681894568321e-02,7.900000000000000355e+00,2.248562494246919119e+00,1.581870134144739981e-01
1.012468302923934388e-01,1.000000000000000056e-01,9.870517508023455733e+00,1.020885763564499255e-01,1.000000000000000000e+01,3.674913290715411257e-02,3.530923052360237374e-02,7.900000000000000355e+00,3.933863924040362559e+00,1.582544668808338051e-01
8.610512988862771167e+00,1.000000000000000056e-01,6.608243154034762590e+00,1.011728283894599845e-01,1.060484545189576411e-01,1.021867312420264712e-01,1.940967081718118492e-01,7.884483308429186543e+00,4.000000000000000000e+00,2.500000000000000000e-01
1.000000000000000000e+01,3.897285240557410102e+00,1.000000000000000000e+01,2.904424657130857956e-01,1.000000000000000056e-01,0.000000000000000000e+00,2.417124053624469804e-02,7.864192107447626867e+00,2.314987705851556665e+00,1.550196327751570124e-01
8.724620554782585025e-01,1.000000000000000056e-01,8.852317738684199355e+00,1.074505559051015524e-01,9.719696526950643900e+00,9.002956992878079559e-03,0.000000000000000000e+00,7.900000000000000355e+00,3.888069956853285269e+00,1.499999999999999944e-01
1.000000000000000056e-01,9.712228843783581311e+00,8.806135963995147975e+00,9.792440721639742662e+00,9.080244758475128464e+00,7.416644380352677146e-02,6.789773013758439169e-02,7.607563197848051573e+00,3.146957029185302179e+00,1.566565245097140124e-01
1.965046504068611033e-01,3.479133567384162351e+00,1.000000000000000000e+01,1.019809370562580614e-01,9.781602060545729671e+00,1.000000000000000000e+00,9.736032823819896764e-01,7.900000000000000355e+00,3.974227165224239577e+00,1.809158485747518197e-01
9.384443452032000366e+00,7.872301299563137178e+00,8.365387142420161126e+00,9.459052117210077881e+00,1.000000000000000000e+01,5.465376362480406890e-03,4.582425937855716391e-02,7.732734583656018401e+00,2.200000000000000178e+00,1.499999999999999944e-01
1.000000000000000056e-01,9.915845022425255451e+00,7.069370258265408324e+00,1.000000000000000000e+01,6.782545682568992262e+00,8.801371347985191551e-02,1.667433030395919502e-01,7.862319557045001517e+00,2.200000000000000178e+00,1.499999999999999944e-01
1.181994206912848899e-01,1.000000000000000056e-01,1.000000000000000000e+01,1.000000000000000056e-01,1.000000000000000000e+01,1.712946877094256859e-02,0.000000000000000000e+00,7.900000000000000355e+00,4.000000000000000000e+00,2.479900071860643984e-01
1.000000000000000000e+01,5.530810913842344689e+00,7.521658959801853506e+00,9.173220382051711752e+00,1.053833863708300705e-01,0.000000000000000000e+00,1.486816686281657550e-02,7.760440754353383319e+00,2.200000000000000178e+00,1.654095176796969990e-01
1.000000000000000000e+01,5.953615703491064171e-01,1.000000000000000000e+01,9.586209401800328322e+00,1.000000000000000056e-01,2.606994779993107580e-02,1.634297964810904830e-04,7.900000000000000355e+00,2.261008161826182583e+00,1.541536416288156186e-01
1.000000000000000056e-01,1.000000000000000000e+01,8.069569712200049594e+00,5.099536090689525736e+00,8.790092781770511010e+00,0.000000000000000000e+00,0.000000000000000000e+00,7.900000000000000355e+00,3.079031053780895366e+00,1.499999999999999944e-01
1.707744048110631185e+00,8.686909501211596663e+00,7.962472263623618929e+00,5.573273138157174067e+00,6.289068977271248251e+00,7.872045303718665510e-01,8.022366920171034588e-01,7.900000000000000355e+00,2.693408611495623717e+00,1.499999999999999944e-01
9.605253524454068881e+00,9.063837321966710547e+00,8.252608241412247025e+00,1.000000000000000000e+01,1.229099363381865873e-01,0.000000000000000000e+00,0.000000000000000000e+00,7.900000000000000355e+00,2.997734160958466010e+00,1.499999999999999944e-01
1.028034817038019216e-01,3.501111621146955510e+00,1.000000000000000000e+01,8.141324882810028640e+00,1.000000000000000000e+01,5.832955605657537054e-03,1.985899398966017837e-06,6.722655181793162349e+00,3.940810343597686671e+00,1.499999999999999944e-01
1.683105679127052667e+00,1.000000000000000056e-01,8.704059734197363341e+00,1.045366091822614030e-01,1.000000000000000000e+01,1.793789796573439649e-02,4.139446997250996810e-03,7.788294545034007754e+00,4.000000000000000000e+00,1.499999999999999944e-01
5.629147719716685039e-01,9.385963091090442134e+00,7.835620935896791650e+00,5.653452624896907253e+00,6.119678312087128980e+00,5.716947650456866148e-01,5.617392343969999091e-01,7.709315807909887575e+00,2.247178974172284960e+00,1.536457220264506596e-01
1.694259896535645904e-01,1.042180048146911231e-01,9.931794819266855257e+00,1.000000000000000056e-01,9.977089390698942850e+00,1.000000000000000000e+00,9.831735795940532707e-01,7.900000000000000355e+00,4.000000000000000000e+00,2.429760869137248258e-01
1.000000000000000056e-01,1.000000000000000000e+01,9.590232578889919424e+00,1.000000000000000000e+01,1.000000000000000000e+01,3.167872807727541845e-02,0.000000000000000000e+00,7.723018966676455932e+00,3.145120665276188721e+00,1.499999999999999944e-01
1.000000000000000056e-01,9.017999064618411609e+00,5.884935151252405738e+00,5.672453479687863620e+00,1.000000000000000000e+01,9.697567581040118789e-02,0.000000000000000000e+00,7.772867974791157764e+00,2.200000000000000178e+00,1.499999999999999944e-01
8.731406179532342549e+00,1.000000000000000056e-01,7.865621256688286600e+00,1.081422308851708591e-01,1.000000000000000056e-01,6.029763914662276958e-02,5.508727002003147369e-03,7.688789219716917422e+00,3.858293106613551515e+00,2.500000000000000000e-01
1.000000000000000000e+01,5.817473895655699501e+00,8.433354082391620210e+00,9.923759917188691659e+00,1.063526362506617001e-01,0.000000000000000000e+00,1.702599398671063649e-02,7.900000000000000355e+00,2.391732890815136070e+00,1.499999999999999944e-01
1.042368861823546045e-01,2.896245425688613206e+00,9.792354436563153186e+00,1.000000000000000056e-01,1.000000000000000000e+01,1.758196143601882810e-01,3.596558169660231397e-02,7.899339348934480753e+00,3.977568620596632520e+00,2.393292672756437978e-01
1.000000000000000056e-01,1.048271895413420279e-01,1.000000000000000000e+01,1.000000000000000056e-01,1.000000000000000000e+01,2.860344985011735799e-02,0.000000000000000000e+00,7.900000000000000355e+00,4.000000000000000000e+00,2.124732866156505973e-01
1.000000000000000056e-01,9.967611098995742935e+00,6.973949914511715420e+00,5.238724012129229557e+00,1.000000000000000000e+01,8.950139215836894202e-02,0.000000000000000000e+00,7.843464407547927841e+00,2.226978713634220064e+00,1.543075564421370616e-01
1.000000000000000000e+01,1.000000000000000056e-01,5.611666894756057289e+00,1.098262709356643968e-01,1.000000000000000056e-01,1.135869816181843579e-02,0.000000000000000000e+00,7.900000000000000355e+00,2.621638147719834055e+00,1.499999999999999944e-01
9.917018896910482439e+00,1.017027969954719113e-01,8.990318654839526857e+00,1.000000000000000056e-01,9.486106723092822435e+00,5.050460588182859728e-03,0.000000000000000000e+00,7.809476744949762406e+00,3.391176642426856347e+00,1.647939238960950403e-01
1.000000000000000056e-01,9.588224791144668302e+00,6.137007139592295601e+00,9.982437075469551502e+00,7.987100646506053003e+00,2.517488719486834364e-02,7.498924246827438911e-02,7.900000000000000355e+00,2.200000000000000178e+00,1.499999999999999944e-01
1.000000000000000056e-01,1.058898265308643033e-01,8.496606650150111406e+00,1.066248502002797027e-01,8.778924215330498271e+00,1.125816857499788506e-02,1.933992848374273960e-02,7.900000000000000355e+00,3.927350104243354068e+00,1.575909337723646886e-01
1.000000000000000056e-01,1.067275466690008057e-01,6.079286521454021930e+00,1.000000000000000056e-01,1.000000000000000000e+01,6.728609302832164706e-03,0.000000000000000000e+00,7.900000000000000355e+00,3.926715460035016925e+00,2.448774398338451896e-01
8.132978026797855975e+00,1.822471759317999318e+00,9.237299411206619126e+00,8.991644886950826532e+00,1.026671410369425080e-01,0.000000000000000000e+00,5.606567133347184657e-03,7.861629927969007170e+00,2.200000000000000178e+00,1.499999999999999944e-01
9.884838776206049005e+00,1.000000000000000056e-01,1.000000000000000000e+01,1.000000000000000056e-01,3.478135758086031704e-01,0.000000000000000000e+00,0.000000000000000000e+00,4.865764294026090120e+00,4.000000000000000000e+00,1.562601514582499240e-01
1.000000000000000056e-01,1.000000000000000056e-01,7.842641789375961459e+00,1.000000000000000056e-01,1.000000000000000000e+01,1.263285295376193919e-02,0.000000000000000000e+00,7.900000000000000355e+00,4.000000000000000000e+00,2.500000000000000000e-01
1.031587702359921394e-01,5.285445104413178719e+00,7.582349223332974120e+00,1.000000000000000056e-01,1.000000000000000000e+01,1.054761006135091113e-02,0.000000000000000000e+00,7.900000000000000355e+00,3.954891669901923201e+00,1.684267001643798556e-01
1.000000000000000000e+01,1.000000000000000056e-01,6.145026357493088121e+00,1.000000000000000056e-01,1.082540848613533085e-01,4.887451791533657663e-02,6.469031924215398743e-02,7.850985693800923038e+00,3.942612522783859763e+00,2.500000000000000000e-01
9.519672020117504019e+00,1.000000000000000056e-01,5.319025122120479843e+00,1.014403728694957957e-01,1.094014221155452243e-01,2.903394290004228731e-02,0.000000000000000000e+00,7.886465054186137635e+00,4.000000000000000000e+00,2.500000000000000000e-01
8.899558327997862506e+00,1.000000000000000056e-01,1.000000000000000000e+01,1.028298469245066959e-01,1.000000000000000000e+01,0.000000000000000000e+00,0.000000000000000000e+00,7.900000000000000355e+00,3.190887162569505442e+00,1.932813740761515076e-01
2.134434329128333641e+00,1.000000000000000056e-01,7.330006184613425013e+00,1.000000000000000056e-01,1.000000000000000000e+01,1.408236261252932865e-02,0.000000000000000000e+00,7.900000000000000355e+00,4.000000000000000000e+00,1.578700228615055878e-01
1.035966890053868772e-01,1.000000000000000000e+01,8.546632469941345178e+00,5.258065820995502015e+00,7.218325951692800224e+00,0.000000000000000000e+00,2.394091310433630118e-02,7.772551766768925674e+00,3.525261177310955230e+00,1.538503669799406171e-01
1.078911022775044248e-01,1.977037745023962345e-01,8.806739989710106187e+00,3.062424213801709372e-01,9.845857062865119858e+00,1.359520572265879128e-02,4.904993712275651507e-02,7.617228185613465818e+00,4.000000000000000000e+00,2.059910667584772814e-01
9.383787220676197194e+00,1.000000000000000056e-01,8.243644204448223434e+00,1.004905288732565877e-01,1.000000000000000000e+01,0.000000000000000000e+00,0.000000000000000000e+00,7.900000000000000355e+00,3.620181495901436897e+00,1.499999999999999944e-01
1.000000000000000056e-01,9.931850007102614342e+00,9.959012651343455147e+00,1.000000000000000000e+01,8.789379098773954624e+00,6.746570097690079981e-02,0.000000000000000000e+00,7.900000000000000355e+00,2.239180601810058846e+00,1.534783067355167674e-01
1.000000000000000056e-01,4.543603441599765702e+00,1.000000000000000000e+01,2.344563888691980846e+00,9.472820586141448729e+00,0.000000000000000000e+00,0.000000000000000000e+00,7.900000000000000355e+00,4.000000000000000000e+00,2.023032432316744511e-01
1.050998329761598654e-01,5.396625462515961758e+00,1.000000000000000000e+01,1.440080069988126654e+00,1.000000000000000000e+01,6.735463105847827592e-02,2.016297610789942185e-01,7.900000000000000355e+00,3.973401606978615774e+00,2.243295037819423854e-01
1.013589355641506401e-01,2.641491032007587059e+00,4.960828904627748059e+00,6.953829498950939048e+00,9.285192009243125710e+00,1.504145058273078372e-01,1.000389299676223559e-01,7.857598103578299131e+00,2.200000000000000178e+00,1.499999999999999944e-01
8.761421385826460906e+00,5.438259125937752181e+00,8.593098114363993290e+00,8.995774802552411131e+00,1.000000000000000000e+01,0.000000000000000000e+00,7.771490006975594056e-02,7.790711425849971228e+00,2.242154121582997206e+00,1.543833307903024199e-01
1.000000000000000000e+01,1.113737156404236706e-01,8.152613991317343434e+00,1.000000000000000056e-01,1.024913946629010114e-01,0.000000000000000000e+00,1.399826518244808582e-01,7.900000000000000355e+00,3.949819199633217259e+00,2.487166262560660812e-01
9.401433401890271213e+00,9.728963306265519861e+00,7.313437073815639344e+00,1.000000000000000000e+01,1.030041824404789863e-01,2.446738123764850142e-02,4.383445373565116043e-02,7.900000000000000355e+00,2.353563863929147182e+00,1.499999999999999944e-01
1.000000000000000056e-01,6.067952511942455551e+00,5.143106592229724328e+00,5.091811347135436705e+00,9.844514782243606987e+00,1.097451726179796555e-01,1.136022850741894435e-01,7.900000000000000355e+00,2.233746124345683537e+00,1.499999999999999944e-01
1.994089521763858341e+00,9.285761216856876388e+00,8.922009226351150346e+00,5.769392048910740201e+00,6.579387498662205402e+00,8.101719999955832030e-01,7.645915376837914001e-01,7.900000000000000355e+00,2.743144690871357927e+00,1.514253722028234550e-01
1.048312784569477296e-01,1.000000000000000056e-01,5.793654580370217744e+00,1.024489514801600887e-01,1.000000000000000000e+01,2.199207725327844906e-02,0.000000000000000000e+00,7.776083863641227722e+00,3.926679667837496446e+00,2.481425198813593802e-01
7.381744599541587570e-01,9.154482445670693025e+00,7.736842813231292304e+00,2.868778352660754649e+00,7.253275536062580464e+00,2.681900715069495192e-02,1.682799621586576408e-02,7.900000000000000355e+00,3.179402045233945984e+00,1.499999999999999944e-01
1.102884666571452704e-01,9.658801645650848755e+00,8.075909790445683356e+00,4.856797098643800048e+00,9.026789969945765435e+00,0.000000000000000000e+00,0.000000000000000000e+00,7.900000000000000355e+00,3.266816494063086385e+00,1.632841314735663241e-01
9.457218418456335485e+00,1.000000000000000056e-01,5.119570665443971436e+00,1.000000000000000056e-01,1.127803985257455344e-01,6.308487409196662787e-02,5.875579098295562186e-02,7.767165363096222741e+00,3.233614430692177244e+00,2.199441752797097194e-01
9.555230247473186722e+00,1.009710652732797587e-01,9.469188634487007761e+00,1.086074751907491198e-01,1.000000000000000056e-01,0.000000000000000000e+00,0.000000000000000000e+00,7.671314088862587255e+00,3.991644479079558216e+00,2.459872537294838513e-01
1.924685960891468151e+00,9.009961553671304912e+00,8.496954128651031724e+00,5.174726603189502505e+00,7.015894541099254589e+00,7.683734725529549614e-01,7.493402327704907773e-01,7.792737781105165240e+00,2.700285172316726712e+00,1.499999999999999944e-01
9.392763147516676625e+00,1.031749187196045886e-01,9.590472420288387312e+00,1.000000000000000056e-01,1.000000000000000000e+01,2.080389865592096894e-03,0.000000000000000000e+00,7.900000000000000355e+00,4.000000000000000000e+00,1.517037423015382691e-01
1.000000000000000056e-01,1.000000000000000000e+01,9.893502759588322704e+00,9.906270258400756035e+00,1.000000000000000000e+01,0.000000000000000000e+00,1.208812310394506706e-01,7.900000000000000355e+00,3.361828929954717271e+00,1.499999999999999944e-01
1.042126017454360620e-01,1.000000000000000056e-01,1.000000000000000000e+01,1.000000000000000056e-01,9.762268536516371498e+00,1.421266273430890625e-02,0.000000000000000000e+00,7.900000000000000355e+00,4.000000000000000000e+00,1.604477285885001492e-01
7.135206513427968744e+00,1.033787859640586115e-01,6.517849357660196574e+00,1.107345171996651639e-01,1.126290334869205628e-01,2.372225823887007604e-02,1.529992842032719749e-02,7.177249998443007151e+00,4.000000000000000000e+00,1.499999999999999944e-01
1.001137541122903568e-01,1.000000000000000056e-01,1.000000000000000000e+01,9.621549884912596440e+00,1.000000000000000000e+01,0.000000000000000000e+00,2.269976433554118656e-01,7.809781025456790537e+00,2.281684445030056629e+00,2.500000000000000000e-01
1.000000000000000056e-01,1.000000000000000056e-01,7.118741216760062329e+00,1.000000000000000056e-01,1.000000000000000000e+01,4.327759427151594077e-03,5.114135265573658412e-02,7.900000000000000355e+00,4.000000000000000000e+00,2.500000000000000000e-01
1.015160196511032953e-01,1.000000000000000000e+01,9.468513388655686924e+00,1.000000000000000000e+01,1.000000000000000000e+01,2.574928578149411965e-02,0.000000000000000000e+00,7.638555634093228797e+00,2.211682442440607410e+00,1.499999999999999944e-01
9.901797414745987069e+00,1.052357791229383416e-01,5.638483745786425416e+00,1.003375722516259005e-01,1.000000000000000056e-01,4.397330361145237489e-03,0.000000000000000000e+00,7.891469484149197022e+00,3.976772923859203779e+00,2.500000000000000000e-01
9.387096689764367952e+00,1.000000000000000056e-01,9.862644664540315631e+00,1.377804207622423671e-01,1.000000000000000056e-01,2.521884353097380779e-02,2.265914049311902947e-02,5.831834258314178676e+00,4.000000000000000000e+00,1.499999999999999944e-01
1.000000000000000000e+01,1.000000000000000056e-01,9.666825757038932210e+00,1.000000000000000056e-01,1.000000000000000056e-01,0.000000000000000000e+00,1.256380438421719368e-04,7.900000000000000355e+00,3.941859492038884749e+00,2.500000000000000000e-01
1.000000000000000000e+01,1.000000000000000056e-01,8.966752995918996660e+00,1.000000000000000056e-01,9.886238770950438237e+00,1.435366474821163363e-02,0.000000000000000000e+00,7.876852163873066637e+00,3.925546817978004643e+00,1.502035405076563301e-01
8.623719620150314569e+00,1.048139705942944117e-01,7.039209172291191585e+00,1.000000000000000056e-01,1.054509129617405006e-01,0.000000000000000000e+00,7.563038137255825855e-02,7.900000000000000355e+00,4.000000000000000000e+00,2.500000000000000000e-01
1.000000000000000056e-01,1.037577838555693993e-01,1.000000000000000000e+01,1.000000000000000056e-01,1.000000000000000000e+01,2.014935925046432708e-01,3.506759704386521598e-02,6.167737235067610513e+00,4.000000000000000000e+00,2.500000000000000000e-01
1.000000000000000056e-01,7.245088668201545623e+00,9.988714427006033958e+00,7.580343854465163567e+00,9.839955277500795461e+00,0.000000000000000000e+00,0.000000000000000000e+00,7.769984160410904117e+00,4.000000000000000000e+00,1.598327501695054054e-01
1.017519361289331847e-01,1.000000000000000056e-01,5.576908233562379635e+00,1.000296064504151983e-01,1.000000000000000000e+01,0.000000000000000000e+00,4.358581856668930499e-03,7.867553739699927995e+00,3.922715385105152386e+00,2.500000000000000000e-01
1.000000000000000000e+01,1.000000000000000056e-01,4.703416143080773715e+00,1.000000000000000056e-01,1.000000000000000056e-01,2.702482283695196216e-03,4.706939866841616110e-02,7.829936933666201249e+00,2.908460605854521042e+00,1.847402115805671374e-01
1.000000000000000056e-01,1.050325049219164170e-01,4.608209614534532150e+00,1.035035924573018545e-01,1.000000000000000000e+01,0.000000000000000000e+00,1.088102133501696149e-02,7.900000000000000355e+00,3.993655431492087793e+00,2.500000000000000000e-01
1.000000000000000056e-01,5.449826174079526631e+00,1.000000000000000000e+01,8.269819181547978459e+00,9.346376366543099223e+00,1.527142319527990434e-02,0.000000000000000000e+00,7.671451895312619840e+00,2.827829811351466383e+00,1.499999999999999944e-01
7.495705360792133121e+00,7.291270726763562138e+00,7.519059493992455323e+00,1.000000000000000056e-01,1.000000000000000056e-01,6.079942993269589480e-02,2.976758057463707585e-02,7.900000000000000355e+00,2.406438793563561163e+00,1.549676683365552310e-01
1.002552256312088802e-01,1.822341391797932308e+00,7.273559444888831216e+00,1.000000000000000000e+01,9.078040560591364994e+00,5.488243694220636126e-02,3.059510379216199838e-01,7.900000000000000355e+00,2.228772519866550006e+00,1.499999999999999944e-01
1.000000000000000056e-01,5.444110199081611867e+00,1.000000000000000000e+01,9.110004688662385774e+00,8.919544837022804984e+00,0.000000000000000000e+00,0.000000000000000000e+00,7.900000000000000355e+00,2.857780657278428116e+00,1.499999999999999944e-01
1.000000000000000056e-01,1.031051660431220873e-01,7.284378738201192860e+00,1.000000000000000056e-01,7.686483300494473703e+00,4.652383880947163486e-01,4.553679085566805229e-01,7.301953336256977956e+00,4.000000000000000000e+00,2.500000000000000000e-01
1.000000000000000000e+01,1.000000000000000000e+01,9.663776999785136823e+00,6.651869418733959982e+00,1.115614988632444016e-01,3.307565130587138830e-02,0.000000000000000000e+00,7.900000000000000355e+00,3.646890576625796410e+00,1.664588680489545447e-01
1.066860597596537980e-01,9.902030243699362799e+00,6.966682791144945597e+00,9.943286237922615456e+00,6.858958143241316030e+00,4.211268849354930788e-02,1.976709325254510929e-01,7.786733225729721042e+00,2.290837901356101991e+00,1.506224019118968804e-01
1.027241220544711092e-01,1.000000000000000056e-01,6.899220443860022201e+00,1.134559746238945066e-01,1.000000000000000000e+01,4.093682421847572028e-02,0.000000000000000000e+00,7.892417523712172311e+00,3.905264752346025769e+00,2.418210545271074208e-01
4.868128213848428310e+00,4.844720344885128149e+00,6.483611105371802630e+00,4.887807102076728860e+00,1.000000000000000056e-01,7.067734279256802921e-02,2.247841918646985293e-02,7.827411634296992382e+00,2.550867295540703239e+00,1.531225335658807085e-01
1.000000000000000000e+01,1.159199331771240793e+00,7.950591509827197534e+00,1.000000000000000000e+01,1.000000000000000056e-01,0.000000000000000000e+00,2.736753483911840909e-02,7.754062365844407445e+00,2.200000000000000178e+00,1.570485223771223848e-01
1.000000000000000056e-01,1.145859493386525430e-01,6.450805887493055835e+00,1.148373883501793841e-01,9.994666832984005822e+00,0.000000000000000000e+00,0.000000000000000000e+00,7.900000000000000355e+00,4.000000000000000000e+00,2.500000000000000000e-01
1.000000000000000000e+01,1.087069745872704107e-01,6.570044624420336987e+00,1.099096646297131330e-01,1.034648009972756882e-01,1.010197839351843589e-02,7.291282632584303314e-02,7.900000000000000355e+00,3.878658715310987493e+00,2.424936361696025389e-01
1.000000000000000000e+01,1.000000000000000056e-01,1.000000000000000000e+01,1.035178823676625726e-01,3.399800895046816707e-01,1.226428299401276061e-02,9.871755555641832311e-03,5.045198063500074603e+00,4.000000000000000000e+00,1.550874294036846124e-01
1.029425612610794377e-01,1.000000000000000000e+01,6.907035075825419312e+00,1.000000000000000000e+01,7.231929136322673202e+00,8.265302416377938444e-02,1.781377316746170503e-01,7.872893023706687643e+00,2.220218142380272486e+00,1.591816466758972370e-01
9.997753902184272068e-01,1.072068266207924642e-01,1.000000000000000000e+01,1.000000000000000056e-01,8.033906147644444218e+00,1.000000000000000000e+00,1.000000000000000000e+00,7.776983405872734956e+00,4.000000000000000000e+00,2.219812846246706772e-01
9.993242116911018158e+00,1.094614476824852106e-01,6.333619643435152824e+00,1.044812837072194855e-01,1.056878544138253329e-01,2.514508314654808827e-02,5.893329013066756633e-02,7.816582606360277907e+00,3.984610826038004205e+00,2.500000000000000000e-01
1.070550393453749555e-01,7.067032289116270682e+00,1.000000000000000000e+01,7.851784111382600351e+00,9.646434843147176252e+00,1.043373351290241037e-03,5.580037427487277713e-03,7.740417943005939883e+00,2.889006779606179354e+00,1.499999999999999944e-01
8.171632225790739668e+00,4.325114831904222079e+00,6.645248546660702971e+00,1.000000000000000000e+01,1.174134257508617912e-01,4.099524767043409568e-02,1.671092094041596032e-01,7.828389036587986460e+00,2.200000000000000178e+00,1.499999999999999944e-01
1.000000000000000056e-01,1.124614833623616000e-01,5.391267946613283790e+00,1.000000000000000056e-01,9.614219524826349783e+00,4.414504917642893961e-02,2.482393653696361377e-02,6.862944060701929416e+00,3.878531820105376227e+00,2.500000000000000000e-01
1.020509491563735410e-01,1.000000000000000056e-01,4.786790063887089275e+00,1.030695691832143740e-01,9.367128948735340188e+00,1.128635292449750929e-02,6.751580799771420005e-02,7.758292353095098015e+00,3.412027637652154777e+00,2.467298042718569229e-01
3.785146330610765997e+00,1.083327063282307212e-01,8.718601160291708396e+00,1.019676490555744552e-01,9.788248401305652990e+00,0.000000000000000000e+00,2.059487545185153742e-02,7.826780351460278951e+00,4.000000000000000000e+00,1.499999999999999944e-01
5.904338595862808958e+00,5.333715901055474440e+00,5.640060275867964101e+00,7.224944397435814736e+00,1.027176813373980035e-01,1.388138638489586248e-02,0.000000000000000000e+00,7.900000000000000355e+00,2.487103302758282730e+00,1.499999999999999944e-01
1.014890326050818248e-01,5.286607095977505111e+00,7.555737789724338072e+00,1.000000000000000056e-01,9.432124444686726505e+00,4.526253640919290777e-03,7.480526614095163972e-03,7.819522750015030610e+00,4.000000000000000000e+00,1.625206148190814770e-01
1.000000000000000056e-01,1.077061516842027777e-01,5.661021210364045153e+00,1.110844706891130906e-01,9.675850344021624139e+00,0.000000000000000000e+00,3.847654237219890611e-02,7.900000000000000355e+00,3.986565524225403667e+00,2.500000000000000000e-01
1.000000000000000056e-01,5.251840903823509876e+00,8.434007154264351769e+00,9.703126541235135960e+00,9.909933694531421366e+00,1.261735541088825942e-02,0.000000000000000000e+00,7.569606722514540031e+00,3.428130952430803013e+00,1.518135278883056272e-01
1.000000000000000056e-01,9.660064812014571345e+00,7.584146150060113278e+00,1.000000000000000000e+01,5.962061556829929110e+00,2.664431951580639030e-02,4.389862290949120283e-04,7.762639197858038465e+00,2.200000000000000178e+00,1.544002784990828325e-01
1.004939827405416930e-01,1.000000000000000000e+01,6.666295968621474444e+00,9.529780012602383721e+00,1.000000000000000000e+01,0.000000000000000000e+00,4.630030161794582329e-03,7.900000000000000355e+00,2.262902071435451745e+00,1.499999999999999944e-01
1.000000000000000056e-01,5.153671646552105301e+00,9.899587536763919005e+00,5.563413910657455830e+00,1.000000000000000000e+01,6.392327024949112646e-02,7.204322686422345856e-02,7.900000000000000355e+00,4.000000000000000000e+00,1.861789093208018331e-01
9.507470001235628132e+00,8.018563367072413683e+00,8.289397224856974944e+00,9.427097354384885719e+00,9.528151255279762921e+00,0.000000000000000000e+00,5.319167542503271118e-02,7.900000000000000355e+00,2.200000000000000178e+00,1.516070216905853196e-01
1.071137890006277210e-01,1.000000000000000000e+01,4.711132802279122345e+00,2.673475971003695939e+00,7.347542577013947529e+00,1.386104112959772594e-01,3.291224397899138870e-02,7.900000000000000355e+00,2.316441975393094488e+00,1.499999999999999944e-01
8.422050621664229908e+00,1.000000000000000056e-01,9.614578466089088948e+00,1.000000000000000056e-01,1.000000000000000000e+01,0.000000000000000000e+00,1.614900355329187270e-02,7.900000000000000355e+00,3.991047726052331157e+00,1.499999999999999944e-01
1.000000000000000056e-01,1.000000000000000000e+01,9.636537361035795612e+00,9.485269819279288583e+00,1.000000000000000000e+01,1.605181650446059136e-02,0.000000000000000000e+00,7.597947856820532309e+00,2.200000000000000178e+00,1.499999999999999944e-01
1.077848877260995653e-01,1.000000000000000056e-01,5.692896828871794490e+00,1.000000000000000056e-01,1.000000000000000000e+01,1.581935139496555218e-02,0.000000000000000000e+00,7.713840322019713369e+00,4.000000000000000000e+00,2.455993698850812423e-01
1.030834670912831597e-01,1.000000000000000000e+01,1.000000000000000000e+01,9.549407533541668158e+00,1.000000000000000000e+01,4.326752833977851043e-02,1.000376217117929928e-02,7.900000000000000355e+00,2.818128863961966157e+00,1.499999999999999944e-01
1.000000000000000056e-01,1.125782055774646739e-01,4.537610273607704414e+00,1.000000000000000056e-01,1.000000000000000000e+01,8.223174805008399979e-03,2.754759732215168559e-03,7.883528061650233454e+00,4.000000000000000000e+00,2.423195586065928220e-01
9.299680208222953937e+00,1.000000000000000056e-01,9.629042356660182378e+00,1.080758666456581585e-01,3.165918681159585191e-01,1.150153595320828337e-02,5.224446896930103751e-03,4.901482768119453048e+00,3.942011457776651628e+00,1.499999999999999944e-01
5.658304645356184714e-01,1.040167129576941990e-01,1.000000000000000000e+01,1.000000000000000056e-01,1.000000000000000000e+01,2.661838734456441549e-02,0.000000000000000000e+00,7.799979276406753037e+00,3.950481203527067997e+00,1.502488713472686366e-01
1.030946864678101149e-01,1.000000000000000000e+01,6.865134936525358889e+00,9.681828286474992495e+00,9.671213269694467485e+00,0.000000000000000000e+00,0.000000000000000000e+00,7.868377609284660679e+00,2.261651163389610364e+00,1.534023848006286217e-01
9.412300008922972694e+00,1.000000000000000056e-01,6.190358298174019502e+00,1.000000000000000056e-01,1.000000000000000056e-01,2.445736489443195612e-03,4.262786703890201340e-02,7.900000000000000355e+00,2.643700341286728595e+00,1.542275584850101300e-01
6.336649640325458854e+00,4.662277734772510840e+00,7.801971241147518832e+00,5.362323210346016111e+00,1.007632632369124259e-01,1.863399928915656922e-01,0.000000000000000000e+00,7.900000000000000355e+00,3.310157225226536326e+00,1.556044546421767871e-01
1.000000000000000000e+01,1.000000000000000056e-01,9.323401978784492172e+00,1.080130409396257429e-01,9.349047516334978880e+00,0.000000000000000000e+00,5.945023113910730128e-02,7.900000000000000355e+00,3.413364101115106575e+00,1.799065473547265537e-01
1.000000000000000000e+01,1.000000000000000056e-01,6.450751752801417993e+00,1.000000000000000056e-01,1.000000000000000056e-01,0.000000000000000000e+00,2.188127282462988196e-02,7.863528130015421169e+00,3.942329392953781042e+00,2.412255634512771585e-01
1.058649984550622813e-01,8.993582255007463999e+00,6.465228159712501643e+00,9.471205007261522368e+00,9.737845715957123005e+00,9.560082083436305389e-02,3.560319841428684351e-02,7.868602658515737147e+00,2.287306773702956431e+00,1.517208821821542652e-01
1.116280781563679519e-01,1.000000000000000056e-01,8.256079628395561087e+00,1.020824680154462372e-01,9.532184731604468553e+00,1.797908170681617596e-02,2.703009647529584086e-02,7.867014078338601557e+00,4.000000000000000000e+00,2.462068335538438457e-01
1.000000000000000056e-01,1.844187333613777069e-01,8.539833064876013680e+00,3.126192985861898088e-01,9.034865492899545103e+00,6.111374512252049779e-02,2.120029679314628171e-02,7.665490251705452174e+00,4.000000000000000000e+00,2.188562932786338733e-01
1.000000000000000000e+01,1.102746260917697313e-01,1.000000000000000000e+01,1.001482044286397671e-01,1.000000000000000000e+01,4.317259645968183832e-03,5.285766485255464359e-02,7.900000000000000355e+00,2.736849430871697741e+00,2.286603170304580823e-01
1.000000000000000000e+01,1.072022210304022921e-01,9.966965359068534980e+00,1.484105117777265725e-01,1.035790828568079469e-01,0.000000000000000000e+00,0.000000000000000000e+00,5.909686317040892867e+00,4.000000000000000000e+00,1.531739858977334834e-01
1.000000000000000056e-01,1.026950111299658741e-01,5.814824587347325213e+00,1.069023722582726488e-01,1.000000000000000000e+01,0.000000000000000000e+00,0.000000000000000000e+00,7.668013917339578711e+00,4.000000000000000000e+00,2.444614135096888352e-01
1.000000000000000056e-01,9.610932103598466725e+00,9.935668714333734997e+00,3.720592215562218641e+00,1.000000000000000000e+01,2.833790012635865885e-02,1.676365113499614923e-01,7.900000000000000355e+00,3.302814116728004734e+00,1.582894059432193024e-01
1.000000000000000056e-01,5.668163589970474092e+00,7.858579386213170537e+00,4.589144938073376423e+00,9.863219870272152079e+00,8.893566325950311158e-02,0.000000000000000000e+00,7.900000000000000355e+00,3.574325910980550525e+00,1.514555822514971062e-01
1.000000000000000056e-01,4.505751054905289266e+00,8.505870390698836658e+00,1.000000000000000000e+01,1.000000000000000000e+01,4.703996968336652401e-02,3.200332306266308324e-02,7.558883508913191385e+00,3.384166169177921013e+00,1.623710503002869232e-01
1.008382576207510761e-01,1.018788523956110081e-01,7.154060291438475438e+00,1.000000000000000056e-01,1.000000000000000000e+01,1.237048932262081215e-02,0.000000000000000000e+00,7.883384431509017354e+00,4.000000000000000000e+00,2.500000000000000000e-01
2.766201674318373271e+00,1.000000000000000056e-01,8.455613821723865442e+00,1.014979430512063241e-01,1.000000000000000000e+01,4.757201344300497799e-03,0.000000000000000000e+00,7.900000000000000355e+00,4.000000000000000000e+00,1.533884425333457424e-01
8.847098821497183962e+00,1.047574209746824220e-01,4.790744370835450461e+00,1.000000000000000056e-01,1.000000000000000056e-01,2.760875783014920745e-02,6.517248251978276230e-02,7.806968735008441129e+00,4.000000000000000000e+00,2.500000000000000000e-01
1.021348577832095761e-01,1.016828779146879136e-01,6.952029836660836182e+00,1.021577362412898760e-01,1.000000000000000000e+01,0.000000000000000000e+00,0.000000000000000000e+00,7.898193992314642031e+00,4.000000000000000000e+00,2.491722595258971940e-01
9.515457056026763283e+00,4.461754234039450928e+00,8.657073082143512011e+00,9.979810113428763785e+00,1.000000000000000000e+01,0.000000000000000000e+00,0.000000000000000000e+00,7.900000000000000355e+00,2.271728490541526924e+00,1.532941020182180258e-01
1.000000000000000056e-01,1.010733626201676671e-01,6.754251121438398897e+00,1.000000000000000056e-01,1.000000000000000000e+01,2.960228664805979876e-03,6.535012756717605009e-03,7.900000000000000355e+00,4.000000000000000000e+00,2.450105911040721673e-01
1.065039563709831161e-01,1.000000000000000056e-01,5.579498218408837751e+00,1.000000000000000000e+01,8.945755941943108525e+00,9.793759138683622717e-03,2.195412415374153603e-01,7.858881432453968863e+00,2.297708700366131840e+00,1.938886300931862705e-01
1.214110536198281798e+00,1.066963496286810753e-01,8.381545726926741935e+00,1.028342575879933607e-01,9.470426612200556704e+00,4.333329687161184204e-03,7.165309075819685514e-03,7.900000000000000355e+00,4.000000000000000000e+00,1.544689380151302860e-01
9.264204114887578001e+00,2.584010223267930950e+00,9.837884629724367613e+00,1.000000000000000000e+01,1.000000000000000056e-01,3.244482224231147460e-02,1.823488695448224201e-02,7.900000000000000355e+00,2.363212985408656763e+00,1.642140101070149738e-01
9.741016753024618779e+00,1.003318063117130815e-01,5.814672641585940660e+00,1.000000000000000056e-01,1.050425447172300686e-01,1.305510572003908999e-02,1.724727834204703714e-01,7.785614538053882150e+00,4.000000000000000000e+00,2.500000000000000000e-01
8.009066030041848805e+00,7.770793955480339577e+00,9.978038611398973856e+00,5.389250701388633047e+00,1.000000000000000056e-01,2.132572665815307689e-02,2.120209068977798803e-02,7.900000000000000355e+00,3.729171231736239100e+00,1.566876085968218202e-01
1.000000000000000056e-01,1.077114256921859609e-01,7.807137392457532243e+00,1.028063228014164665e-01,1.000000000000000000e+01,0.000000000000000000e+00,8.044563673039961671e-02,7.854052885167550180e+00,4.000000000000000000e+00,2.471457210147877670e-01
1.000000000000000056e-01,6.541360101477097899e+00,8.744035995697004182e+00,1.000000000000000056e-01,9.554652331502548890e+00,5.934756602558183269e-02,0.000000000000000000e+00,7.877018847203189900e+00,3.804996361802264637e+00,2.123343998523912202e-01
1.166580487281270173e+00,1.056385780248739331e-01,8.877102189144423505e+00,1.024226233212540971e-01,9.956279973836055674e+00,2.250456851024279503e-01,7.056409252420024758e-02,7.888999833942272666e+00,3.993269199503239442e+00,1.499999999999999944e-01
5.143329692921351004e+00,8.613415737055534649e+00,6.362986827588257732e+00,6.091464409169104144e+00,1.000000000000000056e-01,9.422563241169278070e-02,2.768980468481743729e-02,7.881207022861447697e+00,2.680746355559650240e+00,1.499999999999999944e-01
6.516245482063647287e+00,6.588214197374742120e+00,7.777519012058016656e+00,6.886891670167738511e+00,1.000000000000000056e-01,6.803608846293460188e-02,6.492974372475243672e-02,7.900000000000000355e+00,2.644751538777805777e+00,1.499999999999999944e-01
3.240724248810961661e-01,1.000000000000000056e-01,8.989411797286967598e+00,1.063729056718869526e-01,9.281228702506931327e+00,0.000000000000000000e+00,1.980648397587723986e-02,7.804985315426151260e+00,3.921685382535928799e+00,1.506538088922318441e-01
1.003425631724459699e-01,9.763316762817847660e+00,6.575628144737004632e+00,9.206426376295240743e+00,1.000000000000000000e+01,0.000000000000000000e+00,0.000000000000000000e+00,7.728547239161750682e+00,2.200000000000000178e+00,1.544432840641492832e-01
6.288080519068099949e-01,1.000000000000000000e+01,6.074528478032497070e+00,8.974901492521471624e+00,5.355900460430878418e+00,9.676813403369717292e-01,9.532166703791318252e-01,7.790398738462997130e+00,2.287294821510616583e+00,1.505465076962802518e-01
1.000000000000000000e+01,1.000000000000000056e-01,7.794841872992387621e+00,1.000000000000000056e-01,1.000000000000000056e-01,1.254286540613016587e-01,1.557009607318343425e-01,7.696500971282906001e+00,4.000000000000000000e+00,2.426144489624211531e-01
9.190558090353270870e+00,1.000000000000000056e-01,8.569736177604363903e+00,1.000000000000000056e-01,1.000000000000000056e-01,1.265881007955909645e-04,0.000000000000000000e+00,7.900000000000000355e+00,3.940724240108848697e+00,2.500000000000000000e-01
1.078368728321150716e-01,1.013289431021495712e-01,9.522504257854919274e+00,1.000000000000000056e-01,9.815553332340206438e+00,6.389107774681710046e-03,4.764611480414612799e-02,7.900000000000000355e+00,3.880480224202206063e+00,1.499999999999999944e-01
1.000000000000000056e-01,1.017524308729354926e-01,6.633360807116046587e+00,1.012209102608454397e-01,1.000000000000000000e+01,0.000000000000000000e+00,1.309093761974798945e-02,7.878371482870054621e+00,4.000000000000000000e+00,2.452674681166852610e-01
1.000000000000000056e-01,4.555422772510765661e+00,8.080392732818962642e+00,1.000000000000000056e-01,9.029817435379030144e+00,0.000000000000000000e+00,3.117927827392098783e-02,7.894719225531646956e+00,3.924696783636128838e+00,2.106758972019287246e-01
1.048297772840628278e-01,1.000000000000000056e-01,9.409799472341346060e+00,1.000000000000000056e-01,9.635596420046928401e+00,1.046993376384463409e-02,3.214865271899684102e-02,7.900000000000000355e+00,4.000000000000000000e+00,1.500170234710525297e-01
1.000000000000000000e+01,1.000000000000000056e-01,1.000000000000000000e+01,1.000000000000000056e-01,3.592963933342679939e-01,2.960490229882033197e-03,0.000000000000000000e+00,4.908998744061179309e+00,3.956062606164469031e+00,1.527697954785202650e-01
4.537237112537933825e+00,7.380610995757794335e+00,7.682589317492876546e+00,9.073599306221586502e+00,1.000000000000000000e+01,0.000000000000000000e+00,5.590787789271772779e-02,7.832391968403773497e+00,2.309132989682308068e+00,1.499999999999999944e-01
9.602689570082949544e+00,1.002103175486600828e-01,9.952852427713166250e+00,1.019503759904680645e-01,9.367944624879751103e+00,5.156533820172185673e-02,1.066998506495807630e-01,7.900000000000000355e+00,4.000000000000000000e+00,1.643386389124598390e-01
2.526138546973818233e+00,1.000000000000000056e-01,7.950227724352899372e+00,1.002963331338553171e-01,1.000000000000000000e+01,0.000000000000000000e+00,2.148837174459093322e-02,7.900000000000000355e+00,3.996859789430993182e+00,1.504390617081370340e-01
5.192976031987791785e+00,5.576490230040860752e+00,5.088369001709414086e+00,3.471236236054086266e+00,1.000000000000000056e-01,9.006502714706561552e-02,0.000000000000000000e+00,7.900000000000000355e+00,3.429913186311528417e+00,1.499999999999999944e-01
1.000000000000000056e-01,5.374745549781861698e+00,5.455748570446046664e+00,5.198789044616405342e+00,9.267146858817012500e+00,7.976776640994222289e-02,6.918947291207254435e-02,7.900000000000000355e+00,2.200000000000000178e+00,1.586305063817260719e-01
9.451119770835935796e+00,1.000000000000000056e-01,7.603354357580986544e+00,1.000000000000000056e-01,1.000000000000000056e-01,5.921243253672622830e-02,4.369702041186485086e-02,7.900000000000000355e+00,4.000000000000000000e+00,2.457046508756624559e-01
1.000000000000000056e-01,1.000000000000000000e+01,6.881098477155814130e+00,8.974376801264483561e+00,9.494091200158468524e+00,1.076914007310119867e-02,3.571908957214799119e-02,7.900000000000000355e+00,2.207564032791643260e+00,1.511424041052318312e-01
9.946905798527463816e+00,1.090775263484064922e-01,8.517378021235336050e+00,1.000000000000000056e-01,9.234059495119627314e+00,0.000000000000000000e+00,2.271144649095675414e-02,7.882059951363431516e+00,2.932103855661900571e+00,1.614992909151530542e-01
1.000000000000000056e-01,9.253507274002805261e+00,1.000000000000000000e+01,1.000000000000000000e+01,9.814162139171523691e+00,6.816029158087827389e-02,6.294133000949717061e-02,7.900000000000000355e+00,2.805306232646189724e+00,1.499999999999999944e-01
9.490547512618221049e+00,1.019687716119323517e-01,8.774719449364148716e+00,1.113512036902154084e-01,1.126794016535922066e-01,9.965305911555395746e-02,3.484651376179479648e-02,7.900000000000000355e+00,3.917259424230366438e+00,2.500000000000000000e-01
9.461647689151549301e+00,1.134741706881194634e-01,5.508030286954313404e+00,1.071745759336591441e-01,1.058660060374182338e-01,1.036732146999472248e-02,7.801255065557483048e-02,7.900000000000000355e+00,3.960651515058150274e+00,2.463380637522294969e-01
1.000000000000000056e-01,1.003542946313018130e-01,9.695468507264074276e+00,1.088642886068054427e-01,9.481802260442105279e+00,0.000000000000000000e+00,4.818011043839895771e-03,7.763096676877506930e+00,4.000000000000000000e+00,1.499999999999999944e-01
1.000000000000000056e-01,1.052003004453846285e-01,1.000000000000000000e+01,1.000000000000000056e-01,9.891470803438055626e+00,0.000000000000000000e+00,0.000000000000000000e+00,7.739998520569731255e+00,4.000000000000000000e+00,1.499999999999999944e-01
1.033110239209875242e-01,1.067610472112564823e-01,7.805973276235415703e+00,1.000000000000000056e-01,1.000000000000000000e+01,4.643932266405070841e-02,1.297178011219807248e-02,7.861828930734303000e+00,3.979478806690207371e+00,2.500000000000000000e-01
6.710501008876886608e+00,6.912025213449724426e+00,8.114059434340147092e+00,6.357613986615649360e+00,1.165474048966672338e-01,2.603908178642990248e-02,5.758317079641946806e-02,7.894469578058616044e+00,2.692786263212378461e+00,1.510620841839208917e-01
1.000000000000000000e+01,1.053014741732441473e-01,8.723725117850790411e+00,1.000000000000000056e-01,1.094805737290579506e-01,8.699877351140039572e-02,6.206420740175726258e-02,7.852194174545018335e+00,3.968611392617383160e+00,2.463048943910013389e-01
2.242231693960464511e+00,1.079280194343830435e-01,6.977266130949560718e+00,1.005456779261090922e-01,1.000000000000000000e+01,8.775020436591670497e-03,0.000000000000000000e+00,7.900000000000000355e+00,4.000000000000000000e+00,1.577064644685514938e-01
1.000000000000000056e-01,1.035280969261809236e-01,9.041263789993497113e+00,9.930066072121949361e+00,1.000000000000000000e+01,0.000000000000000000e+00,2.025794177413043629e-01,7.830951014422295131e+00,2.221945840633039460e+00,2.491658310946281984e-01
6.435679628084204573e+00,6.536952699270989875e+00,7.833629073782207186e+00,6.926495516072605163e+00,1.000000000000000056e-01,3.033821333367111087e-02,4.020134404131946865e-02,7.900000000000000355e+00,2.659808639023469645e+00,1.540378611289077437e-01
1.002576281839911987e-01,5.676762222704698324e+00,4.877948494047928740e+00,6.023378563461228019e+00,9.641674881262501273e+00,8.546955080970317087e-02,4.004298986843125852e-02,7.900000000000000355e+00,2.256149710565561683e+00,1.571917656085199955e-01
1.000000000000000056e-01,6.931589746149093401e+00,9.363227177714961158e+00,7.476451939202282126e+00,1.000000000000000000e+01,0.000000000000000000e+00,8.497308684009573232e-03,7.835449948166239409e+00,2.965648317293594793e+00,1.510635917854990240e-01
1.000000000000000000e+01,1.005074780857267841e-01,9.462356036609746113e+00,1.000000000000000056e-01,9.294509607668517859e+00,1.773780544024981462e-02,4.181736980500005973e-04,7.900000000000000355e+00,3.165979855323978409e+00,1.952576751576133307e-01
1.116845886569054758e-01,7.557408909814977704e+00,1.000000000000000000e+01,7.828562775913046501e+00,9.744073604460453453e+00,3.562250671718929923e-02,4.176924675454437436e-02,7.900000000000000355e+00,3.048700512315310363e+00,1.638793467111550606e-01
1.000000000000000000e+01,1.000000000000000056e-01,1.000000000000000000e+01,1.187267040133288404e-01,1.460290812424404894e-01,0.000000000000000000e+00,0.000000000000000000e+00,5.132540968684843108e+00,3.993311493045175187e+00,1.499999999999999944e-01
1.000000000000000000e+01,1.000000000000000056e-01,7.682158578409265637e+00,1.010391851735731317e-01,1.055407354585306545e-01,0.000000000000000000e+00,1.292885685573565979e-01,7.900000000000000355e+00,4.000000000000000000e+00,2.495309569625778490e-01
1.089619428899343129e-01,9.187452330234162190e+00,6.594769007825081353e+00,1.000000000000000000e+01,9.335709631027429012e+00,4.999883045465280951e-02,5.162172486535961113e-02,7.658864643094480229e+00,2.245578022847443567e+00,1.600667172174966846e-01
1.000000000000000056e-01,1.000000000000000000e+01,7.034715646096191932e+00,1.000000000000000000e+01,9.200983095209270601e+00,3.149621793621271149e-02,6.409123351418129222e-02,7.892727029163848940e+00,2.200000000000000178e+00,1.573565044416478098e-01
9.807582647557735456e+00,8.347847355213527720e+00,9.143763372309297921e+00,2.506740004738987171e+00,1.023842772682562741e-01,7.307901394952631691e-03,2.913608604039204329e-03,7.900000000000000355e+00,3.448539880542100367e+00,1.499999999999999944e-01
1.175864469336104778e-01,9.424284661390856854e+00,9.677962939145901444e+00,9.971889926013449923e+00,9.273257010012361690e+00,6.373339922490370291e-02,0.000000000000000000e+00,7.900000000000000355e+00,2.279116093604672599e+00,1.499999999999999944e-01
1.000000000000000056e-01,1.000000000000000056e-01,9.317767582373949864e+00,1.000000000000000056e-01,1.000000000000000000e+01,0.000000000000000000e+00,1.250837912326068641e-02,7.703691509942847127e+00,4.000000000000000000e+00,2.499788806009643760e-01
5.469423574672573896e-01,1.000000000000000000e+01,7.867677723318696081e+00,5.285322266425222182e+00,6.243432905889311435e+00,5.399648497399531788e-01,5.966390209500723740e-01,7.900000000000000355e+00,2.273960730124269247e+00,1.563712062232821554e-01
1.000000000000000056e-01,1.706350307235915187e+00,6.793788927375836728e+00,1.000000000000000000e+01,8.346306691289068880e+00,9.865901159692476441e-02,3.034535133654561179e-01,7.900000000000000355e+00,2.218532241108342351e+00,1.499999999999999944e-01
9.635273663507323505e+00,1.017826839175758336e-01,8.948973947045319122e+00,1.048513291849311885e-01,1.000000000000000056e-01,0.000000000000000000e+00,0.000000000000000000e+00,7.857947181633994305e+00,3.929124233608359607e+00,2.493837127376949125e-01
1.000000000000000056e-01,3.378444777665360554e+00,9.194107589783268253e+00,8.091841646293412182e+00,1.000000000000000000e+01,0.000000000000000000e+00,8.303724599113635613e-03,7.018553774944065182e+00,4.000000000000000000e+00,1.549866884230662045e-01
1.000040770029239079e-01,1.000000000000000056e-01,7.839854715673300944e+00,6.185094297950461950e+00,1.000000000000000000e+01,0.000000000000000000e+00,4.531808947815420263e-02,7.885999716472320564e+00,2.477524280910009757e+00,2.484820740635050040e-01
3.434382442484605225e+00,1.000000000000000056e-01,8.680950071241680277e+00,1.055963810407047759e-01,1.000000000000000000e+01,0.000000000000000000e+00,0.000000000000000000e+00,7.900000000000000355e+00,3.930013158977146315e+00,1.499999999999999944e-01
5.047437207030402995e-01,1.073064998810916715e-01,8.258100017537381987e+00,1.000000000000000056e-01,1.000000000000000000e+01,2.416534615936900138e-04,0.000000000000000000e+00,7.900000000000000355e+00,4.000000000000000000e+00,1.499999999999999944e-01
1.089704059757369975e-01,1.071165220345949715e-01,5.958329738979419865e+00,1.009477050863108877e-01,1.000000000000000000e+01,1.296339717400859029e-02,0.000000000000000000e+00,7.809357681474834223e+00,3.970705125875367614e+00,2.395213539665430602e-01
6.386410599324304549e+00,9.740171008412017883e+00,8.591986092746610737e+00,1.000000000000000000e+01,1.000000000000000056e-01,5.518450702834196142e-02,4.213974440072462690e-02,7.819077837703137135e+00,2.324599009738927080e+00,1.499999999999999944e-01
1.000000000000000000e+01,1.000000000000000056e-01,9.509583996051214072e+00,1.024326284026749745e-01,1.008301826462658923e-01,1.552591464133262766e-01,0.000000000000000000e+00,7.900000000000000355e+00,4.000000000000000000e+00,2.500000000000000000e-01
1.004177850918412523e-01,1.059158540262070541e-01,7.142043680416980678e+00,1.000000000000000056e-01,9.675232611576742414e+00,0.000000000000000000e+00,0.000000000000000000e+00,7.900000000000000355e+00,4.000000000000000000e+00,2.429269210616154251e-01
1.025551941690297647e-01,6.663493142351323506e+00,7.150955588684282382e+00,5.278710444118562606e+00,9.594444121955230997e+00,1.033082449587587326e-01,2.345180420864642970e-02,7.856974276724691286e+00,3.694864669680463010e+00,1.608745178968613021e-01
1.000000000000000000e+01,1.000000000000000056e-01,8.841038162594774263e+00,1.038035717688798737e-01,9.626246278004991552e+00,3.510070503881373982e-02,0.000000000000000000e+00,7.900000000000000355e+00,2.977866908631669585e+00,1.499999999999999944e-01
1.000000000000000000e+01,2.074069355062872155e+00,9.023945836503314055e+00,5.327639802524254620e+00,1.000000000000000000e+01,4.785634254986290137e-02,0.000000000000000000e+00,7.723333430282909973e+00,2.200000000000000178e+00,1.499999999999999944e-01
8.984712936524690718e+00,4.078994631037259566e+00,7.474788102757583097e+00,6.032912619803961540e+00,1.000000000000000000e+01,5.669236016802364081e-02,2.669195094146863123e-02,7.900000000000000355e+00,2.284714205801054554e+00,1.499999999999999944e-01
9.441549825862567857e+00,1.000000000000000056e-01,4.429558810613495545e+00,1.016517347168112706e-01,1.048161497419412974e-01,1.086031323985437447e-01,8.122982886216367771e-02,7.865753295231278308e+00,4.000000000000000000e+00,2.109922386275519257e-01
1.000000000000000000e+01,1.000904765645722061e-01,1.000000000000000000e+01,1.000000000000000056e-01,9.178571878529487194e+00,0.000000000000000000e+00,9.828410722709462685e-03,7.900000000000000355e+00,3.247713416364780059e+00,2.052035741477120923e-01
1.039101809436018820e-01,9.818782059829750608e+00,9.123541430950982800e+00,9.850491768409151305e+00,1.000000000000000000e+01,2.793769754608254555e-03,7.980382022288039223e-02,7.900000000000000355e+00,3.381874762117902389e+00,1.534929610413720835e-01
1.074811550021980838e-01,1.000000000000000056e-01,4.767622150986108309e+00,9.371718146868162069e-01,9.817513248540501891e+00,4.892891408067620018e-01,5.020373406954253825e-01,7.737745019131669899e+00,2.512145108807793292e+00,2.475283054232853275e-01
1.000000000000000000e+01,1.040244314489254251e-01,9.992492649683514472e+00,1.000000000000000056e-01,9.973594173699355636e+00,0.000000000000000000e+00,7.575230304896075906e-03,7.900000000000000355e+00,2.688993631166306741e+00,2.310287529826062503e-01
1.000000000000000056e-01,5.215633883702462725e+00,9.821380452805055228e+00,9.774786655922786949e+00,8.982384443613257829e+00,2.756413153656014567e-02,3.895658198258099975e-02,7.725169799389409953e+00,3.840950523910005909e+00,1.499999999999999944e-01
3.858852535125385508e-01,2.557746620210404220e+00,7.270268791170686029e+00,1.000000000000000056e-01,8.973550124454327204e+00,1.292448352554797231e-01,2.716916057921619707e-02,7.900000000000000355e+00,3.932079346983785140e+00,1.726963396606907564e-01
9.933770932530686659e-01,1.019531121614098146e-01,8.488677319397918808e+00,1.000000000000000056e-01,9.697961527097566758e+00,0.000000000000000000e+00,3.190153821574533144e-02,7.725691591063748476e+00,4.000000000000000000e+00,1.526100015267435883e-01
1.000000000000000056e-01,1.000000000000000056e-01,8.819623309157442748e+00,1.000000000000000056e-01,9.563653869260807738e+00,0.000000000000000000e+00,6.563416968446636468e-02,7.900000000000000355e+00,4.000000000000000000e+00,1.917397977107567486e-01
1.000000000000000056e-01,1.000000000000000000e+01,1.000000000000000000e+01,1.000000000000000000e+01,1.000000000000000000e+01,0.000000000000000000e+00,1.284415769157427889e-01,7.890985753062430774e+00,3.381446666335805595e+00,1.499999999999999944e-01
1.038143448725666329e-01,3.643790710294124935e+00,9.855139510109182766e+00,7.718953012743620334e+00,1.000000000000000000e+01,0.000000000000000000e+00,0.000000000000000000e+00,6.907259407516002092e+00,3.971979641880828638e+00,1.511110760223231819e-01
1.013425456597992630e-01,5.382305106441947373e+00,9.610844393860906720e+00,1.434287419315600109e+00,1.000000000000000000e+01,7.678066189489066162e-02,1.840749510740188055e-01,7.832539821402436431e+00,4.000000000000000000e+00,2.286153834567513088e-01
2.176349909514260439e+00,9.763757805894353936e+00,9.552268359928357100e+00,3.293642876450283641e+00,9.232998088857971908e+00,1.507617072305004191e-01,2.631078897182001497e-02,7.900000000000000355e+00,3.006621130741495396e+00,1.533166810886745501e-01
2.441654900166923881e+00,1.047127403190162842e-01,7.482511822713814098e+00,1.000000000000000056e-01,9.242442062760181543e+00,1.155203316995483988e-02,0.000000000000000000e+00,7.900000000000000355e+00,4.000000000000000000e+00,1.499999999999999944e-01
1.577436544409073216e-01,1.051439581945430163e-01,1.000000000000000000e+01,1.000000000000000056e-01,9.035648037004447630e+00,1.000000000000000000e+00,1.000000000000000000e+00,7.866404255751125341e+00,3.961504151503165705e+00,2.463333749526157024e-01
3.650378309800146770e+00,1.000000000000000056e-01,7.745035359643654083e+00,1.006179899040551967e-01,1.000000000000000000e+01,2.902260929392887559e-02,0.000000000000000000e+00,7.899036582707586795e+00,3.961203021150733417e+00,1.499999999999999944e-01
4.236054432566424666e+00,1.000000000000000000e+01,6.360477044661778656e+00,3.502269945500236403e+00,9.544164591629588301e+00,9.453195263700987783e-02,0.000000000000000000e+00,7.660911802364411827e+00,2.200000000000000178e+00,1.513043807322457801e-01
1.029438998810708050e-01,1.000000000000000056e-01,4.804612256727407882e+00,1.000000000000000056e-01,1.000000000000000000e+01,4.354165953274120177e-02,1.444074092566320286e-02,7.889967748904665790e+00,3.994831891029076765e+00,2.461551572641472729e-01
1.000000000000000000e+01,1.085320213978672871e-01,8.139036233655536634e+00,1.033823638312447168e-01,1.000000000000000056e-01,9.238083072030542353e-02,2.976046598305197993e-02,7.900000000000000355e+00,3.969399593771165691e+00,2.500000000000000000e-01
1.060524109083433031e-01,9.950794271555373882e+00,8.925914711410566582e+00,6.252338765671183296e+00,8.995659827530326780e+00,0.000000000000000000e+00,4.150779120197846742e-03,7.900000000000000355e+00,2.683763032888657030e+00,1.508078492702971396e-01
1.000000000000000000e+01,3.423986896104958433e+00,8.417821986049737859e+00,4.007035874408946818e-01,1.016632968315974161e-01,0.000000000000000000e+00,4.731763102311835334e-02,7.875753589487249684e+00,2.200000000000000178e+00,1.499999999999999944e-01
1.125933262137131519e-01,1.000000000000000056e-01,9.170149199871893586e+00,1.016035563794834284e-01,9.242937666954496478e+00,0.000000000000000000e+00,0.000000000000000000e+00,7.900000000000000355e+00,3.943712654140917095e+00,1.499999999999999944e-01
1.026558281611595486e-01,7.316777123767929325e+00,8.905072039299794184e+00,1.000000000000000056e-01,1.000000000000000000e+01,1.020847932094854846e-02,1.767325383530024552e-02,7.878368549402797072e+00,3.997497909484060141e+00,1.973601006552301862e-01
9.460362781619759076e+00,6.180531967540850324e+00,1.000000000000000000e+01,3.608580327370918828e-01,1.000000000000000056e-01,7.337670049864925687e-03,0.000000000000000000e+00,7.900000000000000355e+00,2.262681140375744970e+00,1.596534872724267029e-01
1.076962298217992997e-01,1.000000000000000056e-01,8.535385905717394195e+00,1.029056068503663018e-01,9.375086899075217417e+00,6.699951174021207163e-03,0.000000000000000000e+00,7.900000000000000355e+00,3.964841847404047215e+00,1.499999999999999944e-01
9.827029886435013850e+00,1.000000000000000056e-01,6.604035459050774826e+00,1.056339735825193860e-01,1.071114917103239278e-01,1.574572839190531426e-01,0.000000000000000000e+00,7.894712138628629639e+00,4.000000000000000000e+00,2.449736367732321951e-01
1.000000000000000056e-01,1.062391435212699936e-01,5.099084241462287004e+00,1.020285172396727530e-01,9.743460904773050046e+00,0.000000000000000000e+00,1.609154940664227901e-02,7.802403390900553681e+00,3.976210940079240252e+00,2.500000000000000000e-01
1.015569853844115189e-01,1.039038837155422945e-01,4.772028663995487641e+00,9.698863047572724438e-01,9.486103640535830550e+00,4.817026287085236502e-01,5.064031292735251544e-01,7.756980988946843958e+00,2.585585353241568907e+00,2.500000000000000000e-01
1.017027515302025703e-01,1.043203950273891012e-01,6.297291255776301888e+00,1.013850603783684745e-01,1.000000000000000000e+01,2.187373355019483698e-02,1.048385682483250932e-02,7.900000000000000355e+00,3.998236395544446875e+00,2.461019182919912118e-01
1.023943658004881768e-01,5.839818809587879578e+00,1.000000000000000000e+01,1.000000000000000000e+01,9.733322853531253926e+00,1.651199430482471614e-02,1.741498653870373172e-03,7.900000000000000355e+00,2.613978218287669186e+00,1.518742294512188673e-01
1.000000000000000056e-01,1.034849971977085670e-01,7.823392372377693249e+00,8.864018904507830143e+00,9.783656782939532448e+00,6.014544870713001146e-02,2.119273504215500314e-01,7.747465046546233580e+00,2.307973037684714512e+00,2.144590914889248912e-01
2.163712458264251737e+00,1.000000000000000000e+01,9.791210122059437637e+00,3.134243413222182362e+00,9.286023968851091936e+00,1.231646014740697820e-01,0.000000000000000000e+00,7.900000000000000355e+00,3.044672184651734614e+00,1.544505670411834009e-01
1.106864549994711899e-01,1.000000000000000000e+01,8.418824953766497643e+00,5.334201973565255273e+00,7.825586109819401948e+00,1.685325800184569664e-02,3.449048954888447177e-02,7.871890295029697171e+00,3.491357368949235873e+00,1.499999999999999944e-01
1.017585250014593212e-01,9.758261951094997499e+00,9.964897582918899488e+00,1.000000000000000000e+01,1.000000000000000000e+01,3.528460091527318293e-02,1.346514415895311116e-02,7.781306716026357151e+00,2.200000000000000178e+00,1.499999999999999944e-01
1.923161109706310379e+00,1.000000000000000000e+01,7.338072530369907476e+00,9.582451511591830950e+00,1.000000000000000000e+01,9.724587076034385547e-02,0.000000000000000000e+00,7.900000000000000355e+00,2.255482459471854995e+00,1.499999999999999944e-01
2.730232472081283168e-01,1.000000000000000056e-01,9.175179978256833735e+00,4.548491200105888588e+00,5.860864923623426037e+00,4.329998128756048191e-03,0.000000000000000000e+00,7.893953019078917777e+00,4.000000000000000000e+00,2.462358563870455930e-01
5.602570116547163082e+00,8.447406273640046592e+00,6.826860364046986263e+00,6.323451611702598285e+00,1.051141767180368281e-01,1.044603692604957057e-01,3.821905855967873411e-02,7.831326356231159913e+00,2.769754632323420118e+00,1.541152450371960914e-01
1.000000000000000056e-01,1.041836405700749257e-01,8.075888230581877991e+00,1.027844225374237030e-01,1.000000000000000000e+01,3.316583446818971437e-02,0.000000000000000000e+00,7.860301816787927720e+00,4.000000000000000000e+00,2.500000000000000000e-01
9.644874005179318033e+00,1.000000000000000056e-01,9.668013979827241755e+00,1.463631892142614466e-01,1.000000000000000056e-01,0.000000000000000000e+00,0.000000000000000000e+00,5.823922360732176173e+00,4.000000000000000000e+00,1.627795528535044556e-01
1.041923739848182595e-01,1.000000000000000056e-01,8.705347890275945133e+00,9.121992821407381768e+00,1.000000000000000000e+01,2.592444805037898495e-03,2.583866825876850529e-02,7.900000000000000355e+00,2.823576262940647119e+00,1.506797988565113933e-01
9.629142734131576731e+00,1.009766474894941840e-01,7.757937847992213420e+00,1.000000000000000056e-01,1.000000000000000056e-01,1.265183693703452600e-02,1.536123918366074925e-01,7.882125660344053486e+00,4.000000000000000000e+00,2.482680964721182271e-01
1.000000000000000056e-01,1.078018937948985317e-01,7.480353447705439862e+00,1.000000000000000056e-01,9.528166718935436208e+00,0.000000000000000000e+00,0.000000000000000000e+00,7.900000000000000355e+00,3.965179174927826011e+00,2.476232644090450574e-01
9.547905910228470461e+00,3.842940420529685319e+00,7.703981961295148118e+00,6.838850313308919127e+00,9.532639466612396362e+00,7.586210666237711009e-02,2.166226693568479300e-02,7.806861034364068530e+00,2.229325350208115175e+00,1.499999999999999944e-01
1.000000000000000056e-01,9.316423975257714929e+00,1.000000000000000000e+01,9.593025866471823093e+00,9.927434281926970527e+00,0.000000000000000000e+00,2.499449308954167920e-02,7.863844449324749242e+00,3.946347504727905964e+00,1.503075204370415141e-01
4.972063873872483164e+00,5.138651223337144636e+00,5.925631188546109485e+00,5.364341828146747204e+00,1.083189088973888353e-01,7.414138925904051325e-02,9.766195089431923756e-03,7.883236951859298181e+00,2.552314776541173114e+00,1.499999999999999944e-01
5.255529780854470978e-01,1.081454677502474981e-01,9.224746541733374272e+00,1.059122180734815982e-01,4.143870714219183071e+00,0.000000000000000000e+00,6.896954321749537882e-03,7.745348727351679230e+00,3.973552054486133134e+00,2.179673697859444981e-01
7.432048904174386017e+00,1.031901469337469790e-01,8.892892953994765648e+00,1.000000000000000056e-01,9.431618520836623887e+00,1.783763487666293127e-02,2.768003569602510427e-02,7.784945563151800307e+00,4.000000000000000000e+00,1.578424950079960476e-01
1.000000000000000056e-01,1.046469775268079883e-01,8.522908266143524258e+00,1.012558652811239440e-01,1.000000000000000000e+01,0.000000000000000000e+00,0.000000000000000000e+00,7.900000000000000355e+00,3.995081881762610365e+00,2.471824971455546804e-01
1.000000000000000056e-01,1.076008448643916288e-01,6.268051711899099487e+00,1.000000000000000056e-01,1.000000000000000000e+01,2.372049094957393023e-02,3.278337827587529674e-02,7.687163587711376422e+00,4.000000000000000000e+00,2.500000000000000000e-01
2.973451407920293832e+00,1.000000000000000056e-01,7.626925983371742213e+00,1.000669374588465665e-01,1.000000000000000000e+01,5.702227413497285707e-05,3.770083724477257814e-02,7.820100115100853344e+00,3.919680676260713703e+00,1.625820170706484546e-01
8.464041603837575423e+00,2.130517645914026481e+00,8.601524230518105441e+00,9.714587372271880739e+00,1.000000000000000056e-01,0.000000000000000000e+00,0.000000000000000000e+00,7.585885199018724379e+00,2.200000000000000178e+00,1.569452072573990775e-01
1.000000000000000056e-01,7.314775381692914635e+00,9.668211164365024146e+00,1.086528903356567932e+00,1.000000000000000000e+01,2.061995348715400800e-02,9.639445805854934823e-03,7.900000000000000355e+00,4.000000000000000000e+00,1.857546371047771039e-01
7.275717521933957599e-01,9.239372306768483867e+00,8.232453824645990181e+00,3.028338147249709511e+00,7.955611986522106882e+00,1.956924687165468441e-02,3.169239184987680119e-02,7.900000000000000355e+00,3.343558669983875742e+00,1.499999999999999944e-01
1.000000000000000056e-01,1.090359060724016976e-01,5.050388713262900175e+00,1.063978693354408062e-01,9.056420474496814421e+00,9.865620019441826913e-03,0.000000000000000000e+00,6.953274538594635956e+00,4.000000000000000000e+00,2.500000000000000000e-01
1.012798398675473222e-01,1.000000000000000056e-01,5.629509272395444519e+00,1.020068783867144613e-01,1.000000000000000000e+01,1.582210897462437912e-02,5.019153528812762832e-03,7.774084960078692319e+00,4.000000000000000000e+00,2.500000000000000000e-01
9.984283714500755025e+00,1.000000000000000056e-01,9.674377265936016101e+00,1.029849544699355940e-01,1.000000000000000000e+01,5.594051564768344476e-02,8.612453206447517884e-03,7.756628118919534742e+00,3.951632636343108462e+00,1.595354924556970644e-01
1.018220360302371230e-01,1.000000000000000056e-01,8.284632825258068323e+00,1.000000000000000056e-01,1.000000000000000000e+01,0.000000000000000000e+00,1.067242904016752099e-02,7.900000000000000355e+00,4.000000000000000000e+00,2.387536812007902132e-01
2.697649645193720858e+00,1.033440582822358067e-01,9.128753729433546127e+00,4.934659849377289298e+00,9.980094937319265114e+00,9.578987523150954697e-01,1.000000000000000000e+00,7.900000000000000355e+00,3.943681030906447393e+00,2.500000000000000000e-01
1.000000000000000000e+01,1.000000000000000056e-01,5.895576706478119711e+00,1.000000000000000056e-01,1.056397724678872357e-01,1.555384314571476301e-01,7.949622320063323699e-02,7.900000000000000355e+00,4.000000000000000000e+00,2.400420255349277332e-01
1.000000000000000000e+01,1.002338309259094562e-01,6.546013149982320201e+00,1.045445110981414460e-01,1.058894113684842458e-01,1.337199235628217658e-02,1.649505809406166812e-01,7.739416402545617579e+00,4.000000000000000000e+00,2.500000000000000000e-01
1.000000000000000000e+01,5.560895379814049022e+00,9.161334447278562720e+00,3.677100863223406457e-01,1.078681074084473501e-01,7.056824550663493706e-03,3.270249763669784773e-03,7.900000000000000355e+00,2.200000000000000178e+00,1.558123967757137629e-01
1.000000000000000000e+01,1.031988696140558742e-01,9.894610596013214021e+00,1.004932303938254612e-01,3.696951609551835105e-01,2.053616590074695131e-02,6.615911016021533420e-02,6.792251419948851954e+00,3.958312853401028342e+00,1.530706035478592852e-01
1.000000000000000056e-01,7.896307371310084200e+00,9.495068340389668293e+00,4.508156564279339307e+00,1.000000000000000000e+01,0.000000000000000000e+00,6.874132173950157909e-02,7.880650075079419281e+00,4.000000000000000000e+00,1.994933852763380311e-01
9.029967633574482733e+00,1.065141299270103981e-01,8.452106233981748318e+00,1.053517900456157341e-01,9.664568668686865038e+00,3.405180284730390666e-02,4.146492179802993561e-03,7.900000000000000355e+00,3.645600617661967302e+00,1.499999999999999944e-01
9.200001962904892139e+00,1.000000000000000056e-01,1.000000000000000000e+01,1.000000000000000056e-01,3.564973292139867467e-01,6.091423160525675368e-02,2.116110224195864517e-02,5.090698389076665720e+00,3.947808338056044253e+00,1.515295751337037700e-01
3.589925592661252773e-01,9.901322599387601286e+00,8.884728679030160947e+00,3.706940138883787039e+00,6.289406334830411005e+00,3.574372085232876452e-03,0.000000000000000000e+00,7.900000000000000355e+00,2.850489394998366954e+00,1.499999999999999944e-01
1.000000000000000000e+01,1.035981522915591091e-01,4.740268775504063115e+00,1.000000000000000056e-01,1.000000000000000056e-01,9.958069362893879825e-03,5.667947031847457573e-02,7.880127638547184787e+00,3.050334099352568273e+00,1.635374481824738435e-01
4.636730601810632457e+00,5.039294813664101369e+00,4.698808809140920140e+00,2.347319732799522995e+00,1.129611362854569950e-01,1.181262439330403764e-02,0.000000000000000000e+00,7.792984384350512883e+00,2.675367876994389160e+00,1.499999999999999944e-01
1.019211462150144132e-01,1.091501130436583894e-01,5.403948582372271936e+00,1.037561254330093413e-01,1.000000000000000000e+01,0.000000000000000000e+00,1.911704985043216967e-02,7.900000000000000355e+00,3.996146598525349702e+00,2.500000000000000000e-01
1.000000000000000000e+01,1.674072769577765296e+00,1.000000000000000000e+01,9.103200939547994253e+00,1.000000000000000056e-01,2.988295547074731537e-02,3.722762386190887982e-03,7.900000000000000355e+00,2.200000000000000178e+00,1.499999999999999944e-01
1.061107255835745111e-01,1.000000000000000056e-01,8.875097173374221882e+00,1.000000000000000000e+01,1.000000000000000000e+01,1.731155750336451499e-02,1.986039692799166367e-01,7.900000000000000355e+00,2.254971690283441799e+00,1.499999999999999944e-01
1.107398154306068333e-01,3.339526340848943065e+00,9.829312941001274950e+00,8.114598969707250475e+00,9.908356439967546336e+00,4.874279265739588779e-02,0.000000000000000000e+00,6.864787752623344730e+00,3.945859537150486318e+00,1.502279742080615543e-01
1.051852075295978128e-01,1.000000000000000056e-01,4.801832953207086696e+00,1.015596071280822354e-01,1.000000000000000000e+01,0.000000000000000000e+00,8.462510682671507342e-03,7.862725949110577872e+00,4.000000000000000000e+00,2.500000000000000000e-01
1.000000000000000056e-01,1.058511709038992693e-01,9.313539068794867148e+00,1.000000000000000056e-01,9.478650840627466323e+00,0.000000000000000000e+00,1.933021632462567085e-02,7.900000000000000355e+00,3.928835448440675115e+00,1.989180778585659115e-01
6.813690347511510481e+00,4.417119124732569624e+00,5.371985732150741377e+00,5.220043186734704577e+00,1.020033132248943791e-01,3.234905409543516880e-02,1.049300112052595491e-01,7.848596397610196007e+00,3.345573448779827430e+00,1.515348225677015381e-01
1.000000000000000056e-01,1.000000000000000000e+01,6.614077222192054073e+00,1.000000000000000000e+01,9.685609638073627181e+00,1.486597635330049599e-02,8.099397843032143940e-02,7.900000000000000355e+00,2.200000000000000178e+00,1.499999999999999944e-01
1.042978441306599974e-01,1.019735120877386658e-01,8.416396358317291160e+00,1.000000000000000056e-01,9.751457698366348126e+00,9.300807741466601136e-03,3.533865471638173144e-03,7.682784178337817238e+00,3.845374574689991221e+00,2.236371684402528037e-01
1.009626368132514052e-01,5.450751358277920566e+00,8.638958417580051119e+00,1.064895083547789112e-01,9.207210291599693619e+00,1.184814158146031138e-01,2.439037274024763793e-02,7.900000000000000355e+00,3.974694431304436559e+00,1.867649717405775178e-01
1.104006845017173610e-01,1.039923930805206481e-01,9.768513024288820290e+00,9.718484426101140272e+00,1.000000000000000000e+01,0.000000000000000000e+00,1.883769823297232471e-01,7.700272928357727587e+00,2.211579205139569737e+00,2.500000000000000000e-01
1.000000000000000000e+01,1.000000000000000056e-01,7.491044350818329534e+00,1.055653722991690968e-01,1.027216824481636676e-01,2.069949949779437831e-02,1.613463464228325761e-01,7.819125007541995132e+00,3.920213762994614104e+00,2.466117096414792986e-01
1.026380134693243573e-01,1.000000000000000000e+01,4.881824651421077021e+00,2.199126331894979636e+00,5.458041847300357574e+00,1.717459429624969836e-01,0.000000000000000000e+00,7.900000000000000355e+00,2.200000000000000178e+00,1.529686245160581382e-01
5.784260487418961816e+00,1.001439026025826018e-01,8.201423896046726725e+00,1.067211696675420679e-01,9.737856298991191650e+00,0.000000000000000000e+00,0.000000000000000000e+00,7.891076751636365572e+00,3.967255904225253538e+00,1.579942227531065668e-01
8.900583894652809747e+00,7.869034892534747527e+00,9.076170632344089384e+00,1.056546490656876253e-01,1.000814545240521353e-01,3.735807806646161688e-02,3.431546266365751666e-03,7.900000000000000355e+00,2.404735282121678974e+00,1.499999999999999944e-01
1.014785480551371466e-01,1.007502046681235247e-01,8.887547762795412254e+00,9.598090279944091918e+00,9.959853511515644797e+00,2.743902677994229655e-03,9.809688903627260259e-02,7.900000000000000355e+00,2.544430761561902621e+00,2.311975310708953013e-01
9.368753196442982656e+00,1.092100013565518585e-01,7.063579165959972705e+00,1.000000000000000056e-01,1.000000000000000056e-01,3.487005032385109837e-02,5.027547411492516716e-02,7.900000000000000355e+00,3.908678596990424747e+00,2.499907707847573157e-01
3.637832856600327625e-01,9.933456997389763288e+00,8.391297055650708714e+00,4.123052370066337069e+00,7.299883641077990148e+00,0.000000000000000000e+00,0.000000000000000000e+00,7.847740819206561191e+00,2.903299345184118696e+00,1.499999999999999944e-01
1.000000000000000056e-01,1.000000000000000056e-01,5.258032657504113416e+00,1.000000000000000056e-01,9.220448475485721218e+00,7.957635036116952540e-03,2.371960462115244028e-02,7.900000000000000355e+00,3.936434798489025777e+00,2.453187542174998237e-01
7.268602405917579112e+00,8.145727566173610157e+00,1.000000000000000000e+01,4.895642115943617867e+00,1.000000000000000056e-01,6.892910422634726531e-02,0.000000000000000000e+00,7.891281392252216698e+00,3.707156729737917100e+00,1.499999999999999944e-01
1.846862043261957353e+00,1.000000000000000000e+01,7.530864695206871851e+00,1.000000000000000000e+01,1.000000000000000000e+01,8.581470916922129266e-02,3.669418247871353983e-02,7.783328705341709508e+00,2.218330088475251038e+00,1.499999999999999944e-01
9.975928580706478144e+00,2.658929009934051457e+00,9.868884988675199921e+00,9.712020648874014839e+00,1.000000000000000056e-01,0.000000000000000000e+00,2.367826917164980033e-02,7.789721947772361155e+00,2.200000000000000178e+00,1.557644461362504562e-01
9.735862414042822266e+00,1.017634241070303203e-01,7.793605974207913789e+00,1.004861409267826522e-01,1.000000000000000056e-01,0.000000000000000000e+00,1.811634859994251320e-02,7.798896471441763900e+00,3.979665198178804708e+00,2.500000000000000000e-01
2.925927107483646594e+00,1.019850247823261280e-01,9.131324908844852928e+00,1.000000000000000056e-01,1.000000000000000000e+01,2.610413774823937272e-02,2.679948468251538984e-02,7.900000000000000355e+00,4.000000000000000000e+00,1.508912851323674365e-01
1.000000000000000056e-01,1.000000000000000000e+01,7.954367202319391872e+00,5.791372819884692547e+00,1.000000000000000000e+01,1.829018086864128353e-02,3.073578553440186115e-02,7.900000000000000355e+00,2.843202805964918589e+00,1.499999999999999944e-01
9.775683375089478488e+00,1.043530907361392424e-01,5.399436404238667109e+00,1.019937417889202336e-01,1.081610275344905558e-01,7.115759096102809711e-02,5.339644297537183421e-02,7.896993882928756037e+00,4.000000000000000000e+00,2.500000000000000000e-01
1.001060085727668164e-01,1.003205505000903663e-01,5.699719958194597424e+00,1.010465775419456674e-01,1.000000000000000000e+01,0.000000000000000000e+00,2.420706017999566320e-02,7.900000000000000355e+00,3.835620223894919967e+00,2.500000000000000000e-01
9.129491835741012196e+00,6.482197581873013981e+00,9.810099633775870132e+00,1.006313223160041348e-01,1.010516830490019030e-01,2.983426904531247259e-02,2.698206371184301566e-02,7.900000000000000355e+00,2.448998428518601500e+00,1.499999999999999944e-01
1.000000000000000000e+01,4.991887697418921910e+00,6.924303702714913911e+00,1.000000000000000000e+01,1.014370195142905717e-01,5.800737122325068384e-02,2.189263253307898588e-02,7.803096760867984649e+00,2.256768593778742726e+00,1.499999999999999944e-01
1.000000000000000000e+01,1.038668208785528402e-01,6.779526538470820540e+00,1.000000000000000056e-01,1.000000000000000056e-01,0.000000000000000000e+00,1.305008387694261696e-01,7.732463331277214635e+00,4.000000000000000000e+00,2.487863389742076548e-01
1.000000000000000000e+01,1.000000000000000056e-01,6.123910389728527193e+00,1.043617832844032089e-01,1.000000000000000056e-01,1.727215484164925652e-01,0.000000000000000000e+00,7.890777254796802254e+00,3.949372126722354714e+00,2.500000000000000000e-01
1.002010319892842616e-01,3.400943445971128298e+00,9.542015652311302887e+00,8.229415453707744632e+00,8.529174906760747632e+00,8.507776267468509677e-04,0.000000000000000000e+00,7.028046546111735182e+00,3.963624979377626367e+00,1.560962092561556103e-01
1.000000000000000000e+01,1.042287090809462247e-01,8.072053189338179280e+00,6.512335745165974465e+00,1.028849315799074682e-01,0.000000000000000000e+00,1.701377245019448231e-02,7.876458700700359472e+00,2.467179970583995630e+00,1.537115701759448894e-01
1.000000000000000056e-01,5.887353025751519198e+00,9.143344160745012772e+00,1.000000000000000000e+01,1.000000000000000000e+01,3.699190982731164618e-02,3.247137821968348187e-02,7.895426458002497760e+00,2.674528770939128108e+00,1.499999999999999944e-01
2.164521431417976594e+00,1.000000000000000000e+01,9.991379195696746152e+00,3.693517591599856598e+00,9.108243627312630153e+00,1.249322366745830165e-01,9.296932301143373198e-03,7.900000000000000355e+00,3.095559497805064009e+00,1.555774776351983857e-01
9.797353211626443681e+00,3.290730525905884107e+00,7.439395506801427693e+00,4.410732502180524373e-01,1.068592010568904516e-01,0.000000000000000000e+00,3.739197436463272128e-02,7.835721408164908475e+00,2.202717987875402184e+00,1.499999999999999944e-01
9.692120783812956830e+00,1.029859628944982952e-01,9.862910898141240779e+00,1.000000000000000056e-01,9.715943148920494821e+00,2.079742678831614580e-02,8.798443240523957931e-02,7.900000000000000355e+00,3.880144794922527396e+00,1.608571732958967160e-01
1.006414736181525660e-01,1.000000000000000000e+01,7.034673166734110694e+00,9.888797118018995747e+00,7.034531507223571012e+00,7.250756834812718821e-02,2.170621538213204638e-01,7.900000000000000355e+00,2.321744565896214141e+00,1.499999999999999944e-01
9.452344248549636063e+00,8.984654780178214395e+00,8.406694533988218865e+00,7.328704726381875645e+00,1.000000000000000056e-01,0.000000000000000000e+00,6.116649816539820178e-03,7.826599351883933409e+00,2.342874523164997225e+00,1.507165835677141685e-01
1.000000000000000000e+01,1.000000000000000056e-01,7.265598343805253378e+00,1.070822304856810653e-01,1.000000000000000056e-01,4.145865193718518971e-03,3.398477747364327811e-02,7.900000000000000355e+00,3.957151829952924249e+00,2.478392104642300753e-01
1.000000000000000000e+01,5.706162908398807465e-01,9.289234826197278139e+00,9.302939853820877403e+00,1.000000000000000056e-01,2.364931862593685000e-02,4.514253864872743577e-02,7.900000000000000355e+00,2.200000000000000178e+00,1.499999999999999944e-01
1.000000000000000056e-01,1.000000000000000056e-01,4.796889690294953823e+00,1.000000000000000056e-01,9.172086446833709772e+00,9.246196292066485509e-03,0.000000000000000000e+00,7.740466716399214242e+00,3.437747403369819654e+00,2.500000000000000000e-01
1.027309435764503176e+00,9.786600092883537272e+00,9.172778138690398819e+00,3.987106761177174441e+00,9.244785711804359707e+00,2.479374081364995458e-02,1.841173101732527378e-02,7.900000000000000355e+00,2.938157349023584608e+00,1.596457026504458088e-01
2.817829741442598568e+00,1.035379924383515587e-01,8.720618090612143547e+00,1.009493199066500008e-01,1.000000000000000000e+01,0.000000000000000000e+00,0.000000000000000000e+00,7.879721776453072479e+00,3.981467647177707736e+00,1.594613033329242424e-01
1.000000000000000000e+01,1.026742250614384178e-01,9.028565287660814676e+00,1.044437306715285951e-01,9.862464184477486739e+00,1.725946827185753651e-02,0.000000000000000000e+00,7.861055046050839046e+00,3.866420363174892127e+00,1.509186778636474324e-01
1.056351182532672683e-01,1.095226318777939717e-01,7.424799393254250646e+00,9.360720540587477601e+00,1.000000000000000000e+01,5.039668483375232821e-02,1.918698385738175360e-01,7.900000000000000355e+00,2.286870058831870001e+00,1.762508784358036706e-01
9.426710791496494934e+00,7.171176486418000096e+00,8.901938465777623932e+00,1.000000000000000056e-01,1.000000000000000056e-01,0.000000000000000000e+00,0.000000000000000000e+00,7.900000000000000355e+00,2.409037998625510824e+00,1.499999999999999944e-01
9.799506340143640415e+00,1.032256492528366154e-01,9.916407083719665394e+00,1.000000000000000056e-01,1.000000000000000056e-01,9.044910721330620684e-02,2.527712082739442812e-01,7.900000000000000355e+00,4.000000000000000000e+00,2.457124076381793920e-01
1.084018499429122206e+00,1.000000000000000000e+01,9.502373258613319607e+00,3.680381698711093552e+00,1.000000000000000000e+01,2.366902465481910550e-02,1.032887774349618495e-02,7.864440971125893576e+00,2.906220461179028991e+00,1.499999999999999944e-01
1.000000000000000000e+01,1.022799982656489082e+00,7.799405574857281032e+00,9.404725033691450520e+00,1.059325109993577707e-01,6.277645870446982822e-03,1.709294120084720037e-03,7.900000000000000355e+00,2.234673432104775870e+00,1.513574035256443906e-01
2.243264098724392142e+00,1.053080054391265369e-01,7.698743235409789776e+00,1.063058108349016484e-01,1.000000000000000000e+01,0.000000000000000000e+00,0.000000000000000000e+00,7.789461583106554343e+00,4.000000000000000000e+00,1.499999999999999944e-01
1.201301146645597395e+00,1.037272858475976750e-01,9.775399217474280533e+00,1.082586524848837134e-01,8.119250951312727338e+00,1.000000000000000000e+00,9.967353863678223291e-01,7.817147347261870216e+00,4.000000000000000000e+00,2.160437996863907029e-01
1.000000000000000056e-01,1.000000000000000056e-01,1.000000000000000000e+01,1.174976483514873715e+00,9.641228269420027530e+00,4.462201990158051745e-02,3.275398123899421476e-02,7.900000000000000355e+00,2.328434304018882184e+00,1.538917597197337617e-01
1.017422354274548635e-01,9.572111229654540310e+00,8.263190853974681005e+00,5.943889094787080829e+00,1.000000000000000000e+01,0.000000000000000000e+00,3.871266827640706953e-02,7.900000000000000355e+00,2.665528150887875647e+00,1.499999999999999944e-01
1.000000000000000056e-01,1.103175884252132755e-01,9.810294924228543323e+00,1.000000000000000000e+01,1.000000000000000000e+01,1.831558917119717120e-02,1.739841030532007504e-01,7.900000000000000355e+00,2.200000000000000178e+00,2.500000000000000000e-01
4.133232620737975260e+00,4.158262758781769541e+00,4.394558322081815405e+00,2.940658998373645083e+00,1.059503742697551626e-01,8.432677532572308704e-03,1.608332971860682720e-03,7.851802903154466051e+00,3.876870062262860461e+00,1.521760141076014816e-01
3.536572295982253866e+00,3.971158451570651060e+00,4.592348028141987726e+00,2.638624708648537709e+00,1.000000000000000056e-01,4.165066243373423405e-02,0.000000000000000000e+00,7.732726719934006177e+00,3.775663490198072569e+00,1.572879475883900424e-01
6.483132485098068720e-01,3.490691960601010280e+00,7.018179074746561774e+00,7.140048638984186624e+00,9.809847178470592510e+00,5.349342621119983487e-01,4.893172363811597592e-01,7.900000000000000355e+00,2.413128066774254066e+00,1.499999999999999944e-01
1.005699930121669028e-01,9.516991713860923241e+00,6.170578473736743064e+00,8.264609113787116712e+00,1.000000000000000000e+01,0.000000000000000000e+00,6.531928855435914505e-02,7.884855845480694292e+00,2.200000000000000178e+00,1.499999999999999944e-01
5.716823017061845924e+00,1.000000000000000056e-01,7.274368494032906085e+00,1.021869861387995626e-01,1.000000000000000056e-01,9.929897169994985132e-03,5.568946833374235211e-02,7.447076572601298849e+00,4.000000000000000000e+00,1.499999999999999944e-01
1.000000000000000056e-01,1.186802269724009928e-01,5.663847845796347258e+00,1.014494715774919009e-01,1.000000000000000000e+01,7.486664394283058105e-03,2.489039180266516826e-02,7.827537099540312404e+00,3.860237994666359640e+00,2.379107731351201849e-01
8.960315128702736942e+00,9.252872675294309346e+00,9.863501884136621101e+00,5.668932442468779698e+00,1.000000000000000056e-01,5.387682855231785972e-02,0.000000000000000000e+00,7.849819135145176929e+00,2.295764079430156368e+00,1.647306816971972621e-01
1.000000000000000056e-01,1.000000000000000056e-01,5.927297048239366539e+00,1.044250002230682484e-01,1.000000000000000000e+01,5.729410551973375745e-03,1.182653903943823095e-02,7.900000000000000355e+00,4.000000000000000000e+00,2.500000000000000000e-01
5.598247516764351950e+00,4.820051308527318668e+00,4.887933135971697318e+00,7.079773634539409777e+00,1.000000000000000056e-01,1.517986705406272098e-02,1.441720105103241195e-02,7.900000000000000355e+00,2.530232462640333413e+00,1.499999999999999944e-01
2.889242006308544997e-01,1.029743132948259809e-01,9.530757241253780876e+00,3.991184819779444393e+00,5.506557500645445913e+00,2.064873438079796453e-02,2.487563416027694860e-02,7.900000000000000355e+00,3.951017291353214667e+00,2.392769978679224752e-01
1.000000000000000056e-01,6.817952168981229910e+00,9.370674741503121297e+00,1.057027046741240817e+00,9.615247680822188059e+00,3.963978065216087338e-02,3.049784114705479665e-02,7.877557518346905319e+00,3.907183118589538928e+00,1.777076223101348440e-01
9.635327373709245080e+00,1.000000000000000056e-01,9.007942932559275917e+00,1.000000000000000056e-01,1.000000000000000056e-01,1.754448461669397552e-01,7.483095327906263972e-02,7.779645923220199322e+00,4.000000000000000000e+00,2.500000000000000000e-01
6.518607452706553396e+00,1.017016785758209640e-01,6.858269863982675574e+00,1.048206187455441168e-01,1.247246182870207359e-01,0.000000000000000000e+00,0.000000000000000000e+00,7.286045400152497464e+00,4.000000000000000000e+00,1.499999999999999944e-01
5.781090068639715973e+00,8.966914871017944932e+00,6.241981452220376703e+00,6.368158384583110454e+00,1.000000000000000056e-01,9.903702334221410608e-02,2.218612945193574465e-03,7.888364619023978008e+00,2.600729517138661961e+00,1.599549498285325333e-01
6.834225362385638824e+00,1.000000000000000056e-01,1.000000000000000000e+01,1.000000000000000056e-01,1.000000000000000000e+01,0.000000000000000000e+00,0.000000000000000000e+00,7.783044340301507269e+00,3.994782744849279421e+00,1.506533329959323098e-01
1.040887485715640270e-01,1.011925678445223520e-01,8.527614599052416366e+00,1.014953046665419134e-01,9.402980542527878072e+00,4.342845966339156649e-02,1.546217513088736853e-02,7.900000000000000355e+00,3.986673290184491236e+00,1.710260926065291232e-01
1.023170765083030176e-01,9.649222235082719479e+00,9.843850487846818709e+00,8.821650356425736916e+00,1.000000000000000000e+01,0.000000000000000000e+00,6.016470607032090023e-02,7.900000000000000355e+00,2.280684913910503209e+00,1.499999999999999944e-01
3.480363326268375079e+00,4.135092209918160400e+00,4.720654445221459383e+00,2.325715901103567962e+00,1.034006388923201514e-01,1.085153187802035020e-02,0.000000000000000000e+00,7.900000000000000355e+00,3.732096329908945798e+00,1.513309764726144813e-01
1.000000000000000056e-01,5.478006847177621097e+00,5.179472027401267553e+00,5.892769172539360056e+00,1.000000000000000000e+01,9.516284820638400144e-02,6.455974604955030949e-02,7.900000000000000355e+00,2.200000000000000178e+00,1.499999999999999944e-01
9.702936121532035330e+00,1.000000000000000056e-01,4.584980325708033710e+00,1.000000000000000056e-01,1.000000000000000056e-01,2.270669414055147620e-02,0.000000000000000000e+00,7.900000000000000355e+00,4.000000000000000000e+00,2.464578804612475305e-01
1.000000000000000056e-01,1.000000000000000056e-01,5.419345983593403915e+00,1.030438385800860890e-01,9.645703954331764862e+00,0.000000000000000000e+00,0.000000000000000000e+00,7.754423891577578942e+00,4.000000000000000000e+00,2.500000000000000000e-01
1.000000000000000000e+01,1.000000000000000056e-01,6.032591256871105756e+00,1.000000000000000056e-01,1.101311840218129057e-01,7.346200106945185992e-02,8.511189181228519252e-02,7.846738510265221400e+00,4.000000000000000000e+00,2.500000000000000000e-01
9.439683857968809377e+00,1.898361216857819445e+00,9.424936784383051602e+00,5.012048299062923817e+00,1.000000000000000000e+01,2.722897245627962579e-03,0.000000000000000000e+00,7.900000000000000355e+00,2.237382619064196998e+00,1.499999999999999944e-01
9.581146024174394427e+00,1.065090207762075941e-01,1.000000000000000000e+01,1.000000000000000056e-01,9.176353406983272620e+00,1.890218079202652529e-02,5.337722837551285571e-02,7.900000000000000355e+00,2.591420822395984036e+00,1.828276992995886419e-01
3.936499777982822024e-01,1.000000000000000056e-01,8.053243691983833941e+00,1.000000000000000056e-01,9.864632483765106485e+00,1.553608242846911125e-01,0.000000000000000000e+00,7.861889549240785868e+00,3.963749701451507512e+00,1.799748541844013450e-01
9.507486941123996615e+00,1.000000000000000056e-01,8.586124963331283055e+00,1.061163513621730670e-01,1.038750752448854286e-01,1.261690504956910486e-01,1.200582526178396447e-01,7.900000000000000355e+00,3.916685961534168481e+00,2.500000000000000000e-01
8.556340799974845979e+00,5.453186044654307452e+00,8.973238786210263385e+00,4.066376860758122547e+00,1.000000000000000056e-01,4.046178311604914715e-03,5.282562437106098907e-03,7.837398644534643743e+00,4.000000000000000000e+00,1.499999999999999944e-01
6.960302396454829399e+00,1.032676878919750463e-01,7.146151306793534275e+00,1.000000000000000056e-01,1.114741819269054190e-01,3.223651924275525160e-02,1.678066030598173233e-02,7.243029698882222256e+00,4.000000000000000000e+00,1.560145334645973714e-01
9.278510731275700252e+00,6.175174795202935663e+00,1.000000000000000000e+01,3.513189767989367551e-01,1.000000000000000056e-01,1.113298138124302894e-01,7.472182308091112040e-04,7.900000000000000355e+00,2.344335274297423943e+00,1.557556606048426939e-01
1.000000000000000056e-01,4.883846574200928714e+00,9.881193732914484329e+00,2.568545095541029610e+00,9.616526079935349358e+00,0.000000000000000000e+00,5.360621120720713423e-02,7.881283904974371701e+00,3.903659903854293400e+00,1.932827890229866230e-01
8.046433801340533876e+00,6.279621640046766373e+00,8.193548442172509993e+00,1.000000000000000000e+01,1.080109926792379160e-01,0.000000000000000000e+00,0.000000000000000000e+00,7.835378832546170180e+00,2.318258397738140353e+00,1.558277927361701176e-01
1.005183978398677125e-01,1.049075415826553892e-01,1.000000000000000000e+01,9.194454389956744578e+00,9.903577080627290030e+00,0.000000000000000000e+00,0.000000000000000000e+00,7.766443883570916640e+00,2.739141081882895179e+00,1.570530707129874082e-01
3.704723329024959710e+00,3.634080141401068609e+00,4.123372540612277426e+00,2.555545881272653475e+00,1.068066565990035272e-01,9.059698860995467340e-03,0.000000000000000000e+00,7.900000000000000355e+00,2.761481621887819760e+00,1.499999999999999944e-01
6.657330803440675737e+00,4.667090314964843500e+00,4.953103863248780492e+00,7.017226670177198145e+00,1.004529841445797322e-01,0.000000000000000000e+00,2.383519615721805748e-02,7.900000000000000355e+00,2.568646249734503062e+00,1.499999999999999944e-01
1.027391799820029095e-01,1.045636002868573222e-01,7.610102007453584783e+00,1.024721189067993310e-01,9.836137433988772827e+00,2.623722664997209242e-02,4.298893099641177933e-03,7.737555936920494482e+00,4.000000000000000000e+00,2.453254706791164474e-01
1.000000000000000056e-01,9.728353449048954715e+00,8.549309676979081729e+00,9.103502378754107838e+00,9.926718236650405203e+00,0.000000000000000000e+00,0.000000000000000000e+00,7.900000000000000355e+00,2.738840175952342637e+00,1.499999999999999944e-01
1.000000000000000056e-01,8.452274661113985843e+00,1.000000000000000000e+01,6.683183047642031305e+00,1.000000000000000000e+01,4.136913931536036204e-02,3.964196579715052737e-02,7.834430094918427123e+00,4.000000000000000000e+00,1.605265788223461665e-01
1.000000000000000000e+01,1.000000000000000056e-01,6.089549703025959992e+00,1.062850504994050510e-01,1.011006550859202546e-01,1.682487846973533194e-02,5.304290059153032866e-02,7.860412243745919625e+00,2.709031896254868066e+00,1.499999999999999944e-01
1.015546725602551742e-01,1.011414815814227208e-01,5.340621851304847567e+00,1.000000000000000056e-01,1.000000000000000000e+01,0.000000000000000000e+00,0.000000000000000000e+00,7.900000000000000355e+00,4.000000000000000000e+00,2.498948842465601727e-01
1.000000000000000000e+01,1.000000000000000056e-01,5.222242754367539597e+00,1.045903668663810682e-01,1.040967619253116566e-01,1.180158741738033257e-01,2.082820485784381975e-02,7.900000000000000355e+00,3.997365609956950117e+00,2.484424682305481080e-01
1.059653342059486553e-01,5.203130839534806817e+00,7.978246522149444964e+00,1.080159280380089959e-01,1.000000000000000000e+01,4.961717738913511838e-02,2.590170299730789119e-02,7.900000000000000355e+00,3.837858974041778559e+00,2.042045987804863849e-01
9.941878420743291755e+00,1.016186991476931978e-01,6.388087793964701611e+00,1.079599679734355028e-01,1.000000000000000056e-01,8.322697555320031360e-02,9.982776875017233820e-02,7.674649139124176678e+00,4.000000000000000000e+00,2.500000000000000000e-01
1.000000000000000056e-01,1.095350434748645352e-01,1.000000000000000000e+01,1.052785294575216968e-01,9.639530621917932862e+00,1.173744141649564476e-02,0.000000000000000000e+00,7.850795641818521631e+00,3.974390437117617303e+00,2.439270687166580076e-01
1.000000000000000000e+01,6.628541067318584723e+00,7.357643851450566430e+00,9.733783685824091592e+00,1.007011867647517600e-01,7.041840047532409164e-03,0.000000000000000000e+00,7.900000000000000355e+00,2.227358863199063510e+00,1.499999999999999944e-01
1.000000000000000056e-01,1.077928732865868072e-01,9.937718316320124146e+00,1.000000000000000056e-01,1.000000000000000000e+01,2.815023558465057016e-02,7.263851374383046254e-03,7.824179260231939992e+00,4.000000000000000000e+00,2.218955143980381739e-01
1.000000000000000056e-01,1.086770418579307701e-01,1.000000000000000000e+01,1.015121549503965465e-01,1.000000000000000000e+01,1.435996527198385789e-02,4.300140956412834559e-02,7.900000000000000355e+00,4.000000000000000000e+00,1.499999999999999944e-01
7.741402465700202740e+00,1.000000000000000000e+01,7.952215642997463085e+00,1.000000000000000000e+01,1.065632081818153332e-01,2.969634508086272176e-02,3.055813979405607068e-03,7.900000000000000355e+00,2.240026148531113481e+00,1.614310090586823787e-01
1.025746051323501717e-01,1.000000000000000056e-01,7.323933852352187301e+00,1.016225076152245110e-01,1.000000000000000000e+01,0.000000000000000000e+00,1.818853744868492717e-02,7.763422022747128892e+00,4.000000000000000000e+00,2.500000000000000000e-01
8.831876941492138755e+00,2.454752793107478404e+00,9.128216382332864143e+00,1.000000000000000000e+01,1.030561959504061459e-01,0.000000000000000000e+00,0.000000000000000000e+00,7.792138088040198696e+00,2.212943972995500275e+00,1.499999999999999944e-01
1.056998326972134195e-01,9.232793638043904849e+00,5.701683573756319845e+00,4.709331745844317574e+00,9.964092620156513647e+00,7.633323875129181812e-02,1.980162292818542225e-02,7.830437816562654696e+00,2.200000000000000178e+00,1.499999999999999944e-01
3.944822836895283569e+00,3.522465226029593222e+00,4.108503045324249925e+00,2.610729662880267199e+00,1.000000000000000056e-01,1.759158079984141435e-02,2.522528968833745097e-02,7.882346122786670684e+00,2.815372308984491312e+00,1.499999999999999944e-01
1.055357750031056530e-01,2.832537224235739171e+00,4.791097741997313975e+00,6.792199274938864662e+00,9.021439629277429262e+00,1.437496189341637698e-01,1.370786225398380742e-01,7.850740305349244608e+00,2.205636843161963956e+00,1.499999999999999944e-01
1.000000000000000000e+01,1.061769553095068680e-01,7.716267117600760450e+00,1.000000000000000056e-01,1.017392919471199753e-01,0.000000000000000000e+00,4.204197792892164914e-02,7.900000000000000355e+00,3.977250845517104949e+00,2.461048628274052075e-01
1.000000000000000000e+01,1.038527706831066655e-01,1.000000000000000000e+01,1.039117556808512727e-01,9.779682535383178887e+00,1.683152346451971320e-03,4.063773145358087757e-02,7.868541564380970854e+00,3.307123195558797413e+00,1.904861909899293326e-01
9.182421712424066129e+00,1.000000000000000056e-01,6.303663537788967375e+00,1.067200710168476480e-01,1.000000000000000056e-01,4.151053196816592572e-02,5.411098135903440881e-02,7.875233250839572818e+00,2.771111127070279956e+00,1.499999999999999944e-01
1.000000000000000056e-01,8.274429225905429064e+00,8.896269594081987364e+00,9.796388953170712455e+00,8.228791465543789485e+00,2.450980416510375667e-02,3.991517964268539304e-02,7.882991865954596555e+00,2.417495261421439334e+00,1.499999999999999944e-01
5.168933883280160124e+00,3.140015027560249639e+00,4.289904204908607355e+00,2.790672595829128966e+00,1.033592851797315304e-01,0.000000000000000000e+00,3.640386424310384367e-02,7.900000000000000355e+00,3.309254016116986996e+00,1.521225628824935949e-01
9.457607227674253991e+00,5.528097155485069081e+00,8.895023812654006434e+00,3.492788866807006620e+00,9.499485142726804554e+00,1.029594603440736333e-01,2.605638069795695316e-02,7.900000000000000355e+00,2.255569540931797512e+00,1.543610168767457491e-01
1.000000000000000000e+01,1.000000000000000056e-01,6.393975870998990452e+00,1.016669533323127095e-01,1.000000000000000056e-01,8.663320244730214614e-02,1.701624101273326584e-01,7.884484918546665888e+00,3.862796141383047832e+00,2.500000000000000000e-01
1.000000000000000000e+01,1.045999561495129515e-01,9.400266108961988110e+00,1.000992503178476101e-01,1.000000000000000000e+01,1.660241257822380953e-02,2.400821010886972084e-02,7.900000000000000355e+00,3.341532777784994135e+00,1.829618291065638891e-01
1.000000000000000056e-01,6.109767613465862723e+00,1.000000000000000000e+01,1.000000000000000056e-01,1.000000000000000000e+01,8.517522109773184580e-02,1.530968253812215740e-01,7.900000000000000355e+00,4.000000000000000000e+00,2.360373733877670632e-01
1.000000000000000056e-01,1.000000000000000056e-01,9.273828234869723630e+00,1.000000000000000056e-01,1.000000000000000000e+01,0.000000000000000000e+00,6.803775879699835993e-02,7.862926110956873771e+00,4.000000000000000000e+00,1.951484169233442256e-01
1.000000000000000000e+01,1.007447912413126367e-01,9.930331878008610502e+00,1.000000000000000056e-01,1.000000000000000000e+01,8.498865421981392082e-03,3.718691842215573334e-02,7.786965750037365908e+00,2.655060549982796392e+00,1.795715184208140636e-01
2.608682728344686730e-01,1.029430893275832815e-01,9.120146818181099846e+00,1.000000000000000056e-01,9.622961981992450120e+00,0.000000000000000000e+00,0.000000000000000000e+00,7.900000000000000355e+00,3.899890244678031248e+00,1.537988373720907687e-01
8.636350746982085269e+00,9.132035386195683557e+00,6.828667844879440452e+00,4.919117655247122300e+00,1.000000000000000056e-01,1.262633087164688750e-01,0.000000000000000000e+00,7.900000000000000355e+00,2.275708247631516468e+00,1.530053634063542611e-01
1.055484095997735183e-01,1.097967247750784442e-01,5.663052377275481497e+00,1.078339865829746336e-01,9.864441354109144910e+00,2.319355976984928749e-02,3.356705539459101800e-02,7.900000000000000355e+00,3.922946644809896632e+00,2.475771950796309684e-01
9.583828987606434424e+00,3.459986059587921936e+00,8.203136120171997447e+00,3.834720058012943134e-01,1.051512999501175438e-01,1.161996187186417617e-02,4.499875437965694669e-02,7.885143676448080008e+00,2.225557325058156621e+00,1.499999999999999944e-01
9.511839989069127199e+00,1.000000000000000056e-01,5.170535448554299585e+00,1.175376373086632065e-01,1.070632936612619379e-01,0.000000000000000000e+00,4.608216129535432082e-02,7.837954711624186110e+00,3.952701264492231914e+00,2.412317521450644542e-01
1.000000000000000056e-01,9.850449546046133875e+00,8.034819389051914840e+00,9.946201515956156314e+00,9.773623848651215695e+00,0.000000000000000000e+00,4.268895940423859253e-02,7.900000000000000355e+00,2.638102299891001312e+00,1.518902379834590199e-01
1.037145760548877221e-01,4.330448303478792837e+00,8.522326989369494399e+00,1.000000000000000056e-01,9.632593739580197933e+00,0.000000000000000000e+00,2.272807795562267058e-02,7.900000000000000355e+00,4.000000000000000000e+00,2.024538793988488738e-01
1.000000000000000000e+01,1.000000000000000056e-01,6.147231994468723926e+00,1.056338021832930463e-01,1.012341682804758919e-01,6.324741434165885579e-03,1.142434029971850645e-01,7.900000000000000355e+00,3.970134535625005068e+00,2.500000000000000000e-01
6.423328634004238147e+00,2.242010615794481243e+00,7.480672827750439957e+00,5.093182474825727724e+00,9.967686634345358954e+00,1.043403642757233241e-02,1.668791140256436004e-02,7.848944212804735088e+00,2.238503485203870991e+00,1.542096249908552208e-01
2.123327051513361763e+00,1.097079838526459628e-01,3.174771184464280971e+00,1.000000000000000056e-01,1.000000000000000056e-01,2.644764027541613230e-02,5.924597023715476307e-02,7.900000000000000355e+00,3.995870766272371810e+00,1.499999999999999944e-01
9.768348277700180660e+00,2.188495850684647248e+00,8.535709744354623041e+00,1.000000000000000000e+01,1.080811532722973367e-01,0.000000000000000000e+00,1.698070879395092297e-02,7.824522326680671824e+00,2.216908070781432372e+00,1.499999999999999944e-01
1.000000000000000056e-01,9.148549074269981318e+00,9.260399234232508547e+00,1.000000000000000000e+01,9.428293333050477898e+00,1.010396920948792299e-01,1.277319117227449785e-01,7.900000000000000355e+00,2.346725580055752047e+00,1.499999999999999944e-01
6.016844175739361589e+00,1.030261968582886073e-01,1.000000000000000000e+01,1.000000000000000056e-01,1.000000000000000056e-01,3.564961603461203055e-03,0.000000000000000000e+00,6.495178189637284660e+00,3.883302662929757343e+00,1.499999999999999944e-01
2.298160559331277331e-01,1.029790984821565281e-01,1.000000000000000000e+01,1.037261935766657928e-01,1.000000000000000000e+01,0.000000000000000000e+00,1.592502003889617601e-02,7.900000000000000355e+00,3.986009219395862058e+00,1.499999999999999944e-01
9.449438886648861669e+00,1.095168130517402694e-01,9.166498126474554198e+00,1.000000000000000056e-01,9.816235196244745609e+00,1.470098008907021192e-02,1.359973794015770926e-02,7.894438179649144516e+00,2.830410842776455826e+00,1.499999999999999944e-01
1.078731433348078667e-01,9.290256269563395009e+00,5.505876397184424675e+00,4.661657424816567641e+00,9.427524098593760726e+00,1.152259799884464836e-01,0.000000000000000000e+00,7.900000000000000355e+00,2.200000000000000178e+00,1.499999999999999944e-01
1.042923475637336228e-01,1.005226971291917348e-01,8.000621028307065785e+00,1.000000000000000056e-01,9.851511312405840215e+00,3.274162002405416744e-02,1.963025950590877727e-02,7.900000000000000355e+00,4.000000000000000000e+00,2.500000000000000000e-01
1.000000000000000000e+01,1.086614546351597349e-01,9.310243617164424279e+00,1.000000000000000056e-01,9.390511202231344612e+00,3.020642834729238280e-02,5.737904998156415082e-02,7.893508899572286630e+00,4.000000000000000000e+00,1.499999999999999944e-01
9.591704056772019982e+00,1.000000000000000056e-01,1.000000000000000000e+01,1.013025971702638944e-01,1.516174830809964846e-01,5.027201073665219996e-03,3.244873336046760846e-03,4.999445570733092481e+00,4.000000000000000000e+00,1.583143268227014677e-01
1.000000000000000056e-01,8.527857070274544427e+00,9.536159785700755620e+00,9.585840337470724393e+00,1.000000000000000000e+01,1.003272727274441209e-02,2.253365335919615270e-03,7.842151843992112958e+00,4.000000000000000000e+00,1.655369216994991843e-01
6.311592020763087119e-01,1.000000000000000056e-01,1.000000000000000000e+01,1.000000000000000056e-01,3.761210763574399873e+00,6.836782795561636983e-03,0.000000000000000000e+00,7.900000000000000355e+00,3.945783501460913278e+00,2.341870314939688835e-01
9.558601505149393773e+00,1.039691015872628577e-01,1.000000000000000000e+01,1.000000000000000056e-01,1.449436085178685274e-01,0.000000000000000000e+00,1.385211387337288540e-02,4.972507383518564694e+00,3.899973247925747621e+00,1.499999999999999944e-01
2.197361962557934589e+00,1.000000000000000056e-01,2.922101647551668790e+00,1.000000000000000056e-01,1.000000000000000056e-01,3.033281859691894580e-02,7.355376650221731594e-02,7.810045498064727809e+00,3.979058998842987194e+00,1.544106251399499363e-01
1.000000000000000000e+01,1.003223043117002916e-01,1.000000000000000000e+01,1.000000000000000056e-01,9.341141329713378738e+00,1.656260131201164887e-02,6.478415202842746634e-02,7.764373934661545462e+00,2.664615726166807974e+00,2.328516096616392583e-01
9.961273874116269411e+00,1.036302152682385264e-01,1.000000000000000000e+01,1.049130465283779901e-01,1.000000000000000056e-01,5.208855350478854701e-02,3.527350634724030209e-02,7.889824498848149403e+00,4.000000000000000000e+00,2.500000000000000000e-01
9.614551967221496298e+00,1.074862931466307042e-01,8.008866341334453409e+00,1.000000000000000056e-01,1.035329101192566797e-01,2.182738553584594454e-01,2.459667538768499015e-02,7.851299388727517758e+00,4.000000000000000000e+00,2.451727948144555580e-01
9.573997016771111035e+00,1.028205607928338455e-01,6.726822689992757454e+00,1.171675604074768756e-01,1.096855154584794739e-01,2.864132722264768963e-02,5.508783859242563641e-02,7.817677021588303354e+00,4.000000000000000000e+00,2.453164025644087309e-01
1.000000000000000056e-01,1.081844587752886916e-01,1.000000000000000000e+01,1.000000000000000056e-01,9.702793944243312652e+00,0.000000000000000000e+00,0.000000000000000000e+00,7.794385417170031971e+00,3.960465685678503434e+00,2.405895400686098584e-01
1.004986730761702057e-01,5.624557087487732865e+00,9.572667121634548693e+00,1.331967740094369468e+00,9.374726932994478901e+00,6.772685583475895887e-02,1.720646743017818225e-01,7.900000000000000355e+00,3.939150554367513379e+00,2.315230110602053137e-01
1.000000000000000056e-01,1.070588992573034415e-01,9.170471294595081702e+00,1.020806865375791378e-01,1.000000000000000000e+01,0.000000000000000000e+00,0.000000000000000000e+00,7.900000000000000355e+00,3.961823206214000859e+00,1.540608476223720158e-01
9.290501584981367245e+00,1.000000000000000056e-01,6.410725860468666326e+00,1.018122425407090026e-01,1.000000000000000056e-01,1.053733977410008793e-01,1.442100706135890642e-01,7.887542761352732690e+00,3.968260001782853763e+00,2.454305675876046755e-01
9.899934934261709785e+00,8.913125492636154945e+00,8.204836411326445145e+00,8.748406799638551945e+00,9.886178172480533988e+00,3.033481578059439576e-02,3.162111480321205120e-02,7.900000000000000355e+00,2.222307248549484804e+00,1.499999999999999944e-01
1.000000000000000000e+01,1.006756060428184996e-01,5.766617411549124661e+00,1.036033069870925249e-01,1.009210207363987755e-01,4.814349131753366956e-02,6.634895237738622220e-02,7.900000000000000355e+00,4.000000000000000000e+00,2.445838426578347269e-01
1.000000000000000000e+01,1.000000000000000056e-01,7.633743576873644798e+00,1.000000000000000056e-01,1.000000000000000056e-01,1.040644948682719478e-03,8.812428541741204602e-02,7.900000000000000355e+00,4.000000000000000000e+00,2.500000000000000000e-01
2.340358173541859710e+00,8.871569005642561123e+00,6.549760439686487246e+00,2.559604920793128180e+00,4.773614248018907880e+00,1.000000000000000000e+00,9.971801103382673670e-01,7.900000000000000355e+00,2.659351248662922274e+00,1.499999999999999944e-01
1.000000000000000056e-01,1.060731279238629893e-01,9.832602862130828569e+00,9.897932720859477840e+00,9.941216820084173733e+00,0.000000000000000000e+00,2.213632940804460825e-02,7.851479420494738015e+00,2.842159461216858141e+00,1.555596386494468020e-01
1.068407826748875022e-01,1.000000000000000056e-01,5.409203412599276284e+00,1.000000000000000056e-01,1.000000000000000000e+01,0.000000000000000000e+00,1.949722223394817272e-03,7.856818986899018142e+00,4.000000000000000000e+00,2.489603743772363376e-01
1.000000000000000056e-01,7.657443452338466017e+00,9.727843465944943091e+00,4.319751011980546451e+00,9.751150889693770196e+00,5.372653697411919685e-03,5.854665771565306653e-02,7.822978638445897026e+00,3.962317569794559624e+00,2.044955126222464392e-01
1.000000000000000000e+01,1.068649323800645728e-01,5.655825513299590490e+00,1.000000000000000056e-01,1.055112195289752003e-01,2.596031583435256737e-02,6.190468707692320730e-03,7.898181030516972179e+00,3.975542655031129247e+00,2.478490985741264863e-01
1.017965198882180289e-01,1.000000000000000056e-01,8.336809330005351626e+00,9.214096858937894652e+00,9.801106222734357942e+00,8.607692703110007837e-02,1.698590273538303497e-01,7.900000000000000355e+00,2.262177935402063689e+00,1.611264005648242736e-01
7.416913451868274443e-01,9.499542685012869470e+00,7.052344811821827264e+00,3.207504607157245058e+00,8.434021163338366378e+00,1.398520024748994318e-02,0.000000000000000000e+00,7.900000000000000355e+00,3.277730267748626414e+00,1.539707281626207236e-01
3.729059150875286832e-01,1.000000000000000000e+01,8.444831271660451222e+00,4.158169268618244985e+00,6.825989433633338876e+00,0.000000000000000000e+00,0.000000000000000000e+00,7.900000000000000355e+00,2.733279495789310065e+00,1.499999999999999944e-01
1.000000000000000056e-01,1.000000000000000056e-01,9.130080457665044946e+00,1.000000000000000056e-01,9.452795138125630103e+00,0.000000000000000000e+00,2.710113503491960729e-02,7.874358047820870787e+00,4.000000000000000000e+00,2.500000000000000000e-01
1.034815532607054056e-01,1.000000000000000056e-01,5.298887066926784684e+00,1.000000000000000056e-01,1.000000000000000000e+01,1.606973465246405025e-02,3.860099637028660546e-02,7.770677142600083798e+00,3.926500484844514194e+00,2.445017903625611444e-01
3.960125187071064978e+00,4.245162432040666012e+00,4.669306683001476443e+00,2.677758204187608015e+00,1.026894777075728071e-01,0.000000000000000000e+00,0.000000000000000000e+00,7.900000000000000355e+00,3.858932267890412326e+00,1.505467606887783971e-01
5.959100734304007219e+00,8.267225514537910769e+00,7.641359550814003754e+00,6.154119631128612156e+00,1.000000000000000056e-01,9.036457178352491626e-02,4.510641067186218350e-02,7.900000000000000355e+00,2.692124905358475928e+00,1.499999999999999944e-01
5.239648052281545842e-01,1.000000000000000056e-01,9.636737706480658971e+00,1.042844719238347900e-01,9.514022295045934996e+00,0.000000000000000000e+00,3.080015069427998950e-02,7.900000000000000355e+00,3.912814419571649882e+00,1.499999999999999944e-01
1.000000000000000000e+01,4.648211526929229898e+00,8.719545166217534060e+00,1.000000000000000000e+01,1.000000000000000000e+01,0.000000000000000000e+00,3.511889379974023756e-02,7.900000000000000355e+00,2.239169904027676239e+00,1.513275006923947286e-01
4.802476301068127285e+00,5.266882599692340072e+00,6.682423066482690466e+00,4.643502358262749929e+00,1.059285076394394648e-01,1.097711023738844882e-01,4.059634771683529042e-02,7.900000000000000355e+00,2.583441162746856534e+00,1.591807508785628988e-01
1.000000000000000000e+01,1.000000000000000056e-01,1.000000000000000000e+01,1.000000000000000056e-01,4.085302264088713775e-01,0.000000000000000000e+00,4.395847983763530309e-02,6.765598869856090047e+00,3.860887394738377054e+00,1.502632253525047479e-01
1.017799514287636709e-01,9.192475820551452514e+00,1.000000000000000000e+01,1.000000000000000000e+01,1.000000000000000000e+01,1.359103278334062789e-03,3.545803751045031871e-02,7.818613095256512935e+00,4.000000000000000000e+00,1.511206720591535824e-01
7.927810486862263417e+00,4.468948577013430068e+00,5.931018496511093474e+00,9.884545003326413948e+00,1.224957090695111134e-01,3.771248243684231782e-02,9.577279689504529514e-02,7.900000000000000355e+00,2.278038185052519093e+00,1.520064739521386765e-01
9.641374910690025501e+00,5.182165610648746146e+00,8.620299477301776037e+00,3.245029560360109588e+00,9.261871948095189211e+00,8.731534372405241884e-02,2.540572870452825066e-02,7.900000000000000355e+00,2.228732048329310711e+00,1.542406445950196825e-01
1.045333304663639939e+00,1.090930691855877960e-01,7.951272668900315921e+00,1.112481467141139685e-01,9.882228318524404642e+00,1.484475225088425403e-03,1.824065514256954443e-02,7.900000000000000355e+00,3.906826479520395523e+00,1.499999999999999944e-01
1.064138437353502609e-01,9.359213206148528030e+00,1.000000000000000000e+01,9.546779250094184377e+00,9.474002384874365745e+00,1.410672977006590181e-02,9.076934597734469604e-03,7.900000000000000355e+00,2.200000000000000178e+00,1.499999999999999944e-01
1.112490357065154117e-01,1.020149209738232393e-01,9.690875816549986865e+00,3.747903677508542586e+00,7.754766958808058774e+00,5.056029784333119365e-02,0.000000000000000000e+00,7.743737117703590300e+00,3.856418558350334980e+00,1.565614032880112694e-01
1.000000000000000056e-01,1.000000000000000000e+01,1.000000000000000000e+01,9.720435408799017907e+00,1.000000000000000000e+01,0.000000000000000000e+00,1.412545449606133346e-02,7.900000000000000355e+00,3.392359935934453841e+00,1.556287391913280527e-01
9.155766682622068942e+00,1.036234000561612745e-01,6.089108221421168032e+00,1.044845499356295976e-01,1.000000000000000056e-01,3.128204500559046697e-02,1.013825699713964412e-01,7.872438577385908687e+00,3.948190434534850191e+00,2.500000000000000000e-01
8.612770303810192374e+00,9.718098830724326120e+00,8.158290553606803996e+00,9.474130972757249580e+00,1.100716018464861501e-01,0.000000000000000000e+00,0.000000000000000000e+00,7.900000000000000355e+00,2.998668169873080380e+00,1.499999999999999944e-01
1.000000000000000056e-01,1.097299260620130668e-01,4.711660742718406070e+00,1.000000000000000056e-01,9.860684057070246311e+00,0.000000000000000000e+00,3.717594149890696142e-02,7.824899050141399748e+00,3.373423933079405579e+00,2.466658858598025361e-01
1.023476389917444274e-01,8.853103282474190650e+00,9.309608299517948993e+00,1.000000000000000000e+01,1.000000000000000000e+01,2.560592986367491233e-02,0.000000000000000000e+00,7.861477309947400904e+00,3.755412587332451757e+00,1.499999999999999944e-01
1.000000000000000000e+01,2.211102339668326255e+00,9.444776308456354741e+00,4.946029694812174249e+00,9.968568994100388991e+00,8.698485033072732645e-03,2.449662136865069645e-03,7.900000000000000355e+00,2.200000000000000178e+00,1.570850240993541536e-01
9.841915065343322055e+00,1.000000000000000056e-01,8.150116094075416484e+00,1.000000000000000056e-01,1.000000000000000056e-01,2.645108617158030417e-02,2.987816623458375634e-02,7.775669492777304903e+00,4.000000000000000000e+00,2.500000000000000000e-01
9.768597704878382970e+00,2.607335384665367517e+00,9.534560875148148540e+00,9.664093999593163176e+00,1.000000000000000056e-01,0.000000000000000000e+00,5.118204984009035174e-03,7.900000000000000355e+00,2.200000000000000178e+00,1.499999999999999944e-01
7.468810722227498644e+00,1.022648521029795587e-01,1.000000000000000000e+01,1.000000000000000056e-01,9.274539385940245850e+00,1.207017066356474815e-02,3.216673371492861921e-02,7.897187434106125004e+00,3.910157211268638466e+00,1.538858197536308592e-01
1.000000000000000056e-01,4.818941915379236107e+00,9.787067641234500570e+00,8.629095048761245224e+00,8.793483110449299645e+00,2.700170564324676226e-02,6.328963617224932572e-03,7.900000000000000355e+00,3.917542700164422076e+00,1.499999999999999944e-01
8.155135282333686675e+00,1.000000000000000056e-01,1.000000000000000000e+01,1.000000000000000056e-01,1.000000000000000056e-01,7.886130497793228389e-02,1.110858357589590423e-01,5.698093362094419412e+00,3.923764099704373898e+00,1.504596030847279997e-01
1.000000000000000056e-01,6.325987084383987380e+00,9.541801110981904088e+00,7.972995514987019305e+00,1.000000000000000000e+01,0.000000000000000000e+00,7.090582813867193912e-02,7.843671286269665366e+00,2.860510582244865319e+00,1.580196087789964565e-01
1.000000000000000056e-01,1.029455460023064872e-01,7.930542075473655750e+00,1.001734824381060457e-01,1.000000000000000000e+01,0.000000000000000000e+00,0.000000000000000000e+00,7.849221346589245307e+00,4.000000000000000000e+00,2.500000000000000000e-01
9.943820772902807192e+00,1.000000000000000056e-01,9.263997870838879933e+00,1.000000000000000056e-01,1.000000000000000056e-01,9.126045288008227674e-02,0.000000000000000000e+00,7.900000000000000355e+00,3.997360009414083759e+00,2.500000000000000000e-01
1.183806985583414129e+00,1.058351180685461745e-01,8.162243722000258828e+00,1.000000000000000056e-01,1.000000000000000000e+01,2.201281678312651813e-01,7.284122554956232176e-02,7.756779984035223841e+00,3.792139970099144275e+00,1.512747844144044229e-01
9.991421815399926132e+00,1.044556354674300858e-01,6.121359900929000730e+00,1.000000000000000056e-01,1.000000000000000056e-01,0.000000000000000000e+00,3.312946963585875620e-02,7.892313515485024134e+00,4.000000000000000000e+00,2.475372029380447092e-01
1.022647375085929539e-01,1.000000000000000000e+01,7.261280927885511716e+00,1.000000000000000000e+01,1.000000000000000000e+01,1.810686230890684242e-02,3.093928608532876996e-03,7.812556095971795678e+00,2.200000000000000178e+00,1.499999999999999944e-01
3.719952497046294937e+00,3.805718200028821219e+00,4.895858621481893103e+00,2.764970161465126530e+00,1.000000000000000056e-01,0.000000000000000000e+00,0.000000000000000000e+00,7.801854773466809334e+00,3.945980336341037731e+00,1.499999999999999944e-01
1.089776934295784011e-01,1.000000000000000000e+01,8.911364818319700731e+00,4.224703298823359710e+00,1.000000000000000000e+01,5.616216804300321053e-02,1.565743071751644622e-01,7.877615097896386587e+00,3.441693443920514461e+00,1.558478353003524830e-01
1.028227284596115593e-01,1.124155302685576063e-01,4.714917309777504784e+00,1.000000000000000056e-01,1.000000000000000000e+01,0.000000000000000000e+00,0.000000000000000000e+00,7.890884643901951101e+00,4.000000000000000000e+00,2.440263324921691512e-01
1.000000000000000056e-01,7.958465272474272822e+00,8.597149589034955852e+00,6.962143538147246957e+00,9.027300546802059955e+00,0.000000000000000000e+00,9.763219085907404518e-03,7.746508891430201160e+00,3.946427021805046564e+00,1.574041431349066655e-01
9.671340017468754269e+00,6.129264606434807305e+00,9.791577928540712961e+00,3.693081626584654997e-01,1.041601469186774209e-01,1.644456527923054412e-01,0.000000000000000000e+00,7.772389968034542740e+00,2.261137792674954294e+00,1.524027528891043759e-01
1.000000000000000056e-01,1.056153639996363219e-01,9.040096830176556963e+00,1.000000000000000056e-01,9.120026752891460475e+00,0.000000000000000000e+00,4.242660866478847881e-02,7.900000000000000355e+00,4.000000000000000000e+00,2.429819022440030396e-01
1.043083099688096038e-01,5.582212309904097225e+00,9.444716060888540099e+00,9.686794334215981905e+00,9.789896633348702082e+00,7.263362427983201600e-03,7.185169478850005585e-03,7.826543982158487012e+00,2.654895912486359144e+00,1.499999999999999944e-01
9.664861066624268915e+00,2.636312678992684955e+00,9.669289642894524306e+00,1.000000000000000000e+01,1.049293475373717643e-01,0.000000000000000000e+00,1.580906579354969185e-02,7.758089503604763237e+00,2.340508689177237311e+00,1.516594279688471270e-01
8.180356767305182686e+00,1.047140140568842831e-01,1.000000000000000000e+01,1.003922100288928976e-01,8.330631627637700376e+00,0.000000000000000000e+00,0.000000000000000000e+00,7.623590875622731744e+00,3.948444304242530567e+00,1.557169928329834308e-01
3.594408857541948166e+00,1.000000000000000056e-01,8.293727586028749599e+00,1.000000000000000056e-01,1.000000000000000000e+01,0.000000000000000000e+00,2.382708785525084264e-02,7.835528627321012074e+00,3.971536733717984102e+00,1.499999999999999944e-01
1.000000000000000056e-01,7.253987451157621003e+00,9.419040060159964867e+00,4.805048146777092022e+00,1.000000000000000000e+01,3.323294913276709367e-02,2.570657521034001858e-02,7.855475148030331312e+00,3.945475668285478577e+00,1.858454809935242147e-01
1.077259163906066491e-01,1.089061059126876646e-01,5.456933945259057062e+00,1.000000000000000056e-01,1.000000000000000000e+01,0.000000000000000000e+00,0.000000000000000000e+00,7.842358500442934144e+00,3.988216347268283890e+00,2.500000000000000000e-01
1.000000000000000056e-01,1.000000000000000056e-01,8.309509052060503720e+00,1.057873944553312379e-01,1.000000000000000000e+01,3.502977829017594330e-02,0.000000000000000000e+00,7.852013909399627067e+00,4.000000000000000000e+00,2.419292345938272026e-01
1.000000000000000000e+01,4.862479724240675871e+00,6.590117759117867458e+00,1.000000000000000000e+01,1.011243428213412232e-01,3.697075008283001035e-02,3.277334076124131801e-02,7.816255037658595306e+00,2.200000000000000178e+00,1.499999999999999944e-01
9.400673392148890528e+00,1.021771335544147397e-01,1.000000000000000000e+01,1.000000000000000056e-01,9.146160742612881478e+00,1.205611428853801959e-02,2.391290074563744844e-02,7.900000000000000355e+00,3.978799506344700809e+00,1.574737365682517543e-01
1.000000000000000056e-01,1.032891582865637231e-01,5.213592044536645709e+00,1.000000000000000056e-01,9.187410865496204337e+00,0.000000000000000000e+00,1.390282672606250707e-02,7.900000000000000355e+00,4.000000000000000000e+00,2.500000000000000000e-01
6.294809073656498555e+00,1.017486510185317272e-01,8.891837674207158315e+00,1.000000000000000056e-01,9.438585905053161085e+00,4.443911037713647871e-02,0.000000000000000000e+00,7.862252237741471639e+00,4.000000000000000000e+00,1.536501068797890002e-01
9.032571686578851455e+00,1.000000000000000000e+01,6.818160492402086881e+00,9.045738127289071784e+00,1.088300225632194418e-01,2.467351169832307858e-02,1.486962830771770697e-03,7.860424290725978480e+00,2.200000000000000178e+00,1.499999999999999944e-01
1.000000000000000056e-01,1.111986983060839623e-01,5.733037467060018599e+00,1.060689327028018908e-01,8.846298568599639367e+00,0.000000000000000000e+00,0.000000000000000000e+00,7.828314993320137916e+00,4.000000000000000000e+00,2.500000000000000000e-01
1.000000000000000056e-01,6.165021016248871888e+00,1.000000000000000000e+01,1.000000000000000000e+01,9.363790873345960719e+00,0.000000000000000000e+00,0.000000000000000000e+00,7.889563773686668391e+00,2.759318609775474052e+00,1.526110061384156891e-01
1.000000000000000056e-01,1.087821958648041987e-01,7.323694006541447976e+00,9.483597259513615541e+00,7.018694276801933363e+00,3.378109166225483351e-02,1.716221295879653275e-01,7.900000000000000355e+00,2.200000000000000178e+00,1.499999999999999944e-01
1.008899261042575657e-01,9.575956162047759790e+00,7.171500109850081017e+00,1.000000000000000000e+01,6.388376953242108414e+00,2.186634960295532476e-02,1.184139747005017312e-01,7.900000000000000355e+00,2.200000000000000178e+00,1.533203642647367748e-01
1.038650684867716278e-01,1.009248887490455798e-01,6.853009584536703613e+00,1.018243826764633764e-01,1.000000000000000000e+01,0.000000000000000000e+00,0.000000000000000000e+00,7.702267263966349198e+00,4.000000000000000000e+00,2.500000000000000000e-01
1.842417702604237872e+00,1.026144215967157991e-01,7.822382873558985317e+00,1.005230397764966671e-01,9.458328440399007775e+00,0.000000000000000000e+00,0.000000000000000000e+00,7.900000000000000355e+00,4.000000000000000000e+00,1.590587846066217614e-01
1.000000000000000000e+01,1.115419386284960401e-01,1.000000000000000000e+01,1.000000000000000056e-01,9.420794304344459746e+00,0.000000000000000000e+00,0.000000000000000000e+00,7.900000000000000355e+00,3.221138754983892571e+00,2.039723495405825759e-01
1.082671100275619802e-01,7.578956138364258521e+00,1.000000000000000000e+01,9.461422476121873482e-01,9.509290853318390191e+00,9.281420534804249445e-02,0.000000000000000000e+00,7.900000000000000355e+00,3.891884357290599006e+00,1.808259638835936767e-01
1.298974819370226186e+00,1.000000000000000056e-01,1.000000000000000000e+01,1.001751003389136224e-01,7.755328084932049393e+00,1.000000000000000000e+00,1.000000000000000000e+00,7.775976804083758687e+00,4.000000000000000000e+00,2.179243000847185807e-01
5.826158711734696904e-01,1.000000000000000056e-01,1.000000000000000000e+01,1.000000000000000056e-01,9.302090651271667454e+00,0.000000000000000000e+00,0.000000000000000000e+00,7.900000000000000355e+00,4.000000000000000000e+00,1.499999999999999944e-01
1.024676535492244772e-01,1.000000000000000056e-01,5.758952582040399726e+00,1.048331787745671734e-01,1.000000000000000000e+01,0.000000000000000000e+00,6.463607583431753983e-03,7.644070868847574474e+00,4.000000000000000000e+00,2.500000000000000000e-01
1.033913016838744064e-01,5.648630922631199702e+00,9.320749229299071459e+00,1.035206484113188330e-01,1.000000000000000000e+01,1.049442835353681797e-01,1.507868015194737954e-01,7.900000000000000355e+00,3.987832387146798219e+00,2.497078114922668124e-01
1.000000000000000000e+01,1.000000000000000056e-01,6.317530959404249025e+00,1.000000000000000056e-01,1.000000000000000056e-01,1.362999095038081032e-01,2.185062364423357717e-01,7.713242831629695040e+00,3.950663932950669199e+00,2.458751801267217152e-01
1.003475020802478135e-01,6.815794832939828574e+00,1.000000000000000000e+01,1.086735313789075175e+00,1.000000000000000000e+01,2.922008838582952975e-02,5.306943380412279532e-02,7.896706979633090207e+00,3.974447096857856465e+00,1.771419696723932624e-01
3.328516995109734311e-01,1.047164070309700573e-01,1.000000000000000000e+01,1.019555267142233934e-01,1.000000000000000000e+01,1.546343045286589736e-03,1.091164721157547026e-03,7.786645323947256614e+00,4.000000000000000000e+00,1.611503852762833089e-01
9.933384383598845346e+00,1.014737767583171746e-01,9.695801306140690912e+00,1.057550731763731017e-01,1.000000000000000000e+01,4.094278970670114925e-02,7.604552752073580335e-02,7.882120430769244734e+00,3.466425084008802227e+00,1.839751087967826659e-01
1.000000000000000056e-01,1.000000000000000056e-01,7.244002888408783924e+00,1.009467924800074717e-01,1.000000000000000000e+01,4.472950812676398935e-02,3.261439693379016708e-02,7.897741026082044868e+00,4.000000000000000000e+00,2.492457896046194610e-01
1.000000000000000056e-01,5.602160046906706548e+00,5.252569445513342039e+00,5.648318230122219674e+00,1.000000000000000000e+01,1.158081855985712422e-01,4.515000970160831795e-02,7.900000000000000355e+00,2.226497771174472451e+00,1.514949502165023054e-01
1.027044347202049485e-01,1.000000000000000000e+01,9.999002169585812894e+00,9.814537097481101924e+00,1.000000000000000000e+01,3.301535756813882977e-02,4.782977648245617663e-02,7.551142900204125041e+00,2.216268770849370462e+00,1.499999999999999944e-01
8.220117458871142091e+00,9.767326518019235237e+00,1.000000000000000000e+01,5.944744525279875624e+00,1.078486245902408880e-01,3.423985341061321075e-02,2.592634878396131784e-03,7.788317434045205268e+00,3.227142435140136989e+00,1.528911818670455336e-01
1.000000000000000056e-01,6.349760951960388589e+00,7.873723795316186269e+00,4.565261371715276795e+00,9.056910024418185046e+00,1.367911231767484914e-01,0.000000000000000000e+00,7.876731461436496495e+00,3.606447924141010120e+00,1.600219459492713270e-01
1.010963065463969662e-01,1.000000000000000000e+01,5.823654969866908893e+00,5.701991851415899148e+00,9.512758300936241085e+00,1.972800009995324955e-02,1.555916039479096451e-02,7.900000000000000355e+00,2.200000000000000178e+00,1.541959146166430872e-01
1.000000000000000000e+01,1.000000000000000000e+01,6.636584057901916189e+00,9.736917867652847391e+00,1.000000000000000056e-01,2.169362157328275607e-03,4.595474883164958613e-02,7.840239315764902628e+00,2.200000000000000178e+00,1.499999999999999944e-01
8.407456095896810311e+00,4.266311563386210537e+00,5.620805595496566553e+00,9.797458232760988039e+00,1.032512077836497399e-01,1.108800764776169019e-02,1.521243943976320345e-01,7.900000000000000355e+00,2.243488766833857007e+00,1.499999999999999944e-01
1.000000000000000056e-01,7.110561975685017799e+00,9.349984434458587401e+00,7.406354452250664799e+00,1.000000000000000000e+01,8.475335887724781345e-03,5.220135359034236422e-02,7.856294411946786127e+00,3.038305713134152874e+00,1.499999999999999944e-01
1.000000000000000000e+01,1.000000000000000056e-01,9.817792935888155270e+00,1.000000000000000056e-01,1.637301224903673635e-01,3.679022243828938832e-02,2.473624784272278332e-02,5.013001927271677260e+00,4.000000000000000000e+00,1.513721123243672584e-01
1.020857859701663206e-01,7.268384517237035602e+00,9.820269570919169411e+00,4.197141681330521124e+00,1.000000000000000000e+01,0.000000000000000000e+00,7.706617151191545723e-02,7.900000000000000355e+00,3.873109614836981685e+00,1.897051151522833323e-01
8.139922138243674610e+00,9.977335030067882471e+00,7.598386032349026209e+00,6.151996077033117238e+00,1.175066212505432861e-01,6.313743390599661776e-02,1.434864113134798162e-02,7.732431821018248108e+00,2.497683603737576696e+00,1.499999999999999944e-01
1.006962202221002300e-01,2.729245073023108592e+00,7.836317813618443040e+00,1.000000000000000056e-01,9.684788532527296212e+00,5.657227507159217489e-02,4.351689901229111143e-04,7.831316065586433339e+00,4.000000000000000000e+00,1.616341851486393089e-01
1.000000000000000000e+01,1.000000000000000056e-01,1.000000000000000000e+01,1.074264021045644307e-01,1.000000000000000000e+01,0.000000000000000000e+00,3.218748825131960423e-02,7.834926159934080481e+00,2.545554911706714218e+00,2.202122658440215375e-01
9.643753937222546924e+00,1.077317899524029426e-01,6.189815619846270600e+00,1.000000000000000056e-01,1.000000000000000056e-01,1.074315983325635632e-01,1.126404981793434762e-01,7.759352546567241049e+00,3.909976652838730082e+00,2.455551659889623761e-01
1.069277417267048974e-01,1.000000000000000056e-01,8.441162519712525736e+00,1.000000000000000056e-01,9.915499229930942349e+00,0.000000000000000000e+00,2.863612586103166102e-02,7.840046797036425374e+00,4.000000000000000000e+00,2.407999940110460146e-01
3.838274372312543425e-01,9.471483677236005150e+00,8.034240783213235204e+00,4.123999747803554605e+00,6.085416688907003824e+00,0.000000000000000000e+00,0.000000000000000000e+00,7.900000000000000355e+00,2.735383679471584006e+00,1.533946027365261366e-01
9.439133699895025487e+00,7.994243252408764988e+00,7.554880898947109458e+00,9.947291631449123983e+00,1.000000000000000056e-01,3.283710433366268666e-03,4.201346942640391685e-02,7.900000000000000355e+00,2.218814442532595077e+00,1.586496623249921689e-01
3.841322688341011760e-01,2.460422106661845021e+00,7.369552251635804296e+00,1.000000000000000056e-01,9.616312858342720205e+00,1.411393494372329971e-01,3.366107518421118661e-02,7.900000000000000355e+00,3.965237136909750326e+00,1.656555377422513076e-01
3.048513152731691989e+00,1.010906408624749481e-01,9.289809752525982844e+00,1.000000000000000056e-01,9.861111405606090230e+00,3.558138430512396838e-02,9.772442422105134807e-03,7.900000000000000355e+00,3.986544040071521522e+00,1.505159672559486239e-01
3.932306119559149771e+00,3.847010592634928727e+00,4.309672743900708980e+00,2.695709511838761507e+00,1.000000000000000056e-01,2.178570762242456466e-02,6.198153840646381148e-03,7.848992423398398977e+00,3.898608789248580564e+00,1.499999999999999944e-01
1.000000000000000056e-01,1.000000000000000056e-01,7.644532005289527810e+00,1.030484738472153688e-01,1.000000000000000000e+01,2.879275672918931925e-02,2.907313546217266120e-02,7.876695837806941825e+00,4.000000000000000000e+00,2.500000000000000000e-01
1.055334826593080227e-01,9.440444382340915652e+00,1.000000000000000000e+01,9.335290420408147938e+00,9.253127344484058270e+00,8.040135611629865842e-02,8.966363134193011675e-02,7.882956573767963881e+00,2.442433644363359857e+00,1.499999999999999944e-01
1.029936630859153435e-01,1.135358343946921977e-01,9.915475019592319583e+00,1.000000000000000056e-01,1.000000000000000000e+01,0.000000000000000000e+00,6.389356485029708786e-03,7.887946853637812339e+00,4.000000000000000000e+00,2.500000000000000000e-01
1.000000000000000056e-01,1.000000000000000000e+01,9.880287492855888587e+00,1.000000000000000000e+01,1.000000000000000000e+01,0.000000000000000000e+00,0.000000000000000000e+00,7.896117857041007326e+00,3.224488763630350086e+00,1.503507862512129534e-01
1.077117764532666416e-01,1.000000000000000000e+01,9.103545063374122392e+00,1.000000000000000000e+01,1.000000000000000000e+01,0.000000000000000000e+00,0.000000000000000000e+00,7.858628320771799736e+00,3.227923998235765257e+00,1.499999999999999944e-01
1.015412359072326298e-01,9.680846564984239677e+00,1.000000000000000000e+01,8.979449989685436506e+00,1.000000000000000000e+01,4.015664165462960733e-02,2.809915744188587450e-04,7.866571456511904259e+00,2.300996624344018304e+00,1.499999999999999944e-01
1.000000000000000056e-01,1.000000000000000056e-01,8.253874001265998572e+00,1.000000000000000056e-01,9.604711090584100219e+00,7.414703532611206793e-03,0.000000000000000000e+00,7.789437045536136139e+00,4.000000000000000000e+00,2.500000000000000000e-01
1.000000000000000056e-01,5.651743814488609630e+00,5.131945061074344672e+00,5.492821750550981541e+00,1.000000000000000000e+01,1.047685332344062692e-01,1.241992860746177207e-02,7.860747973330954430e+00,2.200000000000000178e+00,1.570759839154197701e-01
7.954369269629208539e+00,4.481660930512639140e+00,6.175040202802088096e+00,8.895763754345772156e+00,1.124673658687667943e-01,1.728000324309919220e-02,1.179346136030511860e-01,7.789922663665040936e+00,2.200000000000000178e+00,1.499999999999999944e-01
1.005185143070921883e-01,1.040791276812131072e-01,7.610601962395457498e+00,8.377136795367009725e+00,9.244202778268624243e+00,6.376885257830658404e-02,1.831199436291329752e-01,7.872897183119905051e+00,2.249700678600564441e+00,2.228080332041249279e-01
1.132667086133531398e-01,1.121386614802703657e-01,6.664879295635902423e+00,1.000000000000000056e-01,1.000000000000000000e+01,2.707164748408603244e-02,0.000000000000000000e+00,7.861028276768718293e+00,4.000000000000000000e+00,2.442318555933300217e-01
1.000000000000000056e-01,1.019271803210323457e-01,1.000000000000000000e+01,1.000000000000000056e-01,1.000000000000000000e+01,1.437637138170645180e-02,1.514703384528507182e-02,7.818992994102855754e+00,3.964700558607631375e+00,1.529246672249101047e-01
9.901479394995400085e+00,1.005118754694528382e-01,9.677460549907715759e+00,1.384843906457078055e-01,1.018389852795636152e-01,3.061258396523073438e-02,2.511451366207059430e-02,5.997834715921891657e+00,4.000000000000000000e+00,1.499999999999999944e-01
8.119006569852745159e+00,1.095152296616656307e-01,8.595675638359637105e+00,1.026069172155265607e-01,9.426160761179339431e+00,3.207156865484608963e-03,0.000000000000000000e+00,7.754238472651843850e+00,4.000000000000000000e+00,1.499999999999999944e-01
9.889816371721828148e+00,1.004470289946084449e-01,7.253116781754670228e+00,1.000000000000000056e-01,1.024465186251118515e-01,7.468685593603006934e-02,1.368509662290618156e-01,7.900000000000000355e+00,3.818134777372571342e+00,2.472496194378690226e-01
1.055629978837084870e-01,1.000000000000000056e-01,4.781144011084098366e+00,1.046880910907087125e+00,1.000000000000000000e+01,4.739752605321124190e-01,4.892336441972722771e-01,7.890548842302265165e+00,2.616738144737035032e+00,2.500000000000000000e-01
6.115666896803147345e+00,1.000000000000000056e-01,7.209472675207766912e+00,1.000000000000000056e-01,9.564652717521228809e+00,1.191657086880321126e-02,3.076290318686187436e-02,7.900000000000000355e+00,4.000000000000000000e+00,1.499999999999999944e-01
1.000000000000000056e-01,1.089588163729616754e-01,8.252165501867830599e+00,1.062623731574578873e-01,9.112085512169073809e+00,0.000000000000000000e+00,4.069894102161989574e-02,7.900000000000000355e+00,4.000000000000000000e+00,2.445720359202212257e-01
1.000000000000000000e+01,1.051189998217556765e+00,7.931635699777747739e+00,9.414246874564719647e+00,1.004573483812159496e-01,0.000000000000000000e+00,1.317267193427674316e-02,7.741214275586533411e+00,2.200000000000000178e+00,1.499999999999999944e-01
1.063597687831762673e-01,1.000000000000000000e+01,6.555397564813429057e+00,9.833657589925659082e+00,6.735888706320468877e+00,3.562101195929037734e-02,2.008946623798474052e-01,7.900000000000000355e+00,2.200000000000000178e+00,1.499999999999999944e-01
1.000000000000000056e-01,1.000000000000000000e+01,7.073746358390990530e+00,9.615632422231168874e+00,9.859089300143937251e+00,4.345866229818025339e-02,3.392407466409291111e-02,7.851036020205628851e+00,2.200000000000000178e+00,1.536473335983529753e-01
1.028996818855353185e-01,7.051743446626097978e+00,9.013285585024963353e+00,9.849530001277934099e-01,9.487698747445685754e+00,7.470675276391566810e-02,7.554649365604995800e-04,7.873958150679498225e+00,4.000000000000000000e+00,1.780422744333901575e-01
1.064027707154304170e-01,1.000000000000000056e-01,8.474354482919430609e+00,1.000000000000000056e-01,1.000000000000000000e+01,1.168343471652094623e-03,0.000000000000000000e+00,7.748188379158156280e+00,3.960988001091787503e+00,2.500000000000000000e-01
1.000000000000000000e+01,1.031042452982248725e-01,9.968246709909440284e+00,1.000000000000000056e-01,1.000000000000000000e+01,2.639383975338314287e-02,6.442039679276166664e-02,7.900000000000000355e+00,4.000000000000000000e+00,1.546369771822807271e-01
9.992643617728369065e+00,1.000000000000000056e-01,9.879146829633469906e+00,1.052015417464949448e-01,9.459409849195177244e+00,3.046999660615214330e-03,5.285168643249572862e-02,7.801318489966839742e+00,2.915342397232537408e+00,2.277262470629973501e-01
9.739668083480948368e+00,5.892208783161899666e-01,1.000000000000000000e+01,1.000000000000000000e+01,1.000000000000000056e-01,0.000000000000000000e+00,1.249793450241026838e-02,7.832222644557053748e+00,2.200000000000000178e+00,1.499999999999999944e-01
1.081625398209462852e-01,1.000000000000000056e-01,1.000000000000000000e+01,1.150549760017505058e-01,9.522486134939743607e+00,2.741596264723476783e-02,8.591997554740755591e-03,7.882240605524126309e+00,4.000000000000000000e+00,2.500000000000000000e-01
9.941111951345099840e+00,1.026925068720029866e-01,5.754370246092593177e+00,1.000000000000000056e-01,1.000000000000000056e-01,9.293135036502842006e-02,0.000000000000000000e+00,7.900000000000000355e+00,3.960984229589141314e+00,2.500000000000000000e-01
8.798314917429593152e+00,1.003941750400197119e-01,9.124522516766054636e+00,1.000000000000000056e-01,1.119446066491812525e-01,3.318070525421198957e-02,7.295910100837592338e-02,5.740703727010766144e+00,3.974279109265282273e+00,1.539699581150170693e-01
1.980503997976853281e+00,9.802077250221080007e+00,7.224949977299580439e+00,9.552702539106052271e+00,9.599401762054421638e+00,4.877120422954918377e-02,1.876780235319346068e-02,7.900000000000000355e+00,2.200000000000000178e+00,1.499999999999999944e-01
7.513550085681390378e+00,4.846810174529356807e+00,6.872993295397425761e+00,9.931243813545099997e+00,1.238427003616028171e-01,2.083778656393820219e-02,1.578393564215446743e-01,7.900000000000000355e+00,2.262427266584122965e+00,1.499999999999999944e-01
1.174710340062672387e-01,1.000000000000000000e+01,6.713433772344806094e+00,9.186934773233870644e+00,1.000000000000000000e+01,8.481620937133255156e-03,0.000000000000000000e+00,7.900000000000000355e+00,2.300936872573090763e+00,1.525422046854451319e-01
1.021561962734171963e-01,1.000000000000000056e-01,9.264748811557112163e+00,1.007048231144002798e-01,9.237781464422564426e+00,3.914143831915790905e-02,0.000000000000000000e+00,7.900000000000000355e+00,4.000000000000000000e+00,1.499999999999999944e-01
1.080392947312653062e-01,1.000000000000000000e+01,9.473038193017755404e+00,9.095738866825307412e+00,9.171083323834466228e+00,1.911951592255508800e-02,3.940475989712016042e-03,7.900000000000000355e+00,2.413203366380233028e+00,1.499999999999999944e-01
2.272411641672559046e+00,9.487809641507954694e+00,9.753050497033470378e+00,3.330567713936416485e+00,9.464560141881017685e+00,1.548310681791874588e-01,3.103776299429318077e-03,7.850033915904278459e+00,3.093483584924551888e+00,1.499999999999999944e-01
9.801907175287590590e+00,1.041594609340357885e-01,8.640124716288330120e+00,1.017877861531622657e-01,1.000000000000000000e+01,4.996565236212546605e-03,1.831705700345449134e-02,7.900000000000000355e+00,3.273309710922720051e+00,1.793209512034465714e-01
7.588700570404572687e+00,6.380055848581561939e+00,7.086099232830971317e+00,1.056494437012000936e-01,1.006017664403204837e-01,5.443916270698957727e-02,0.000000000000000000e+00,7.900000000000000355e+00,2.373730664708089577e+00,1.558155863762021032e-01
1.112233920784995833e+00,1.000000000000000000e+01,1.000000000000000000e+01,3.817087497538310448e+00,1.000000000000000000e+01,8.026344877818846618e-03,0.000000000000000000e+00,7.784101123623211826e+00,2.875987472531325917e+00,1.499999999999999944e-01
1.000000000000000000e+01,1.046284413655287210e-01,5.349481126724388247e+00,1.000000000000000056e-01,1.000000000000000056e-01,7.608965148354221789e-04,0.000000000000000000e+00,7.786252947901791011e+00,4.000000000000000000e+00,2.436298653518372825e-01
1.000000000000000000e+01,5.097371762431695430e+00,6.454087670703972712e+00,9.251213243151067189e+00,1.000000000000000056e-01,3.405772587531727402e-02,0.000000000000000000e+00,7.900000000000000355e+00,2.200000000000000178e+00,1.499999999999999944e-01
8.957117443589170946e+00,1.051676118224148943e-01,4.397476961591686440e+00,1.000000000000000056e-01,1.097351630785494969e-01,0.000000000000000000e+00,0.000000000000000000e+00,7.900000000000000355e+00,3.885076256732260980e+00,1.926734885022070853e-01
1.000000000000000000e+01,1.064421410811537544e-01,7.270287819283946185e+00,1.014453714092305586e-01,1.000000000000000056e-01,0.000000000000000000e+00,1.059400289286414332e-01,7.749966838373545386e+00,4.000000000000000000e+00,2.495069417401656053e-01
1.068988023948238136e-01,1.000000000000000056e-01,7.708661912225437618e+00,1.006129725523265961e-01,9.202425622375638881e+00,0.000000000000000000e+00,0.000000000000000000e+00,7.810298926280513143e+00,3.923850695509953024e+00,2.500000000000000000e-01
2.419194417795007990e+00,1.000000000000000056e-01,6.499913891219755158e+00,1.000000000000000056e-01,9.698135241116302652e+00,2.311628763178321527e-02,0.000000000000000000e+00,7.900000000000000355e+00,4.000000000000000000e+00,1.499999999999999944e-01
1.036444801220020029e-01,1.000000000000000000e+01,5.807206013870813699e+00,1.454998152902647890e-01,6.081877296484321960e+00,2.012820107128870106e-01,1.946387754441560730e-02,7.828807196865319007e+00,2.214696871950387003e+00,1.531607508364070114e-01
1.000000000000000056e-01,3.032427004285267458e+00,5.486164760878923907e+00,6.150209286805539577e+00,9.513062436716252179e+00,2.180198907167758549e-01,1.363152556119326397e-01,7.900000000000000355e+00,2.328008076749052080e+00,1.499999999999999944e-01
1.670498222350943696e+00,1.000000000000000056e-01,7.830557763196908994e+00,1.000000000000000056e-01,1.000000000000000000e+01,9.072378409580339129e-03,0.000000000000000000e+00,7.891652953113708513e+00,3.891316828138680517e+00,1.499999999999999944e-01
1.000000000000000000e+01,1.094260791685622292e-01,7.782343513211881003e+00,1.020770544075441377e-01,1.000000000000000056e-01,3.360031480460138470e-02,1.823333003236936867e-01,7.807490221939102248e+00,4.000000000000000000e+00,2.500000000000000000e-01
1.003638855839559807e-01,1.016312291967713527e-01,7.671531955615069620e+00,6.391454130666371469e+00,9.775493754012639869e+00,0.000000000000000000e+00,0.000000000000000000e+00,7.897398631647535971e+00,2.598831352745228251e+00,2.449759099294066822e-01
8.948453207232427431e+00,1.075768648851741366e-01,9.572977307990683471e+00,1.000000000000000056e-01,1.026458806465447293e-01,1.867549797223136965e-01,3.011057863294689524e-02,7.708051522501765618e+00,3.954071240830363987e+00,2.500000000000000000e-01
2.772528348129943421e+00,1.025687321652562489e-01,8.556832529334579718e+00,1.023605441825556767e-01,9.861111199992258491e+00,0.000000000000000000e+00,1.021565845811563122e-02,7.595655386271582543e+00,4.000000000000000000e+00,1.561212930439585811e-01
1.000000000000000056e-01,1.140998601528152023e-01,4.958609836778779645e+00,1.000000000000000056e-01,9.824646513265172132e+00,2.093870719492792534e-02,2.313336471165790623e-02,7.863683040284286996e+00,3.997945102118246830e+00,2.479444441285642842e-01
9.706143988666028122e+00,1.004706233468492665e-01,9.014605569462695200e+00,1.000000000000000056e-01,1.000000000000000056e-01,3.617919128888835711e-02,1.311667840637689986e-01,7.858666262913319045e+00,4.000000000000000000e+00,2.404458702713622165e-01
1.000000000000000056e-01,6.488394349008832940e+00,1.000000000000000000e+01,1.000000000000000056e-01,1.000000000000000000e+01,7.751117114131063357e-02,1.984753779432395504e-01,7.900000000000000355e+00,4.000000000000000000e+00,2.391506245687269605e-01
8.798220775158236862e+00,1.013561121604794057e-01,8.598115805332456674e+00,1.000751544038730317e-01,1.080246413874054179e-01,4.447818160778729824e-02,8.629205581983397100e-02,5.933944889132639844e+00,3.894615367644104431e+00,1.499999999999999944e-01
8.778907976200272856e+00,2.131944874836957826e+00,1.000000000000000000e+01,9.985906502571666010e+00,1.000000000000000056e-01,0.000000000000000000e+00,4.533207984499191406e-04,7.780608179963456550e+00,2.201252327098423223e+00,1.507836449561335279e-01
1.000000000000000056e-01,7.158473685405718712e+00,9.791257131870946040e+00,1.000000000000000056e-01,9.524341442877894082e+00,0.000000000000000000e+00,0.000000000000000000e+00,7.649877797364855070e+00,3.975890233945199803e+00,1.953074541734483305e-01
7.414260784342552313e-01,9.402115175801622371e+00,7.294012429154615340e+00,3.034487119902980368e+00,6.843983314837005949e+00,0.000000000000000000e+00,0.000000000000000000e+00,7.900000000000000355e+00,3.360240594218682819e+00,1.539271505788524785e-01
1.075585105732743685e-01,5.299410121351328051e+00,1.000000000000000000e+01,9.786321342457737771e+00,9.948062741899034833e+00,1.323606234851406466e-02,7.144267030118781753e-03,7.691042809745955999e+00,2.796821692825337546e+00,1.499999999999999944e-01
1.031019791611652858e-01,9.952234000031007000e+00,9.339092678935260849e+00,1.000000000000000000e+01,1.000000000000000000e+01,0.000000000000000000e+00,2.107276090200171231e-02,7.596214825470068988e+00,2.293168970339298784e+00,1.581089769176837190e-01
8.639391232326108394e+00,3.817133502677355850e+00,7.739267024683426754e+00,1.833105399030075189e+00,8.875456938056293765e+00,1.075455553240939055e-01,3.366839471076785162e-02,7.832634002999351530e+00,2.202335860770902265e+00,1.589916390232241628e-01
4.769121761250929126e+00,5.036670839905085906e+00,5.476495625552987079e+00,3.359898976339326104e+00,1.000000000000000056e-01,3.753852687537161115e-02,2.142886270211772325e-03,7.900000000000000355e+00,3.199853798176004460e+00,1.510054227028328200e-01
1.000000000000000000e+01,1.000000000000000056e-01,7.610891766075094544e+00,1.041860975536212930e-01,1.000000000000000056e-01,0.000000000000000000e+00,0.000000000000000000e+00,7.900000000000000355e+00,3.928034784117969913e+00,2.500000000000000000e-01
1.002436092993498201e-01,1.007282661558746295e-01,1.000000000000000000e+01,1.042750194473178182e-01,9.225806920813502288e+00,0.000000000000000000e+00,0.000000000000000000e+00,7.900000000000000355e+00,3.948640231162625192e+00,2.394518173855044174e-01
1.023428333935892387e-01,4.429877988064514938e+00,8.149557008721531659e+00,1.000000000000000056e-01,9.767269878971486463e+00,0.000000000000000000e+00,0.000000000000000000e+00,7.883130114791526033e+00,4.000000000000000000e+00,2.016315147763265148e-01
1.000000000000000000e+01,1.000000000000000056e-01,7.409077586795858927e+00,1.000000000000000056e-01,1.001511657591646759e-01,0.000000000000000000e+00,1.757276022983133290e-01,7.900000000000000355e+00,4.000000000000000000e+00,2.424571878765377775e-01
1.000000000000000056e-01,8.510084121628528564e+00,5.741474780006709189e+00,5.095005074028716940e+00,1.000000000000000000e+01,8.415563729720132446e-02,0.000000000000000000e+00,7.900000000000000355e+00,2.247206010916520835e+00,1.563340111924619302e-01
9.707313312914404690e+00,1.070021412124259608e-01,4.974019701188516329e+00,1.009150288177814714e-01,1.059820413745113793e-01,9.404805315968911561e-02,1.168565050396324079e-01,7.836250220524206611e+00,4.000000000000000000e+00,2.500000000000000000e-01
9.000199739682875233e+00,9.615320006586248525e+00,7.739123281547846567e+00,1.000000000000000000e+01,1.078330914759781933e-01,9.971915204552012080e-04,4.939033951856448834e-02,7.730476823117367502e+00,2.313881164621996778e+00,1.499999999999999944e-01
9.454298032914124406e+00,1.000000000000000056e-01,5.539485912307978488e+00,1.000000000000000056e-01,1.105233292132885570e-01,6.892813444771123815e-03,7.349065635963522580e-02,7.880009211359518595e+00,2.895733526268227109e+00,2.207822372527258881e-01
1.029463490216671745e-01,7.229124400028953623e+00,1.000000000000000000e+01,4.478515038799596226e+00,9.429355095534106113e+00,0.000000000000000000e+00,7.634933231490254046e-02,7.900000000000000355e+00,4.000000000000000000e+00,2.028416064938939611e-01
1.084927944572212644e-01,1.050564476413228115e-01,7.340916743751660256e+00,1.034713913507620264e-01,7.326025810151327811e+00,5.113695814978452825e-01,4.622338403162516984e-01,7.346336887882804589e+00,3.988562174229506763e+00,2.500000000000000000e-01
8.451496369201846548e+00,2.326488228217646448e+00,7.456074639395326109e+00,4.678604529483404662e+00,9.191149407827438722e+00,7.035906468486237408e-03,5.878904696855494216e-03,7.900000000000000355e+00,2.200000000000000178e+00,1.517063270000454100e-01
2.354301830492106506e-01,1.010799346587467895e-01,9.510147066319650122e+00,4.488132493008623491e+00,6.196677759102992233e+00,0.000000000000000000e+00,0.000000000000000000e+00,7.830143105107602253e+00,4.000000000000000000e+00,2.336222757002840711e-01
5.525855495111613891e+00,1.022688930545658792e-01,8.074879209060171092e+00,1.109916123613970129e-01,9.571621985112072295e+00,0.000000000000000000e+00,0.000000000000000000e+00,7.900000000000000355e+00,3.956344527282912527e+00,1.499999999999999944e-01
1.044786025374836308e-01,1.000000000000000000e+01,6.469033862848325711e+00,4.789953265248630743e+00,9.839274731432535503e+00,3.604802644495603420e-02,0.000000000000000000e+00,7.900000000000000355e+00,2.200000000000000178e+00,1.536555157675399685e-01
1.000000000000000056e-01,1.036058131640143487e-01,9.597828009990193365e+00,1.017431571512196764e-01,1.000000000000000000e+01,1.966045535751675261e-02,2.066421801721750329e-02,7.755648800707947821e+00,3.888957562091046594e+00,2.268682492588639799e-01
1.044338357103662268e-01,9.423222124579988090e+00,7.062915601517164355e+00,9.779422970566285400e+00,7.604886028403718079e+00,3.162416339084338224e-02,1.294275154919866666e-01,7.850246069127523540e+00,2.200000000000000178e+00,1.499999999999999944e-01
1.000000000000000056e-01,1.069999178107720605e-01,9.240464136531894468e+00,1.062505361736936216e-01,1.000000000000000000e+01,1.807081211537193977e-02,0.000000000000000000e+00,7.776639897159477677e+00,3.998676801331836561e+00,2.500000000000000000e-01
1.020758092324737520e-01,1.000000000000000056e-01,9.498395316407117761e+00,1.118390626984603897e-01,9.588819421871018989e+00,1.664658246287814558e-02,0.000000000000000000e+00,7.839019396296344588e+00,3.999630030434177197e+00,1.570994765189667464e-01
1.101102751590568030e+00,1.062493896257908077e-01,8.271859818966481370e+00,1.000000000000000056e-01,1.000000000000000000e+01,1.763504916391616870e-02,1.955329112555809906e-02,7.900000000000000355e+00,4.000000000000000000e+00,1.499999999999999944e-01
2.455542869265727735e+00,1.021591293070682610e-01,6.893651225415876382e+00,1.049889651975459276e-01,1.000000000000000000e+01,0.000000000000000000e+00,0.000000000000000000e+00,7.848643219635664359e+00,4.000000000000000000e+00,1.499999999999999944e-01
2.570856670839160585e-01,3.341558496761627861e+00,9.590912235141127340e+00,1.012901822201387469e-01,5.889258737924891740e+00,0.000000000000000000e+00,9.729780858181991121e-04,7.900000000000000355e+00,4.000000000000000000e+00,1.975701416052395298e-01
1.026785950980624307e-01,5.754145250579672854e+00,9.769809102466094686e+00,8.382665744017760545e+00,1.000000000000000000e+01,5.553896993965695130e-04,0.000000000000000000e+00,7.814916910488256541e+00,2.880580096716436334e+00,1.535222060115518927e-01
1.035196876361897944e-01,1.083599719447898291e-01,7.992870887655854517e+00,1.000000000000000056e-01,9.568665871230667364e+00,0.000000000000000000e+00,4.165325885033675790e-03,7.900000000000000355e+00,4.000000000000000000e+00,2.500000000000000000e-01
1.000000000000000000e+01,1.000000000000000056e-01,4.925196160712296489e+00,1.000000000000000056e-01,1.000000000000000056e-01,5.025502037443582357e-03,3.216636420984445022e-02,7.900000000000000355e+00,4.000000000000000000e+00,2.478286204760582201e-01
2.377766382761846042e+00,1.000000000000000056e-01,7.814958856536962095e+00,1.000000000000000056e-01,1.000000000000000000e+01,0.000000000000000000e+00,3.145573582357170245e-02,7.814791708649705626e+00,4.000000000000000000e+00,1.499999999999999944e-01
1.000000000000000056e-01,1.049807309108964637e-01,5.362857212041402200e+00,1.009589315142946503e-01,9.684630132691614435e+00,2.726745049807614840e-02,1.960786486895228775e-02,7.899927820970646941e+00,4.000000000000000000e+00,2.450159568928549081e-01
1.000000000000000056e-01,9.640824925289143366e+00,9.902827306226644311e+00,9.692823327490621921e+00,9.490237090053643243e+00,5.363388705342057861e-02,3.178234855929003289e-03,7.900000000000000355e+00,2.884005971743536900e+00,1.499999999999999944e-01
1.003050638095916991e-01,1.026938359270573864e-01,7.367065716724850333e+00,1.058323460848668712e-01,1.000000000000000000e+01,2.224055225137791178e-02,0.000000000000000000e+00,7.826774498987960627e+00,3.939083504653515089e+00,2.500000000000000000e-01
8.406095963776405000e+00,1.000000000000000000e+01,7.055358319744749807e+00,4.692017453285631134e+00,1.021829924530630179e-01,1.669657824893243936e-01,1.353992488783338326e-02,7.900000000000000355e+00,2.385829420296766035e+00,1.499999999999999944e-01
8.212380764474392691e+00,9.283303365185936462e-01,8.926626297257925557e+00,2.265932364158548484e+00,9.739333790617273223e+00,6.732008766473759898e-02,2.587431656645016202e-04,7.900000000000000355e+00,2.247827056445297345e+00,1.556105596867982110e-01
5.717491297504981418e+00,2.635202711092746952e+00,4.328845127664028958e+00,2.782210119775500257e+00,1.024891464548793041e-01,2.433384042566153101e-03,4.721448433050643681e-04,7.900000000000000355e+00,3.350135504958241750e+00,1.499999999999999944e-01
1.000000000000000000e+01,1.000000000000000000e+01,1.000000000000000000e+01,6.108812207769791058e+00,1.000000000000000056e-01,6.389280574174576594e-03,1.910359484265962415e-02,7.900000000000000355e+00,3.659756557815728950e+00,1.557374779645844254e-01
7.817125409791302104e+00,3.636612977026632887e+00,7.790910735691038091e+00,6.248120351990669619e+00,9.284020705321044176e+00,8.917816806486073000e-02,0.000000000000000000e+00,7.900000000000000355e+00,2.200000000000000178e+00,1.524495445379676906e-01
9.559541581891732420e+00,1.000000000000000056e-01,5.333823895313816621e+00,1.119517079035755452e-01,1.010452117136598355e-01,9.311353793388269656e-03,1.181908039106494002e-02,7.799210203343384329e+00,3.951673087410941143e+00,2.482586356606537037e-01
1.000000000000000056e-01,1.000000000000000056e-01,7.215915895667446733e+00,1.084055344494059131e-01,7.168416411980394365e+00,5.049118850449810791e-01,4.874718475762521153e-01,7.133527072312737971e+00,3.976520495922486464e+00,2.500000000000000000e-01
1.015260283640719435e-01,9.905530588536802128e+00,1.000000000000000000e+01,9.637181904353298023e+00,9.616250566166627323e+00,2.888107068586752077e-02,7.941309726761849874e-02,7.900000000000000355e+00,3.046896673651471765e+00,1.499999999999999944e-01
1.000000000000000056e-01,9.424270898653540840e+00,8.252324563498440568e+00,8.780074136091077008e+00,8.773897055106328224e+00,5.180129329632428281e-02,0.000000000000000000e+00,7.857130614176141670e+00,2.200000000000000178e+00,1.499999999999999944e-01
1.005471356555896478e-01,1.000000000000000056e-01,8.169311777651428130e+00,1.074298929996916896e-01,1.000000000000000000e+01,1.897850241809296082e-02,0.000000000000000000e+00,7.900000000000000355e+00,4.000000000000000000e+00,2.435169156384163480e-01
1.024448075843392286e-01,6.958699907066525192e+00,1.000000000000000000e+01,7.458774931400941277e+00,9.156125350766394888e+00,3.599533793843534123e-03,7.702598552474251847e-02,7.782650916061853330e+00,3.012810746136490359e+00,1.499999999999999944e-01
9.528324553256448226e+00,1.000000000000000056e-01,1.000000000000000000e+01,1.015044327466112090e-01,3.876305824887368856e-01,0.000000000000000000e+00,4.651757118771138177e-02,6.801299655878564998e+00,3.909653141839937618e+00,1.499999999999999944e-01
1.030301070492429388e-01,1.107612493726801012e-01,5.357754774367797346e+00,1.019716158572322035e-01,9.893428242286349317e+00,0.000000000000000000e+00,5.588495448675958460e-02,7.900000000000000355e+00,3.987859723283884161e+00,2.500000000000000000e-01
3.236679649852058915e+00,1.000000000000000056e-01,9.857552810310131974e+00,1.000000000000000056e-01,1.000000000000000000e+01,0.000000000000000000e+00,2.908414306528353272e-03,7.900000000000000355e+00,3.981843523442123445e+00,1.499999999999999944e-01
1.000000000000000000e+01,8.316549057961363900e+00,9.536407319516884584e+00,2.367016944382028587e+00,1.028788194922885951e-01,0.000000000000000000e+00,0.000000000000000000e+00,7.863014099716898464e+00,3.577763730400476572e+00,1.531717163907521384e-01
1.000000000000000000e+01,1.000000000000000056e-01,9.112678334383835121e+00,1.000000000000000056e-01,1.049197598140396148e-01,1.979062545074439933e-02,4.188182811378011322e-02,7.900000000000000355e+00,3.931087286918795609e+00,2.478432890201257566e-01
2.479794891877683760e+00,1.000000000000000056e-01,7.129057691983645917e+00,1.000000000000000056e-01,1.000000000000000000e+01,0.000000000000000000e+00,1.678005967251392644e-02,7.899753479733863770e+00,3.974432456032728211e+00,1.535717986873084140e-01
1.000000000000000056e-01,1.142933426918694012e-01,6.485706093831217878e+00,1.000000000000000056e-01,1.000000000000000000e+01,0.000000000000000000e+00,0.000000000000000000e+00,7.875436261955316652e+00,4.000000000000000000e+00,2.492399077660240880e-01
8.273153536513725426e-01,1.104170946566295081e-01,9.273296164584381884e+00,1.000000000000000056e-01,1.000000000000000000e+01,0.000000000000000000e+00,0.000000000000000000e+00,7.900000000000000355e+00,3.997022346082601985e+00,1.499999999999999944e-01
1.000000000000000000e+01,8.033380816333851371e+00,8.866719853520239170e+00,2.522095663050817116e+00,1.142343773324963618e-01,1.356859510153290808e-02,0.000000000000000000e+00,7.900000000000000355e+00,3.558843969067992941e+00,1.503624391688624384e-01
9.861718660629129829e+00,1.030178283495996605e-01,1.000000000000000000e+01,1.040974644725207732e-01,1.000000000000000056e-01,5.874484348883726725e-02,4.309652078406413234e-02,7.900000000000000355e+00,3.930698723604995504e+00,2.374885864093913002e-01
1.000000000000000000e+01,1.138402653397622838e-01,5.096416205551765444e+00,1.085150452626808398e-01,1.003399689212972623e-01,0.000000000000000000e+00,8.595352841103898189e-02,7.874447720625312286e+00,4.000000000000000000e+00,2.466359245900870412e-01
1.000000000000000056e-01,4.787793666664064141e+00,6.974582853687847361e+00,1.062499508749087385e-01,9.955172761447105501e+00,0.000000000000000000e+00,0.000000000000000000e+00,7.900000000000000355e+00,4.000000000000000000e+00,1.667916133540308377e-01
1.000000000000000000e+01,1.000000000000000056e-01,5.040979552315627110e+00,1.013939607858715952e-01,1.052967223743067476e-01,6.402178425229426012e-03,0.000000000000000000e+00,7.900000000000000355e+00,3.956088543110553246e+00,2.402160747374071648e-01
9.646358588866011274e+00,6.051667022239705318e+00,8.926754004443127499e+00,3.330501182507458746e-01,1.059327294951021292e-01,1.726072614935380556e-01,2.334635689289587049e-02,7.791544000550558735e+00,2.200033943025750283e+00,1.555574254984643523e-01
1.000000000000000056e-01,1.031894413277888028e-01,8.866084386884031332e+00,1.046246584106351324e-01,9.676204740536885396e+00,0.000000000000000000e+00,1.955235434836138930e-03,7.862161500350287824e+00,4.000000000000000000e+00,2.442931279746461404e-01
5.060475813205150608e+00,3.013509703277310159e+00,4.465330333167260690e+00,2.587731686959215516e+00,1.000000000000000056e-01,1.283082010732627086e-03,1.255689643621634224e-02,7.806813031618316856e+00,3.337802178443174839e+00,1.499999999999999944e-01
1.000000000000000000e+01,1.081016302182331301e-01,5.865704320353325230e+00,1.000000000000000056e-01,1.003343273036875066e-01,8.440775908633742219e-03,2.382467211592393524e-02,7.900000000000000355e+00,3.977214832533659816e+00,2.500000000000000000e-01
1.033024382754801906e-01,1.031813356058244313e-01,9.890054201435829029e+00,1.010511951283134258e-01,9.317645036276815063e+00,0.000000000000000000e+00,0.000000000000000000e+00,7.900000000000000355e+00,3.989630838832506132e+00,2.396235488053792828e-01
1.000000000000000056e-01,1.067809086640058580e-01,1.000000000000000000e+01,1.130321889227048904e-01,9.856431511712068883e+00,3.824085965474464249e-02,4.487547058503484759e-03,7.870312735916917823e+00,4.000000000000000000e+00,2.479614332788732112e-01
1.000000000000000056e-01,1.074232080978417686e-01,8.018234133806851460e+00,1.591930651981346312e+00,1.000000000000000000e+01,7.745507379544850357e-01,7.424932271089865754e-01,7.900000000000000355e+00,3.987331067502498438e+00,2.048062992943035510e-01
6.667797100264811760e+00,9.736626125196961468e+00,8.147940837762858379e+00,1.000000000000000000e+01,1.032915530072879007e-01,1.839030692523115906e-01,1.472446216581083447e-02,7.900000000000000355e+00,2.200000000000000178e+00,1.499999999999999944e-01
6.597857422269196581e-01,1.048830718248243282e-01,8.976159706431737106e+00,1.006999588760112696e-01,1.000000000000000000e+01,0.000000000000000000e+00,6.630848600124982645e-03,7.900000000000000355e+00,4.000000000000000000e+00,1.561283833350092520e-01
1.094421132107235711e-01,1.046087631910854604e-01,8.456708370084564663e+00,1.000000000000000056e-01,1.000000000000000000e+01,0.000000000000000000e+00,0.000000000000000000e+00,7.843140082319443707e+00,4.000000000000000000e+00,2.500000000000000000e-01
9.979260778099721563e+00,1.000000000000000056e-01,8.052263091309498577e+00,1.024283401476937805e-01,1.033570577065995588e-01,1.584720734641920370e-01,8.513018739892963538e-04,7.851564793602903158e+00,3.979780362953472928e+00,2.469439651692601212e-01
9.570756647498708247e+00,9.550785775758555474e+00,7.095988280791439173e+00,1.000000000000000000e+01,1.012631241181362607e-01,6.305256073207218814e-02,0.000000000000000000e+00,7.893463047340555150e+00,2.200000000000000178e+00,1.499999999999999944e-01
1.000000000000000000e+01,1.034296490116161649e-01,1.000000000000000000e+01,1.000000000000000056e-01,9.496674996297485905e+00,0.000000000000000000e+00,3.138654387448496647e-02,7.900000000000000355e+00,2.858487647374166052e+00,2.306143222130301318e-01
1.000000000000000056e-01,9.362288190590193793e+00,9.471316403613489143e+00,1.000000000000000000e+01,9.118392410365688150e+00,9.826763720749673997e-03,9.758574572154474214e-02,7.810372640254904297e+00,3.400361067292876793e+00,1.499999999999999944e-01
7.412760023353634153e+00,4.668335928362746579e+00,9.654418824027631629e+00,3.698362384919689827e+00,1.000000000000000056e-01,2.594805425460013949e-03,0.000000000000000000e+00,7.895882052866694423e+00,3.990128582977020777e+00,1.499999999999999944e-01
2.800913588146320521e+00,7.686102691190462188e+00,6.576131406651562372e+00,5.516255893403648081e+00,9.860330833454955979e+00,7.605563799102342537e-02,0.000000000000000000e+00,7.900000000000000355e+00,2.200000000000000178e+00,1.523361461011355500e-01
2.900213779361398458e+00,1.000000000000000056e-01,9.423281695674139868e+00,5.147491365627688609e+00,9.102813149934300796e+00,1.000000000000000000e+00,1.000000000000000000e+00,7.856010378232490154e+00,4.000000000000000000e+00,2.500000000000000000e-01
1.000000000000000000e+01,1.075879725075181287e-01,9.707990315616846999e+00,1.000000000000000056e-01,1.000000000000000000e+01,0.000000000000000000e+00,4.650093678519572754e-02,7.875505176400677598e+00,2.797439090823096830e+00,2.500000000000000000e-01
1.012991099015351226e-01,1.000000000000000000e+01,1.000000000000000000e+01,4.064537015947745857e+00,1.000000000000000000e+01,2.391867633623312797e-02,1.748312292752957076e-01,7.733672083302534084e+00,3.421427659559269863e+00,1.499999999999999944e-01
9.727929091427530039e+00,1.037202992053455480e-01,4.710757818864157009e+00,1.047721240905787055e-01,1.030340329317499110e-01,0.000000000000000000e+00,0.000000000000000000e+00,7.763976993975277630e+00,3.941094771574491062e+00,1.935600720100419669e-01
1.000000000000000000e+01,1.000000000000000056e-01,1.000000000000000000e+01,1.055324522399012921e-01,1.284968013360502370e-01,0.000000000000000000e+00,2.463766514714084421e-02,6.208465222114424975e+00,3.956568409263339525e+00,1.499999999999999944e-01
1.106574890177393772e-01,7.654913293752843018e+00,1.000000000000000000e+01,6.256450732876224663e+00,1.000000000000000000e+01,0.000000000000000000e+00,0.000000000000000000e+00,7.756950673226793214e+00,4.000000000000000000e+00,1.651583429759459765e-01
9.091360049803478560e+00,1.000000000000000000e+01,8.898685563178966973e+00,6.568752588677287285e+00,1.000000000000000056e-01,0.000000000000000000e+00,0.000000000000000000e+00,7.900000000000000355e+00,2.418438507591660347e+00,1.511647583084033686e-01
1.011311759462536486e+00,1.027551808403305983e-01,9.985562970657753112e+00,1.114345350945878527e-01,3.381194484062638672e+00,0.000000000000000000e+00,0.000000000000000000e+00,7.898598714043701285e+00,3.989188142610373244e+00,2.154121770514789425e-01
1.000000000000000000e+01,1.000000000000000056e-01,4.775624041158535782e+00,1.040385906588316561e-01,1.000000000000000056e-01,3.017792164909895158e-02,3.774223887502096975e-02,7.889742736288589242e+00,4.000000000000000000e+00,2.448646530523466980e-01
1.000000000000000000e+01,2.067457679359419487e+00,8.713959003310876028e+00,5.330190871518971640e+00,9.879469666233429592e+00,0.000000000000000000e+00,7.426918244519942723e-03,7.853217724160010071e+00,2.200000000000000178e+00,1.499999999999999944e-01
9.592560062100416118e+00,1.000000000000000056e-01,1.000000000000000000e+01,1.435189373564901838e-01,1.000000000000000056e-01,3.174772477607173266e-02,8.841605567327404666e-04,5.884092078125235936e+00,4.000000000000000000e+00,1.502386676981633251e-01
9.976625882666350975e+00,1.021714003646183033e-01,8.360650754322636047e+00,7.206535107783562211e+00,1.056784056449808357e-01,0.000000000000000000e+00,0.000000000000000000e+00,7.900000000000000355e+00,2.477199600991318640e+00,1.499999999999999944e-01
1.000000000000000000e+01,1.000000000000000056e-01,8.709220013418976336e+00,1.000000000000000056e-01,9.567143207939821536e+00,1.967023179415889732e-03,0.000000000000000000e+00,7.873706896018847878e+00,3.515473681179954735e+00,1.499999999999999944e-01
1.027205459342054178e-01,1.000000000000000000e+01,8.450651864093231325e+00,9.343030386056890180e+00,9.655760411549438871e+00,3.700587978406528339e-02,3.255518728144798923e-02,7.711113901161928297e+00,3.244725718006102433e+00,1.499999999999999944e-01
8.100660665142058292e+00,4.124089679134566921e+00,7.103138642822220739e+00,2.157757390820695065e+00,9.296757915190514865e+00,7.214377223559827190e-02,0.000000000000000000e+00,7.759087586166788064e+00,2.200000000000000178e+00,1.602961103917388830e-01
9.236330616271841265e+00,1.044669006746081347e-01,9.746397564716819062e+00,1.023499743685544749e-01,9.631283004899946931e+00,0.000000000000000000e+00,3.825308921985966226e-02,7.755954671818548363e+00,2.569090613041195681e+00,1.920252457683079839e-01
3.793631590372806284e-01,4.263529776485088796e+00,7.514683984504444858e+00,3.054960292252917320e+00,9.118226853095031004e+00,6.959454087451503179e-01,7.000543864276143058e-01,7.771911263472494724e+00,3.861348605990333027e+00,1.499999999999999944e-01
2.014985591356150074e+00,1.000000000000000056e-01,7.820627607209405419e+00,1.000000000000000056e-01,1.000000000000000000e+01,0.000000000000000000e+00,1.161250658631165621e-03,7.898630514106374179e+00,4.000000000000000000e+00,1.499999999999999944e-01
9.753174232057965298e+00,8.440434518900225669e+00,8.738434629998502956e+00,9.484346559016005429e+00,1.000000000000000000e+01,0.000000000000000000e+00,5.922263092371750359e-02,7.873216143895015229e+00,2.200000000000000178e+00,1.499999999999999944e-01
6.246309778523887246e+00,1.000000000000000056e-01,7.795715640667996382e+00,1.019404892398805551e-01,9.143820710721943357e+00,0.000000000000000000e+00,0.000000000000000000e+00,7.900000000000000355e+00,3.897134869641278421e+00,1.499999999999999944e-01
9.632913348909458051e+00,1.000000000000000000e+01,6.735820538132163193e+00,5.427025691809053143e+00,1.068931937529061238e-01,1.354089851248221066e-01,0.000000000000000000e+00,7.900000000000000355e+00,2.277581241669632384e+00,1.499999999999999944e-01
1.000000000000000056e-01,1.000000000000000000e+01,6.823462497235595059e+00,9.609529693932202576e+00,9.827621677312826876e+00,3.536418127521161886e-02,1.680153860957179016e-02,7.900000000000000355e+00,2.244015536759595086e+00,1.499999999999999944e-01
1.026188670016347643e-01,1.138329154278132221e-01,6.273728524958706920e+00,1.004673426864204216e-01,1.000000000000000000e+01,1.214447032357878452e-02,8.749780491872314117e-03,7.691865059815897965e+00,3.947272348398989994e+00,2.500000000000000000e-01
3.043489551646241686e+00,1.002016499060557342e-01,8.349168273286474928e+00,1.063910443119775312e-01,1.000000000000000000e+01,0.000000000000000000e+00,9.403778348816695803e-03,7.900000000000000355e+00,3.963608055595915669e+00,1.499999999999999944e-01
1.000000000000000000e+01,6.020228013266578637e-01,1.000000000000000000e+01,1.000000000000000000e+01,1.078259503281821241e-01,0.000000000000000000e+00,0.000000000000000000e+00,7.685365746959361921e+00,2.200000000000000178e+00,1.504822117747747767e-01
2.273720632114998086e+00,1.014175143565542864e-01,8.109363365881359087e+00,1.000000000000000056e-01,1.000000000000000000e+01,0.000000000000000000e+00,1.844776233568407725e-02,7.900000000000000355e+00,3.927464412337363875e+00,1.499999999999999944e-01
1.098832707042148860e-01,1.000000000000000056e-01,5.378831541808547279e+00,1.000000000000000056e-01,1.000000000000000000e+01,1.491241308588416893e-02,0.000000000000000000e+00,7.900000000000000355e+00,3.854153120750886785e+00,2.460314742539960742e-01
1.000000000000000056e-01,1.033031911276111464e-01,5.961848173705667442e+00,1.000000000000000056e-01,1.000000000000000000e+01,2.028966344089725912e-02,2.016633437973423121e-02,7.900000000000000355e+00,4.000000000000000000e+00,2.448296998114863066e-01
2.253298194893097683e+00,1.000000000000000000e+01,9.256452025760633973e+00,3.417003281794745995e+00,1.000000000000000000e+01,1.208985061978530007e-01,2.147756263993413905e-02,7.710189863747604733e+00,3.099435846508481252e+00,1.561758855924719747e-01
1.000000000000000000e+01,6.964516551512993203e+00,7.150673370837476561e+00,9.150385851199757781e+00,1.050098668862349538e-01,2.163134306174622351e-02,0.000000000000000000e+00,7.900000000000000355e+00,2.200000000000000178e+00,1.542582295215284005e-01
8.591650579099834317e+00,1.035644546051018855e-01,9.236673119304075641e+00,1.067832540452406387e-01,1.023847587687688465e-01,5.184246804454169244e-02,1.083035934042071435e-01,5.595011902674077220e+00,3.963156669569770862e+00,1.555922712714638556e-01
4.836184254746859423e+00,2.822049307028479337e+00,4.412884777963331118e+00,2.823691005010888322e+00,1.000000000000000056e-01,5.271992984853182684e-02,3.903607783606726292e-03,7.900000000000000355e+00,3.351156502182603525e+00,1.527580504901011327e-01
9.882184676726508243e+00,5.293194332318451600e+00,8.384602171235279400e+00,9.939121146945055330e+00,9.334775845759828883e+00,1.974309933834249645e-02,7.455068257389037278e-02,7.823894757243432529e+00,2.200000000000000178e+00,1.499999999999999944e-01
1.000000000000000056e-01,1.155176354016315549e-01,5.173139380327500092e+00,1.000000000000000056e-01,1.000000000000000000e+01,0.000000000000000000e+00,1.793381997596540239e-02,7.787461666782745873e+00,4.000000000000000000e+00,2.455221102691962920e-01
1.000000000000000000e+01,1.085934936679513740e-01,8.359489420627033596e+00,1.042976589045950808e-01,1.000000000000000056e-01,0.000000000000000000e+00,0.000000000000000000e+00,7.817461378022168894e+00,3.919079546906825140e+00,2.500000000000000000e-01
6.171139543151444862e+00,3.788855787164354894e+00,4.912812386434813661e+00,3.253667947644514946e+00,1.029886410689393739e-01,0.000000000000000000e+00,0.000000000000000000e+00,7.900000000000000355e+00,2.979211227456076472e+00,1.504618276680849409e-01
1.000000000000000000e+01,1.040596831747934159e-01,8.799267029830540210e+00,1.000000000000000056e-01,1.000000000000000056e-01,1.930999922874881425e-01,3.394790659280271655e-02,7.814956685122689706e+00,4.000000000000000000e+00,2.440085436403656993e-01
9.695090896546890491e+00,1.057843091892355647e-01,5.057213002579981520e+00,1.015751668137308272e-01,1.000000000000000056e-01,7.768679915296562710e-02,8.206621562569313411e-02,7.900000000000000355e+00,3.323935292219698745e+00,2.350015848526063600e-01
1.000000000000000000e+01,1.000000000000000000e+01,1.000000000000000000e+01,6.155166866400791470e+00,1.056976774192232710e-01,0.000000000000000000e+00,0.000000000000000000e+00,7.900000000000000355e+00,3.842027926110290981e+00,1.499999999999999944e-01
9.701125954593637246e+00,1.000000000000000056e-01,6.338887928551164563e+00,1.000000000000000056e-01,1.026668734086663703e-01,0.000000000000000000e+00,1.979178407814292384e-01,7.900000000000000355e+00,4.000000000000000000e+00,2.500000000000000000e-01
9.611343802160048355e+00,1.499278691809950548e+00,9.728468437741335961e+00,1.000000000000000000e+01,1.074333124786038401e-01,1.974427243176860372e-02,0.000000000000000000e+00,7.900000000000000355e+00,2.215801457719587475e+00,1.699735904050226343e-01
1.020424839593877531e-01,5.951511017089035960e+00,1.000000000000000000e+01,1.000388939024933060e-01,1.000000000000000000e+01,6.026394330255696596e-02,9.524558704258398456e-02,7.900000000000000355e+00,4.000000000000000000e+00,1.781210131369045102e-01
1.000000000000000000e+01,1.000000000000000056e-01,1.000000000000000000e+01,1.000000000000000056e-01,9.289042350606200316e+00,0.000000000000000000e+00,4.953617950989691598e-02,7.900000000000000355e+00,2.730524094594423801e+00,2.347315752617632478e-01
1.122326625868237671e-01,7.342565724190140308e+00,9.202217916186105739e+00,3.451493424798788290e+00,7.326917546836843265e+00,0.000000000000000000e+00,0.000000000000000000e+00,7.900000000000000355e+00,2.473419385289189254e+00,1.499999999999999944e-01
1.070028829997020925e-01,1.000000000000000000e+01,6.277879766946048434e+00,5.691643067849737392e+00,9.635056476065418707e+00,4.527465041893923015e-02,0.000000000000000000e+00,7.861838175746481028e+00,2.200000000000000178e+00,1.553138195111815334e-01
1.000000000000000056e-01,1.000000000000000000e+01,6.632067321604139920e+00,1.000000000000000000e+01,1.000000000000000000e+01,3.003379776699083986e-02,0.000000000000000000e+00,7.832140363704040986e+00,2.200000000000000178e+00,1.540639045712829669e-01
2.994453219965192314e+00,1.000000000000000056e-01,9.041978876388125030e+00,4.730552318324078520e+00,9.876527598802438135e+00,9.997148459375091445e-01,1.000000000000000000e+00,7.899054638021590691e+00,4.000000000000000000e+00,2.452581564497593736e-01
1.000000000000000000e+01,1.000000000000000056e-01,5.990083322950842337e+00,1.000000000000000056e-01,1.018895647763285173e-01,5.209776165673012105e-02,1.306804800928771659e-01,7.900000000000000355e+00,3.971467891207923984e+00,2.423092205533308174e-01
9.617956679432632328e+00,5.435528114981302394e+00,7.083595584375652621e+00,9.269979858459748812e+00,1.008816817905364566e-01,0.000000000000000000e+00,4.076586468202228822e-03,7.821058032775987989e+00,2.200000000000000178e+00,1.567425736552556514e-01
1.008591982978200297e-01,6.105673118260318333e+00,5.120907988473040184e+00,5.407610383363488538e+00,1.000000000000000000e+01,9.174591580637482535e-02,3.293371021531350112e-02,7.800073293782853412e+00,2.215937120974392105e+00,1.674507838006561444e-01
1.000000000000000056e-01,9.710426076034282872e+00,9.334939235336680241e+00,1.000000000000000000e+01,9.793319059601415688e+00,1.016944225918471195e-01,8.429871511539342721e-02,7.900000000000000355e+00,2.507152476133904795e+00,1.499999999999999944e-01
9.459271346621878962e+00,1.000000000000000000e+01,7.078996301347050490e+00,1.000000000000000000e+01,1.007947605765102256e-01,1.591625001878930676e-02,1.727042216923062312e-02,7.832070188714219228e+00,2.241654829571130492e+00,1.499999999999999944e-01
1.063368401280066489e-01,1.087826058287659076e-01,7.070302963207012681e+00,1.038028055244724079e-01,9.846419509393006919e+00,0.000000000000000000e+00,4.083011397957712896e-02,7.806674744703905766e+00,4.000000000000000000e+00,2.500000000000000000e-01
9.231937311508497501e+00,1.000000000000000056e-01,1.000000000000000000e+01,1.025341066776902510e-01,3.261283735345917867e-01,0.000000000000000000e+00,2.532983677537185840e-02,5.079094152532810824e+00,3.933588028652401647e+00,1.578025328382638981e-01
1.059701166478838052e-01,1.037510436693089427e-01,1.000000000000000000e+01,1.000000000000000056e-01,1.000000000000000000e+01,0.000000000000000000e+00,2.998102945531892771e-02,7.900000000000000355e+00,4.000000000000000000e+00,2.417773440795877027e-01
1.015044975625497004e-01,1.000000000000000056e-01,7.372831443216396607e+00,8.034226121682346289e+00,9.838795726642587169e+00,1.350301236523095139e-01,2.170174095934538083e-01,7.900000000000000355e+00,2.277175967496099851e+00,2.200370222213829108e-01
1.000000000000000056e-01,6.433294478317553633e+00,7.827021319824037704e+00,4.387936147110201190e+00,8.985915332578514381e+00,7.146361935334806514e-02,0.000000000000000000e+00,7.849980589216456472e+00,3.700315375303953935e+00,1.499999999999999944e-01
9.092230001650941418e+00,2.586715694918566122e+00,8.626913532163712262e+00,1.000000000000000000e+01,1.000000000000000056e-01,2.358250246941016870e-02,0.000000000000000000e+00,7.900000000000000355e+00,2.200000000000000178e+00,1.504806831017086455e-01
1.000000000000000000e+01,5.839351294561146766e+00,7.729058747040130406e+00,1.000000000000000000e+01,1.000000000000000056e-01,2.926202038891660695e-02,2.857412759846392203e-02,7.864077578616997855e+00,2.200000000000000178e+00,1.508301223053331308e-01
1.038984476141412705e-01,1.000000000000000000e+01,9.435502249156105137e+00,9.387799988839358178e+00,9.475055384778832135e+00,0.000000000000000000e+00,0.000000000000000000e+00,7.900000000000000355e+00,2.261324524952173398e+00,1.499999999999999944e-01
7.726536687638351886e+00,1.000000000000000056e-01,8.750511869424302702e+00,1.027739165838070651e-01,9.685737717457397977e+00,3.219498676377473972e-02,3.812730322805276545e-02,7.836243403398812646e+00,4.000000000000000000e+00,1.531701336800878055e-01
1.086114074374146948e-01,1.079678898600657661e-01,5.562157982728773042e+00,1.000000000000000056e-01,9.946648926420397885e+00,1.205832264167708973e-02,1.462877582004648916e-02,7.900000000000000355e+00,3.908363857794001639e+00,2.468254941334746821e-01
1.000000000000000056e-01,1.058604708983323234e-01,9.874354622150102401e+00,1.039636196920922517e-01,1.000000000000000000e+01,0.000000000000000000e+00,7.324054414244694951e-03,7.748207342454734636e+00,4.000000000000000000e+00,2.500000000000000000e-01
1.836732196739079725e+00,1.000000000000000056e-01,8.886101235685096356e+00,1.101475931090646898e-01,9.384643752649614257e+00,0.000000000000000000e+00,0.000000000000000000e+00,7.900000000000000355e+00,4.000000000000000000e+00,1.499999999999999944e-01
1.000000000000000056e-01,7.646692435961942813e+00,1.000000000000000000e+01,7.017636187450040808e+00,1.000000000000000000e+01,0.000000000000000000e+00,0.000000000000000000e+00,7.653729295655673504e+00,3.936590073699101744e+00,1.626248329832426787e-01
1.012426483049947978e-01,9.923362738269984717e+00,7.359328861495025187e+00,9.740483456963902498e+00,6.914893783443481823e+00,5.276483777305896600e-02,2.126211163562456985e-01,7.900000000000000355e+00,2.281708606260433925e+00,1.537567795324321085e-01
1.000000000000000056e-01,9.097417376405918077e+00,9.769368096853725092e+00,1.000000000000000000e+01,7.917974297603374900e+00,2.444796792115340456e-02,2.786968205341523730e-02,7.900000000000000355e+00,2.446830018347255109e+00,1.499999999999999944e-01
9.320444444396889239e+00,9.641616216427015829e+00,8.039241427645027471e+00,5.977443064109373871e+00,1.000000000000000056e-01,3.347491523516422929e-02,9.105043959004261583e-03,7.725874177282152644e+00,2.307446961410229314e+00,1.532963923046400112e-01
2.114131205568169136e+00,9.579738023380690137e+00,9.238885373442416338e+00,3.362456032917402915e+00,9.412034932511483376e+00,1.751408447521999867e-01,0.000000000000000000e+00,7.865039403658842687e+00,3.007848623887629191e+00,1.520488036866749770e-01
9.280047015495975771e+00,1.000000000000000056e-01,8.319248360392164088e+00,1.018686418942724992e-01,1.003732871972184970e-01,2.453173882763546448e-02,3.756618020345919851e-02,7.833163891569474124e+00,4.000000000000000000e+00,2.500000000000000000e-01
1.035178667351558390e-01,5.469078174077221632e+00,7.329083433593606145e+00,1.074219070036420975e-01,9.405435015203268634e+00,0.000000000000000000e+00,0.000000000000000000e+00,7.806116175576106819e+00,3.986218860482714454e+00,1.714862909137574998e-01
3.720265168272508305e+00,3.427658479285187632e+00,4.650987707512332925e+00,2.532304929786389547e+00,1.082737982494356155e-01,2.633344930617633264e-02,2.365099875673434479e-02,7.766273601451756825e+00,3.918991700963992297e+00,1.535926839301172409e-01
1.056458661512304220e-01,1.000000000000000056e-01,7.216158043251511778e+00,1.030754919327800528e-01,9.870828365846445962e+00,0.000000000000000000e+00,1.093592313152483460e-02,7.900000000000000355e+00,3.991852939115078325e+00,2.500000000000000000e-01
2.424430902394712817e+00,1.000000000000000056e-01,3.380186102668609749e+00,1.000000000000000056e-01,1.019553674718821912e-01,4.619117590613881774e-02,3.662730596221221852e-02,7.900000000000000355e+00,3.955959917427240402e+00,1.552299833696187126e-01
1.000000000000000000e+01,1.076987573579420848e-01,6.667686124111268597e+00,1.008723810715225488e-01,1.000000000000000056e-01,1.463618036215754981e-01,0.000000000000000000e+00,7.900000000000000355e+00,3.979149885449029256e+00,2.468956436390744580e-01
1.031794030498814074e-01,5.654158519752937373e+00,7.626726369825327367e+00,1.000000000000000056e-01,9.459136093377008336e+00,3.495240492459942422e-02,0.000000000000000000e+00,7.900000000000000355e+00,3.974698070324135024e+00,2.165027826991778592e-01
1.008011588463011282e-01,1.000000000000000056e-01,9.024350366537550627e+00,1.030899559138523935e-01,1.000000000000000000e+01,3.698320814179241554e-03,0.000000000000000000e+00,7.801256506669521862e+00,3.914821059206685661e+00,2.498125812866175410e-01
5.513936380355707989e+00,1.023565728939554165e-01,7.529418307545451938e+00,1.000000000000000056e-01,1.000000000000000056e-01,4.514862168707914347e-02,1.048780297051455090e-01,7.627783836363263070e+00,4.000000000000000000e+00,1.553896157971261516e-01
1.000000000000000056e-01,1.000000000000000056e-01,9.502713081164346320e+00,1.000000000000000056e-01,8.905715031645547342e+00,2.549389259164364790e-02,3.212092658475026313e-02,7.764072621118506490e+00,3.965567292058617355e+00,2.447458093606535434e-01
5.429986270360458445e-01,1.000000000000000056e-01,1.000000000000000000e+01,1.000000000000000056e-01,9.771966987900984947e+00,0.000000000000000000e+00,0.000000000000000000e+00,7.900000000000000355e+00,3.893971275891623840e+00,1.499999999999999944e-01
1.000000000000000000e+01,1.000000000000000056e-01,1.000000000000000000e+01,1.095407279162684544e-01,1.000000000000000000e+01,0.000000000000000000e+00,3.351438484886704039e-02,7.845378398632175454e+00,3.400361568823721203e+00,1.902280839487540676e-01
1.083187755712627098e-01,1.000000000000000056e-01,5.535125057511669944e+00,1.126831041949857837e-01,1.000000000000000000e+01,0.000000000000000000e+00,6.286264122749378458e-02,7.882425505458866333e+00,3.957952320916313216e+00,2.500000000000000000e-01
1.000000000000000000e+01,1.000000000000000056e-01,6.776142728489627842e+00,1.042851537037880888e-01,1.000000000000000056e-01,4.568068087480548628e-02,1.388463076564702692e-01,7.900000000000000355e+00,3.978966276746621400e+00,2.500000000000000000e-01
8.045745375961967483e+00,1.021313556375022941e-01,1.000000000000000000e+01,1.065960750852913419e-01,9.748176190490365656e+00,0.000000000000000000e+00,8.712855915174658530e-03,7.755599623574069845e+00,4.000000000000000000e+00,1.499999999999999944e-01
5.614055660647036206e+00,1.029166673271584981e-01,9.525974923270727146e+00,1.141682255773379256e-01,1.000000000000000056e-01,0.000000000000000000e+00,1.747864768101825908e-02,6.557868585060408151e+00,3.902714985084405619e+00,1.499999999999999944e-01
8.832784191300831367e+00,7.081290922567068158e+00,7.446970945548600618e+00,9.958132058941396636e+00,1.040583706823220989e-01,0.000000000000000000e+00,0.000000000000000000e+00,7.900000000000000355e+00,2.200000000000000178e+00,1.499999999999999944e-01
1.007204461001526136e-01,7.203085408595935490e+00,1.000000000000000000e+01,4.625867327251896199e+00,9.616862661346377905e+00,0.000000000000000000e+00,4.968761840259572349e-02,7.900000000000000355e+00,4.000000000000000000e+00,2.026842929181639219e-01
5.323228865904359175e-01,1.010413139303960872e-01,9.645380904808183331e+00,1.088486826861805867e-01,9.515841360078844957e+00,0.000000000000000000e+00,0.000000000000000000e+00,7.900000000000000355e+00,4.000000000000000000e+00,1.513947403034795192e-01
1.000000000000000056e-01,1.000000000000000000e+01,6.801958302614426799e+00,5.476125375095395320e+00,1.000000000000000000e+01,3.251602196531708927e-02,0.000000000000000000e+00,7.885359177118436591e+00,2.364494081793253155e+00,1.499999999999999944e-01
1.000000000000000056e-01,1.000000000000000056e-01,9.274949548085038131e+00,1.009153384825903638e-01,1.000000000000000000e+01,5.401171058584567503e-02,6.208835269282114711e-02,7.900000000000000355e+00,4.000000000000000000e+00,2.007850618696125633e-01
3.685098952734794375e-01,1.000000000000000000e+01,8.733146262767810697e+00,3.731901721301282393e+00,7.002879025691403747e+00,1.644995262738186553e-02,0.000000000000000000e+00,7.887952070853543773e+00,2.908316378527312285e+00,1.499999999999999944e-01
8.797294298142494640e+00,1.000000000000000000e+01,7.512899955454872547e+00,1.000000000000000000e+01,1.000000000000000056e-01,5.872372886357963423e-03,7.013289934707063293e-03,7.900000000000000355e+00,2.283959961745289036e+00,1.511955669478095843e-01
6.381442978327075410e-01,1.000000000000000056e-01,1.000000000000000000e+01,1.000000000000000056e-01,3.891712797008342495e+00,1.167989196550164172e-02,1.931382950227295697e-02,7.741616446126487361e+00,3.899431037494636598e+00,2.316773410388822674e-01
8.489322784985693815e+00,9.928935414757178890e+00,7.245062388543417775e+00,1.000000000000000000e+01,1.060138708582779865e-01,2.942861723623714509e-02,6.723921452429738529e-04,7.900000000000000355e+00,2.200000000000000178e+00,1.499999999999999944e-01
5.289689818472321114e+00,4.798048819446892210e+00,7.148984182271282073e+00,4.699384427409165177e+00,1.000000000000000056e-01,5.220952397561483965e-02,0.000000000000000000e+00,7.840957608118143796e+00,2.596882502243624380e+00,1.571644071405773890e-01
1.000000000000000056e-01,1.011482198466029103e-01,5.213250585298472295e+00,1.176567963902946795e-01,1.000000000000000000e+01,3.646508126579257880e-02,3.177179728455068602e-02,7.897900746867152044e+00,4.000000000000000000e+00,2.474784206488279126e-01
1.000000000000000056e-01,8.676784142642144815e+00,9.229311514762638780e+00,9.731119713961883022e+00,9.497906070038435900e+00,0.000000000000000000e+00,0.000000000000000000e+00,7.900000000000000355e+00,2.389813614779833895e+00,1.499999999999999944e-01
1.000000000000000056e-01,5.938469391068317726e+00,7.631698865262961817e+00,5.006108040438429718e+00,9.362588197256798139e+00,6.314296218843759578e-02,2.486984520134555895e-03,7.812536208883901878e+00,3.649545447647334573e+00,1.499999999999999944e-01
1.000000000000000056e-01,7.282067016225084011e+00,8.624210422758395111e+00,1.000000000000000056e-01,9.757850685469769303e+00,6.150252006420464353e-04,0.000000000000000000e+00,7.900000000000000355e+00,3.985719848001370913e+00,1.917196655168827979e-01
9.071576074437071924e+00,1.000000000000000056e-01,4.340403163052571678e+00,1.027171834275270590e-01,1.072008959085275354e-01,5.628194338891749637e-02,5.355836743700748137e-02,7.900000000000000355e+00,3.957727397941673608e+00,2.169739266585630488e-01
1.041985118465686144e-01,1.059797749162175590e-01,4.985387539062360318e+00,1.000000000000000056e-01,1.000000000000000000e+01,4.179547717849260019e-02,2.596749896039348207e-02,7.843189208252000277e+00,3.936585359268030437e+00,2.500000000000000000e-01
1.000000000000000000e+01,1.028254205376097075e-01,4.522132292811857468e+00,1.113392364288863789e-01,1.000000000000000056e-01,0.000000000000000000e+00,0.000000000000000000e+00,7.861179782449584152e+00,2.977571498711447440e+00,1.839685063460543279e-01
2.042604912161537722e+00,1.111483817505264232e-01,7.367390156163729387e+00,1.000000000000000056e-01,1.000000000000000000e+01,0.000000000000000000e+00,6.891618243970690401e-03,7.900000000000000355e+00,3.982353249463410627e+00,1.499999999999999944e-01
9.862173868166102864e+00,1.032572366564810662e-01,8.983590426904385140e+00,1.114775298880479604e-01,1.000000000000000056e-01,1.360707070828683952e-02,0.000000000000000000e+00,7.813743195258517460e+00,4.000000000000000000e+00,2.500000000000000000e-01
3.831322912311444728e+00,3.438170116981312141e+00,3.976276574171258904e+00,2.504043024017994945e+00,1.059807034899648004e-01,4.835996221604146016e-03,2.970995585235894354e-02,7.883181788029826720e+00,2.777158473781160986e+00,1.499999999999999944e-01
1.000000000000000056e-01,4.702649780519991829e+00,9.865436539019460938e+00,8.593077805616257336e+00,9.450037482124324484e+00,7.788414842176155650e-03,4.605330799706740252e-02,7.900000000000000355e+00,3.891326837724385257e+00,1.543508555102545143e-01
1.051727547377413474e-01,1.000000000000000056e-01,9.956767142819080263e+00,1.000000000000000000e+01,1.000000000000000000e+01,4.181430788742696719e-02,2.059488650153224187e-01,7.877649141235887775e+00,2.200000000000000178e+00,1.499999999999999944e-01
1.008475616592225538e-01,4.517278486887252420e+00,7.108429761478533671e+00,1.000000000000000056e-01,9.821449832022565829e+00,1.869964284738948783e-03,0.000000000000000000e+00,7.824019648110676961e+00,3.960839828242478600e+00,1.732519461485420298e-01
1.036154705414234212e-01,1.044360482489956887e-01,6.152693926665224744e+00,1.000000000000000056e-01,1.000000000000000000e+01,0.000000000000000000e+00,0.000000000000000000e+00,7.900000000000000355e+00,3.967358094833051574e+00,2.500000000000000000e-01
1.000000000000000000e+01,1.015153418751562064e-01,5.435725898984379967e+00,1.094468179762431853e-01,1.112842149146891918e-01,0.000000000000000000e+00,1.700495059714457469e-02,7.863082342965123317e+00,3.618673339634297825e+00,1.535551480807886282e-01
9.888474962601922158e+00,1.000000000000000056e-01,1.000000000000000000e+01,1.000000000000000056e-01,1.000000000000000000e+01,0.000000000000000000e+00,1.087689299729239188e-02,7.847223005228560311e+00,2.552856115464463560e+00,2.328140672949370049e-01
1.889337221413701917e-01,3.338217991783808181e+00,1.000000000000000000e+01,1.022902663753603170e-01,9.630520147563673916e+00,1.000000000000000000e+00,9.942502836069178063e-01,7.900000000000000355e+00,4.000000000000000000e+00,1.694889728170337617e-01
1.080277155775059006e-01,1.000000000000000056e-01,4.450371294036148839e+00,1.002513048092233405e-01,7.668439124578129373e+00,1.498720374012600387e-01,1.829059838150614292e-01,7.173436372359254243e+00,4.000000000000000000e+00,2.500000000000000000e-01
1.000000000000000056e-01,1.000000000000000056e-01,8.863391691838302222e+00,1.007911928112502076e-01,1.000000000000000000e+01,9.861725789551557819e-03,0.000000000000000000e+00,7.900000000000000355e+00,4.000000000000000000e+00,1.499999999999999944e-01
7.578211353244193038e-01,1.025917004562529877e-01,8.924102734898035294e+00,1.000000000000000056e-01,9.663629273418397503e+00,4.415833923795462607e-02,0.000000000000000000e+00,7.900000000000000355e+00,3.971161408689025674e+00,1.524873624831223629e-01
8.325123372545034650e-01,9.843582166454694971e+00,8.090207199367785762e+00,3.007039337880168972e+00,7.807643552400297615e+00,7.358414600850513194e-03,2.080777209896373867e-02,7.886028792446876601e+00,3.298993693270474203e+00,1.499999999999999944e-01
1.097420682246675050e-01,1.000000000000000056e-01,5.954199938646175028e+00,1.000000000000000056e-01,1.000000000000000000e+01,8.108219309912939122e-04,0.000000000000000000e+00,7.900000000000000355e+00,4.000000000000000000e+00,2.500000000000000000e-01
9.688130401997751662e+00,5.289878509328914014e+00,8.482406943324310333e+00,3.201669797132343120e+00,9.988499354543732167e+00,1.384245652173133889e-01,2.653648087415692164e-02,7.732278530201845967e+00,2.220807914609372880e+00,1.505303286201254420e-01
1.000000000000000056e-01,1.110660557498212853e-01,4.677983210916799806e+00,1.000000000000000056e-01,9.565213063348021905e+00,7.166691956610848901e-03,3.946748201208851586e-02,7.900000000000000355e+00,4.000000000000000000e+00,2.500000000000000000e-01
5.874890198738510483e-01,1.000000000000000056e-01,9.659773921602216262e+00,1.038310524141399932e-01,8.728903704628038440e+00,0.000000000000000000e+00,0.000000000000000000e+00,7.839666875200035356e+00,3.904294764767087589e+00,1.499999999999999944e-01
1.000000000000000056e-01,4.926400410085770787e+00,1.000000000000000000e+01,9.648384250225838343e+00,1.000000000000000000e+01,0.000000000000000000e+00,1.626707525592275758e-02,7.900000000000000355e+00,2.835599749130714997e+00,1.499999999999999944e-01
1.008440575795951227e-01,4.078597174528710845e+00,1.000000000000000000e+01,8.230040887877112965e+00,9.956252288880692802e+00,0.000000000000000000e+00,0.000000000000000000e+00,6.991587497678964702e+00,4.000000000000000000e+00,1.531367458749088306e-01
1.063943945915714756e-01,1.000000000000000000e+01,9.259176587494039268e+00,9.882980658479702640e+00,9.009894166957751693e+00,6.864611661646433105e-02,0.000000000000000000e+00,7.900000000000000355e+00,2.276349334978285288e+00,1.499999999999999944e-01
1.000000000000000056e-01,1.073226321181224574e-01,9.973974713498014566e+00,9.230708928171534211e+00,9.773608897053915001e+00,2.482925821219394980e-02,0.000000000000000000e+00,7.837000632065465489e+00,2.724798542210581598e+00,1.499999999999999944e-01
1.000000000000000000e+01,3.572671520305500614e+00,8.060993417887470258e+00,4.153652335910561488e-01,1.000000000000000056e-01,3.724888431950994921e-03,2.937322415692344285e-02,7.690093958506717620e+00,2.200000000000000178e+00,1.595569513270016226e-01
3.161921842740969435e+00,8.129646388217825148e+00,6.267673122318025314e+00,5.904723136513088555e+00,1.000000000000000000e+01,9.963405350587538345e-02,6.528852035333013171e-02,7.811336015675546030e+00,2.200000000000000178e+00,1.584492535104807531e-01
