design_id,split,d1,d2,d3,d4,d5,w1,w2,pitch_mm,height_mm,thickness_mm,feature_0,feature_1,feature_2,feature_3,feature_4,feature_5,feature_6,feature_7,strain,normalized_strain,reaction_N,lower_reaction_N,potential_energy_Nmm,stress_pnorm_MPa,stress_q99_MPa,maximum_stress_MPa,lower_platen_surface_mm,upper_platen_surface_mm,raw_solver_success,solver_accepted,solver_gradient_norm,solver_normalized_projected_gradient,solver_iterations,solver_message,solver_optimizer_method,solver_primary_success,solver_fallback_used,solver_independent_kkt_confirmed,solver_subdivision_count,solver_diagnostics_json,protocol_fingerprint,design_ledger_fingerprint
D000,test,0.6279124563273644,10.0,5.669894600811906,8.321548653554638,5.525153315130971,1.0,1.0,7.9,2.2,0.15,0.020830077404459635,0.33173537480517507,0.18809046105061764,0.2760552061546448,1.0,1.0,0.27848101265822783,0.06818181818181818,0.0,0.0,0.0,0.0,0.0,0.0,0.0,0.0,-0.075,2.2750000000000004,True,True,0.0,0.0,0.0,undeformed reference,reference,True,False,False,1,[],f141ffbd04ef138b9650f2a9878eed8fa60e248adf3e7f5898dbf890fce55fc4,d06c8aa5a844044b059518a454bb52ff40e1addc084e0ee363b3e8e1614a100f
D000,test,0.6279124563273644,10.0,5.669894600811906,8.321548653554638,5.525153315130971,1.0,1.0,7.9,2.2,0.15,0.020830077404459635,0.33173537480517507,0.18809046105061764,0.2760552061546448,1.0,1.0,0.27848101265822783,0.06818181818181818,0.05,0.2,0.7521670811982251,0.7476406826813962,0.041466713725131256,5.796379946064552,6.864422897174367,6.864520212626433,-0.075,2.1650000000000005,True,True,0.0027789221352963606,1.2350765045761602e-05,648.0,CONVERGENCE: NORM OF PROJECTED GRADIENT <= PGTOL,L-BFGS-B,True,False,False,1,"[{""strain"":0.05,""subdivision"":1,""substep"":1,""optimizer_method"":""L-BFGS-B"",""selected_success"":true,""selected_message"":""CONVERGENCE: NORM OF PROJECTED GRADIENT <= PGTOL"",""selected_iterations"":648,""primary_success"":true,""primary_message"":""CONVERGENCE: NORM OF PROJECTED GRADIENT <= PGTOL"",""primary_iterations"":648,""fallback_used"":false,""fallback_success"":false,""fallback_message"":""not invoked"",""fallback_iterations"":0,""fallback_normalized_projected_gradient"":NaN,""independent_kkt_confirmed"":false,""projected_gradient_N"":0.0027789221352963606,""normalized_projected_gradient"":1.2350765045761602e-05,""accepted"":true}]",f141ffbd04ef138b9650f2a9878eed8fa60e248adf3e7f5898dbf890fce55fc4,d06c8aa5a844044b059518a454bb52ff40e1addc084e0ee363b3e8e1614a100f
D000,test,0.6279124563273644,10.0,5.669894600811906,8.321548653554638,5.525153315130971,1.0,1.0,7.9,2.2,0.15,0.020830077404459635,0.33173537480517507,0.18809046105061764,0.2760552061546448,1.0,1.0,0.27848101265822783,0.06818181818181818,0.1,0.4,1.4250555656960966,1.4317709723844905,0.16171907719235024,11.270202065154317,13.354035028196606,13.359342084436353,-0.075,2.055,True,True,0.003123645856531909,1.3882870473475151e-05,601.0,CONVERGENCE: NORM OF PROJECTED GRADIENT <= PGTOL,L-BFGS-B,True,False,False,1,"[{""strain"":0.1,""subdivision"":1,""substep"":1,""optimizer_method"":""L-BFGS-B"",""selected_success"":true,""selected_message"":""CONVERGENCE: NORM OF PROJECTED GRADIENT <= PGTOL"",""selected_iterations"":601,""primary_success"":true,""primary_message"":""CONVERGENCE: NORM OF PROJECTED GRADIENT <= PGTOL"",""primary_iterations"":601,""fallback_used"":false,""fallback_success"":false,""fallback_message"":""not invoked"",""fallback_iterations"":0,""fallback_normalized_projected_gradient"":NaN,""independent_kkt_confirmed"":false,""projected_gradient_N"":0.003123645856531909,""normalized_projected_gradient"":1.3882870473475151e-05,""accepted"":true}]",f141ffbd04ef138b9650f2a9878eed8fa60e248adf3e7f5898dbf890fce55fc4,d06c8aa5a844044b059518a454bb52ff40e1addc084e0ee363b3e8e1614a100f
D000,test,0.6279124563273644,10.0,5.669894600811906,8.321548653554638,5.525153315130971,1.0,1.0,7.9,2.2,0.15,0.020830077404459635,0.33173537480517507,0.18809046105061764,0.2760552061546448,1.0,1.0,0.27848101265822783,0.06818181818181818,0.15,0.6,2.0652894354206577,2.0696384350051575,0.35442791080798125,16.334449477857735,19.35143336924794,19.363711811385006,-0.075,1.9450000000000003,True,True,0.0027460646165542446,1.2204731629129976e-05,664.0,CONVERGENCE: NORM OF PROJECTED GRADIENT <= PGTOL,L-BFGS-B,True,False,False,1,"[{""strain"":0.15,""subdivision"":1,""substep"":1,""optimizer_method"":""L-BFGS-B"",""selected_success"":true,""selected_message"":""CONVERGENCE: NORM OF PROJECTED GRADIENT <= PGTOL"",""selected_iterations"":664,""primary_success"":true,""primary_message"":""CONVERGENCE: NORM OF PROJECTED GRADIENT <= PGTOL"",""primary_iterations"":664,""fallback_used"":false,""fallback_success"":false,""fallback_message"":""not invoked"",""fallback_iterations"":0,""fallback_normalized_projected_gradient"":NaN,""independent_kkt_confirmed"":false,""projected_gradient_N"":0.0027460646165542446,""normalized_projected_gradient"":1.2204731629129976e-05,""accepted"":true}]",f141ffbd04ef138b9650f2a9878eed8fa60e248adf3e7f5898dbf890fce55fc4,d06c8aa5a844044b059518a454bb52ff40e1addc084e0ee363b3e8e1614a100f
D000,test,0.6279124563273644,10.0,5.669894600811906,8.321548653554638,5.525153315130971,1.0,1.0,7.9,2.2,0.15,0.020830077404459635,0.33173537480517507,0.18809046105061764,0.2760552061546448,1.0,1.0,0.27848101265822783,0.06818181818181818,0.2,0.8,2.6394278277681336,2.635475158569953,0.6132653788038067,20.903630692458513,24.73197190288715,24.744711024697015,-0.075,1.8350000000000004,True,True,0.002809846180588771,1.2488205247061203e-05,562.0,CONVERGENCE: NORM OF PROJECTED GRADIENT <= PGTOL,L-BFGS-B,True,False,False,1,"[{""strain"":0.2,""subdivision"":1,""substep"":1,""optimizer_method"":""L-BFGS-B"",""selected_success"":true,""selected_message"":""CONVERGENCE: NORM OF PROJECTED GRADIENT <= PGTOL"",""selected_iterations"":562,""primary_success"":true,""primary_message"":""CONVERGENCE: NORM OF PROJECTED GRADIENT <= PGTOL"",""primary_iterations"":562,""fallback_used"":false,""fallback_success"":false,""fallback_message"":""not invoked"",""fallback_iterations"":0,""fallback_normalized_projected_gradient"":NaN,""independent_kkt_confirmed"":false,""projected_gradient_N"":0.002809846180588771,""normalized_projected_gradient"":1.2488205247061203e-05,""accepted"":true}]",f141ffbd04ef138b9650f2a9878eed8fa60e248adf3e7f5898dbf890fce55fc4,d06c8aa5a844044b059518a454bb52ff40e1addc084e0ee363b3e8e1614a100f
D001,train,9.884838776206049,0.1,10.0,0.1,0.34781357580860317,0.0,0.0,4.86576429402609,4.0,0.15626015145824992,0.4837765849440201,0.004894127217416296,0.48941272174162953,0.004894127217416296,0.0,0.0,0.822070235689586,0.03906503786456248,0.0,0.0,0.0,0.0,0.0,0.0,0.0,0.0,-0.07813007572912496,4.078130075729125,True,True,0.0,0.0,0.0,undeformed reference,reference,True,False,False,1,[],f141ffbd04ef138b9650f2a9878eed8fa60e248adf3e7f5898dbf890fce55fc4,d06c8aa5a844044b059518a454bb52ff40e1addc084e0ee363b3e8e1614a100f
D001,train,9.884838776206049,0.1,10.0,0.1,0.34781357580860317,0.0,0.0,4.86576429402609,4.0,0.15626015145824992,0.4837765849440201,0.004894127217416296,0.48941272174162953,0.004894127217416296,0.0,0.0,0.822070235689586,0.03906503786456248,0.05,0.2,4.1884899855234465,4.179956718346329,0.47175402807959466,18.688331719268398,22.328109704784467,22.33223217089029,-0.07813007572912496,3.878130075729125,True,True,0.0030649765380430516,1.3076383665061538e-05,1048.0,CONVERGENCE: NORM OF PROJECTED GRADIENT <= PGTOL,L-BFGS-B,True,False,False,1,"[{""strain"":0.05,""subdivision"":1,""substep"":1,""optimizer_method"":""L-BFGS-B"",""selected_success"":true,""selected_message"":""CONVERGENCE: NORM OF PROJECTED GRADIENT <= PGTOL"",""selected_iterations"":1048,""primary_success"":true,""primary_message"":""CONVERGENCE: NORM OF PROJECTED GRADIENT <= PGTOL"",""primary_iterations"":1048,""fallback_used"":false,""fallback_success"":false,""fallback_message"":""not invoked"",""fallback_iterations"":0,""fallback_normalized_projected_gradient"":NaN,""independent_kkt_confirmed"":false,""projected_gradient_N"":0.0030649765380430516,""normalized_projected_gradient"":1.3076383665061538e-05,""accepted"":true}]",f141ffbd04ef138b9650f2a9878eed8fa60e248adf3e7f5898dbf890fce55fc4,d06c8aa5a844044b059518a454bb52ff40e1addc084e0ee363b3e8e1614a100f
D001,train,9.884838776206049,0.1,10.0,0.1,0.34781357580860317,0.0,0.0,4.86576429402609,4.0,0.15626015145824992,0.4837765849440201,0.004894127217416296,0.48941272174162953,0.004894127217416296,0.0,0.0,0.822070235689586,0.03906503786456248,0.1,0.4,6.1254753149420775,6.128960201630688,1.526402406384574,29.98123962087508,35.729681986760376,35.73001477619707,-0.07813007572912496,3.678130075729125,True,True,0.0032473058357811446,1.3854271463226162e-05,877.0,CONVERGENCE: NORM OF PROJECTED GRADIENT <= PGTOL,L-BFGS-B,True,False,False,1,"[{""strain"":0.1,""subdivision"":1,""substep"":1,""optimizer_method"":""L-BFGS-B"",""selected_success"":true,""selected_message"":""CONVERGENCE: NORM OF PROJECTED GRADIENT <= PGTOL"",""selected_iterations"":877,""primary_success"":true,""primary_message"":""CONVERGENCE: NORM OF PROJECTED GRADIENT <= PGTOL"",""primary_iterations"":877,""fallback_used"":false,""fallback_success"":false,""fallback_message"":""not invoked"",""fallback_iterations"":0,""fallback_normalized_projected_gradient"":NaN,""independent_kkt_confirmed"":false,""projected_gradient_N"":0.0032473058357811446,""normalized_projected_gradient"":1.3854271463226162e-05,""accepted"":true}]",f141ffbd04ef138b9650f2a9878eed8fa60e248adf3e7f5898dbf890fce55fc4,d06c8aa5a844044b059518a454bb52ff40e1addc084e0ee363b3e8e1614a100f
D001,train,9.884838776206049,0.1,10.0,0.1,0.34781357580860317,0.0,0.0,4.86576429402609,4.0,0.15626015145824992,0.4837765849440201,0.004894127217416296,0.48941272174162953,0.004894127217416296,0.0,0.0,0.822070235689586,0.03906503786456248,0.15,0.6,7.067095893204382,7.069800519340189,2.8565274816435045,36.68380194523752,43.59648045027287,43.59754737516118,-0.07813007572912496,3.478130075729125,True,True,0.003026206662598785,1.2910976276240358e-05,1104.0,CONVERGENCE: NORM OF PROJECTED GRADIENT <= PGTOL,L-BFGS-B,True,False,False,1,"[{""strain"":0.15,""subdivision"":1,""substep"":1,""optimizer_method"":""L-BFGS-B"",""selected_success"":true,""selected_message"":""CONVERGENCE: NORM OF PROJECTED GRADIENT <= PGTOL"",""selected_iterations"":1104,""primary_success"":true,""primary_message"":""CONVERGENCE: NORM OF PROJECTED GRADIENT <= PGTOL"",""primary_iterations"":1104,""fallback_used"":false,""fallback_success"":false,""fallback_message"":""not invoked"",""fallback_iterations"":0,""fallback_normalized_projected_gradient"":NaN,""independent_kkt_confirmed"":false,""projected_gradient_N"":0.003026206662598785,""normalized_projected_gradient"":1.2910976276240358e-05,""accepted"":true}]",f141ffbd04ef138b9650f2a9878eed8fa60e248adf3e7f5898dbf890fce55fc4,d06c8aa5a844044b059518a454bb52ff40e1addc084e0ee363b3e8e1614a100f
D001,train,9.884838776206049,0.1,10.0,0.1,0.34781357580860317,0.0,0.0,4.86576429402609,4.0,0.15626015145824992,0.4837765849440201,0.004894127217416296,0.48941272174162953,0.004894127217416296,0.0,0.0,0.822070235689586,0.03906503786456248,0.2,0.8,7.517264088649874,7.519446973118004,4.321530511071829,40.893325468200985,48.45949460606939,48.46021210792948,-0.07813007572912496,3.278130075729125,True,True,0.0032385723654546617,1.381701107728225e-05,826.0,CONVERGENCE: NORM OF PROJECTED GRADIENT <= PGTOL,L-BFGS-B,True,False,False,1,"[{""strain"":0.2,""subdivision"":1,""substep"":1,""optimizer_method"":""L-BFGS-B"",""selected_success"":true,""selected_message"":""CONVERGENCE: NORM OF PROJECTED GRADIENT <= PGTOL"",""selected_iterations"":826,""primary_success"":true,""primary_message"":""CONVERGENCE: NORM OF PROJECTED GRADIENT <= PGTOL"",""primary_iterations"":826,""fallback_used"":false,""fallback_success"":false,""fallback_message"":""not invoked"",""fallback_iterations"":0,""fallback_normalized_projected_gradient"":NaN,""independent_kkt_confirmed"":false,""projected_gradient_N"":0.0032385723654546617,""normalized_projected_gradient"":1.381701107728225e-05,""accepted"":true}]",f141ffbd04ef138b9650f2a9878eed8fa60e248adf3e7f5898dbf890fce55fc4,d06c8aa5a844044b059518a454bb52ff40e1addc084e0ee363b3e8e1614a100f
D002,train,0.1,0.11031758842521328,9.810294924228543,10.0,10.0,0.01831558917119717,0.17398410305320075,7.9,2.2,0.25,0.0033310446266827426,0.00367472810152405,0.32678530193524474,0.33310446266827426,0.01831558917119717,0.17398410305320075,0.27848101265822783,0.11363636363636363,0.0,0.0,0.0,0.0,0.0,0.0,0.0,0.0,-0.125,2.325,True,True,0.0,0.0,0.0,undeformed reference,reference,True,False,False,1,[],f141ffbd04ef138b9650f2a9878eed8fa60e248adf3e7f5898dbf890fce55fc4,d06c8aa5a844044b059518a454bb52ff40e1addc084e0ee363b3e8e1614a100f
D002,train,0.1,0.11031758842521328,9.810294924228543,10.0,10.0,0.01831558917119717,0.17398410305320075,7.9,2.2,0.25,0.0033310446266827426,0.00367472810152405,0.32678530193524474,0.33310446266827426,0.01831558917119717,0.17398410305320075,0.27848101265822783,0.11363636363636363,0.05,0.2,3.4102057565499955,3.412553710919614,0.19075617923226695,8.958776466914957,10.959234403634676,10.96637501563431,-0.125,2.2150000000000003,True,True,0.0042292634686680874,1.1278035916448233e-05,400.0,CONVERGENCE: NORM OF PROJECTED GRADIENT <= PGTOL,L-BFGS-B,True,False,False,1,"[{""strain"":0.05,""subdivision"":1,""substep"":1,""optimizer_method"":""L-BFGS-B"",""selected_success"":true,""selected_message"":""CONVERGENCE: NORM OF PROJECTED GRADIENT <= PGTOL"",""selected_iterations"":400,""primary_success"":true,""primary_message"":""CONVERGENCE: NORM OF PROJECTED GRADIENT <= PGTOL"",""primary_iterations"":400,""fallback_used"":false,""fallback_success"":false,""fallback_message"":""not invoked"",""fallback_iterations"":0,""fallback_normalized_projected_gradient"":NaN,""independent_kkt_confirmed"":false,""projected_gradient_N"":0.0042292634686680874,""normalized_projected_gradient"":1.1278035916448233e-05,""accepted"":true}]",f141ffbd04ef138b9650f2a9878eed8fa60e248adf3e7f5898dbf890fce55fc4,d06c8aa5a844044b059518a454bb52ff40e1addc084e0ee363b3e8e1614a100f
D002,train,0.1,0.11031758842521328,9.810294924228543,10.0,10.0,0.01831558917119717,0.17398410305320075,7.9,2.2,0.25,0.0033310446266827426,0.00367472810152405,0.32678530193524474,0.33310446266827426,0.01831558917119717,0.17398410305320075,0.27848101265822783,0.11363636363636363,0.1,0.4,6.4569385942891095,6.464199837010898,0.737249100585234,17.083733742000508,20.84226339259971,20.85601879979421,-0.125,2.105,True,True,0.0037539640419278486,1.0010570778474263e-05,392.0,CONVERGENCE: NORM OF PROJECTED GRADIENT <= PGTOL,L-BFGS-B,True,False,False,1,"[{""strain"":0.1,""subdivision"":1,""substep"":1,""optimizer_method"":""L-BFGS-B"",""selected_success"":true,""selected_message"":""CONVERGENCE: NORM OF PROJECTED GRADIENT <= PGTOL"",""selected_iterations"":392,""primary_success"":true,""primary_message"":""CONVERGENCE: NORM OF PROJECTED GRADIENT <= PGTOL"",""primary_iterations"":392,""fallback_used"":false,""fallback_success"":false,""fallback_message"":""not invoked"",""fallback_iterations"":0,""fallback_normalized_projected_gradient"":NaN,""independent_kkt_confirmed"":false,""projected_gradient_N"":0.0037539640419278486,""normalized_projected_gradient"":1.0010570778474263e-05,""accepted"":true}]",f141ffbd04ef138b9650f2a9878eed8fa60e248adf3e7f5898dbf890fce55fc4,d06c8aa5a844044b059518a454bb52ff40e1addc084e0ee363b3e8e1614a100f
D002,train,0.1,0.11031758842521328,9.810294924228543,10.0,10.0,0.01831558917119717,0.17398410305320075,7.9,2.2,0.25,0.0033310446266827426,0.00367472810152405,0.32678530193524474,0.33310446266827426,0.01831558917119717,0.17398410305320075,0.27848101265822783,0.11363636363636363,0.15,0.6,9.11388256627179,9.108955175915181,1.597652248154224,24.048465698365746,29.229008553414566,29.2415732819106,-0.125,1.995,True,True,0.0053485891391149565,1.4262904370973217e-05,450.0,CONVERGENCE: NORM OF PROJECTED GRADIENT <= PGTOL,L-BFGS-B,True,False,False,1,"[{""strain"":0.15,""subdivision"":1,""substep"":1,""optimizer_method"":""L-BFGS-B"",""selected_success"":true,""selected_message"":""CONVERGENCE: NORM OF PROJECTED GRADIENT <= PGTOL"",""selected_iterations"":450,""primary_success"":true,""primary_message"":""CONVERGENCE: NORM OF PROJECTED GRADIENT <= PGTOL"",""primary_iterations"":450,""fallback_used"":false,""fallback_success"":false,""fallback_message"":""not invoked"",""fallback_iterations"":0,""fallback_normalized_projected_gradient"":NaN,""independent_kkt_confirmed"":false,""projected_gradient_N"":0.0053485891391149565,""normalized_projected_gradient"":1.4262904370973217e-05,""accepted"":true}]",f141ffbd04ef138b9650f2a9878eed8fa60e248adf3e7f5898dbf890fce55fc4,d06c8aa5a844044b059518a454bb52ff40e1addc084e0ee363b3e8e1614a100f
D002,train,0.1,0.11031758842521328,9.810294924228543,10.0,10.0,0.01831558917119717,0.17398410305320075,7.9,2.2,0.25,0.0033310446266827426,0.00367472810152405,0.32678530193524474,0.33310446266827426,0.01831558917119717,0.17398410305320075,0.27848101265822783,0.11363636363636363,0.2,0.8,11.409350706240648,11.393442160094118,2.728681492315645,29.790313507051934,36.03434635837499,36.03453182085916,-0.125,1.8850000000000002,True,True,0.00476061756723678,1.269498017929808e-05,388.0,CONVERGENCE: NORM OF PROJECTED GRADIENT <= PGTOL,L-BFGS-B,True,False,False,1,"[{""strain"":0.2,""subdivision"":1,""substep"":1,""optimizer_method"":""L-BFGS-B"",""selected_success"":true,""selected_message"":""CONVERGENCE: NORM OF PROJECTED GRADIENT <= PGTOL"",""selected_iterations"":388,""primary_success"":true,""primary_message"":""CONVERGENCE: NORM OF PROJECTED GRADIENT <= PGTOL"",""primary_iterations"":388,""fallback_used"":false,""fallback_success"":false,""fallback_message"":""not invoked"",""fallback_iterations"":0,""fallback_normalized_projected_gradient"":NaN,""independent_kkt_confirmed"":false,""projected_gradient_N"":0.00476061756723678,""normalized_projected_gradient"":1.269498017929808e-05,""accepted"":true}]",f141ffbd04ef138b9650f2a9878eed8fa60e248adf3e7f5898dbf890fce55fc4,d06c8aa5a844044b059518a454bb52ff40e1addc084e0ee363b3e8e1614a100f
D003,train,0.1,10.0,6.258829286082422,0.13192985137124502,6.520222395511445,0.1901488897935476,0.0,7.899453768874846,2.263247634293263,0.15,0.004345751173488268,0.4345751173488268,0.27199314714655426,0.0057333430641472085,0.1901488897935476,0.0,0.2865068523105779,0.06627644174997227,0.0,0.0,0.0,0.0,0.0,0.0,0.0,0.0,-0.075,2.338247634293263,True,True,0.0,0.0,0.0,undeformed reference,reference,True,False,False,1,[],f141ffbd04ef138b9650f2a9878eed8fa60e248adf3e7f5898dbf890fce55fc4,d06c8aa5a844044b059518a454bb52ff40e1addc084e0ee363b3e8e1614a100f
D003,train,0.1,10.0,6.258829286082422,0.13192985137124502,6.520222395511445,0.1901488897935476,0.0,7.899453768874846,2.263247634293263,0.15,0.004345751173488268,0.4345751173488268,0.27199314714655426,0.0057333430641472085,0.1901488897935476,0.0,0.2865068523105779,0.06627644174997227,0.05,0.2,0.9415506771513686,0.9433122830323876,0.054791938765577745,6.598638161711924,8.097151986338032,8.106735583416373,-0.075,2.2250852525786002,True,True,0.0025161255311259845,1.1182780138337708e-05,798.0,CONVERGENCE: NORM OF PROJECTED GRADIENT <= PGTOL,L-BFGS-B,True,False,False,1,"[{""strain"":0.05,""subdivision"":1,""substep"":1,""optimizer_method"":""L-BFGS-B"",""selected_success"":true,""selected_message"":""CONVERGENCE: NORM OF PROJECTED GRADIENT <= PGTOL"",""selected_iterations"":798,""primary_success"":true,""primary_message"":""CONVERGENCE: NORM OF PROJECTED GRADIENT <= PGTOL"",""primary_iterations"":798,""fallback_used"":false,""fallback_success"":false,""fallback_message"":""not invoked"",""fallback_iterations"":0,""fallback_normalized_projected_gradient"":NaN,""independent_kkt_confirmed"":false,""projected_gradient_N"":0.0025161255311259845,""normalized_projected_gradient"":1.1182780138337708e-05,""accepted"":true}]",f141ffbd04ef138b9650f2a9878eed8fa60e248adf3e7f5898dbf890fce55fc4,d06c8aa5a844044b059518a454bb52ff40e1addc084e0ee363b3e8e1614a100f
D003,train,0.1,10.0,6.258829286082422,0.13192985137124502,6.520222395511445,0.1901488897935476,0.0,7.899453768874846,2.263247634293263,0.15,0.004345751173488268,0.4345751173488268,0.27199314714655426,0.0057333430641472085,0.1901488897935476,0.0,0.2865068523105779,0.06627644174997227,0.1,0.4,1.7882267430126249,1.7872882373201562,0.21049332699200873,12.687593997903402,15.530304314149983,15.545626093907455,-0.075,2.111922870863937,True,True,0.003152903767884477,1.401290563504212e-05,673.0,CONVERGENCE: NORM OF PROJECTED GRADIENT <= PGTOL,L-BFGS-B,True,False,False,1,"[{""strain"":0.1,""subdivision"":1,""substep"":1,""optimizer_method"":""L-BFGS-B"",""selected_success"":true,""selected_message"":""CONVERGENCE: NORM OF PROJECTED GRADIENT <= PGTOL"",""selected_iterations"":673,""primary_success"":true,""primary_message"":""CONVERGENCE: NORM OF PROJECTED GRADIENT <= PGTOL"",""primary_iterations"":673,""fallback_used"":false,""fallback_success"":false,""fallback_message"":""not invoked"",""fallback_iterations"":0,""fallback_normalized_projected_gradient"":NaN,""independent_kkt_confirmed"":false,""projected_gradient_N"":0.003152903767884477,""normalized_projected_gradient"":1.401290563504212e-05,""accepted"":true}]",f141ffbd04ef138b9650f2a9878eed8fa60e248adf3e7f5898dbf890fce55fc4,d06c8aa5a844044b059518a454bb52ff40e1addc084e0ee363b3e8e1614a100f
D003,train,0.1,10.0,6.258829286082422,0.13192985137124502,6.520222395511445,0.1901488897935476,0.0,7.899453768874846,2.263247634293263,0.15,0.004345751173488268,0.4345751173488268,0.27199314714655426,0.0057333430641472085,0.1901488897935476,0.0,0.2865068523105779,0.06627644174997227,0.15,0.6,2.522602161231159,2.5224025701269444,0.45482783857124737,18.146616551925412,22.14433002800319,22.163103581214767,-0.075,1.9987604891492738,True,True,0.0033643043304516507,1.4952463690896225e-05,862.0,CONVERGENCE: NORM OF PROJECTED GRADIENT <= PGTOL,L-BFGS-B,True,False,False,1,"[{""strain"":0.15,""subdivision"":1,""substep"":1,""optimizer_method"":""L-BFGS-B"",""selected_success"":true,""selected_message"":""CONVERGENCE: NORM OF PROJECTED GRADIENT <= PGTOL"",""selected_iterations"":862,""primary_success"":true,""primary_message"":""CONVERGENCE: NORM OF PROJECTED GRADIENT <= PGTOL"",""primary_iterations"":862,""fallback_used"":false,""fallback_success"":false,""fallback_message"":""not invoked"",""fallback_iterations"":0,""fallback_normalized_projected_gradient"":NaN,""independent_kkt_confirmed"":false,""projected_gradient_N"":0.0033643043304516507,""normalized_projected_gradient"":1.4952463690896225e-05,""accepted"":true}]",f141ffbd04ef138b9650f2a9878eed8fa60e248adf3e7f5898dbf890fce55fc4,d06c8aa5a844044b059518a454bb52ff40e1addc084e0ee363b3e8e1614a100f
D003,train,0.1,10.0,6.258829286082422,0.13192985137124502,6.520222395511445,0.1901488897935476,0.0,7.899453768874846,2.263247634293263,0.15,0.004345751173488268,0.4345751173488268,0.27199314714655426,0.0057333430641472085,0.1901488897935476,0.0,0.2865068523105779,0.06627644174997227,0.2,0.8,3.155010189976396,3.1512563518868437,0.7765737620589306,22.923003570156567,27.876341683574417,27.894559584351608,-0.075,1.8855981074346106,True,True,0.003088406510719184,1.372625115875193e-05,767.0,CONVERGENCE: NORM OF PROJECTED GRADIENT <= PGTOL,L-BFGS-B,True,False,False,1,"[{""strain"":0.2,""subdivision"":1,""substep"":1,""optimizer_method"":""L-BFGS-B"",""selected_success"":true,""selected_message"":""CONVERGENCE: NORM OF PROJECTED GRADIENT <= PGTOL"",""selected_iterations"":767,""primary_success"":true,""primary_message"":""CONVERGENCE: NORM OF PROJECTED GRADIENT <= PGTOL"",""primary_iterations"":767,""fallback_used"":false,""fallback_success"":false,""fallback_message"":""not invoked"",""fallback_iterations"":0,""fallback_normalized_projected_gradient"":NaN,""independent_kkt_confirmed"":false,""projected_gradient_N"":0.003088406510719184,""normalized_projected_gradient"":1.372625115875193e-05,""accepted"":true}]",f141ffbd04ef138b9650f2a9878eed8fa60e248adf3e7f5898dbf890fce55fc4,d06c8aa5a844044b059518a454bb52ff40e1addc084e0ee363b3e8e1614a100f
D004,test,0.1,0.1,7.215915895667447,0.10840553444940591,7.168416411980394,0.5049118850449811,0.4874718475762521,7.133527072312738,3.9765204959224865,0.25,0.006806083459372876,0.006806083459372876,0.4911212582172802,0.007378171149205781,0.5049118850449811,0.4874718475762521,0.5574410043744702,0.06286903343170225,0.0,0.0,0.0,0.0,0.0,0.0,0.0,0.0,-0.125,4.101520495922486,True,True,0.0,0.0,0.0,undeformed reference,reference,True,False,False,1,[],f141ffbd04ef138b9650f2a9878eed8fa60e248adf3e7f5898dbf890fce55fc4,d06c8aa5a844044b059518a454bb52ff40e1addc084e0ee363b3e8e1614a100f
D004,test,0.1,0.1,7.215915895667447,0.10840553444940591,7.168416411980394,0.5049118850449811,0.4874718475762521,7.133527072312738,3.9765204959224865,0.25,0.006806083459372876,0.006806083459372876,0.4911212582172802,0.007378171149205781,0.5049118850449811,0.4874718475762521,0.5574410043744702,0.06286903343170225,0.05,0.2,6.55412632933839,6.561718718243489,0.6914054134115496,16.021911107958843,19.181863842974217,19.193595832932818,-0.125,3.902694471126362,True,True,0.004688952054405782,1.2503872145082084e-05,622.0,CONVERGENCE: NORM OF PROJECTED GRADIENT <= PGTOL,L-BFGS-B,True,False,False,1,"[{""strain"":0.05,""subdivision"":1,""substep"":1,""optimizer_method"":""L-BFGS-B"",""selected_success"":true,""selected_message"":""CONVERGENCE: NORM OF PROJECTED GRADIENT <= PGTOL"",""selected_iterations"":622,""primary_success"":true,""primary_message"":""CONVERGENCE: NORM OF PROJECTED GRADIENT <= PGTOL"",""primary_iterations"":622,""fallback_used"":false,""fallback_success"":false,""fallback_message"":""not invoked"",""fallback_iterations"":0,""fallback_normalized_projected_gradient"":NaN,""independent_kkt_confirmed"":false,""projected_gradient_N"":0.004688952054405782,""normalized_projected_gradient"":1.2503872145082084e-05,""accepted"":true}]",f141ffbd04ef138b9650f2a9878eed8fa60e248adf3e7f5898dbf890fce55fc4,d06c8aa5a844044b059518a454bb52ff40e1addc084e0ee363b3e8e1614a100f
D004,test,0.1,0.1,7.215915895667447,0.10840553444940591,7.168416411980394,0.5049118850449811,0.4874718475762521,7.133527072312738,3.9765204959224865,0.25,0.006806083459372876,0.006806083459372876,0.4911212582172802,0.007378171149205781,0.5049118850449811,0.4874718475762521,0.5574410043744702,0.06286903343170225,0.1,0.4,10.967784236993728,10.962998296922763,2.4647891671482314,27.664978520018114,33.007388612141725,33.016647171733474,-0.125,3.7038684463302376,True,True,0.004456558917971698,1.1884157114591194e-05,600.0,CONVERGENCE: NORM OF PROJECTED GRADIENT <= PGTOL,L-BFGS-B,True,False,False,1,"[{""strain"":0.1,""subdivision"":1,""substep"":1,""optimizer_method"":""L-BFGS-B"",""selected_success"":true,""selected_message"":""CONVERGENCE: NORM OF PROJECTED GRADIENT <= PGTOL"",""selected_iterations"":600,""primary_success"":true,""primary_message"":""CONVERGENCE: NORM OF PROJECTED GRADIENT <= PGTOL"",""primary_iterations"":600,""fallback_used"":false,""fallback_success"":false,""fallback_message"":""not invoked"",""fallback_iterations"":0,""fallback_normalized_projected_gradient"":NaN,""independent_kkt_confirmed"":false,""projected_gradient_N"":0.004456558917971698,""normalized_projected_gradient"":1.1884157114591194e-05,""accepted"":true}]",f141ffbd04ef138b9650f2a9878eed8fa60e248adf3e7f5898dbf890fce55fc4,d06c8aa5a844044b059518a454bb52ff40e1addc084e0ee363b3e8e1614a100f
D004,test,0.1,0.1,7.215915895667447,0.10840553444940591,7.168416411980394,0.5049118850449811,0.4874718475762521,7.133527072312738,3.9765204959224865,0.25,0.006806083459372876,0.006806083459372876,0.4911212582172802,0.007378171149205781,0.5049118850449811,0.4874718475762521,0.5574410043744702,0.06286903343170225,0.15,0.6,13.757420670935016,13.75758006425585,4.9435996216187705,35.31551289865675,42.00377724343606,42.014005574358535,-0.125,3.505042421534113,True,True,0.005396545434165567,1.4390787824441512e-05,551.0,CONVERGENCE: NORM OF PROJECTED GRADIENT <= PGTOL,L-BFGS-B,True,False,False,1,"[{""strain"":0.15,""subdivision"":1,""substep"":1,""optimizer_method"":""L-BFGS-B"",""selected_success"":true,""selected_message"":""CONVERGENCE: NORM OF PROJECTED GRADIENT <= PGTOL"",""selected_iterations"":551,""primary_success"":true,""primary_message"":""CONVERGENCE: NORM OF PROJECTED GRADIENT <= PGTOL"",""primary_iterations"":551,""fallback_used"":false,""fallback_success"":false,""fallback_message"":""not invoked"",""fallback_iterations"":0,""fallback_normalized_projected_gradient"":NaN,""independent_kkt_confirmed"":false,""projected_gradient_N"":0.005396545434165567,""normalized_projected_gradient"":1.4390787824441512e-05,""accepted"":true}]",f141ffbd04ef138b9650f2a9878eed8fa60e248adf3e7f5898dbf890fce55fc4,d06c8aa5a844044b059518a454bb52ff40e1addc084e0ee363b3e8e1614a100f
D004,test,0.1,0.1,7.215915895667447,0.10840553444940591,7.168416411980394,0.5049118850449811,0.4874718475762521,7.133527072312738,3.9765204959224865,0.25,0.006806083459372876,0.006806083459372876,0.4911212582172802,0.007378171149205781,0.5049118850449811,0.4874718475762521,0.5574410043744702,0.06286903343170225,0.2,0.8,15.483227733587533,15.48859628991861,7.863101155483384,40.273704781123364,47.76499336681003,47.773026190705394,-0.125,3.3062163967379887,True,True,0.004565859160654995,1.217562442841332e-05,612.0,CONVERGENCE: NORM OF PROJECTED GRADIENT <= PGTOL,L-BFGS-B,True,False,False,1,"[{""strain"":0.2,""subdivision"":1,""substep"":1,""optimizer_method"":""L-BFGS-B"",""selected_success"":true,""selected_message"":""CONVERGENCE: NORM OF PROJECTED GRADIENT <= PGTOL"",""selected_iterations"":612,""primary_success"":true,""primary_message"":""CONVERGENCE: NORM OF PROJECTED GRADIENT <= PGTOL"",""primary_iterations"":612,""fallback_used"":false,""fallback_success"":false,""fallback_message"":""not invoked"",""fallback_iterations"":0,""fallback_normalized_projected_gradient"":NaN,""independent_kkt_confirmed"":false,""projected_gradient_N"":0.004565859160654995,""normalized_projected_gradient"":1.217562442841332e-05,""accepted"":true}]",f141ffbd04ef138b9650f2a9878eed8fa60e248adf3e7f5898dbf890fce55fc4,d06c8aa5a844044b059518a454bb52ff40e1addc084e0ee363b3e8e1614a100f
D005,train,9.595033675461204,0.1,5.161748307126464,0.10536390121077766,0.10400677143121953,0.06004009487483722,0.07929479086140812,7.685345312107824,3.053242645853345,0.23693767130102628,0.6368602452817069,0.006637394581641164,0.34260560245516636,0.006993417869969904,0.06004009487483722,0.07929479086140812,0.39728112685361516,0.07760197887410453,0.0,0.0,0.0,0.0,0.0,0.0,0.0,0.0,-0.11846883565051314,3.1717114815038583,True,True,0.0,0.0,0.0,undeformed reference,reference,True,False,False,1,[],f141ffbd04ef138b9650f2a9878eed8fa60e248adf3e7f5898dbf890fce55fc4,d06c8aa5a844044b059518a454bb52ff40e1addc084e0ee363b3e8e1614a100f
D005,train,9.595033675461204,0.1,5.161748307126464,0.10536390121077766,0.10400677143121953,0.06004009487483722,0.07929479086140812,7.685345312107824,3.053242645853345,0.23693767130102628,0.6368602452817069,0.006637394581641164,0.34260560245516636,0.006993417869969904,0.06004009487483722,0.07929479086140812,0.39728112685361516,0.07760197887410453,0.05,0.2,3.689104211362306,3.689746404126332,0.2893679582413703,11.178985369167238,14.098501293768024,14.103209536246572,-0.11846883565051314,3.019049349211191,True,True,0.004887718828418985,1.375247423110753e-05,884.0,CONVERGENCE: NORM OF PROJECTED GRADIENT <= PGTOL,L-BFGS-B,True,False,False,1,"[{""strain"":0.05,""subdivision"":1,""substep"":1,""optimizer_method"":""L-BFGS-B"",""selected_success"":true,""selected_message"":""CONVERGENCE: NORM OF PROJECTED GRADIENT <= PGTOL"",""selected_iterations"":884,""primary_success"":true,""primary_message"":""CONVERGENCE: NORM OF PROJECTED GRADIENT <= PGTOL"",""primary_iterations"":884,""fallback_used"":false,""fallback_success"":false,""fallback_message"":""not invoked"",""fallback_iterations"":0,""fallback_normalized_projected_gradient"":NaN,""independent_kkt_confirmed"":false,""projected_gradient_N"":0.004887718828418985,""normalized_projected_gradient"":1.375247423110753e-05,""accepted"":true}]",f141ffbd04ef138b9650f2a9878eed8fa60e248adf3e7f5898dbf890fce55fc4,d06c8aa5a844044b059518a454bb52ff40e1addc084e0ee363b3e8e1614a100f
D005,train,9.595033675461204,0.1,5.161748307126464,0.10536390121077766,0.10400677143121953,0.06004009487483722,0.07929479086140812,7.685345312107824,3.053242645853345,0.23693767130102628,0.6368602452817069,0.006637394581641164,0.34260560245516636,0.006993417869969904,0.06004009487483722,0.07929479086140812,0.39728112685361516,0.07760197887410453,0.1,0.4,6.759687101726829,6.768097845462249,1.094806795686579,20.62863246782717,25.846085451537515,25.85389536361496,-0.11846883565051314,2.8663872169185236,True,True,0.004352935474124298,1.2247765274364635e-05,544.0,CONVERGENCE: NORM OF PROJECTED GRADIENT <= PGTOL,L-BFGS-B,True,False,False,1,"[{""strain"":0.1,""subdivision"":1,""substep"":1,""optimizer_method"":""L-BFGS-B"",""selected_success"":true,""selected_message"":""CONVERGENCE: NORM OF PROJECTED GRADIENT <= PGTOL"",""selected_iterations"":544,""primary_success"":true,""primary_message"":""CONVERGENCE: NORM OF PROJECTED GRADIENT <= PGTOL"",""primary_iterations"":544,""fallback_used"":false,""fallback_success"":false,""fallback_message"":""not invoked"",""fallback_iterations"":0,""fallback_normalized_projected_gradient"":NaN,""independent_kkt_confirmed"":false,""projected_gradient_N"":0.004352935474124298,""normalized_projected_gradient"":1.2247765274364635e-05,""accepted"":true}]",f141ffbd04ef138b9650f2a9878eed8fa60e248adf3e7f5898dbf890fce55fc4,d06c8aa5a844044b059518a454bb52ff40e1addc084e0ee363b3e8e1614a100f
D005,train,9.595033675461204,0.1,5.161748307126464,0.10536390121077766,0.10400677143121953,0.06004009487483722,0.07929479086140812,7.685345312107824,3.053242645853345,0.23693767130102628,0.6368602452817069,0.006637394581641164,0.34260560245516636,0.006993417869969904,0.06004009487483722,0.07929479086140812,0.39728112685361516,0.07760197887410453,0.15,0.6,9.604944877849295,9.603397270239688,2.3380419276134847,27.76895449240156,33.8682573106065,33.90209817073545,-0.11846883565051314,2.7137250846258567,True,True,0.003620577756484167,1.0187145383294409e-05,604.0,CONVERGENCE: NORM OF PROJECTED GRADIENT <= PGTOL,L-BFGS-B,True,False,False,1,"[{""strain"":0.15,""subdivision"":1,""substep"":1,""optimizer_method"":""L-BFGS-B"",""selected_success"":true,""selected_message"":""CONVERGENCE: NORM OF PROJECTED GRADIENT <= PGTOL"",""selected_iterations"":604,""primary_success"":true,""primary_message"":""CONVERGENCE: NORM OF PROJECTED GRADIENT <= PGTOL"",""primary_iterations"":604,""fallback_used"":false,""fallback_success"":false,""fallback_message"":""not invoked"",""fallback_iterations"":0,""fallback_normalized_projected_gradient"":NaN,""independent_kkt_confirmed"":false,""projected_gradient_N"":0.003620577756484167,""normalized_projected_gradient"":1.0187145383294409e-05,""accepted"":true}]",f141ffbd04ef138b9650f2a9878eed8fa60e248adf3e7f5898dbf890fce55fc4,d06c8aa5a844044b059518a454bb52ff40e1addc084e0ee363b3e8e1614a100f
D005,train,9.595033675461204,0.1,5.161748307126464,0.10536390121077766,0.10400677143121953,0.06004009487483722,0.07929479086140812,7.685345312107824,3.053242645853345,0.23693767130102628,0.6368602452817069,0.006637394581641164,0.34260560245516636,0.006993417869969904,0.06004009487483722,0.07929479086140812,0.39728112685361516,0.07760197887410453,0.2,0.8,12.117393882907802,12.110299869810621,4.004813498367921,33.35540176688036,39.28826456443327,39.30465984483662,-0.11846883565051314,2.5610629523331894,True,True,0.0045491552810501545,1.2799864921073162e-05,504.0,CONVERGENCE: NORM OF PROJECTED GRADIENT <= PGTOL,L-BFGS-B,True,False,False,1,"[{""strain"":0.2,""subdivision"":1,""substep"":1,""optimizer_method"":""L-BFGS-B"",""selected_success"":true,""selected_message"":""CONVERGENCE: NORM OF PROJECTED GRADIENT <= PGTOL"",""selected_iterations"":504,""primary_success"":true,""primary_message"":""CONVERGENCE: NORM OF PROJECTED GRADIENT <= PGTOL"",""primary_iterations"":504,""fallback_used"":false,""fallback_success"":false,""fallback_message"":""not invoked"",""fallback_iterations"":0,""fallback_normalized_projected_gradient"":NaN,""independent_kkt_confirmed"":false,""projected_gradient_N"":0.0045491552810501545,""normalized_projected_gradient"":1.2799864921073162e-05,""accepted"":true}]",f141ffbd04ef138b9650f2a9878eed8fa60e248adf3e7f5898dbf890fce55fc4,d06c8aa5a844044b059518a454bb52ff40e1addc084e0ee363b3e8e1614a100f
D006,train,0.1889337221413702,3.338217991783808,10.0,0.10229026637536032,9.630520147563674,1.0,0.9942502836069178,7.9,4.0,0.16948897281703376,0.008122701193697884,0.14351777416631295,0.4299233139343991,0.0043976970303327345,1.0,0.9942502836069178,0.5063291139240506,0.04237224320425844,0.0,0.0,0.0,0.0,0.0,0.0,0.0,0.0,-0.08474448640851688,4.084744486408517,True,True,0.0,0.0,0.0,undeformed reference,reference,True,False,False,1,[],f141ffbd04ef138b9650f2a9878eed8fa60e248adf3e7f5898dbf890fce55fc4,d06c8aa5a844044b059518a454bb52ff40e1addc084e0ee363b3e8e1614a100f
D006,train,0.1889337221413702,3.338217991783808,10.0,0.10229026637536032,9.630520147563674,1.0,0.9942502836069178,7.9,4.0,0.16948897281703376,0.008122701193697884,0.14351777416631295,0.4299233139343991,0.0043976970303327345,1.0,0.9942502836069178,0.5063291139240506,0.04237224320425844,0.05,0.2,1.754192864008723,1.7584560481941696,0.18579642924902307,10.51000126169726,12.670680743668385,12.679843592938825,-0.08474448640851688,3.8847444864085166,True,True,0.003083347921721824,1.2128017811323339e-05,909.0,CONVERGENCE: NORM OF PROJECTED GRADIENT <= PGTOL,L-BFGS-B,True,False,False,1,"[{""strain"":0.05,""subdivision"":1,""substep"":1,""optimizer_method"":""L-BFGS-B"",""selected_success"":true,""selected_message"":""CONVERGENCE: NORM OF PROJECTED GRADIENT <= PGTOL"",""selected_iterations"":909,""primary_success"":true,""primary_message"":""CONVERGENCE: NORM OF PROJECTED GRADIENT <= PGTOL"",""primary_iterations"":909,""fallback_used"":false,""fallback_success"":false,""fallback_message"":""not invoked"",""fallback_iterations"":0,""fallback_normalized_projected_gradient"":NaN,""independent_kkt_confirmed"":false,""projected_gradient_N"":0.003083347921721824,""normalized_projected_gradient"":1.2128017811323339e-05,""accepted"":true}]",f141ffbd04ef138b9650f2a9878eed8fa60e248adf3e7f5898dbf890fce55fc4,d06c8aa5a844044b059518a454bb52ff40e1addc084e0ee363b3e8e1614a100f
D006,train,0.1889337221413702,3.338217991783808,10.0,0.10229026637536032,9.630520147563674,1.0,0.9942502836069178,7.9,4.0,0.16948897281703376,0.008122701193697884,0.14351777416631295,0.4299233139343991,0.0043976970303327345,1.0,0.9942502836069178,0.5063291139240506,0.04237224320425844,0.1,0.4,3.0627027705277037,3.060411568521408,0.6756325692825742,19.106181663219935,22.964843613396294,22.9788947248016,-0.08474448640851688,3.684744486408517,True,True,0.003072278040526566,1.2084475622860109e-05,895.0,CONVERGENCE: NORM OF PROJECTED GRADIENT <= PGTOL,L-BFGS-B,True,False,False,1,"[{""strain"":0.1,""subdivision"":1,""substep"":1,""optimizer_method"":""L-BFGS-B"",""selected_success"":true,""selected_message"":""CONVERGENCE: NORM OF PROJECTED GRADIENT <= PGTOL"",""selected_iterations"":895,""primary_success"":true,""primary_message"":""CONVERGENCE: NORM OF PROJECTED GRADIENT <= PGTOL"",""primary_iterations"":895,""fallback_used"":false,""fallback_success"":false,""fallback_message"":""not invoked"",""fallback_iterations"":0,""fallback_normalized_projected_gradient"":NaN,""independent_kkt_confirmed"":false,""projected_gradient_N"":0.003072278040526566,""normalized_projected_gradient"":1.2084475622860109e-05,""accepted"":true}]",f141ffbd04ef138b9650f2a9878eed8fa60e248adf3e7f5898dbf890fce55fc4,d06c8aa5a844044b059518a454bb52ff40e1addc084e0ee363b3e8e1614a100f
D006,train,0.1889337221413702,3.338217991783808,10.0,0.10229026637536032,9.630520147563674,1.0,0.9942502836069178,7.9,4.0,0.16948897281703376,0.008122701193697884,0.14351777416631295,0.4299233139343991,0.0043976970303327345,1.0,0.9942502836069178,0.5063291139240506,0.04237224320425844,0.15,0.6,4.0132423960974215,4.011245264191443,1.3884714946568417,25.820083402058806,30.927263855349608,30.95064982127486,-0.08474448640851688,3.4847444864085166,True,True,0.0034853312160034733,1.3709175915005585e-05,900.0,CONVERGENCE: NORM OF PROJECTED GRADIENT <= PGTOL,L-BFGS-B,True,False,False,1,"[{""strain"":0.15,""subdivision"":1,""substep"":1,""optimizer_method"":""L-BFGS-B"",""selected_success"":true,""selected_message"":""CONVERGENCE: NORM OF PROJECTED GRADIENT <= PGTOL"",""selected_iterations"":900,""primary_success"":true,""primary_message"":""CONVERGENCE: NORM OF PROJECTED GRADIENT <= PGTOL"",""primary_iterations"":900,""fallback_used"":false,""fallback_success"":false,""fallback_message"":""not invoked"",""fallback_iterations"":0,""fallback_normalized_projected_gradient"":NaN,""independent_kkt_confirmed"":false,""projected_gradient_N"":0.0034853312160034733,""normalized_projected_gradient"":1.3709175915005585e-05,""accepted"":true}]",f141ffbd04ef138b9650f2a9878eed8fa60e248adf3e7f5898dbf890fce55fc4,d06c8aa5a844044b059518a454bb52ff40e1addc084e0ee363b3e8e1614a100f
D006,train,0.1889337221413702,3.338217991783808,10.0,0.10229026637536032,9.630520147563674,1.0,0.9942502836069178,7.9,4.0,0.16948897281703376,0.008122701193697884,0.14351777416631295,0.4299233139343991,0.0043976970303327345,1.0,0.9942502836069178,0.5063291139240506,0.04237224320425844,0.2,0.8,4.723199964289085,4.726758036366994,2.2653782531769866,30.997542832692325,36.999833382274765,37.01537975270385,-0.08474448640851688,3.284744486408517,True,True,0.00371385821534731,1.460806231666168e-05,923.0,CONVERGENCE: NORM OF PROJECTED GRADIENT <= PGTOL,L-BFGS-B,True,False,False,1,"[{""strain"":0.2,""subdivision"":1,""substep"":1,""optimizer_method"":""L-BFGS-B"",""selected_success"":true,""selected_message"":""CONVERGENCE: NORM OF PROJECTED GRADIENT <= PGTOL"",""selected_iterations"":923,""primary_success"":true,""primary_message"":""CONVERGENCE: NORM OF PROJECTED GRADIENT <= PGTOL"",""primary_iterations"":923,""fallback_used"":false,""fallback_success"":false,""fallback_message"":""not invoked"",""fallback_iterations"":0,""fallback_normalized_projected_gradient"":NaN,""independent_kkt_confirmed"":false,""projected_gradient_N"":0.00371385821534731,""normalized_projected_gradient"":1.460806231666168e-05,""accepted"":true}]",f141ffbd04ef138b9650f2a9878eed8fa60e248adf3e7f5898dbf890fce55fc4,d06c8aa5a844044b059518a454bb52ff40e1addc084e0ee363b3e8e1614a100f
D007,train,0.1,5.215633883702463,9.821380452805055,9.774786655922787,8.982384443613258,0.027564131536560146,0.038956581982581,7.72516979938941,3.840950523910006,0.15,0.00295035855600349,0.1538799005376327,0.28976593850698823,0.28839125443410535,0.027564131536560146,0.038956581982581,0.4971994951118862,0.03905283316362617,0.0,0.0,0.0,0.0,0.0,0.0,0.0,0.0,-0.075,3.915950523910006,True,True,0.0,0.0,0.0,undeformed reference,reference,True,False,False,1,[],f141ffbd04ef138b9650f2a9878eed8fa60e248adf3e7f5898dbf890fce55fc4,d06c8aa5a844044b059518a454bb52ff40e1addc084e0ee363b3e8e1614a100f
D007,train,0.1,5.215633883702463,9.821380452805055,9.774786655922787,8.982384443613258,0.027564131536560146,0.038956581982581,7.72516979938941,3.840950523910006,0.15,0.00295035855600349,0.1538799005376327,0.28976593850698823,0.28839125443410535,0.027564131536560146,0.038956581982581,0.4971994951118862,0.03905283316362617,0.05,0.2,1.2264510551784582,1.2278834269179337,0.12367019484990768,9.289848366760554,11.182878373176134,11.201794783099873,-0.075,3.723902997714506,True,True,0.003046607956935926,1.3540479808604116e-05,878.0,CONVERGENCE: NORM OF PROJECTED GRADIENT <= PGTOL,L-BFGS-B,True,False,False,1,"[{""strain"":0.05,""subdivision"":1,""substep"":1,""optimizer_method"":""L-BFGS-B"",""selected_success"":true,""selected_message"":""CONVERGENCE: NORM OF PROJECTED GRADIENT <= PGTOL"",""selected_iterations"":878,""primary_success"":true,""primary_message"":""CONVERGENCE: NORM OF PROJECTED GRADIENT <= PGTOL"",""primary_iterations"":878,""fallback_used"":false,""fallback_success"":false,""fallback_message"":""not invoked"",""fallback_iterations"":0,""fallback_normalized_projected_gradient"":NaN,""independent_kkt_confirmed"":false,""projected_gradient_N"":0.003046607956935926,""normalized_projected_gradient"":1.3540479808604116e-05,""accepted"":true}]",f141ffbd04ef138b9650f2a9878eed8fa60e248adf3e7f5898dbf890fce55fc4,d06c8aa5a844044b059518a454bb52ff40e1addc084e0ee363b3e8e1614a100f
D007,train,0.1,5.215633883702463,9.821380452805055,9.774786655922787,8.982384443613258,0.027564131536560146,0.038956581982581,7.72516979938941,3.840950523910006,0.15,0.00295035855600349,0.1538799005376327,0.28976593850698823,0.28839125443410535,0.027564131536560146,0.038956581982581,0.4971994951118862,0.03905283316362617,0.1,0.4,2.1833428272730626,2.186484919423293,0.45539560289977893,17.16718258202868,20.59766465867842,20.628037155481177,-0.075,3.5318554715190054,True,True,0.0032740441493440686,1.4551307330418083e-05,739.0,CONVERGENCE: NORM OF PROJECTED GRADIENT <= PGTOL,L-BFGS-B,True,False,False,1,"[{""strain"":0.1,""subdivision"":1,""substep"":1,""optimizer_method"":""L-BFGS-B"",""selected_success"":true,""selected_message"":""CONVERGENCE: NORM OF PROJECTED GRADIENT <= PGTOL"",""selected_iterations"":739,""primary_success"":true,""primary_message"":""CONVERGENCE: NORM OF PROJECTED GRADIENT <= PGTOL"",""primary_iterations"":739,""fallback_used"":false,""fallback_success"":false,""fallback_message"":""not invoked"",""fallback_iterations"":0,""fallback_normalized_projected_gradient"":NaN,""independent_kkt_confirmed"":false,""projected_gradient_N"":0.0032740441493440686,""normalized_projected_gradient"":1.4551307330418083e-05,""accepted"":true}]",f141ffbd04ef138b9650f2a9878eed8fa60e248adf3e7f5898dbf890fce55fc4,d06c8aa5a844044b059518a454bb52ff40e1addc084e0ee363b3e8e1614a100f
D007,train,0.1,5.215633883702463,9.821380452805055,9.774786655922787,8.982384443613258,0.027564131536560146,0.038956581982581,7.72516979938941,3.840950523910006,0.15,0.00295035855600349,0.1538799005376327,0.28976593850698823,0.28839125443410535,0.027564131536560146,0.038956581982581,0.4971994951118862,0.03905283316362617,0.15,0.6,2.911719296615943,2.9123014727246064,0.9474180806877122,23.600324413723733,28.232842651842763,28.271548266444782,-0.075,3.3398079453235052,True,True,0.003060574167176311,1.3602551854116938e-05,763.0,CONVERGENCE: NORM OF PROJECTED GRADIENT <= PGTOL,L-BFGS-B,True,False,False,1,"[{""strain"":0.15,""subdivision"":1,""substep"":1,""optimizer_method"":""L-BFGS-B"",""selected_success"":true,""selected_message"":""CONVERGENCE: NORM OF PROJECTED GRADIENT <= PGTOL"",""selected_iterations"":763,""primary_success"":true,""primary_message"":""CONVERGENCE: NORM OF PROJECTED GRADIENT <= PGTOL"",""primary_iterations"":763,""fallback_used"":false,""fallback_success"":false,""fallback_message"":""not invoked"",""fallback_iterations"":0,""fallback_normalized_projected_gradient"":NaN,""independent_kkt_confirmed"":false,""projected_gradient_N"":0.003060574167176311,""normalized_projected_gradient"":1.3602551854116938e-05,""accepted"":true}]",f141ffbd04ef138b9650f2a9878eed8fa60e248adf3e7f5898dbf890fce55fc4,d06c8aa5a844044b059518a454bb52ff40e1addc084e0ee363b3e8e1614a100f
D007,train,0.1,5.215633883702463,9.821380452805055,9.774786655922787,8.982384443613258,0.027564131536560146,0.038956581982581,7.72516979938941,3.840950523910006,0.15,0.00295035855600349,0.1538799005376327,0.28976593850698823,0.28839125443410535,0.027564131536560146,0.038956581982581,0.4971994951118862,0.03905283316362617,0.2,0.8,3.4834957002258475,3.4781549517978343,1.563678924815862,28.760881644918385,34.29078656034898,34.33026322722407,-0.075,3.147760419128005,True,True,0.002764135687209901,1.2285047498710672e-05,726.0,CONVERGENCE: NORM OF PROJECTED GRADIENT <= PGTOL,L-BFGS-B,True,False,False,1,"[{""strain"":0.2,""subdivision"":1,""substep"":1,""optimizer_method"":""L-BFGS-B"",""selected_success"":true,""selected_message"":""CONVERGENCE: NORM OF PROJECTED GRADIENT <= PGTOL"",""selected_iterations"":726,""primary_success"":true,""primary_message"":""CONVERGENCE: NORM OF PROJECTED GRADIENT <= PGTOL"",""primary_iterations"":726,""fallback_used"":false,""fallback_success"":false,""fallback_message"":""not invoked"",""fallback_iterations"":0,""fallback_normalized_projected_gradient"":NaN,""independent_kkt_confirmed"":false,""projected_gradient_N"":0.002764135687209901,""normalized_projected_gradient"":1.2285047498710672e-05,""accepted"":true}]",f141ffbd04ef138b9650f2a9878eed8fa60e248adf3e7f5898dbf890fce55fc4,d06c8aa5a844044b059518a454bb52ff40e1addc084e0ee363b3e8e1614a100f
D008,test,0.6311592020763087,0.1,10.0,0.1,3.7612107635744,0.006836782795561637,0.0,7.9,3.9457835014609133,0.23418703149396888,0.043252686408171384,0.006852896427063742,0.6852896427063742,0.006852896427063742,0.006836782795561637,0.0,0.49946626600771055,0.059351211592643616,0.0,0.0,0.0,0.0,0.0,0.0,0.0,0.0,-0.11709351574698444,4.062877017207898,True,True,0.0,0.0,0.0,undeformed reference,reference,True,False,False,1,[],f141ffbd04ef138b9650f2a9878eed8fa60e248adf3e7f5898dbf890fce55fc4,d06c8aa5a844044b059518a454bb52ff40e1addc084e0ee363b3e8e1614a100f
D008,test,0.6311592020763087,0.1,10.0,0.1,3.7612107635744,0.006836782795561637,0.0,7.9,3.9457835014609133,0.23418703149396888,0.043252686408171384,0.006852896427063742,0.6852896427063742,0.006852896427063742,0.006836782795561637,0.0,0.49946626600771055,0.059351211592643616,0.05,0.2,3.8842752794139606,3.887163726115643,0.39841968953951695,12.772020793724412,16.30757755812011,16.3081688240627,-0.11709351574698444,3.865587842134852,True,True,0.0045179638507466535,1.28614120145049e-05,910.0,CONVERGENCE: NORM OF PROJECTED GRADIENT <= PGTOL,L-BFGS-B,True,False,False,1,"[{""strain"":0.05,""subdivision"":1,""substep"":1,""optimizer_method"":""L-BFGS-B"",""selected_success"":true,""selected_message"":""CONVERGENCE: NORM OF PROJECTED GRADIENT <= PGTOL"",""selected_iterations"":910,""primary_success"":true,""primary_message"":""CONVERGENCE: NORM OF PROJECTED GRADIENT <= PGTOL"",""primary_iterations"":910,""fallback_used"":false,""fallback_success"":false,""fallback_message"":""not invoked"",""fallback_iterations"":0,""fallback_normalized_projected_gradient"":NaN,""independent_kkt_confirmed"":false,""projected_gradient_N"":0.0045179638507466535,""normalized_projected_gradient"":1.28614120145049e-05,""accepted"":true}]",f141ffbd04ef138b9650f2a9878eed8fa60e248adf3e7f5898dbf890fce55fc4,d06c8aa5a844044b059518a454bb52ff40e1addc084e0ee363b3e8e1614a100f
D008,test,0.6311592020763087,0.1,10.0,0.1,3.7612107635744,0.006836782795561637,0.0,7.9,3.9457835014609133,0.23418703149396888,0.043252686408171384,0.006852896427063742,0.6852896427063742,0.006852896427063742,0.006836782795561637,0.0,0.49946626600771055,0.059351211592643616,0.1,0.4,6.874040526560266,6.863948328558063,1.471954552008805,22.842986103769015,28.97851391023868,28.9823359992903,-0.11709351574698444,3.6682986670618063,True,True,0.0037091599214322812,1.055896761310857e-05,493.0,CONVERGENCE: NORM OF PROJECTED GRADIENT <= PGTOL,L-BFGS-B,True,False,False,1,"[{""strain"":0.1,""subdivision"":1,""substep"":1,""optimizer_method"":""L-BFGS-B"",""selected_success"":true,""selected_message"":""CONVERGENCE: NORM OF PROJECTED GRADIENT <= PGTOL"",""selected_iterations"":493,""primary_success"":true,""primary_message"":""CONVERGENCE: NORM OF PROJECTED GRADIENT <= PGTOL"",""primary_iterations"":493,""fallback_used"":false,""fallback_success"":false,""fallback_message"":""not invoked"",""fallback_iterations"":0,""fallback_normalized_projected_gradient"":NaN,""independent_kkt_confirmed"":false,""projected_gradient_N"":0.0037091599214322812,""normalized_projected_gradient"":1.055896761310857e-05,""accepted"":true}]",f141ffbd04ef138b9650f2a9878eed8fa60e248adf3e7f5898dbf890fce55fc4,d06c8aa5a844044b059518a454bb52ff40e1addc084e0ee363b3e8e1614a100f
D008,test,0.6311592020763087,0.1,10.0,0.1,3.7612107635744,0.006836782795561637,0.0,7.9,3.9457835014609133,0.23418703149396888,0.043252686408171384,0.006852896427063742,0.6852896427063742,0.006852896427063742,0.006836782795561637,0.0,0.49946626600771055,0.059351211592643616,0.15,0.6,9.495236884177483,9.485587398829466,3.076978809715096,29.79738469367025,36.81263540288345,36.82036412273649,-0.11709351574698444,3.4710094919887604,True,True,0.0044775202854498986,1.2746280204291073e-05,483.0,CONVERGENCE: NORM OF PROJECTED GRADIENT <= PGTOL,L-BFGS-B,True,False,False,1,"[{""strain"":0.15,""subdivision"":1,""substep"":1,""optimizer_method"":""L-BFGS-B"",""selected_success"":true,""selected_message"":""CONVERGENCE: NORM OF PROJECTED GRADIENT <= PGTOL"",""selected_iterations"":483,""primary_success"":true,""primary_message"":""CONVERGENCE: NORM OF PROJECTED GRADIENT <= PGTOL"",""primary_iterations"":483,""fallback_used"":false,""fallback_success"":false,""fallback_message"":""not invoked"",""fallback_iterations"":0,""fallback_normalized_projected_gradient"":NaN,""independent_kkt_confirmed"":false,""projected_gradient_N"":0.0044775202854498986,""normalized_projected_gradient"":1.2746280204291073e-05,""accepted"":true}]",f141ffbd04ef138b9650f2a9878eed8fa60e248adf3e7f5898dbf890fce55fc4,d06c8aa5a844044b059518a454bb52ff40e1addc084e0ee363b3e8e1614a100f
D008,test,0.6311592020763087,0.1,10.0,0.1,3.7612107635744,0.006836782795561637,0.0,7.9,3.9457835014609133,0.23418703149396888,0.043252686408171384,0.006852896427063742,0.6852896427063742,0.006852896427063742,0.006836782795561637,0.0,0.49946626600771055,0.059351211592643616,0.2,0.8,11.745156069110255,11.740857798171971,5.184872859489706,35.04071069329993,41.305573645625785,41.313782006234305,-0.11709351574698444,3.273720316915715,True,True,0.0035910157182628133,1.0222643258977939e-05,567.0,CONVERGENCE: NORM OF PROJECTED GRADIENT <= PGTOL,L-BFGS-B,True,False,False,1,"[{""strain"":0.2,""subdivision"":1,""substep"":1,""optimizer_method"":""L-BFGS-B"",""selected_success"":true,""selected_message"":""CONVERGENCE: NORM OF PROJECTED GRADIENT <= PGTOL"",""selected_iterations"":567,""primary_success"":true,""primary_message"":""CONVERGENCE: NORM OF PROJECTED GRADIENT <= PGTOL"",""primary_iterations"":567,""fallback_used"":false,""fallback_success"":false,""fallback_message"":""not invoked"",""fallback_iterations"":0,""fallback_normalized_projected_gradient"":NaN,""independent_kkt_confirmed"":false,""projected_gradient_N"":0.0035910157182628133,""normalized_projected_gradient"":1.0222643258977939e-05,""accepted"":true}]",f141ffbd04ef138b9650f2a9878eed8fa60e248adf3e7f5898dbf890fce55fc4,d06c8aa5a844044b059518a454bb52ff40e1addc084e0ee363b3e8e1614a100f
D009,train,0.6483132485098069,3.4906919606010103,7.018179074746562,7.140048638984187,9.809847178470593,0.5349342621119983,0.48931723638115976,7.9,2.413128066774254,0.15,0.0230658341660876,0.12419262150386265,0.24969434923334222,0.2540302519239933,0.5349342621119983,0.48931723638115976,0.3054592489587663,0.062159983162647606,0.0,0.0,0.0,0.0,0.0,0.0,0.0,0.0,-0.075,2.4881280667742542,True,True,0.0,0.0,0.0,undeformed reference,reference,True,False,False,1,[],f141ffbd04ef138b9650f2a9878eed8fa60e248adf3e7f5898dbf890fce55fc4,d06c8aa5a844044b059518a454bb52ff40e1addc084e0ee363b3e8e1614a100f
D009,train,0.6483132485098069,3.4906919606010103,7.018179074746562,7.140048638984187,9.809847178470593,0.5349342621119983,0.48931723638115976,7.9,2.413128066774254,0.15,0.0230658341660876,0.12419262150386265,0.24969434923334222,0.2540302519239933,0.5349342621119983,0.48931723638115976,0.3054592489587663,0.062159983162647606,0.05,0.2,0.9034859854435626,0.9054810548034113,0.05581998949034631,6.638969231140771,8.207093893607496,8.271936592642014,-0.075,2.3674716634355417,True,True,0.003287004115814521,1.460890718139787e-05,585.0,CONVERGENCE: NORM OF PROJECTED GRADIENT <= PGTOL,L-BFGS-B,True,False,False,1,"[{""strain"":0.05,""subdivision"":1,""substep"":1,""optimizer_method"":""L-BFGS-B"",""selected_success"":true,""selected_message"":""CONVERGENCE: NORM OF PROJECTED GRADIENT <= PGTOL"",""selected_iterations"":585,""primary_success"":true,""primary_message"":""CONVERGENCE: NORM OF PROJECTED GRADIENT <= PGTOL"",""primary_iterations"":585,""fallback_used"":false,""fallback_success"":false,""fallback_message"":""not invoked"",""fallback_iterations"":0,""fallback_normalized_projected_gradient"":NaN,""independent_kkt_confirmed"":false,""projected_gradient_N"":0.003287004115814521,""normalized_projected_gradient"":1.460890718139787e-05,""accepted"":true}]",f141ffbd04ef138b9650f2a9878eed8fa60e248adf3e7f5898dbf890fce55fc4,d06c8aa5a844044b059518a454bb52ff40e1addc084e0ee363b3e8e1614a100f
D009,train,0.6483132485098069,3.4906919606010103,7.018179074746562,7.140048638984187,9.809847178470593,0.5349342621119983,0.48931723638115976,7.9,2.413128066774254,0.15,0.0230658341660876,0.12419262150386265,0.24969434923334222,0.2540302519239933,0.5349342621119983,0.48931723638115976,0.3054592489587663,0.062159983162647606,0.1,0.4,1.7090325944505802,1.7103071213085341,0.21472416921374882,12.760274153400331,15.693113429419574,15.794667507986535,-0.075,2.2468152600968287,True,True,0.003150997665183508,1.4004434067482258e-05,737.0,CONVERGENCE: NORM OF PROJECTED GRADIENT <= PGTOL,L-BFGS-B,True,False,False,1,"[{""strain"":0.1,""subdivision"":1,""substep"":1,""optimizer_method"":""L-BFGS-B"",""selected_success"":true,""selected_message"":""CONVERGENCE: NORM OF PROJECTED GRADIENT <= PGTOL"",""selected_iterations"":737,""primary_success"":true,""primary_message"":""CONVERGENCE: NORM OF PROJECTED GRADIENT <= PGTOL"",""primary_iterations"":737,""fallback_used"":false,""fallback_success"":false,""fallback_message"":""not invoked"",""fallback_iterations"":0,""fallback_normalized_projected_gradient"":NaN,""independent_kkt_confirmed"":false,""projected_gradient_N"":0.003150997665183508,""normalized_projected_gradient"":1.4004434067482258e-05,""accepted"":true}]",f141ffbd04ef138b9650f2a9878eed8fa60e248adf3e7f5898dbf890fce55fc4,d06c8aa5a844044b059518a454bb52ff40e1addc084e0ee363b3e8e1614a100f
D009,train,0.6483132485098069,3.4906919606010103,7.018179074746562,7.140048638984187,9.809847178470593,0.5349342621119983,0.48931723638115976,7.9,2.413128066774254,0.15,0.0230658341660876,0.12419262150386265,0.24969434923334222,0.2540302519239933,0.5349342621119983,0.48931723638115976,0.3054592489587663,0.062159983162647606,0.15,0.6,2.4088538749190405,2.4124800707129577,0.46450696089412424,18.240597384716068,22.35193712825705,22.483708444934468,-0.075,2.1261588567581162,True,True,0.0025250525609579744,1.1222455826479886e-05,601.0,CONVERGENCE: NORM OF PROJECTED GRADIENT <= PGTOL,L-BFGS-B,True,False,False,1,"[{""strain"":0.15,""subdivision"":1,""substep"":1,""optimizer_method"":""L-BFGS-B"",""selected_success"":true,""selected_message"":""CONVERGENCE: NORM OF PROJECTED GRADIENT <= PGTOL"",""selected_iterations"":601,""primary_success"":true,""primary_message"":""CONVERGENCE: NORM OF PROJECTED GRADIENT <= PGTOL"",""primary_iterations"":601,""fallback_used"":false,""fallback_success"":false,""fallback_message"":""not invoked"",""fallback_iterations"":0,""fallback_normalized_projected_gradient"":NaN,""independent_kkt_confirmed"":false,""projected_gradient_N"":0.0025250525609579744,""normalized_projected_gradient"":1.1222455826479886e-05,""accepted"":true}]",f141ffbd04ef138b9650f2a9878eed8fa60e248adf3e7f5898dbf890fce55fc4,d06c8aa5a844044b059518a454bb52ff40e1addc084e0ee363b3e8e1614a100f
D009,train,0.6483132485098069,3.4906919606010103,7.018179074746562,7.140048638984187,9.809847178470593,0.5349342621119983,0.48931723638115976,7.9,2.413128066774254,0.15,0.0230658341660876,0.12419262150386265,0.24969434923334222,0.2540302519239933,0.5349342621119983,0.48931723638115976,0.3054592489587663,0.062159983162647606,0.2,0.8,3.037585079286842,3.031016289632986,0.793910568539924,23.05490212311357,28.135946795550826,28.273722878900813,-0.075,2.0055024534194033,True,True,0.00282860629914905,1.2571583551773556e-05,588.0,CONVERGENCE: NORM OF PROJECTED GRADIENT <= PGTOL,L-BFGS-B,True,False,False,1,"[{""strain"":0.2,""subdivision"":1,""substep"":1,""optimizer_method"":""L-BFGS-B"",""selected_success"":true,""selected_message"":""CONVERGENCE: NORM OF PROJECTED GRADIENT <= PGTOL"",""selected_iterations"":588,""primary_success"":true,""primary_message"":""CONVERGENCE: NORM OF PROJECTED GRADIENT <= PGTOL"",""primary_iterations"":588,""fallback_used"":false,""fallback_success"":false,""fallback_message"":""not invoked"",""fallback_iterations"":0,""fallback_normalized_projected_gradient"":NaN,""independent_kkt_confirmed"":false,""projected_gradient_N"":0.00282860629914905,""normalized_projected_gradient"":1.2571583551773556e-05,""accepted"":true}]",f141ffbd04ef138b9650f2a9878eed8fa60e248adf3e7f5898dbf890fce55fc4,d06c8aa5a844044b059518a454bb52ff40e1addc084e0ee363b3e8e1614a100f
D010,train,9.634586764559828,1.0963212872927468,7.640609643001589,10.0,0.1,0.0,0.0,7.878725458065563,2.2,0.15,0.33839385970987934,0.03850589557756143,0.268359759563591,0.35122820311779035,0.0,0.0,0.27923298149040454,0.06818181818181818,0.0,0.0,0.0,0.0,0.0,0.0,0.0,0.0,-0.075,2.2750000000000004,True,True,0.0,0.0,0.0,undeformed reference,reference,True,False,False,1,[],f141ffbd04ef138b9650f2a9878eed8fa60e248adf3e7f5898dbf890fce55fc4,d06c8aa5a844044b059518a454bb52ff40e1addc084e0ee363b3e8e1614a100f
D010,train,9.634586764559828,1.0963212872927468,7.640609643001589,10.0,0.1,0.0,0.0,7.878725458065563,2.2,0.15,0.33839385970987934,0.03850589557756143,0.268359759563591,0.35122820311779035,0.0,0.0,0.27923298149040454,0.06818181818181818,0.05,0.2,0.9140334236050565,0.9117655056274824,0.051274094758674345,6.409437760478716,7.900371365242149,7.934254017830421,-0.075,2.1650000000000005,True,True,0.0026166917143342627,1.1629740952596723e-05,616.0,CONVERGENCE: NORM OF PROJECTED GRADIENT <= PGTOL,L-BFGS-B,True,False,False,1,"[{""strain"":0.05,""subdivision"":1,""substep"":1,""optimizer_method"":""L-BFGS-B"",""selected_success"":true,""selected_message"":""CONVERGENCE: NORM OF PROJECTED GRADIENT <= PGTOL"",""selected_iterations"":616,""primary_success"":true,""primary_message"":""CONVERGENCE: NORM OF PROJECTED GRADIENT <= PGTOL"",""primary_iterations"":616,""fallback_used"":false,""fallback_success"":false,""fallback_message"":""not invoked"",""fallback_iterations"":0,""fallback_normalized_projected_gradient"":NaN,""independent_kkt_confirmed"":false,""projected_gradient_N"":0.0026166917143342627,""normalized_projected_gradient"":1.1629740952596723e-05,""accepted"":true}]",f141ffbd04ef138b9650f2a9878eed8fa60e248adf3e7f5898dbf890fce55fc4,d06c8aa5a844044b059518a454bb52ff40e1addc084e0ee363b3e8e1614a100f
D010,train,9.634586764559828,1.0963212872927468,7.640609643001589,10.0,0.1,0.0,0.0,7.878725458065563,2.2,0.15,0.33839385970987934,0.03850589557756143,0.268359759563591,0.35122820311779035,0.0,0.0,0.27923298149040454,0.06818181818181818,0.1,0.4,1.7252385037299054,1.7319985075916247,0.19754769068853575,12.356707309293691,15.202771097882847,15.270292778816543,-0.075,2.055,True,True,0.00288484039501985,1.2821512866754888e-05,571.0,CONVERGENCE: NORM OF PROJECTED GRADIENT <= PGTOL,L-BFGS-B,True,False,False,1,"[{""strain"":0.1,""subdivision"":1,""substep"":1,""optimizer_method"":""L-BFGS-B"",""selected_success"":true,""selected_message"":""CONVERGENCE: NORM OF PROJECTED GRADIENT <= PGTOL"",""selected_iterations"":571,""primary_success"":true,""primary_message"":""CONVERGENCE: NORM OF PROJECTED GRADIENT <= PGTOL"",""primary_iterations"":571,""fallback_used"":false,""fallback_success"":false,""fallback_message"":""not invoked"",""fallback_iterations"":0,""fallback_normalized_projected_gradient"":NaN,""independent_kkt_confirmed"":false,""projected_gradient_N"":0.00288484039501985,""normalized_projected_gradient"":1.2821512866754888e-05,""accepted"":true}]",f141ffbd04ef138b9650f2a9878eed8fa60e248adf3e7f5898dbf890fce55fc4,d06c8aa5a844044b059518a454bb52ff40e1addc084e0ee363b3e8e1614a100f
D010,train,9.634586764559828,1.0963212872927468,7.640609643001589,10.0,0.1,0.0,0.0,7.878725458065563,2.2,0.15,0.33839385970987934,0.03850589557756143,0.268359759563591,0.35122820311779035,0.0,0.0,0.27923298149040454,0.06818181818181818,0.15,0.6,2.447678749181902,2.4506228479831034,0.4280040226031998,17.7094070805926,21.70676231927214,21.78975972348771,-0.075,1.9450000000000003,True,True,0.003107149394427605,1.380955286412269e-05,686.0,CONVERGENCE: NORM OF PROJECTED GRADIENT <= PGTOL,L-BFGS-B,True,False,False,1,"[{""strain"":0.15,""subdivision"":1,""substep"":1,""optimizer_method"":""L-BFGS-B"",""selected_success"":true,""selected_message"":""CONVERGENCE: NORM OF PROJECTED GRADIENT <= PGTOL"",""selected_iterations"":686,""primary_success"":true,""primary_message"":""CONVERGENCE: NORM OF PROJECTED GRADIENT <= PGTOL"",""primary_iterations"":686,""fallback_used"":false,""fallback_success"":false,""fallback_message"":""not invoked"",""fallback_iterations"":0,""fallback_normalized_projected_gradient"":NaN,""independent_kkt_confirmed"":false,""projected_gradient_N"":0.003107149394427605,""normalized_projected_gradient"":1.380955286412269e-05,""accepted"":true}]",f141ffbd04ef138b9650f2a9878eed8fa60e248adf3e7f5898dbf890fce55fc4,d06c8aa5a844044b059518a454bb52ff40e1addc084e0ee363b3e8e1614a100f
D010,train,9.634586764559828,1.0963212872927468,7.640609643001589,10.0,0.1,0.0,0.0,7.878725458065563,2.2,0.15,0.33839385970987934,0.03850589557756143,0.268359759563591,0.35122820311779035,0.0,0.0,0.27923298149040454,0.06818181818181818,0.2,0.8,3.1525463012888153,3.146991632420904,0.7343858865108503,22.405311491530803,27.11536304279617,27.17864531479172,-0.075,1.8350000000000004,True,True,0.003030084541814748,1.3467042408065547e-05,574.0,CONVERGENCE: NORM OF PROJECTED GRADIENT <= PGTOL,L-BFGS-B,True,False,False,1,"[{""strain"":0.2,""subdivision"":1,""substep"":1,""optimizer_method"":""L-BFGS-B"",""selected_success"":true,""selected_message"":""CONVERGENCE: NORM OF PROJECTED GRADIENT <= PGTOL"",""selected_iterations"":574,""primary_success"":true,""primary_message"":""CONVERGENCE: NORM OF PROJECTED GRADIENT <= PGTOL"",""primary_iterations"":574,""fallback_used"":false,""fallback_success"":false,""fallback_message"":""not invoked"",""fallback_iterations"":0,""fallback_normalized_projected_gradient"":NaN,""independent_kkt_confirmed"":false,""projected_gradient_N"":0.003030084541814748,""normalized_projected_gradient"":1.3467042408065547e-05,""accepted"":true}]",f141ffbd04ef138b9650f2a9878eed8fa60e248adf3e7f5898dbf890fce55fc4,d06c8aa5a844044b059518a454bb52ff40e1addc084e0ee363b3e8e1614a100f
D011,train,0.1,0.1124614833623616,5.391267946613284,0.1,9.61421952482635,0.04414504917642894,0.024823936536963614,6.862944060701929,3.8785318201053762,0.25,0.006528289152488081,0.00734181081907224,0.3519575605403219,0.006528289152488081,0.04414504917642894,0.024823936536963614,0.5651411093839933,0.06445738016227175,0.0,0.0,0.0,0.0,0.0,0.0,0.0,0.0,-0.125,4.003531820105376,True,True,0.0,0.0,0.0,undeformed reference,reference,True,False,False,1,[],f141ffbd04ef138b9650f2a9878eed8fa60e248adf3e7f5898dbf890fce55fc4,d06c8aa5a844044b059518a454bb52ff40e1addc084e0ee363b3e8e1614a100f
D011,train,0.1,0.1124614833623616,5.391267946613284,0.1,9.61421952482635,0.04414504917642894,0.024823936536963614,6.862944060701929,3.8785318201053762,0.25,0.006528289152488081,0.00734181081907224,0.3519575605403219,0.006528289152488081,0.04414504917642894,0.024823936536963614,0.5651411093839933,0.06445738016227175,0.05,0.2,6.621570843882722,6.628870272156416,0.6791806667235001,16.23745164940688,20.605152569891725,20.611809489235988,-0.125,3.8096052291001072,True,True,0.005293666330009272,1.4116443546691393e-05,746.0,CONVERGENCE: NORM OF PROJECTED GRADIENT <= PGTOL,L-BFGS-B,True,False,False,1,"[{""strain"":0.05,""subdivision"":1,""substep"":1,""optimizer_method"":""L-BFGS-B"",""selected_success"":true,""selected_message"":""CONVERGENCE: NORM OF PROJECTED GRADIENT <= PGTOL"",""selected_iterations"":746,""primary_success"":true,""primary_message"":""CONVERGENCE: NORM OF PROJECTED GRADIENT <= PGTOL"",""primary_iterations"":746,""fallback_used"":false,""fallback_success"":false,""fallback_message"":""not invoked"",""fallback_iterations"":0,""fallback_normalized_projected_gradient"":NaN,""independent_kkt_confirmed"":false,""projected_gradient_N"":0.005293666330009272,""normalized_projected_gradient"":1.4116443546691393e-05,""accepted"":true}]",f141ffbd04ef138b9650f2a9878eed8fa60e248adf3e7f5898dbf890fce55fc4,d06c8aa5a844044b059518a454bb52ff40e1addc084e0ee363b3e8e1614a100f
D011,train,0.1,0.1124614833623616,5.391267946613284,0.1,9.61421952482635,0.04414504917642894,0.024823936536963614,6.862944060701929,3.8785318201053762,0.25,0.006528289152488081,0.00734181081907224,0.3519575605403219,0.006528289152488081,0.04414504917642894,0.024823936536963614,0.5651411093839933,0.06445738016227175,0.1,0.4,11.221086744539434,11.22148359074162,2.441202925289587,27.86518233292482,34.98275212393585,34.99047385160127,-0.125,3.6156786380948387,True,True,0.003743100188139614,9.981600501705637e-06,762.0,CONVERGENCE: NORM OF PROJECTED GRADIENT <= PGTOL,L-BFGS-B,True,False,False,1,"[{""strain"":0.1,""subdivision"":1,""substep"":1,""optimizer_method"":""L-BFGS-B"",""selected_success"":true,""selected_message"":""CONVERGENCE: NORM OF PROJECTED GRADIENT <= PGTOL"",""selected_iterations"":762,""primary_success"":true,""primary_message"":""CONVERGENCE: NORM OF PROJECTED GRADIENT <= PGTOL"",""primary_iterations"":762,""fallback_used"":false,""fallback_success"":false,""fallback_message"":""not invoked"",""fallback_iterations"":0,""fallback_normalized_projected_gradient"":NaN,""independent_kkt_confirmed"":false,""projected_gradient_N"":0.003743100188139614,""normalized_projected_gradient"":9.981600501705637e-06,""accepted"":true}]",f141ffbd04ef138b9650f2a9878eed8fa60e248adf3e7f5898dbf890fce55fc4,d06c8aa5a844044b059518a454bb52ff40e1addc084e0ee363b3e8e1614a100f
D011,train,0.1,0.1124614833623616,5.391267946613284,0.1,9.61421952482635,0.04414504917642894,0.024823936536963614,6.862944060701929,3.8785318201053762,0.25,0.006528289152488081,0.00734181081907224,0.3519575605403219,0.006528289152488081,0.04414504917642894,0.024823936536963614,0.5651411093839933,0.06445738016227175,0.15,0.6,14.227824330641905,14.22569994956234,4.928855941220718,35.44577765492081,43.93038307284244,43.933785137945385,-0.125,3.4217520470895697,True,True,0.003967708822392613,1.0580556859713633e-05,561.0,CONVERGENCE: NORM OF PROJECTED GRADIENT <= PGTOL,L-BFGS-B,True,False,False,1,"[{""strain"":0.15,""subdivision"":1,""substep"":1,""optimizer_method"":""L-BFGS-B"",""selected_success"":true,""selected_message"":""CONVERGENCE: NORM OF PROJECTED GRADIENT <= PGTOL"",""selected_iterations"":561,""primary_success"":true,""primary_message"":""CONVERGENCE: NORM OF PROJECTED GRADIENT <= PGTOL"",""primary_iterations"":561,""fallback_used"":false,""fallback_success"":false,""fallback_message"":""not invoked"",""fallback_iterations"":0,""fallback_normalized_projected_gradient"":NaN,""independent_kkt_confirmed"":false,""projected_gradient_N"":0.003967708822392613,""normalized_projected_gradient"":1.0580556859713633e-05,""accepted"":true}]",f141ffbd04ef138b9650f2a9878eed8fa60e248adf3e7f5898dbf890fce55fc4,d06c8aa5a844044b059518a454bb52ff40e1addc084e0ee363b3e8e1614a100f
D011,train,0.1,0.1124614833623616,5.391267946613284,0.1,9.61421952482635,0.04414504917642894,0.024823936536963614,6.862944060701929,3.8785318201053762,0.25,0.006528289152488081,0.00734181081907224,0.3519575605403219,0.006528289152488081,0.04414504917642894,0.024823936536963614,0.5651411093839933,0.06445738016227175,0.2,0.8,16.979016921904055,16.97425014927202,7.9698384893336245,40.27543095732167,48.11728011673375,48.137182460726244,-0.125,3.227825456084301,True,True,0.005160332097333908,1.3760885592890423e-05,505.0,CONVERGENCE: NORM OF PROJECTED GRADIENT <= PGTOL,L-BFGS-B,True,False,False,1,"[{""strain"":0.2,""subdivision"":1,""substep"":1,""optimizer_method"":""L-BFGS-B"",""selected_success"":true,""selected_message"":""CONVERGENCE: NORM OF PROJECTED GRADIENT <= PGTOL"",""selected_iterations"":505,""primary_success"":true,""primary_message"":""CONVERGENCE: NORM OF PROJECTED GRADIENT <= PGTOL"",""primary_iterations"":505,""fallback_used"":false,""fallback_success"":false,""fallback_message"":""not invoked"",""fallback_iterations"":0,""fallback_normalized_projected_gradient"":NaN,""independent_kkt_confirmed"":false,""projected_gradient_N"":0.005160332097333908,""normalized_projected_gradient"":1.3760885592890423e-05,""accepted"":true}]",f141ffbd04ef138b9650f2a9878eed8fa60e248adf3e7f5898dbf890fce55fc4,d06c8aa5a844044b059518a454bb52ff40e1addc084e0ee363b3e8e1614a100f
D012,test,0.10748115500219808,0.1,4.767622150986108,0.9371718146868162,9.817513248540502,0.489289140806762,0.5020373406954254,7.73774501913167,2.5121451088077933,0.24752830542328533,0.006832968917277156,0.006357364616278468,0.30309512366464525,0.05957942934063447,0.489289140806762,0.5020373406954254,0.3246611386904691,0.09853264628521265,0.0,0.0,0.0,0.0,0.0,0.0,0.0,0.0,-0.12376415271164266,2.635909261519436,True,True,0.0,0.0,0.0,undeformed reference,reference,True,False,False,1,[],f141ffbd04ef138b9650f2a9878eed8fa60e248adf3e7f5898dbf890fce55fc4,d06c8aa5a844044b059518a454bb52ff40e1addc084e0ee363b3e8e1614a100f
D012,test,0.10748115500219808,0.1,4.767622150986108,0.9371718146868162,9.817513248540502,0.489289140806762,0.5020373406954254,7.73774501913167,2.5121451088077933,0.24752830542328533,0.006832968917277156,0.006357364616278468,0.30309512366464525,0.05957942934063447,0.489289140806762,0.5020373406954254,0.3246611386904691,0.09853264628521265,0.05,0.2,3.4431411018974143,3.440234239961482,0.22018147917747272,9.630464943218804,12.08557473905706,12.094869074851239,-0.12376415271164266,2.5103020060790464,True,True,0.005118682707076827,1.378612087298766e-05,498.0,CONVERGENCE: NORM OF PROJECTED GRADIENT <= PGTOL,L-BFGS-B,True,False,False,1,"[{""strain"":0.05,""subdivision"":1,""substep"":1,""optimizer_method"":""L-BFGS-B"",""selected_success"":true,""selected_message"":""CONVERGENCE: NORM OF PROJECTED GRADIENT <= PGTOL"",""selected_iterations"":498,""primary_success"":true,""primary_message"":""CONVERGENCE: NORM OF PROJECTED GRADIENT <= PGTOL"",""primary_iterations"":498,""fallback_used"":false,""fallback_success"":false,""fallback_message"":""not invoked"",""fallback_iterations"":0,""fallback_normalized_projected_gradient"":NaN,""independent_kkt_confirmed"":false,""projected_gradient_N"":0.005118682707076827,""normalized_projected_gradient"":1.378612087298766e-05,""accepted"":true}]",f141ffbd04ef138b9650f2a9878eed8fa60e248adf3e7f5898dbf890fce55fc4,d06c8aa5a844044b059518a454bb52ff40e1addc084e0ee363b3e8e1614a100f
D012,test,0.10748115500219808,0.1,4.767622150986108,0.9371718146868162,9.817513248540502,0.489289140806762,0.5020373406954254,7.73774501913167,2.5121451088077933,0.24752830542328533,0.006832968917277156,0.006357364616278468,0.30309512366464525,0.05957942934063447,0.489289140806762,0.5020373406954254,0.3246611386904691,0.09853264628521265,0.1,0.4,6.4774027725115335,6.481514015838425,0.8486000680367212,18.187536676351368,22.69918739285803,22.714668578501808,-0.12376415271164266,2.3846947506386567,True,True,0.004713182343547451,1.269398890357928e-05,541.0,CONVERGENCE: NORM OF PROJECTED GRADIENT <= PGTOL,L-BFGS-B,True,False,False,1,"[{""strain"":0.1,""subdivision"":1,""substep"":1,""optimizer_method"":""L-BFGS-B"",""selected_success"":true,""selected_message"":""CONVERGENCE: NORM OF PROJECTED GRADIENT <= PGTOL"",""selected_iterations"":541,""primary_success"":true,""primary_message"":""CONVERGENCE: NORM OF PROJECTED GRADIENT <= PGTOL"",""primary_iterations"":541,""fallback_used"":false,""fallback_success"":false,""fallback_message"":""not invoked"",""fallback_iterations"":0,""fallback_normalized_projected_gradient"":NaN,""independent_kkt_confirmed"":false,""projected_gradient_N"":0.004713182343547451,""normalized_projected_gradient"":1.269398890357928e-05,""accepted"":true}]",f141ffbd04ef138b9650f2a9878eed8fa60e248adf3e7f5898dbf890fce55fc4,d06c8aa5a844044b059518a454bb52ff40e1addc084e0ee363b3e8e1614a100f
D012,test,0.10748115500219808,0.1,4.767622150986108,0.9371718146868162,9.817513248540502,0.489289140806762,0.5020373406954254,7.73774501913167,2.5121451088077933,0.24752830542328533,0.006832968917277156,0.006357364616278468,0.30309512366464525,0.05957942934063447,0.489289140806762,0.5020373406954254,0.3246611386904691,0.09853264628521265,0.15,0.6,9.528581356138076,9.526438677071742,1.8515887920865786,25.083762760326202,30.463574301346267,30.5456979938432,-0.12376415271164266,2.2590874951982673,True,True,0.0035113574887648547,9.457120423083908e-06,431.0,CONVERGENCE: NORM OF PROJECTED GRADIENT <= PGTOL,L-BFGS-B,True,False,False,1,"[{""strain"":0.15,""subdivision"":1,""substep"":1,""optimizer_method"":""L-BFGS-B"",""selected_success"":true,""selected_message"":""CONVERGENCE: NORM OF PROJECTED GRADIENT <= PGTOL"",""selected_iterations"":431,""primary_success"":true,""primary_message"":""CONVERGENCE: NORM OF PROJECTED GRADIENT <= PGTOL"",""primary_iterations"":431,""fallback_used"":false,""fallback_success"":false,""fallback_message"":""not invoked"",""fallback_iterations"":0,""fallback_normalized_projected_gradient"":NaN,""independent_kkt_confirmed"":false,""projected_gradient_N"":0.0035113574887648547,""normalized_projected_gradient"":9.457120423083908e-06,""accepted"":true}]",f141ffbd04ef138b9650f2a9878eed8fa60e248adf3e7f5898dbf890fce55fc4,d06c8aa5a844044b059518a454bb52ff40e1addc084e0ee363b3e8e1614a100f
D012,test,0.10748115500219808,0.1,4.767622150986108,0.9371718146868162,9.817513248540502,0.489289140806762,0.5020373406954254,7.73774501913167,2.5121451088077933,0.24752830542328533,0.006832968917277156,0.006357364616278468,0.30309512366464525,0.05957942934063447,0.489289140806762,0.5020373406954254,0.3246611386904691,0.09853264628521265,0.2,0.8,12.253540308961544,12.258298629682399,3.224732155148432,30.795151423530687,36.33075522013491,36.375138414956616,-0.12376415271164266,2.1334802397578776,True,True,0.004474165953216591,1.2050247332496787e-05,450.0,CONVERGENCE: NORM OF PROJECTED GRADIENT <= PGTOL,L-BFGS-B,True,False,False,1,"[{""strain"":0.2,""subdivision"":1,""substep"":1,""optimizer_method"":""L-BFGS-B"",""selected_success"":true,""selected_message"":""CONVERGENCE: NORM OF PROJECTED GRADIENT <= PGTOL"",""selected_iterations"":450,""primary_success"":true,""primary_message"":""CONVERGENCE: NORM OF PROJECTED GRADIENT <= PGTOL"",""primary_iterations"":450,""fallback_used"":false,""fallback_success"":false,""fallback_message"":""not invoked"",""fallback_iterations"":0,""fallback_normalized_projected_gradient"":NaN,""independent_kkt_confirmed"":false,""projected_gradient_N"":0.004474165953216591,""normalized_projected_gradient"":1.2050247332496787e-05,""accepted"":true}]",f141ffbd04ef138b9650f2a9878eed8fa60e248adf3e7f5898dbf890fce55fc4,d06c8aa5a844044b059518a454bb52ff40e1addc084e0ee363b3e8e1614a100f
D013,train,0.3879872900298088,4.466559451377959,7.79441049456347,2.692222594170026,9.412597482155505,0.682518425309699,0.6442773341541,7.9,3.88274955055101,0.15,0.015673862018507817,0.1804395101009144,0.31487762034166367,0.10876007165308983,0.682518425309699,0.6442773341541,0.4914872848798747,0.038632417066074516,0.0,0.0,0.0,0.0,0.0,0.0,0.0,0.0,-0.075,3.9577495505510103,True,True,0.0,0.0,0.0,undeformed reference,reference,True,False,False,1,[],f141ffbd04ef138b9650f2a9878eed8fa60e248adf3e7f5898dbf890fce55fc4,d06c8aa5a844044b059518a454bb52ff40e1addc084e0ee363b3e8e1614a100f
D013,train,0.3879872900298088,4.466559451377959,7.79441049456347,2.692222594170026,9.412597482155505,0.682518425309699,0.6442773341541,7.9,3.88274955055101,0.15,0.015673862018507817,0.1804395101009144,0.31487762034166367,0.10876007165308983,0.682518425309699,0.6442773341541,0.4914872848798747,0.038632417066074516,0.05,0.2,1.1672997815486281,1.1694725132229704,0.1183585500866837,9.063200792320874,11.007016917463996,11.007529877628501,-0.075,3.76361207302346,True,True,0.003051231258881071,1.3561027817249204e-05,1002.0,CONVERGENCE: NORM OF PROJECTED GRADIENT <= PGTOL,L-BFGS-B,True,False,False,1,"[{""strain"":0.05,""subdivision"":1,""substep"":1,""optimizer_method"":""L-BFGS-B"",""selected_success"":true,""selected_message"":""CONVERGENCE: NORM OF PROJECTED GRADIENT <= PGTOL"",""selected_iterations"":1002,""primary_success"":true,""primary_message"":""CONVERGENCE: NORM OF PROJECTED GRADIENT <= PGTOL"",""primary_iterations"":1002,""fallback_used"":false,""fallback_success"":false,""fallback_message"":""not invoked"",""fallback_iterations"":0,""fallback_normalized_projected_gradient"":NaN,""independent_kkt_confirmed"":false,""projected_gradient_N"":0.003051231258881071,""normalized_projected_gradient"":1.3561027817249204e-05,""accepted"":true}]",f141ffbd04ef138b9650f2a9878eed8fa60e248adf3e7f5898dbf890fce55fc4,d06c8aa5a844044b059518a454bb52ff40e1addc084e0ee363b3e8e1614a100f
D013,train,0.3879872900298088,4.466559451377959,7.79441049456347,2.692222594170026,9.412597482155505,0.682518425309699,0.6442773341541,7.9,3.88274955055101,0.15,0.015673862018507817,0.1804395101009144,0.31487762034166367,0.10876007165308983,0.682518425309699,0.6442773341541,0.4914872848798747,0.038632417066074516,0.1,0.4,2.062349703186893,2.0722845637418423,0.43627931534976283,16.742338564094595,20.26151315206147,20.26237833572128,-0.075,3.569474595495909,True,True,0.0033511971968958054,1.4894209763981357e-05,814.0,CONVERGENCE: NORM OF PROJECTED GRADIENT <= PGTOL,L-BFGS-B,True,False,False,1,"[{""strain"":0.1,""subdivision"":1,""substep"":1,""optimizer_method"":""L-BFGS-B"",""selected_success"":true,""selected_message"":""CONVERGENCE: NORM OF PROJECTED GRADIENT <= PGTOL"",""selected_iterations"":814,""primary_success"":true,""primary_message"":""CONVERGENCE: NORM OF PROJECTED GRADIENT <= PGTOL"",""primary_iterations"":814,""fallback_used"":false,""fallback_success"":false,""fallback_message"":""not invoked"",""fallback_iterations"":0,""fallback_normalized_projected_gradient"":NaN,""independent_kkt_confirmed"":false,""projected_gradient_N"":0.0033511971968958054,""normalized_projected_gradient"":1.4894209763981357e-05,""accepted"":true}]",f141ffbd04ef138b9650f2a9878eed8fa60e248adf3e7f5898dbf890fce55fc4,d06c8aa5a844044b059518a454bb52ff40e1addc084e0ee363b3e8e1614a100f
D013,train,0.3879872900298088,4.466559451377959,7.79441049456347,2.692222594170026,9.412597482155505,0.682518425309699,0.6442773341541,7.9,3.88274955055101,0.15,0.015673862018507817,0.1804395101009144,0.31487762034166367,0.10876007165308983,0.682518425309699,0.6442773341541,0.4914872848798747,0.038632417066074516,0.15,0.6,2.7640694047701353,2.766288243803936,0.9082934834506708,23.036589492437514,27.742906728073223,27.743948177988933,-0.075,3.3753371179683587,True,True,0.002855103438198947,1.2689348614217543e-05,793.0,CONVERGENCE: NORM OF PROJECTED GRADIENT <= PGTOL,L-BFGS-B,True,False,False,1,"[{""strain"":0.15,""subdivision"":1,""substep"":1,""optimizer_method"":""L-BFGS-B"",""selected_success"":true,""selected_message"":""CONVERGENCE: NORM OF PROJECTED GRADIENT <= PGTOL"",""selected_iterations"":793,""primary_success"":true,""primary_message"":""CONVERGENCE: NORM OF PROJECTED GRADIENT <= PGTOL"",""primary_iterations"":793,""fallback_used"":false,""fallback_success"":false,""fallback_message"":""not invoked"",""fallback_iterations"":0,""fallback_normalized_projected_gradient"":NaN,""independent_kkt_confirmed"":false,""projected_gradient_N"":0.002855103438198947,""normalized_projected_gradient"":1.2689348614217543e-05,""accepted"":true}]",f141ffbd04ef138b9650f2a9878eed8fa60e248adf3e7f5898dbf890fce55fc4,d06c8aa5a844044b059518a454bb52ff40e1addc084e0ee363b3e8e1614a100f
D013,train,0.3879872900298088,4.466559451377959,7.79441049456347,2.692222594170026,9.412597482155505,0.682518425309699,0.6442773341541,7.9,3.88274955055101,0.15,0.015673862018507817,0.1804395101009144,0.31487762034166367,0.10876007165308983,0.682518425309699,0.6442773341541,0.4914872848798747,0.038632417066074516,0.2,0.8,3.3125099235350177,3.3097453572868134,1.499919879389052,28.114479646064662,33.72651390157199,33.73153210671929,-0.075,3.1811996404408083,True,True,0.001957942112408073,8.701964944035881e-06,948.0,CONVERGENCE: NORM OF PROJECTED GRADIENT <= PGTOL,L-BFGS-B,True,False,False,1,"[{""strain"":0.2,""subdivision"":1,""substep"":1,""optimizer_method"":""L-BFGS-B"",""selected_success"":true,""selected_message"":""CONVERGENCE: NORM OF PROJECTED GRADIENT <= PGTOL"",""selected_iterations"":948,""primary_success"":true,""primary_message"":""CONVERGENCE: NORM OF PROJECTED GRADIENT <= PGTOL"",""primary_iterations"":948,""fallback_used"":false,""fallback_success"":false,""fallback_message"":""not invoked"",""fallback_iterations"":0,""fallback_normalized_projected_gradient"":NaN,""independent_kkt_confirmed"":false,""projected_gradient_N"":0.001957942112408073,""normalized_projected_gradient"":8.701964944035881e-06,""accepted"":true}]",f141ffbd04ef138b9650f2a9878eed8fa60e248adf3e7f5898dbf890fce55fc4,d06c8aa5a844044b059518a454bb52ff40e1addc084e0ee363b3e8e1614a100f
D014,train,0.10064147361815257,10.0,7.034673166734111,9.888797118018996,7.034531507223571,0.07250756834812719,0.21706215382132046,7.9,2.321744565896214,0.15,0.0029549466440378733,0.2936112258500251,0.206545901193908,0.29034618440037524,0.07250756834812719,0.21706215382132046,0.2938917172020524,0.06460659032148898,0.0,0.0,0.0,0.0,0.0,0.0,0.0,0.0,-0.075,2.3967445658962143,True,True,0.0,0.0,0.0,undeformed reference,reference,True,False,False,1,[],f141ffbd04ef138b9650f2a9878eed8fa60e248adf3e7f5898dbf890fce55fc4,d06c8aa5a844044b059518a454bb52ff40e1addc084e0ee363b3e8e1614a100f
D014,train,0.10064147361815257,10.0,7.034673166734111,9.888797118018996,7.034531507223571,0.07250756834812719,0.21706215382132046,7.9,2.321744565896214,0.15,0.0029549466440378733,0.2936112258500251,0.206545901193908,0.29034618440037524,0.07250756834812719,0.21706215382132046,0.2938917172020524,0.06460659032148898,0.05,0.2,0.7791435963289073,0.7821999477631599,0.046162226781888235,6.078528907156497,7.200716833047613,7.202872793298479,-0.075,2.2806573376014034,True,True,0.0032878930642691317,1.4612858063418363e-05,502.0,CONVERGENCE: NORM OF PROJECTED GRADIENT <= PGTOL,L-BFGS-B,True,False,False,1,"[{""strain"":0.05,""subdivision"":1,""substep"":1,""optimizer_method"":""L-BFGS-B"",""selected_success"":true,""selected_message"":""CONVERGENCE: NORM OF PROJECTED GRADIENT <= PGTOL"",""selected_iterations"":502,""primary_success"":true,""primary_message"":""CONVERGENCE: NORM OF PROJECTED GRADIENT <= PGTOL"",""primary_iterations"":502,""fallback_used"":false,""fallback_success"":false,""fallback_message"":""not invoked"",""fallback_iterations"":0,""fallback_normalized_projected_gradient"":NaN,""independent_kkt_confirmed"":false,""projected_gradient_N"":0.0032878930642691317,""normalized_projected_gradient"":1.4612858063418363e-05,""accepted"":true}]",f141ffbd04ef138b9650f2a9878eed8fa60e248adf3e7f5898dbf890fce55fc4,d06c8aa5a844044b059518a454bb52ff40e1addc084e0ee363b3e8e1614a100f
D014,train,0.10064147361815257,10.0,7.034673166734111,9.888797118018996,7.034531507223571,0.07250756834812719,0.21706215382132046,7.9,2.321744565896214,0.15,0.0029549466440378733,0.2936112258500251,0.206545901193908,0.29034618440037524,0.07250756834812719,0.21706215382132046,0.2938917172020524,0.06460659032148898,0.1,0.4,1.50447472289928,1.5073461771085488,0.17945728176542325,11.79685672563012,13.969336505530741,13.975127078086858,-0.075,2.164570109306593,True,True,0.002076397048152656,9.228431325122917e-06,561.0,CONVERGENCE: NORM OF PROJECTED GRADIENT <= PGTOL,L-BFGS-B,True,False,False,1,"[{""strain"":0.1,""subdivision"":1,""substep"":1,""optimizer_method"":""L-BFGS-B"",""selected_success"":true,""selected_message"":""CONVERGENCE: NORM OF PROJECTED GRADIENT <= PGTOL"",""selected_iterations"":561,""primary_success"":true,""primary_message"":""CONVERGENCE: NORM OF PROJECTED GRADIENT <= PGTOL"",""primary_iterations"":561,""fallback_used"":false,""fallback_success"":false,""fallback_message"":""not invoked"",""fallback_iterations"":0,""fallback_normalized_projected_gradient"":NaN,""independent_kkt_confirmed"":false,""projected_gradient_N"":0.002076397048152656,""normalized_projected_gradient"":9.228431325122917e-06,""accepted"":true}]",f141ffbd04ef138b9650f2a9878eed8fa60e248adf3e7f5898dbf890fce55fc4,d06c8aa5a844044b059518a454bb52ff40e1addc084e0ee363b3e8e1614a100f
D014,train,0.10064147361815257,10.0,7.034673166734111,9.888797118018996,7.034531507223571,0.07250756834812719,0.21706215382132046,7.9,2.321744565896214,0.15,0.0029549466440378733,0.2936112258500251,0.206545901193908,0.29034618440037524,0.07250756834812719,0.21706215382132046,0.2938917172020524,0.06460659032148898,0.15,0.6,2.1519557196270083,2.1499285091128577,0.3920673343670036,17.023284812480313,20.1300905625272,20.135765444459572,-0.075,2.048482881011782,True,True,0.002964797830148691,1.3176879245105294e-05,676.0,CONVERGENCE: NORM OF PROJECTED GRADIENT <= PGTOL,L-BFGS-B,True,False,False,1,"[{""strain"":0.15,""subdivision"":1,""substep"":1,""optimizer_method"":""L-BFGS-B"",""selected_success"":true,""selected_message"":""CONVERGENCE: NORM OF PROJECTED GRADIENT <= PGTOL"",""selected_iterations"":676,""primary_success"":true,""primary_message"":""CONVERGENCE: NORM OF PROJECTED GRADIENT <= PGTOL"",""primary_iterations"":676,""fallback_used"":false,""fallback_success"":false,""fallback_message"":""not invoked"",""fallback_iterations"":0,""fallback_normalized_projected_gradient"":NaN,""independent_kkt_confirmed"":false,""projected_gradient_N"":0.002964797830148691,""normalized_projected_gradient"":1.3176879245105294e-05,""accepted"":true}]",f141ffbd04ef138b9650f2a9878eed8fa60e248adf3e7f5898dbf890fce55fc4,d06c8aa5a844044b059518a454bb52ff40e1addc084e0ee363b3e8e1614a100f
D014,train,0.10064147361815257,10.0,7.034673166734111,9.888797118018996,7.034531507223571,0.07250756834812719,0.21706215382132046,7.9,2.321744565896214,0.15,0.0029549466440378733,0.2936112258500251,0.206545901193908,0.29034618440037524,0.07250756834812719,0.21706215382132046,0.2938917172020524,0.06460659032148898,0.2,0.8,2.7352629472750043,2.735673758948306,0.6763267040458556,21.705835980056467,25.635125259133396,25.63529751333475,-0.075,1.9323956527169714,True,True,0.0017029314389862826,7.568584173272368e-06,627.0,CONVERGENCE: NORM OF PROJECTED GRADIENT <= PGTOL,L-BFGS-B,True,False,False,1,"[{""strain"":0.2,""subdivision"":1,""substep"":1,""optimizer_method"":""L-BFGS-B"",""selected_success"":true,""selected_message"":""CONVERGENCE: NORM OF PROJECTED GRADIENT <= PGTOL"",""selected_iterations"":627,""primary_success"":true,""primary_message"":""CONVERGENCE: NORM OF PROJECTED GRADIENT <= PGTOL"",""primary_iterations"":627,""fallback_used"":false,""fallback_success"":false,""fallback_message"":""not invoked"",""fallback_iterations"":0,""fallback_normalized_projected_gradient"":NaN,""independent_kkt_confirmed"":false,""projected_gradient_N"":0.0017029314389862826,""normalized_projected_gradient"":7.568584173272368e-06,""accepted"":true}]",f141ffbd04ef138b9650f2a9878eed8fa60e248adf3e7f5898dbf890fce55fc4,d06c8aa5a844044b059518a454bb52ff40e1addc084e0ee363b3e8e1614a100f
D015,train,9.43382736487971,0.10559588798682557,5.173994118046316,0.10010549666620903,0.10615202713658714,0.0,0.04171446713347611,7.637656582662695,3.7752784945524853,0.15,0.6323078372318317,0.007077626605940739,0.3467900041091965,0.006709629892918449,0.0,0.04171446713347611,0.4942980158498198,0.039732168160955955,0.0,0.0,0.0,0.0,0.0,0.0,0.0,0.0,-0.075,3.8502784945524855,True,True,0.0,0.0,0.0,undeformed reference,reference,True,False,False,1,[],f141ffbd04ef138b9650f2a9878eed8fa60e248adf3e7f5898dbf890fce55fc4,d06c8aa5a844044b059518a454bb52ff40e1addc084e0ee363b3e8e1614a100f
D015,train,9.43382736487971,0.10559588798682557,5.173994118046316,0.10010549666620903,0.10615202713658714,0.0,0.04171446713347611,7.637656582662695,3.7752784945524853,0.15,0.6323078372318317,0.007077626605940739,0.3467900041091965,0.006709629892918449,0.0,0.04171446713347611,0.4942980158498198,0.039732168160955955,0.05,0.2,1.2165254972094135,1.2155675571722901,0.12051899730081236,9.347566520454206,11.85501282091111,11.858520806900392,-0.075,3.6615145698248615,True,True,0.003085067455595003,1.3711410913755568e-05,985.0,CONVERGENCE: NORM OF PROJECTED GRADIENT <= PGTOL,L-BFGS-B,True,False,False,1,"[{""strain"":0.05,""subdivision"":1,""substep"":1,""optimizer_method"":""L-BFGS-B"",""selected_success"":true,""selected_message"":""CONVERGENCE: NORM OF PROJECTED GRADIENT <= PGTOL"",""selected_iterations"":985,""primary_success"":true,""primary_message"":""CONVERGENCE: NORM OF PROJECTED GRADIENT <= PGTOL"",""primary_iterations"":985,""fallback_used"":false,""fallback_success"":false,""fallback_message"":""not invoked"",""fallback_iterations"":0,""fallback_normalized_projected_gradient"":NaN,""independent_kkt_confirmed"":false,""projected_gradient_N"":0.003085067455595003,""normalized_projected_gradient"":1.3711410913755568e-05,""accepted"":true}]",f141ffbd04ef138b9650f2a9878eed8fa60e248adf3e7f5898dbf890fce55fc4,d06c8aa5a844044b059518a454bb52ff40e1addc084e0ee363b3e8e1614a100f
D015,train,9.43382736487971,0.10559588798682557,5.173994118046316,0.10010549666620903,0.10615202713658714,0.0,0.04171446713347611,7.637656582662695,3.7752784945524853,0.15,0.6323078372318317,0.007077626605940739,0.3467900041091965,0.006709629892918449,0.0,0.04171446713347611,0.4942980158498198,0.039732168160955955,0.1,0.4,2.1678398324380304,2.1669154145740235,0.4442757058169089,17.14378052878021,21.623812625443993,21.634055773684597,-0.075,3.472750645097237,True,True,0.0031994771155823276,1.4219898291477012e-05,1072.0,CONVERGENCE: NORM OF PROJECTED GRADIENT <= PGTOL,L-BFGS-B,True,False,False,1,"[{""strain"":0.1,""subdivision"":1,""substep"":1,""optimizer_method"":""L-BFGS-B"",""selected_success"":true,""selected_message"":""CONVERGENCE: NORM OF PROJECTED GRADIENT <= PGTOL"",""selected_iterations"":1072,""primary_success"":true,""primary_message"":""CONVERGENCE: NORM OF PROJECTED GRADIENT <= PGTOL"",""primary_iterations"":1072,""fallback_used"":false,""fallback_success"":false,""fallback_message"":""not invoked"",""fallback_iterations"":0,""fallback_normalized_projected_gradient"":NaN,""independent_kkt_confirmed"":false,""projected_gradient_N"":0.0031994771155823276,""normalized_projected_gradient"":1.4219898291477012e-05,""accepted"":true}]",f141ffbd04ef138b9650f2a9878eed8fa60e248adf3e7f5898dbf890fce55fc4,d06c8aa5a844044b059518a454bb52ff40e1addc084e0ee363b3e8e1614a100f
D015,train,9.43382736487971,0.10559588798682557,5.173994118046316,0.10010549666620903,0.10615202713658714,0.0,0.04171446713347611,7.637656582662695,3.7752784945524853,0.15,0.6323078372318317,0.007077626605940739,0.3467900041091965,0.006709629892918449,0.0,0.04171446713347611,0.4942980158498198,0.039732168160955955,0.15,0.6,2.8932737568231817,2.8914369600702114,0.9242080215401589,23.409832614833753,29.31753312350768,29.332736652989443,-0.075,3.2839867203696125,True,True,0.0030678743720946033,1.3634997209309349e-05,660.0,CONVERGENCE: NORM OF PROJECTED GRADIENT <= PGTOL,L-BFGS-B,True,False,False,1,"[{""strain"":0.15,""subdivision"":1,""substep"":1,""optimizer_method"":""L-BFGS-B"",""selected_success"":true,""selected_message"":""CONVERGENCE: NORM OF PROJECTED GRADIENT <= PGTOL"",""selected_iterations"":660,""primary_success"":true,""primary_message"":""CONVERGENCE: NORM OF PROJECTED GRADIENT <= PGTOL"",""primary_iterations"":660,""fallback_used"":false,""fallback_success"":false,""fallback_message"":""not invoked"",""fallback_iterations"":0,""fallback_normalized_projected_gradient"":NaN,""independent_kkt_confirmed"":false,""projected_gradient_N"":0.0030678743720946033,""normalized_projected_gradient"":1.3634997209309349e-05,""accepted"":true}]",f141ffbd04ef138b9650f2a9878eed8fa60e248adf3e7f5898dbf890fce55fc4,d06c8aa5a844044b059518a454bb52ff40e1addc084e0ee363b3e8e1614a100f
D015,train,9.43382736487971,0.10559588798682557,5.173994118046316,0.10010549666620903,0.10615202713658714,0.0,0.04171446713347611,7.637656582662695,3.7752784945524853,0.15,0.6323078372318317,0.007077626605940739,0.3467900041091965,0.006709629892918449,0.0,0.04171446713347611,0.4942980158498198,0.039732168160955955,0.2,0.8,3.664020887618711,3.664179542888474,1.5405138055792547,27.81499987573254,33.31455259442466,33.36670855103872,-0.075,3.0952227956419884,True,True,0.0033683268025916924,1.4970341344851967e-05,660.0,CONVERGENCE: NORM OF PROJECTED GRADIENT <= PGTOL,L-BFGS-B,True,False,False,1,"[{""strain"":0.2,""subdivision"":1,""substep"":1,""optimizer_method"":""L-BFGS-B"",""selected_success"":true,""selected_message"":""CONVERGENCE: NORM OF PROJECTED GRADIENT <= PGTOL"",""selected_iterations"":660,""primary_success"":true,""primary_message"":""CONVERGENCE: NORM OF PROJECTED GRADIENT <= PGTOL"",""primary_iterations"":660,""fallback_used"":false,""fallback_success"":false,""fallback_message"":""not invoked"",""fallback_iterations"":0,""fallback_normalized_projected_gradient"":NaN,""independent_kkt_confirmed"":false,""projected_gradient_N"":0.0033683268025916924,""normalized_projected_gradient"":1.4970341344851967e-05,""accepted"":true}]",f141ffbd04ef138b9650f2a9878eed8fa60e248adf3e7f5898dbf890fce55fc4,d06c8aa5a844044b059518a454bb52ff40e1addc084e0ee363b3e8e1614a100f
D016,test,0.1,0.1,10.0,1.1749764835148737,9.641228269420028,0.04462201990158052,0.032753981238994215,7.9,2.328434304018882,0.15389175971973376,0.004758233048049985,0.004758233048049985,0.47582330480499846,0.055908119345420296,0.04462201990158052,0.032753981238994215,0.294738519496061,0.06609237780688777,0.0,0.0,0.0,0.0,0.0,0.0,0.0,0.0,-0.07694587985986688,2.405380183878749,True,True,0.0,0.0,0.0,undeformed reference,reference,True,False,False,1,[],f141ffbd04ef138b9650f2a9878eed8fa60e248adf3e7f5898dbf890fce55fc4,d06c8aa5a844044b059518a454bb52ff40e1addc084e0ee363b3e8e1614a100f
D016,test,0.1,0.1,10.0,1.1749764835148737,9.641228269420028,0.04462201990158052,0.032753981238994215,7.9,2.328434304018882,0.15389175971973376,0.004758233048049985,0.004758233048049985,0.47582330480499846,0.055908119345420296,0.04462201990158052,0.032753981238994215,0.294738519496061,0.06609237780688777,0.05,0.2,0.8825179924806285,0.8786455890092278,0.051862200174465675,6.349565625318106,7.5771019233369685,7.586444744035172,-0.07694587985986688,2.288958468677805,True,True,0.002894554657003487,1.2539353037377365e-05,629.0,CONVERGENCE: NORM OF PROJECTED GRADIENT <= PGTOL,L-BFGS-B,True,False,False,1,"[{""strain"":0.05,""subdivision"":1,""substep"":1,""optimizer_method"":""L-BFGS-B"",""selected_success"":true,""selected_message"":""CONVERGENCE: NORM OF PROJECTED GRADIENT <= PGTOL"",""selected_iterations"":629,""primary_success"":true,""primary_message"":""CONVERGENCE: NORM OF PROJECTED GRADIENT <= PGTOL"",""primary_iterations"":629,""fallback_used"":false,""fallback_success"":false,""fallback_message"":""not invoked"",""fallback_iterations"":0,""fallback_normalized_projected_gradient"":NaN,""independent_kkt_confirmed"":false,""projected_gradient_N"":0.002894554657003487,""normalized_projected_gradient"":1.2539353037377365e-05,""accepted"":true}]",f141ffbd04ef138b9650f2a9878eed8fa60e248adf3e7f5898dbf890fce55fc4,d06c8aa5a844044b059518a454bb52ff40e1addc084e0ee363b3e8e1614a100f
D016,test,0.1,0.1,10.0,1.1749764835148737,9.641228269420028,0.04462201990158052,0.032753981238994215,7.9,2.328434304018882,0.15389175971973376,0.004758233048049985,0.004758233048049985,0.47582330480499846,0.055908119345420296,0.04462201990158052,0.032753981238994215,0.294738519496061,0.06609237780688777,0.1,0.4,1.6571293740893809,1.6567831911302218,0.20037014467495826,12.221306029646607,14.567265987076906,14.582888999014443,-0.07694587985986688,2.172536753476861,True,True,0.002776671305294909,1.2028676563976986e-05,569.0,CONVERGENCE: NORM OF PROJECTED GRADIENT <= PGTOL,L-BFGS-B,True,False,False,1,"[{""strain"":0.1,""subdivision"":1,""substep"":1,""optimizer_method"":""L-BFGS-B"",""selected_success"":true,""selected_message"":""CONVERGENCE: NORM OF PROJECTED GRADIENT <= PGTOL"",""selected_iterations"":569,""primary_success"":true,""primary_message"":""CONVERGENCE: NORM OF PROJECTED GRADIENT <= PGTOL"",""primary_iterations"":569,""fallback_used"":false,""fallback_success"":false,""fallback_message"":""not invoked"",""fallback_iterations"":0,""fallback_normalized_projected_gradient"":NaN,""independent_kkt_confirmed"":false,""projected_gradient_N"":0.002776671305294909,""normalized_projected_gradient"":1.2028676563976986e-05,""accepted"":true}]",f141ffbd04ef138b9650f2a9878eed8fa60e248adf3e7f5898dbf890fce55fc4,d06c8aa5a844044b059518a454bb52ff40e1addc084e0ee363b3e8e1614a100f
D016,test,0.1,0.1,10.0,1.1749764835148737,9.641228269420028,0.04462201990158052,0.032753981238994215,7.9,2.328434304018882,0.15389175971973376,0.004758233048049985,0.004758233048049985,0.47582330480499846,0.055908119345420296,0.04462201990158052,0.032753981238994215,0.294738519496061,0.06609237780688777,0.15,0.6,2.351588691277123,2.359721539013341,0.4350772633168688,17.53020708896623,20.851893833842407,20.864811966043266,-0.07694587985986688,2.056115038275917,True,True,0.003400159179073381,1.4729656676726201e-05,527.0,CONVERGENCE: NORM OF PROJECTED GRADIENT <= PGTOL,L-BFGS-B,True,False,False,1,"[{""strain"":0.15,""subdivision"":1,""substep"":1,""optimizer_method"":""L-BFGS-B"",""selected_success"":true,""selected_message"":""CONVERGENCE: NORM OF PROJECTED GRADIENT <= PGTOL"",""selected_iterations"":527,""primary_success"":true,""primary_message"":""CONVERGENCE: NORM OF PROJECTED GRADIENT <= PGTOL"",""primary_iterations"":527,""fallback_used"":false,""fallback_success"":false,""fallback_message"":""not invoked"",""fallback_iterations"":0,""fallback_normalized_projected_gradient"":NaN,""independent_kkt_confirmed"":false,""projected_gradient_N"":0.003400159179073381,""normalized_projected_gradient"":1.4729656676726201e-05,""accepted"":true}]",f141ffbd04ef138b9650f2a9878eed8fa60e248adf3e7f5898dbf890fce55fc4,d06c8aa5a844044b059518a454bb52ff40e1addc084e0ee363b3e8e1614a100f
D016,test,0.1,0.1,10.0,1.1749764835148737,9.641228269420028,0.04462201990158052,0.032753981238994215,7.9,2.328434304018882,0.15389175971973376,0.004758233048049985,0.004758233048049985,0.47582330480499846,0.055908119345420296,0.04462201990158052,0.032753981238994215,0.294738519496061,0.06609237780688777,0.2,0.8,2.971680892851224,2.975105538918628,0.7460188784334219,22.21385636186725,26.392993029106883,26.409004783109104,-0.07694587985986688,1.9396933230749727,True,True,0.002607386615759766,1.1295326968809393e-05,511.0,CONVERGENCE: NORM OF PROJECTED GRADIENT <= PGTOL,L-BFGS-B,True,False,False,1,"[{""strain"":0.2,""subdivision"":1,""substep"":1,""optimizer_method"":""L-BFGS-B"",""selected_success"":true,""selected_message"":""CONVERGENCE: NORM OF PROJECTED GRADIENT <= PGTOL"",""selected_iterations"":511,""primary_success"":true,""primary_message"":""CONVERGENCE: NORM OF PROJECTED GRADIENT <= PGTOL"",""primary_iterations"":511,""fallback_used"":false,""fallback_success"":false,""fallback_message"":""not invoked"",""fallback_iterations"":0,""fallback_normalized_projected_gradient"":NaN,""independent_kkt_confirmed"":false,""projected_gradient_N"":0.002607386615759766,""normalized_projected_gradient"":1.1295326968809393e-05,""accepted"":true}]",f141ffbd04ef138b9650f2a9878eed8fa60e248adf3e7f5898dbf890fce55fc4,d06c8aa5a844044b059518a454bb52ff40e1addc084e0ee363b3e8e1614a100f
D017,train,9.129491835741012,6.482197581873014,9.81009963377587,0.10063132231600413,0.1010516830490019,0.029834269045312473,0.026982063711843016,7.9,2.4489984285186015,0.15,0.35629409689364405,0.25297889245904,0.38285598501432266,0.003927310166752969,0.029834269045312473,0.026982063711843016,0.309999801078304,0.0612495288903615,0.0,0.0,0.0,0.0,0.0,0.0,0.0,0.0,-0.075,2.5239984285186017,True,True,0.0,0.0,0.0,undeformed reference,reference,True,False,False,1,[],f141ffbd04ef138b9650f2a9878eed8fa60e248adf3e7f5898dbf890fce55fc4,d06c8aa5a844044b059518a454bb52ff40e1addc084e0ee363b3e8e1614a100f
D017,train,9.129491835741012,6.482197581873014,9.81009963377587,0.10063132231600413,0.1010516830490019,0.029834269045312473,0.026982063711843016,7.9,2.4489984285186015,0.15,0.35629409689364405,0.25297889245904,0.38285598501432266,0.003927310166752969,0.029834269045312473,0.026982063711843016,0.309999801078304,0.0612495288903615,0.05,0.2,0.941466374332194,0.9418391398263659,0.05859694017209579,6.797752800834345,8.364866274571874,8.37910105260211,-0.075,2.4015485070926714,True,True,0.003184560823958932,1.4153603662039697e-05,745.0,CONVERGENCE: NORM OF PROJECTED GRADIENT <= PGTOL,L-BFGS-B,True,False,False,1,"[{""strain"":0.05,""subdivision"":1,""substep"":1,""optimizer_method"":""L-BFGS-B"",""selected_success"":true,""selected_message"":""CONVERGENCE: NORM OF PROJECTED GRADIENT <= PGTOL"",""selected_iterations"":745,""primary_success"":true,""primary_message"":""CONVERGENCE: NORM OF PROJECTED GRADIENT <= PGTOL"",""primary_iterations"":745,""fallback_used"":false,""fallback_success"":false,""fallback_message"":""not invoked"",""fallback_iterations"":0,""fallback_normalized_projected_gradient"":NaN,""independent_kkt_confirmed"":false,""projected_gradient_N"":0.003184560823958932,""normalized_projected_gradient"":1.4153603662039697e-05,""accepted"":true}]",f141ffbd04ef138b9650f2a9878eed8fa60e248adf3e7f5898dbf890fce55fc4,d06c8aa5a844044b059518a454bb52ff40e1addc084e0ee363b3e8e1614a100f
D017,train,9.129491835741012,6.482197581873014,9.81009963377587,0.10063132231600413,0.1010516830490019,0.029834269045312473,0.026982063711843016,7.9,2.4489984285186015,0.15,0.35629409689364405,0.25297889245904,0.38285598501432266,0.003927310166752969,0.029834269045312473,0.026982063711843016,0.309999801078304,0.0612495288903615,0.1,0.4,1.7537944297993873,1.7521006472759169,0.22457230950804177,13.011913143284655,15.966681421146005,15.99606502100769,-0.075,2.2790985856667416,True,True,0.0032452962168148455,1.4423538741399313e-05,732.0,CONVERGENCE: NORM OF PROJECTED GRADIENT <= PGTOL,L-BFGS-B,True,False,False,1,"[{""strain"":0.1,""subdivision"":1,""substep"":1,""optimizer_method"":""L-BFGS-B"",""selected_success"":true,""selected_message"":""CONVERGENCE: NORM OF PROJECTED GRADIENT <= PGTOL"",""selected_iterations"":732,""primary_success"":true,""primary_message"":""CONVERGENCE: NORM OF PROJECTED GRADIENT <= PGTOL"",""primary_iterations"":732,""fallback_used"":false,""fallback_success"":false,""fallback_message"":""not invoked"",""fallback_iterations"":0,""fallback_normalized_projected_gradient"":NaN,""independent_kkt_confirmed"":false,""projected_gradient_N"":0.0032452962168148455,""normalized_projected_gradient"":1.4423538741399313e-05,""accepted"":true}]",f141ffbd04ef138b9650f2a9878eed8fa60e248adf3e7f5898dbf890fce55fc4,d06c8aa5a844044b059518a454bb52ff40e1addc084e0ee363b3e8e1614a100f
D017,train,9.129491835741012,6.482197581873014,9.81009963377587,0.10063132231600413,0.1010516830490019,0.029834269045312473,0.026982063711843016,7.9,2.4489984285186015,0.15,0.35629409689364405,0.25297889245904,0.38285598501432266,0.003927310166752969,0.029834269045312473,0.026982063711843016,0.309999801078304,0.0612495288903615,0.15,0.6,2.4630934438546963,2.4613411560842993,0.48406785341841774,18.540181102708733,22.650939576428517,22.68022978822704,-0.075,2.1566486642408114,True,True,0.003066629557982925,1.3629464702146334e-05,791.0,CONVERGENCE: NORM OF PROJECTED GRADIENT <= PGTOL,L-BFGS-B,True,False,False,1,"[{""strain"":0.15,""subdivision"":1,""substep"":1,""optimizer_method"":""L-BFGS-B"",""selected_success"":true,""selected_message"":""CONVERGENCE: NORM OF PROJECTED GRADIENT <= PGTOL"",""selected_iterations"":791,""primary_success"":true,""primary_message"":""CONVERGENCE: NORM OF PROJECTED GRADIENT <= PGTOL"",""primary_iterations"":791,""fallback_used"":false,""fallback_success"":false,""fallback_message"":""not invoked"",""fallback_iterations"":0,""fallback_normalized_projected_gradient"":NaN,""independent_kkt_confirmed"":false,""projected_gradient_N"":0.003066629557982925,""normalized_projected_gradient"":1.3629464702146334e-05,""accepted"":true}]",f141ffbd04ef138b9650f2a9878eed8fa60e248adf3e7f5898dbf890fce55fc4,d06c8aa5a844044b059518a454bb52ff40e1addc084e0ee363b3e8e1614a100f
D017,train,9.129491835741012,6.482197581873014,9.81009963377587,0.10063132231600413,0.1010516830490019,0.029834269045312473,0.026982063711843016,7.9,2.4489984285186015,0.15,0.35629409689364405,0.25297889245904,0.38285598501432266,0.003927310166752969,0.029834269045312473,0.026982063711843016,0.309999801078304,0.0612495288903615,0.2,0.8,3.096883309076759,3.09420662940256,0.8245901627214073,23.344210973952663,28.344437969159518,28.3534194731275,-0.075,2.0341987428148816,True,True,0.0022800237178072225,1.0133438745809878e-05,720.0,CONVERGENCE: NORM OF PROJECTED GRADIENT <= PGTOL,L-BFGS-B,True,False,False,1,"[{""strain"":0.2,""subdivision"":1,""substep"":1,""optimizer_method"":""L-BFGS-B"",""selected_success"":true,""selected_message"":""CONVERGENCE: NORM OF PROJECTED GRADIENT <= PGTOL"",""selected_iterations"":720,""primary_success"":true,""primary_message"":""CONVERGENCE: NORM OF PROJECTED GRADIENT <= PGTOL"",""primary_iterations"":720,""fallback_used"":false,""fallback_success"":false,""fallback_message"":""not invoked"",""fallback_iterations"":0,""fallback_normalized_projected_gradient"":NaN,""independent_kkt_confirmed"":false,""projected_gradient_N"":0.0022800237178072225,""normalized_projected_gradient"":1.0133438745809878e-05,""accepted"":true}]",f141ffbd04ef138b9650f2a9878eed8fa60e248adf3e7f5898dbf890fce55fc4,d06c8aa5a844044b059518a454bb52ff40e1addc084e0ee363b3e8e1614a100f
D018,train,2.697649645193721,0.1033440582822358,9.128753729433546,4.934659849377289,9.980094937319265,0.9578987523150955,1.0,7.9,3.9436810309064474,0.25,0.10049169931053796,0.0038497289849821763,0.3400604583670135,0.1838238537264896,0.9578987523150955,1.0,0.49920013049448697,0.06339255077699273,0.0,0.0,0.0,0.0,0.0,0.0,0.0,0.0,-0.125,4.068681030906447,True,True,0.0,0.0,0.0,undeformed reference,reference,True,False,False,1,[],f141ffbd04ef138b9650f2a9878eed8fa60e248adf3e7f5898dbf890fce55fc4,d06c8aa5a844044b059518a454bb52ff40e1addc084e0ee363b3e8e1614a100f
D018,train,2.697649645193721,0.1033440582822358,9.128753729433546,4.934659849377289,9.980094937319265,0.9578987523150955,1.0,7.9,3.9436810309064474,0.25,0.10049169931053796,0.0038497289849821763,0.3400604583670135,0.1838238537264896,0.9578987523150955,1.0,0.49920013049448697,0.06339255077699273,0.05,0.2,4.922783987743381,4.92986925149193,0.5095192075982062,13.67558325755808,16.932987865785677,16.983752934311195,-0.125,3.8714969793611247,True,True,0.0047363718101069985,1.2630324826951996e-05,653.0,CONVERGENCE: NORM OF PROJECTED GRADIENT <= PGTOL,L-BFGS-B,True,False,False,1,"[{""strain"":0.05,""subdivision"":1,""substep"":1,""optimizer_method"":""L-BFGS-B"",""selected_success"":true,""selected_message"":""CONVERGENCE: NORM OF PROJECTED GRADIENT <= PGTOL"",""selected_iterations"":653,""primary_success"":true,""primary_message"":""CONVERGENCE: NORM OF PROJECTED GRADIENT <= PGTOL"",""primary_iterations"":653,""fallback_used"":false,""fallback_success"":false,""fallback_message"":""not invoked"",""fallback_iterations"":0,""fallback_normalized_projected_gradient"":NaN,""independent_kkt_confirmed"":false,""projected_gradient_N"":0.0047363718101069985,""normalized_projected_gradient"":1.2630324826951996e-05,""accepted"":true}]",f141ffbd04ef138b9650f2a9878eed8fa60e248adf3e7f5898dbf890fce55fc4,d06c8aa5a844044b059518a454bb52ff40e1addc084e0ee363b3e8e1614a100f
D018,train,2.697649645193721,0.1033440582822358,9.128753729433546,4.934659849377289,9.980094937319265,0.9578987523150955,1.0,7.9,3.9436810309064474,0.25,0.10049169931053796,0.0038497289849821763,0.3400604583670135,0.1838238537264896,0.9578987523150955,1.0,0.49920013049448697,0.06339255077699273,0.1,0.4,8.607154196422947,8.607897523165231,1.8652058829879001,24.386679697379275,29.94467256581342,30.02104644485391,-0.125,3.6743129278158024,True,True,0.005406242696283314,1.4416647190088839e-05,745.0,CONVERGENCE: NORM OF PROJECTED GRADIENT <= PGTOL,L-BFGS-B,True,False,False,1,"[{""strain"":0.1,""subdivision"":1,""substep"":1,""optimizer_method"":""L-BFGS-B"",""selected_success"":true,""selected_message"":""CONVERGENCE: NORM OF PROJECTED GRADIENT <= PGTOL"",""selected_iterations"":745,""primary_success"":true,""primary_message"":""CONVERGENCE: NORM OF PROJECTED GRADIENT <= PGTOL"",""primary_iterations"":745,""fallback_used"":false,""fallback_success"":false,""fallback_message"":""not invoked"",""fallback_iterations"":0,""fallback_normalized_projected_gradient"":NaN,""independent_kkt_confirmed"":false,""projected_gradient_N"":0.005406242696283314,""normalized_projected_gradient"":1.4416647190088839e-05,""accepted"":true}]",f141ffbd04ef138b9650f2a9878eed8fa60e248adf3e7f5898dbf890fce55fc4,d06c8aa5a844044b059518a454bb52ff40e1addc084e0ee363b3e8e1614a100f
D018,train,2.697649645193721,0.1033440582822358,9.128753729433546,4.934659849377289,9.980094937319265,0.9578987523150955,1.0,7.9,3.9436810309064474,0.25,0.10049169931053796,0.0038497289849821763,0.3400604583670135,0.1838238537264896,0.9578987523150955,1.0,0.49920013049448697,0.06339255077699273,0.15,0.6,11.225274469438862,11.22947402242617,3.836179359873759,32.08661721683569,39.04879397260594,39.128448675228995,-0.125,3.4771288762704797,True,True,0.00435928664685159,1.162476439160424e-05,715.0,CONVERGENCE: NORM OF PROJECTED GRADIENT <= PGTOL,L-BFGS-B,True,False,False,1,"[{""strain"":0.15,""subdivision"":1,""substep"":1,""optimizer_method"":""L-BFGS-B"",""selected_success"":true,""selected_message"":""CONVERGENCE: NORM OF PROJECTED GRADIENT <= PGTOL"",""selected_iterations"":715,""primary_success"":true,""primary_message"":""CONVERGENCE: NORM OF PROJECTED GRADIENT <= PGTOL"",""primary_iterations"":715,""fallback_used"":false,""fallback_success"":false,""fallback_message"":""not invoked"",""fallback_iterations"":0,""fallback_normalized_projected_gradient"":NaN,""independent_kkt_confirmed"":false,""projected_gradient_N"":0.00435928664685159,""normalized_projected_gradient"":1.162476439160424e-05,""accepted"":true}]",f141ffbd04ef138b9650f2a9878eed8fa60e248adf3e7f5898dbf890fce55fc4,d06c8aa5a844044b059518a454bb52ff40e1addc084e0ee363b3e8e1614a100f
D018,train,2.697649645193721,0.1033440582822358,9.128753729433546,4.934659849377289,9.980094937319265,0.9578987523150955,1.0,7.9,3.9436810309064474,0.25,0.10049169931053796,0.0038497289849821763,0.3400604583670135,0.1838238537264896,0.9578987523150955,1.0,0.49920013049448697,0.06339255077699273,0.2,0.8,13.028362827729413,13.036516886406758,6.240427843748505,37.46391000561108,45.229701058363496,45.30585954889986,-0.125,3.2799448247251575,True,True,0.005620174132211053,1.4987131019229475e-05,599.0,CONVERGENCE: NORM OF PROJECTED GRADIENT <= PGTOL,L-BFGS-B,True,False,False,1,"[{""strain"":0.2,""subdivision"":1,""substep"":1,""optimizer_method"":""L-BFGS-B"",""selected_success"":true,""selected_message"":""CONVERGENCE: NORM OF PROJECTED GRADIENT <= PGTOL"",""selected_iterations"":599,""primary_success"":true,""primary_message"":""CONVERGENCE: NORM OF PROJECTED GRADIENT <= PGTOL"",""primary_iterations"":599,""fallback_used"":false,""fallback_success"":false,""fallback_message"":""not invoked"",""fallback_iterations"":0,""fallback_normalized_projected_gradient"":NaN,""independent_kkt_confirmed"":false,""projected_gradient_N"":0.005620174132211053,""normalized_projected_gradient"":1.4987131019229475e-05,""accepted"":true}]",f141ffbd04ef138b9650f2a9878eed8fa60e248adf3e7f5898dbf890fce55fc4,d06c8aa5a844044b059518a454bb52ff40e1addc084e0ee363b3e8e1614a100f
D019,train,0.1,7.282067016225084,8.624210422758395,0.1,9.75785068546977,0.0006150252006420464,0.0,7.9,3.985719848001371,0.1917196655168828,0.0038663588240368703,0.28155084065409697,0.33344292068382664,0.0038663588240368703,0.0006150252006420464,0.0,0.504521499747009,0.04810164106567102,0.0,0.0,0.0,0.0,0.0,0.0,0.0,0.0,-0.0958598327584414,4.081579680759813,True,True,0.0,0.0,0.0,undeformed reference,reference,True,False,False,1,[],f141ffbd04ef138b9650f2a9878eed8fa60e248adf3e7f5898dbf890fce55fc4,d06c8aa5a844044b059518a454bb52ff40e1addc084e0ee363b3e8e1614a100f
D019,train,0.1,7.282067016225084,8.624210422758395,0.1,9.75785068546977,0.0006150252006420464,0.0,7.9,3.985719848001371,0.1917196655168828,0.0038663588240368703,0.28155084065409697,0.33344292068382664,0.0038663588240368703,0.0006150252006420464,0.0,0.504521499747009,0.04810164106567102,0.05,0.2,2.722024719325317,2.7233065011580306,0.28660023488381675,12.06203213059411,15.133518366908428,15.220980887478575,-0.0958598327584414,3.882293688359744,True,True,0.0035399599284016148,1.230950032819277e-05,1084.0,CONVERGENCE: NORM OF PROJECTED GRADIENT <= PGTOL,L-BFGS-B,True,False,False,1,"[{""strain"":0.05,""subdivision"":1,""substep"":1,""optimizer_method"":""L-BFGS-B"",""selected_success"":true,""selected_message"":""CONVERGENCE: NORM OF PROJECTED GRADIENT <= PGTOL"",""selected_iterations"":1084,""primary_success"":true,""primary_message"":""CONVERGENCE: NORM OF PROJECTED GRADIENT <= PGTOL"",""primary_iterations"":1084,""fallback_used"":false,""fallback_success"":false,""fallback_message"":""not invoked"",""fallback_iterations"":0,""fallback_normalized_projected_gradient"":NaN,""independent_kkt_confirmed"":false,""projected_gradient_N"":0.0035399599284016148,""normalized_projected_gradient"":1.230950032819277e-05,""accepted"":true}]",f141ffbd04ef138b9650f2a9878eed8fa60e248adf3e7f5898dbf890fce55fc4,d06c8aa5a844044b059518a454bb52ff40e1addc084e0ee363b3e8e1614a100f
D019,train,0.1,7.282067016225084,8.624210422758395,0.1,9.75785068546977,0.0006150252006420464,0.0,7.9,3.985719848001371,0.1917196655168828,0.0038663588240368703,0.28155084065409697,0.33344292068382664,0.0038663588240368703,0.0006150252006420464,0.0,0.504521499747009,0.04810164106567102,0.1,0.4,4.646313071611548,4.644207442717459,1.0299712529862437,21.574948121827106,26.808783367975767,26.927944400177523,-0.0958598327584414,3.6830076959596756,True,True,0.004094373132389972,1.4237360997375699e-05,801.0,CONVERGENCE: NORM OF PROJECTED GRADIENT <= PGTOL,L-BFGS-B,True,False,False,1,"[{""strain"":0.1,""subdivision"":1,""substep"":1,""optimizer_method"":""L-BFGS-B"",""selected_success"":true,""selected_message"":""CONVERGENCE: NORM OF PROJECTED GRADIENT <= PGTOL"",""selected_iterations"":801,""primary_success"":true,""primary_message"":""CONVERGENCE: NORM OF PROJECTED GRADIENT <= PGTOL"",""primary_iterations"":801,""fallback_used"":false,""fallback_success"":false,""fallback_message"":""not invoked"",""fallback_iterations"":0,""fallback_normalized_projected_gradient"":NaN,""independent_kkt_confirmed"":false,""projected_gradient_N"":0.004094373132389972,""normalized_projected_gradient"":1.4237360997375699e-05,""accepted"":true}]",f141ffbd04ef138b9650f2a9878eed8fa60e248adf3e7f5898dbf890fce55fc4,d06c8aa5a844044b059518a454bb52ff40e1addc084e0ee363b3e8e1614a100f
D019,train,0.1,7.282067016225084,8.624210422758395,0.1,9.75785068546977,0.0006150252006420464,0.0,7.9,3.985719848001371,0.1917196655168828,0.0038663588240368703,0.28155084065409697,0.33344292068382664,0.0038663588240368703,0.0006150252006420464,0.0,0.504521499747009,0.04810164106567102,0.15,0.6,5.9611462685000784,5.963817644510502,2.09454070090743,28.686113129547465,35.32692478007404,35.45123549567246,-0.0958598327584414,3.483721703559607,True,True,0.003887558117253942,1.3518203281417696e-05,922.0,CONVERGENCE: NORM OF PROJECTED GRADIENT <= PGTOL,L-BFGS-B,True,False,False,1,"[{""strain"":0.15,""subdivision"":1,""substep"":1,""optimizer_method"":""L-BFGS-B"",""selected_success"":true,""selected_message"":""CONVERGENCE: NORM OF PROJECTED GRADIENT <= PGTOL"",""selected_iterations"":922,""primary_success"":true,""primary_message"":""CONVERGENCE: NORM OF PROJECTED GRADIENT <= PGTOL"",""primary_iterations"":922,""fallback_used"":false,""fallback_success"":false,""fallback_message"":""not invoked"",""fallback_iterations"":0,""fallback_normalized_projected_gradient"":NaN,""independent_kkt_confirmed"":false,""projected_gradient_N"":0.003887558117253942,""normalized_projected_gradient"":1.3518203281417696e-05,""accepted"":true}]",f141ffbd04ef138b9650f2a9878eed8fa60e248adf3e7f5898dbf890fce55fc4,d06c8aa5a844044b059518a454bb52ff40e1addc084e0ee363b3e8e1614a100f
D019,train,0.1,7.282067016225084,8.624210422758395,0.1,9.75785068546977,0.0006150252006420464,0.0,7.9,3.985719848001371,0.1917196655168828,0.0038663588240368703,0.28155084065409697,0.33344292068382664,0.0038663588240368703,0.0006150252006420464,0.0,0.504521499747009,0.04810164106567102,0.2,0.8,6.925079540512843,6.926779013608505,3.385607132467599,33.943182157679615,41.48066280552393,41.591364515957174,-0.0958598327584414,3.2844357111595386,True,True,0.003068550290962868,1.0670267906320239e-05,841.0,CONVERGENCE: NORM OF PROJECTED GRADIENT <= PGTOL,L-BFGS-B,True,False,False,1,"[{""strain"":0.2,""subdivision"":1,""substep"":1,""optimizer_method"":""L-BFGS-B"",""selected_success"":true,""selected_message"":""CONVERGENCE: NORM OF PROJECTED GRADIENT <= PGTOL"",""selected_iterations"":841,""primary_success"":true,""primary_message"":""CONVERGENCE: NORM OF PROJECTED GRADIENT <= PGTOL"",""primary_iterations"":841,""fallback_used"":false,""fallback_success"":false,""fallback_message"":""not invoked"",""fallback_iterations"":0,""fallback_normalized_projected_gradient"":NaN,""independent_kkt_confirmed"":false,""projected_gradient_N"":0.003068550290962868,""normalized_projected_gradient"":1.0670267906320239e-05,""accepted"":true}]",f141ffbd04ef138b9650f2a9878eed8fa60e248adf3e7f5898dbf890fce55fc4,d06c8aa5a844044b059518a454bb52ff40e1addc084e0ee363b3e8e1614a100f
D020,test,9.79950634014364,0.10322564925283662,9.916407083719665,0.1,0.1,0.0904491072133062,0.2527712082739443,7.9,4.0,0.2457124076381794,0.48950688160728517,0.005156348076499411,0.4953463307039255,0.00499521980614495,0.0904491072133062,0.2527712082739443,0.5063291139240506,0.06142810190954485,0.0,0.0,0.0,0.0,0.0,0.0,0.0,0.0,-0.1228562038190897,4.12285620381909,True,True,0.0,0.0,0.0,undeformed reference,reference,True,False,False,1,[],f141ffbd04ef138b9650f2a9878eed8fa60e248adf3e7f5898dbf890fce55fc4,d06c8aa5a844044b059518a454bb52ff40e1addc084e0ee363b3e8e1614a100f
D020,test,9.79950634014364,0.10322564925283662,9.916407083719665,0.1,0.1,0.0904491072133062,0.2527712082739443,7.9,4.0,0.2457124076381794,0.48950688160728517,0.005156348076499411,0.4953463307039255,0.00499521980614495,0.0904491072133062,0.2527712082739443,0.5063291139240506,0.06142810190954485,0.05,0.2,5.388419516359615,5.385524919002286,0.5700509520435117,14.463315151100566,17.89010555656956,17.893434803509177,-0.1228562038190897,3.92285620381909,True,True,0.00483568379723609,1.3120172599930494e-05,831.0,CONVERGENCE: NORM OF PROJECTED GRADIENT <= PGTOL,L-BFGS-B,True,False,False,1,"[{""strain"":0.05,""subdivision"":1,""substep"":1,""optimizer_method"":""L-BFGS-B"",""selected_success"":true,""selected_message"":""CONVERGENCE: NORM OF PROJECTED GRADIENT <= PGTOL"",""selected_iterations"":831,""primary_success"":true,""primary_message"":""CONVERGENCE: NORM OF PROJECTED GRADIENT <= PGTOL"",""primary_iterations"":831,""fallback_used"":false,""fallback_success"":false,""fallback_message"":""not invoked"",""fallback_iterations"":0,""fallback_normalized_projected_gradient"":NaN,""independent_kkt_confirmed"":false,""projected_gradient_N"":0.00483568379723609,""normalized_projected_gradient"":1.3120172599930494e-05,""accepted"":true}]",f141ffbd04ef138b9650f2a9878eed8fa60e248adf3e7f5898dbf890fce55fc4,d06c8aa5a844044b059518a454bb52ff40e1addc084e0ee363b3e8e1614a100f
D020,test,9.79950634014364,0.10322564925283662,9.916407083719665,0.1,0.1,0.0904491072133062,0.2527712082739443,7.9,4.0,0.2457124076381794,0.48950688160728517,0.005156348076499411,0.4953463307039255,0.00499521980614495,0.0904491072133062,0.2527712082739443,0.5063291139240506,0.06142810190954485,0.1,0.4,9.103004545340093,9.109310614446427,2.0431384991391077,25.374062771989145,31.14336808631038,31.1440545249902,-0.1228562038190897,3.72285620381909,True,True,0.004781541385968868,1.2973273462065361e-05,677.0,CONVERGENCE: NORM OF PROJECTED GRADIENT <= PGTOL,L-BFGS-B,True,False,False,1,"[{""strain"":0.1,""subdivision"":1,""substep"":1,""optimizer_method"":""L-BFGS-B"",""selected_success"":true,""selected_message"":""CONVERGENCE: NORM OF PROJECTED GRADIENT <= PGTOL"",""selected_iterations"":677,""primary_success"":true,""primary_message"":""CONVERGENCE: NORM OF PROJECTED GRADIENT <= PGTOL"",""primary_iterations"":677,""fallback_used"":false,""fallback_success"":false,""fallback_message"":""not invoked"",""fallback_iterations"":0,""fallback_normalized_projected_gradient"":NaN,""independent_kkt_confirmed"":false,""projected_gradient_N"":0.004781541385968868,""normalized_projected_gradient"":1.2973273462065361e-05,""accepted"":true}]",f141ffbd04ef138b9650f2a9878eed8fa60e248adf3e7f5898dbf890fce55fc4,d06c8aa5a844044b059518a454bb52ff40e1addc084e0ee363b3e8e1614a100f
D020,test,9.79950634014364,0.10322564925283662,9.916407083719665,0.1,0.1,0.0904491072133062,0.2527712082739443,7.9,4.0,0.2457124076381794,0.48950688160728517,0.005156348076499411,0.4953463307039255,0.00499521980614495,0.0904491072133062,0.2527712082739443,0.5063291139240506,0.06142810190954485,0.15,0.6,11.56274467349187,11.567505403094785,4.127137073879392,32.94172602781401,40.141738536569534,40.142083389656754,-0.1228562038190897,3.52285620381909,True,True,0.005332448289208536,1.4467993538909285e-05,669.0,CONVERGENCE: NORM OF PROJECTED GRADIENT <= PGTOL,L-BFGS-B,True,False,False,1,"[{""strain"":0.15,""subdivision"":1,""substep"":1,""optimizer_method"":""L-BFGS-B"",""selected_success"":true,""selected_message"":""CONVERGENCE: NORM OF PROJECTED GRADIENT <= PGTOL"",""selected_iterations"":669,""primary_success"":true,""primary_message"":""CONVERGENCE: NORM OF PROJECTED GRADIENT <= PGTOL"",""primary_iterations"":669,""fallback_used"":false,""fallback_success"":false,""fallback_message"":""not invoked"",""fallback_iterations"":0,""fallback_normalized_projected_gradient"":NaN,""independent_kkt_confirmed"":false,""projected_gradient_N"":0.005332448289208536,""normalized_projected_gradient"":1.4467993538909285e-05,""accepted"":true}]",f141ffbd04ef138b9650f2a9878eed8fa60e248adf3e7f5898dbf890fce55fc4,d06c8aa5a844044b059518a454bb52ff40e1addc084e0ee363b3e8e1614a100f
D020,test,9.79950634014364,0.10322564925283662,9.916407083719665,0.1,0.1,0.0904491072133062,0.2527712082739443,7.9,4.0,0.2457124076381794,0.48950688160728517,0.005156348076499411,0.4953463307039255,0.00499521980614495,0.0904491072133062,0.2527712082739443,0.5063291139240506,0.06142810190954485,0.2,0.8,13.179374035616146,13.180413051492135,6.613964151996074,38.098799674370994,46.14103721432144,46.14248458019757,-0.1228562038190897,3.3228562038190903,True,True,0.005001293381967642,1.3569504364989799e-05,708.0,CONVERGENCE: NORM OF PROJECTED GRADIENT <= PGTOL,L-BFGS-B,True,False,False,1,"[{""strain"":0.2,""subdivision"":1,""substep"":1,""optimizer_method"":""L-BFGS-B"",""selected_success"":true,""selected_message"":""CONVERGENCE: NORM OF PROJECTED GRADIENT <= PGTOL"",""selected_iterations"":708,""primary_success"":true,""primary_message"":""CONVERGENCE: NORM OF PROJECTED GRADIENT <= PGTOL"",""primary_iterations"":708,""fallback_used"":false,""fallback_success"":false,""fallback_message"":""not invoked"",""fallback_iterations"":0,""fallback_normalized_projected_gradient"":NaN,""independent_kkt_confirmed"":false,""projected_gradient_N"":0.005001293381967642,""normalized_projected_gradient"":1.3569504364989799e-05,""accepted"":true}]",f141ffbd04ef138b9650f2a9878eed8fa60e248adf3e7f5898dbf890fce55fc4,d06c8aa5a844044b059518a454bb52ff40e1addc084e0ee363b3e8e1614a100f
D021,train,1.1665804872812702,0.10563857802487393,8.877102189144424,0.1024226233212541,9.956279973836056,0.22504568510242795,0.07056409252420025,7.888999833942273,3.9932691995032394,0.15,0.05772857830373403,0.005227556083692402,0.4392860110583305,0.005068413619924776,0.22504568510242795,0.07056409252420025,0.5061819347900445,0.03756320761411725,0.0,0.0,0.0,0.0,0.0,0.0,0.0,0.0,-0.075,4.06826919950324,True,True,0.0,0.0,0.0,undeformed reference,reference,True,False,False,1,[],f141ffbd04ef138b9650f2a9878eed8fa60e248adf3e7f5898dbf890fce55fc4,d06c8aa5a844044b059518a454bb52ff40e1addc084e0ee363b3e8e1614a100f
D021,train,1.1665804872812702,0.10563857802487393,8.877102189144424,0.1024226233212541,9.956279973836056,0.22504568510242795,0.07056409252420025,7.888999833942273,3.9932691995032394,0.15,0.05772857830373403,0.005227556083692402,0.4392860110583305,0.005068413619924776,0.22504568510242795,0.07056409252420025,0.5061819347900445,0.03756320761411725,0.05,0.2,1.3254874532056915,1.322406004114097,0.13846057044232454,9.776186004690553,12.32587831592314,12.484762379717093,-0.075,3.8686057395280775,True,True,0.0031263799129702258,1.3895021835423226e-05,1079.0,CONVERGENCE: NORM OF PROJECTED GRADIENT <= PGTOL,L-BFGS-B,True,False,False,1,"[{""strain"":0.05,""subdivision"":1,""substep"":1,""optimizer_method"":""L-BFGS-B"",""selected_success"":true,""selected_message"":""CONVERGENCE: NORM OF PROJECTED GRADIENT <= PGTOL"",""selected_iterations"":1079,""primary_success"":true,""primary_message"":""CONVERGENCE: NORM OF PROJECTED GRADIENT <= PGTOL"",""primary_iterations"":1079,""fallback_used"":false,""fallback_success"":false,""fallback_message"":""not invoked"",""fallback_iterations"":0,""fallback_normalized_projected_gradient"":NaN,""independent_kkt_confirmed"":false,""projected_gradient_N"":0.0031263799129702258,""normalized_projected_gradient"":1.3895021835423226e-05,""accepted"":true}]",f141ffbd04ef138b9650f2a9878eed8fa60e248adf3e7f5898dbf890fce55fc4,d06c8aa5a844044b059518a454bb52ff40e1addc084e0ee363b3e8e1614a100f
D021,train,1.1665804872812702,0.10563857802487393,8.877102189144424,0.1024226233212541,9.956279973836056,0.22504568510242795,0.07056409252420025,7.888999833942273,3.9932691995032394,0.15,0.05772857830373403,0.005227556083692402,0.4392860110583305,0.005068413619924776,0.22504568510242795,0.07056409252420025,0.5061819347900445,0.03756320761411725,0.1,0.4,2.2565082790552013,2.2563935928265617,0.499876533725492,17.71008616429093,22.134656369460117,22.373690581145397,-0.075,3.6689422795529154,True,True,0.0022243381353495018,9.885947268220008e-06,944.0,CONVERGENCE: NORM OF PROJECTED GRADIENT <= PGTOL,L-BFGS-B,True,False,False,1,"[{""strain"":0.1,""subdivision"":1,""substep"":1,""optimizer_method"":""L-BFGS-B"",""selected_success"":true,""selected_message"":""CONVERGENCE: NORM OF PROJECTED GRADIENT <= PGTOL"",""selected_iterations"":944,""primary_success"":true,""primary_message"":""CONVERGENCE: NORM OF PROJECTED GRADIENT <= PGTOL"",""primary_iterations"":944,""fallback_used"":false,""fallback_success"":false,""fallback_message"":""not invoked"",""fallback_iterations"":0,""fallback_normalized_projected_gradient"":NaN,""independent_kkt_confirmed"":false,""projected_gradient_N"":0.0022243381353495018,""normalized_projected_gradient"":9.885947268220008e-06,""accepted"":true}]",f141ffbd04ef138b9650f2a9878eed8fa60e248adf3e7f5898dbf890fce55fc4,d06c8aa5a844044b059518a454bb52ff40e1addc084e0ee363b3e8e1614a100f
D021,train,1.1665804872812702,0.10563857802487393,8.877102189144424,0.1024226233212541,9.956279973836056,0.22504568510242795,0.07056409252420025,7.888999833942273,3.9932691995032394,0.15,0.05772857830373403,0.005227556083692402,0.4392860110583305,0.005068413619924776,0.22504568510242795,0.07056409252420025,0.5061819347900445,0.03756320761411725,0.15,0.6,2.9479527527739133,2.945416700984424,1.0224961850592345,23.997902363914836,29.760179590259593,30.021187345733374,-0.075,3.4692788195777537,True,True,0.00298124413072505,1.3249973914333555e-05,1170.0,CONVERGENCE: NORM OF PROJECTED GRADIENT <= PGTOL,L-BFGS-B,True,False,False,1,"[{""strain"":0.15,""subdivision"":1,""substep"":1,""optimizer_method"":""L-BFGS-B"",""selected_success"":true,""selected_message"":""CONVERGENCE: NORM OF PROJECTED GRADIENT <= PGTOL"",""selected_iterations"":1170,""primary_success"":true,""primary_message"":""CONVERGENCE: NORM OF PROJECTED GRADIENT <= PGTOL"",""primary_iterations"":1170,""fallback_used"":false,""fallback_success"":false,""fallback_message"":""not invoked"",""fallback_iterations"":0,""fallback_normalized_projected_gradient"":NaN,""independent_kkt_confirmed"":false,""projected_gradient_N"":0.00298124413072505,""normalized_projected_gradient"":1.3249973914333555e-05,""accepted"":true}]",f141ffbd04ef138b9650f2a9878eed8fa60e248adf3e7f5898dbf890fce55fc4,d06c8aa5a844044b059518a454bb52ff40e1addc084e0ee363b3e8e1614a100f
D021,train,1.1665804872812702,0.10563857802487393,8.877102189144424,0.1024226233212541,9.956279973836056,0.22504568510242795,0.07056409252420025,7.888999833942273,3.9932691995032394,0.15,0.05772857830373403,0.005227556083692402,0.4392860110583305,0.005068413619924776,0.22504568510242795,0.07056409252420025,0.5061819347900445,0.03756320761411725,0.2,0.8,3.4579197526307346,3.4553124300481395,1.6634896373011425,28.933647202170185,35.60617311255492,35.85555486498501,-0.075,3.2696153596025916,True,True,0.002515332523580105,1.1179255660356022e-05,976.0,CONVERGENCE: NORM OF PROJECTED GRADIENT <= PGTOL,L-BFGS-B,True,False,False,1,"[{""strain"":0.2,""subdivision"":1,""substep"":1,""optimizer_method"":""L-BFGS-B"",""selected_success"":true,""selected_message"":""CONVERGENCE: NORM OF PROJECTED GRADIENT <= PGTOL"",""selected_iterations"":976,""primary_success"":true,""primary_message"":""CONVERGENCE: NORM OF PROJECTED GRADIENT <= PGTOL"",""primary_iterations"":976,""fallback_used"":false,""fallback_success"":false,""fallback_message"":""not invoked"",""fallback_iterations"":0,""fallback_normalized_projected_gradient"":NaN,""independent_kkt_confirmed"":false,""projected_gradient_N"":0.002515332523580105,""normalized_projected_gradient"":1.1179255660356022e-05,""accepted"":true}]",f141ffbd04ef138b9650f2a9878eed8fa60e248adf3e7f5898dbf890fce55fc4,d06c8aa5a844044b059518a454bb52ff40e1addc084e0ee363b3e8e1614a100f
D022,train,0.10650395637098312,0.1,5.579498218408838,10.0,8.945755941943109,0.009793759138683623,0.21954124153741536,7.858881432453969,2.297708700366132,0.19388863009318627,0.004306364143961448,0.004043384199701629,0.2256005493857768,0.40433841997016284,0.009793759138683623,0.21954124153741536,0.29237095890994536,0.08438346865392066,0.0,0.0,0.0,0.0,0.0,0.0,0.0,0.0,-0.09694431504659314,2.394653015412725,True,True,0.0,0.0,0.0,undeformed reference,reference,True,False,False,1,[],f141ffbd04ef138b9650f2a9878eed8fa60e248adf3e7f5898dbf890fce55fc4,d06c8aa5a844044b059518a454bb52ff40e1addc084e0ee363b3e8e1614a100f
D022,train,0.10650395637098312,0.1,5.579498218408838,10.0,8.945755941943109,0.009793759138683623,0.21954124153741536,7.858881432453969,2.297708700366132,0.19388863009318627,0.004306364143961448,0.004043384199701629,0.2256005493857768,0.40433841997016284,0.009793759138683623,0.21954124153741536,0.29237095890994536,0.08438346865392066,0.05,0.2,1.8263394940324853,1.8248070555962896,0.10711911147042721,7.891359153882131,9.828901522901324,9.927648718558087,-0.09694431504659314,2.2797675803944184,True,True,0.004353964610374406,1.4970671937740114e-05,463.0,CONVERGENCE: NORM OF PROJECTED GRADIENT <= PGTOL,L-BFGS-B,True,False,False,1,"[{""strain"":0.05,""subdivision"":1,""substep"":1,""optimizer_method"":""L-BFGS-B"",""selected_success"":true,""selected_message"":""CONVERGENCE: NORM OF PROJECTED GRADIENT <= PGTOL"",""selected_iterations"":463,""primary_success"":true,""primary_message"":""CONVERGENCE: NORM OF PROJECTED GRADIENT <= PGTOL"",""primary_iterations"":463,""fallback_used"":false,""fallback_success"":false,""fallback_message"":""not invoked"",""fallback_iterations"":0,""fallback_normalized_projected_gradient"":NaN,""independent_kkt_confirmed"":false,""projected_gradient_N"":0.004353964610374406,""normalized_projected_gradient"":1.4970671937740114e-05,""accepted"":true}]",f141ffbd04ef138b9650f2a9878eed8fa60e248adf3e7f5898dbf890fce55fc4,d06c8aa5a844044b059518a454bb52ff40e1addc084e0ee363b3e8e1614a100f
D022,train,0.10650395637098312,0.1,5.579498218408838,10.0,8.945755941943109,0.009793759138683623,0.21954124153741536,7.858881432453969,2.297708700366132,0.19388863009318627,0.004306364143961448,0.004043384199701629,0.2256005493857768,0.40433841997016284,0.009793759138683623,0.21954124153741536,0.29237095890994536,0.08438346865392066,0.1,0.4,3.4664583582909607,3.464667920401702,0.41303512964622835,15.109787722161363,18.750519108875906,18.922669726269927,-0.09694431504659314,2.1648821453761116,True,True,0.004047090263056163,1.3915515180410739e-05,540.0,CONVERGENCE: NORM OF PROJECTED GRADIENT <= PGTOL,L-BFGS-B,True,False,False,1,"[{""strain"":0.1,""subdivision"":1,""substep"":1,""optimizer_method"":""L-BFGS-B"",""selected_success"":true,""selected_message"":""CONVERGENCE: NORM OF PROJECTED GRADIENT <= PGTOL"",""selected_iterations"":540,""primary_success"":true,""primary_message"":""CONVERGENCE: NORM OF PROJECTED GRADIENT <= PGTOL"",""primary_iterations"":540,""fallback_used"":false,""fallback_success"":false,""fallback_message"":""not invoked"",""fallback_iterations"":0,""fallback_normalized_projected_gradient"":NaN,""independent_kkt_confirmed"":false,""projected_gradient_N"":0.004047090263056163,""normalized_projected_gradient"":1.3915515180410739e-05,""accepted"":true}]",f141ffbd04ef138b9650f2a9878eed8fa60e248adf3e7f5898dbf890fce55fc4,d06c8aa5a844044b059518a454bb52ff40e1addc084e0ee363b3e8e1614a100f
D022,train,0.10650395637098312,0.1,5.579498218408838,10.0,8.945755941943109,0.009793759138683623,0.21954124153741536,7.858881432453969,2.297708700366132,0.19388863009318627,0.004306364143961448,0.004043384199701629,0.2256005493857768,0.40433841997016284,0.009793759138683623,0.21954124153741536,0.29237095890994536,0.08438346865392066,0.15,0.6,4.982210477279142,4.9867910224124135,0.8958132946565222,21.403887472698955,26.01981585686125,26.099837629160167,-0.09694431504659314,2.049996710357805,True,True,0.0032467897059806905,1.1163761741023621e-05,492.0,CONVERGENCE: NORM OF PROJECTED GRADIENT <= PGTOL,L-BFGS-B,True,False,False,1,"[{""strain"":0.15,""subdivision"":1,""substep"":1,""optimizer_method"":""L-BFGS-B"",""selected_success"":true,""selected_message"":""CONVERGENCE: NORM OF PROJECTED GRADIENT <= PGTOL"",""selected_iterations"":492,""primary_success"":true,""primary_message"":""CONVERGENCE: NORM OF PROJECTED GRADIENT <= PGTOL"",""primary_iterations"":492,""fallback_used"":false,""fallback_success"":false,""fallback_message"":""not invoked"",""fallback_iterations"":0,""fallback_normalized_projected_gradient"":NaN,""independent_kkt_confirmed"":false,""projected_gradient_N"":0.0032467897059806905,""normalized_projected_gradient"":1.1163761741023621e-05,""accepted"":true}]",f141ffbd04ef138b9650f2a9878eed8fa60e248adf3e7f5898dbf890fce55fc4,d06c8aa5a844044b059518a454bb52ff40e1addc084e0ee363b3e8e1614a100f
D022,train,0.10650395637098312,0.1,5.579498218408838,10.0,8.945755941943109,0.009793759138683623,0.21954124153741536,7.858881432453969,2.297708700366132,0.19388863009318627,0.004306364143961448,0.004043384199701629,0.2256005493857768,0.40433841997016284,0.009793759138683623,0.21954124153741536,0.29237095890994536,0.08438346865392066,0.2,0.8,6.482509016711825,6.481694164551502,1.5566734746379116,26.88161004307795,32.629681505167234,32.64614551869807,-0.09694431504659314,1.9351112753394983,True,True,0.003454142720540787,1.187672434730758e-05,514.0,CONVERGENCE: NORM OF PROJECTED GRADIENT <= PGTOL,L-BFGS-B,True,False,False,1,"[{""strain"":0.2,""subdivision"":1,""substep"":1,""optimizer_method"":""L-BFGS-B"",""selected_success"":true,""selected_message"":""CONVERGENCE: NORM OF PROJECTED GRADIENT <= PGTOL"",""selected_iterations"":514,""primary_success"":true,""primary_message"":""CONVERGENCE: NORM OF PROJECTED GRADIENT <= PGTOL"",""primary_iterations"":514,""fallback_used"":false,""fallback_success"":false,""fallback_message"":""not invoked"",""fallback_iterations"":0,""fallback_normalized_projected_gradient"":NaN,""independent_kkt_confirmed"":false,""projected_gradient_N"":0.003454142720540787,""normalized_projected_gradient"":1.187672434730758e-05,""accepted"":true}]",f141ffbd04ef138b9650f2a9878eed8fa60e248adf3e7f5898dbf890fce55fc4,d06c8aa5a844044b059518a454bb52ff40e1addc084e0ee363b3e8e1614a100f
D023,train,6.016844175739362,0.10302619685828861,10.0,0.1,0.1,0.003564961603461203,0.0,6.495178189637285,3.8833026629297573,0.15,0.3686821058237152,0.006312929852143784,0.6127499650236675,0.006127499650236676,0.003564961603461203,0.0,0.5978746925104168,0.03862691451580869,0.0,0.0,0.0,0.0,0.0,0.0,0.0,0.0,-0.075,3.9583026629297575,True,True,0.0,0.0,0.0,undeformed reference,reference,True,False,False,1,[],f141ffbd04ef138b9650f2a9878eed8fa60e248adf3e7f5898dbf890fce55fc4,d06c8aa5a844044b059518a454bb52ff40e1addc084e0ee363b3e8e1614a100f
D023,train,6.016844175739362,0.10302619685828861,10.0,0.1,0.1,0.003564961603461203,0.0,6.495178189637285,3.8833026629297573,0.15,0.3686821058237152,0.006312929852143784,0.6127499650236675,0.006127499650236676,0.003564961603461203,0.0,0.5978746925104168,0.03862691451580869,0.05,0.2,1.880955374529165,1.8862438222260391,0.19506027015263364,12.249175059880416,15.483822762456867,15.484759719191528,-0.075,3.7641375297832695,True,True,0.0027347522895169174,1.2154454620075188e-05,1091.0,CONVERGENCE: NORM OF PROJECTED GRADIENT <= PGTOL,L-BFGS-B,True,False,False,1,"[{""strain"":0.05,""subdivision"":1,""substep"":1,""optimizer_method"":""L-BFGS-B"",""selected_success"":true,""selected_message"":""CONVERGENCE: NORM OF PROJECTED GRADIENT <= PGTOL"",""selected_iterations"":1091,""primary_success"":true,""primary_message"":""CONVERGENCE: NORM OF PROJECTED GRADIENT <= PGTOL"",""primary_iterations"":1091,""fallback_used"":false,""fallback_success"":false,""fallback_message"":""not invoked"",""fallback_iterations"":0,""fallback_normalized_projected_gradient"":NaN,""independent_kkt_confirmed"":false,""projected_gradient_N"":0.0027347522895169174,""normalized_projected_gradient"":1.2154454620075188e-05,""accepted"":true}]",f141ffbd04ef138b9650f2a9878eed8fa60e248adf3e7f5898dbf890fce55fc4,d06c8aa5a844044b059518a454bb52ff40e1addc084e0ee363b3e8e1614a100f
D023,train,6.016844175739362,0.10302619685828861,10.0,0.1,0.1,0.003564961603461203,0.0,6.495178189637285,3.8833026629297573,0.15,0.3686821058237152,0.006312929852143784,0.6127499650236675,0.006127499650236676,0.003564961603461203,0.0,0.5978746925104168,0.03862691451580869,0.1,0.4,3.157031232939694,3.156796386089585,0.6924603904480122,21.551178372584427,27.011767682869245,27.011989950758167,-0.075,3.569972396636782,True,True,0.002990599524247184,1.3291553441098595e-05,786.0,CONVERGENCE: NORM OF PROJECTED GRADIENT <= PGTOL,L-BFGS-B,True,False,False,1,"[{""strain"":0.1,""subdivision"":1,""substep"":1,""optimizer_method"":""L-BFGS-B"",""selected_success"":true,""selected_message"":""CONVERGENCE: NORM OF PROJECTED GRADIENT <= PGTOL"",""selected_iterations"":786,""primary_success"":true,""primary_message"":""CONVERGENCE: NORM OF PROJECTED GRADIENT <= PGTOL"",""primary_iterations"":786,""fallback_used"":false,""fallback_success"":false,""fallback_message"":""not invoked"",""fallback_iterations"":0,""fallback_normalized_projected_gradient"":NaN,""independent_kkt_confirmed"":false,""projected_gradient_N"":0.002990599524247184,""normalized_projected_gradient"":1.3291553441098595e-05,""accepted"":true}]",f141ffbd04ef138b9650f2a9878eed8fa60e248adf3e7f5898dbf890fce55fc4,d06c8aa5a844044b059518a454bb52ff40e1addc084e0ee363b3e8e1614a100f
D023,train,6.016844175739362,0.10302619685828861,10.0,0.1,0.1,0.003564961603461203,0.0,6.495178189637285,3.8833026629297573,0.15,0.3686821058237152,0.006312929852143784,0.6127499650236675,0.006127499650236676,0.003564961603461203,0.0,0.5978746925104168,0.03862691451580869,0.15,0.6,4.015700194381541,4.012186649299027,1.3938233158033602,28.34290508567203,35.19997142472353,35.20039746933881,-0.075,3.375807263490294,True,True,0.003225352749337329,1.4334901108165907e-05,864.0,CONVERGENCE: NORM OF PROJECTED GRADIENT <= PGTOL,L-BFGS-B,True,False,False,1,"[{""strain"":0.15,""subdivision"":1,""substep"":1,""optimizer_method"":""L-BFGS-B"",""selected_success"":true,""selected_message"":""CONVERGENCE: NORM OF PROJECTED GRADIENT <= PGTOL"",""selected_iterations"":864,""primary_success"":true,""primary_message"":""CONVERGENCE: NORM OF PROJECTED GRADIENT <= PGTOL"",""primary_iterations"":864,""fallback_used"":false,""fallback_success"":false,""fallback_message"":""not invoked"",""fallback_iterations"":0,""fallback_normalized_projected_gradient"":NaN,""independent_kkt_confirmed"":false,""projected_gradient_N"":0.003225352749337329,""normalized_projected_gradient"":1.4334901108165907e-05,""accepted"":true}]",f141ffbd04ef138b9650f2a9878eed8fa60e248adf3e7f5898dbf890fce55fc4,d06c8aa5a844044b059518a454bb52ff40e1addc084e0ee363b3e8e1614a100f
D023,train,6.016844175739362,0.10302619685828861,10.0,0.1,0.1,0.003564961603461203,0.0,6.495178189637285,3.8833026629297573,0.15,0.3686821058237152,0.006312929852143784,0.6127499650236675,0.006127499650236676,0.003564961603461203,0.0,0.5978746925104168,0.03862691451580869,0.2,0.8,4.610267345777346,4.6032689810659555,2.2342651771660202,33.311998992468155,40.98231926405852,40.9853680400914,-0.075,3.181642130343806,True,True,0.00334157315151673,1.4851436228963245e-05,657.0,CONVERGENCE: NORM OF PROJECTED GRADIENT <= PGTOL,L-BFGS-B,True,False,False,1,"[{""strain"":0.2,""subdivision"":1,""substep"":1,""optimizer_method"":""L-BFGS-B"",""selected_success"":true,""selected_message"":""CONVERGENCE: NORM OF PROJECTED GRADIENT <= PGTOL"",""selected_iterations"":657,""primary_success"":true,""primary_message"":""CONVERGENCE: NORM OF PROJECTED GRADIENT <= PGTOL"",""primary_iterations"":657,""fallback_used"":false,""fallback_success"":false,""fallback_message"":""not invoked"",""fallback_iterations"":0,""fallback_normalized_projected_gradient"":NaN,""independent_kkt_confirmed"":false,""projected_gradient_N"":0.00334157315151673,""normalized_projected_gradient"":1.4851436228963245e-05,""accepted"":true}]",f141ffbd04ef138b9650f2a9878eed8fa60e248adf3e7f5898dbf890fce55fc4,d06c8aa5a844044b059518a454bb52ff40e1addc084e0ee363b3e8e1614a100f
D024,test,1.7077440481106312,8.686909501211597,7.962472263623619,5.573273138157174,6.289068977271248,0.7872045303718666,0.8022366920171035,7.9,2.6934086114956237,0.15,0.056511387035612294,0.28746070320632977,0.26348816870290875,0.18442658061905204,0.7872045303718666,0.8022366920171035,0.3409377989234967,0.05569151273957888,0.0,0.0,0.0,0.0,0.0,0.0,0.0,0.0,-0.075,2.768408611495624,True,True,0.0,0.0,0.0,undeformed reference,reference,True,False,False,1,[],f141ffbd04ef138b9650f2a9878eed8fa60e248adf3e7f5898dbf890fce55fc4,d06c8aa5a844044b059518a454bb52ff40e1addc084e0ee363b3e8e1614a100f
D024,test,1.7077440481106312,8.686909501211597,7.962472263623619,5.573273138157174,6.289068977271248,0.7872045303718666,0.8022366920171035,7.9,2.6934086114956237,0.15,0.056511387035612294,0.28746070320632977,0.26348816870290875,0.18442658061905204,0.7872045303718666,0.8022366920171035,0.3409377989234967,0.05569151273957888,0.05,0.2,0.9216116918264619,0.9149683509514354,0.06292628194368219,6.9806518519023975,8.480460898109154,8.482615657905155,-0.075,2.633738180920843,True,True,0.003300613892015969,1.4669395075626529e-05,599.0,CONVERGENCE: NORM OF PROJECTED GRADIENT <= PGTOL,L-BFGS-B,True,False,False,1,"[{""strain"":0.05,""subdivision"":1,""substep"":1,""optimizer_method"":""L-BFGS-B"",""selected_success"":true,""selected_message"":""CONVERGENCE: NORM OF PROJECTED GRADIENT <= PGTOL"",""selected_iterations"":599,""primary_success"":true,""primary_message"":""CONVERGENCE: NORM OF PROJECTED GRADIENT <= PGTOL"",""primary_iterations"":599,""fallback_used"":false,""fallback_success"":false,""fallback_message"":""not invoked"",""fallback_iterations"":0,""fallback_normalized_projected_gradient"":NaN,""independent_kkt_confirmed"":false,""projected_gradient_N"":0.003300613892015969,""normalized_projected_gradient"":1.4669395075626529e-05,""accepted"":true}]",f141ffbd04ef138b9650f2a9878eed8fa60e248adf3e7f5898dbf890fce55fc4,d06c8aa5a844044b059518a454bb52ff40e1addc084e0ee363b3e8e1614a100f
D024,test,1.7077440481106312,8.686909501211597,7.962472263623619,5.573273138157174,6.289068977271248,0.7872045303718666,0.8022366920171035,7.9,2.6934086114956237,0.15,0.056511387035612294,0.28746070320632977,0.26348816870290875,0.18442658061905204,0.7872045303718666,0.8022366920171035,0.3409377989234967,0.05569151273957888,0.1,0.4,1.7166553108668499,1.7177834085563521,0.24144910950037998,13.367659947827283,16.192162225487,16.194278070667497,-0.075,2.4990677503460614,True,True,0.0019996743942790607,8.88744175235138e-06,630.0,CONVERGENCE: NORM OF PROJECTED GRADIENT <= PGTOL,L-BFGS-B,True,False,False,1,"[{""strain"":0.1,""subdivision"":1,""substep"":1,""optimizer_method"":""L-BFGS-B"",""selected_success"":true,""selected_message"":""CONVERGENCE: NORM OF PROJECTED GRADIENT <= PGTOL"",""selected_iterations"":630,""primary_success"":true,""primary_message"":""CONVERGENCE: NORM OF PROJECTED GRADIENT <= PGTOL"",""primary_iterations"":630,""fallback_used"":false,""fallback_success"":false,""fallback_message"":""not invoked"",""fallback_iterations"":0,""fallback_normalized_projected_gradient"":NaN,""independent_kkt_confirmed"":false,""projected_gradient_N"":0.0019996743942790607,""normalized_projected_gradient"":8.88744175235138e-06,""accepted"":true}]",f141ffbd04ef138b9650f2a9878eed8fa60e248adf3e7f5898dbf890fce55fc4,d06c8aa5a844044b059518a454bb52ff40e1addc084e0ee363b3e8e1614a100f
D024,test,1.7077440481106312,8.686909501211597,7.962472263623619,5.573273138157174,6.289068977271248,0.7872045303718666,0.8022366920171035,7.9,2.6934086114956237,0.15,0.056511387035612294,0.28746070320632977,0.26348816870290875,0.18442658061905204,0.7872045303718666,0.8022366920171035,0.3409377989234967,0.05569151273957888,0.15,0.6,2.4214630523807004,2.415049156707096,0.5209971438146113,19.04697241427774,23.025850698524895,23.0286701693296,-0.075,2.3643973197712804,True,True,0.0032870067006480763,1.4608918669547006e-05,717.0,CONVERGENCE: NORM OF PROJECTED GRADIENT <= PGTOL,L-BFGS-B,True,False,False,1,"[{""strain"":0.15,""subdivision"":1,""substep"":1,""optimizer_method"":""L-BFGS-B"",""selected_success"":true,""selected_message"":""CONVERGENCE: NORM OF PROJECTED GRADIENT <= PGTOL"",""selected_iterations"":717,""primary_success"":true,""primary_message"":""CONVERGENCE: NORM OF PROJECTED GRADIENT <= PGTOL"",""primary_iterations"":717,""fallback_used"":false,""fallback_success"":false,""fallback_message"":""not invoked"",""fallback_iterations"":0,""fallback_normalized_projected_gradient"":NaN,""independent_kkt_confirmed"":false,""projected_gradient_N"":0.0032870067006480763,""normalized_projected_gradient"":1.4608918669547006e-05,""accepted"":true}]",f141ffbd04ef138b9650f2a9878eed8fa60e248adf3e7f5898dbf890fce55fc4,d06c8aa5a844044b059518a454bb52ff40e1addc084e0ee363b3e8e1614a100f
D024,test,1.7077440481106312,8.686909501211597,7.962472263623619,5.573273138157174,6.289068977271248,0.7872045303718666,0.8022366920171035,7.9,2.6934086114956237,0.15,0.056511387035612294,0.28746070320632977,0.26348816870290875,0.18442658061905204,0.7872045303718666,0.8022366920171035,0.3409377989234967,0.05569151273957888,0.2,0.8,3.0211995953553936,3.0124229212428117,0.888235537438244,23.975068329339233,28.898058336793085,28.89935580605008,-0.075,2.229726889196499,True,True,0.0028777108189075307,1.2789825861811247e-05,703.0,CONVERGENCE: NORM OF PROJECTED GRADIENT <= PGTOL,L-BFGS-B,True,False,False,1,"[{""strain"":0.2,""subdivision"":1,""substep"":1,""optimizer_method"":""L-BFGS-B"",""selected_success"":true,""selected_message"":""CONVERGENCE: NORM OF PROJECTED GRADIENT <= PGTOL"",""selected_iterations"":703,""primary_success"":true,""primary_message"":""CONVERGENCE: NORM OF PROJECTED GRADIENT <= PGTOL"",""primary_iterations"":703,""fallback_used"":false,""fallback_success"":false,""fallback_message"":""not invoked"",""fallback_iterations"":0,""fallback_normalized_projected_gradient"":NaN,""independent_kkt_confirmed"":false,""projected_gradient_N"":0.0028777108189075307,""normalized_projected_gradient"":1.2789825861811247e-05,""accepted"":true}]",f141ffbd04ef138b9650f2a9878eed8fa60e248adf3e7f5898dbf890fce55fc4,d06c8aa5a844044b059518a454bb52ff40e1addc084e0ee363b3e8e1614a100f
D025,train,0.1,3.057345169743353,3.6686097543489193,2.0852344571915404,8.09069491669518,0.1969603759343993,0.0,7.9,2.2732754450816235,0.15,0.005881701007216417,0.17982390164287726,0.2157766568723801,0.12264725607145861,0.1969603759343993,0.0,0.28775638545337007,0.06598408491348225,0.0,0.0,0.0,0.0,0.0,0.0,0.0,0.0,-0.075,2.3482754450816237,True,True,0.0,0.0,0.0,undeformed reference,reference,True,False,False,1,[],f141ffbd04ef138b9650f2a9878eed8fa60e248adf3e7f5898dbf890fce55fc4,d06c8aa5a844044b059518a454bb52ff40e1addc084e0ee363b3e8e1614a100f
D025,train,0.1,3.057345169743353,3.6686097543489193,2.0852344571915404,8.09069491669518,0.1969603759343993,0.0,7.9,2.2732754450816235,0.15,0.005881701007216417,0.17982390164287726,0.2157766568723801,0.12264725607145861,0.1969603759343993,0.0,0.28775638545337007,0.06598408491348225,0.05,0.2,0.7620979440965869,0.7620843431372333,0.0440259047000893,5.928496654983923,7.295304109928075,7.298428423747857,-0.075,2.2346116728275427,True,True,0.0028990409122798266,1.288462627679923e-05,802.0,CONVERGENCE: NORM OF PROJECTED GRADIENT <= PGTOL,L-BFGS-B,True,False,False,1,"[{""strain"":0.05,""subdivision"":1,""substep"":1,""optimizer_method"":""L-BFGS-B"",""selected_success"":true,""selected_message"":""CONVERGENCE: NORM OF PROJECTED GRADIENT <= PGTOL"",""selected_iterations"":802,""primary_success"":true,""primary_message"":""CONVERGENCE: NORM OF PROJECTED GRADIENT <= PGTOL"",""primary_iterations"":802,""fallback_used"":false,""fallback_success"":false,""fallback_message"":""not invoked"",""fallback_iterations"":0,""fallback_normalized_projected_gradient"":NaN,""independent_kkt_confirmed"":false,""projected_gradient_N"":0.0028990409122798266,""normalized_projected_gradient"":1.288462627679923e-05,""accepted"":true}]",f141ffbd04ef138b9650f2a9878eed8fa60e248adf3e7f5898dbf890fce55fc4,d06c8aa5a844044b059518a454bb52ff40e1addc084e0ee363b3e8e1614a100f
D025,train,0.1,3.057345169743353,3.6686097543489193,2.0852344571915404,8.09069491669518,0.1969603759343993,0.0,7.9,2.2732754450816235,0.15,0.005881701007216417,0.17982390164287726,0.2157766568723801,0.12264725607145861,0.1969603759343993,0.0,0.28775638545337007,0.06598408491348225,0.1,0.4,1.4554113832354505,1.4615082525694085,0.17120486804916452,11.485012257991164,14.086803685662607,14.093332920986981,-0.075,2.1209479005734613,True,True,0.0030514491013601264,1.3561996006045005e-05,655.0,CONVERGENCE: NORM OF PROJECTED GRADIENT <= PGTOL,L-BFGS-B,True,False,False,1,"[{""strain"":0.1,""subdivision"":1,""substep"":1,""optimizer_method"":""L-BFGS-B"",""selected_success"":true,""selected_message"":""CONVERGENCE: NORM OF PROJECTED GRADIENT <= PGTOL"",""selected_iterations"":655,""primary_success"":true,""primary_message"":""CONVERGENCE: NORM OF PROJECTED GRADIENT <= PGTOL"",""primary_iterations"":655,""fallback_used"":false,""fallback_success"":false,""fallback_message"":""not invoked"",""fallback_iterations"":0,""fallback_normalized_projected_gradient"":NaN,""independent_kkt_confirmed"":false,""projected_gradient_N"":0.0030514491013601264,""normalized_projected_gradient"":1.3561996006045005e-05,""accepted"":true}]",f141ffbd04ef138b9650f2a9878eed8fa60e248adf3e7f5898dbf890fce55fc4,d06c8aa5a844044b059518a454bb52ff40e1addc084e0ee363b3e8e1614a100f
D025,train,0.1,3.057345169743353,3.6686097543489193,2.0852344571915404,8.09069491669518,0.1969603759343993,0.0,7.9,2.2732754450816235,0.15,0.005881701007216417,0.17982390164287726,0.2157766568723801,0.12264725607145861,0.1969603759343993,0.0,0.28775638545337007,0.06598408491348225,0.15,0.6,2.0999285552150946,2.098170636718551,0.3741749193133898,16.586702058877833,20.264254149696246,20.272195463105973,-0.075,2.0072841283193803,True,True,0.0032060387651807742,1.4249061178581219e-05,692.0,CONVERGENCE: NORM OF PROJECTED GRADIENT <= PGTOL,L-BFGS-B,True,False,False,1,"[{""strain"":0.15,""subdivision"":1,""substep"":1,""optimizer_method"":""L-BFGS-B"",""selected_success"":true,""selected_message"":""CONVERGENCE: NORM OF PROJECTED GRADIENT <= PGTOL"",""selected_iterations"":692,""primary_success"":true,""primary_message"":""CONVERGENCE: NORM OF PROJECTED GRADIENT <= PGTOL"",""primary_iterations"":692,""fallback_used"":false,""fallback_success"":false,""fallback_message"":""not invoked"",""fallback_iterations"":0,""fallback_normalized_projected_gradient"":NaN,""independent_kkt_confirmed"":false,""projected_gradient_N"":0.0032060387651807742,""normalized_projected_gradient"":1.4249061178581219e-05,""accepted"":true}]",f141ffbd04ef138b9650f2a9878eed8fa60e248adf3e7f5898dbf890fce55fc4,d06c8aa5a844044b059518a454bb52ff40e1addc084e0ee363b3e8e1614a100f
D025,train,0.1,3.057345169743353,3.6686097543489193,2.0852344571915404,8.09069491669518,0.1969603759343993,0.0,7.9,2.2732754450816235,0.15,0.005881701007216417,0.17982390164287726,0.2157766568723801,0.12264725607145861,0.1969603759343993,0.0,0.28775638545337007,0.06598408491348225,0.2,0.8,2.6691598998933106,2.6700708117694827,0.6457131823638959,21.15567598406956,25.73181155478135,25.73658954161613,-0.075,1.8936203560652989,True,True,0.0031851526516335493,1.4156234007260219e-05,706.0,CONVERGENCE: NORM OF PROJECTED GRADIENT <= PGTOL,L-BFGS-B,True,False,False,1,"[{""strain"":0.2,""subdivision"":1,""substep"":1,""optimizer_method"":""L-BFGS-B"",""selected_success"":true,""selected_message"":""CONVERGENCE: NORM OF PROJECTED GRADIENT <= PGTOL"",""selected_iterations"":706,""primary_success"":true,""primary_message"":""CONVERGENCE: NORM OF PROJECTED GRADIENT <= PGTOL"",""primary_iterations"":706,""fallback_used"":false,""fallback_success"":false,""fallback_message"":""not invoked"",""fallback_iterations"":0,""fallback_normalized_projected_gradient"":NaN,""independent_kkt_confirmed"":false,""projected_gradient_N"":0.0031851526516335493,""normalized_projected_gradient"":1.4156234007260219e-05,""accepted"":true}]",f141ffbd04ef138b9650f2a9878eed8fa60e248adf3e7f5898dbf890fce55fc4,d06c8aa5a844044b059518a454bb52ff40e1addc084e0ee363b3e8e1614a100f
D026,train,0.2889242006308545,0.10297431329482598,9.53075724125378,3.9911848197794444,5.506557500645446,0.020648734380797965,0.02487563416027695,7.9,3.9510172913532147,0.23927699786792248,0.014877357276924063,0.00530237912188736,0.4907601380852327,0.20551508801424198,0.020648734380797965,0.02487563416027695,0.500128771057369,0.060560858184948774,0.0,0.0,0.0,0.0,0.0,0.0,0.0,0.0,-0.11963849893396124,4.070655790287176,True,True,0.0,0.0,0.0,undeformed reference,reference,True,False,False,1,[],f141ffbd04ef138b9650f2a9878eed8fa60e248adf3e7f5898dbf890fce55fc4,d06c8aa5a844044b059518a454bb52ff40e1addc084e0ee363b3e8e1614a100f
D026,train,0.2889242006308545,0.10297431329482598,9.53075724125378,3.9911848197794444,5.506557500645446,0.020648734380797965,0.02487563416027695,7.9,3.9510172913532147,0.23927699786792248,0.014877357276924063,0.00530237912188736,0.4907601380852327,0.20551508801424198,0.020648734380797965,0.02487563416027695,0.500128771057369,0.060560858184948774,0.05,0.2,4.601713259951264,4.59382425988093,0.4773552789319956,13.611046653984625,17.197214937598385,17.322923562441485,-0.11963849893396124,3.873104925719515,True,True,0.005301362722620828,1.4770503836860256e-05,585.0,CONVERGENCE: NORM OF PROJECTED GRADIENT <= PGTOL,L-BFGS-B,True,False,False,1,"[{""strain"":0.05,""subdivision"":1,""substep"":1,""optimizer_method"":""L-BFGS-B"",""selected_success"":true,""selected_message"":""CONVERGENCE: NORM OF PROJECTED GRADIENT <= PGTOL"",""selected_iterations"":585,""primary_success"":true,""primary_message"":""CONVERGENCE: NORM OF PROJECTED GRADIENT <= PGTOL"",""primary_iterations"":585,""fallback_used"":false,""fallback_success"":false,""fallback_message"":""not invoked"",""fallback_iterations"":0,""fallback_normalized_projected_gradient"":NaN,""independent_kkt_confirmed"":false,""projected_gradient_N"":0.005301362722620828,""normalized_projected_gradient"":1.4770503836860256e-05,""accepted"":true}]",f141ffbd04ef138b9650f2a9878eed8fa60e248adf3e7f5898dbf890fce55fc4,d06c8aa5a844044b059518a454bb52ff40e1addc084e0ee363b3e8e1614a100f
D026,train,0.2889242006308545,0.10297431329482598,9.53075724125378,3.9911848197794444,5.506557500645446,0.020648734380797965,0.02487563416027695,7.9,3.9510172913532147,0.23927699786792248,0.014877357276924063,0.00530237912188736,0.4907601380852327,0.20551508801424198,0.020648734380797965,0.02487563416027695,0.500128771057369,0.060560858184948774,0.1,0.4,7.968810095012641,7.961662821367058,1.737344808987405,24.175633523491282,30.20358651105201,30.378983237010047,-0.11963849893396124,3.6755540611518542,True,True,0.004492210732071733,1.2516067910412266e-05,517.0,CONVERGENCE: NORM OF PROJECTED GRADIENT <= PGTOL,L-BFGS-B,True,False,False,1,"[{""strain"":0.1,""subdivision"":1,""substep"":1,""optimizer_method"":""L-BFGS-B"",""selected_success"":true,""selected_message"":""CONVERGENCE: NORM OF PROJECTED GRADIENT <= PGTOL"",""selected_iterations"":517,""primary_success"":true,""primary_message"":""CONVERGENCE: NORM OF PROJECTED GRADIENT <= PGTOL"",""primary_iterations"":517,""fallback_used"":false,""fallback_success"":false,""fallback_message"":""not invoked"",""fallback_iterations"":0,""fallback_normalized_projected_gradient"":NaN,""independent_kkt_confirmed"":false,""projected_gradient_N"":0.004492210732071733,""normalized_projected_gradient"":1.2516067910412266e-05,""accepted"":true}]",f141ffbd04ef138b9650f2a9878eed8fa60e248adf3e7f5898dbf890fce55fc4,d06c8aa5a844044b059518a454bb52ff40e1addc084e0ee363b3e8e1614a100f
D026,train,0.2889242006308545,0.10297431329482598,9.53075724125378,3.9911848197794444,5.506557500645446,0.020648734380797965,0.02487563416027695,7.9,3.9510172913532147,0.23927699786792248,0.014877357276924063,0.00530237912188736,0.4907601380852327,0.20551508801424198,0.020648734380797965,0.02487563416027695,0.500128771057369,0.060560858184948774,0.15,0.6,10.41061650243582,10.42484721270936,3.5600255320371543,31.73272946760342,38.84073632396084,38.90405486062611,-0.11963849893396124,3.4780031965841935,True,True,0.004975313438253526,1.3862074729528406e-05,622.0,CONVERGENCE: NORM OF PROJECTED GRADIENT <= PGTOL,L-BFGS-B,True,False,False,1,"[{""strain"":0.15,""subdivision"":1,""substep"":1,""optimizer_method"":""L-BFGS-B"",""selected_success"":true,""selected_message"":""CONVERGENCE: NORM OF PROJECTED GRADIENT <= PGTOL"",""selected_iterations"":622,""primary_success"":true,""primary_message"":""CONVERGENCE: NORM OF PROJECTED GRADIENT <= PGTOL"",""primary_iterations"":622,""fallback_used"":false,""fallback_success"":false,""fallback_message"":""not invoked"",""fallback_iterations"":0,""fallback_normalized_projected_gradient"":NaN,""independent_kkt_confirmed"":false,""projected_gradient_N"":0.004975313438253526,""normalized_projected_gradient"":1.3862074729528406e-05,""accepted"":true}]",f141ffbd04ef138b9650f2a9878eed8fa60e248adf3e7f5898dbf890fce55fc4,d06c8aa5a844044b059518a454bb52ff40e1addc084e0ee363b3e8e1614a100f
D026,train,0.2889242006308545,0.10297431329482598,9.53075724125378,3.9911848197794444,5.506557500645446,0.020648734380797965,0.02487563416027695,7.9,3.9510172913532147,0.23927699786792248,0.014877357276924063,0.00530237912188736,0.4907601380852327,0.20551508801424198,0.020648734380797965,0.02487563416027695,0.500128771057369,0.060560858184948774,0.2,0.8,12.33321526283361,12.327095604449884,5.818749802241745,37.099217824634465,45.156235148043365,45.48750000998523,-0.11963849893396124,3.280452332016533,True,True,0.0043742547738825355,1.2187422423549079e-05,490.0,CONVERGENCE: NORM OF PROJECTED GRADIENT <= PGTOL,L-BFGS-B,True,False,False,1,"[{""strain"":0.2,""subdivision"":1,""substep"":1,""optimizer_method"":""L-BFGS-B"",""selected_success"":true,""selected_message"":""CONVERGENCE: NORM OF PROJECTED GRADIENT <= PGTOL"",""selected_iterations"":490,""primary_success"":true,""primary_message"":""CONVERGENCE: NORM OF PROJECTED GRADIENT <= PGTOL"",""primary_iterations"":490,""fallback_used"":false,""fallback_success"":false,""fallback_message"":""not invoked"",""fallback_iterations"":0,""fallback_normalized_projected_gradient"":NaN,""independent_kkt_confirmed"":false,""projected_gradient_N"":0.0043742547738825355,""normalized_projected_gradient"":1.2187422423549079e-05,""accepted"":true}]",f141ffbd04ef138b9650f2a9878eed8fa60e248adf3e7f5898dbf890fce55fc4,d06c8aa5a844044b059518a454bb52ff40e1addc084e0ee363b3e8e1614a100f
D027,train,6.134083721143505,3.7082603963942145,5.025693498328904,3.4852859505171323,0.1,0.0,0.0,7.9,3.0623170455838746,0.15,0.33241078221366616,0.20095352379500442,0.27234625135410084,0.18887036462451914,0.0,0.0,0.38763506906124995,0.04898251806301798,0.0,0.0,0.0,0.0,0.0,0.0,0.0,0.0,-0.075,3.137317045583875,True,True,0.0,0.0,0.0,undeformed reference,reference,True,False,False,1,[],f141ffbd04ef138b9650f2a9878eed8fa60e248adf3e7f5898dbf890fce55fc4,d06c8aa5a844044b059518a454bb52ff40e1addc084e0ee363b3e8e1614a100f
D027,train,6.134083721143505,3.7082603963942145,5.025693498328904,3.4852859505171323,0.1,0.0,0.0,7.9,3.0623170455838746,0.15,0.33241078221366616,0.20095352379500442,0.27234625135410084,0.18887036462451914,0.0,0.0,0.38763506906124995,0.04898251806301798,0.05,0.2,0.9839890689317526,0.9835039130636365,0.0770924153082761,7.607614318065738,9.156634431383827,9.163390181161121,-0.075,2.9842011933046813,True,True,0.003198649394354547,1.4216219530464652e-05,815.0,CONVERGENCE: NORM OF PROJECTED GRADIENT <= PGTOL,L-BFGS-B,True,False,False,1,"[{""strain"":0.05,""subdivision"":1,""substep"":1,""optimizer_method"":""L-BFGS-B"",""selected_success"":true,""selected_message"":""CONVERGENCE: NORM OF PROJECTED GRADIENT <= PGTOL"",""selected_iterations"":815,""primary_success"":true,""primary_message"":""CONVERGENCE: NORM OF PROJECTED GRADIENT <= PGTOL"",""primary_iterations"":815,""fallback_used"":false,""fallback_success"":false,""fallback_message"":""not invoked"",""fallback_iterations"":0,""fallback_normalized_projected_gradient"":NaN,""independent_kkt_confirmed"":false,""projected_gradient_N"":0.003198649394354547,""normalized_projected_gradient"":1.4216219530464652e-05,""accepted"":true}]",f141ffbd04ef138b9650f2a9878eed8fa60e248adf3e7f5898dbf890fce55fc4,d06c8aa5a844044b059518a454bb52ff40e1addc084e0ee363b3e8e1614a100f
D027,train,6.134083721143505,3.7082603963942145,5.025693498328904,3.4852859505171323,0.1,0.0,0.0,7.9,3.0623170455838746,0.15,0.33241078221366616,0.20095352379500442,0.27234625135410084,0.18887036462451914,0.0,0.0,0.38763506906124995,0.04898251806301798,0.1,0.4,1.8096431223398306,1.8093939791863678,0.29293811595220176,14.427388540131059,17.309044080974978,17.31401916142611,-0.075,2.8310853410254873,True,True,0.002605521314206327,1.1580094729805898e-05,789.0,CONVERGENCE: NORM OF PROJECTED GRADIENT <= PGTOL,L-BFGS-B,True,False,False,1,"[{""strain"":0.1,""subdivision"":1,""substep"":1,""optimizer_method"":""L-BFGS-B"",""selected_success"":true,""selected_message"":""CONVERGENCE: NORM OF PROJECTED GRADIENT <= PGTOL"",""selected_iterations"":789,""primary_success"":true,""primary_message"":""CONVERGENCE: NORM OF PROJECTED GRADIENT <= PGTOL"",""primary_iterations"":789,""fallback_used"":false,""fallback_success"":false,""fallback_message"":""not invoked"",""fallback_iterations"":0,""fallback_normalized_projected_gradient"":NaN,""independent_kkt_confirmed"":false,""projected_gradient_N"":0.002605521314206327,""normalized_projected_gradient"":1.1580094729805898e-05,""accepted"":true}]",f141ffbd04ef138b9650f2a9878eed8fa60e248adf3e7f5898dbf890fce55fc4,d06c8aa5a844044b059518a454bb52ff40e1addc084e0ee363b3e8e1614a100f
D027,train,6.134083721143505,3.7082603963942145,5.025693498328904,3.4852859505171323,0.1,0.0,0.0,7.9,3.0623170455838746,0.15,0.33241078221366616,0.20095352379500442,0.27234625135410084,0.18887036462451914,0.0,0.0,0.38763506906124995,0.04898251806301798,0.15,0.6,2.5168365810661895,2.5200456993372446,0.6263559789227942,20.362660649870897,24.37368307560135,24.37768462261095,-0.075,2.6779694887462937,True,True,0.002839584902563086,1.2620377344724826e-05,788.0,CONVERGENCE: NORM OF PROJECTED GRADIENT <= PGTOL,L-BFGS-B,True,False,False,1,"[{""strain"":0.15,""subdivision"":1,""substep"":1,""optimizer_method"":""L-BFGS-B"",""selected_success"":true,""selected_message"":""CONVERGENCE: NORM OF PROJECTED GRADIENT <= PGTOL"",""selected_iterations"":788,""primary_success"":true,""primary_message"":""CONVERGENCE: NORM OF PROJECTED GRADIENT <= PGTOL"",""primary_iterations"":788,""fallback_used"":false,""fallback_success"":false,""fallback_message"":""not invoked"",""fallback_iterations"":0,""fallback_normalized_projected_gradient"":NaN,""independent_kkt_confirmed"":false,""projected_gradient_N"":0.002839584902563086,""normalized_projected_gradient"":1.2620377344724826e-05,""accepted"":true}]",f141ffbd04ef138b9650f2a9878eed8fa60e248adf3e7f5898dbf890fce55fc4,d06c8aa5a844044b059518a454bb52ff40e1addc084e0ee363b3e8e1614a100f
D027,train,6.134083721143505,3.7082603963942145,5.025693498328904,3.4852859505171323,0.1,0.0,0.0,7.9,3.0623170455838746,0.15,0.33241078221366616,0.20095352379500442,0.27234625135410084,0.18887036462451914,0.0,0.0,0.38763506906124995,0.04898251806301798,0.2,0.8,3.1111166269880206,3.1168011840760146,1.0588355950872448,25.397076295450226,30.330098704693622,30.336740128757235,-0.075,2.5248536364670997,True,True,0.0028358086393327486,1.2603593952589993e-05,754.0,CONVERGENCE: NORM OF PROJECTED GRADIENT <= PGTOL,L-BFGS-B,True,False,False,1,"[{""strain"":0.2,""subdivision"":1,""substep"":1,""optimizer_method"":""L-BFGS-B"",""selected_success"":true,""selected_message"":""CONVERGENCE: NORM OF PROJECTED GRADIENT <= PGTOL"",""selected_iterations"":754,""primary_success"":true,""primary_message"":""CONVERGENCE: NORM OF PROJECTED GRADIENT <= PGTOL"",""primary_iterations"":754,""fallback_used"":false,""fallback_success"":false,""fallback_message"":""not invoked"",""fallback_iterations"":0,""fallback_normalized_projected_gradient"":NaN,""independent_kkt_confirmed"":false,""projected_gradient_N"":0.0028358086393327486,""normalized_projected_gradient"":1.2603593952589993e-05,""accepted"":true}]",f141ffbd04ef138b9650f2a9878eed8fa60e248adf3e7f5898dbf890fce55fc4,d06c8aa5a844044b059518a454bb52ff40e1addc084e0ee363b3e8e1614a100f
D028,test,7.835482387570096,1.0228640071807436,8.851456748960214,2.3645405015164846,10.0,0.03880163709899424,0.0,7.9,2.2473732506021,0.15,0.2605371036522521,0.03401118306178099,0.29431919956014874,0.07862317892652367,0.03880163709899424,0.0,0.2844776266584937,0.06674458724638334,0.0,0.0,0.0,0.0,0.0,0.0,0.0,0.0,-0.075,2.3223732506021,True,True,0.0,0.0,0.0,undeformed reference,reference,True,False,False,1,[],f141ffbd04ef138b9650f2a9878eed8fa60e248adf3e7f5898dbf890fce55fc4,d06c8aa5a844044b059518a454bb52ff40e1addc084e0ee363b3e8e1614a100f
D028,test,7.835482387570096,1.0228640071807436,8.851456748960214,2.3645405015164846,10.0,0.03880163709899424,0.0,7.9,2.2473732506021,0.15,0.2605371036522521,0.03401118306178099,0.29431919956014874,0.07862317892652367,0.03880163709899424,0.0,0.2844776266584937,0.06674458724638334,0.05,0.2,0.7524247512127927,0.7564197616080048,0.0430080511181686,5.8476080303041575,7.283082802785188,7.2925231229726695,-0.075,2.210004588071995,True,True,0.0028121445822336024,1.2498420365482677e-05,793.0,CONVERGENCE: NORM OF PROJECTED GRADIENT <= PGTOL,L-BFGS-B,True,False,False,1,"[{""strain"":0.05,""subdivision"":1,""substep"":1,""optimizer_method"":""L-BFGS-B"",""selected_success"":true,""selected_message"":""CONVERGENCE: NORM OF PROJECTED GRADIENT <= PGTOL"",""selected_iterations"":793,""primary_success"":true,""primary_message"":""CONVERGENCE: NORM OF PROJECTED GRADIENT <= PGTOL"",""primary_iterations"":793,""fallback_used"":false,""fallback_success"":false,""fallback_message"":""not invoked"",""fallback_iterations"":0,""fallback_normalized_projected_gradient"":NaN,""independent_kkt_confirmed"":false,""projected_gradient_N"":0.0028121445822336024,""normalized_projected_gradient"":1.2498420365482677e-05,""accepted"":true}]",f141ffbd04ef138b9650f2a9878eed8fa60e248adf3e7f5898dbf890fce55fc4,d06c8aa5a844044b059518a454bb52ff40e1addc084e0ee363b3e8e1614a100f
D028,test,7.835482387570096,1.0228640071807436,8.851456748960214,2.3645405015164846,10.0,0.03880163709899424,0.0,7.9,2.2473732506021,0.15,0.2605371036522521,0.03401118306178099,0.29431919956014874,0.07862317892652367,0.03880163709899424,0.0,0.2844776266584937,0.06674458724638334,0.1,0.4,1.4491051125827705,1.450171653609991,0.16723184112970474,11.337796562831667,14.070831403433969,14.088552852547494,-0.075,2.09763592554189,True,True,0.0026192584288228238,1.1641148572545884e-05,765.0,CONVERGENCE: NORM OF PROJECTED GRADIENT <= PGTOL,L-BFGS-B,True,False,False,1,"[{""strain"":0.1,""subdivision"":1,""substep"":1,""optimizer_method"":""L-BFGS-B"",""selected_success"":true,""selected_message"":""CONVERGENCE: NORM OF PROJECTED GRADIENT <= PGTOL"",""selected_iterations"":765,""primary_success"":true,""primary_message"":""CONVERGENCE: NORM OF PROJECTED GRADIENT <= PGTOL"",""primary_iterations"":765,""fallback_used"":false,""fallback_success"":false,""fallback_message"":""not invoked"",""fallback_iterations"":0,""fallback_normalized_projected_gradient"":NaN,""independent_kkt_confirmed"":false,""projected_gradient_N"":0.0026192584288228238,""normalized_projected_gradient"":1.1641148572545884e-05,""accepted"":true}]",f141ffbd04ef138b9650f2a9878eed8fa60e248adf3e7f5898dbf890fce55fc4,d06c8aa5a844044b059518a454bb52ff40e1addc084e0ee363b3e8e1614a100f
D028,test,7.835482387570096,1.0228640071807436,8.851456748960214,2.3645405015164846,10.0,0.03880163709899424,0.0,7.9,2.2473732506021,0.15,0.2605371036522521,0.03401118306178099,0.29431919956014874,0.07862317892652367,0.03880163709899424,0.0,0.2844776266584937,0.06674458724638334,0.15,0.6,2.1063964067694956,2.1098757723432335,0.3668631332574427,16.284201985315427,20.213176896406353,20.379412761474832,-0.075,1.9852672630117851,True,True,0.00319660416285307,1.420712961268031e-05,639.0,CONVERGENCE: NORM OF PROJECTED GRADIENT <= PGTOL,L-BFGS-B,True,False,False,1,"[{""strain"":0.15,""subdivision"":1,""substep"":1,""optimizer_method"":""L-BFGS-B"",""selected_success"":true,""selected_message"":""CONVERGENCE: NORM OF PROJECTED GRADIENT <= PGTOL"",""selected_iterations"":639,""primary_success"":true,""primary_message"":""CONVERGENCE: NORM OF PROJECTED GRADIENT <= PGTOL"",""primary_iterations"":639,""fallback_used"":false,""fallback_success"":false,""fallback_message"":""not invoked"",""fallback_iterations"":0,""fallback_normalized_projected_gradient"":NaN,""independent_kkt_confirmed"":false,""projected_gradient_N"":0.00319660416285307,""normalized_projected_gradient"":1.420712961268031e-05,""accepted"":true}]",f141ffbd04ef138b9650f2a9878eed8fa60e248adf3e7f5898dbf890fce55fc4,d06c8aa5a844044b059518a454bb52ff40e1addc084e0ee363b3e8e1614a100f
D028,test,7.835482387570096,1.0228640071807436,8.851456748960214,2.3645405015164846,10.0,0.03880163709899424,0.0,7.9,2.2473732506021,0.15,0.2605371036522521,0.03401118306178099,0.29431919956014874,0.07862317892652367,0.03880163709899424,0.0,0.2844776266584937,0.06674458724638334,0.2,0.8,2.82272950908437,2.8269915799968004,0.643876830413372,20.486488116820897,24.493232110929487,24.52612509022385,-0.075,1.87289860048168,True,True,0.0031047666664338128,1.3798962961928056e-05,555.0,CONVERGENCE: NORM OF PROJECTED GRADIENT <= PGTOL,L-BFGS-B,True,False,False,1,"[{""strain"":0.2,""subdivision"":1,""substep"":1,""optimizer_method"":""L-BFGS-B"",""selected_success"":true,""selected_message"":""CONVERGENCE: NORM OF PROJECTED GRADIENT <= PGTOL"",""selected_iterations"":555,""primary_success"":true,""primary_message"":""CONVERGENCE: NORM OF PROJECTED GRADIENT <= PGTOL"",""primary_iterations"":555,""fallback_used"":false,""fallback_success"":false,""fallback_message"":""not invoked"",""fallback_iterations"":0,""fallback_normalized_projected_gradient"":NaN,""independent_kkt_confirmed"":false,""projected_gradient_N"":0.0031047666664338128,""normalized_projected_gradient"":1.3798962961928056e-05,""accepted"":true}]",f141ffbd04ef138b9650f2a9878eed8fa60e248adf3e7f5898dbf890fce55fc4,d06c8aa5a844044b059518a454bb52ff40e1addc084e0ee363b3e8e1614a100f
D029,train,0.1,0.1,8.046503125414295,1.5937911155217175,10.0,0.7513384165688883,0.7033518654465928,7.9,3.95707938477383,0.2129728066638594,0.005040247830280277,0.005040247830280277,0.4055636991921287,0.08033102211928318,0.7513384165688883,0.7033518654465928,0.5008961246549152,0.053820706120615784,0.0,0.0,0.0,0.0,0.0,0.0,0.0,0.0,-0.1064864033319297,4.06356578810576,True,True,0.0,0.0,0.0,undeformed reference,reference,True,False,False,1,[],f141ffbd04ef138b9650f2a9878eed8fa60e248adf3e7f5898dbf890fce55fc4,d06c8aa5a844044b059518a454bb52ff40e1addc084e0ee363b3e8e1614a100f
D029,train,0.1,0.1,8.046503125414295,1.5937911155217175,10.0,0.7513384165688883,0.7033518654465928,7.9,3.95707938477383,0.2129728066638594,0.005040247830280277,0.005040247830280277,0.4055636991921287,0.08033102211928318,0.7513384165688883,0.7033518654465928,0.5008961246549152,0.053820706120615784,0.05,0.2,3.6628500412588325,3.6642047934419493,0.3830354168216418,13.087390162855716,16.53240095180568,16.72163668215829,-0.1064864033319297,3.8657118188670685,True,True,0.004593158054211344,1.43779171502737e-05,690.0,CONVERGENCE: NORM OF PROJECTED GRADIENT <= PGTOL,L-BFGS-B,True,False,False,1,"[{""strain"":0.05,""subdivision"":1,""substep"":1,""optimizer_method"":""L-BFGS-B"",""selected_success"":true,""selected_message"":""CONVERGENCE: NORM OF PROJECTED GRADIENT <= PGTOL"",""selected_iterations"":690,""primary_success"":true,""primary_message"":""CONVERGENCE: NORM OF PROJECTED GRADIENT <= PGTOL"",""primary_iterations"":690,""fallback_used"":false,""fallback_success"":false,""fallback_message"":""not invoked"",""fallback_iterations"":0,""fallback_normalized_projected_gradient"":NaN,""independent_kkt_confirmed"":false,""projected_gradient_N"":0.004593158054211344,""normalized_projected_gradient"":1.43779171502737e-05,""accepted"":true}]",f141ffbd04ef138b9650f2a9878eed8fa60e248adf3e7f5898dbf890fce55fc4,d06c8aa5a844044b059518a454bb52ff40e1addc084e0ee363b3e8e1614a100f
D029,train,0.1,0.1,8.046503125414295,1.5937911155217175,10.0,0.7513384165688883,0.7033518654465928,7.9,3.95707938477383,0.2129728066638594,0.005040247830280277,0.005040247830280277,0.4055636991921287,0.08033102211928318,0.7513384165688883,0.7033518654465928,0.5008961246549152,0.053820706120615784,0.1,0.4,6.203239850849241,6.202067939235187,1.3743240322573436,23.17919245928193,28.969917886981733,29.231306627398123,-0.1064864033319297,3.6678578496283767,True,True,0.002943967285839122,9.215471627435401e-06,905.0,CONVERGENCE: NORM OF PROJECTED GRADIENT <= PGTOL,L-BFGS-B,True,False,False,1,"[{""strain"":0.1,""subdivision"":1,""substep"":1,""optimizer_method"":""L-BFGS-B"",""selected_success"":true,""selected_message"":""CONVERGENCE: NORM OF PROJECTED GRADIENT <= PGTOL"",""selected_iterations"":905,""primary_success"":true,""primary_message"":""CONVERGENCE: NORM OF PROJECTED GRADIENT <= PGTOL"",""primary_iterations"":905,""fallback_used"":false,""fallback_success"":false,""fallback_message"":""not invoked"",""fallback_iterations"":0,""fallback_normalized_projected_gradient"":NaN,""independent_kkt_confirmed"":false,""projected_gradient_N"":0.002943967285839122,""normalized_projected_gradient"":9.215471627435401e-06,""accepted"":true}]",f141ffbd04ef138b9650f2a9878eed8fa60e248adf3e7f5898dbf890fce55fc4,d06c8aa5a844044b059518a454bb52ff40e1addc084e0ee363b3e8e1614a100f
D029,train,0.1,0.1,8.046503125414295,1.5937911155217175,10.0,0.7513384165688883,0.7033518654465928,7.9,3.95707938477383,0.2129728066638594,0.005040247830280277,0.005040247830280277,0.4055636991921287,0.08033102211928318,0.7513384165688883,0.7033518654465928,0.5008961246549152,0.053820706120615784,0.15,0.6,7.967593558398008,7.954014959571014,2.785702814787272,30.492679229332985,37.71599237248749,37.97489920121272,-0.1064864033319297,3.4700038803896853,True,True,0.004501229951212382,1.4090155520235947e-05,709.0,CONVERGENCE: NORM OF PROJECTED GRADIENT <= PGTOL,L-BFGS-B,True,False,False,1,"[{""strain"":0.15,""subdivision"":1,""substep"":1,""optimizer_method"":""L-BFGS-B"",""selected_success"":true,""selected_message"":""CONVERGENCE: NORM OF PROJECTED GRADIENT <= PGTOL"",""selected_iterations"":709,""primary_success"":true,""primary_message"":""CONVERGENCE: NORM OF PROJECTED GRADIENT <= PGTOL"",""primary_iterations"":709,""fallback_used"":false,""fallback_success"":false,""fallback_message"":""not invoked"",""fallback_iterations"":0,""fallback_normalized_projected_gradient"":NaN,""independent_kkt_confirmed"":false,""projected_gradient_N"":0.004501229951212382,""normalized_projected_gradient"":1.4090155520235947e-05,""accepted"":true}]",f141ffbd04ef138b9650f2a9878eed8fa60e248adf3e7f5898dbf890fce55fc4,d06c8aa5a844044b059518a454bb52ff40e1addc084e0ee363b3e8e1614a100f
D029,train,0.1,0.1,8.046503125414295,1.5937911155217175,10.0,0.7513384165688883,0.7033518654465928,7.9,3.95707938477383,0.2129728066638594,0.005040247830280277,0.005040247830280277,0.4055636991921287,0.08033102211928318,0.7513384165688883,0.7033518654465928,0.5008961246549152,0.053820706120615784,0.2,0.8,9.14739670001029,9.149370500443329,4.484795053665472,35.70377552354468,43.764975063457754,43.99293682856137,-0.1064864033319297,3.272149911150994,True,True,0.0043656875319619814,1.3665868428146201e-05,782.0,CONVERGENCE: NORM OF PROJECTED GRADIENT <= PGTOL,L-BFGS-B,True,False,False,1,"[{""strain"":0.2,""subdivision"":1,""substep"":1,""optimizer_method"":""L-BFGS-B"",""selected_success"":true,""selected_message"":""CONVERGENCE: NORM OF PROJECTED GRADIENT <= PGTOL"",""selected_iterations"":782,""primary_success"":true,""primary_message"":""CONVERGENCE: NORM OF PROJECTED GRADIENT <= PGTOL"",""primary_iterations"":782,""fallback_used"":false,""fallback_success"":false,""fallback_message"":""not invoked"",""fallback_iterations"":0,""fallback_normalized_projected_gradient"":NaN,""independent_kkt_confirmed"":false,""projected_gradient_N"":0.0043656875319619814,""normalized_projected_gradient"":1.3665868428146201e-05,""accepted"":true}]",f141ffbd04ef138b9650f2a9878eed8fa60e248adf3e7f5898dbf890fce55fc4,d06c8aa5a844044b059518a454bb52ff40e1addc084e0ee363b3e8e1614a100f
D030,train,0.1,0.10732263211812246,9.973974713498015,9.230708928171534,9.773608897053915,0.02482925821219395,0.0,7.8370006320654655,2.7247985422105816,0.15,0.003426345458700723,0.0036772441317373724,0.3417428296478977,0.31627597616628755,0.02482925821219395,0.0,0.34768384872420927,0.055049941372292285,0.0,0.0,0.0,0.0,0.0,0.0,0.0,0.0,-0.075,2.7997985422105818,True,True,0.0,0.0,0.0,undeformed reference,reference,True,False,False,1,[],f141ffbd04ef138b9650f2a9878eed8fa60e248adf3e7f5898dbf890fce55fc4,d06c8aa5a844044b059518a454bb52ff40e1addc084e0ee363b3e8e1614a100f
D030,train,0.1,0.10732263211812246,9.973974713498015,9.230708928171534,9.773608897053915,0.02482925821219395,0.0,7.8370006320654655,2.7247985422105816,0.15,0.003426345458700723,0.0036772441317373724,0.3417428296478977,0.31627597616628755,0.02482925821219395,0.0,0.34768384872420927,0.055049941372292285,0.05,0.2,1.117108168527455,1.1244821098397768,0.07882015674767162,7.784515802353028,9.587592809115295,9.588115797529786,-0.075,2.6635586151000528,True,True,0.003164534706603356,1.4064598696014915e-05,536.0,CONVERGENCE: NORM OF PROJECTED GRADIENT <= PGTOL,L-BFGS-B,True,False,False,1,"[{""strain"":0.05,""subdivision"":1,""substep"":1,""optimizer_method"":""L-BFGS-B"",""selected_success"":true,""selected_message"":""CONVERGENCE: NORM OF PROJECTED GRADIENT <= PGTOL"",""selected_iterations"":536,""primary_success"":true,""primary_message"":""CONVERGENCE: NORM OF PROJECTED GRADIENT <= PGTOL"",""primary_iterations"":536,""fallback_used"":false,""fallback_success"":false,""fallback_message"":""not invoked"",""fallback_iterations"":0,""fallback_normalized_projected_gradient"":NaN,""independent_kkt_confirmed"":false,""projected_gradient_N"":0.003164534706603356,""normalized_projected_gradient"":1.4064598696014915e-05,""accepted"":true}]",f141ffbd04ef138b9650f2a9878eed8fa60e248adf3e7f5898dbf890fce55fc4,d06c8aa5a844044b059518a454bb52ff40e1addc084e0ee363b3e8e1614a100f
D030,train,0.1,0.10732263211812246,9.973974713498015,9.230708928171534,9.773608897053915,0.02482925821219395,0.0,7.8370006320654655,2.7247985422105816,0.15,0.003426345458700723,0.0036772441317373724,0.3417428296478977,0.31627597616628755,0.02482925821219395,0.0,0.34768384872420927,0.055049941372292285,0.1,0.4,2.054135271177574,2.0563352710204947,0.2972966732974721,14.707608314233097,18.05146770944038,18.05641118553485,-0.075,2.5273186879895237,True,True,0.002712456780414957,1.205536346851092e-05,577.0,CONVERGENCE: NORM OF PROJECTED GRADIENT <= PGTOL,L-BFGS-B,True,False,False,1,"[{""strain"":0.1,""subdivision"":1,""substep"":1,""optimizer_method"":""L-BFGS-B"",""selected_success"":true,""selected_message"":""CONVERGENCE: NORM OF PROJECTED GRADIENT <= PGTOL"",""selected_iterations"":577,""primary_success"":true,""primary_message"":""CONVERGENCE: NORM OF PROJECTED GRADIENT <= PGTOL"",""primary_iterations"":577,""fallback_used"":false,""fallback_success"":false,""fallback_message"":""not invoked"",""fallback_iterations"":0,""fallback_normalized_projected_gradient"":NaN,""independent_kkt_confirmed"":false,""projected_gradient_N"":0.002712456780414957,""normalized_projected_gradient"":1.205536346851092e-05,""accepted"":true}]",f141ffbd04ef138b9650f2a9878eed8fa60e248adf3e7f5898dbf890fce55fc4,d06c8aa5a844044b059518a454bb52ff40e1addc084e0ee363b3e8e1614a100f
D030,train,0.1,0.10732263211812246,9.973974713498015,9.230708928171534,9.773608897053915,0.02482925821219395,0.0,7.8370006320654655,2.7247985422105816,0.15,0.003426345458700723,0.0036772441317373724,0.3417428296478977,0.31627597616628755,0.02482925821219395,0.0,0.34768384872420927,0.055049941372292285,0.15,0.6,2.8245604553148302,2.8270991741948346,0.6315932792402216,20.660718191487266,25.25649235733526,25.263534688276984,-0.075,2.3910787608789947,True,True,0.0026198161561254985,1.164362736055777e-05,699.0,CONVERGENCE: NORM OF PROJECTED GRADIENT <= PGTOL,L-BFGS-B,True,False,False,1,"[{""strain"":0.15,""subdivision"":1,""substep"":1,""optimizer_method"":""L-BFGS-B"",""selected_success"":true,""selected_message"":""CONVERGENCE: NORM OF PROJECTED GRADIENT <= PGTOL"",""selected_iterations"":699,""primary_success"":true,""primary_message"":""CONVERGENCE: NORM OF PROJECTED GRADIENT <= PGTOL"",""primary_iterations"":699,""fallback_used"":false,""fallback_success"":false,""fallback_message"":""not invoked"",""fallback_iterations"":0,""fallback_normalized_projected_gradient"":NaN,""independent_kkt_confirmed"":false,""projected_gradient_N"":0.0026198161561254985,""normalized_projected_gradient"":1.164362736055777e-05,""accepted"":true}]",f141ffbd04ef138b9650f2a9878eed8fa60e248adf3e7f5898dbf890fce55fc4,d06c8aa5a844044b059518a454bb52ff40e1addc084e0ee363b3e8e1614a100f
D030,train,0.1,0.10732263211812246,9.973974713498015,9.230708928171534,9.773608897053915,0.02482925821219395,0.0,7.8370006320654655,2.7247985422105816,0.15,0.003426345458700723,0.0036772441317373724,0.3417428296478977,0.31627597616628755,0.02482925821219395,0.0,0.34768384872420927,0.055049941372292285,0.2,0.8,3.4725685217687503,3.470641049703767,1.0616759904167696,25.67931445517659,31.268074206982,31.274143117641845,-0.075,2.2548388337684653,True,True,0.0033501252743828314,1.4889445663923696e-05,569.0,CONVERGENCE: NORM OF PROJECTED GRADIENT <= PGTOL,L-BFGS-B,True,False,False,1,"[{""strain"":0.2,""subdivision"":1,""substep"":1,""optimizer_method"":""L-BFGS-B"",""selected_success"":true,""selected_message"":""CONVERGENCE: NORM OF PROJECTED GRADIENT <= PGTOL"",""selected_iterations"":569,""primary_success"":true,""primary_message"":""CONVERGENCE: NORM OF PROJECTED GRADIENT <= PGTOL"",""primary_iterations"":569,""fallback_used"":false,""fallback_success"":false,""fallback_message"":""not invoked"",""fallback_iterations"":0,""fallback_normalized_projected_gradient"":NaN,""independent_kkt_confirmed"":false,""projected_gradient_N"":0.0033501252743828314,""normalized_projected_gradient"":1.4889445663923696e-05,""accepted"":true}]",f141ffbd04ef138b9650f2a9878eed8fa60e248adf3e7f5898dbf890fce55fc4,d06c8aa5a844044b059518a454bb52ff40e1addc084e0ee363b3e8e1614a100f
D031,train,2.5142784405033494,10.0,6.357147989915217,2.4879840998470506,5.437655039552828,1.0,1.0,7.9,2.784435869528017,0.15,0.09382663314206997,0.3731751886767411,0.23723299005825765,0.0928453935885155,1.0,1.0,0.3524602366491161,0.05387087619490627,0.0,0.0,0.0,0.0,0.0,0.0,0.0,0.0,-0.075,2.859435869528017,True,True,0.0,0.0,0.0,undeformed reference,reference,True,False,False,1,[],f141ffbd04ef138b9650f2a9878eed8fa60e248adf3e7f5898dbf890fce55fc4,d06c8aa5a844044b059518a454bb52ff40e1addc084e0ee363b3e8e1614a100f
D031,train,2.5142784405033494,10.0,6.357147989915217,2.4879840998470506,5.437655039552828,1.0,1.0,7.9,2.784435869528017,0.15,0.09382663314206997,0.3731751886767411,0.23723299005825765,0.0928453935885155,1.0,1.0,0.3524602366491161,0.05387087619490627,0.05,0.2,1.0375246787202446,1.0448592134240307,0.074930906229551,7.553582385509283,9.333497763070948,9.381053741104292,-0.075,2.720214076051616,True,True,0.0030435384414734257,1.352683751765967e-05,828.0,CONVERGENCE: NORM OF PROJECTED GRADIENT <= PGTOL,L-BFGS-B,True,False,False,1,"[{""strain"":0.05,""subdivision"":1,""substep"":1,""optimizer_method"":""L-BFGS-B"",""selected_success"":true,""selected_message"":""CONVERGENCE: NORM OF PROJECTED GRADIENT <= PGTOL"",""selected_iterations"":828,""primary_success"":true,""primary_message"":""CONVERGENCE: NORM OF PROJECTED GRADIENT <= PGTOL"",""primary_iterations"":828,""fallback_used"":false,""fallback_success"":false,""fallback_message"":""not invoked"",""fallback_iterations"":0,""fallback_normalized_projected_gradient"":NaN,""independent_kkt_confirmed"":false,""projected_gradient_N"":0.0030435384414734257,""normalized_projected_gradient"":1.352683751765967e-05,""accepted"":true}]",f141ffbd04ef138b9650f2a9878eed8fa60e248adf3e7f5898dbf890fce55fc4,d06c8aa5a844044b059518a454bb52ff40e1addc084e0ee363b3e8e1614a100f
D031,train,2.5142784405033494,10.0,6.357147989915217,2.4879840998470506,5.437655039552828,1.0,1.0,7.9,2.784435869528017,0.15,0.09382663314206997,0.3731751886767411,0.23723299005825765,0.0928453935885155,1.0,1.0,0.3524602366491161,0.05387087619490627,0.1,0.4,1.9319559008242817,1.933492966784732,0.28417974335835927,14.346027315556992,17.646437366549037,17.719645221209735,-0.075,2.5809922825752154,True,True,0.0028559834398649286,1.2693259732733016e-05,907.0,CONVERGENCE: NORM OF PROJECTED GRADIENT <= PGTOL,L-BFGS-B,True,False,False,1,"[{""strain"":0.1,""subdivision"":1,""substep"":1,""optimizer_method"":""L-BFGS-B"",""selected_success"":true,""selected_message"":""CONVERGENCE: NORM OF PROJECTED GRADIENT <= PGTOL"",""selected_iterations"":907,""primary_success"":true,""primary_message"":""CONVERGENCE: NORM OF PROJECTED GRADIENT <= PGTOL"",""primary_iterations"":907,""fallback_used"":false,""fallback_success"":false,""fallback_message"":""not invoked"",""fallback_iterations"":0,""fallback_normalized_projected_gradient"":NaN,""independent_kkt_confirmed"":false,""projected_gradient_N"":0.0028559834398649286,""normalized_projected_gradient"":1.2693259732733016e-05,""accepted"":true}]",f141ffbd04ef138b9650f2a9878eed8fa60e248adf3e7f5898dbf890fce55fc4,d06c8aa5a844044b059518a454bb52ff40e1addc084e0ee363b3e8e1614a100f
D031,train,2.5142784405033494,10.0,6.357147989915217,2.4879840998470506,5.437655039552828,1.0,1.0,7.9,2.784435869528017,0.15,0.09382663314206997,0.3731751886767411,0.23723299005825765,0.0928453935885155,1.0,1.0,0.3524602366491161,0.05387087619490627,0.15,0.6,2.679161703559868,2.6789469371829413,0.6068124554060196,20.250731757153677,24.789263836008484,24.87140695030107,-0.075,2.441770489098815,True,True,0.0033262162287492902,1.4783183238885734e-05,841.0,CONVERGENCE: NORM OF PROJECTED GRADIENT <= PGTOL,L-BFGS-B,True,False,False,1,"[{""strain"":0.15,""subdivision"":1,""substep"":1,""optimizer_method"":""L-BFGS-B"",""selected_success"":true,""selected_message"":""CONVERGENCE: NORM OF PROJECTED GRADIENT <= PGTOL"",""selected_iterations"":841,""primary_success"":true,""primary_message"":""CONVERGENCE: NORM OF PROJECTED GRADIENT <= PGTOL"",""primary_iterations"":841,""fallback_used"":false,""fallback_success"":false,""fallback_message"":""not invoked"",""fallback_iterations"":0,""fallback_normalized_projected_gradient"":NaN,""independent_kkt_confirmed"":false,""projected_gradient_N"":0.0033262162287492902,""normalized_projected_gradient"":1.4783183238885734e-05,""accepted"":true}]",f141ffbd04ef138b9650f2a9878eed8fa60e248adf3e7f5898dbf890fce55fc4,d06c8aa5a844044b059518a454bb52ff40e1addc084e0ee363b3e8e1614a100f
D031,train,2.5142784405033494,10.0,6.357147989915217,2.4879840998470506,5.437655039552828,1.0,1.0,7.9,2.784435869528017,0.15,0.09382663314206997,0.3731751886767411,0.23723299005825765,0.0928453935885155,1.0,1.0,0.3524602366491161,0.05387087619490627,0.2,0.8,3.3095107628165934,3.3134151008205004,1.024850741013569,25.267666140104915,30.80048332964083,30.890520236650417,-0.075,2.3025486956224137,True,True,0.002233104922671217,9.92491076742763e-06,769.0,CONVERGENCE: NORM OF PROJECTED GRADIENT <= PGTOL,L-BFGS-B,True,False,False,1,"[{""strain"":0.2,""subdivision"":1,""substep"":1,""optimizer_method"":""L-BFGS-B"",""selected_success"":true,""selected_message"":""CONVERGENCE: NORM OF PROJECTED GRADIENT <= PGTOL"",""selected_iterations"":769,""primary_success"":true,""primary_message"":""CONVERGENCE: NORM OF PROJECTED GRADIENT <= PGTOL"",""primary_iterations"":769,""fallback_used"":false,""fallback_success"":false,""fallback_message"":""not invoked"",""fallback_iterations"":0,""fallback_normalized_projected_gradient"":NaN,""independent_kkt_confirmed"":false,""projected_gradient_N"":0.002233104922671217,""normalized_projected_gradient"":9.92491076742763e-06,""accepted"":true}]",f141ffbd04ef138b9650f2a9878eed8fa60e248adf3e7f5898dbf890fce55fc4,d06c8aa5a844044b059518a454bb52ff40e1addc084e0ee363b3e8e1614a100f
D032,test,0.15774365444090732,0.10514395819454302,10.0,0.1,9.035648037004448,1.0,1.0,7.866404255751125,3.9615041515031657,0.2463333749526157,0.00813173000735422,0.0054202007869854265,0.5155028286986,0.005155028286986,1.0,1.0,0.5035978348820442,0.0621817788223562,0.0,0.0,0.0,0.0,0.0,0.0,0.0,0.0,-0.12316668747630785,4.0846708389794735,True,True,0.0,0.0,0.0,undeformed reference,reference,True,False,False,1,[],f141ffbd04ef138b9650f2a9878eed8fa60e248adf3e7f5898dbf890fce55fc4,d06c8aa5a844044b059518a454bb52ff40e1addc084e0ee363b3e8e1614a100f
D032,test,0.15774365444090732,0.10514395819454302,10.0,0.1,9.035648037004448,1.0,1.0,7.866404255751125,3.9615041515031657,0.2463333749526157,0.00813173000735422,0.0054202007869854265,0.5155028286986,0.005155028286986,1.0,1.0,0.5035978348820442,0.0621817788223562,0.05,0.2,4.9805835620568635,4.977642126489514,0.5161176348290699,13.865217148699925,16.709151781341482,16.712477973349003,-0.12316668747630785,3.8865956314043153,True,True,0.005065388022897521,1.3708760939308072e-05,665.0,CONVERGENCE: NORM OF PROJECTED GRADIENT <= PGTOL,L-BFGS-B,True,False,False,1,"[{""strain"":0.05,""subdivision"":1,""substep"":1,""optimizer_method"":""L-BFGS-B"",""selected_success"":true,""selected_message"":""CONVERGENCE: NORM OF PROJECTED GRADIENT <= PGTOL"",""selected_iterations"":665,""primary_success"":true,""primary_message"":""CONVERGENCE: NORM OF PROJECTED GRADIENT <= PGTOL"",""primary_iterations"":665,""fallback_used"":false,""fallback_success"":false,""fallback_message"":""not invoked"",""fallback_iterations"":0,""fallback_normalized_projected_gradient"":NaN,""independent_kkt_confirmed"":false,""projected_gradient_N"":0.005065388022897521,""normalized_projected_gradient"":1.3708760939308072e-05,""accepted"":true}]",f141ffbd04ef138b9650f2a9878eed8fa60e248adf3e7f5898dbf890fce55fc4,d06c8aa5a844044b059518a454bb52ff40e1addc084e0ee363b3e8e1614a100f
D032,test,0.15774365444090732,0.10514395819454302,10.0,0.1,9.035648037004448,1.0,1.0,7.866404255751125,3.9615041515031657,0.2463333749526157,0.00813173000735422,0.0054202007869854265,0.5155028286986,0.005155028286986,1.0,1.0,0.5035978348820442,0.0621817788223562,0.1,0.4,8.567729338692116,8.572583130375634,1.8764042879822367,24.60313321949646,29.518293735930364,29.51829736209116,-0.12316668747630785,3.688520423829157,True,True,0.004864328035200538,1.316462033382263e-05,635.0,CONVERGENCE: NORM OF PROJECTED GRADIENT <= PGTOL,L-BFGS-B,True,False,False,1,"[{""strain"":0.1,""subdivision"":1,""substep"":1,""optimizer_method"":""L-BFGS-B"",""selected_success"":true,""selected_message"":""CONVERGENCE: NORM OF PROJECTED GRADIENT <= PGTOL"",""selected_iterations"":635,""primary_success"":true,""primary_message"":""CONVERGENCE: NORM OF PROJECTED GRADIENT <= PGTOL"",""primary_iterations"":635,""fallback_used"":false,""fallback_success"":false,""fallback_message"":""not invoked"",""fallback_iterations"":0,""fallback_normalized_projected_gradient"":NaN,""independent_kkt_confirmed"":false,""projected_gradient_N"":0.004864328035200538,""normalized_projected_gradient"":1.316462033382263e-05,""accepted"":true}]",f141ffbd04ef138b9650f2a9878eed8fa60e248adf3e7f5898dbf890fce55fc4,d06c8aa5a844044b059518a454bb52ff40e1addc084e0ee363b3e8e1614a100f
D032,test,0.15774365444090732,0.10514395819454302,10.0,0.1,9.035648037004448,1.0,1.0,7.866404255751125,3.9615041515031657,0.2463333749526157,0.00813173000735422,0.0054202007869854265,0.5155028286986,0.005155028286986,1.0,1.0,0.5035978348820442,0.0621817788223562,0.15,0.6,11.045669569675253,11.044352752499254,3.8343516151533725,32.22492333462728,38.51023636825527,38.5103482387579,-0.12316668747630785,3.4904452162539985,True,True,0.0054897481012030624,1.485723186382157e-05,513.0,CONVERGENCE: NORM OF PROJECTED GRADIENT <= PGTOL,L-BFGS-B,True,False,False,1,"[{""strain"":0.15,""subdivision"":1,""substep"":1,""optimizer_method"":""L-BFGS-B"",""selected_success"":true,""selected_message"":""CONVERGENCE: NORM OF PROJECTED GRADIENT <= PGTOL"",""selected_iterations"":513,""primary_success"":true,""primary_message"":""CONVERGENCE: NORM OF PROJECTED GRADIENT <= PGTOL"",""primary_iterations"":513,""fallback_used"":false,""fallback_success"":false,""fallback_message"":""not invoked"",""fallback_iterations"":0,""fallback_normalized_projected_gradient"":NaN,""independent_kkt_confirmed"":false,""projected_gradient_N"":0.0054897481012030624,""normalized_projected_gradient"":1.485723186382157e-05,""accepted"":true}]",f141ffbd04ef138b9650f2a9878eed8fa60e248adf3e7f5898dbf890fce55fc4,d06c8aa5a844044b059518a454bb52ff40e1addc084e0ee363b3e8e1614a100f
D032,test,0.15774365444090732,0.10514395819454302,10.0,0.1,9.035648037004448,1.0,1.0,7.866404255751125,3.9615041515031657,0.2463333749526157,0.00813173000735422,0.0054202007869854265,0.5155028286986,0.005155028286986,1.0,1.0,0.5035978348820442,0.0621817788223562,0.2,0.8,12.742176148866136,12.740860419981473,6.201886539935393,37.499679180902326,44.6464505468805,44.6483281392237,-0.12316668747630785,3.2923700086788403,True,True,0.004780174269465753,1.2936869991423235e-05,592.0,CONVERGENCE: NORM OF PROJECTED GRADIENT <= PGTOL,L-BFGS-B,True,False,False,1,"[{""strain"":0.2,""subdivision"":1,""substep"":1,""optimizer_method"":""L-BFGS-B"",""selected_success"":true,""selected_message"":""CONVERGENCE: NORM OF PROJECTED GRADIENT <= PGTOL"",""selected_iterations"":592,""primary_success"":true,""primary_message"":""CONVERGENCE: NORM OF PROJECTED GRADIENT <= PGTOL"",""primary_iterations"":592,""fallback_used"":false,""fallback_success"":false,""fallback_message"":""not invoked"",""fallback_iterations"":0,""fallback_normalized_projected_gradient"":NaN,""independent_kkt_confirmed"":false,""projected_gradient_N"":0.004780174269465753,""normalized_projected_gradient"":1.2936869991423235e-05,""accepted"":true}]",f141ffbd04ef138b9650f2a9878eed8fa60e248adf3e7f5898dbf890fce55fc4,d06c8aa5a844044b059518a454bb52ff40e1addc084e0ee363b3e8e1614a100f
D033,train,0.24083998161729578,3.363682571518929,10.0,0.1,5.948284419248143,0.0,0.042862014332392784,7.9,4.0,0.19768246693400882,0.012254737043706687,0.17115532535609246,0.5088331663793243,0.005088331663793243,0.0,0.042862014332392784,0.5063291139240506,0.049420616733502204,0.0,0.0,0.0,0.0,0.0,0.0,0.0,0.0,-0.09884123346700441,4.098841233467004,True,True,0.0,0.0,0.0,undeformed reference,reference,True,False,False,1,[],f141ffbd04ef138b9650f2a9878eed8fa60e248adf3e7f5898dbf890fce55fc4,d06c8aa5a844044b059518a454bb52ff40e1addc084e0ee363b3e8e1614a100f
D033,train,0.24083998161729578,3.363682571518929,10.0,0.1,5.948284419248143,0.0,0.042862014332392784,7.9,4.0,0.19768246693400882,0.012254737043706687,0.17115532535609246,0.5088331663793243,0.005088331663793243,0.0,0.042862014332392784,0.5063291139240506,0.049420616733502204,0.05,0.2,2.736496055797505,2.7368137112859503,0.2868000077565839,11.924187652736622,15.07444389448106,15.177998787128839,-0.09884123346700441,3.898841233467004,True,True,0.004259593108239645,1.4365101684887412e-05,760.0,CONVERGENCE: NORM OF PROJECTED GRADIENT <= PGTOL,L-BFGS-B,True,False,False,1,"[{""strain"":0.05,""subdivision"":1,""substep"":1,""optimizer_method"":""L-BFGS-B"",""selected_success"":true,""selected_message"":""CONVERGENCE: NORM OF PROJECTED GRADIENT <= PGTOL"",""selected_iterations"":760,""primary_success"":true,""primary_message"":""CONVERGENCE: NORM OF PROJECTED GRADIENT <= PGTOL"",""primary_iterations"":760,""fallback_used"":false,""fallback_success"":false,""fallback_message"":""not invoked"",""fallback_iterations"":0,""fallback_normalized_projected_gradient"":NaN,""independent_kkt_confirmed"":false,""projected_gradient_N"":0.004259593108239645,""normalized_projected_gradient"":1.4365101684887412e-05,""accepted"":true}]",f141ffbd04ef138b9650f2a9878eed8fa60e248adf3e7f5898dbf890fce55fc4,d06c8aa5a844044b059518a454bb52ff40e1addc084e0ee363b3e8e1614a100f
D033,train,0.24083998161729578,3.363682571518929,10.0,0.1,5.948284419248143,0.0,0.042862014332392784,7.9,4.0,0.19768246693400882,0.012254737043706687,0.17115532535609246,0.5088331663793243,0.005088331663793243,0.0,0.042862014332392784,0.5063291139240506,0.049420616733502204,0.1,0.4,4.730024414857194,4.723822140189023,1.0429688977746798,21.411062104446618,26.793967669138432,26.93815392308868,-0.09884123346700441,3.698841233467004,True,True,0.0034293168977845845,1.156506846888407e-05,688.0,CONVERGENCE: NORM OF PROJECTED GRADIENT <= PGTOL,L-BFGS-B,True,False,False,1,"[{""strain"":0.1,""subdivision"":1,""substep"":1,""optimizer_method"":""L-BFGS-B"",""selected_success"":true,""selected_message"":""CONVERGENCE: NORM OF PROJECTED GRADIENT <= PGTOL"",""selected_iterations"":688,""primary_success"":true,""primary_message"":""CONVERGENCE: NORM OF PROJECTED GRADIENT <= PGTOL"",""primary_iterations"":688,""fallback_used"":false,""fallback_success"":false,""fallback_message"":""not invoked"",""fallback_iterations"":0,""fallback_normalized_projected_gradient"":NaN,""independent_kkt_confirmed"":false,""projected_gradient_N"":0.0034293168977845845,""normalized_projected_gradient"":1.156506846888407e-05,""accepted"":true}]",f141ffbd04ef138b9650f2a9878eed8fa60e248adf3e7f5898dbf890fce55fc4,d06c8aa5a844044b059518a454bb52ff40e1addc084e0ee363b3e8e1614a100f
D033,train,0.24083998161729578,3.363682571518929,10.0,0.1,5.948284419248143,0.0,0.042862014332392784,7.9,4.0,0.19768246693400882,0.012254737043706687,0.17115532535609246,0.5088331663793243,0.005088331663793243,0.0,0.042862014332392784,0.5063291139240506,0.049420616733502204,0.15,0.6,6.177382174153302,6.18013550285728,2.1399807190305653,28.527038537434567,35.19469458891169,35.30285459070141,-0.09884123346700441,3.498841233467004,True,True,0.003287473494326232,1.1086714113847605e-05,617.0,CONVERGENCE: NORM OF PROJECTED GRADIENT <= PGTOL,L-BFGS-B,True,False,False,1,"[{""strain"":0.15,""subdivision"":1,""substep"":1,""optimizer_method"":""L-BFGS-B"",""selected_success"":true,""selected_message"":""CONVERGENCE: NORM OF PROJECTED GRADIENT <= PGTOL"",""selected_iterations"":617,""primary_success"":true,""primary_message"":""CONVERGENCE: NORM OF PROJECTED GRADIENT <= PGTOL"",""primary_iterations"":617,""fallback_used"":false,""fallback_success"":false,""fallback_message"":""not invoked"",""fallback_iterations"":0,""fallback_normalized_projected_gradient"":NaN,""independent_kkt_confirmed"":false,""projected_gradient_N"":0.003287473494326232,""normalized_projected_gradient"":1.1086714113847605e-05,""accepted"":true}]",f141ffbd04ef138b9650f2a9878eed8fa60e248adf3e7f5898dbf890fce55fc4,d06c8aa5a844044b059518a454bb52ff40e1addc084e0ee363b3e8e1614a100f
D033,train,0.24083998161729578,3.363682571518929,10.0,0.1,5.948284419248143,0.0,0.042862014332392784,7.9,4.0,0.19768246693400882,0.012254737043706687,0.17115532535609246,0.5088331663793243,0.005088331663793243,0.0,0.042862014332392784,0.5063291139240506,0.049420616733502204,0.2,0.8,7.377699892162166,7.374195748364615,3.5036724579818648,33.78352792353532,41.266919338652315,41.542868146723706,-0.09884123346700441,3.2988412334670043,True,True,0.002955145963064787,9.96596885533366e-06,675.0,CONVERGENCE: NORM OF PROJECTED GRADIENT <= PGTOL,L-BFGS-B,True,False,False,1,"[{""strain"":0.2,""subdivision"":1,""substep"":1,""optimizer_method"":""L-BFGS-B"",""selected_success"":true,""selected_message"":""CONVERGENCE: NORM OF PROJECTED GRADIENT <= PGTOL"",""selected_iterations"":675,""primary_success"":true,""primary_message"":""CONVERGENCE: NORM OF PROJECTED GRADIENT <= PGTOL"",""primary_iterations"":675,""fallback_used"":false,""fallback_success"":false,""fallback_message"":""not invoked"",""fallback_iterations"":0,""fallback_normalized_projected_gradient"":NaN,""independent_kkt_confirmed"":false,""projected_gradient_N"":0.002955145963064787,""normalized_projected_gradient"":9.96596885533366e-06,""accepted"":true}]",f141ffbd04ef138b9650f2a9878eed8fa60e248adf3e7f5898dbf890fce55fc4,d06c8aa5a844044b059518a454bb52ff40e1addc084e0ee363b3e8e1614a100f
D034,train,0.5469423574672574,10.0,7.867677723318696,5.285322266425222,6.243432905889311,0.5399648497399532,0.5966390209500724,7.9,2.2739607301242692,0.15637120622328216,0.018265888626253793,0.3339636869749529,0.26275186604102146,0.17651057109461812,0.5399648497399532,0.5966390209500724,0.2878431303954771,0.06876600996303778,0.0,0.0,0.0,0.0,0.0,0.0,0.0,0.0,-0.07818560311164108,2.3521463332359103,True,True,0.0,0.0,0.0,undeformed reference,reference,True,False,False,1,[],f141ffbd04ef138b9650f2a9878eed8fa60e248adf3e7f5898dbf890fce55fc4,d06c8aa5a844044b059518a454bb52ff40e1addc084e0ee363b3e8e1614a100f
D034,train,0.5469423574672574,10.0,7.867677723318696,5.285322266425222,6.243432905889311,0.5399648497399532,0.5966390209500724,7.9,2.2739607301242692,0.15637120622328216,0.018265888626253793,0.3339636869749529,0.26275186604102146,0.17651057109461812,0.5399648497399532,0.5966390209500724,0.2878431303954771,0.06876600996303778,0.05,0.2,0.9888101878249809,0.9900344311227643,0.05755190509127036,6.613379513008937,8.049649721136745,8.064141720109935,-0.07818560311164108,2.238448296729697,True,True,0.0025420758873383464,1.0837783369181668e-05,547.0,CONVERGENCE: NORM OF PROJECTED GRADIENT <= PGTOL,L-BFGS-B,True,False,False,1,"[{""strain"":0.05,""subdivision"":1,""substep"":1,""optimizer_method"":""L-BFGS-B"",""selected_success"":true,""selected_message"":""CONVERGENCE: NORM OF PROJECTED GRADIENT <= PGTOL"",""selected_iterations"":547,""primary_success"":true,""primary_message"":""CONVERGENCE: NORM OF PROJECTED GRADIENT <= PGTOL"",""primary_iterations"":547,""fallback_used"":false,""fallback_success"":false,""fallback_message"":""not invoked"",""fallback_iterations"":0,""fallback_normalized_projected_gradient"":NaN,""independent_kkt_confirmed"":false,""projected_gradient_N"":0.0025420758873383464,""normalized_projected_gradient"":1.0837783369181668e-05,""accepted"":true}]",f141ffbd04ef138b9650f2a9878eed8fa60e248adf3e7f5898dbf890fce55fc4,d06c8aa5a844044b059518a454bb52ff40e1addc084e0ee363b3e8e1614a100f
D034,train,0.5469423574672574,10.0,7.867677723318696,5.285322266425222,6.243432905889311,0.5399648497399532,0.5966390209500724,7.9,2.2739607301242692,0.15637120622328216,0.018265888626253793,0.3339636869749529,0.26275186604102146,0.17651057109461812,0.5399648497399532,0.5966390209500724,0.2878431303954771,0.06876600996303778,0.1,0.4,1.8905384622292678,1.8889110723509477,0.22218409387443605,12.760237222456428,15.499776176934555,15.5269054510998,-0.07818560311164108,2.1247502602234833,True,True,0.003336406456712626,1.422430014363206e-05,610.0,CONVERGENCE: NORM OF PROJECTED GRADIENT <= PGTOL,L-BFGS-B,True,False,False,1,"[{""strain"":0.1,""subdivision"":1,""substep"":1,""optimizer_method"":""L-BFGS-B"",""selected_success"":true,""selected_message"":""CONVERGENCE: NORM OF PROJECTED GRADIENT <= PGTOL"",""selected_iterations"":610,""primary_success"":true,""primary_message"":""CONVERGENCE: NORM OF PROJECTED GRADIENT <= PGTOL"",""primary_iterations"":610,""fallback_used"":false,""fallback_success"":false,""fallback_message"":""not invoked"",""fallback_iterations"":0,""fallback_normalized_projected_gradient"":NaN,""independent_kkt_confirmed"":false,""projected_gradient_N"":0.003336406456712626,""normalized_projected_gradient"":1.422430014363206e-05,""accepted"":true}]",f141ffbd04ef138b9650f2a9878eed8fa60e248adf3e7f5898dbf890fce55fc4,d06c8aa5a844044b059518a454bb52ff40e1addc084e0ee363b3e8e1614a100f
D034,train,0.5469423574672574,10.0,7.867677723318696,5.285322266425222,6.243432905889311,0.5399648497399532,0.5966390209500724,7.9,2.2739607301242692,0.15637120622328216,0.018265888626253793,0.3339636869749529,0.26275186604102146,0.17651057109461812,0.5399648497399532,0.5966390209500724,0.2878431303954771,0.06876600996303778,0.15,0.6,2.6752189073145463,2.674782172469445,0.4822269984872325,18.282640455872084,22.149404813212204,22.180696484314495,-0.07818560311164108,2.01105222371727,True,True,0.0025262539996979694,1.0770328974294393e-05,657.0,CONVERGENCE: NORM OF PROJECTED GRADIENT <= PGTOL,L-BFGS-B,True,False,False,1,"[{""strain"":0.15,""subdivision"":1,""substep"":1,""optimizer_method"":""L-BFGS-B"",""selected_success"":true,""selected_message"":""CONVERGENCE: NORM OF PROJECTED GRADIENT <= PGTOL"",""selected_iterations"":657,""primary_success"":true,""primary_message"":""CONVERGENCE: NORM OF PROJECTED GRADIENT <= PGTOL"",""primary_iterations"":657,""fallback_used"":false,""fallback_success"":false,""fallback_message"":""not invoked"",""fallback_iterations"":0,""fallback_normalized_projected_gradient"":NaN,""independent_kkt_confirmed"":false,""projected_gradient_N"":0.0025262539996979694,""normalized_projected_gradient"":1.0770328974294393e-05,""accepted"":true}]",f141ffbd04ef138b9650f2a9878eed8fa60e248adf3e7f5898dbf890fce55fc4,d06c8aa5a844044b059518a454bb52ff40e1addc084e0ee363b3e8e1614a100f
D034,train,0.5469423574672574,10.0,7.867677723318696,5.285322266425222,6.243432905889311,0.5399648497399532,0.5966390209500724,7.9,2.2739607301242692,0.15637120622328216,0.018265888626253793,0.3339636869749529,0.26275186604102146,0.17651057109461812,0.5399648497399532,0.5966390209500724,0.2878431303954771,0.06876600996303778,0.2,0.8,3.368241437138371,3.363601330606022,0.8266647695568259,23.145719823706155,27.961843287709982,27.995639108183713,-0.07818560311164108,1.8973541872110564,True,True,0.0027451662553779066,1.1703630617937375e-05,769.0,CONVERGENCE: NORM OF PROJECTED GRADIENT <= PGTOL,L-BFGS-B,True,False,False,1,"[{""strain"":0.2,""subdivision"":1,""substep"":1,""optimizer_method"":""L-BFGS-B"",""selected_success"":true,""selected_message"":""CONVERGENCE: NORM OF PROJECTED GRADIENT <= PGTOL"",""selected_iterations"":769,""primary_success"":true,""primary_message"":""CONVERGENCE: NORM OF PROJECTED GRADIENT <= PGTOL"",""primary_iterations"":769,""fallback_used"":false,""fallback_success"":false,""fallback_message"":""not invoked"",""fallback_iterations"":0,""fallback_normalized_projected_gradient"":NaN,""independent_kkt_confirmed"":false,""projected_gradient_N"":0.0027451662553779066,""normalized_projected_gradient"":1.1703630617937375e-05,""accepted"":true}]",f141ffbd04ef138b9650f2a9878eed8fa60e248adf3e7f5898dbf890fce55fc4,d06c8aa5a844044b059518a454bb52ff40e1addc084e0ee363b3e8e1614a100f
D035,train,0.1,7.264934885350417,9.358968173625874,3.609759374491433,6.869289211912336,0.0,0.0,7.9,2.5538565761935037,0.15,0.003676071674265658,0.26706421347421094,0.34404237803419874,0.13269734187482876,0.0,0.0,0.3232729843282916,0.05873470006039783,0.0,0.0,0.0,0.0,0.0,0.0,0.0,0.0,-0.075,2.628856576193504,True,True,0.0,0.0,0.0,undeformed reference,reference,True,False,False,1,[],f141ffbd04ef138b9650f2a9878eed8fa60e248adf3e7f5898dbf890fce55fc4,d06c8aa5a844044b059518a454bb52ff40e1addc084e0ee363b3e8e1614a100f
D035,train,0.1,7.264934885350417,9.358968173625874,3.609759374491433,6.869289211912336,0.0,0.0,7.9,2.5538565761935037,0.15,0.003676071674265658,0.26706421347421094,0.34404237803419874,0.13269734187482876,0.0,0.0,0.3232729843282916,0.05873470006039783,0.05,0.2,0.8775710312199835,0.8776707510235608,0.0572126603171423,6.695196044293349,8.235469549802438,8.288223756146012,-0.075,2.5011637473838286,True,True,0.002560345509002415,1.1379313373344068e-05,745.0,CONVERGENCE: NORM OF PROJECTED GRADIENT <= PGTOL,L-BFGS-B,True,False,False,1,"[{""strain"":0.05,""subdivision"":1,""substep"":1,""optimizer_method"":""L-BFGS-B"",""selected_success"":true,""selected_message"":""CONVERGENCE: NORM OF PROJECTED GRADIENT <= PGTOL"",""selected_iterations"":745,""primary_success"":true,""primary_message"":""CONVERGENCE: NORM OF PROJECTED GRADIENT <= PGTOL"",""primary_iterations"":745,""fallback_used"":false,""fallback_success"":false,""fallback_message"":""not invoked"",""fallback_iterations"":0,""fallback_normalized_projected_gradient"":NaN,""independent_kkt_confirmed"":false,""projected_gradient_N"":0.002560345509002415,""normalized_projected_gradient"":1.1379313373344068e-05,""accepted"":true}]",f141ffbd04ef138b9650f2a9878eed8fa60e248adf3e7f5898dbf890fce55fc4,d06c8aa5a844044b059518a454bb52ff40e1addc084e0ee363b3e8e1614a100f
D035,train,0.1,7.264934885350417,9.358968173625874,3.609759374491433,6.869289211912336,0.0,0.0,7.9,2.5538565761935037,0.15,0.003676071674265658,0.26706421347421094,0.34404237803419874,0.13269734187482876,0.0,0.0,0.3232729843282916,0.05873470006039783,0.1,0.4,1.6549689847980893,1.652038550856761,0.220233210371139,12.865891321446393,15.747532814828451,15.828558403632167,-0.075,2.3734709185741534,True,True,0.0032714608081428898,1.4539825813968399e-05,827.0,CONVERGENCE: NORM OF PROJECTED GRADIENT <= PGTOL,L-BFGS-B,True,False,False,1,"[{""strain"":0.1,""subdivision"":1,""substep"":1,""optimizer_method"":""L-BFGS-B"",""selected_success"":true,""selected_message"":""CONVERGENCE: NORM OF PROJECTED GRADIENT <= PGTOL"",""selected_iterations"":827,""primary_success"":true,""primary_message"":""CONVERGENCE: NORM OF PROJECTED GRADIENT <= PGTOL"",""primary_iterations"":827,""fallback_used"":false,""fallback_success"":false,""fallback_message"":""not invoked"",""fallback_iterations"":0,""fallback_normalized_projected_gradient"":NaN,""independent_kkt_confirmed"":false,""projected_gradient_N"":0.0032714608081428898,""normalized_projected_gradient"":1.4539825813968399e-05,""accepted"":true}]",f141ffbd04ef138b9650f2a9878eed8fa60e248adf3e7f5898dbf890fce55fc4,d06c8aa5a844044b059518a454bb52ff40e1addc084e0ee363b3e8e1614a100f
D035,train,0.1,7.264934885350417,9.358968173625874,3.609759374491433,6.869289211912336,0.0,0.0,7.9,2.5538565761935037,0.15,0.003676071674265658,0.26706421347421094,0.34404237803419874,0.13269734187482876,0.0,0.0,0.3232729843282916,0.05873470006039783,0.15,0.6,2.3429137202404076,2.3473958366922107,0.47665372289722585,18.391206593724846,22.438269944313262,22.539946250087418,-0.075,2.245778089764478,True,True,0.0031011577389157274,1.37829232840699e-05,782.0,CONVERGENCE: NORM OF PROJECTED GRADIENT <= PGTOL,L-BFGS-B,True,False,False,1,"[{""strain"":0.15,""subdivision"":1,""substep"":1,""optimizer_method"":""L-BFGS-B"",""selected_success"":true,""selected_message"":""CONVERGENCE: NORM OF PROJECTED GRADIENT <= PGTOL"",""selected_iterations"":782,""primary_success"":true,""primary_message"":""CONVERGENCE: NORM OF PROJECTED GRADIENT <= PGTOL"",""primary_iterations"":782,""fallback_used"":false,""fallback_success"":false,""fallback_message"":""not invoked"",""fallback_iterations"":0,""fallback_normalized_projected_gradient"":NaN,""independent_kkt_confirmed"":false,""projected_gradient_N"":0.0031011577389157274,""normalized_projected_gradient"":1.37829232840699e-05,""accepted"":true}]",f141ffbd04ef138b9650f2a9878eed8fa60e248adf3e7f5898dbf890fce55fc4,d06c8aa5a844044b059518a454bb52ff40e1addc084e0ee363b3e8e1614a100f
D035,train,0.1,7.264934885350417,9.358968173625874,3.609759374491433,6.869289211912336,0.0,0.0,7.9,2.5538565761935037,0.15,0.003676071674265658,0.26706421347421094,0.34404237803419874,0.13269734187482876,0.0,0.0,0.3232729843282916,0.05873470006039783,0.2,0.8,2.941186984435748,2.9416111665111484,0.814932217675489,23.226982221527027,28.249791094770895,28.362895025219736,-0.075,2.1180852609548033,True,True,0.0029925471376857637,1.3300209500825616e-05,617.0,CONVERGENCE: NORM OF PROJECTED GRADIENT <= PGTOL,L-BFGS-B,True,False,False,1,"[{""strain"":0.2,""subdivision"":1,""substep"":1,""optimizer_method"":""L-BFGS-B"",""selected_success"":true,""selected_message"":""CONVERGENCE: NORM OF PROJECTED GRADIENT <= PGTOL"",""selected_iterations"":617,""primary_success"":true,""primary_message"":""CONVERGENCE: NORM OF PROJECTED GRADIENT <= PGTOL"",""primary_iterations"":617,""fallback_used"":false,""fallback_success"":false,""fallback_message"":""not invoked"",""fallback_iterations"":0,""fallback_normalized_projected_gradient"":NaN,""independent_kkt_confirmed"":false,""projected_gradient_N"":0.0029925471376857637,""normalized_projected_gradient"":1.3300209500825616e-05,""accepted"":true}]",f141ffbd04ef138b9650f2a9878eed8fa60e248adf3e7f5898dbf890fce55fc4,d06c8aa5a844044b059518a454bb52ff40e1addc084e0ee363b3e8e1614a100f
D036,test,0.1,0.2080283648767125,9.625798251157763,0.1,9.515070281527665,0.27110356208526604,0.05538976796880475,7.866500043485275,4.0,0.25,0.005115378147626867,0.010641437517768835,0.49239598027437326,0.005115378147626867,0.27110356208526604,0.05538976796880475,0.5084853464550149,0.0625,0.0,0.0,0.0,0.0,0.0,0.0,0.0,0.0,-0.125,4.125,True,True,0.0,0.0,0.0,undeformed reference,reference,True,False,False,1,[],f141ffbd04ef138b9650f2a9878eed8fa60e248adf3e7f5898dbf890fce55fc4,d06c8aa5a844044b059518a454bb52ff40e1addc084e0ee363b3e8e1614a100f
D036,test,0.1,0.2080283648767125,9.625798251157763,0.1,9.515070281527665,0.27110356208526604,0.05538976796880475,7.866500043485275,4.0,0.25,0.005115378147626867,0.010641437517768835,0.49239598027437326,0.005115378147626867,0.27110356208526604,0.05538976796880475,0.5084853464550149,0.0625,0.05,0.2,5.965051049520255,5.963790556303387,0.6357723893491729,15.054770100183788,18.653686830434278,18.65508243276713,-0.125,3.925,True,True,0.002886522640960093,7.697393709226915e-06,650.0,CONVERGENCE: NORM OF PROJECTED GRADIENT <= PGTOL,L-BFGS-B,True,False,False,1,"[{""strain"":0.05,""subdivision"":1,""substep"":1,""optimizer_method"":""L-BFGS-B"",""selected_success"":true,""selected_message"":""CONVERGENCE: NORM OF PROJECTED GRADIENT <= PGTOL"",""selected_iterations"":650,""primary_success"":true,""primary_message"":""CONVERGENCE: NORM OF PROJECTED GRADIENT <= PGTOL"",""primary_iterations"":650,""fallback_used"":false,""fallback_success"":false,""fallback_message"":""not invoked"",""fallback_iterations"":0,""fallback_normalized_projected_gradient"":NaN,""independent_kkt_confirmed"":false,""projected_gradient_N"":0.002886522640960093,""normalized_projected_gradient"":7.697393709226915e-06,""accepted"":true}]",f141ffbd04ef138b9650f2a9878eed8fa60e248adf3e7f5898dbf890fce55fc4,d06c8aa5a844044b059518a454bb52ff40e1addc084e0ee363b3e8e1614a100f
D036,test,0.1,0.2080283648767125,9.625798251157763,0.1,9.515070281527665,0.27110356208526604,0.05538976796880475,7.866500043485275,4.0,0.25,0.005115378147626867,0.010641437517768835,0.49239598027437326,0.005115378147626867,0.27110356208526604,0.05538976796880475,0.5084853464550149,0.0625,0.1,0.4,9.948007502137253,9.952433056503985,2.2595641473929744,26.18359944882963,32.1722829283626,32.172545841812514,-0.125,3.725,True,True,0.00482432807040567,1.286487485441512e-05,633.0,CONVERGENCE: NORM OF PROJECTED GRADIENT <= PGTOL,L-BFGS-B,True,False,False,1,"[{""strain"":0.1,""subdivision"":1,""substep"":1,""optimizer_method"":""L-BFGS-B"",""selected_success"":true,""selected_message"":""CONVERGENCE: NORM OF PROJECTED GRADIENT <= PGTOL"",""selected_iterations"":633,""primary_success"":true,""primary_message"":""CONVERGENCE: NORM OF PROJECTED GRADIENT <= PGTOL"",""primary_iterations"":633,""fallback_used"":false,""fallback_success"":false,""fallback_message"":""not invoked"",""fallback_iterations"":0,""fallback_normalized_projected_gradient"":NaN,""independent_kkt_confirmed"":false,""projected_gradient_N"":0.00482432807040567,""normalized_projected_gradient"":1.286487485441512e-05,""accepted"":true}]",f141ffbd04ef138b9650f2a9878eed8fa60e248adf3e7f5898dbf890fce55fc4,d06c8aa5a844044b059518a454bb52ff40e1addc084e0ee363b3e8e1614a100f
D036,test,0.1,0.2080283648767125,9.625798251157763,0.1,9.515070281527665,0.27110356208526604,0.05538976796880475,7.866500043485275,4.0,0.25,0.005115378147626867,0.010641437517768835,0.49239598027437326,0.005115378147626867,0.27110356208526604,0.05538976796880475,0.5084853464550149,0.0625,0.15,0.6,12.571517661372328,12.576198952414796,4.532427269758937,33.75879359566296,41.16403588488819,41.16467678170149,-0.125,3.525,True,True,0.004732004989031147,1.2618679970749725e-05,650.0,CONVERGENCE: NORM OF PROJECTED GRADIENT <= PGTOL,L-BFGS-B,True,False,False,1,"[{""strain"":0.15,""subdivision"":1,""substep"":1,""optimizer_method"":""L-BFGS-B"",""selected_success"":true,""selected_message"":""CONVERGENCE: NORM OF PROJECTED GRADIENT <= PGTOL"",""selected_iterations"":650,""primary_success"":true,""primary_message"":""CONVERGENCE: NORM OF PROJECTED GRADIENT <= PGTOL"",""primary_iterations"":650,""fallback_used"":false,""fallback_success"":false,""fallback_message"":""not invoked"",""fallback_iterations"":0,""fallback_normalized_projected_gradient"":NaN,""independent_kkt_confirmed"":false,""projected_gradient_N"":0.004732004989031147,""normalized_projected_gradient"":1.2618679970749725e-05,""accepted"":true}]",f141ffbd04ef138b9650f2a9878eed8fa60e248adf3e7f5898dbf890fce55fc4,d06c8aa5a844044b059518a454bb52ff40e1addc084e0ee363b3e8e1614a100f
D036,test,0.1,0.2080283648767125,9.625798251157763,0.1,9.515070281527665,0.27110356208526604,0.05538976796880475,7.866500043485275,4.0,0.25,0.005115378147626867,0.010641437517768835,0.49239598027437326,0.005115378147626867,0.27110356208526604,0.05538976796880475,0.5084853464550149,0.0625,0.2,0.8,14.207588598135462,14.21054518637155,7.221662879134122,38.827702964669776,47.03374818966771,47.03407865250166,-0.125,3.325,True,True,0.003996491787886303,1.0657311434363473e-05,693.0,CONVERGENCE: NORM OF PROJECTED GRADIENT <= PGTOL,L-BFGS-B,True,False,False,1,"[{""strain"":0.2,""subdivision"":1,""substep"":1,""optimizer_method"":""L-BFGS-B"",""selected_success"":true,""selected_message"":""CONVERGENCE: NORM OF PROJECTED GRADIENT <= PGTOL"",""selected_iterations"":693,""primary_success"":true,""primary_message"":""CONVERGENCE: NORM OF PROJECTED GRADIENT <= PGTOL"",""primary_iterations"":693,""fallback_used"":false,""fallback_success"":false,""fallback_message"":""not invoked"",""fallback_iterations"":0,""fallback_normalized_projected_gradient"":NaN,""independent_kkt_confirmed"":false,""projected_gradient_N"":0.003996491787886303,""normalized_projected_gradient"":1.0657311434363473e-05,""accepted"":true}]",f141ffbd04ef138b9650f2a9878eed8fa60e248adf3e7f5898dbf890fce55fc4,d06c8aa5a844044b059518a454bb52ff40e1addc084e0ee363b3e8e1614a100f
D037,train,9.888474962601922,0.1,10.0,0.1,10.0,0.0,0.010876892997292392,7.84722300522856,2.5528561154644636,0.232814067294937,0.3286465989018278,0.003323531688604813,0.3323531688604813,0.003323531688604813,0.0,0.010876892997292392,0.32531968490808916,0.09119748891628351,0.0,0.0,0.0,0.0,0.0,0.0,0.0,0.0,-0.1164070336474685,2.669263149111932,True,True,0.0,0.0,0.0,undeformed reference,reference,True,False,False,1,[],f141ffbd04ef138b9650f2a9878eed8fa60e248adf3e7f5898dbf890fce55fc4,d06c8aa5a844044b059518a454bb52ff40e1addc084e0ee363b3e8e1614a100f
D037,train,9.888474962601922,0.1,10.0,0.1,10.0,0.0,0.010876892997292392,7.84722300522856,2.5528561154644636,0.232814067294937,0.3286465989018278,0.003323531688604813,0.3323531688604813,0.003323531688604813,0.0,0.010876892997292392,0.32531968490808916,0.09119748891628351,0.05,0.2,2.8711571537472977,2.8735668977214304,0.18612967847374357,9.181264795609922,11.535279478751242,11.536110464289948,-0.1164070336474685,2.541620343338709,True,True,0.00507297157776565,1.4526532228653329e-05,597.0,CONVERGENCE: NORM OF PROJECTED GRADIENT <= PGTOL,L-BFGS-B,True,False,False,1,"[{""strain"":0.05,""subdivision"":1,""substep"":1,""optimizer_method"":""L-BFGS-B"",""selected_success"":true,""selected_message"":""CONVERGENCE: NORM OF PROJECTED GRADIENT <= PGTOL"",""selected_iterations"":597,""primary_success"":true,""primary_message"":""CONVERGENCE: NORM OF PROJECTED GRADIENT <= PGTOL"",""primary_iterations"":597,""fallback_used"":false,""fallback_success"":false,""fallback_message"":""not invoked"",""fallback_iterations"":0,""fallback_normalized_projected_gradient"":NaN,""independent_kkt_confirmed"":false,""projected_gradient_N"":0.00507297157776565,""normalized_projected_gradient"":1.4526532228653329e-05,""accepted"":true}]",f141ffbd04ef138b9650f2a9878eed8fa60e248adf3e7f5898dbf890fce55fc4,d06c8aa5a844044b059518a454bb52ff40e1addc084e0ee363b3e8e1614a100f
D037,train,9.888474962601922,0.1,10.0,0.1,10.0,0.0,0.010876892997292392,7.84722300522856,2.5528561154644636,0.232814067294937,0.3286465989018278,0.003323531688604813,0.3323531688604813,0.003323531688604813,0.0,0.010876892997292392,0.32531968490808916,0.09119748891628351,0.1,0.4,5.399507142127123,5.4012496499730815,0.7172443773184485,17.37055276301145,21.704743487454657,21.707017824641678,-0.1164070336474685,2.4139775375654855,True,True,0.004618542976288165,1.3225268930842376e-05,576.0,CONVERGENCE: NORM OF PROJECTED GRADIENT <= PGTOL,L-BFGS-B,True,False,False,1,"[{""strain"":0.1,""subdivision"":1,""substep"":1,""optimizer_method"":""L-BFGS-B"",""selected_success"":true,""selected_message"":""CONVERGENCE: NORM OF PROJECTED GRADIENT <= PGTOL"",""selected_iterations"":576,""primary_success"":true,""primary_message"":""CONVERGENCE: NORM OF PROJECTED GRADIENT <= PGTOL"",""primary_iterations"":576,""fallback_used"":false,""fallback_success"":false,""fallback_message"":""not invoked"",""fallback_iterations"":0,""fallback_normalized_projected_gradient"":NaN,""independent_kkt_confirmed"":false,""projected_gradient_N"":0.004618542976288165,""normalized_projected_gradient"":1.3225268930842376e-05,""accepted"":true}]",f141ffbd04ef138b9650f2a9878eed8fa60e248adf3e7f5898dbf890fce55fc4,d06c8aa5a844044b059518a454bb52ff40e1addc084e0ee363b3e8e1614a100f
D037,train,9.888474962601922,0.1,10.0,0.1,10.0,0.0,0.010876892997292392,7.84722300522856,2.5528561154644636,0.232814067294937,0.3286465989018278,0.003323531688604813,0.3323531688604813,0.003323531688604813,0.0,0.010876892997292392,0.32531968490808916,0.09119748891628351,0.15,0.6,8.056630145469924,8.05083445431998,1.5743970034529182,23.915067105857638,28.70534358483528,28.718725420527065,-0.1164070336474685,2.2863347317922624,True,True,0.004627439419255586,1.3250744032270707e-05,437.0,CONVERGENCE: NORM OF PROJECTED GRADIENT <= PGTOL,L-BFGS-B,True,False,False,1,"[{""strain"":0.15,""subdivision"":1,""substep"":1,""optimizer_method"":""L-BFGS-B"",""selected_success"":true,""selected_message"":""CONVERGENCE: NORM OF PROJECTED GRADIENT <= PGTOL"",""selected_iterations"":437,""primary_success"":true,""primary_message"":""CONVERGENCE: NORM OF PROJECTED GRADIENT <= PGTOL"",""primary_iterations"":437,""fallback_used"":false,""fallback_success"":false,""fallback_message"":""not invoked"",""fallback_iterations"":0,""fallback_normalized_projected_gradient"":NaN,""independent_kkt_confirmed"":false,""projected_gradient_N"":0.004627439419255586,""normalized_projected_gradient"":1.3250744032270707e-05,""accepted"":true}]",f141ffbd04ef138b9650f2a9878eed8fa60e248adf3e7f5898dbf890fce55fc4,d06c8aa5a844044b059518a454bb52ff40e1addc084e0ee363b3e8e1614a100f
D037,train,9.888474962601922,0.1,10.0,0.1,10.0,0.0,0.010876892997292392,7.84722300522856,2.5528561154644636,0.232814067294937,0.3286465989018278,0.003323531688604813,0.3323531688604813,0.003323531688604813,0.0,0.010876892997292392,0.32531968490808916,0.09119748891628351,0.2,0.8,10.356199701154623,10.363557429543508,2.753486379736785,29.533339023258662,35.00571848373093,35.012167120780305,-0.1164070336474685,2.1586919260190394,True,True,0.0038269492324074506,1.095852805595101e-05,495.0,CONVERGENCE: NORM OF PROJECTED GRADIENT <= PGTOL,L-BFGS-B,True,False,False,1,"[{""strain"":0.2,""subdivision"":1,""substep"":1,""optimizer_method"":""L-BFGS-B"",""selected_success"":true,""selected_message"":""CONVERGENCE: NORM OF PROJECTED GRADIENT <= PGTOL"",""selected_iterations"":495,""primary_success"":true,""primary_message"":""CONVERGENCE: NORM OF PROJECTED GRADIENT <= PGTOL"",""primary_iterations"":495,""fallback_used"":false,""fallback_success"":false,""fallback_message"":""not invoked"",""fallback_iterations"":0,""fallback_normalized_projected_gradient"":NaN,""independent_kkt_confirmed"":false,""projected_gradient_N"":0.0038269492324074506,""normalized_projected_gradient"":1.095852805595101e-05,""accepted"":true}]",f141ffbd04ef138b9650f2a9878eed8fa60e248adf3e7f5898dbf890fce55fc4,d06c8aa5a844044b059518a454bb52ff40e1addc084e0ee363b3e8e1614a100f
D038,train,0.10036388558395598,0.10163122919677135,7.67153195561507,6.3914541306663715,9.77549375401264,0.0,0.0,7.897398631647536,2.5988313527452283,0.24497590992940668,0.004174787967854593,0.004227505046663713,0.3191090013800103,0.2658622237127296,0.0,0.0,0.3290743539690191,0.09426387351785287,0.0,0.0,0.0,0.0,0.0,0.0,0.0,0.0,-0.12248795496470334,2.7213193077099316,True,True,0.0,0.0,0.0,undeformed reference,reference,True,False,False,1,[],f141ffbd04ef138b9650f2a9878eed8fa60e248adf3e7f5898dbf890fce55fc4,d06c8aa5a844044b059518a454bb52ff40e1addc084e0ee363b3e8e1614a100f
D038,train,0.10036388558395598,0.10163122919677135,7.67153195561507,6.3914541306663715,9.77549375401264,0.0,0.0,7.897398631647536,2.5988313527452283,0.24497590992940668,0.004174787967854593,0.004227505046663713,0.3191090013800103,0.2658622237127296,0.0,0.0,0.3290743539690191,0.09426387351785287,0.05,0.2,3.830436802410188,3.834756611228441,0.2552217366630256,10.328101411913206,12.853981089812645,12.949189971268176,-0.12248795496470334,2.5913777400726703,True,True,0.0024556521581410307,6.682703777822241e-06,508.0,CONVERGENCE: NORM OF PROJECTED GRADIENT <= PGTOL,L-BFGS-B,True,False,False,1,"[{""strain"":0.05,""subdivision"":1,""substep"":1,""optimizer_method"":""L-BFGS-B"",""selected_success"":true,""selected_message"":""CONVERGENCE: NORM OF PROJECTED GRADIENT <= PGTOL"",""selected_iterations"":508,""primary_success"":true,""primary_message"":""CONVERGENCE: NORM OF PROJECTED GRADIENT <= PGTOL"",""primary_iterations"":508,""fallback_used"":false,""fallback_success"":false,""fallback_message"":""not invoked"",""fallback_iterations"":0,""fallback_normalized_projected_gradient"":NaN,""independent_kkt_confirmed"":false,""projected_gradient_N"":0.0024556521581410307,""normalized_projected_gradient"":6.682703777822241e-06,""accepted"":true}]",f141ffbd04ef138b9650f2a9878eed8fa60e248adf3e7f5898dbf890fce55fc4,d06c8aa5a844044b059518a454bb52ff40e1addc084e0ee363b3e8e1614a100f
D038,train,0.10036388558395598,0.10163122919677135,7.67153195561507,6.3914541306663715,9.77549375401264,0.0,0.0,7.897398631647536,2.5988313527452283,0.24497590992940668,0.004174787967854593,0.004227505046663713,0.3191090013800103,0.2658622237127296,0.0,0.0,0.3290743539690191,0.09426387351785287,0.1,0.4,7.097363224810483,7.1014468949327565,0.9720964839908859,19.352183910772396,23.940039165022288,24.087101373180115,-0.12248795496470334,2.4614361724354086,True,True,0.005268919684816353,1.4338606290810848e-05,448.0,CONVERGENCE: NORM OF PROJECTED GRADIENT <= PGTOL,L-BFGS-B,True,False,False,1,"[{""strain"":0.1,""subdivision"":1,""substep"":1,""optimizer_method"":""L-BFGS-B"",""selected_success"":true,""selected_message"":""CONVERGENCE: NORM OF PROJECTED GRADIENT <= PGTOL"",""selected_iterations"":448,""primary_success"":true,""primary_message"":""CONVERGENCE: NORM OF PROJECTED GRADIENT <= PGTOL"",""primary_iterations"":448,""fallback_used"":false,""fallback_success"":false,""fallback_message"":""not invoked"",""fallback_iterations"":0,""fallback_normalized_projected_gradient"":NaN,""independent_kkt_confirmed"":false,""projected_gradient_N"":0.005268919684816353,""normalized_projected_gradient"":1.4338606290810848e-05,""accepted"":true}]",f141ffbd04ef138b9650f2a9878eed8fa60e248adf3e7f5898dbf890fce55fc4,d06c8aa5a844044b059518a454bb52ff40e1addc084e0ee363b3e8e1614a100f
D038,train,0.10036388558395598,0.10163122919677135,7.67153195561507,6.3914541306663715,9.77549375401264,0.0,0.0,7.897398631647536,2.5988313527452283,0.24497590992940668,0.004174787967854593,0.004227505046663713,0.3191090013800103,0.2658622237127296,0.0,0.0,0.3290743539690191,0.09426387351785287,0.15,0.6,9.833563561787066,9.826562268113044,2.076084026580093,26.722587101378384,32.78406866539147,32.92664364162977,-0.12248795496470334,2.3314946047981473,True,True,0.003905684985847202,1.0628759339296344e-05,454.0,CONVERGENCE: NORM OF PROJECTED GRADIENT <= PGTOL,L-BFGS-B,True,False,False,1,"[{""strain"":0.15,""subdivision"":1,""substep"":1,""optimizer_method"":""L-BFGS-B"",""selected_success"":true,""selected_message"":""CONVERGENCE: NORM OF PROJECTED GRADIENT <= PGTOL"",""selected_iterations"":454,""primary_success"":true,""primary_message"":""CONVERGENCE: NORM OF PROJECTED GRADIENT <= PGTOL"",""primary_iterations"":454,""fallback_used"":false,""fallback_success"":false,""fallback_message"":""not invoked"",""fallback_iterations"":0,""fallback_normalized_projected_gradient"":NaN,""independent_kkt_confirmed"":false,""projected_gradient_N"":0.003905684985847202,""normalized_projected_gradient"":1.0628759339296344e-05,""accepted"":true}]",f141ffbd04ef138b9650f2a9878eed8fa60e248adf3e7f5898dbf890fce55fc4,d06c8aa5a844044b059518a454bb52ff40e1addc084e0ee363b3e8e1614a100f
D038,train,0.10036388558395598,0.10163122919677135,7.67153195561507,6.3914541306663715,9.77549375401264,0.0,0.0,7.897398631647536,2.5988313527452283,0.24497590992940668,0.004174787967854593,0.004227505046663713,0.3191090013800103,0.2658622237127296,0.0,0.0,0.3290743539690191,0.09426387351785287,0.2,0.8,12.48464894333516,12.482823254154123,3.5325682488398122,32.55227176197556,39.46526047928399,39.62589335915257,-0.12248795496470334,2.201553037160886,True,True,0.00344578476769275,9.377207113101317e-06,444.0,CONVERGENCE: NORM OF PROJECTED GRADIENT <= PGTOL,L-BFGS-B,True,False,False,1,"[{""strain"":0.2,""subdivision"":1,""substep"":1,""optimizer_method"":""L-BFGS-B"",""selected_success"":true,""selected_message"":""CONVERGENCE: NORM OF PROJECTED GRADIENT <= PGTOL"",""selected_iterations"":444,""primary_success"":true,""primary_message"":""CONVERGENCE: NORM OF PROJECTED GRADIENT <= PGTOL"",""primary_iterations"":444,""fallback_used"":false,""fallback_success"":false,""fallback_message"":""not invoked"",""fallback_iterations"":0,""fallback_normalized_projected_gradient"":NaN,""independent_kkt_confirmed"":false,""projected_gradient_N"":0.00344578476769275,""normalized_projected_gradient"":9.377207113101317e-06,""accepted"":true}]",f141ffbd04ef138b9650f2a9878eed8fa60e248adf3e7f5898dbf890fce55fc4,d06c8aa5a844044b059518a454bb52ff40e1addc084e0ee363b3e8e1614a100f
D039,train,9.570756647498708,9.550785775758555,7.095988280791439,10.0,0.10126312411813626,0.06305256073207219,0.0,7.893463047340555,2.2,0.15,0.2635207736462923,0.2629708965816893,0.1953806151813386,0.2753395403854122,0.06305256073207219,0.0,0.2787116360468956,0.06818181818181818,0.0,0.0,0.0,0.0,0.0,0.0,0.0,0.0,-0.075,2.2750000000000004,True,True,0.0,0.0,0.0,undeformed reference,reference,True,False,False,1,[],f141ffbd04ef138b9650f2a9878eed8fa60e248adf3e7f5898dbf890fce55fc4,d06c8aa5a844044b059518a454bb52ff40e1addc084e0ee363b3e8e1614a100f
D039,train,9.570756647498708,9.550785775758555,7.095988280791439,10.0,0.10126312411813626,0.06305256073207219,0.0,7.893463047340555,2.2,0.15,0.2635207736462923,0.2629708965816893,0.1953806151813386,0.2753395403854122,0.06305256073207219,0.0,0.2787116360468956,0.06818181818181818,0.05,0.2,0.7469841183635171,0.7456271199102296,0.04157397751112819,5.804159615923532,6.930321549001569,6.930343202563112,-0.075,2.1650000000000005,True,True,0.0032145722618561745,1.4286987830471886e-05,695.0,CONVERGENCE: NORM OF PROJECTED GRADIENT <= PGTOL,L-BFGS-B,True,False,False,1,"[{""strain"":0.05,""subdivision"":1,""substep"":1,""optimizer_method"":""L-BFGS-B"",""selected_success"":true,""selected_message"":""CONVERGENCE: NORM OF PROJECTED GRADIENT <= PGTOL"",""selected_iterations"":695,""primary_success"":true,""primary_message"":""CONVERGENCE: NORM OF PROJECTED GRADIENT <= PGTOL"",""primary_iterations"":695,""fallback_used"":false,""fallback_success"":false,""fallback_message"":""not invoked"",""fallback_iterations"":0,""fallback_normalized_projected_gradient"":NaN,""independent_kkt_confirmed"":false,""projected_gradient_N"":0.0032145722618561745,""normalized_projected_gradient"":1.4286987830471886e-05,""accepted"":true}]",f141ffbd04ef138b9650f2a9878eed8fa60e248adf3e7f5898dbf890fce55fc4,d06c8aa5a844044b059518a454bb52ff40e1addc084e0ee363b3e8e1614a100f
D039,train,9.570756647498708,9.550785775758555,7.095988280791439,10.0,0.10126312411813626,0.06305256073207219,0.0,7.893463047340555,2.2,0.15,0.2635207736462923,0.2629708965816893,0.1953806151813386,0.2753395403854122,0.06305256073207219,0.0,0.2787116360468956,0.06818181818181818,0.1,0.4,1.428747847471476,1.4263686102090003,0.1620436878809579,11.28300699181591,13.451894220565618,13.458264298089778,-0.075,2.055,True,True,0.002857485722662756,1.2699936545167803e-05,535.0,CONVERGENCE: NORM OF PROJECTED GRADIENT <= PGTOL,L-BFGS-B,True,False,False,1,"[{""strain"":0.1,""subdivision"":1,""substep"":1,""optimizer_method"":""L-BFGS-B"",""selected_success"":true,""selected_message"":""CONVERGENCE: NORM OF PROJECTED GRADIENT <= PGTOL"",""selected_iterations"":535,""primary_success"":true,""primary_message"":""CONVERGENCE: NORM OF PROJECTED GRADIENT <= PGTOL"",""primary_iterations"":535,""fallback_used"":false,""fallback_success"":false,""fallback_message"":""not invoked"",""fallback_iterations"":0,""fallback_normalized_projected_gradient"":NaN,""independent_kkt_confirmed"":false,""projected_gradient_N"":0.002857485722662756,""normalized_projected_gradient"":1.2699936545167803e-05,""accepted"":true}]",f141ffbd04ef138b9650f2a9878eed8fa60e248adf3e7f5898dbf890fce55fc4,d06c8aa5a844044b059518a454bb52ff40e1addc084e0ee363b3e8e1614a100f
D039,train,9.570756647498708,9.550785775758555,7.095988280791439,10.0,0.10126312411813626,0.06305256073207219,0.0,7.893463047340555,2.2,0.15,0.2635207736462923,0.2629708965816893,0.1953806151813386,0.2753395403854122,0.06305256073207219,0.0,0.2787116360468956,0.06818181818181818,0.15,0.6,2.0625615206549517,2.064060840643484,0.3549411853955954,16.34040500491502,19.465228644145657,19.47185641810211,-0.075,1.9450000000000003,True,True,0.0033273780811121645,1.4788347027165176e-05,532.0,CONVERGENCE: NORM OF PROJECTED GRADIENT <= PGTOL,L-BFGS-B,True,False,False,1,"[{""strain"":0.15,""subdivision"":1,""substep"":1,""optimizer_method"":""L-BFGS-B"",""selected_success"":true,""selected_message"":""CONVERGENCE: NORM OF PROJECTED GRADIENT <= PGTOL"",""selected_iterations"":532,""primary_success"":true,""primary_message"":""CONVERGENCE: NORM OF PROJECTED GRADIENT <= PGTOL"",""primary_iterations"":532,""fallback_used"":false,""fallback_success"":false,""fallback_message"":""not invoked"",""fallback_iterations"":0,""fallback_normalized_projected_gradient"":NaN,""independent_kkt_confirmed"":false,""projected_gradient_N"":0.0033273780811121645,""normalized_projected_gradient"":1.4788347027165176e-05,""accepted"":true}]",f141ffbd04ef138b9650f2a9878eed8fa60e248adf3e7f5898dbf890fce55fc4,d06c8aa5a844044b059518a454bb52ff40e1addc084e0ee363b3e8e1614a100f
D039,train,9.570756647498708,9.550785775758555,7.095988280791439,10.0,0.10126312411813626,0.06305256073207219,0.0,7.893463047340555,2.2,0.15,0.2635207736462923,0.2629708965816893,0.1953806151813386,0.2753395403854122,0.06305256073207219,0.0,0.2787116360468956,0.06818181818181818,0.2,0.8,2.6367799295243897,2.635036720847906,0.613823569336226,20.901767815808547,24.83663345180846,24.838643846801087,-0.075,1.8350000000000004,True,True,0.0031915173866286783,1.4184521718349681e-05,546.0,CONVERGENCE: NORM OF PROJECTED GRADIENT <= PGTOL,L-BFGS-B,True,False,False,1,"[{""strain"":0.2,""subdivision"":1,""substep"":1,""optimizer_method"":""L-BFGS-B"",""selected_success"":true,""selected_message"":""CONVERGENCE: NORM OF PROJECTED GRADIENT <= PGTOL"",""selected_iterations"":546,""primary_success"":true,""primary_message"":""CONVERGENCE: NORM OF PROJECTED GRADIENT <= PGTOL"",""primary_iterations"":546,""fallback_used"":false,""fallback_success"":false,""fallback_message"":""not invoked"",""fallback_iterations"":0,""fallback_normalized_projected_gradient"":NaN,""independent_kkt_confirmed"":false,""projected_gradient_N"":0.0031915173866286783,""normalized_projected_gradient"":1.4184521718349681e-05,""accepted"":true}]",f141ffbd04ef138b9650f2a9878eed8fa60e248adf3e7f5898dbf890fce55fc4,d06c8aa5a844044b059518a454bb52ff40e1addc084e0ee363b3e8e1614a100f
D040,test,5.525855495111614,0.10226889305456588,8.074879209060171,0.11099161236139701,9.571621985112072,0.0,0.0,7.9,3.9563445272829125,0.15,0.23629290811978265,0.004373153473056267,0.34529254207112753,0.004746148516728156,0.0,0.0,0.500803104719356,0.037913786063271664,0.0,0.0,0.0,0.0,0.0,0.0,0.0,0.0,-0.075,4.031344527282912,True,True,0.0,0.0,0.0,undeformed reference,reference,True,False,False,1,[],f141ffbd04ef138b9650f2a9878eed8fa60e248adf3e7f5898dbf890fce55fc4,d06c8aa5a844044b059518a454bb52ff40e1addc084e0ee363b3e8e1614a100f
D040,test,5.525855495111614,0.10226889305456588,8.074879209060171,0.11099161236139701,9.571621985112072,0.0,0.0,7.9,3.9563445272829125,0.15,0.23629290811978265,0.004373153473056267,0.34529254207112753,0.004746148516728156,0.0,0.0,0.500803104719356,0.037913786063271664,0.05,0.2,1.157845827564228,1.1591948463624784,0.11924174192798037,9.16835656819346,11.64164060993556,11.642476887266588,-0.075,3.8335273009187665,True,True,0.0021679550670647973,9.635355853621321e-06,1065.0,CONVERGENCE: NORM OF PROJECTED GRADIENT <= PGTOL,L-BFGS-B,True,False,False,1,"[{""strain"":0.05,""subdivision"":1,""substep"":1,""optimizer_method"":""L-BFGS-B"",""selected_success"":true,""selected_message"":""CONVERGENCE: NORM OF PROJECTED GRADIENT <= PGTOL"",""selected_iterations"":1065,""primary_success"":true,""primary_message"":""CONVERGENCE: NORM OF PROJECTED GRADIENT <= PGTOL"",""primary_iterations"":1065,""fallback_used"":false,""fallback_success"":false,""fallback_message"":""not invoked"",""fallback_iterations"":0,""fallback_normalized_projected_gradient"":NaN,""independent_kkt_confirmed"":false,""projected_gradient_N"":0.0021679550670647973,""normalized_projected_gradient"":9.635355853621321e-06,""accepted"":true}]",f141ffbd04ef138b9650f2a9878eed8fa60e248adf3e7f5898dbf890fce55fc4,d06c8aa5a844044b059518a454bb52ff40e1addc084e0ee363b3e8e1614a100f
D040,test,5.525855495111614,0.10226889305456588,8.074879209060171,0.11099161236139701,9.571621985112072,0.0,0.0,7.9,3.9563445272829125,0.15,0.23629290811978265,0.004373153473056267,0.34529254207112753,0.004746148516728156,0.0,0.0,0.500803104719356,0.037913786063271664,0.1,0.4,2.032503199594597,2.030480430853411,0.4390202787978808,16.772850451818492,21.159998295513034,21.162740699545374,-0.075,3.635710074554621,True,True,0.002335560827570138,1.0380270344756168e-05,1220.0,CONVERGENCE: NORM OF PROJECTED GRADIENT <= PGTOL,L-BFGS-B,True,False,False,1,"[{""strain"":0.1,""subdivision"":1,""substep"":1,""optimizer_method"":""L-BFGS-B"",""selected_success"":true,""selected_message"":""CONVERGENCE: NORM OF PROJECTED GRADIENT <= PGTOL"",""selected_iterations"":1220,""primary_success"":true,""primary_message"":""CONVERGENCE: NORM OF PROJECTED GRADIENT <= PGTOL"",""primary_iterations"":1220,""fallback_used"":false,""fallback_success"":false,""fallback_message"":""not invoked"",""fallback_iterations"":0,""fallback_normalized_projected_gradient"":NaN,""independent_kkt_confirmed"":false,""projected_gradient_N"":0.002335560827570138,""normalized_projected_gradient"":1.0380270344756168e-05,""accepted"":true}]",f141ffbd04ef138b9650f2a9878eed8fa60e248adf3e7f5898dbf890fce55fc4,d06c8aa5a844044b059518a454bb52ff40e1addc084e0ee363b3e8e1614a100f
D040,test,5.525855495111614,0.10226889305456588,8.074879209060171,0.11099161236139701,9.571621985112072,0.0,0.0,7.9,3.9563445272829125,0.15,0.23629290811978265,0.004373153473056267,0.34529254207112753,0.004746148516728156,0.0,0.0,0.500803104719356,0.037913786063271664,0.15,0.6,2.720530511303429,2.7229672620047145,0.9125491996113135,22.939225890746265,28.75006165823043,28.75364550359731,-0.075,3.4378928481904754,True,True,0.0031340678507394415,1.3929190447730852e-05,733.0,CONVERGENCE: NORM OF PROJECTED GRADIENT <= PGTOL,L-BFGS-B,True,False,False,1,"[{""strain"":0.15,""subdivision"":1,""substep"":1,""optimizer_method"":""L-BFGS-B"",""selected_success"":true,""selected_message"":""CONVERGENCE: NORM OF PROJECTED GRADIENT <= PGTOL"",""selected_iterations"":733,""primary_success"":true,""primary_message"":""CONVERGENCE: NORM OF PROJECTED GRADIENT <= PGTOL"",""primary_iterations"":733,""fallback_used"":false,""fallback_success"":false,""fallback_message"":""not invoked"",""fallback_iterations"":0,""fallback_normalized_projected_gradient"":NaN,""independent_kkt_confirmed"":false,""projected_gradient_N"":0.0031340678507394415,""normalized_projected_gradient"":1.3929190447730852e-05,""accepted"":true}]",f141ffbd04ef138b9650f2a9878eed8fa60e248adf3e7f5898dbf890fce55fc4,d06c8aa5a844044b059518a454bb52ff40e1addc084e0ee363b3e8e1614a100f
D040,test,5.525855495111614,0.10226889305456588,8.074879209060171,0.11099161236139701,9.571621985112072,0.0,0.0,7.9,3.9563445272829125,0.15,0.23629290811978265,0.004373153473056267,0.34529254207112753,0.004746148516728156,0.0,0.0,0.500803104719356,0.037913786063271664,0.2,0.8,3.4526480614785364,3.4520601105255846,1.5216334407300252,27.225816329567678,32.46465084559129,32.46629681624653,-0.075,3.2400756218263296,True,True,0.0027595043648578343,1.2264463843812597e-05,776.0,CONVERGENCE: NORM OF PROJECTED GRADIENT <= PGTOL,L-BFGS-B,True,False,False,1,"[{""strain"":0.2,""subdivision"":1,""substep"":1,""optimizer_method"":""L-BFGS-B"",""selected_success"":true,""selected_message"":""CONVERGENCE: NORM OF PROJECTED GRADIENT <= PGTOL"",""selected_iterations"":776,""primary_success"":true,""primary_message"":""CONVERGENCE: NORM OF PROJECTED GRADIENT <= PGTOL"",""primary_iterations"":776,""fallback_used"":false,""fallback_success"":false,""fallback_message"":""not invoked"",""fallback_iterations"":0,""fallback_normalized_projected_gradient"":NaN,""independent_kkt_confirmed"":false,""projected_gradient_N"":0.0027595043648578343,""normalized_projected_gradient"":1.2264463843812597e-05,""accepted"":true}]",f141ffbd04ef138b9650f2a9878eed8fa60e248adf3e7f5898dbf890fce55fc4,d06c8aa5a844044b059518a454bb52ff40e1addc084e0ee363b3e8e1614a100f
D041,train,9.994090180760143,0.1,6.937538131030297,0.1,0.1,0.1708780132198619,0.0,7.897745576465664,4.0,0.25,0.5799852457310642,0.00580328209212688,0.40260490799255505,0.00580328209212688,0.1708780132198619,0.0,0.506473646342764,0.0625,0.0,0.0,0.0,0.0,0.0,0.0,0.0,0.0,-0.125,4.125,True,True,0.0,0.0,0.0,undeformed reference,reference,True,False,False,1,[],f141ffbd04ef138b9650f2a9878eed8fa60e248adf3e7f5898dbf890fce55fc4,d06c8aa5a844044b059518a454bb52ff40e1addc084e0ee363b3e8e1614a100f
D041,train,9.994090180760143,0.1,6.937538131030297,0.1,0.1,0.1708780132198619,0.0,7.897745576465664,4.0,0.25,0.5799852457310642,0.00580328209212688,0.40260490799255505,0.00580328209212688,0.1708780132198619,0.0,0.506473646342764,0.0625,0.05,0.2,5.224774171356998,5.216780317193619,0.547766666446821,14.136972740606977,17.777375103394373,17.852076799729925,-0.125,3.925,True,True,0.0054518744737306335,1.4538331929948356e-05,845.0,CONVERGENCE: NORM OF PROJECTED GRADIENT <= PGTOL,L-BFGS-B,True,False,False,1,"[{""strain"":0.05,""subdivision"":1,""substep"":1,""optimizer_method"":""L-BFGS-B"",""selected_success"":true,""selected_message"":""CONVERGENCE: NORM OF PROJECTED GRADIENT <= PGTOL"",""selected_iterations"":845,""primary_success"":true,""primary_message"":""CONVERGENCE: NORM OF PROJECTED GRADIENT <= PGTOL"",""primary_iterations"":845,""fallback_used"":false,""fallback_success"":false,""fallback_message"":""not invoked"",""fallback_iterations"":0,""fallback_normalized_projected_gradient"":NaN,""independent_kkt_confirmed"":false,""projected_gradient_N"":0.0054518744737306335,""normalized_projected_gradient"":1.4538331929948356e-05,""accepted"":true}]",f141ffbd04ef138b9650f2a9878eed8fa60e248adf3e7f5898dbf890fce55fc4,d06c8aa5a844044b059518a454bb52ff40e1addc084e0ee363b3e8e1614a100f
D041,train,9.994090180760143,0.1,6.937538131030297,0.1,0.1,0.1708780132198619,0.0,7.897745576465664,4.0,0.25,0.5799852457310642,0.00580328209212688,0.40260490799255505,0.00580328209212688,0.1708780132198619,0.0,0.506473646342764,0.0625,0.1,0.4,8.963438712756485,8.969457437449325,1.9875768629383888,24.937058032593487,31.024590504338484,31.122775312655484,-0.125,3.725,True,True,0.005242303861907133,1.3979476965085687e-05,620.0,CONVERGENCE: NORM OF PROJECTED GRADIENT <= PGTOL,L-BFGS-B,True,False,False,1,"[{""strain"":0.1,""subdivision"":1,""substep"":1,""optimizer_method"":""L-BFGS-B"",""selected_success"":true,""selected_message"":""CONVERGENCE: NORM OF PROJECTED GRADIENT <= PGTOL"",""selected_iterations"":620,""primary_success"":true,""primary_message"":""CONVERGENCE: NORM OF PROJECTED GRADIENT <= PGTOL"",""primary_iterations"":620,""fallback_used"":false,""fallback_success"":false,""fallback_message"":""not invoked"",""fallback_iterations"":0,""fallback_normalized_projected_gradient"":NaN,""independent_kkt_confirmed"":false,""projected_gradient_N"":0.005242303861907133,""normalized_projected_gradient"":1.3979476965085687e-05,""accepted"":true}]",f141ffbd04ef138b9650f2a9878eed8fa60e248adf3e7f5898dbf890fce55fc4,d06c8aa5a844044b059518a454bb52ff40e1addc084e0ee363b3e8e1614a100f
D041,train,9.994090180760143,0.1,6.937538131030297,0.1,0.1,0.1708780132198619,0.0,7.897745576465664,4.0,0.25,0.5799852457310642,0.00580328209212688,0.40260490799255505,0.00580328209212688,0.1708780132198619,0.0,0.506473646342764,0.0625,0.15,0.6,11.565046015740034,11.578835618527885,4.055395455560659,32.513939492237164,39.88881439166629,39.947301562829935,-0.125,3.525,True,True,0.005374802070755358,1.4332805522014287e-05,603.0,CONVERGENCE: NORM OF PROJECTED GRADIENT <= PGTOL,L-BFGS-B,True,False,False,1,"[{""strain"":0.15,""subdivision"":1,""substep"":1,""optimizer_method"":""L-BFGS-B"",""selected_success"":true,""selected_message"":""CONVERGENCE: NORM OF PROJECTED GRADIENT <= PGTOL"",""selected_iterations"":603,""primary_success"":true,""primary_message"":""CONVERGENCE: NORM OF PROJECTED GRADIENT <= PGTOL"",""primary_iterations"":603,""fallback_used"":false,""fallback_success"":false,""fallback_message"":""not invoked"",""fallback_iterations"":0,""fallback_normalized_projected_gradient"":NaN,""independent_kkt_confirmed"":false,""projected_gradient_N"":0.005374802070755358,""normalized_projected_gradient"":1.4332805522014287e-05,""accepted"":true}]",f141ffbd04ef138b9650f2a9878eed8fa60e248adf3e7f5898dbf890fce55fc4,d06c8aa5a844044b059518a454bb52ff40e1addc084e0ee363b3e8e1614a100f
D041,train,9.994090180760143,0.1,6.937538131030297,0.1,0.1,0.1708780132198619,0.0,7.897745576465664,4.0,0.25,0.5799852457310642,0.00580328209212688,0.40260490799255505,0.00580328209212688,0.1708780132198619,0.0,0.506473646342764,0.0625,0.2,0.8,13.561039451364406,13.566590405984503,6.584897271412668,37.73681245350033,45.99404588543228,46.29762494122608,-0.125,3.325,True,True,0.005225819103090501,1.3935517608241336e-05,574.0,CONVERGENCE: NORM OF PROJECTED GRADIENT <= PGTOL,L-BFGS-B,True,False,False,1,"[{""strain"":0.2,""subdivision"":1,""substep"":1,""optimizer_method"":""L-BFGS-B"",""selected_success"":true,""selected_message"":""CONVERGENCE: NORM OF PROJECTED GRADIENT <= PGTOL"",""selected_iterations"":574,""primary_success"":true,""primary_message"":""CONVERGENCE: NORM OF PROJECTED GRADIENT <= PGTOL"",""primary_iterations"":574,""fallback_used"":false,""fallback_success"":false,""fallback_message"":""not invoked"",""fallback_iterations"":0,""fallback_normalized_projected_gradient"":NaN,""independent_kkt_confirmed"":false,""projected_gradient_N"":0.005225819103090501,""normalized_projected_gradient"":1.3935517608241336e-05,""accepted"":true}]",f141ffbd04ef138b9650f2a9878eed8fa60e248adf3e7f5898dbf890fce55fc4,d06c8aa5a844044b059518a454bb52ff40e1addc084e0ee363b3e8e1614a100f
D042,train,7.412760023353634,4.668335928362747,9.654418824027632,3.69836238491969,0.1,0.002594805425460014,0.0,7.895882052866694,3.9901285829770208,0.15,0.29031078894565154,0.18282910577930428,0.37810234471170623,0.14484139489075373,0.002594805425460014,0.0,0.5053429821090548,0.03759277348603275,0.0,0.0,0.0,0.0,0.0,0.0,0.0,0.0,-0.075,4.065128582977021,True,True,0.0,0.0,0.0,undeformed reference,reference,True,False,False,1,[],f141ffbd04ef138b9650f2a9878eed8fa60e248adf3e7f5898dbf890fce55fc4,d06c8aa5a844044b059518a454bb52ff40e1addc084e0ee363b3e8e1614a100f
D042,train,7.412760023353634,4.668335928362747,9.654418824027632,3.69836238491969,0.1,0.002594805425460014,0.0,7.895882052866694,3.9901285829770208,0.15,0.29031078894565154,0.18282910577930428,0.37810234471170623,0.14484139489075373,0.002594805425460014,0.0,0.5053429821090548,0.03759277348603275,0.05,0.2,1.1804154846954205,1.1790654338464335,0.12328378318113326,9.194256363562854,11.198006425508023,11.213669781190584,-0.075,3.86562215382817,True,True,0.00327392929588205,1.4550796870586887e-05,763.0,CONVERGENCE: NORM OF PROJECTED GRADIENT <= PGTOL,L-BFGS-B,True,False,False,1,"[{""strain"":0.05,""subdivision"":1,""substep"":1,""optimizer_method"":""L-BFGS-B"",""selected_success"":true,""selected_message"":""CONVERGENCE: NORM OF PROJECTED GRADIENT <= PGTOL"",""selected_iterations"":763,""primary_success"":true,""primary_message"":""CONVERGENCE: NORM OF PROJECTED GRADIENT <= PGTOL"",""primary_iterations"":763,""fallback_used"":false,""fallback_success"":false,""fallback_message"":""not invoked"",""fallback_iterations"":0,""fallback_normalized_projected_gradient"":NaN,""independent_kkt_confirmed"":false,""projected_gradient_N"":0.00327392929588205,""normalized_projected_gradient"":1.4550796870586887e-05,""accepted"":true}]",f141ffbd04ef138b9650f2a9878eed8fa60e248adf3e7f5898dbf890fce55fc4,d06c8aa5a844044b059518a454bb52ff40e1addc084e0ee363b3e8e1614a100f
D042,train,7.412760023353634,4.668335928362747,9.654418824027632,3.69836238491969,0.1,0.002594805425460014,0.0,7.895882052866694,3.9901285829770208,0.15,0.29031078894565154,0.18282910577930428,0.37810234471170623,0.14484139489075373,0.002594805425460014,0.0,0.5053429821090548,0.03759277348603275,0.1,0.4,2.0895409016144124,2.090970175806184,0.45308070543008266,16.95577934117649,20.55242762258365,20.574277388681907,-0.075,3.666115724679319,True,True,0.0029631214723999655,1.3169428766222068e-05,852.0,CONVERGENCE: NORM OF PROJECTED GRADIENT <= PGTOL,L-BFGS-B,True,False,False,1,"[{""strain"":0.1,""subdivision"":1,""substep"":1,""optimizer_method"":""L-BFGS-B"",""selected_success"":true,""selected_message"":""CONVERGENCE: NORM OF PROJECTED GRADIENT <= PGTOL"",""selected_iterations"":852,""primary_success"":true,""primary_message"":""CONVERGENCE: NORM OF PROJECTED GRADIENT <= PGTOL"",""primary_iterations"":852,""fallback_used"":false,""fallback_success"":false,""fallback_message"":""not invoked"",""fallback_iterations"":0,""fallback_normalized_projected_gradient"":NaN,""independent_kkt_confirmed"":false,""projected_gradient_N"":0.0029631214723999655,""normalized_projected_gradient"":1.3169428766222068e-05,""accepted"":true}]",f141ffbd04ef138b9650f2a9878eed8fa60e248adf3e7f5898dbf890fce55fc4,d06c8aa5a844044b059518a454bb52ff40e1addc084e0ee363b3e8e1614a100f
D042,train,7.412760023353634,4.668335928362747,9.654418824027632,3.69836238491969,0.1,0.002594805425460014,0.0,7.895882052866694,3.9901285829770208,0.15,0.29031078894565154,0.18282910577930428,0.37810234471170623,0.14484139489075373,0.002594805425460014,0.0,0.5053429821090548,0.03759277348603275,0.15,0.6,2.7753540322842545,2.779713159329872,0.9409579942905426,23.277682445807972,28.107701671804072,28.13612219129462,-0.075,3.4666092955304677,True,True,0.003366514939840748,1.4962288621514434e-05,943.0,CONVERGENCE: NORM OF PROJECTED GRADIENT <= PGTOL,L-BFGS-B,True,False,False,1,"[{""strain"":0.15,""subdivision"":1,""substep"":1,""optimizer_method"":""L-BFGS-B"",""selected_success"":true,""selected_message"":""CONVERGENCE: NORM OF PROJECTED GRADIENT <= PGTOL"",""selected_iterations"":943,""primary_success"":true,""primary_message"":""CONVERGENCE: NORM OF PROJECTED GRADIENT <= PGTOL"",""primary_iterations"":943,""fallback_used"":false,""fallback_success"":false,""fallback_message"":""not invoked"",""fallback_iterations"":0,""fallback_normalized_projected_gradient"":NaN,""independent_kkt_confirmed"":false,""projected_gradient_N"":0.003366514939840748,""normalized_projected_gradient"":1.4962288621514434e-05,""accepted"":true}]",f141ffbd04ef138b9650f2a9878eed8fa60e248adf3e7f5898dbf890fce55fc4,d06c8aa5a844044b059518a454bb52ff40e1addc084e0ee363b3e8e1614a100f
D042,train,7.412760023353634,4.668335928362747,9.654418824027632,3.69836238491969,0.1,0.002594805425460014,0.0,7.895882052866694,3.9901285829770208,0.15,0.29031078894565154,0.18282910577930428,0.37810234471170623,0.14484139489075373,0.002594805425460014,0.0,0.5053429821090548,0.03759277348603275,0.2,0.8,3.310658231255152,3.311955513559454,1.550700030783332,28.35719305046713,34.06984112300557,34.09325089810786,-0.075,3.2671028663816166,True,True,0.002878358472728021,1.2792704323235648e-05,762.0,CONVERGENCE: NORM OF PROJECTED GRADIENT <= PGTOL,L-BFGS-B,True,False,False,1,"[{""strain"":0.2,""subdivision"":1,""substep"":1,""optimizer_method"":""L-BFGS-B"",""selected_success"":true,""selected_message"":""CONVERGENCE: NORM OF PROJECTED GRADIENT <= PGTOL"",""selected_iterations"":762,""primary_success"":true,""primary_message"":""CONVERGENCE: NORM OF PROJECTED GRADIENT <= PGTOL"",""primary_iterations"":762,""fallback_used"":false,""fallback_success"":false,""fallback_message"":""not invoked"",""fallback_iterations"":0,""fallback_normalized_projected_gradient"":NaN,""independent_kkt_confirmed"":false,""projected_gradient_N"":0.002878358472728021,""normalized_projected_gradient"":1.2792704323235648e-05,""accepted"":true}]",f141ffbd04ef138b9650f2a9878eed8fa60e248adf3e7f5898dbf890fce55fc4,d06c8aa5a844044b059518a454bb52ff40e1addc084e0ee363b3e8e1614a100f
D043,train,0.1,0.1,10.0,3.5851293773290047,8.177894181423689,0.0,0.0,7.9,4.0,0.15,0.004553107168168021,0.004553107168168021,0.4553107168168021,0.16323478266726446,0.0,0.0,0.5063291139240506,0.0375,0.0,0.0,0.0,0.0,0.0,0.0,0.0,0.0,-0.075,4.075,True,True,0.0,0.0,0.0,undeformed reference,reference,True,False,False,1,[],f141ffbd04ef138b9650f2a9878eed8fa60e248adf3e7f5898dbf890fce55fc4,d06c8aa5a844044b059518a454bb52ff40e1addc084e0ee363b3e8e1614a100f
D043,train,0.1,0.1,10.0,3.5851293773290047,8.177894181423689,0.0,0.0,7.9,4.0,0.15,0.004553107168168021,0.004553107168168021,0.4553107168168021,0.16323478266726446,0.0,0.0,0.5063291139240506,0.0375,0.05,0.2,1.2630947465709528,1.2569750492439518,0.13269756457139004,9.5490525988158,11.760297219652157,11.83407927174003,-0.075,3.875,True,True,0.0021147854274498057,9.399046344221359e-06,844.0,CONVERGENCE: NORM OF PROJECTED GRADIENT <= PGTOL,L-BFGS-B,True,False,False,1,"[{""strain"":0.05,""subdivision"":1,""substep"":1,""optimizer_method"":""L-BFGS-B"",""selected_success"":true,""selected_message"":""CONVERGENCE: NORM OF PROJECTED GRADIENT <= PGTOL"",""selected_iterations"":844,""primary_success"":true,""primary_message"":""CONVERGENCE: NORM OF PROJECTED GRADIENT <= PGTOL"",""primary_iterations"":844,""fallback_used"":false,""fallback_success"":false,""fallback_message"":""not invoked"",""fallback_iterations"":0,""fallback_normalized_projected_gradient"":NaN,""independent_kkt_confirmed"":false,""projected_gradient_N"":0.0021147854274498057,""normalized_projected_gradient"":9.399046344221359e-06,""accepted"":true}]",f141ffbd04ef138b9650f2a9878eed8fa60e248adf3e7f5898dbf890fce55fc4,d06c8aa5a844044b059518a454bb52ff40e1addc084e0ee363b3e8e1614a100f
D043,train,0.1,0.1,10.0,3.5851293773290047,8.177894181423689,0.0,0.0,7.9,4.0,0.15,0.004553107168168021,0.004553107168168021,0.4553107168168021,0.16323478266726446,0.0,0.0,0.5063291139240506,0.0375,0.1,0.4,2.1912589476289384,2.193431853461637,0.48225284699188137,17.439305146045797,21.332238386581135,21.439865381758636,-0.075,3.6750000000000003,True,True,0.0031534515604205726,1.4015340268535879e-05,829.0,CONVERGENCE: NORM OF PROJECTED GRADIENT <= PGTOL,L-BFGS-B,True,False,False,1,"[{""strain"":0.1,""subdivision"":1,""substep"":1,""optimizer_method"":""L-BFGS-B"",""selected_success"":true,""selected_message"":""CONVERGENCE: NORM OF PROJECTED GRADIENT <= PGTOL"",""selected_iterations"":829,""primary_success"":true,""primary_message"":""CONVERGENCE: NORM OF PROJECTED GRADIENT <= PGTOL"",""primary_iterations"":829,""fallback_used"":false,""fallback_success"":false,""fallback_message"":""not invoked"",""fallback_iterations"":0,""fallback_normalized_projected_gradient"":NaN,""independent_kkt_confirmed"":false,""projected_gradient_N"":0.0031534515604205726,""normalized_projected_gradient"":1.4015340268535879e-05,""accepted"":true}]",f141ffbd04ef138b9650f2a9878eed8fa60e248adf3e7f5898dbf890fce55fc4,d06c8aa5a844044b059518a454bb52ff40e1addc084e0ee363b3e8e1614a100f
D043,train,0.1,0.1,10.0,3.5851293773290047,8.177894181423689,0.0,0.0,7.9,4.0,0.15,0.004553107168168021,0.004553107168168021,0.4553107168168021,0.16323478266726446,0.0,0.0,0.5063291139240506,0.0375,0.15,0.6,2.873975396738785,2.879550249872649,0.9919582936619042,23.748803055042288,28.875693802914615,28.995672149934453,-0.075,3.475,True,True,0.0032401074517331985,1.440047756325866e-05,818.0,CONVERGENCE: NORM OF PROJECTED GRADIENT <= PGTOL,L-BFGS-B,True,False,False,1,"[{""strain"":0.15,""subdivision"":1,""substep"":1,""optimizer_method"":""L-BFGS-B"",""selected_success"":true,""selected_message"":""CONVERGENCE: NORM OF PROJECTED GRADIENT <= PGTOL"",""selected_iterations"":818,""primary_success"":true,""primary_message"":""CONVERGENCE: NORM OF PROJECTED GRADIENT <= PGTOL"",""primary_iterations"":818,""fallback_used"":false,""fallback_success"":false,""fallback_message"":""not invoked"",""fallback_iterations"":0,""fallback_normalized_projected_gradient"":NaN,""independent_kkt_confirmed"":false,""projected_gradient_N"":0.0032401074517331985,""normalized_projected_gradient"":1.440047756325866e-05,""accepted"":true}]",f141ffbd04ef138b9650f2a9878eed8fa60e248adf3e7f5898dbf890fce55fc4,d06c8aa5a844044b059518a454bb52ff40e1addc084e0ee363b3e8e1614a100f
D043,train,0.1,0.1,10.0,3.5851293773290047,8.177894181423689,0.0,0.0,7.9,4.0,0.15,0.004553107168168021,0.004553107168168021,0.4553107168168021,0.16323478266726446,0.0,0.0,0.5063291139240506,0.0375,0.2,0.8,3.388508120536222,3.38550385006426,1.621391445949418,28.739330523399154,34.733898974187824,34.84344231827054,-0.075,3.2750000000000004,True,True,0.0029632995761021963,1.3170220338231983e-05,723.0,CONVERGENCE: NORM OF PROJECTED GRADIENT <= PGTOL,L-BFGS-B,True,False,False,1,"[{""strain"":0.2,""subdivision"":1,""substep"":1,""optimizer_method"":""L-BFGS-B"",""selected_success"":true,""selected_message"":""CONVERGENCE: NORM OF PROJECTED GRADIENT <= PGTOL"",""selected_iterations"":723,""primary_success"":true,""primary_message"":""CONVERGENCE: NORM OF PROJECTED GRADIENT <= PGTOL"",""primary_iterations"":723,""fallback_used"":false,""fallback_success"":false,""fallback_message"":""not invoked"",""fallback_iterations"":0,""fallback_normalized_projected_gradient"":NaN,""independent_kkt_confirmed"":false,""projected_gradient_N"":0.0029632995761021963,""normalized_projected_gradient"":1.3170220338231983e-05,""accepted"":true}]",f141ffbd04ef138b9650f2a9878eed8fa60e248adf3e7f5898dbf890fce55fc4,d06c8aa5a844044b059518a454bb52ff40e1addc084e0ee363b3e8e1614a100f
D044,test,9.182421712424066,0.1,6.303663537788967,0.10672007101684765,0.1,0.041510531968165926,0.05411098135903441,7.875233250839573,2.77111112707028,0.15,0.581430691105928,0.0063319972586233595,0.3991478024056377,0.006757511971187695,0.041510531968165926,0.05411098135903441,0.3518767049566251,0.0541299114765511,0.0,0.0,0.0,0.0,0.0,0.0,0.0,0.0,-0.075,2.84611112707028,True,True,0.0,0.0,0.0,undeformed reference,reference,True,False,False,1,[],f141ffbd04ef138b9650f2a9878eed8fa60e248adf3e7f5898dbf890fce55fc4,d06c8aa5a844044b059518a454bb52ff40e1addc084e0ee363b3e8e1614a100f
D044,test,9.182421712424066,0.1,6.303663537788967,0.10672007101684765,0.1,0.041510531968165926,0.05411098135903441,7.875233250839573,2.77111112707028,0.15,0.581430691105928,0.0063319972586233595,0.3991478024056377,0.006757511971187695,0.041510531968165926,0.05411098135903441,0.3518767049566251,0.0541299114765511,0.05,0.2,0.9338624568956765,0.937119262692004,0.06593752264985299,7.13877793960538,8.847425420619551,8.849003001793077,-0.075,2.707555570716766,True,True,0.0033663082640881872,1.4961370062614166e-05,898.0,CONVERGENCE: NORM OF PROJECTED GRADIENT <= PGTOL,L-BFGS-B,True,False,False,1,"[{""strain"":0.05,""subdivision"":1,""substep"":1,""optimizer_method"":""L-BFGS-B"",""selected_success"":true,""selected_message"":""CONVERGENCE: NORM OF PROJECTED GRADIENT <= PGTOL"",""selected_iterations"":898,""primary_success"":true,""primary_message"":""CONVERGENCE: NORM OF PROJECTED GRADIENT <= PGTOL"",""primary_iterations"":898,""fallback_used"":false,""fallback_success"":false,""fallback_message"":""not invoked"",""fallback_iterations"":0,""fallback_normalized_projected_gradient"":NaN,""independent_kkt_confirmed"":false,""projected_gradient_N"":0.0033663082640881872,""normalized_projected_gradient"":1.4961370062614166e-05,""accepted"":true}]",f141ffbd04ef138b9650f2a9878eed8fa60e248adf3e7f5898dbf890fce55fc4,d06c8aa5a844044b059518a454bb52ff40e1addc084e0ee363b3e8e1614a100f
D044,test,9.182421712424066,0.1,6.303663537788967,0.10672007101684765,0.1,0.041510531968165926,0.05411098135903441,7.875233250839573,2.77111112707028,0.15,0.581430691105928,0.0063319972586233595,0.3991478024056377,0.006757511971187695,0.041510531968165926,0.05411098135903441,0.3518767049566251,0.0541299114765511,0.1,0.4,1.7337769676800838,1.734134396105401,0.2518277477875871,13.567532538438304,16.720636374945023,16.72593594767862,-0.075,2.5690000143632523,True,True,0.0025603736582203926,1.1379438480979523e-05,707.0,CONVERGENCE: NORM OF PROJECTED GRADIENT <= PGTOL,L-BFGS-B,True,False,False,1,"[{""strain"":0.1,""subdivision"":1,""substep"":1,""optimizer_method"":""L-BFGS-B"",""selected_success"":true,""selected_message"":""CONVERGENCE: NORM OF PROJECTED GRADIENT <= PGTOL"",""selected_iterations"":707,""primary_success"":true,""primary_message"":""CONVERGENCE: NORM OF PROJECTED GRADIENT <= PGTOL"",""primary_iterations"":707,""fallback_used"":false,""fallback_success"":false,""fallback_message"":""not invoked"",""fallback_iterations"":0,""fallback_normalized_projected_gradient"":NaN,""independent_kkt_confirmed"":false,""projected_gradient_N"":0.0025603736582203926,""normalized_projected_gradient"":1.1379438480979523e-05,""accepted"":true}]",f141ffbd04ef138b9650f2a9878eed8fa60e248adf3e7f5898dbf890fce55fc4,d06c8aa5a844044b059518a454bb52ff40e1addc084e0ee363b3e8e1614a100f
D044,test,9.182421712424066,0.1,6.303663537788967,0.10672007101684765,0.1,0.041510531968165926,0.05411098135903441,7.875233250839573,2.77111112707028,0.15,0.581430691105928,0.0063319972586233595,0.3991478024056377,0.006757511971187695,0.041510531968165926,0.05411098135903441,0.3518767049566251,0.0541299114765511,0.15,0.6,2.419340698707854,2.4193656504085506,0.5408593401611019,19.20493820658003,23.534117371045653,23.534278764074056,-0.075,2.430444458009738,True,True,0.0031370793788991214,1.3942575017329428e-05,601.0,CONVERGENCE: NORM OF PROJECTED GRADIENT <= PGTOL,L-BFGS-B,True,False,False,1,"[{""strain"":0.15,""subdivision"":1,""substep"":1,""optimizer_method"":""L-BFGS-B"",""selected_success"":true,""selected_message"":""CONVERGENCE: NORM OF PROJECTED GRADIENT <= PGTOL"",""selected_iterations"":601,""primary_success"":true,""primary_message"":""CONVERGENCE: NORM OF PROJECTED GRADIENT <= PGTOL"",""primary_iterations"":601,""fallback_used"":false,""fallback_success"":false,""fallback_message"":""not invoked"",""fallback_iterations"":0,""fallback_normalized_projected_gradient"":NaN,""independent_kkt_confirmed"":false,""projected_gradient_N"":0.0031370793788991214,""normalized_projected_gradient"":1.3942575017329428e-05,""accepted"":true}]",f141ffbd04ef138b9650f2a9878eed8fa60e248adf3e7f5898dbf890fce55fc4,d06c8aa5a844044b059518a454bb52ff40e1addc084e0ee363b3e8e1614a100f
D044,test,9.182421712424066,0.1,6.303663537788967,0.10672007101684765,0.1,0.041510531968165926,0.05411098135903441,7.875233250839573,2.77111112707028,0.15,0.581430691105928,0.0063319972586233595,0.3991478024056377,0.006757511971187695,0.041510531968165926,0.05411098135903441,0.3518767049566251,0.0541299114765511,0.2,0.8,3.1542120830888107,3.154852960591294,0.9251808199354961,23.7150458336968,28.153494373658077,28.159386168476804,-0.075,2.291888901656224,True,True,0.00324492250393823,1.4421877795281022e-05,557.0,CONVERGENCE: NORM OF PROJECTED GRADIENT <= PGTOL,L-BFGS-B,True,False,False,1,"[{""strain"":0.2,""subdivision"":1,""substep"":1,""optimizer_method"":""L-BFGS-B"",""selected_success"":true,""selected_message"":""CONVERGENCE: NORM OF PROJECTED GRADIENT <= PGTOL"",""selected_iterations"":557,""primary_success"":true,""primary_message"":""CONVERGENCE: NORM OF PROJECTED GRADIENT <= PGTOL"",""primary_iterations"":557,""fallback_used"":false,""fallback_success"":false,""fallback_message"":""not invoked"",""fallback_iterations"":0,""fallback_normalized_projected_gradient"":NaN,""independent_kkt_confirmed"":false,""projected_gradient_N"":0.00324492250393823,""normalized_projected_gradient"":1.4421877795281022e-05,""accepted"":true}]",f141ffbd04ef138b9650f2a9878eed8fa60e248adf3e7f5898dbf890fce55fc4,d06c8aa5a844044b059518a454bb52ff40e1addc084e0ee363b3e8e1614a100f
D045,train,0.1089776934295784,10.0,8.9113648183197,4.22470329882336,10.0,0.05616216804300321,0.15657430717516446,7.877615097896387,3.4416934439205145,0.15584783530035248,0.0032780130323935715,0.3007966978592578,0.26805091107697304,0.12707768017211798,0.05616216804300321,0.15657430717516446,0.4368953548948556,0.045282311699098486,0.0,0.0,0.0,0.0,0.0,0.0,0.0,0.0,-0.07792391765017624,3.5196173615706905,True,True,0.0,0.0,0.0,undeformed reference,reference,True,False,False,1,[],f141ffbd04ef138b9650f2a9878eed8fa60e248adf3e7f5898dbf890fce55fc4,d06c8aa5a844044b059518a454bb52ff40e1addc084e0ee363b3e8e1614a100f
D045,train,0.1089776934295784,10.0,8.9113648183197,4.22470329882336,10.0,0.05616216804300321,0.15657430717516446,7.877615097896387,3.4416934439205145,0.15584783530035248,0.0032780130323935715,0.3007966978592578,0.26805091107697304,0.12707768017211798,0.05616216804300321,0.15657430717516446,0.4368953548948556,0.045282311699098486,0.05,0.2,1.30150474676487,1.2999026660045883,0.11683530593148568,8.96059986645198,11.048611020025673,11.087741251258134,-0.07792391765017624,3.3475326893746646,True,True,0.0026804826901320467,1.1466238569461795e-05,867.0,CONVERGENCE: NORM OF PROJECTED GRADIENT <= PGTOL,L-BFGS-B,True,False,False,1,"[{""strain"":0.05,""subdivision"":1,""substep"":1,""optimizer_method"":""L-BFGS-B"",""selected_success"":true,""selected_message"":""CONVERGENCE: NORM OF PROJECTED GRADIENT <= PGTOL"",""selected_iterations"":867,""primary_success"":true,""primary_message"":""CONVERGENCE: NORM OF PROJECTED GRADIENT <= PGTOL"",""primary_iterations"":867,""fallback_used"":false,""fallback_success"":false,""fallback_message"":""not invoked"",""fallback_iterations"":0,""fallback_normalized_projected_gradient"":NaN,""independent_kkt_confirmed"":false,""projected_gradient_N"":0.0026804826901320467,""normalized_projected_gradient"":1.1466238569461795e-05,""accepted"":true}]",f141ffbd04ef138b9650f2a9878eed8fa60e248adf3e7f5898dbf890fce55fc4,d06c8aa5a844044b059518a454bb52ff40e1addc084e0ee363b3e8e1614a100f
D045,train,0.1089776934295784,10.0,8.9113648183197,4.22470329882336,10.0,0.05616216804300321,0.15657430717516446,7.877615097896387,3.4416934439205145,0.15584783530035248,0.0032780130323935715,0.3007966978592578,0.26805091107697304,0.12707768017211798,0.05616216804300321,0.15657430717516446,0.4368953548948556,0.045282311699098486,0.1,0.4,2.3399024019423362,2.3454525657795546,0.4341814372642462,16.67536270341185,20.465537444466438,20.527594257550003,-0.07792391765017624,3.1754480171786392,True,True,0.0029219679029762746,1.249923425776179e-05,1017.0,CONVERGENCE: NORM OF PROJECTED GRADIENT <= PGTOL,L-BFGS-B,True,False,False,1,"[{""strain"":0.1,""subdivision"":1,""substep"":1,""optimizer_method"":""L-BFGS-B"",""selected_success"":true,""selected_message"":""CONVERGENCE: NORM OF PROJECTED GRADIENT <= PGTOL"",""selected_iterations"":1017,""primary_success"":true,""primary_message"":""CONVERGENCE: NORM OF PROJECTED GRADIENT <= PGTOL"",""primary_iterations"":1017,""fallback_used"":false,""fallback_success"":false,""fallback_message"":""not invoked"",""fallback_iterations"":0,""fallback_normalized_projected_gradient"":NaN,""independent_kkt_confirmed"":false,""projected_gradient_N"":0.0029219679029762746,""normalized_projected_gradient"":1.249923425776179e-05,""accepted"":true}]",f141ffbd04ef138b9650f2a9878eed8fa60e248adf3e7f5898dbf890fce55fc4,d06c8aa5a844044b059518a454bb52ff40e1addc084e0ee363b3e8e1614a100f
D045,train,0.1089776934295784,10.0,8.9113648183197,4.22470329882336,10.0,0.05616216804300321,0.15657430717516446,7.877615097896387,3.4416934439205145,0.15584783530035248,0.0032780130323935715,0.3007966978592578,0.26805091107697304,0.12707768017211798,0.05616216804300321,0.15657430717516446,0.4368953548948556,0.045282311699098486,0.15,0.6,3.165844366794915,3.1661226056331606,0.9103252927919214,23.07854396478369,28.172475820574345,28.2383211874752,-0.07792391765017624,3.0033633449826134,True,True,0.003391547346999424,1.4507943342997262e-05,860.0,CONVERGENCE: NORM OF PROJECTED GRADIENT <= PGTOL,L-BFGS-B,True,False,False,1,"[{""strain"":0.15,""subdivision"":1,""substep"":1,""optimizer_method"":""L-BFGS-B"",""selected_success"":true,""selected_message"":""CONVERGENCE: NORM OF PROJECTED GRADIENT <= PGTOL"",""selected_iterations"":860,""primary_success"":true,""primary_message"":""CONVERGENCE: NORM OF PROJECTED GRADIENT <= PGTOL"",""primary_iterations"":860,""fallback_used"":false,""fallback_success"":false,""fallback_message"":""not invoked"",""fallback_iterations"":0,""fallback_normalized_projected_gradient"":NaN,""independent_kkt_confirmed"":false,""projected_gradient_N"":0.003391547346999424,""normalized_projected_gradient"":1.4507943342997262e-05,""accepted"":true}]",f141ffbd04ef138b9650f2a9878eed8fa60e248adf3e7f5898dbf890fce55fc4,d06c8aa5a844044b059518a454bb52ff40e1addc084e0ee363b3e8e1614a100f
D045,train,0.1089776934295784,10.0,8.9113648183197,4.22470329882336,10.0,0.05616216804300321,0.15657430717516446,7.877615097896387,3.4416934439205145,0.15584783530035248,0.0032780130323935715,0.3007966978592578,0.26805091107697304,0.12707768017211798,0.05616216804300321,0.15657430717516446,0.4368953548948556,0.045282311699098486,0.2,0.8,3.8047855441454876,3.811788431236564,1.5124134166841028,28.269744042177265,34.346515363496636,34.41713224908974,-0.07792391765017624,2.8312786727865875,True,True,0.0034006851255705683,1.4547031806234641e-05,615.0,CONVERGENCE: NORM OF PROJECTED GRADIENT <= PGTOL,L-BFGS-B,True,False,False,1,"[{""strain"":0.2,""subdivision"":1,""substep"":1,""optimizer_method"":""L-BFGS-B"",""selected_success"":true,""selected_message"":""CONVERGENCE: NORM OF PROJECTED GRADIENT <= PGTOL"",""selected_iterations"":615,""primary_success"":true,""primary_message"":""CONVERGENCE: NORM OF PROJECTED GRADIENT <= PGTOL"",""primary_iterations"":615,""fallback_used"":false,""fallback_success"":false,""fallback_message"":""not invoked"",""fallback_iterations"":0,""fallback_normalized_projected_gradient"":NaN,""independent_kkt_confirmed"":false,""projected_gradient_N"":0.0034006851255705683,""normalized_projected_gradient"":1.4547031806234641e-05,""accepted"":true}]",f141ffbd04ef138b9650f2a9878eed8fa60e248adf3e7f5898dbf890fce55fc4,d06c8aa5a844044b059518a454bb52ff40e1addc084e0ee363b3e8e1614a100f
D046,train,3.9734885996572125,4.165185740177483,6.653304771215604,5.955316277558207,0.1,0.13751504794938121,0.157971209551448,7.9,2.388617902585863,0.15,0.19059971692195754,0.19979501717299245,0.319144745022951,0.28566373558520897,0.13751504794938121,0.157971209551448,0.30235669652985603,0.06279782121603185,0.0,0.0,0.0,0.0,0.0,0.0,0.0,0.0,-0.075,2.463617902585863,True,True,0.0,0.0,0.0,undeformed reference,reference,True,False,False,1,[],f141ffbd04ef138b9650f2a9878eed8fa60e248adf3e7f5898dbf890fce55fc4,d06c8aa5a844044b059518a454bb52ff40e1addc084e0ee363b3e8e1614a100f
D046,train,3.9734885996572125,4.165185740177483,6.653304771215604,5.955316277558207,0.1,0.13751504794938121,0.157971209551448,7.9,2.388617902585863,0.15,0.19059971692195754,0.19979501717299245,0.319144745022951,0.28566373558520897,0.13751504794938121,0.157971209551448,0.30235669652985603,0.06279782121603185,0.05,0.2,0.801542779157959,0.8078712047808221,0.048733082940653316,6.228901436514345,7.527949171928422,7.540773437650561,-0.075,2.34418700745657,True,True,0.0033407199443978297,1.4847644197323688e-05,609.0,CONVERGENCE: NORM OF PROJECTED GRADIENT <= PGTOL,L-BFGS-B,True,False,False,1,"[{""strain"":0.05,""subdivision"":1,""substep"":1,""optimizer_method"":""L-BFGS-B"",""selected_success"":true,""selected_message"":""CONVERGENCE: NORM OF PROJECTED GRADIENT <= PGTOL"",""selected_iterations"":609,""primary_success"":true,""primary_message"":""CONVERGENCE: NORM OF PROJECTED GRADIENT <= PGTOL"",""primary_iterations"":609,""fallback_used"":false,""fallback_success"":false,""fallback_message"":""not invoked"",""fallback_iterations"":0,""fallback_normalized_projected_gradient"":NaN,""independent_kkt_confirmed"":false,""projected_gradient_N"":0.0033407199443978297,""normalized_projected_gradient"":1.4847644197323688e-05,""accepted"":true}]",f141ffbd04ef138b9650f2a9878eed8fa60e248adf3e7f5898dbf890fce55fc4,d06c8aa5a844044b059518a454bb52ff40e1addc084e0ee363b3e8e1614a100f
D046,train,3.9734885996572125,4.165185740177483,6.653304771215604,5.955316277558207,0.1,0.13751504794938121,0.157971209551448,7.9,2.388617902585863,0.15,0.19059971692195754,0.19979501717299245,0.319144745022951,0.28566373558520897,0.13751504794938121,0.157971209551448,0.30235669652985603,0.06279782121603185,0.1,0.4,1.5320794105305096,1.5302424080090193,0.18897356860650594,12.048480968607638,14.531504072008847,14.550000860606628,-0.075,2.224756112327277,True,True,0.0025248586118908067,1.1221593830625808e-05,610.0,CONVERGENCE: NORM OF PROJECTED GRADIENT <= PGTOL,L-BFGS-B,True,False,False,1,"[{""strain"":0.1,""subdivision"":1,""substep"":1,""optimizer_method"":""L-BFGS-B"",""selected_success"":true,""selected_message"":""CONVERGENCE: NORM OF PROJECTED GRADIENT <= PGTOL"",""selected_iterations"":610,""primary_success"":true,""primary_message"":""CONVERGENCE: NORM OF PROJECTED GRADIENT <= PGTOL"",""primary_iterations"":610,""fallback_used"":false,""fallback_success"":false,""fallback_message"":""not invoked"",""fallback_iterations"":0,""fallback_normalized_projected_gradient"":NaN,""independent_kkt_confirmed"":false,""projected_gradient_N"":0.0025248586118908067,""normalized_projected_gradient"":1.1221593830625808e-05,""accepted"":true}]",f141ffbd04ef138b9650f2a9878eed8fa60e248adf3e7f5898dbf890fce55fc4,d06c8aa5a844044b059518a454bb52ff40e1addc084e0ee363b3e8e1614a100f
D046,train,3.9734885996572125,4.165185740177483,6.653304771215604,5.955316277558207,0.1,0.13751504794938121,0.157971209551448,7.9,2.388617902585863,0.15,0.19059971692195754,0.19979501717299245,0.319144745022951,0.28566373558520897,0.13751504794938121,0.157971209551448,0.30235669652985603,0.06279782121603185,0.15,0.6,2.188159600567257,2.1847923586466482,0.4118649004990337,17.34573037709911,20.877744133281233,20.901838002410795,-0.075,2.1053252171979837,True,True,0.0031687758819856082,1.4083448364380482e-05,560.0,CONVERGENCE: NORM OF PROJECTED GRADIENT <= PGTOL,L-BFGS-B,True,False,False,1,"[{""strain"":0.15,""subdivision"":1,""substep"":1,""optimizer_method"":""L-BFGS-B"",""selected_success"":true,""selected_message"":""CONVERGENCE: NORM OF PROJECTED GRADIENT <= PGTOL"",""selected_iterations"":560,""primary_success"":true,""primary_message"":""CONVERGENCE: NORM OF PROJECTED GRADIENT <= PGTOL"",""primary_iterations"":560,""fallback_used"":false,""fallback_success"":false,""fallback_message"":""not invoked"",""fallback_iterations"":0,""fallback_normalized_projected_gradient"":NaN,""independent_kkt_confirmed"":false,""projected_gradient_N"":0.0031687758819856082,""normalized_projected_gradient"":1.4083448364380482e-05,""accepted"":true}]",f141ffbd04ef138b9650f2a9878eed8fa60e248adf3e7f5898dbf890fce55fc4,d06c8aa5a844044b059518a454bb52ff40e1addc084e0ee363b3e8e1614a100f
D046,train,3.9734885996572125,4.165185740177483,6.653304771215604,5.955316277558207,0.1,0.13751504794938121,0.157971209551448,7.9,2.388617902585863,0.15,0.19059971692195754,0.19979501717299245,0.319144745022951,0.28566373558520897,0.13751504794938121,0.157971209551448,0.30235669652985603,0.06279782121603185,0.2,0.8,2.769185764888979,2.7743782027698822,0.7088283351016627,22.06032018785076,26.436516213818482,26.46007142765017,-0.075,1.9858943220686904,True,True,0.002440279833189063,1.0845688147506946e-05,469.0,CONVERGENCE: NORM OF PROJECTED GRADIENT <= PGTOL,L-BFGS-B,True,False,False,1,"[{""strain"":0.2,""subdivision"":1,""substep"":1,""optimizer_method"":""L-BFGS-B"",""selected_success"":true,""selected_message"":""CONVERGENCE: NORM OF PROJECTED GRADIENT <= PGTOL"",""selected_iterations"":469,""primary_success"":true,""primary_message"":""CONVERGENCE: NORM OF PROJECTED GRADIENT <= PGTOL"",""primary_iterations"":469,""fallback_used"":false,""fallback_success"":false,""fallback_message"":""not invoked"",""fallback_iterations"":0,""fallback_normalized_projected_gradient"":NaN,""independent_kkt_confirmed"":false,""projected_gradient_N"":0.002440279833189063,""normalized_projected_gradient"":1.0845688147506946e-05,""accepted"":true}]",f141ffbd04ef138b9650f2a9878eed8fa60e248adf3e7f5898dbf890fce55fc4,d06c8aa5a844044b059518a454bb52ff40e1addc084e0ee363b3e8e1614a100f
D047,train,0.10517275473774135,0.1,9.95676714281908,10.0,10.0,0.04181430788742697,0.20594886501532242,7.877649141235888,2.2,0.15,0.0034869360225155996,0.003315436617791955,0.3301103038013016,0.3315436617791955,0.04181430788742697,0.20594886501532242,0.27927113286678473,0.06818181818181818,0.0,0.0,0.0,0.0,0.0,0.0,0.0,0.0,-0.075,2.2750000000000004,True,True,0.0,0.0,0.0,undeformed reference,reference,True,False,False,1,[],f141ffbd04ef138b9650f2a9878eed8fa60e248adf3e7f5898dbf890fce55fc4,d06c8aa5a844044b059518a454bb52ff40e1addc084e0ee363b3e8e1614a100f
D047,train,0.10517275473774135,0.1,9.95676714281908,10.0,10.0,0.04181430788742697,0.20594886501532242,7.877649141235888,2.2,0.15,0.0034869360225155996,0.003315436617791955,0.3301103038013016,0.3315436617791955,0.04181430788742697,0.20594886501532242,0.27927113286678473,0.06818181818181818,0.05,0.2,0.8256296362424701,0.8236893126591702,0.04614519196032496,6.102008403425347,7.46284727417451,7.4655475750719855,-0.075,2.1650000000000005,True,True,0.00324340476867363,1.4415132305216133e-05,493.0,CONVERGENCE: NORM OF PROJECTED GRADIENT <= PGTOL,L-BFGS-B,True,False,False,1,"[{""strain"":0.05,""subdivision"":1,""substep"":1,""optimizer_method"":""L-BFGS-B"",""selected_success"":true,""selected_message"":""CONVERGENCE: NORM OF PROJECTED GRADIENT <= PGTOL"",""selected_iterations"":493,""primary_success"":true,""primary_message"":""CONVERGENCE: NORM OF PROJECTED GRADIENT <= PGTOL"",""primary_iterations"":493,""fallback_used"":false,""fallback_success"":false,""fallback_message"":""not invoked"",""fallback_iterations"":0,""fallback_normalized_projected_gradient"":NaN,""independent_kkt_confirmed"":false,""projected_gradient_N"":0.00324340476867363,""normalized_projected_gradient"":1.4415132305216133e-05,""accepted"":true}]",f141ffbd04ef138b9650f2a9878eed8fa60e248adf3e7f5898dbf890fce55fc4,d06c8aa5a844044b059518a454bb52ff40e1addc084e0ee363b3e8e1614a100f
D047,train,0.10517275473774135,0.1,9.95676714281908,10.0,10.0,0.04181430788742697,0.20594886501532242,7.877649141235888,2.2,0.15,0.0034869360225155996,0.003315436617791955,0.3301103038013016,0.3315436617791955,0.04181430788742697,0.20594886501532242,0.27927113286678473,0.06818181818181818,0.1,0.4,1.5761298612024048,1.5690141764845618,0.17871411335123197,11.799242597050124,14.383270958024903,14.384089610381487,-0.075,2.055,True,True,0.0022014322315659918,9.784143251404408e-06,477.0,CONVERGENCE: NORM OF PROJECTED GRADIENT <= PGTOL,L-BFGS-B,True,False,False,1,"[{""strain"":0.1,""subdivision"":1,""substep"":1,""optimizer_method"":""L-BFGS-B"",""selected_success"":true,""selected_message"":""CONVERGENCE: NORM OF PROJECTED GRADIENT <= PGTOL"",""selected_iterations"":477,""primary_success"":true,""primary_message"":""CONVERGENCE: NORM OF PROJECTED GRADIENT <= PGTOL"",""primary_iterations"":477,""fallback_used"":false,""fallback_success"":false,""fallback_message"":""not invoked"",""fallback_iterations"":0,""fallback_normalized_projected_gradient"":NaN,""independent_kkt_confirmed"":false,""projected_gradient_N"":0.0022014322315659918,""normalized_projected_gradient"":9.784143251404408e-06,""accepted"":true}]",f141ffbd04ef138b9650f2a9878eed8fa60e248adf3e7f5898dbf890fce55fc4,d06c8aa5a844044b059518a454bb52ff40e1addc084e0ee363b3e8e1614a100f
D047,train,0.10517275473774135,0.1,9.95676714281908,10.0,10.0,0.04181430788742697,0.20594886501532242,7.877649141235888,2.2,0.15,0.0034869360225155996,0.003315436617791955,0.3301103038013016,0.3315436617791955,0.04181430788742697,0.20594886501532242,0.27927113286678473,0.06818181818181818,0.15,0.6,2.241889092308526,2.2335611488615945,0.38905784408446553,16.983850874721846,20.650191647972473,20.65169661236289,-0.075,1.9450000000000003,True,True,0.003143274100838589,1.3970107114838173e-05,642.0,CONVERGENCE: NORM OF PROJECTED GRADIENT <= PGTOL,L-BFGS-B,True,False,False,1,"[{""strain"":0.15,""subdivision"":1,""substep"":1,""optimizer_method"":""L-BFGS-B"",""selected_success"":true,""selected_message"":""CONVERGENCE: NORM OF PROJECTED GRADIENT <= PGTOL"",""selected_iterations"":642,""primary_success"":true,""primary_message"":""CONVERGENCE: NORM OF PROJECTED GRADIENT <= PGTOL"",""primary_iterations"":642,""fallback_used"":false,""fallback_success"":false,""fallback_message"":""not invoked"",""fallback_iterations"":0,""fallback_normalized_projected_gradient"":NaN,""independent_kkt_confirmed"":false,""projected_gradient_N"":0.003143274100838589,""normalized_projected_gradient"":1.3970107114838173e-05,""accepted"":true}]",f141ffbd04ef138b9650f2a9878eed8fa60e248adf3e7f5898dbf890fce55fc4,d06c8aa5a844044b059518a454bb52ff40e1addc084e0ee363b3e8e1614a100f
D047,train,0.10517275473774135,0.1,9.95676714281908,10.0,10.0,0.04181430788742697,0.20594886501532242,7.877649141235888,2.2,0.15,0.0034869360225155996,0.003315436617791955,0.3301103038013016,0.3315436617791955,0.04181430788742697,0.20594886501532242,0.27927113286678473,0.06818181818181818,0.2,0.8,2.837011619360086,2.8371842270481724,0.6688874976728911,21.612054163105327,26.227500985673316,26.234140126488303,-0.075,1.8350000000000004,True,True,0.002814394775250584,1.2508421223335928e-05,543.0,CONVERGENCE: NORM OF PROJECTED GRADIENT <= PGTOL,L-BFGS-B,True,False,False,1,"[{""strain"":0.2,""subdivision"":1,""substep"":1,""optimizer_method"":""L-BFGS-B"",""selected_success"":true,""selected_message"":""CONVERGENCE: NORM OF PROJECTED GRADIENT <= PGTOL"",""selected_iterations"":543,""primary_success"":true,""primary_message"":""CONVERGENCE: NORM OF PROJECTED GRADIENT <= PGTOL"",""primary_iterations"":543,""fallback_used"":false,""fallback_success"":false,""fallback_message"":""not invoked"",""fallback_iterations"":0,""fallback_normalized_projected_gradient"":NaN,""independent_kkt_confirmed"":false,""projected_gradient_N"":0.002814394775250584,""normalized_projected_gradient"":1.2508421223335928e-05,""accepted"":true}]",f141ffbd04ef138b9650f2a9878eed8fa60e248adf3e7f5898dbf890fce55fc4,d06c8aa5a844044b059518a454bb52ff40e1addc084e0ee363b3e8e1614a100f
D048,test,0.1,0.10576400750120801,9.89319527918681,0.1023768427448622,9.223925048169365,0.0,0.0754678385319073,7.888630481030776,3.911898243335689,0.25,0.00514793593175994,0.005444663345023966,0.5092953545764358,0.00527029427346413,0.0,0.0754678385319073,0.4958906685694494,0.06390759279740982,0.0,0.0,0.0,0.0,0.0,0.0,0.0,0.0,-0.125,4.036898243335688,True,True,0.0,0.0,0.0,undeformed reference,reference,True,False,False,1,[],f141ffbd04ef138b9650f2a9878eed8fa60e248adf3e7f5898dbf890fce55fc4,d06c8aa5a844044b059518a454bb52ff40e1addc084e0ee363b3e8e1614a100f
D048,test,0.1,0.10576400750120801,9.89319527918681,0.1023768427448622,9.223925048169365,0.0,0.0754678385319073,7.888630481030776,3.911898243335689,0.25,0.00514793593175994,0.005444663345023966,0.5092953545764358,0.00527029427346413,0.0,0.0754678385319073,0.4958906685694494,0.06390759279740982,0.05,0.2,5.105957696182196,5.10645636090079,0.5232990717589698,13.839560108055233,16.64471047667658,16.66715297994073,-0.125,3.8413033311689038,True,True,0.00440788353971433,1.175435610590488e-05,683.0,CONVERGENCE: NORM OF PROJECTED GRADIENT <= PGTOL,L-BFGS-B,True,False,False,1,"[{""strain"":0.05,""subdivision"":1,""substep"":1,""optimizer_method"":""L-BFGS-B"",""selected_success"":true,""selected_message"":""CONVERGENCE: NORM OF PROJECTED GRADIENT <= PGTOL"",""selected_iterations"":683,""primary_success"":true,""primary_message"":""CONVERGENCE: NORM OF PROJECTED GRADIENT <= PGTOL"",""primary_iterations"":683,""fallback_used"":false,""fallback_success"":false,""fallback_message"":""not invoked"",""fallback_iterations"":0,""fallback_normalized_projected_gradient"":NaN,""independent_kkt_confirmed"":false,""projected_gradient_N"":0.00440788353971433,""normalized_projected_gradient"":1.175435610590488e-05,""accepted"":true}]",f141ffbd04ef138b9650f2a9878eed8fa60e248adf3e7f5898dbf890fce55fc4,d06c8aa5a844044b059518a454bb52ff40e1addc084e0ee363b3e8e1614a100f
D048,test,0.1,0.10576400750120801,9.89319527918681,0.1023768427448622,9.223925048169365,0.0,0.0754678385319073,7.888630481030776,3.911898243335689,0.25,0.00514793593175994,0.005444663345023966,0.5092953545764358,0.00527029427346413,0.0,0.0754678385319073,0.4958906685694494,0.06390759279740982,0.1,0.4,8.847630664467973,8.84448848284092,1.906540532163253,24.60260573450034,29.48175935804385,29.51042360764624,-0.125,3.6457084190021196,True,True,0.005483756406965412,1.4623350418574432e-05,725.0,CONVERGENCE: NORM OF PROJECTED GRADIENT <= PGTOL,L-BFGS-B,True,False,False,1,"[{""strain"":0.1,""subdivision"":1,""substep"":1,""optimizer_method"":""L-BFGS-B"",""selected_success"":true,""selected_message"":""CONVERGENCE: NORM OF PROJECTED GRADIENT <= PGTOL"",""selected_iterations"":725,""primary_success"":true,""primary_message"":""CONVERGENCE: NORM OF PROJECTED GRADIENT <= PGTOL"",""primary_iterations"":725,""fallback_used"":false,""fallback_success"":false,""fallback_message"":""not invoked"",""fallback_iterations"":0,""fallback_normalized_projected_gradient"":NaN,""independent_kkt_confirmed"":false,""projected_gradient_N"":0.005483756406965412,""normalized_projected_gradient"":1.4623350418574432e-05,""accepted"":true}]",f141ffbd04ef138b9650f2a9878eed8fa60e248adf3e7f5898dbf890fce55fc4,d06c8aa5a844044b059518a454bb52ff40e1addc084e0ee363b3e8e1614a100f
D048,test,0.1,0.10576400750120801,9.89319527918681,0.1023768427448622,9.223925048169365,0.0,0.0754678385319073,7.888630481030776,3.911898243335689,0.25,0.00514793593175994,0.005444663345023966,0.5092953545764358,0.00527029427346413,0.0,0.0754678385319073,0.4958906685694494,0.06390759279740982,0.15,0.6,11.415887052125985,11.417980023788804,3.9025174134519456,32.256605108124845,38.50020585364227,38.528894767903765,-0.125,3.450113506835335,True,True,0.004217227350052977,1.1245939600141271e-05,592.0,CONVERGENCE: NORM OF PROJECTED GRADIENT <= PGTOL,L-BFGS-B,True,False,False,1,"[{""strain"":0.15,""subdivision"":1,""substep"":1,""optimizer_method"":""L-BFGS-B"",""selected_success"":true,""selected_message"":""CONVERGENCE: NORM OF PROJECTED GRADIENT <= PGTOL"",""selected_iterations"":592,""primary_success"":true,""primary_message"":""CONVERGENCE: NORM OF PROJECTED GRADIENT <= PGTOL"",""primary_iterations"":592,""fallback_used"":false,""fallback_success"":false,""fallback_message"":""not invoked"",""fallback_iterations"":0,""fallback_normalized_projected_gradient"":NaN,""independent_kkt_confirmed"":false,""projected_gradient_N"":0.004217227350052977,""normalized_projected_gradient"":1.1245939600141271e-05,""accepted"":true}]",f141ffbd04ef138b9650f2a9878eed8fa60e248adf3e7f5898dbf890fce55fc4,d06c8aa5a844044b059518a454bb52ff40e1addc084e0ee363b3e8e1614a100f
D048,test,0.1,0.10576400750120801,9.89319527918681,0.1023768427448622,9.223925048169365,0.0,0.0754678385319073,7.888630481030776,3.911898243335689,0.25,0.00514793593175994,0.005444663345023966,0.5092953545764358,0.00527029427346413,0.0,0.0754678385319073,0.4958906685694494,0.06390759279740982,0.2,0.8,13.181451716553731,13.18974400728643,6.320440934747179,37.55456504800482,44.66913484167134,44.69482036795146,-0.125,3.2545185946685504,True,True,0.00406364552478794,1.0836388066101173e-05,603.0,CONVERGENCE: NORM OF PROJECTED GRADIENT <= PGTOL,L-BFGS-B,True,False,False,1,"[{""strain"":0.2,""subdivision"":1,""substep"":1,""optimizer_method"":""L-BFGS-B"",""selected_success"":true,""selected_message"":""CONVERGENCE: NORM OF PROJECTED GRADIENT <= PGTOL"",""selected_iterations"":603,""primary_success"":true,""primary_message"":""CONVERGENCE: NORM OF PROJECTED GRADIENT <= PGTOL"",""primary_iterations"":603,""fallback_used"":false,""fallback_success"":false,""fallback_message"":""not invoked"",""fallback_iterations"":0,""fallback_normalized_projected_gradient"":NaN,""independent_kkt_confirmed"":false,""projected_gradient_N"":0.00406364552478794,""normalized_projected_gradient"":1.0836388066101173e-05,""accepted"":true}]",f141ffbd04ef138b9650f2a9878eed8fa60e248adf3e7f5898dbf890fce55fc4,d06c8aa5a844044b059518a454bb52ff40e1addc084e0ee363b3e8e1614a100f
D049,train,0.10509983297615987,5.396625462515962,10.0,1.4400800699881267,10.0,0.06735463105847828,0.20162976107899422,7.9,3.9734016069786158,0.22432950378194239,0.0039009944415536913,0.20030674965199255,0.3711703749746744,0.053451505957104836,0.06735463105847828,0.20162976107899422,0.5029622287314703,0.05645779761802711,0.0,0.0,0.0,0.0,0.0,0.0,0.0,0.0,-0.11216475189097119,4.0855663588695865,True,True,0.0,0.0,0.0,undeformed reference,reference,True,False,False,1,[],f141ffbd04ef138b9650f2a9878eed8fa60e248adf3e7f5898dbf890fce55fc4,d06c8aa5a844044b059518a454bb52ff40e1addc084e0ee363b3e8e1614a100f
D049,train,0.10509983297615987,5.396625462515962,10.0,1.4400800699881267,10.0,0.06735463105847828,0.20162976107899422,7.9,3.9734016069786158,0.22432950378194239,0.0039009944415536913,0.20030674965199255,0.3711703749746744,0.053451505957104836,0.06735463105847828,0.20162976107899422,0.5029622287314703,0.05645779761802711,0.05,0.2,4.154544989941675,4.155626114523432,0.4381766620718982,13.503508326119306,16.6915058584575,16.69765420387538,-0.11216475189097119,3.8868962785206556,True,True,0.004783921630434285,1.4216948877381298e-05,916.0,CONVERGENCE: NORM OF PROJECTED GRADIENT <= PGTOL,L-BFGS-B,True,False,False,1,"[{""strain"":0.05,""subdivision"":1,""substep"":1,""optimizer_method"":""L-BFGS-B"",""selected_success"":true,""selected_message"":""CONVERGENCE: NORM OF PROJECTED GRADIENT <= PGTOL"",""selected_iterations"":916,""primary_success"":true,""primary_message"":""CONVERGENCE: NORM OF PROJECTED GRADIENT <= PGTOL"",""primary_iterations"":916,""fallback_used"":false,""fallback_success"":false,""fallback_message"":""not invoked"",""fallback_iterations"":0,""fallback_normalized_projected_gradient"":NaN,""independent_kkt_confirmed"":false,""projected_gradient_N"":0.004783921630434285,""normalized_projected_gradient"":1.4216948877381298e-05,""accepted"":true}]",f141ffbd04ef138b9650f2a9878eed8fa60e248adf3e7f5898dbf890fce55fc4,d06c8aa5a844044b059518a454bb52ff40e1addc084e0ee363b3e8e1614a100f
D049,train,0.10509983297615987,5.396625462515962,10.0,1.4400800699881267,10.0,0.06735463105847828,0.20162976107899422,7.9,3.9734016069786158,0.22432950378194239,0.0039009944415536913,0.20030674965199255,0.3711703749746744,0.053451505957104836,0.06735463105847828,0.20162976107899422,0.5029622287314703,0.05645779761802711,0.1,0.4,7.083912807821099,7.080887400121556,1.574585970457968,23.91828802404497,29.346140054861376,29.354750212802696,-0.11216475189097119,3.688226198171725,True,True,0.003861810909055574,1.1476602776867059e-05,633.0,CONVERGENCE: NORM OF PROJECTED GRADIENT <= PGTOL,L-BFGS-B,True,False,False,1,"[{""strain"":0.1,""subdivision"":1,""substep"":1,""optimizer_method"":""L-BFGS-B"",""selected_success"":true,""selected_message"":""CONVERGENCE: NORM OF PROJECTED GRADIENT <= PGTOL"",""selected_iterations"":633,""primary_success"":true,""primary_message"":""CONVERGENCE: NORM OF PROJECTED GRADIENT <= PGTOL"",""primary_iterations"":633,""fallback_used"":false,""fallback_success"":false,""fallback_message"":""not invoked"",""fallback_iterations"":0,""fallback_normalized_projected_gradient"":NaN,""independent_kkt_confirmed"":false,""projected_gradient_N"":0.003861810909055574,""normalized_projected_gradient"":1.1476602776867059e-05,""accepted"":true}]",f141ffbd04ef138b9650f2a9878eed8fa60e248adf3e7f5898dbf890fce55fc4,d06c8aa5a844044b059518a454bb52ff40e1addc084e0ee363b3e8e1614a100f
D049,train,0.10509983297615987,5.396625462515962,10.0,1.4400800699881267,10.0,0.06735463105847828,0.20162976107899422,7.9,3.9734016069786158,0.22432950378194239,0.0039009944415536913,0.20030674965199255,0.3711703749746744,0.053451505957104836,0.06735463105847828,0.20162976107899422,0.5029622287314703,0.05645779761802711,0.15,0.6,9.108097815735022,9.112413846667891,3.195263151008425,31.40885028142423,38.274801286689986,38.283959985768455,-0.11216475189097119,3.489556117822794,True,True,0.004348748548951065,1.2923693274509355e-05,682.0,CONVERGENCE: NORM OF PROJECTED GRADIENT <= PGTOL,L-BFGS-B,True,False,False,1,"[{""strain"":0.15,""subdivision"":1,""substep"":1,""optimizer_method"":""L-BFGS-B"",""selected_success"":true,""selected_message"":""CONVERGENCE: NORM OF PROJECTED GRADIENT <= PGTOL"",""selected_iterations"":682,""primary_success"":true,""primary_message"":""CONVERGENCE: NORM OF PROJECTED GRADIENT <= PGTOL"",""primary_iterations"":682,""fallback_used"":false,""fallback_success"":false,""fallback_message"":""not invoked"",""fallback_iterations"":0,""fallback_normalized_projected_gradient"":NaN,""independent_kkt_confirmed"":false,""projected_gradient_N"":0.004348748548951065,""normalized_projected_gradient"":1.2923693274509355e-05,""accepted"":true}]",f141ffbd04ef138b9650f2a9878eed8fa60e248adf3e7f5898dbf890fce55fc4,d06c8aa5a844044b059518a454bb52ff40e1addc084e0ee363b3e8e1614a100f
D049,train,0.10509983297615987,5.396625462515962,10.0,1.4400800699881267,10.0,0.06735463105847828,0.20162976107899422,7.9,3.9734016069786158,0.22432950378194239,0.0039009944415536913,0.20030674965199255,0.3711703749746744,0.053451505957104836,0.06735463105847828,0.20162976107899422,0.5029622287314703,0.05645779761802711,0.2,0.8,10.473263878229316,10.471952192973966,5.147800467203641,36.684686651050626,44.424183748320075,44.43292040300461,-0.11216475189097119,3.2908860374738635,True,True,0.004445066686247667,1.3209933338560337e-05,732.0,CONVERGENCE: NORM OF PROJECTED GRADIENT <= PGTOL,L-BFGS-B,True,False,False,1,"[{""strain"":0.2,""subdivision"":1,""substep"":1,""optimizer_method"":""L-BFGS-B"",""selected_success"":true,""selected_message"":""CONVERGENCE: NORM OF PROJECTED GRADIENT <= PGTOL"",""selected_iterations"":732,""primary_success"":true,""primary_message"":""CONVERGENCE: NORM OF PROJECTED GRADIENT <= PGTOL"",""primary_iterations"":732,""fallback_used"":false,""fallback_success"":false,""fallback_message"":""not invoked"",""fallback_iterations"":0,""fallback_normalized_projected_gradient"":NaN,""independent_kkt_confirmed"":false,""projected_gradient_N"":0.004445066686247667,""normalized_projected_gradient"":1.3209933338560337e-05,""accepted"":true}]",f141ffbd04ef138b9650f2a9878eed8fa60e248adf3e7f5898dbf890fce55fc4,d06c8aa5a844044b059518a454bb52ff40e1addc084e0ee363b3e8e1614a100f
D050,train,0.10135893556415064,2.641491032007587,4.960828904627748,6.953829498950939,9.285192009243126,0.15041450582730784,0.10003892996762236,7.857598103578299,2.2,0.15,0.004233396148044876,0.11032552678020725,0.20719588124195565,0.29043630787132785,0.15041450582730784,0.10003892996762236,0.279983777612415,0.06818181818181818,0.0,0.0,0.0,0.0,0.0,0.0,0.0,0.0,-0.075,2.2750000000000004,True,True,0.0,0.0,0.0,undeformed reference,reference,True,False,False,1,[],f141ffbd04ef138b9650f2a9878eed8fa60e248adf3e7f5898dbf890fce55fc4,d06c8aa5a844044b059518a454bb52ff40e1addc084e0ee363b3e8e1614a100f
D050,train,0.10135893556415064,2.641491032007587,4.960828904627748,6.953829498950939,9.285192009243126,0.15041450582730784,0.10003892996762236,7.857598103578299,2.2,0.15,0.004233396148044876,0.11032552678020725,0.20719588124195565,0.29043630787132785,0.15041450582730784,0.10003892996762236,0.279983777612415,0.06818181818181818,0.05,0.2,0.8227653924465396,0.8221047834568014,0.045787598179471235,6.075955013855653,7.519218666329184,7.595594478416074,-0.075,2.1650000000000005,True,True,0.0032469940313216775,1.44310845836519e-05,597.0,CONVERGENCE: NORM OF PROJECTED GRADIENT <= PGTOL,L-BFGS-B,True,False,False,1,"[{""strain"":0.05,""subdivision"":1,""substep"":1,""optimizer_method"":""L-BFGS-B"",""selected_success"":true,""selected_message"":""CONVERGENCE: NORM OF PROJECTED GRADIENT <= PGTOL"",""selected_iterations"":597,""primary_success"":true,""primary_message"":""CONVERGENCE: NORM OF PROJECTED GRADIENT <= PGTOL"",""primary_iterations"":597,""fallback_used"":false,""fallback_success"":false,""fallback_message"":""not invoked"",""fallback_iterations"":0,""fallback_normalized_projected_gradient"":NaN,""independent_kkt_confirmed"":false,""projected_gradient_N"":0.0032469940313216775,""normalized_projected_gradient"":1.44310845836519e-05,""accepted"":true}]",f141ffbd04ef138b9650f2a9878eed8fa60e248adf3e7f5898dbf890fce55fc4,d06c8aa5a844044b059518a454bb52ff40e1addc084e0ee363b3e8e1614a100f
D050,train,0.10135893556415064,2.641491032007587,4.960828904627748,6.953829498950939,9.285192009243126,0.15041450582730784,0.10003892996762236,7.857598103578299,2.2,0.15,0.004233396148044876,0.11032552678020725,0.20719588124195565,0.29043630787132785,0.15041450582730784,0.10003892996762236,0.279983777612415,0.06818181818181818,0.1,0.4,1.564788829121833,1.5711927086791329,0.17761744075204455,11.75951757537108,14.507970717328416,14.64669281167381,-0.075,2.055,True,True,0.0029875271153579908,1.327789829047996e-05,614.0,CONVERGENCE: NORM OF PROJECTED GRADIENT <= PGTOL,L-BFGS-B,True,False,False,1,"[{""strain"":0.1,""subdivision"":1,""substep"":1,""optimizer_method"":""L-BFGS-B"",""selected_success"":true,""selected_message"":""CONVERGENCE: NORM OF PROJECTED GRADIENT <= PGTOL"",""selected_iterations"":614,""primary_success"":true,""primary_message"":""CONVERGENCE: NORM OF PROJECTED GRADIENT <= PGTOL"",""primary_iterations"":614,""fallback_used"":false,""fallback_success"":false,""fallback_message"":""not invoked"",""fallback_iterations"":0,""fallback_normalized_projected_gradient"":NaN,""independent_kkt_confirmed"":false,""projected_gradient_N"":0.0029875271153579908,""normalized_projected_gradient"":1.327789829047996e-05,""accepted"":true}]",f141ffbd04ef138b9650f2a9878eed8fa60e248adf3e7f5898dbf890fce55fc4,d06c8aa5a844044b059518a454bb52ff40e1addc084e0ee363b3e8e1614a100f
D050,train,0.10135893556415064,2.641491032007587,4.960828904627748,6.953829498950939,9.285192009243126,0.15041450582730784,0.10003892996762236,7.857598103578299,2.2,0.15,0.004233396148044876,0.11032552678020725,0.20719588124195565,0.29043630787132785,0.15041450582730784,0.10003892996762236,0.279983777612415,0.06818181818181818,0.15,0.6,2.2331234327854492,2.2424801696220973,0.38729196765216833,16.946542284995473,20.83562455584849,21.013280144388773,-0.075,1.9450000000000003,True,True,0.0025123948599284074,1.1166199377459588e-05,534.0,CONVERGENCE: NORM OF PROJECTED GRADIENT <= PGTOL,L-BFGS-B,True,False,False,1,"[{""strain"":0.15,""subdivision"":1,""substep"":1,""optimizer_method"":""L-BFGS-B"",""selected_success"":true,""selected_message"":""CONVERGENCE: NORM OF PROJECTED GRADIENT <= PGTOL"",""selected_iterations"":534,""primary_success"":true,""primary_message"":""CONVERGENCE: NORM OF PROJECTED GRADIENT <= PGTOL"",""primary_iterations"":534,""fallback_used"":false,""fallback_success"":false,""fallback_message"":""not invoked"",""fallback_iterations"":0,""fallback_normalized_projected_gradient"":NaN,""independent_kkt_confirmed"":false,""projected_gradient_N"":0.0025123948599284074,""normalized_projected_gradient"":1.1166199377459588e-05,""accepted"":true}]",f141ffbd04ef138b9650f2a9878eed8fa60e248adf3e7f5898dbf890fce55fc4,d06c8aa5a844044b059518a454bb52ff40e1addc084e0ee363b3e8e1614a100f
D050,train,0.10135893556415064,2.641491032007587,4.960828904627748,6.953829498950939,9.285192009243126,0.15041450582730784,0.10003892996762236,7.857598103578299,2.2,0.15,0.004233396148044876,0.11032552678020725,0.20719588124195565,0.29043630787132785,0.15041450582730784,0.10003892996762236,0.279983777612415,0.06818181818181818,0.2,0.8,2.8804156410894426,2.8745558281427463,0.6676527109450338,21.536674579343423,25.987246309185764,26.06150875625818,-0.075,1.8350000000000004,True,True,0.003066330895164393,1.3628137311841746e-05,436.0,CONVERGENCE: NORM OF PROJECTED GRADIENT <= PGTOL,L-BFGS-B,True,False,False,1,"[{""strain"":0.2,""subdivision"":1,""substep"":1,""optimizer_method"":""L-BFGS-B"",""selected_success"":true,""selected_message"":""CONVERGENCE: NORM OF PROJECTED GRADIENT <= PGTOL"",""selected_iterations"":436,""primary_success"":true,""primary_message"":""CONVERGENCE: NORM OF PROJECTED GRADIENT <= PGTOL"",""primary_iterations"":436,""fallback_used"":false,""fallback_success"":false,""fallback_message"":""not invoked"",""fallback_iterations"":0,""fallback_normalized_projected_gradient"":NaN,""independent_kkt_confirmed"":false,""projected_gradient_N"":0.003066330895164393,""normalized_projected_gradient"":1.3628137311841746e-05,""accepted"":true}]",f141ffbd04ef138b9650f2a9878eed8fa60e248adf3e7f5898dbf890fce55fc4,d06c8aa5a844044b059518a454bb52ff40e1addc084e0ee363b3e8e1614a100f
D051,train,8.798220775158237,0.1013561121604794,8.598115805332457,0.10007515440387303,0.10802464138740542,0.0444781816077873,0.08629205581983397,5.93394488913264,3.8946153676441044,0.15,0.4969120010245982,0.0057244606377624815,0.485610334072588,0.005652113819203384,0.0444781816077873,0.08629205581983397,0.6563281999427834,0.03851471476392203,0.0,0.0,0.0,0.0,0.0,0.0,0.0,0.0,-0.075,3.9696153676441046,True,True,0.0,0.0,0.0,undeformed reference,reference,True,False,False,1,[],f141ffbd04ef138b9650f2a9878eed8fa60e248adf3e7f5898dbf890fce55fc4,d06c8aa5a844044b059518a454bb52ff40e1addc084e0ee363b3e8e1614a100f
D051,train,8.798220775158237,0.1013561121604794,8.598115805332457,0.10007515440387303,0.10802464138740542,0.0444781816077873,0.08629205581983397,5.93394488913264,3.8946153676441044,0.15,0.4969120010245982,0.0057244606377624815,0.485610334072588,0.005652113819203384,0.0444781816077873,0.08629205581983397,0.6563281999427834,0.03851471476392203,0.05,0.2,2.416579343346393,2.4204828305846897,0.25652959540033127,14.062803123170331,16.865852966842546,16.88007962922014,-0.075,3.7748845992618993,True,True,0.0031700458470056425,1.4089092653358412e-05,1077.0,CONVERGENCE: NORM OF PROJECTED GRADIENT <= PGTOL,L-BFGS-B,True,False,False,1,"[{""strain"":0.05,""subdivision"":1,""substep"":1,""optimizer_method"":""L-BFGS-B"",""selected_success"":true,""selected_message"":""CONVERGENCE: NORM OF PROJECTED GRADIENT <= PGTOL"",""selected_iterations"":1077,""primary_success"":true,""primary_message"":""CONVERGENCE: NORM OF PROJECTED GRADIENT <= PGTOL"",""primary_iterations"":1077,""fallback_used"":false,""fallback_success"":false,""fallback_message"":""not invoked"",""fallback_iterations"":0,""fallback_normalized_projected_gradient"":NaN,""independent_kkt_confirmed"":false,""projected_gradient_N"":0.0031700458470056425,""normalized_projected_gradient"":1.4089092653358412e-05,""accepted"":true}]",f141ffbd04ef138b9650f2a9878eed8fa60e248adf3e7f5898dbf890fce55fc4,d06c8aa5a844044b059518a454bb52ff40e1addc084e0ee363b3e8e1614a100f
D051,train,8.798220775158237,0.1013561121604794,8.598115805332457,0.10007515440387303,0.10802464138740542,0.0444781816077873,0.08629205581983397,5.93394488913264,3.8946153676441044,0.15,0.4969120010245982,0.0057244606377624815,0.485610334072588,0.005652113819203384,0.0444781816077873,0.08629205581983397,0.6563281999427834,0.03851471476392203,0.1,0.4,3.8933597756947433,3.898772716361594,0.8834698729484332,24.166880347661507,28.903027074339345,28.925403328873074,-0.075,3.580153830879694,True,True,0.0024798379844999108,1.1021502153332936e-05,860.0,CONVERGENCE: NORM OF PROJECTED GRADIENT <= PGTOL,L-BFGS-B,True,False,False,1,"[{""strain"":0.1,""subdivision"":1,""substep"":1,""optimizer_method"":""L-BFGS-B"",""selected_success"":true,""selected_message"":""CONVERGENCE: NORM OF PROJECTED GRADIENT <= PGTOL"",""selected_iterations"":860,""primary_success"":true,""primary_message"":""CONVERGENCE: NORM OF PROJECTED GRADIENT <= PGTOL"",""primary_iterations"":860,""fallback_used"":false,""fallback_success"":false,""fallback_message"":""not invoked"",""fallback_iterations"":0,""fallback_normalized_projected_gradient"":NaN,""independent_kkt_confirmed"":false,""projected_gradient_N"":0.0024798379844999108,""normalized_projected_gradient"":1.1021502153332936e-05,""accepted"":true}]",f141ffbd04ef138b9650f2a9878eed8fa60e248adf3e7f5898dbf890fce55fc4,d06c8aa5a844044b059518a454bb52ff40e1addc084e0ee363b3e8e1614a100f
D051,train,8.798220775158237,0.1013561121604794,8.598115805332457,0.10007515440387303,0.10802464138740542,0.0444781816077873,0.08629205581983397,5.93394488913264,3.8946153676441044,0.15,0.4969120010245982,0.0057244606377624815,0.485610334072588,0.005652113819203384,0.0444781816077873,0.08629205581983397,0.6563281999427834,0.03851471476392203,0.15,0.6,4.783696054137016,4.783229520431778,1.734872297716327,31.11910885071716,37.08767423592289,37.106940611184115,-0.075,3.385423062497489,True,True,0.003372923574072484,1.499077144032215e-05,1172.0,CONVERGENCE: NORM OF PROJECTED GRADIENT <= PGTOL,L-BFGS-B,True,False,False,1,"[{""strain"":0.15,""subdivision"":1,""substep"":1,""optimizer_method"":""L-BFGS-B"",""selected_success"":true,""selected_message"":""CONVERGENCE: NORM OF PROJECTED GRADIENT <= PGTOL"",""selected_iterations"":1172,""primary_success"":true,""primary_message"":""CONVERGENCE: NORM OF PROJECTED GRADIENT <= PGTOL"",""primary_iterations"":1172,""fallback_used"":false,""fallback_success"":false,""fallback_message"":""not invoked"",""fallback_iterations"":0,""fallback_normalized_projected_gradient"":NaN,""independent_kkt_confirmed"":false,""projected_gradient_N"":0.003372923574072484,""normalized_projected_gradient"":1.499077144032215e-05,""accepted"":true}]",f141ffbd04ef138b9650f2a9878eed8fa60e248adf3e7f5898dbf890fce55fc4,d06c8aa5a844044b059518a454bb52ff40e1addc084e0ee363b3e8e1614a100f
D051,train,8.798220775158237,0.1013561121604794,8.598115805332457,0.10007515440387303,0.10802464138740542,0.0444781816077873,0.08629205581983397,5.93394488913264,3.8946153676441044,0.15,0.4969120010245982,0.0057244606377624815,0.485610334072588,0.005652113819203384,0.0444781816077873,0.08629205581983397,0.6563281999427834,0.03851471476392203,0.2,0.8,5.348080725234569,5.345075110035706,2.7252981896455934,35.96169791885344,42.72950380908692,42.74404347573092,-0.075,3.1906922941152835,True,True,0.0025170946042329945,1.118708712992442e-05,909.0,CONVERGENCE: NORM OF PROJECTED GRADIENT <= PGTOL,L-BFGS-B,True,False,False,1,"[{""strain"":0.2,""subdivision"":1,""substep"":1,""optimizer_method"":""L-BFGS-B"",""selected_success"":true,""selected_message"":""CONVERGENCE: NORM OF PROJECTED GRADIENT <= PGTOL"",""selected_iterations"":909,""primary_success"":true,""primary_message"":""CONVERGENCE: NORM OF PROJECTED GRADIENT <= PGTOL"",""primary_iterations"":909,""fallback_used"":false,""fallback_success"":false,""fallback_message"":""not invoked"",""fallback_iterations"":0,""fallback_normalized_projected_gradient"":NaN,""independent_kkt_confirmed"":false,""projected_gradient_N"":0.0025170946042329945,""normalized_projected_gradient"":1.118708712992442e-05,""accepted"":true}]",f141ffbd04ef138b9650f2a9878eed8fa60e248adf3e7f5898dbf890fce55fc4,d06c8aa5a844044b059518a454bb52ff40e1addc084e0ee363b3e8e1614a100f
D052,test,9.80190717528759,0.10415946093403579,8.64012471628833,0.10178778615316227,10.0,0.004996565236212547,0.01831705700345449,7.9,3.27330971092272,0.17932095120344657,0.3421500388506986,0.003635839736893095,0.3015963071764345,0.003553052927764463,0.004996565236212547,0.01831705700345449,0.41434300138262276,0.05478276333127592,0.0,0.0,0.0,0.0,0.0,0.0,0.0,0.0,-0.08966047560172329,3.3629701865244432,True,True,0.0,0.0,0.0,undeformed reference,reference,True,False,False,1,[],f141ffbd04ef138b9650f2a9878eed8fa60e248adf3e7f5898dbf890fce55fc4,d06c8aa5a844044b059518a454bb52ff40e1addc084e0ee363b3e8e1614a100f
D052,test,9.80190717528759,0.10415946093403579,8.64012471628833,0.10178778615316227,10.0,0.004996565236212547,0.01831705700345449,7.9,3.27330971092272,0.17932095120344657,0.3421500388506986,0.003635839736893095,0.3015963071764345,0.003553052927764463,0.004996565236212547,0.01831705700345449,0.41434300138262276,0.05478276333127592,0.05,0.2,1.6279921527646775,1.622638396566202,0.13631084205252408,9.037501522472525,11.500115904131153,11.500168521885183,-0.08966047560172329,3.199304700978307,True,True,0.0036733346239166687,1.3656461962994043e-05,982.0,CONVERGENCE: NORM OF PROJECTED GRADIENT <= PGTOL,L-BFGS-B,True,False,False,1,"[{""strain"":0.05,""subdivision"":1,""substep"":1,""optimizer_method"":""L-BFGS-B"",""selected_success"":true,""selected_message"":""CONVERGENCE: NORM OF PROJECTED GRADIENT <= PGTOL"",""selected_iterations"":982,""primary_success"":true,""primary_message"":""CONVERGENCE: NORM OF PROJECTED GRADIENT <= PGTOL"",""primary_iterations"":982,""fallback_used"":false,""fallback_success"":false,""fallback_message"":""not invoked"",""fallback_iterations"":0,""fallback_normalized_projected_gradient"":NaN,""independent_kkt_confirmed"":false,""projected_gradient_N"":0.0036733346239166687,""normalized_projected_gradient"":1.3656461962994043e-05,""accepted"":true}]",f141ffbd04ef138b9650f2a9878eed8fa60e248adf3e7f5898dbf890fce55fc4,d06c8aa5a844044b059518a454bb52ff40e1addc084e0ee363b3e8e1614a100f
D052,test,9.80190717528759,0.10415946093403579,8.64012471628833,0.10178778615316227,10.0,0.004996565236212547,0.01831705700345449,7.9,3.27330971092272,0.17932095120344657,0.3421500388506986,0.003635839736893095,0.3015963071764345,0.003553052927764463,0.004996565236212547,0.01831705700345449,0.41434300138262276,0.05478276333127592,0.1,0.4,2.9720585504013,2.978332557314571,0.5161206977317558,16.859998673105572,21.353570102364795,21.355111651141375,-0.08966047560172329,3.0356392154321714,True,True,0.003697250786143469,1.374537576834806e-05,777.0,CONVERGENCE: NORM OF PROJECTED GRADIENT <= PGTOL,L-BFGS-B,True,False,False,1,"[{""strain"":0.1,""subdivision"":1,""substep"":1,""optimizer_method"":""L-BFGS-B"",""selected_success"":true,""selected_message"":""CONVERGENCE: NORM OF PROJECTED GRADIENT <= PGTOL"",""selected_iterations"":777,""primary_success"":true,""primary_message"":""CONVERGENCE: NORM OF PROJECTED GRADIENT <= PGTOL"",""primary_iterations"":777,""fallback_used"":false,""fallback_success"":false,""fallback_message"":""not invoked"",""fallback_iterations"":0,""fallback_normalized_projected_gradient"":NaN,""independent_kkt_confirmed"":false,""projected_gradient_N"":0.003697250786143469,""normalized_projected_gradient"":1.374537576834806e-05,""accepted"":true}]",f141ffbd04ef138b9650f2a9878eed8fa60e248adf3e7f5898dbf890fce55fc4,d06c8aa5a844044b059518a454bb52ff40e1addc084e0ee363b3e8e1614a100f
D052,test,9.80190717528759,0.10415946093403579,8.64012471628833,0.10178778615316227,10.0,0.004996565236212547,0.01831705700345449,7.9,3.27330971092272,0.17932095120344657,0.3421500388506986,0.003635839736893095,0.3015963071764345,0.003553052927764463,0.004996565236212547,0.01831705700345449,0.41434300138262276,0.05478276333127592,0.15,0.6,4.356965171095943,4.3544131912273905,1.111784902202798,22.717540290128373,27.78396302364483,27.799390299382495,-0.08966047560172329,2.8719737298860353,True,True,0.003700127012394472,1.3756068797547752e-05,622.0,CONVERGENCE: NORM OF PROJECTED GRADIENT <= PGTOL,L-BFGS-B,True,False,False,1,"[{""strain"":0.15,""subdivision"":1,""substep"":1,""optimizer_method"":""L-BFGS-B"",""selected_success"":true,""selected_message"":""CONVERGENCE: NORM OF PROJECTED GRADIENT <= PGTOL"",""selected_iterations"":622,""primary_success"":true,""primary_message"":""CONVERGENCE: NORM OF PROJECTED GRADIENT <= PGTOL"",""primary_iterations"":622,""fallback_used"":false,""fallback_success"":false,""fallback_message"":""not invoked"",""fallback_iterations"":0,""fallback_normalized_projected_gradient"":NaN,""independent_kkt_confirmed"":false,""projected_gradient_N"":0.003700127012394472,""normalized_projected_gradient"":1.3756068797547752e-05,""accepted"":true}]",f141ffbd04ef138b9650f2a9878eed8fa60e248adf3e7f5898dbf890fce55fc4,d06c8aa5a844044b059518a454bb52ff40e1addc084e0ee363b3e8e1614a100f
D052,test,9.80190717528759,0.10415946093403579,8.64012471628833,0.10178778615316227,10.0,0.004996565236212547,0.01831705700345449,7.9,3.27330971092272,0.17932095120344657,0.3421500388506986,0.003635839736893095,0.3015963071764345,0.003553052927764463,0.004996565236212547,0.01831705700345449,0.41434300138262276,0.05478276333127592,0.2,0.8,5.608374101430313,5.613552696510985,1.9309783549810438,27.78905296561608,32.687943743832236,32.69659342360933,-0.08966047560172329,2.708308244339899,True,True,0.00393241213251927,1.4619641880952682e-05,585.0,CONVERGENCE: NORM OF PROJECTED GRADIENT <= PGTOL,L-BFGS-B,True,False,False,1,"[{""strain"":0.2,""subdivision"":1,""substep"":1,""optimizer_method"":""L-BFGS-B"",""selected_success"":true,""selected_message"":""CONVERGENCE: NORM OF PROJECTED GRADIENT <= PGTOL"",""selected_iterations"":585,""primary_success"":true,""primary_message"":""CONVERGENCE: NORM OF PROJECTED GRADIENT <= PGTOL"",""primary_iterations"":585,""fallback_used"":false,""fallback_success"":false,""fallback_message"":""not invoked"",""fallback_iterations"":0,""fallback_normalized_projected_gradient"":NaN,""independent_kkt_confirmed"":false,""projected_gradient_N"":0.00393241213251927,""normalized_projected_gradient"":1.4619641880952682e-05,""accepted"":true}]",f141ffbd04ef138b9650f2a9878eed8fa60e248adf3e7f5898dbf890fce55fc4,d06c8aa5a844044b059518a454bb52ff40e1addc084e0ee363b3e8e1614a100f
D053,train,0.1,10.0,6.630298744949112,5.368876767435974,9.648008281262946,0.0010432171780562008,0.0,7.752130891377851,2.2305962975190416,0.15,0.0031498856922234464,0.31498856922234464,0.2088468315188228,0.1691134811305744,0.0010432171780562008,0.0,0.2877397619795064,0.0672465923873522,0.0,0.0,0.0,0.0,0.0,0.0,0.0,0.0,-0.075,2.305596297519042,True,True,0.0,0.0,0.0,undeformed reference,reference,True,False,False,1,[],f141ffbd04ef138b9650f2a9878eed8fa60e248adf3e7f5898dbf890fce55fc4,d06c8aa5a844044b059518a454bb52ff40e1addc084e0ee363b3e8e1614a100f
D053,train,0.1,10.0,6.630298744949112,5.368876767435974,9.648008281262946,0.0010432171780562008,0.0,7.752130891377851,2.2305962975190416,0.15,0.0031498856922234464,0.31498856922234464,0.2088468315188228,0.1691134811305744,0.0010432171780562008,0.0,0.2877397619795064,0.0672465923873522,0.05,0.2,0.8311289387242684,0.8265502344096127,0.04672490878496151,6.174725694736627,7.55315062541081,7.590763952614049,-0.075,2.19406648264309,True,True,0.002630725318999827,1.169211252888812e-05,708.0,CONVERGENCE: NORM OF PROJECTED GRADIENT <= PGTOL,L-BFGS-B,True,False,False,1,"[{""strain"":0.05,""subdivision"":1,""substep"":1,""optimizer_method"":""L-BFGS-B"",""selected_success"":true,""selected_message"":""CONVERGENCE: NORM OF PROJECTED GRADIENT <= PGTOL"",""selected_iterations"":708,""primary_success"":true,""primary_message"":""CONVERGENCE: NORM OF PROJECTED GRADIENT <= PGTOL"",""primary_iterations"":708,""fallback_used"":false,""fallback_success"":false,""fallback_message"":""not invoked"",""fallback_iterations"":0,""fallback_normalized_projected_gradient"":NaN,""independent_kkt_confirmed"":false,""projected_gradient_N"":0.002630725318999827,""normalized_projected_gradient"":1.169211252888812e-05,""accepted"":true}]",f141ffbd04ef138b9650f2a9878eed8fa60e248adf3e7f5898dbf890fce55fc4,d06c8aa5a844044b059518a454bb52ff40e1addc084e0ee363b3e8e1614a100f
D053,train,0.1,10.0,6.630298744949112,5.368876767435974,9.648008281262946,0.0010432171780562008,0.0,7.752130891377851,2.2305962975190416,0.15,0.0031498856922234464,0.31498856922234464,0.2088468315188228,0.1691134811305744,0.0010432171780562008,0.0,0.2877397619795064,0.0672465923873522,0.1,0.4,1.5704165095105935,1.5719730199886552,0.18136612830715765,11.951580393661274,14.578255784048913,14.645460537668836,-0.075,2.0825366677671378,True,True,0.0033699779993728862,1.4977679997212827e-05,589.0,CONVERGENCE: NORM OF PROJECTED GRADIENT <= PGTOL,L-BFGS-B,True,False,False,1,"[{""strain"":0.1,""subdivision"":1,""substep"":1,""optimizer_method"":""L-BFGS-B"",""selected_success"":true,""selected_message"":""CONVERGENCE: NORM OF PROJECTED GRADIENT <= PGTOL"",""selected_iterations"":589,""primary_success"":true,""primary_message"":""CONVERGENCE: NORM OF PROJECTED GRADIENT <= PGTOL"",""primary_iterations"":589,""fallback_used"":false,""fallback_success"":false,""fallback_message"":""not invoked"",""fallback_iterations"":0,""fallback_normalized_projected_gradient"":NaN,""independent_kkt_confirmed"":false,""projected_gradient_N"":0.0033699779993728862,""normalized_projected_gradient"":1.4977679997212827e-05,""accepted"":true}]",f141ffbd04ef138b9650f2a9878eed8fa60e248adf3e7f5898dbf890fce55fc4,d06c8aa5a844044b059518a454bb52ff40e1addc084e0ee363b3e8e1614a100f
D053,train,0.1,10.0,6.630298744949112,5.368876767435974,9.648008281262946,0.0010432171780562008,0.0,7.752130891377851,2.2305962975190416,0.15,0.0031498856922234464,0.31498856922234464,0.2088468315188228,0.1691134811305744,0.0010432171780562008,0.0,0.2877397619795064,0.0672465923873522,0.15,0.6,2.253370226317712,2.2547362935857613,0.3956517023790689,17.21947564947848,20.951255035132657,21.0370927451268,-0.075,1.9710068528911857,True,True,0.0033586865853652004,1.4927495934956446e-05,705.0,CONVERGENCE: NORM OF PROJECTED GRADIENT <= PGTOL,L-BFGS-B,True,False,False,1,"[{""strain"":0.15,""subdivision"":1,""substep"":1,""optimizer_method"":""L-BFGS-B"",""selected_success"":true,""selected_message"":""CONVERGENCE: NORM OF PROJECTED GRADIENT <= PGTOL"",""selected_iterations"":705,""primary_success"":true,""primary_message"":""CONVERGENCE: NORM OF PROJECTED GRADIENT <= PGTOL"",""primary_iterations"":705,""fallback_used"":false,""fallback_success"":false,""fallback_message"":""not invoked"",""fallback_iterations"":0,""fallback_normalized_projected_gradient"":NaN,""independent_kkt_confirmed"":false,""projected_gradient_N"":0.0033586865853652004,""normalized_projected_gradient"":1.4927495934956446e-05,""accepted"":true}]",f141ffbd04ef138b9650f2a9878eed8fa60e248adf3e7f5898dbf890fce55fc4,d06c8aa5a844044b059518a454bb52ff40e1addc084e0ee363b3e8e1614a100f
D053,train,0.1,10.0,6.630298744949112,5.368876767435974,9.648008281262946,0.0010432171780562008,0.0,7.752130891377851,2.2305962975190416,0.15,0.0031498856922234464,0.31498856922234464,0.2088468315188228,0.1691134811305744,0.0010432171780562008,0.0,0.2877397619795064,0.0672465923873522,0.2,0.8,2.8635714691165974,2.864298151796226,0.6815323212918372,21.929088755022224,26.60781421759163,26.705110581838266,-0.075,1.8594770380152335,True,True,0.002686718091227114,1.1940969294342728e-05,600.0,CONVERGENCE: NORM OF PROJECTED GRADIENT <= PGTOL,L-BFGS-B,True,False,False,1,"[{""strain"":0.2,""subdivision"":1,""substep"":1,""optimizer_method"":""L-BFGS-B"",""selected_success"":true,""selected_message"":""CONVERGENCE: NORM OF PROJECTED GRADIENT <= PGTOL"",""selected_iterations"":600,""primary_success"":true,""primary_message"":""CONVERGENCE: NORM OF PROJECTED GRADIENT <= PGTOL"",""primary_iterations"":600,""fallback_used"":false,""fallback_success"":false,""fallback_message"":""not invoked"",""fallback_iterations"":0,""fallback_normalized_projected_gradient"":NaN,""independent_kkt_confirmed"":false,""projected_gradient_N"":0.002686718091227114,""normalized_projected_gradient"":1.1940969294342728e-05,""accepted"":true}]",f141ffbd04ef138b9650f2a9878eed8fa60e248adf3e7f5898dbf890fce55fc4,d06c8aa5a844044b059518a454bb52ff40e1addc084e0ee363b3e8e1614a100f
D054,train,0.1,10.0,9.79370909047394,10.0,10.0,0.03539348278309991,0.0414333727037666,7.9,2.8748790882213506,0.15,0.0025066608816245316,0.25066608816245317,0.24549507463101594,0.25066608816245317,0.03539348278309991,0.0414333727037666,0.36390874534447476,0.052176107375981155,0.0,0.0,0.0,0.0,0.0,0.0,0.0,0.0,-0.075,2.949879088221351,True,True,0.0,0.0,0.0,undeformed reference,reference,True,False,False,1,[],f141ffbd04ef138b9650f2a9878eed8fa60e248adf3e7f5898dbf890fce55fc4,d06c8aa5a844044b059518a454bb52ff40e1addc084e0ee363b3e8e1614a100f
D054,train,0.1,10.0,9.79370909047394,10.0,10.0,0.03539348278309991,0.0414333727037666,7.9,2.8748790882213506,0.15,0.0025066608816245316,0.25066608816245317,0.24549507463101594,0.25066608816245317,0.03539348278309991,0.0414333727037666,0.36390874534447476,0.052176107375981155,0.05,0.2,0.9312395094638847,0.9296931301453871,0.06797808695592202,7.20341986597781,8.5427908291252,8.545383279234903,-0.075,2.806135133810283,True,True,0.0032183473525729533,1.4303766011435348e-05,650.0,CONVERGENCE: NORM OF PROJECTED GRADIENT <= PGTOL,L-BFGS-B,True,False,False,1,"[{""strain"":0.05,""subdivision"":1,""substep"":1,""optimizer_method"":""L-BFGS-B"",""selected_success"":true,""selected_message"":""CONVERGENCE: NORM OF PROJECTED GRADIENT <= PGTOL"",""selected_iterations"":650,""primary_success"":true,""primary_message"":""CONVERGENCE: NORM OF PROJECTED GRADIENT <= PGTOL"",""primary_iterations"":650,""fallback_used"":false,""fallback_success"":false,""fallback_message"":""not invoked"",""fallback_iterations"":0,""fallback_normalized_projected_gradient"":NaN,""independent_kkt_confirmed"":false,""projected_gradient_N"":0.0032183473525729533,""normalized_projected_gradient"":1.4303766011435348e-05,""accepted"":true}]",f141ffbd04ef138b9650f2a9878eed8fa60e248adf3e7f5898dbf890fce55fc4,d06c8aa5a844044b059518a454bb52ff40e1addc084e0ee363b3e8e1614a100f
D054,train,0.1,10.0,9.79370909047394,10.0,10.0,0.03539348278309991,0.0414333727037666,7.9,2.8748790882213506,0.15,0.0025066608816245316,0.25066608816245317,0.24549507463101594,0.25066608816245317,0.03539348278309991,0.0414333727037666,0.36390874534447476,0.052176107375981155,0.1,0.4,1.733454165117767,1.7276942404588387,0.2603061491349331,13.76334607069497,16.2975183244695,16.299201123217,-0.075,2.662391179399216,True,True,0.0032341313766963697,1.4373917229761644e-05,622.0,CONVERGENCE: NORM OF PROJECTED GRADIENT <= PGTOL,L-BFGS-B,True,False,False,1,"[{""strain"":0.1,""subdivision"":1,""substep"":1,""optimizer_method"":""L-BFGS-B"",""selected_success"":true,""selected_message"":""CONVERGENCE: NORM OF PROJECTED GRADIENT <= PGTOL"",""selected_iterations"":622,""primary_success"":true,""primary_message"":""CONVERGENCE: NORM OF PROJECTED GRADIENT <= PGTOL"",""primary_iterations"":622,""fallback_used"":false,""fallback_success"":false,""fallback_message"":""not invoked"",""fallback_iterations"":0,""fallback_normalized_projected_gradient"":NaN,""independent_kkt_confirmed"":false,""projected_gradient_N"":0.0032341313766963697,""normalized_projected_gradient"":1.4373917229761644e-05,""accepted"":true}]",f141ffbd04ef138b9650f2a9878eed8fa60e248adf3e7f5898dbf890fce55fc4,d06c8aa5a844044b059518a454bb52ff40e1addc084e0ee363b3e8e1614a100f
D054,train,0.1,10.0,9.79370909047394,10.0,10.0,0.03539348278309991,0.0414333727037666,7.9,2.8748790882213506,0.15,0.0025066608816245316,0.25066608816245317,0.24549507463101594,0.25066608816245317,0.03539348278309991,0.0414333727037666,0.36390874534447476,0.052176107375981155,0.15,0.6,2.430942516326014,2.4246676166812993,0.5605712609262644,19.552844307608417,23.12939924197747,23.130609827354277,-0.075,2.518647224988148,True,True,0.0023594429529831817,1.0486413124369696e-05,692.0,CONVERGENCE: NORM OF PROJECTED GRADIENT <= PGTOL,L-BFGS-B,True,False,False,1,"[{""strain"":0.15,""subdivision"":1,""substep"":1,""optimizer_method"":""L-BFGS-B"",""selected_success"":true,""selected_message"":""CONVERGENCE: NORM OF PROJECTED GRADIENT <= PGTOL"",""selected_iterations"":692,""primary_success"":true,""primary_message"":""CONVERGENCE: NORM OF PROJECTED GRADIENT <= PGTOL"",""primary_iterations"":692,""fallback_used"":false,""fallback_success"":false,""fallback_message"":""not invoked"",""fallback_iterations"":0,""fallback_normalized_projected_gradient"":NaN,""independent_kkt_confirmed"":false,""projected_gradient_N"":0.0023594429529831817,""normalized_projected_gradient"":1.0486413124369696e-05,""accepted"":true}]",f141ffbd04ef138b9650f2a9878eed8fa60e248adf3e7f5898dbf890fce55fc4,d06c8aa5a844044b059518a454bb52ff40e1addc084e0ee363b3e8e1614a100f
D054,train,0.1,10.0,9.79370909047394,10.0,10.0,0.03539348278309991,0.0414333727037666,7.9,2.8748790882213506,0.15,0.0025066608816245316,0.25066608816245317,0.24549507463101594,0.25066608816245317,0.03539348278309991,0.0414333727037666,0.36390874534447476,0.052176107375981155,0.2,0.8,3.033304270841438,3.024996300072238,0.9538657342162589,24.548631943388767,29.013767613737098,29.014641668250494,-0.075,2.3749032705770805,True,True,0.0026980296136724924,1.1991242727433299e-05,681.0,CONVERGENCE: NORM OF PROJECTED GRADIENT <= PGTOL,L-BFGS-B,True,False,False,1,"[{""strain"":0.2,""subdivision"":1,""substep"":1,""optimizer_method"":""L-BFGS-B"",""selected_success"":true,""selected_message"":""CONVERGENCE: NORM OF PROJECTED GRADIENT <= PGTOL"",""selected_iterations"":681,""primary_success"":true,""primary_message"":""CONVERGENCE: NORM OF PROJECTED GRADIENT <= PGTOL"",""primary_iterations"":681,""fallback_used"":false,""fallback_success"":false,""fallback_message"":""not invoked"",""fallback_iterations"":0,""fallback_normalized_projected_gradient"":NaN,""independent_kkt_confirmed"":false,""projected_gradient_N"":0.0026980296136724924,""normalized_projected_gradient"":1.1991242727433299e-05,""accepted"":true}]",f141ffbd04ef138b9650f2a9878eed8fa60e248adf3e7f5898dbf890fce55fc4,d06c8aa5a844044b059518a454bb52ff40e1addc084e0ee363b3e8e1614a100f
D055,train,0.1,0.1,7.990007212528866,4.508833297146054,10.0,0.0,0.19896847738238926,5.617572342144628,2.2,0.25,0.004405511372150355,0.004405511372150355,0.3520006763835927,0.19863716365707115,0.0,0.19896847738238926,0.39162824544242597,0.11363636363636363,0.0,0.0,0.0,0.0,0.0,0.0,0.0,0.0,-0.125,2.325,True,True,0.0,0.0,0.0,undeformed reference,reference,True,False,False,1,[],f141ffbd04ef138b9650f2a9878eed8fa60e248adf3e7f5898dbf890fce55fc4,d06c8aa5a844044b059518a454bb52ff40e1addc084e0ee363b3e8e1614a100f
D055,train,0.1,0.1,7.990007212528866,4.508833297146054,10.0,0.0,0.19896847738238926,5.617572342144628,2.2,0.25,0.004405511372150355,0.004405511372150355,0.3520006763835927,0.19863716365707115,0.0,0.19896847738238926,0.39162824544242597,0.11363636363636363,0.05,0.2,7.077330575878665,7.0850588766463325,0.40015270436281053,13.773047441386963,16.80969235854567,16.862571026093494,-0.125,2.2150000000000003,True,True,0.0038431634714970464,1.0248435923992124e-05,532.0,CONVERGENCE: NORM OF PROJECTED GRADIENT <= PGTOL,L-BFGS-B,True,False,False,1,"[{""strain"":0.05,""subdivision"":1,""substep"":1,""optimizer_method"":""L-BFGS-B"",""selected_success"":true,""selected_message"":""CONVERGENCE: NORM OF PROJECTED GRADIENT <= PGTOL"",""selected_iterations"":532,""primary_success"":true,""primary_message"":""CONVERGENCE: NORM OF PROJECTED GRADIENT <= PGTOL"",""primary_iterations"":532,""fallback_used"":false,""fallback_success"":false,""fallback_message"":""not invoked"",""fallback_iterations"":0,""fallback_normalized_projected_gradient"":NaN,""independent_kkt_confirmed"":false,""projected_gradient_N"":0.0038431634714970464,""normalized_projected_gradient"":1.0248435923992124e-05,""accepted"":true}]",f141ffbd04ef138b9650f2a9878eed8fa60e248adf3e7f5898dbf890fce55fc4,d06c8aa5a844044b059518a454bb52ff40e1addc084e0ee363b3e8e1614a100f
D055,train,0.1,0.1,7.990007212528866,4.508833297146054,10.0,0.0,0.19896847738238926,5.617572342144628,2.2,0.25,0.004405511372150355,0.004405511372150355,0.3520006763835927,0.19863716365707115,0.0,0.19896847738238926,0.39162824544242597,0.11363636363636363,0.1,0.4,12.918648279166511,12.915697595699598,1.5123823953008835,25.08764029265718,30.418882158687012,30.49853741514329,-0.125,2.105,True,True,0.0050482128857041175,1.3461901028544314e-05,463.0,CONVERGENCE: NORM OF PROJECTED GRADIENT <= PGTOL,L-BFGS-B,True,False,False,1,"[{""strain"":0.1,""subdivision"":1,""substep"":1,""optimizer_method"":""L-BFGS-B"",""selected_success"":true,""selected_message"":""CONVERGENCE: NORM OF PROJECTED GRADIENT <= PGTOL"",""selected_iterations"":463,""primary_success"":true,""primary_message"":""CONVERGENCE: NORM OF PROJECTED GRADIENT <= PGTOL"",""primary_iterations"":463,""fallback_used"":false,""fallback_success"":false,""fallback_message"":""not invoked"",""fallback_iterations"":0,""fallback_normalized_projected_gradient"":NaN,""independent_kkt_confirmed"":false,""projected_gradient_N"":0.0050482128857041175,""normalized_projected_gradient"":1.3461901028544314e-05,""accepted"":true}]",f141ffbd04ef138b9650f2a9878eed8fa60e248adf3e7f5898dbf890fce55fc4,d06c8aa5a844044b059518a454bb52ff40e1addc084e0ee363b3e8e1614a100f
D055,train,0.1,0.1,7.990007212528866,4.508833297146054,10.0,0.0,0.19896847738238926,5.617572342144628,2.2,0.25,0.004405511372150355,0.004405511372150355,0.3520006763835927,0.19863716365707115,0.0,0.19896847738238926,0.39162824544242597,0.11363636363636363,0.15,0.6,17.434676440583218,17.429745141272928,3.193806423501713,33.4217904141683,40.24951521493247,40.33821001826223,-0.125,1.995,True,True,0.005259706311578238,1.4025883497541969e-05,442.0,CONVERGENCE: NORM OF PROJECTED GRADIENT <= PGTOL,L-BFGS-B,True,False,False,1,"[{""strain"":0.15,""subdivision"":1,""substep"":1,""optimizer_method"":""L-BFGS-B"",""selected_success"":true,""selected_message"":""CONVERGENCE: NORM OF PROJECTED GRADIENT <= PGTOL"",""selected_iterations"":442,""primary_success"":true,""primary_message"":""CONVERGENCE: NORM OF PROJECTED GRADIENT <= PGTOL"",""primary_iterations"":442,""fallback_used"":false,""fallback_success"":false,""fallback_message"":""not invoked"",""fallback_iterations"":0,""fallback_normalized_projected_gradient"":NaN,""independent_kkt_confirmed"":false,""projected_gradient_N"":0.005259706311578238,""normalized_projected_gradient"":1.4025883497541969e-05,""accepted"":true}]",f141ffbd04ef138b9650f2a9878eed8fa60e248adf3e7f5898dbf890fce55fc4,d06c8aa5a844044b059518a454bb52ff40e1addc084e0ee363b3e8e1614a100f
D055,train,0.1,0.1,7.990007212528866,4.508833297146054,10.0,0.0,0.19896847738238926,5.617572342144628,2.2,0.25,0.004405511372150355,0.004405511372150355,0.3520006763835927,0.19863716365707115,0.0,0.19896847738238926,0.39162824544242597,0.11363636363636363,0.2,0.8,20.952404800636792,20.949770046923394,5.311199187902014,39.233818198550324,46.74158583932455,46.81103295804445,-0.125,1.8850000000000002,True,True,0.005101494414098795,1.3603985104263453e-05,438.0,CONVERGENCE: NORM OF PROJECTED GRADIENT <= PGTOL,L-BFGS-B,True,False,False,1,"[{""strain"":0.2,""subdivision"":1,""substep"":1,""optimizer_method"":""L-BFGS-B"",""selected_success"":true,""selected_message"":""CONVERGENCE: NORM OF PROJECTED GRADIENT <= PGTOL"",""selected_iterations"":438,""primary_success"":true,""primary_message"":""CONVERGENCE: NORM OF PROJECTED GRADIENT <= PGTOL"",""primary_iterations"":438,""fallback_used"":false,""fallback_success"":false,""fallback_message"":""not invoked"",""fallback_iterations"":0,""fallback_normalized_projected_gradient"":NaN,""independent_kkt_confirmed"":false,""projected_gradient_N"":0.005101494414098795,""normalized_projected_gradient"":1.3603985104263453e-05,""accepted"":true}]",f141ffbd04ef138b9650f2a9878eed8fa60e248adf3e7f5898dbf890fce55fc4,d06c8aa5a844044b059518a454bb52ff40e1addc084e0ee363b3e8e1614a100f
D056,test,0.1015044975625497,0.1,7.372831443216397,8.034226121682346,9.838795726642587,0.1350301236523095,0.2170174095934538,7.9,2.2771759674961,0.2200370222213829,0.003988803018520539,0.003929681062716,0.28972876101004547,0.31571946243953325,0.1350301236523095,0.2170174095934538,0.28825012246786075,0.09662714931219288,0.0,0.0,0.0,0.0,0.0,0.0,0.0,0.0,-0.11001851111069146,2.387194478606791,True,True,0.0,0.0,0.0,undeformed reference,reference,True,False,False,1,[],f141ffbd04ef138b9650f2a9878eed8fa60e248adf3e7f5898dbf890fce55fc4,d06c8aa5a844044b059518a454bb52ff40e1addc084e0ee363b3e8e1614a100f
D056,test,0.1015044975625497,0.1,7.372831443216397,8.034226121682346,9.838795726642587,0.1350301236523095,0.2170174095934538,7.9,2.2771759674961,0.2200370222213829,0.003988803018520539,0.003929681062716,0.28972876101004547,0.31571946243953325,0.1350301236523095,0.2170174095934538,0.28825012246786075,0.09662714931219288,0.05,0.2,2.4798563228486645,2.477844190822824,0.14341504847634545,8.44360862032751,10.45707914446711,10.53020388091344,-0.11001851111069146,2.273335680231986,True,True,0.003736622587637628,1.1321193587983721e-05,465.0,CONVERGENCE: NORM OF PROJECTED GRADIENT <= PGTOL,L-BFGS-B,True,False,False,1,"[{""strain"":0.05,""subdivision"":1,""substep"":1,""optimizer_method"":""L-BFGS-B"",""selected_success"":true,""selected_message"":""CONVERGENCE: NORM OF PROJECTED GRADIENT <= PGTOL"",""selected_iterations"":465,""primary_success"":true,""primary_message"":""CONVERGENCE: NORM OF PROJECTED GRADIENT <= PGTOL"",""primary_iterations"":465,""fallback_used"":false,""fallback_success"":false,""fallback_message"":""not invoked"",""fallback_iterations"":0,""fallback_normalized_projected_gradient"":NaN,""independent_kkt_confirmed"":false,""projected_gradient_N"":0.003736622587637628,""normalized_projected_gradient"":1.1321193587983721e-05,""accepted"":true}]",f141ffbd04ef138b9650f2a9878eed8fa60e248adf3e7f5898dbf890fce55fc4,d06c8aa5a844044b059518a454bb52ff40e1addc084e0ee363b3e8e1614a100f
D056,test,0.1015044975625497,0.1,7.372831443216397,8.034226121682346,9.838795726642587,0.1350301236523095,0.2170174095934538,7.9,2.2771759674961,0.2200370222213829,0.003988803018520539,0.003929681062716,0.28972876101004547,0.31571946243953325,0.1350301236523095,0.2170174095934538,0.28825012246786075,0.09662714931219288,0.1,0.4,4.683361340354832,4.684436115411808,0.5535045495750712,16.116521183027505,19.881000280337453,20.004631649324793,-0.11001851111069146,2.1594768818571812,True,True,0.004907723235167971,1.4869386329088531e-05,433.0,CONVERGENCE: NORM OF PROJECTED GRADIENT <= PGTOL,L-BFGS-B,True,False,False,1,"[{""strain"":0.1,""subdivision"":1,""substep"":1,""optimizer_method"":""L-BFGS-B"",""selected_success"":true,""selected_message"":""CONVERGENCE: NORM OF PROJECTED GRADIENT <= PGTOL"",""selected_iterations"":433,""primary_success"":true,""primary_message"":""CONVERGENCE: NORM OF PROJECTED GRADIENT <= PGTOL"",""primary_iterations"":433,""fallback_used"":false,""fallback_success"":false,""fallback_message"":""not invoked"",""fallback_iterations"":0,""fallback_normalized_projected_gradient"":NaN,""independent_kkt_confirmed"":false,""projected_gradient_N"":0.004907723235167971,""normalized_projected_gradient"":1.4869386329088531e-05,""accepted"":true}]",f141ffbd04ef138b9650f2a9878eed8fa60e248adf3e7f5898dbf890fce55fc4,d06c8aa5a844044b059518a454bb52ff40e1addc084e0ee363b3e8e1614a100f
D056,test,0.1015044975625497,0.1,7.372831443216397,8.034226121682346,9.838795726642587,0.1350301236523095,0.2170174095934538,7.9,2.2771759674961,0.2200370222213829,0.003988803018520539,0.003929681062716,0.28972876101004547,0.31571946243953325,0.1350301236523095,0.2170174095934538,0.28825012246786075,0.09662714931219288,0.15,0.6,6.624716411348085,6.625476227536019,1.1986430214371628,22.754937459917702,27.848068301603703,27.965316724987126,-0.11001851111069146,2.0456180834823763,True,True,0.003993757950047083,1.2100260552301957e-05,323.0,CONVERGENCE: NORM OF PROJECTED GRADIENT <= PGTOL,L-BFGS-B,True,False,False,1,"[{""strain"":0.15,""subdivision"":1,""substep"":1,""optimizer_method"":""L-BFGS-B"",""selected_success"":true,""selected_message"":""CONVERGENCE: NORM OF PROJECTED GRADIENT <= PGTOL"",""selected_iterations"":323,""primary_success"":true,""primary_message"":""CONVERGENCE: NORM OF PROJECTED GRADIENT <= PGTOL"",""primary_iterations"":323,""fallback_used"":false,""fallback_success"":false,""fallback_message"":""not invoked"",""fallback_iterations"":0,""fallback_normalized_projected_gradient"":NaN,""independent_kkt_confirmed"":false,""projected_gradient_N"":0.003993757950047083,""normalized_projected_gradient"":1.2100260552301957e-05,""accepted"":true}]",f141ffbd04ef138b9650f2a9878eed8fa60e248adf3e7f5898dbf890fce55fc4,d06c8aa5a844044b059518a454bb52ff40e1addc084e0ee363b3e8e1614a100f
D056,test,0.1015044975625497,0.1,7.372831443216397,8.034226121682346,9.838795726642587,0.1350301236523095,0.2170174095934538,7.9,2.2771759674961,0.2200370222213829,0.003988803018520539,0.003929681062716,0.28972876101004547,0.31571946243953325,0.1350301236523095,0.2170174095934538,0.28825012246786075,0.09662714931219288,0.2,0.8,8.584108637791607,8.597179777723035,2.0682637514361453,28.34556908956557,34.370184025090516,34.48893806539163,-0.11001851111069146,1.9317592851075711,True,True,0.003386269511255424,1.0259696230720186e-05,507.0,CONVERGENCE: NORM OF PROJECTED GRADIENT <= PGTOL,L-BFGS-B,True,False,False,1,"[{""strain"":0.2,""subdivision"":1,""substep"":1,""optimizer_method"":""L-BFGS-B"",""selected_success"":true,""selected_message"":""CONVERGENCE: NORM OF PROJECTED GRADIENT <= PGTOL"",""selected_iterations"":507,""primary_success"":true,""primary_message"":""CONVERGENCE: NORM OF PROJECTED GRADIENT <= PGTOL"",""primary_iterations"":507,""fallback_used"":false,""fallback_success"":false,""fallback_message"":""not invoked"",""fallback_iterations"":0,""fallback_normalized_projected_gradient"":NaN,""independent_kkt_confirmed"":false,""projected_gradient_N"":0.003386269511255424,""normalized_projected_gradient"":1.0259696230720186e-05,""accepted"":true}]",f141ffbd04ef138b9650f2a9878eed8fa60e248adf3e7f5898dbf890fce55fc4,d06c8aa5a844044b059518a454bb52ff40e1addc084e0ee363b3e8e1614a100f
D057,train,6.5794530268241695,4.243727080770926,8.000872279968297,5.4346771179017725,0.1,0.21181847318469893,0.0,7.896841800670051,3.1548704628288307,0.15,0.27010657618033784,0.17421791558622943,0.32846016366219793,0.22311004014730898,0.21181847318469893,0.0,0.39951040459758713,0.047545533728665906,0.0,0.0,0.0,0.0,0.0,0.0,0.0,0.0,-0.075,3.229870462828831,True,True,0.0,0.0,0.0,undeformed reference,reference,True,False,False,1,[],f141ffbd04ef138b9650f2a9878eed8fa60e248adf3e7f5898dbf890fce55fc4,d06c8aa5a844044b059518a454bb52ff40e1addc084e0ee363b3e8e1614a100f
D057,train,6.5794530268241695,4.243727080770926,8.000872279968297,5.4346771179017725,0.1,0.21181847318469893,0.0,7.896841800670051,3.1548704628288307,0.15,0.27010657618033784,0.17421791558622943,0.32846016366219793,0.22311004014730898,0.21181847318469893,0.0,0.39951040459758713,0.047545533728665906,0.05,0.2,1.0599280614276494,1.0606355220328452,0.0860703486911385,7.984289526089933,9.805709030714786,9.848093368221866,-0.075,3.072126939687389,True,True,0.0028336594361040024,1.259404193824001e-05,734.0,CONVERGENCE: NORM OF PROJECTED GRADIENT <= PGTOL,L-BFGS-B,True,False,False,1,"[{""strain"":0.05,""subdivision"":1,""substep"":1,""optimizer_method"":""L-BFGS-B"",""selected_success"":true,""selected_message"":""CONVERGENCE: NORM OF PROJECTED GRADIENT <= PGTOL"",""selected_iterations"":734,""primary_success"":true,""primary_message"":""CONVERGENCE: NORM OF PROJECTED GRADIENT <= PGTOL"",""primary_iterations"":734,""fallback_used"":false,""fallback_success"":false,""fallback_message"":""not invoked"",""fallback_iterations"":0,""fallback_normalized_projected_gradient"":NaN,""independent_kkt_confirmed"":false,""projected_gradient_N"":0.0028336594361040024,""normalized_projected_gradient"":1.259404193824001e-05,""accepted"":true}]",f141ffbd04ef138b9650f2a9878eed8fa60e248adf3e7f5898dbf890fce55fc4,d06c8aa5a844044b059518a454bb52ff40e1addc084e0ee363b3e8e1614a100f
D057,train,6.5794530268241695,4.243727080770926,8.000872279968297,5.4346771179017725,0.1,0.21181847318469893,0.0,7.896841800670051,3.1548704628288307,0.15,0.27010657618033784,0.17421791558622943,0.32846016366219793,0.22311004014730898,0.21181847318469893,0.0,0.39951040459758713,0.047545533728665906,0.1,0.4,1.932939996449421,1.9324590311355032,0.32459736582959287,15.051318536290365,18.39623289490755,18.463015386607452,-0.075,2.914383416545948,True,True,0.002922984447807281,1.299104199025458e-05,670.0,CONVERGENCE: NORM OF PROJECTED GRADIENT <= PGTOL,L-BFGS-B,True,False,False,1,"[{""strain"":0.1,""subdivision"":1,""substep"":1,""optimizer_method"":""L-BFGS-B"",""selected_success"":true,""selected_message"":""CONVERGENCE: NORM OF PROJECTED GRADIENT <= PGTOL"",""selected_iterations"":670,""primary_success"":true,""primary_message"":""CONVERGENCE: NORM OF PROJECTED GRADIENT <= PGTOL"",""primary_iterations"":670,""fallback_used"":false,""fallback_success"":false,""fallback_message"":""not invoked"",""fallback_iterations"":0,""fallback_normalized_projected_gradient"":NaN,""independent_kkt_confirmed"":false,""projected_gradient_N"":0.002922984447807281,""normalized_projected_gradient"":1.299104199025458e-05,""accepted"":true}]",f141ffbd04ef138b9650f2a9878eed8fa60e248adf3e7f5898dbf890fce55fc4,d06c8aa5a844044b059518a454bb52ff40e1addc084e0ee363b3e8e1614a100f
D057,train,6.5794530268241695,4.243727080770926,8.000872279968297,5.4346771179017725,0.1,0.21181847318469893,0.0,7.896841800670051,3.1548704628288307,0.15,0.27010657618033784,0.17421791558622943,0.32846016366219793,0.22311004014730898,0.21181847318469893,0.0,0.39951040459758713,0.047545533728665906,0.15,0.6,2.6624312344219225,2.658395427887088,0.6894877929653842,21.11603672504928,25.71133050859286,25.79180727471741,-0.075,2.756639893404506,True,True,0.0026467503074946164,1.1763334699976072e-05,533.0,CONVERGENCE: NORM OF PROJECTED GRADIENT <= PGTOL,L-BFGS-B,True,False,False,1,"[{""strain"":0.15,""subdivision"":1,""substep"":1,""optimizer_method"":""L-BFGS-B"",""selected_success"":true,""selected_message"":""CONVERGENCE: NORM OF PROJECTED GRADIENT <= PGTOL"",""selected_iterations"":533,""primary_success"":true,""primary_message"":""CONVERGENCE: NORM OF PROJECTED GRADIENT <= PGTOL"",""primary_iterations"":533,""fallback_used"":false,""fallback_success"":false,""fallback_message"":""not invoked"",""fallback_iterations"":0,""fallback_normalized_projected_gradient"":NaN,""independent_kkt_confirmed"":false,""projected_gradient_N"":0.0026467503074946164,""normalized_projected_gradient"":1.1763334699976072e-05,""accepted"":true}]",f141ffbd04ef138b9650f2a9878eed8fa60e248adf3e7f5898dbf890fce55fc4,d06c8aa5a844044b059518a454bb52ff40e1addc084e0ee363b3e8e1614a100f
D057,train,6.5794530268241695,4.243727080770926,8.000872279968297,5.4346771179017725,0.1,0.21181847318469893,0.0,7.896841800670051,3.1548704628288307,0.15,0.27010657618033784,0.17421791558622943,0.32846016366219793,0.22311004014730898,0.21181847318469893,0.0,0.39951040459758713,0.047545533728665906,0.2,0.8,3.2659153770827856,3.2678189571068232,1.1588231093008812,26.200992171201744,31.779379228808303,31.864922673329094,-0.075,2.5988963702630645,True,True,0.00221473049127785,9.843246627901555e-06,651.0,CONVERGENCE: NORM OF PROJECTED GRADIENT <= PGTOL,L-BFGS-B,True,False,False,1,"[{""strain"":0.2,""subdivision"":1,""substep"":1,""optimizer_method"":""L-BFGS-B"",""selected_success"":true,""selected_message"":""CONVERGENCE: NORM OF PROJECTED GRADIENT <= PGTOL"",""selected_iterations"":651,""primary_success"":true,""primary_message"":""CONVERGENCE: NORM OF PROJECTED GRADIENT <= PGTOL"",""primary_iterations"":651,""fallback_used"":false,""fallback_success"":false,""fallback_message"":""not invoked"",""fallback_iterations"":0,""fallback_normalized_projected_gradient"":NaN,""independent_kkt_confirmed"":false,""projected_gradient_N"":0.00221473049127785,""normalized_projected_gradient"":9.843246627901555e-06,""accepted"":true}]",f141ffbd04ef138b9650f2a9878eed8fa60e248adf3e7f5898dbf890fce55fc4,d06c8aa5a844044b059518a454bb52ff40e1addc084e0ee363b3e8e1614a100f
D058,train,9.741016753024619,0.10033180631171308,5.814672641585941,0.1,0.10504254471723007,0.01305510572003909,0.17247278342047037,7.785614538053882,4.0,0.25,0.614146497942334,0.0063256669237771734,0.36660042068013887,0.006304747374052503,0.01305510572003909,0.17247278342047037,0.5137680500940717,0.0625,0.0,0.0,0.0,0.0,0.0,0.0,0.0,0.0,-0.125,4.125,True,True,0.0,0.0,0.0,undeformed reference,reference,True,False,False,1,[],f141ffbd04ef138b9650f2a9878eed8fa60e248adf3e7f5898dbf890fce55fc4,d06c8aa5a844044b059518a454bb52ff40e1addc084e0ee363b3e8e1614a100f
D058,train,9.741016753024619,0.10033180631171308,5.814672641585941,0.1,0.10504254471723007,0.01305510572003909,0.17247278342047037,7.785614538053882,4.0,0.25,0.614146497942334,0.0063256669237771734,0.36660042068013887,0.006304747374052503,0.01305510572003909,0.17247278342047037,0.5137680500940717,0.0625,0.05,0.2,5.264594514556444,5.278784620818458,0.5538367834644484,14.299869738121872,18.194157510224393,18.271583203840112,-0.125,3.925,True,True,0.005171139755465903,1.3789706014575742e-05,841.0,CONVERGENCE: NORM OF PROJECTED GRADIENT <= PGTOL,L-BFGS-B,True,False,False,1,"[{""strain"":0.05,""subdivision"":1,""substep"":1,""optimizer_method"":""L-BFGS-B"",""selected_success"":true,""selected_message"":""CONVERGENCE: NORM OF PROJECTED GRADIENT <= PGTOL"",""selected_iterations"":841,""primary_success"":true,""primary_message"":""CONVERGENCE: NORM OF PROJECTED GRADIENT <= PGTOL"",""primary_iterations"":841,""fallback_used"":false,""fallback_success"":false,""fallback_message"":""not invoked"",""fallback_iterations"":0,""fallback_normalized_projected_gradient"":NaN,""independent_kkt_confirmed"":false,""projected_gradient_N"":0.005171139755465903,""normalized_projected_gradient"":1.3789706014575742e-05,""accepted"":true}]",f141ffbd04ef138b9650f2a9878eed8fa60e248adf3e7f5898dbf890fce55fc4,d06c8aa5a844044b059518a454bb52ff40e1addc084e0ee363b3e8e1614a100f
D058,train,9.741016753024619,0.10033180631171308,5.814672641585941,0.1,0.10504254471723007,0.01305510572003909,0.17247278342047037,7.785614538053882,4.0,0.25,0.614146497942334,0.0063256669237771734,0.36660042068013887,0.006304747374052503,0.01305510572003909,0.17247278342047037,0.5137680500940717,0.0625,0.1,0.4,9.081617553139155,9.079912504624042,2.011891362497983,25.13639330092301,31.60861077358536,31.70783678837,-0.125,3.725,True,True,0.0039047153466084117,1.0412574257622431e-05,713.0,CONVERGENCE: NORM OF PROJECTED GRADIENT <= PGTOL,L-BFGS-B,True,False,False,1,"[{""strain"":0.1,""subdivision"":1,""substep"":1,""optimizer_method"":""L-BFGS-B"",""selected_success"":true,""selected_message"":""CONVERGENCE: NORM OF PROJECTED GRADIENT <= PGTOL"",""selected_iterations"":713,""primary_success"":true,""primary_message"":""CONVERGENCE: NORM OF PROJECTED GRADIENT <= PGTOL"",""primary_iterations"":713,""fallback_used"":false,""fallback_success"":false,""fallback_message"":""not invoked"",""fallback_iterations"":0,""fallback_normalized_projected_gradient"":NaN,""independent_kkt_confirmed"":false,""projected_gradient_N"":0.0039047153466084117,""normalized_projected_gradient"":1.0412574257622431e-05,""accepted"":true}]",f141ffbd04ef138b9650f2a9878eed8fa60e248adf3e7f5898dbf890fce55fc4,d06c8aa5a844044b059518a454bb52ff40e1addc084e0ee363b3e8e1614a100f
D058,train,9.741016753024619,0.10033180631171308,5.814672641585941,0.1,0.10504254471723007,0.01305510572003909,0.17247278342047037,7.785614538053882,4.0,0.25,0.614146497942334,0.0063256669237771734,0.36660042068013887,0.006304747374052503,0.01305510572003909,0.17247278342047037,0.5137680500940717,0.0625,0.15,0.6,11.889573076338898,11.889390665952202,4.117467807751163,32.65713510635924,40.45636604590276,40.58970758219199,-0.125,3.525,True,True,0.005356859203105024,1.4284957874946732e-05,604.0,CONVERGENCE: NORM OF PROJECTED GRADIENT <= PGTOL,L-BFGS-B,True,False,False,1,"[{""strain"":0.15,""subdivision"":1,""substep"":1,""optimizer_method"":""L-BFGS-B"",""selected_success"":true,""selected_message"":""CONVERGENCE: NORM OF PROJECTED GRADIENT <= PGTOL"",""selected_iterations"":604,""primary_success"":true,""primary_message"":""CONVERGENCE: NORM OF PROJECTED GRADIENT <= PGTOL"",""primary_iterations"":604,""fallback_used"":false,""fallback_success"":false,""fallback_message"":""not invoked"",""fallback_iterations"":0,""fallback_normalized_projected_gradient"":NaN,""independent_kkt_confirmed"":false,""projected_gradient_N"":0.005356859203105024,""normalized_projected_gradient"":1.4284957874946732e-05,""accepted"":true}]",f141ffbd04ef138b9650f2a9878eed8fa60e248adf3e7f5898dbf890fce55fc4,d06c8aa5a844044b059518a454bb52ff40e1addc084e0ee363b3e8e1614a100f
D058,train,9.741016753024619,0.10033180631171308,5.814672641585941,0.1,0.10504254471723007,0.01305510572003909,0.17247278342047037,7.785614538053882,4.0,0.25,0.614146497942334,0.0063256669237771734,0.36660042068013887,0.006304747374052503,0.01305510572003909,0.17247278342047037,0.5137680500940717,0.0625,0.2,0.8,14.182969662989292,14.182891876428059,6.72576519213544,37.79761654937024,45.81886225873816,46.154087692946085,-0.125,3.325,True,True,0.0041439241207369805,1.1050464321965282e-05,526.0,CONVERGENCE: NORM OF PROJECTED GRADIENT <= PGTOL,L-BFGS-B,True,False,False,1,"[{""strain"":0.2,""subdivision"":1,""substep"":1,""optimizer_method"":""L-BFGS-B"",""selected_success"":true,""selected_message"":""CONVERGENCE: NORM OF PROJECTED GRADIENT <= PGTOL"",""selected_iterations"":526,""primary_success"":true,""primary_message"":""CONVERGENCE: NORM OF PROJECTED GRADIENT <= PGTOL"",""primary_iterations"":526,""fallback_used"":false,""fallback_success"":false,""fallback_message"":""not invoked"",""fallback_iterations"":0,""fallback_normalized_projected_gradient"":NaN,""independent_kkt_confirmed"":false,""projected_gradient_N"":0.0041439241207369805,""normalized_projected_gradient"":1.1050464321965282e-05,""accepted"":true}]",f141ffbd04ef138b9650f2a9878eed8fa60e248adf3e7f5898dbf890fce55fc4,d06c8aa5a844044b059518a454bb52ff40e1addc084e0ee363b3e8e1614a100f
D059,train,8.40745609589681,4.2663115633862105,5.6208055954965666,9.797458232760988,0.10325120778364974,0.01108800764776169,0.15212439439763203,7.9,2.243488766833857,0.15,0.29818662173907073,0.1513129557695024,0.1993526951382082,0.34748572442530445,0.01108800764776169,0.15212439439763203,0.28398591985238697,0.06686015201747089,0.0,0.0,0.0,0.0,0.0,0.0,0.0,0.0,-0.075,2.318488766833857,True,True,0.0,0.0,0.0,undeformed reference,reference,True,False,False,1,[],f141ffbd04ef138b9650f2a9878eed8fa60e248adf3e7f5898dbf890fce55fc4,d06c8aa5a844044b059518a454bb52ff40e1addc084e0ee363b3e8e1614a100f
D059,train,8.40745609589681,4.2663115633862105,5.6208055954965666,9.797458232760988,0.10325120778364974,0.01108800764776169,0.15212439439763203,7.9,2.243488766833857,0.15,0.29818662173907073,0.1513129557695024,0.1993526951382082,0.34748572442530445,0.01108800764776169,0.15212439439763203,0.28398591985238697,0.06686015201747089,0.05,0.2,0.7859683231226837,0.7834670894246223,0.04456543687317066,5.987116924291295,7.328145367560851,7.366341753038372,-0.075,2.2063143284921645,True,True,0.002539095864129051,1.1284870507240228e-05,514.0,CONVERGENCE: NORM OF PROJECTED GRADIENT <= PGTOL,L-BFGS-B,True,False,False,1,"[{""strain"":0.05,""subdivision"":1,""substep"":1,""optimizer_method"":""L-BFGS-B"",""selected_success"":true,""selected_message"":""CONVERGENCE: NORM OF PROJECTED GRADIENT <= PGTOL"",""selected_iterations"":514,""primary_success"":true,""primary_message"":""CONVERGENCE: NORM OF PROJECTED GRADIENT <= PGTOL"",""primary_iterations"":514,""fallback_used"":false,""fallback_success"":false,""fallback_message"":""not invoked"",""fallback_iterations"":0,""fallback_normalized_projected_gradient"":NaN,""independent_kkt_confirmed"":false,""projected_gradient_N"":0.002539095864129051,""normalized_projected_gradient"":1.1284870507240228e-05,""accepted"":true}]",f141ffbd04ef138b9650f2a9878eed8fa60e248adf3e7f5898dbf890fce55fc4,d06c8aa5a844044b059518a454bb52ff40e1addc084e0ee363b3e8e1614a100f
D059,train,8.40745609589681,4.2663115633862105,5.6208055954965666,9.797458232760988,0.10325120778364974,0.01108800764776169,0.15212439439763203,7.9,2.243488766833857,0.15,0.29818662173907073,0.1513129557695024,0.1993526951382082,0.34748572442530445,0.01108800764776169,0.15212439439763203,0.28398591985238697,0.06686015201747089,0.1,0.4,1.5013253581131565,1.5054706662047947,0.17320615660438526,11.615501887412007,14.194677632741953,14.2687197161979,-0.075,2.0941398901504713,True,True,0.0031170907806945536,1.3853736803086905e-05,536.0,CONVERGENCE: NORM OF PROJECTED GRADIENT <= PGTOL,L-BFGS-B,True,False,False,1,"[{""strain"":0.1,""subdivision"":1,""substep"":1,""optimizer_method"":""L-BFGS-B"",""selected_success"":true,""selected_message"":""CONVERGENCE: NORM OF PROJECTED GRADIENT <= PGTOL"",""selected_iterations"":536,""primary_success"":true,""primary_message"":""CONVERGENCE: NORM OF PROJECTED GRADIENT <= PGTOL"",""primary_iterations"":536,""fallback_used"":false,""fallback_success"":false,""fallback_message"":""not invoked"",""fallback_iterations"":0,""fallback_normalized_projected_gradient"":NaN,""independent_kkt_confirmed"":false,""projected_gradient_N"":0.0031170907806945536,""normalized_projected_gradient"":1.3853736803086905e-05,""accepted"":true}]",f141ffbd04ef138b9650f2a9878eed8fa60e248adf3e7f5898dbf890fce55fc4,d06c8aa5a844044b059518a454bb52ff40e1addc084e0ee363b3e8e1614a100f
D059,train,8.40745609589681,4.2663115633862105,5.6208055954965666,9.797458232760988,0.10325120778364974,0.01108800764776169,0.15212439439763203,7.9,2.243488766833857,0.15,0.29818662173907073,0.1513129557695024,0.1993526951382082,0.34748572442530445,0.01108800764776169,0.15212439439763203,0.28398591985238697,0.06686015201747089,0.15,0.6,2.1428761413570303,2.1430700768351327,0.37835269746131867,16.756792128631304,20.4026450595417,20.49163151088491,-0.075,1.9819654518087786,True,True,0.0026218346324409225,1.16525983664041e-05,367.0,CONVERGENCE: NORM OF PROJECTED GRADIENT <= PGTOL,L-BFGS-B,True,False,False,1,"[{""strain"":0.15,""subdivision"":1,""substep"":1,""optimizer_method"":""L-BFGS-B"",""selected_success"":true,""selected_message"":""CONVERGENCE: NORM OF PROJECTED GRADIENT <= PGTOL"",""selected_iterations"":367,""primary_success"":true,""primary_message"":""CONVERGENCE: NORM OF PROJECTED GRADIENT <= PGTOL"",""primary_iterations"":367,""fallback_used"":false,""fallback_success"":false,""fallback_message"":""not invoked"",""fallback_iterations"":0,""fallback_normalized_projected_gradient"":NaN,""independent_kkt_confirmed"":false,""projected_gradient_N"":0.0026218346324409225,""normalized_projected_gradient"":1.16525983664041e-05,""accepted"":true}]",f141ffbd04ef138b9650f2a9878eed8fa60e248adf3e7f5898dbf890fce55fc4,d06c8aa5a844044b059518a454bb52ff40e1addc084e0ee363b3e8e1614a100f
D059,train,8.40745609589681,4.2663115633862105,5.6208055954965666,9.797458232760988,0.10325120778364974,0.01108800764776169,0.15212439439763203,7.9,2.243488766833857,0.15,0.29818662173907073,0.1513129557695024,0.1993526951382082,0.34748572442530445,0.01108800764776169,0.15212439439763203,0.28398591985238697,0.06686015201747089,0.2,0.8,2.7299321535088508,2.727159739030217,0.6525973470734947,21.382279471727525,25.97029778850511,26.07055351170039,-0.075,1.8697910134670859,True,True,0.002634085582378931,1.1707047032795249e-05,559.0,CONVERGENCE: NORM OF PROJECTED GRADIENT <= PGTOL,L-BFGS-B,True,False,False,1,"[{""strain"":0.2,""subdivision"":1,""substep"":1,""optimizer_method"":""L-BFGS-B"",""selected_success"":true,""selected_message"":""CONVERGENCE: NORM OF PROJECTED GRADIENT <= PGTOL"",""selected_iterations"":559,""primary_success"":true,""primary_message"":""CONVERGENCE: NORM OF PROJECTED GRADIENT <= PGTOL"",""primary_iterations"":559,""fallback_used"":false,""fallback_success"":false,""fallback_message"":""not invoked"",""fallback_iterations"":0,""fallback_normalized_projected_gradient"":NaN,""independent_kkt_confirmed"":false,""projected_gradient_N"":0.002634085582378931,""normalized_projected_gradient"":1.1707047032795249e-05,""accepted"":true}]",f141ffbd04ef138b9650f2a9878eed8fa60e248adf3e7f5898dbf890fce55fc4,d06c8aa5a844044b059518a454bb52ff40e1addc084e0ee363b3e8e1614a100f
D060,test,0.39610011593233657,2.5381073110503927,7.8358005876212875,0.1,10.0,0.10762053444997652,0.0,7.9,4.0,0.16897986689855402,0.018979394528989214,0.12161506163650364,0.37545747860461287,0.00479156500227618,0.10762053444997652,0.0,0.5063291139240506,0.042244966724638504,0.0,0.0,0.0,0.0,0.0,0.0,0.0,0.0,-0.08448993344927701,4.084489933449277,True,True,0.0,0.0,0.0,undeformed reference,reference,True,False,False,1,[],f141ffbd04ef138b9650f2a9878eed8fa60e248adf3e7f5898dbf890fce55fc4,d06c8aa5a844044b059518a454bb52ff40e1addc084e0ee363b3e8e1614a100f
D060,test,0.39610011593233657,2.5381073110503927,7.8358005876212875,0.1,10.0,0.10762053444997652,0.0,7.9,4.0,0.16897986689855402,0.018979394528989214,0.12161506163650364,0.37545747860461287,0.00479156500227618,0.10762053444997652,0.0,0.5063291139240506,0.042244966724638504,0.05,0.2,1.717242479816746,1.7161523399321816,0.1790418031847797,10.373834817790314,12.846983844522768,12.884609241986535,-0.08448993344927701,3.8844899334492764,True,True,0.0027267540328915763,1.0757707739342958e-05,983.0,CONVERGENCE: NORM OF PROJECTED GRADIENT <= PGTOL,L-BFGS-B,True,False,False,1,"[{""strain"":0.05,""subdivision"":1,""substep"":1,""optimizer_method"":""L-BFGS-B"",""selected_success"":true,""selected_message"":""CONVERGENCE: NORM OF PROJECTED GRADIENT <= PGTOL"",""selected_iterations"":983,""primary_success"":true,""primary_message"":""CONVERGENCE: NORM OF PROJECTED GRADIENT <= PGTOL"",""primary_iterations"":983,""fallback_used"":false,""fallback_success"":false,""fallback_message"":""not invoked"",""fallback_iterations"":0,""fallback_normalized_projected_gradient"":NaN,""independent_kkt_confirmed"":false,""projected_gradient_N"":0.0027267540328915763,""normalized_projected_gradient"":1.0757707739342958e-05,""accepted"":true}]",f141ffbd04ef138b9650f2a9878eed8fa60e248adf3e7f5898dbf890fce55fc4,d06c8aa5a844044b059518a454bb52ff40e1addc084e0ee363b3e8e1614a100f
D060,test,0.39610011593233657,2.5381073110503927,7.8358005876212875,0.1,10.0,0.10762053444997652,0.0,7.9,4.0,0.16897986689855402,0.018979394528989214,0.12161506163650364,0.37545747860461287,0.00479156500227618,0.10762053444997652,0.0,0.5063291139240506,0.042244966724638504,0.1,0.4,2.983359327847004,2.9796837154678926,0.6536168887362456,18.871814777422234,23.203565052334575,23.261015759901674,-0.08448993344927701,3.6844899334492767,True,True,0.003413248366831323,1.346609482529042e-05,885.0,CONVERGENCE: NORM OF PROJECTED GRADIENT <= PGTOL,L-BFGS-B,True,False,False,1,"[{""strain"":0.1,""subdivision"":1,""substep"":1,""optimizer_method"":""L-BFGS-B"",""selected_success"":true,""selected_message"":""CONVERGENCE: NORM OF PROJECTED GRADIENT <= PGTOL"",""selected_iterations"":885,""primary_success"":true,""primary_message"":""CONVERGENCE: NORM OF PROJECTED GRADIENT <= PGTOL"",""primary_iterations"":885,""fallback_used"":false,""fallback_success"":false,""fallback_message"":""not invoked"",""fallback_iterations"":0,""fallback_normalized_projected_gradient"":NaN,""independent_kkt_confirmed"":false,""projected_gradient_N"":0.003413248366831323,""normalized_projected_gradient"":1.346609482529042e-05,""accepted"":true}]",f141ffbd04ef138b9650f2a9878eed8fa60e248adf3e7f5898dbf890fce55fc4,d06c8aa5a844044b059518a454bb52ff40e1addc084e0ee363b3e8e1614a100f
D060,test,0.39610011593233657,2.5381073110503927,7.8358005876212875,0.1,10.0,0.10762053444997652,0.0,7.9,4.0,0.16897986689855402,0.018979394528989214,0.12161506163650364,0.37545747860461287,0.00479156500227618,0.10762053444997652,0.0,0.5063291139240506,0.042244966724638504,0.15,0.6,3.9158008684945633,3.914155189582103,1.3475613441676848,25.54103517226638,31.188135105766847,31.251420473776726,-0.08448993344927701,3.4844899334492765,True,True,0.0035847367185293244,1.4142658074492778e-05,843.0,CONVERGENCE: NORM OF PROJECTED GRADIENT <= PGTOL,L-BFGS-B,True,False,False,1,"[{""strain"":0.15,""subdivision"":1,""substep"":1,""optimizer_method"":""L-BFGS-B"",""selected_success"":true,""selected_message"":""CONVERGENCE: NORM OF PROJECTED GRADIENT <= PGTOL"",""selected_iterations"":843,""primary_success"":true,""primary_message"":""CONVERGENCE: NORM OF PROJECTED GRADIENT <= PGTOL"",""primary_iterations"":843,""fallback_used"":false,""fallback_success"":false,""fallback_message"":""not invoked"",""fallback_iterations"":0,""fallback_normalized_projected_gradient"":NaN,""independent_kkt_confirmed"":false,""projected_gradient_N"":0.0035847367185293244,""normalized_projected_gradient"":1.4142658074492778e-05,""accepted"":true}]",f141ffbd04ef138b9650f2a9878eed8fa60e248adf3e7f5898dbf890fce55fc4,d06c8aa5a844044b059518a454bb52ff40e1addc084e0ee363b3e8e1614a100f
D060,test,0.39610011593233657,2.5381073110503927,7.8358005876212875,0.1,10.0,0.10762053444997652,0.0,7.9,4.0,0.16897986689855402,0.018979394528989214,0.12161506163650364,0.37545747860461287,0.00479156500227618,0.10762053444997652,0.0,0.5063291139240506,0.042244966724638504,0.2,0.8,4.623202074001002,4.621515060893065,2.2045160602960108,30.70672510783577,37.24199781329863,37.30310936818524,-0.08448993344927701,3.2844899334492768,True,True,0.0031518521747539996,1.2434823282413852e-05,799.0,CONVERGENCE: NORM OF PROJECTED GRADIENT <= PGTOL,L-BFGS-B,True,False,False,1,"[{""strain"":0.2,""subdivision"":1,""substep"":1,""optimizer_method"":""L-BFGS-B"",""selected_success"":true,""selected_message"":""CONVERGENCE: NORM OF PROJECTED GRADIENT <= PGTOL"",""selected_iterations"":799,""primary_success"":true,""primary_message"":""CONVERGENCE: NORM OF PROJECTED GRADIENT <= PGTOL"",""primary_iterations"":799,""fallback_used"":false,""fallback_success"":false,""fallback_message"":""not invoked"",""fallback_iterations"":0,""fallback_normalized_projected_gradient"":NaN,""independent_kkt_confirmed"":false,""projected_gradient_N"":0.0031518521747539996,""normalized_projected_gradient"":1.2434823282413852e-05,""accepted"":true}]",f141ffbd04ef138b9650f2a9878eed8fa60e248adf3e7f5898dbf890fce55fc4,d06c8aa5a844044b059518a454bb52ff40e1addc084e0ee363b3e8e1614a100f
D061,train,0.21244958470427855,0.1,10.0,0.10023221379266414,8.92924536600052,0.011708209224065605,0.020482871077862553,7.863072894252734,3.9607956569701823,0.15,0.010983889190433645,0.005170115632714832,0.5170115632714832,0.005182121354310681,0.011708209224065605,0.020482871077862553,0.5037210910082243,0.037871178669879366,0.0,0.0,0.0,0.0,0.0,0.0,0.0,0.0,-0.075,4.0357956569701825,True,True,0.0,0.0,0.0,undeformed reference,reference,True,False,False,1,[],f141ffbd04ef138b9650f2a9878eed8fa60e248adf3e7f5898dbf890fce55fc4,d06c8aa5a844044b059518a454bb52ff40e1addc084e0ee363b3e8e1614a100f
D061,train,0.21244958470427855,0.1,10.0,0.10023221379266414,8.92924536600052,0.011708209224065605,0.020482871077862553,7.863072894252734,3.9607956569701823,0.15,0.010983889190433645,0.005170115632714832,0.5170115632714832,0.005182121354310681,0.011708209224065605,0.020482871077862553,0.5037210910082243,0.037871178669879366,0.05,0.2,1.2582533389809354,1.2541340587858232,0.12962438410216445,9.492272184017404,11.472721719537876,11.47846430688065,-0.075,3.8377558741216733,True,True,0.003315754333416507,1.4736685926295586e-05,941.0,CONVERGENCE: NORM OF PROJECTED GRADIENT <= PGTOL,L-BFGS-B,True,False,False,1,"[{""strain"":0.05,""subdivision"":1,""substep"":1,""optimizer_method"":""L-BFGS-B"",""selected_success"":true,""selected_message"":""CONVERGENCE: NORM OF PROJECTED GRADIENT <= PGTOL"",""selected_iterations"":941,""primary_success"":true,""primary_message"":""CONVERGENCE: NORM OF PROJECTED GRADIENT <= PGTOL"",""primary_iterations"":941,""fallback_used"":false,""fallback_success"":false,""fallback_message"":""not invoked"",""fallback_iterations"":0,""fallback_normalized_projected_gradient"":NaN,""independent_kkt_confirmed"":false,""projected_gradient_N"":0.003315754333416507,""normalized_projected_gradient"":1.4736685926295586e-05,""accepted"":true}]",f141ffbd04ef138b9650f2a9878eed8fa60e248adf3e7f5898dbf890fce55fc4,d06c8aa5a844044b059518a454bb52ff40e1addc084e0ee363b3e8e1614a100f
D061,train,0.21244958470427855,0.1,10.0,0.10023221379266414,8.92924536600052,0.011708209224065605,0.020482871077862553,7.863072894252734,3.9607956569701823,0.15,0.010983889190433645,0.005170115632714832,0.5170115632714832,0.005182121354310681,0.011708209224065605,0.020482871077862553,0.5037210910082243,0.037871178669879366,0.1,0.4,2.157474900923785,2.1649083355680405,0.4720025329880267,17.323108038822284,20.814399336613832,20.81722503100341,-0.075,3.639716091273164,True,True,0.002884305736108761,1.2819136604927826e-05,823.0,CONVERGENCE: NORM OF PROJECTED GRADIENT <= PGTOL,L-BFGS-B,True,False,False,1,"[{""strain"":0.1,""subdivision"":1,""substep"":1,""optimizer_method"":""L-BFGS-B"",""selected_success"":true,""selected_message"":""CONVERGENCE: NORM OF PROJECTED GRADIENT <= PGTOL"",""selected_iterations"":823,""primary_success"":true,""primary_message"":""CONVERGENCE: NORM OF PROJECTED GRADIENT <= PGTOL"",""primary_iterations"":823,""fallback_used"":false,""fallback_success"":false,""fallback_message"":""not invoked"",""fallback_iterations"":0,""fallback_normalized_projected_gradient"":NaN,""independent_kkt_confirmed"":false,""projected_gradient_N"":0.002884305736108761,""normalized_projected_gradient"":1.2819136604927826e-05,""accepted"":true}]",f141ffbd04ef138b9650f2a9878eed8fa60e248adf3e7f5898dbf890fce55fc4,d06c8aa5a844044b059518a454bb52ff40e1addc084e0ee363b3e8e1614a100f
D061,train,0.21244958470427855,0.1,10.0,0.10023221379266414,8.92924536600052,0.011708209224065605,0.020482871077862553,7.863072894252734,3.9607956569701823,0.15,0.010983889190433645,0.005170115632714832,0.5170115632714832,0.005182121354310681,0.011708209224065605,0.020482871077862553,0.5037210910082243,0.037871178669879366,0.15,0.6,2.856953685766739,2.8546604338411123,0.9718704283526779,23.609784143313494,28.30110217986494,28.301494503463637,-0.075,3.4416763084246553,True,True,0.0031038876619085,1.3795056275148887e-05,796.0,CONVERGENCE: NORM OF PROJECTED GRADIENT <= PGTOL,L-BFGS-B,True,False,False,1,"[{""strain"":0.15,""subdivision"":1,""substep"":1,""optimizer_method"":""L-BFGS-B"",""selected_success"":true,""selected_message"":""CONVERGENCE: NORM OF PROJECTED GRADIENT <= PGTOL"",""selected_iterations"":796,""primary_success"":true,""primary_message"":""CONVERGENCE: NORM OF PROJECTED GRADIENT <= PGTOL"",""primary_iterations"":796,""fallback_used"":false,""fallback_success"":false,""fallback_message"":""not invoked"",""fallback_iterations"":0,""fallback_normalized_projected_gradient"":NaN,""independent_kkt_confirmed"":false,""projected_gradient_N"":0.0031038876619085,""normalized_projected_gradient"":1.3795056275148887e-05,""accepted"":true}]",f141ffbd04ef138b9650f2a9878eed8fa60e248adf3e7f5898dbf890fce55fc4,d06c8aa5a844044b059518a454bb52ff40e1addc084e0ee363b3e8e1614a100f
D061,train,0.21244958470427855,0.1,10.0,0.10023221379266414,8.92924536600052,0.011708209224065605,0.020482871077862553,7.863072894252734,3.9607956569701823,0.15,0.010983889190433645,0.005170115632714832,0.5170115632714832,0.005182121354310681,0.011708209224065605,0.020482871077862553,0.5037210910082243,0.037871178669879366,0.2,0.8,3.3635136280694526,3.3638696007679503,1.5893056023864762,28.565419898359323,34.138616244698206,34.141686504720596,-0.075,3.243636525576146,True,True,0.0027453248469992975,1.2201443764441322e-05,880.0,CONVERGENCE: NORM OF PROJECTED GRADIENT <= PGTOL,L-BFGS-B,True,False,False,1,"[{""strain"":0.2,""subdivision"":1,""substep"":1,""optimizer_method"":""L-BFGS-B"",""selected_success"":true,""selected_message"":""CONVERGENCE: NORM OF PROJECTED GRADIENT <= PGTOL"",""selected_iterations"":880,""primary_success"":true,""primary_message"":""CONVERGENCE: NORM OF PROJECTED GRADIENT <= PGTOL"",""primary_iterations"":880,""fallback_used"":false,""fallback_success"":false,""fallback_message"":""not invoked"",""fallback_iterations"":0,""fallback_normalized_projected_gradient"":NaN,""independent_kkt_confirmed"":false,""projected_gradient_N"":0.0027453248469992975,""normalized_projected_gradient"":1.2201443764441322e-05,""accepted"":true}]",f141ffbd04ef138b9650f2a9878eed8fa60e248adf3e7f5898dbf890fce55fc4,d06c8aa5a844044b059518a454bb52ff40e1addc084e0ee363b3e8e1614a100f
D062,train,9.555230247473187,0.10097106527327976,9.469188634487008,0.10860747519074912,0.1,0.0,0.0,7.671314088862587,3.991644479079558,0.24598725372948385,0.4942190711368725,0.005222461918618553,0.48976879574341536,0.005617435071382729,0.0,0.0,0.5203338610362377,0.06162554180832422,0.0,0.0,0.0,0.0,0.0,0.0,0.0,0.0,-0.12299362686474193,4.1146381059443,True,True,0.0,0.0,0.0,undeformed reference,reference,True,False,False,1,[],f141ffbd04ef138b9650f2a9878eed8fa60e248adf3e7f5898dbf890fce55fc4,d06c8aa5a844044b059518a454bb52ff40e1addc084e0ee363b3e8e1614a100f
D062,train,9.555230247473187,0.10097106527327976,9.469188634487008,0.10860747519074912,0.1,0.0,0.0,7.671314088862587,3.991644479079558,0.24598725372948385,0.4942190711368725,0.005222461918618553,0.48976879574341536,0.005617435071382729,0.0,0.0,0.5203338610362377,0.06162554180832422,0.05,0.2,5.299317640420458,5.295751925069898,0.5550465754848624,14.412855725532891,17.167562733567742,17.16762421018742,-0.12299362686474193,3.915055881990322,True,True,0.0048163533836342864,1.3053124530132248e-05,681.0,CONVERGENCE: NORM OF PROJECTED GRADIENT <= PGTOL,L-BFGS-B,True,False,False,1,"[{""strain"":0.05,""subdivision"":1,""substep"":1,""optimizer_method"":""L-BFGS-B"",""selected_success"":true,""selected_message"":""CONVERGENCE: NORM OF PROJECTED GRADIENT <= PGTOL"",""selected_iterations"":681,""primary_success"":true,""primary_message"":""CONVERGENCE: NORM OF PROJECTED GRADIENT <= PGTOL"",""primary_iterations"":681,""fallback_used"":false,""fallback_success"":false,""fallback_message"":""not invoked"",""fallback_iterations"":0,""fallback_normalized_projected_gradient"":NaN,""independent_kkt_confirmed"":false,""projected_gradient_N"":0.0048163533836342864,""normalized_projected_gradient"":1.3053124530132248e-05,""accepted"":true}]",f141ffbd04ef138b9650f2a9878eed8fa60e248adf3e7f5898dbf890fce55fc4,d06c8aa5a844044b059518a454bb52ff40e1addc084e0ee363b3e8e1614a100f
D062,train,9.555230247473187,0.10097106527327976,9.469188634487008,0.10860747519074912,0.1,0.0,0.0,7.671314088862587,3.991644479079558,0.24598725372948385,0.4942190711368725,0.005222461918618553,0.48976879574341536,0.005617435071382729,0.0,0.0,0.5203338610362377,0.06162554180832422,0.1,0.4,9.033103530355788,9.0297259560371,2.006177352083223,25.388140278398097,30.193309064932397,30.193465939905124,-0.12299362686474193,3.715473658036344,True,True,0.004815885024566757,1.3051855198597306e-05,633.0,CONVERGENCE: NORM OF PROJECTED GRADIENT <= PGTOL,L-BFGS-B,True,False,False,1,"[{""strain"":0.1,""subdivision"":1,""substep"":1,""optimizer_method"":""L-BFGS-B"",""selected_success"":true,""selected_message"":""CONVERGENCE: NORM OF PROJECTED GRADIENT <= PGTOL"",""selected_iterations"":633,""primary_success"":true,""primary_message"":""CONVERGENCE: NORM OF PROJECTED GRADIENT <= PGTOL"",""primary_iterations"":633,""fallback_used"":false,""fallback_success"":false,""fallback_message"":""not invoked"",""fallback_iterations"":0,""fallback_normalized_projected_gradient"":NaN,""independent_kkt_confirmed"":false,""projected_gradient_N"":0.004815885024566757,""normalized_projected_gradient"":1.3051855198597306e-05,""accepted"":true}]",f141ffbd04ef138b9650f2a9878eed8fa60e248adf3e7f5898dbf890fce55fc4,d06c8aa5a844044b059518a454bb52ff40e1addc084e0ee363b3e8e1614a100f
D062,train,9.555230247473187,0.10097106527327976,9.469188634487008,0.10860747519074912,0.1,0.0,0.0,7.671314088862587,3.991644479079558,0.24598725372948385,0.4942190711368725,0.005222461918618553,0.48976879574341536,0.005617435071382729,0.0,0.0,0.5203338610362377,0.06162554180832422,0.15,0.6,11.550314807788315,11.55878953565415,4.077277280092704,33.02827759681615,39.209086777995736,39.20931705680628,-0.12299362686474193,3.515891434082366,True,True,0.004481432410499586,1.2145432585239802e-05,609.0,CONVERGENCE: NORM OF PROJECTED GRADIENT <= PGTOL,L-BFGS-B,True,False,False,1,"[{""strain"":0.15,""subdivision"":1,""substep"":1,""optimizer_method"":""L-BFGS-B"",""selected_success"":true,""selected_message"":""CONVERGENCE: NORM OF PROJECTED GRADIENT <= PGTOL"",""selected_iterations"":609,""primary_success"":true,""primary_message"":""CONVERGENCE: NORM OF PROJECTED GRADIENT <= PGTOL"",""primary_iterations"":609,""fallback_used"":false,""fallback_success"":false,""fallback_message"":""not invoked"",""fallback_iterations"":0,""fallback_normalized_projected_gradient"":NaN,""independent_kkt_confirmed"":false,""projected_gradient_N"":0.004481432410499586,""normalized_projected_gradient"":1.2145432585239802e-05,""accepted"":true}]",f141ffbd04ef138b9650f2a9878eed8fa60e248adf3e7f5898dbf890fce55fc4,d06c8aa5a844044b059518a454bb52ff40e1addc084e0ee363b3e8e1614a100f
D062,train,9.555230247473187,0.10097106527327976,9.469188634487008,0.10860747519074912,0.1,0.0,0.0,7.671314088862587,3.991644479079558,0.24598725372948385,0.4942190711368725,0.005222461918618553,0.48976879574341536,0.005617435071382729,0.0,0.0,0.5203338610362377,0.06162554180832422,0.2,0.8,13.230625675102349,13.228299705857339,6.562913373549444,38.22448871080512,45.28102269230885,45.28232006547356,-0.12299362686474193,3.316309210128388,True,True,0.003868926608117107,1.048543925063648e-05,574.0,CONVERGENCE: NORM OF PROJECTED GRADIENT <= PGTOL,L-BFGS-B,True,False,False,1,"[{""strain"":0.2,""subdivision"":1,""substep"":1,""optimizer_method"":""L-BFGS-B"",""selected_success"":true,""selected_message"":""CONVERGENCE: NORM OF PROJECTED GRADIENT <= PGTOL"",""selected_iterations"":574,""primary_success"":true,""primary_message"":""CONVERGENCE: NORM OF PROJECTED GRADIENT <= PGTOL"",""primary_iterations"":574,""fallback_used"":false,""fallback_success"":false,""fallback_message"":""not invoked"",""fallback_iterations"":0,""fallback_normalized_projected_gradient"":NaN,""independent_kkt_confirmed"":false,""projected_gradient_N"":0.003868926608117107,""normalized_projected_gradient"":1.048543925063648e-05,""accepted"":true}]",f141ffbd04ef138b9650f2a9878eed8fa60e248adf3e7f5898dbf890fce55fc4,d06c8aa5a844044b059518a454bb52ff40e1addc084e0ee363b3e8e1614a100f
D063,train,0.1,0.10972992606201307,4.711660742718406,0.1,9.860684057070246,0.0,0.03717594149890696,7.8248990501414,3.3734239330794056,0.24666588585980254,0.006719493205224715,0.007373294925835072,0.31659972346020365,0.006719493205224715,0.0,0.03717594149890696,0.43111405162708727,0.07312033434073474,0.0,0.0,0.0,0.0,0.0,0.0,0.0,0.0,-0.12333294292990127,3.496756876009307,True,True,0.0,0.0,0.0,undeformed reference,reference,True,False,False,1,[],f141ffbd04ef138b9650f2a9878eed8fa60e248adf3e7f5898dbf890fce55fc4,d06c8aa5a844044b059518a454bb52ff40e1addc084e0ee363b3e8e1614a100f
D063,train,0.1,0.10972992606201307,4.711660742718406,0.1,9.860684057070246,0.0,0.03717594149890696,7.8248990501414,3.3734239330794056,0.24666588585980254,0.006719493205224715,0.007373294925835072,0.31659972346020365,0.006719493205224715,0.0,0.03717594149890696,0.43111405162708727,0.07312033434073474,0.05,0.2,4.154207358053592,4.148783774554673,0.36177255814768705,11.989469122961138,15.236377790513217,15.245751860092813,-0.12333294292990127,3.3280856793553366,True,True,0.0051452109496703535,1.3906019558226053e-05,766.0,CONVERGENCE: NORM OF PROJECTED GRADIENT <= PGTOL,L-BFGS-B,True,False,False,1,"[{""strain"":0.05,""subdivision"":1,""substep"":1,""optimizer_method"":""L-BFGS-B"",""selected_success"":true,""selected_message"":""CONVERGENCE: NORM OF PROJECTED GRADIENT <= PGTOL"",""selected_iterations"":766,""primary_success"":true,""primary_message"":""CONVERGENCE: NORM OF PROJECTED GRADIENT <= PGTOL"",""primary_iterations"":766,""fallback_used"":false,""fallback_success"":false,""fallback_message"":""not invoked"",""fallback_iterations"":0,""fallback_normalized_projected_gradient"":NaN,""independent_kkt_confirmed"":false,""projected_gradient_N"":0.0051452109496703535,""normalized_projected_gradient"":1.3906019558226053e-05,""accepted"":true}]",f141ffbd04ef138b9650f2a9878eed8fa60e248adf3e7f5898dbf890fce55fc4,d06c8aa5a844044b059518a454bb52ff40e1addc084e0ee363b3e8e1614a100f
D063,train,0.1,0.10972992606201307,4.711660742718406,0.1,9.860684057070246,0.0,0.03717594149890696,7.8248990501414,3.3734239330794056,0.24666588585980254,0.006719493205224715,0.007373294925835072,0.31659972346020365,0.006719493205224715,0.0,0.03717594149890696,0.43111405162708727,0.07312033434073474,0.1,0.4,7.542150422141175,7.540447523552001,1.359519901364115,21.86626039705611,27.59705723482782,27.609073508429127,-0.12333294292990127,3.1594144827013664,True,True,0.004570370743937624,1.2352392462667187e-05,821.0,CONVERGENCE: NORM OF PROJECTED GRADIENT <= PGTOL,L-BFGS-B,True,False,False,1,"[{""strain"":0.1,""subdivision"":1,""substep"":1,""optimizer_method"":""L-BFGS-B"",""selected_success"":true,""selected_message"":""CONVERGENCE: NORM OF PROJECTED GRADIENT <= PGTOL"",""selected_iterations"":821,""primary_success"":true,""primary_message"":""CONVERGENCE: NORM OF PROJECTED GRADIENT <= PGTOL"",""primary_iterations"":821,""fallback_used"":false,""fallback_success"":false,""fallback_message"":""not invoked"",""fallback_iterations"":0,""fallback_normalized_projected_gradient"":NaN,""independent_kkt_confirmed"":false,""projected_gradient_N"":0.004570370743937624,""normalized_projected_gradient"":1.2352392462667187e-05,""accepted"":true}]",f141ffbd04ef138b9650f2a9878eed8fa60e248adf3e7f5898dbf890fce55fc4,d06c8aa5a844044b059518a454bb52ff40e1addc084e0ee363b3e8e1614a100f
D063,train,0.1,0.10972992606201307,4.711660742718406,0.1,9.860684057070246,0.0,0.03717594149890696,7.8248990501414,3.3734239330794056,0.24666588585980254,0.006719493205224715,0.007373294925835072,0.31659972346020365,0.006719493205224715,0.0,0.03717594149890696,0.43111405162708727,0.07312033434073474,0.15,0.6,10.736525603425832,10.735316661786921,2.8955284785995987,29.00295192087169,35.538272089888586,35.59352761538849,-0.12333294292990127,2.990743286047396,True,True,0.0041150570051646795,1.1121810894984087e-05,512.0,CONVERGENCE: NORM OF PROJECTED GRADIENT <= PGTOL,L-BFGS-B,True,False,False,1,"[{""strain"":0.15,""subdivision"":1,""substep"":1,""optimizer_method"":""L-BFGS-B"",""selected_success"":true,""selected_message"":""CONVERGENCE: NORM OF PROJECTED GRADIENT <= PGTOL"",""selected_iterations"":512,""primary_success"":true,""primary_message"":""CONVERGENCE: NORM OF PROJECTED GRADIENT <= PGTOL"",""primary_iterations"":512,""fallback_used"":false,""fallback_success"":false,""fallback_message"":""not invoked"",""fallback_iterations"":0,""fallback_normalized_projected_gradient"":NaN,""independent_kkt_confirmed"":false,""projected_gradient_N"":0.0041150570051646795,""normalized_projected_gradient"":1.1121810894984087e-05,""accepted"":true}]",f141ffbd04ef138b9650f2a9878eed8fa60e248adf3e7f5898dbf890fce55fc4,d06c8aa5a844044b059518a454bb52ff40e1addc084e0ee363b3e8e1614a100f
D063,train,0.1,0.10972992606201307,4.711660742718406,0.1,9.860684057070246,0.0,0.03717594149890696,7.8248990501414,3.3734239330794056,0.24666588585980254,0.006719493205224715,0.007373294925835072,0.31659972346020365,0.006719493205224715,0.0,0.03717594149890696,0.43111405162708727,0.07312033434073474,0.2,0.8,13.393471244061237,13.402024689645582,4.940700410096996,34.559848854450834,40.60418564501115,40.64057112499238,-0.12333294292990127,2.8220720893934255,True,True,0.004025884459842535,1.0880803252841448e-05,465.0,CONVERGENCE: NORM OF PROJECTED GRADIENT <= PGTOL,L-BFGS-B,True,False,False,1,"[{""strain"":0.2,""subdivision"":1,""substep"":1,""optimizer_method"":""L-BFGS-B"",""selected_success"":true,""selected_message"":""CONVERGENCE: NORM OF PROJECTED GRADIENT <= PGTOL"",""selected_iterations"":465,""primary_success"":true,""primary_message"":""CONVERGENCE: NORM OF PROJECTED GRADIENT <= PGTOL"",""primary_iterations"":465,""fallback_used"":false,""fallback_success"":false,""fallback_message"":""not invoked"",""fallback_iterations"":0,""fallback_normalized_projected_gradient"":NaN,""independent_kkt_confirmed"":false,""projected_gradient_N"":0.004025884459842535,""normalized_projected_gradient"":1.0880803252841448e-05,""accepted"":true}]",f141ffbd04ef138b9650f2a9878eed8fa60e248adf3e7f5898dbf890fce55fc4,d06c8aa5a844044b059518a454bb52ff40e1addc084e0ee363b3e8e1614a100f
D064,test,8.406095963776405,10.0,7.05535831974475,4.692017453285631,0.10218299245306302,0.1669657824893244,0.013539924887833383,7.9,2.385829420296766,0.15,0.27783553319198145,0.3305167278475428,0.23319139456339727,0.1550790255663528,0.1669657824893244,0.013539924887833383,0.3020037240881982,0.0628712173317663,0.0,0.0,0.0,0.0,0.0,0.0,0.0,0.0,-0.075,2.460829420296766,True,True,0.0,0.0,0.0,undeformed reference,reference,True,False,False,1,[],f141ffbd04ef138b9650f2a9878eed8fa60e248adf3e7f5898dbf890fce55fc4,d06c8aa5a844044b059518a454bb52ff40e1addc084e0ee363b3e8e1614a100f
D064,test,8.406095963776405,10.0,7.05535831974475,4.692017453285631,0.10218299245306302,0.1669657824893244,0.013539924887833383,7.9,2.385829420296766,0.15,0.27783553319198145,0.3305167278475428,0.23319139456339727,0.1550790255663528,0.1669657824893244,0.013539924887833383,0.3020037240881982,0.0628712173317663,0.05,0.2,0.8131937436862614,0.8171019117495312,0.049469393045674326,6.280801521409501,7.523320889441746,7.537140407039471,-0.075,2.341537949281928,True,True,0.0033563139008296883,1.491695067035417e-05,719.0,CONVERGENCE: NORM OF PROJECTED GRADIENT <= PGTOL,L-BFGS-B,True,False,False,1,"[{""strain"":0.05,""subdivision"":1,""substep"":1,""optimizer_method"":""L-BFGS-B"",""selected_success"":true,""selected_message"":""CONVERGENCE: NORM OF PROJECTED GRADIENT <= PGTOL"",""selected_iterations"":719,""primary_success"":true,""primary_message"":""CONVERGENCE: NORM OF PROJECTED GRADIENT <= PGTOL"",""primary_iterations"":719,""fallback_used"":false,""fallback_success"":false,""fallback_message"":""not invoked"",""fallback_iterations"":0,""fallback_normalized_projected_gradient"":NaN,""independent_kkt_confirmed"":false,""projected_gradient_N"":0.0033563139008296883,""normalized_projected_gradient"":1.491695067035417e-05,""accepted"":true}]",f141ffbd04ef138b9650f2a9878eed8fa60e248adf3e7f5898dbf890fce55fc4,d06c8aa5a844044b059518a454bb52ff40e1addc084e0ee363b3e8e1614a100f
D064,test,8.406095963776405,10.0,7.05535831974475,4.692017453285631,0.10218299245306302,0.1669657824893244,0.013539924887833383,7.9,2.385829420296766,0.15,0.27783553319198145,0.3305167278475428,0.23319139456339727,0.1550790255663528,0.1669657824893244,0.013539924887833383,0.3020037240881982,0.0628712173317663,0.1,0.4,1.5506012682947445,1.5546363098617144,0.19162427146552935,12.13838218553916,14.522321006298268,14.553818089891177,-0.075,2.2222464782670897,True,True,0.0017525147483987702,7.788954437327868e-06,794.0,CONVERGENCE: NORM OF PROJECTED GRADIENT <= PGTOL,L-BFGS-B,True,False,False,1,"[{""strain"":0.1,""subdivision"":1,""substep"":1,""optimizer_method"":""L-BFGS-B"",""selected_success"":true,""selected_message"":""CONVERGENCE: NORM OF PROJECTED GRADIENT <= PGTOL"",""selected_iterations"":794,""primary_success"":true,""primary_message"":""CONVERGENCE: NORM OF PROJECTED GRADIENT <= PGTOL"",""primary_iterations"":794,""fallback_used"":false,""fallback_success"":false,""fallback_message"":""not invoked"",""fallback_iterations"":0,""fallback_normalized_projected_gradient"":NaN,""independent_kkt_confirmed"":false,""projected_gradient_N"":0.0017525147483987702,""normalized_projected_gradient"":7.788954437327868e-06,""accepted"":true}]",f141ffbd04ef138b9650f2a9878eed8fa60e248adf3e7f5898dbf890fce55fc4,d06c8aa5a844044b059518a454bb52ff40e1addc084e0ee363b3e8e1614a100f
D064,test,8.406095963776405,10.0,7.05535831974475,4.692017453285631,0.10218299245306302,0.1669657824893244,0.013539924887833383,7.9,2.385829420296766,0.15,0.27783553319198145,0.3305167278475428,0.23319139456339727,0.1550790255663528,0.1669657824893244,0.013539924887833383,0.3020037240881982,0.0628712173317663,0.15,0.6,2.220040836094621,2.2177304392971235,0.4172245094443004,17.461305163070143,20.84880948979293,20.887376854483232,-0.075,2.1029550072522514,True,True,0.0026384571631750536,1.1726476280778017e-05,733.0,CONVERGENCE: NORM OF PROJECTED GRADIENT <= PGTOL,L-BFGS-B,True,False,False,1,"[{""strain"":0.15,""subdivision"":1,""substep"":1,""optimizer_method"":""L-BFGS-B"",""selected_success"":true,""selected_message"":""CONVERGENCE: NORM OF PROJECTED GRADIENT <= PGTOL"",""selected_iterations"":733,""primary_success"":true,""primary_message"":""CONVERGENCE: NORM OF PROJECTED GRADIENT <= PGTOL"",""primary_iterations"":733,""fallback_used"":false,""fallback_success"":false,""fallback_message"":""not invoked"",""fallback_iterations"":0,""fallback_normalized_projected_gradient"":NaN,""independent_kkt_confirmed"":false,""projected_gradient_N"":0.0026384571631750536,""normalized_projected_gradient"":1.1726476280778017e-05,""accepted"":true}]",f141ffbd04ef138b9650f2a9878eed8fa60e248adf3e7f5898dbf890fce55fc4,d06c8aa5a844044b059518a454bb52ff40e1addc084e0ee363b3e8e1614a100f
D064,test,8.406095963776405,10.0,7.05535831974475,4.692017453285631,0.10218299245306302,0.1669657824893244,0.013539924887833383,7.9,2.385829420296766,0.15,0.27783553319198145,0.3305167278475428,0.23319139456339727,0.1550790255663528,0.1669657824893244,0.013539924887833383,0.3020037240881982,0.0628712173317663,0.2,0.8,2.8039316034861854,2.802866422629907,0.7173764555069094,22.185526914147392,26.42866757105317,26.471821725871944,-0.075,1.983663536237413,True,True,0.0033496662154044454,1.4887405401797535e-05,589.0,CONVERGENCE: NORM OF PROJECTED GRADIENT <= PGTOL,L-BFGS-B,True,False,False,1,"[{""strain"":0.2,""subdivision"":1,""substep"":1,""optimizer_method"":""L-BFGS-B"",""selected_success"":true,""selected_message"":""CONVERGENCE: NORM OF PROJECTED GRADIENT <= PGTOL"",""selected_iterations"":589,""primary_success"":true,""primary_message"":""CONVERGENCE: NORM OF PROJECTED GRADIENT <= PGTOL"",""primary_iterations"":589,""fallback_used"":false,""fallback_success"":false,""fallback_message"":""not invoked"",""fallback_iterations"":0,""fallback_normalized_projected_gradient"":NaN,""independent_kkt_confirmed"":false,""projected_gradient_N"":0.0033496662154044454,""normalized_projected_gradient"":1.4887405401797535e-05,""accepted"":true}]",f141ffbd04ef138b9650f2a9878eed8fa60e248adf3e7f5898dbf890fce55fc4,d06c8aa5a844044b059518a454bb52ff40e1addc084e0ee363b3e8e1614a100f
D065,train,10.0,4.6428955556925136,9.622782240105686,9.261490657980852,9.502152631182124,0.0,0.0,7.844888935706887,2.2,0.15000218133548862,0.23239966952430072,0.10790073927787847,0.22363314125048714,0.21523673682171485,0.0,0.0,0.28043736731395325,0.06818280969794936,0.0,0.0,0.0,0.0,0.0,0.0,0.0,0.0,-0.07500109066774431,2.2750010906677445,True,True,0.0,0.0,0.0,undeformed reference,reference,True,False,False,1,[],f141ffbd04ef138b9650f2a9878eed8fa60e248adf3e7f5898dbf890fce55fc4,d06c8aa5a844044b059518a454bb52ff40e1addc084e0ee363b3e8e1614a100f
D065,train,10.0,4.6428955556925136,9.622782240105686,9.261490657980852,9.502152631182124,0.0,0.0,7.844888935706887,2.2,0.15000218133548862,0.23239966952430072,0.10790073927787847,0.22363314125048714,0.21523673682171485,0.0,0.0,0.28043736731395325,0.06818280969794936,0.05,0.2,0.7672727023637607,0.7622218088900128,0.04297190105783669,5.885361873444541,7.229729230863938,7.242617251212605,-0.07500109066774431,2.1650010906677446,True,True,0.002784751085322612,1.2376491508455041e-05,803.0,CONVERGENCE: NORM OF PROJECTED GRADIENT <= PGTOL,L-BFGS-B,True,False,False,1,"[{""strain"":0.05,""subdivision"":1,""substep"":1,""optimizer_method"":""L-BFGS-B"",""selected_success"":true,""selected_message"":""CONVERGENCE: NORM OF PROJECTED GRADIENT <= PGTOL"",""selected_iterations"":803,""primary_success"":true,""primary_message"":""CONVERGENCE: NORM OF PROJECTED GRADIENT <= PGTOL"",""primary_iterations"":803,""fallback_used"":false,""fallback_success"":false,""fallback_message"":""not invoked"",""fallback_iterations"":0,""fallback_normalized_projected_gradient"":NaN,""independent_kkt_confirmed"":false,""projected_gradient_N"":0.002784751085322612,""normalized_projected_gradient"":1.2376491508455041e-05,""accepted"":true}]",f141ffbd04ef138b9650f2a9878eed8fa60e248adf3e7f5898dbf890fce55fc4,d06c8aa5a844044b059518a454bb52ff40e1addc084e0ee363b3e8e1614a100f
D065,train,10.0,4.6428955556925136,9.622782240105686,9.261490657980852,9.502152631182124,0.0,0.0,7.844888935706887,2.2,0.15000218133548862,0.23239966952430072,0.10790073927787847,0.22363314125048714,0.21523673682171485,0.0,0.0,0.28043736731395325,0.06818280969794936,0.1,0.4,1.4779214814810013,1.4800903744939293,0.16716536846130192,11.428839122125767,14.004345293099052,14.030213796137293,-0.07500109066774431,2.0550010906677443,True,True,0.001622822593360329,7.212439974370736e-06,618.0,CONVERGENCE: NORM OF PROJECTED GRADIENT <= PGTOL,L-BFGS-B,True,False,False,1,"[{""strain"":0.1,""subdivision"":1,""substep"":1,""optimizer_method"":""L-BFGS-B"",""selected_success"":true,""selected_message"":""CONVERGENCE: NORM OF PROJECTED GRADIENT <= PGTOL"",""selected_iterations"":618,""primary_success"":true,""primary_message"":""CONVERGENCE: NORM OF PROJECTED GRADIENT <= PGTOL"",""primary_iterations"":618,""fallback_used"":false,""fallback_success"":false,""fallback_message"":""not invoked"",""fallback_iterations"":0,""fallback_normalized_projected_gradient"":NaN,""independent_kkt_confirmed"":false,""projected_gradient_N"":0.001622822593360329,""normalized_projected_gradient"":7.212439974370736e-06,""accepted"":true}]",f141ffbd04ef138b9650f2a9878eed8fa60e248adf3e7f5898dbf890fce55fc4,d06c8aa5a844044b059518a454bb52ff40e1addc084e0ee363b3e8e1614a100f
D065,train,10.0,4.6428955556925136,9.622782240105686,9.261490657980852,9.502152631182124,0.0,0.0,7.844888935706887,2.2,0.15000218133548862,0.23239966952430072,0.10790073927787847,0.22363314125048714,0.21523673682171485,0.0,0.0,0.28043736731395325,0.06818280969794936,0.15,0.6,2.1219686742639716,2.1165031351139367,0.36547313681703886,16.507490769601215,20.143013103295406,20.174456201231248,-0.07500109066774431,1.9450010906677444,True,True,0.0032967355302614965,1.4651944840224937e-05,663.0,CONVERGENCE: NORM OF PROJECTED GRADIENT <= PGTOL,L-BFGS-B,True,False,False,1,"[{""strain"":0.15,""subdivision"":1,""substep"":1,""optimizer_method"":""L-BFGS-B"",""selected_success"":true,""selected_message"":""CONVERGENCE: NORM OF PROJECTED GRADIENT <= PGTOL"",""selected_iterations"":663,""primary_success"":true,""primary_message"":""CONVERGENCE: NORM OF PROJECTED GRADIENT <= PGTOL"",""primary_iterations"":663,""fallback_used"":false,""fallback_success"":false,""fallback_message"":""not invoked"",""fallback_iterations"":0,""fallback_normalized_projected_gradient"":NaN,""independent_kkt_confirmed"":false,""projected_gradient_N"":0.0032967355302614965,""normalized_projected_gradient"":1.4651944840224937e-05,""accepted"":true}]",f141ffbd04ef138b9650f2a9878eed8fa60e248adf3e7f5898dbf890fce55fc4,d06c8aa5a844044b059518a454bb52ff40e1addc084e0ee363b3e8e1614a100f
D065,train,10.0,4.6428955556925136,9.622782240105686,9.261490657980852,9.502152631182124,0.0,0.0,7.844888935706887,2.2,0.15000218133548862,0.23239966952430072,0.10790073927787847,0.22363314125048714,0.21523673682171485,0.0,0.0,0.28043736731395325,0.06818280969794936,0.2,0.8,2.7406740125470623,2.73966136352447,0.6327499852027917,21.019975115941943,25.584386634712832,25.755089022886025,-0.07500109066774431,1.8350010906677445,True,True,0.003372270352716214,1.4987650280337968e-05,644.0,CONVERGENCE: NORM OF PROJECTED GRADIENT <= PGTOL,L-BFGS-B,True,False,False,1,"[{""strain"":0.2,""subdivision"":1,""substep"":1,""optimizer_method"":""L-BFGS-B"",""selected_success"":true,""selected_message"":""CONVERGENCE: NORM OF PROJECTED GRADIENT <= PGTOL"",""selected_iterations"":644,""primary_success"":true,""primary_message"":""CONVERGENCE: NORM OF PROJECTED GRADIENT <= PGTOL"",""primary_iterations"":644,""fallback_used"":false,""fallback_success"":false,""fallback_message"":""not invoked"",""fallback_iterations"":0,""fallback_normalized_projected_gradient"":NaN,""independent_kkt_confirmed"":false,""projected_gradient_N"":0.003372270352716214,""normalized_projected_gradient"":1.4987650280337968e-05,""accepted"":true}]",f141ffbd04ef138b9650f2a9878eed8fa60e248adf3e7f5898dbf890fce55fc4,d06c8aa5a844044b059518a454bb52ff40e1addc084e0ee363b3e8e1614a100f
D066,train,2.114131205568169,9.57973802338069,9.238885373442416,3.362456032917403,9.412034932511483,0.1751408447522,0.0,7.865039403658843,3.007848623887629,0.15204880368667498,0.0627203786590768,0.2842041187882267,0.274091970963734,0.09975469594962967,0.1751408447522,0.0,0.38243274693428336,0.050550683461640655,0.0,0.0,0.0,0.0,0.0,0.0,0.0,0.0,-0.07602440184333749,3.0838730257309668,True,True,0.0,0.0,0.0,undeformed reference,reference,True,False,False,1,[],f141ffbd04ef138b9650f2a9878eed8fa60e248adf3e7f5898dbf890fce55fc4,d06c8aa5a844044b059518a454bb52ff40e1addc084e0ee363b3e8e1614a100f
D066,train,2.114131205568169,9.57973802338069,9.238885373442416,3.362456032917403,9.412034932511483,0.1751408447522,0.0,7.865039403658843,3.007848623887629,0.15204880368667498,0.0627203786590768,0.2842041187882267,0.274091970963734,0.09975469594962967,0.1751408447522,0.0,0.38243274693428336,0.050550683461640655,0.05,0.2,1.0335259789287474,1.0312246475857147,0.07965641379826652,7.698666938691812,9.31491066671039,9.343206359635014,-0.07602440184333749,2.933480594536585,True,True,0.003031832471916074,1.3293242688769552e-05,886.0,CONVERGENCE: NORM OF PROJECTED GRADIENT <= PGTOL,L-BFGS-B,True,False,False,1,"[{""strain"":0.05,""subdivision"":1,""substep"":1,""optimizer_method"":""L-BFGS-B"",""selected_success"":true,""selected_message"":""CONVERGENCE: NORM OF PROJECTED GRADIENT <= PGTOL"",""selected_iterations"":886,""primary_success"":true,""primary_message"":""CONVERGENCE: NORM OF PROJECTED GRADIENT <= PGTOL"",""primary_iterations"":886,""fallback_used"":false,""fallback_success"":false,""fallback_message"":""not invoked"",""fallback_iterations"":0,""fallback_normalized_projected_gradient"":NaN,""independent_kkt_confirmed"":false,""projected_gradient_N"":0.003031832471916074,""normalized_projected_gradient"":1.3293242688769552e-05,""accepted"":true}]",f141ffbd04ef138b9650f2a9878eed8fa60e248adf3e7f5898dbf890fce55fc4,d06c8aa5a844044b059518a454bb52ff40e1addc084e0ee363b3e8e1614a100f
D066,train,2.114131205568169,9.57973802338069,9.238885373442416,3.362456032917403,9.412034932511483,0.1751408447522,0.0,7.865039403658843,3.007848623887629,0.15204880368667498,0.0627203786590768,0.2842041187882267,0.274091970963734,0.09975469594962967,0.1751408447522,0.0,0.38243274693428336,0.050550683461640655,0.1,0.4,1.9097815602009174,1.9081114577116751,0.30267831847683135,14.600673976111034,17.62414222848033,17.673611202840476,-0.07602440184333749,2.783088163342204,True,True,0.002841549517890174,1.2458936205534458e-05,713.0,CONVERGENCE: NORM OF PROJECTED GRADIENT <= PGTOL,L-BFGS-B,True,False,False,1,"[{""strain"":0.1,""subdivision"":1,""substep"":1,""optimizer_method"":""L-BFGS-B"",""selected_success"":true,""selected_message"":""CONVERGENCE: NORM OF PROJECTED GRADIENT <= PGTOL"",""selected_iterations"":713,""primary_success"":true,""primary_message"":""CONVERGENCE: NORM OF PROJECTED GRADIENT <= PGTOL"",""primary_iterations"":713,""fallback_used"":false,""fallback_success"":false,""fallback_message"":""not invoked"",""fallback_iterations"":0,""fallback_normalized_projected_gradient"":NaN,""independent_kkt_confirmed"":false,""projected_gradient_N"":0.002841549517890174,""normalized_projected_gradient"":1.2458936205534458e-05,""accepted"":true}]",f141ffbd04ef138b9650f2a9878eed8fa60e248adf3e7f5898dbf890fce55fc4,d06c8aa5a844044b059518a454bb52ff40e1addc084e0ee363b3e8e1614a100f
D066,train,2.114131205568169,9.57973802338069,9.238885373442416,3.362456032917403,9.412034932511483,0.1751408447522,0.0,7.865039403658843,3.007848623887629,0.15204880368667498,0.0627203786590768,0.2842041187882267,0.274091970963734,0.09975469594962967,0.1751408447522,0.0,0.38243274693428336,0.050550683461640655,0.15,0.6,2.6445307835022414,2.6503321956738968,0.647112013397993,20.583235927629687,24.789547190322388,24.85242008241312,-0.07602440184333749,2.6326957321478224,True,True,0.0033676369416615337,1.476559657166033e-05,849.0,CONVERGENCE: NORM OF PROJECTED GRADIENT <= PGTOL,L-BFGS-B,True,False,False,1,"[{""strain"":0.15,""subdivision"":1,""substep"":1,""optimizer_method"":""L-BFGS-B"",""selected_success"":true,""selected_message"":""CONVERGENCE: NORM OF PROJECTED GRADIENT <= PGTOL"",""selected_iterations"":849,""primary_success"":true,""primary_message"":""CONVERGENCE: NORM OF PROJECTED GRADIENT <= PGTOL"",""primary_iterations"":849,""fallback_used"":false,""fallback_success"":false,""fallback_message"":""not invoked"",""fallback_iterations"":0,""fallback_normalized_projected_gradient"":NaN,""independent_kkt_confirmed"":false,""projected_gradient_N"":0.0033676369416615337,""normalized_projected_gradient"":1.476559657166033e-05,""accepted"":true}]",f141ffbd04ef138b9650f2a9878eed8fa60e248adf3e7f5898dbf890fce55fc4,d06c8aa5a844044b059518a454bb52ff40e1addc084e0ee363b3e8e1614a100f
D066,train,2.114131205568169,9.57973802338069,9.238885373442416,3.362456032917403,9.412034932511483,0.1751408447522,0.0,7.865039403658843,3.007848623887629,0.15204880368667498,0.0627203786590768,0.2842041187882267,0.274091970963734,0.09975469594962967,0.1751408447522,0.0,0.38243274693428336,0.050550683461640655,0.2,0.8,3.2729348560540847,3.270216300980869,1.0937142908917448,25.64807086011289,30.742608617679192,30.803473896578648,-0.07602440184333749,2.4823033009534408,True,True,0.0031398653412666455,1.3766918976606685e-05,691.0,CONVERGENCE: NORM OF PROJECTED GRADIENT <= PGTOL,L-BFGS-B,True,False,False,1,"[{""strain"":0.2,""subdivision"":1,""substep"":1,""optimizer_method"":""L-BFGS-B"",""selected_success"":true,""selected_message"":""CONVERGENCE: NORM OF PROJECTED GRADIENT <= PGTOL"",""selected_iterations"":691,""primary_success"":true,""primary_message"":""CONVERGENCE: NORM OF PROJECTED GRADIENT <= PGTOL"",""primary_iterations"":691,""fallback_used"":false,""fallback_success"":false,""fallback_message"":""not invoked"",""fallback_iterations"":0,""fallback_normalized_projected_gradient"":NaN,""independent_kkt_confirmed"":false,""projected_gradient_N"":0.0031398653412666455,""normalized_projected_gradient"":1.3766918976606685e-05,""accepted"":true}]",f141ffbd04ef138b9650f2a9878eed8fa60e248adf3e7f5898dbf890fce55fc4,d06c8aa5a844044b059518a454bb52ff40e1addc084e0ee363b3e8e1614a100f
D067,train,0.1,0.1,10.0,0.1,10.0,0.1968566965461034,0.047916331255987585,6.158882500428424,4.0,0.25,0.004926108374384237,0.004926108374384237,0.4926108374384237,0.004926108374384237,0.1968566965461034,0.047916331255987585,0.649468470899023,0.0625,0.0,0.0,0.0,0.0,0.0,0.0,0.0,0.0,-0.125,4.125,True,True,0.0,0.0,0.0,undeformed reference,reference,True,False,False,1,[],f141ffbd04ef138b9650f2a9878eed8fa60e248adf3e7f5898dbf890fce55fc4,d06c8aa5a844044b059518a454bb52ff40e1addc084e0ee363b3e8e1614a100f
D067,train,0.1,0.1,10.0,0.1,10.0,0.1968566965461034,0.047916331255987585,6.158882500428424,4.0,0.25,0.004926108374384237,0.004926108374384237,0.4926108374384237,0.004926108374384237,0.1968566965461034,0.047916331255987585,0.649468470899023,0.0625,0.05,0.2,9.38828184437235,9.386524555498791,1.014672904322474,19.457631357831424,23.500461993527992,23.51444582374845,-0.125,3.925,True,True,0.004901757972384568,1.3071354593025516e-05,738.0,CONVERGENCE: NORM OF PROJECTED GRADIENT <= PGTOL,L-BFGS-B,True,False,False,1,"[{""strain"":0.05,""subdivision"":1,""substep"":1,""optimizer_method"":""L-BFGS-B"",""selected_success"":true,""selected_message"":""CONVERGENCE: NORM OF PROJECTED GRADIENT <= PGTOL"",""selected_iterations"":738,""primary_success"":true,""primary_message"":""CONVERGENCE: NORM OF PROJECTED GRADIENT <= PGTOL"",""primary_iterations"":738,""fallback_used"":false,""fallback_success"":false,""fallback_message"":""not invoked"",""fallback_iterations"":0,""fallback_normalized_projected_gradient"":NaN,""independent_kkt_confirmed"":false,""projected_gradient_N"":0.004901757972384568,""normalized_projected_gradient"":1.3071354593025516e-05,""accepted"":true}]",f141ffbd04ef138b9650f2a9878eed8fa60e248adf3e7f5898dbf890fce55fc4,d06c8aa5a844044b059518a454bb52ff40e1addc084e0ee363b3e8e1614a100f
D067,train,0.1,0.1,10.0,0.1,10.0,0.1968566965461034,0.047916331255987585,6.158882500428424,4.0,0.25,0.004926108374384237,0.004926108374384237,0.4926108374384237,0.004926108374384237,0.1968566965461034,0.047916331255987585,0.649468470899023,0.0625,0.1,0.4,14.757096021222706,14.749300361259914,3.4794184363900347,31.990007962877556,38.374127341166314,38.388621445919604,-0.125,3.725,True,True,0.004417010903114527,1.1778695741638737e-05,799.0,CONVERGENCE: NORM OF PROJECTED GRADIENT <= PGTOL,L-BFGS-B,True,False,False,1,"[{""strain"":0.1,""subdivision"":1,""substep"":1,""optimizer_method"":""L-BFGS-B"",""selected_success"":true,""selected_message"":""CONVERGENCE: NORM OF PROJECTED GRADIENT <= PGTOL"",""selected_iterations"":799,""primary_success"":true,""primary_message"":""CONVERGENCE: NORM OF PROJECTED GRADIENT <= PGTOL"",""primary_iterations"":799,""fallback_used"":false,""fallback_success"":false,""fallback_message"":""not invoked"",""fallback_iterations"":0,""fallback_normalized_projected_gradient"":NaN,""independent_kkt_confirmed"":false,""projected_gradient_N"":0.004417010903114527,""normalized_projected_gradient"":1.1778695741638737e-05,""accepted"":true}]",f141ffbd04ef138b9650f2a9878eed8fa60e248adf3e7f5898dbf890fce55fc4,d06c8aa5a844044b059518a454bb52ff40e1addc084e0ee363b3e8e1614a100f
D067,train,0.1,0.1,10.0,0.1,10.0,0.1968566965461034,0.047916331255987585,6.158882500428424,4.0,0.25,0.004926108374384237,0.004926108374384237,0.4926108374384237,0.004926108374384237,0.1968566965461034,0.047916331255987585,0.649468470899023,0.0625,0.15,0.6,17.583400995568468,17.586465512437556,6.744271495662909,39.24460223847657,46.83059008106802,46.84514101770076,-0.125,3.525,True,True,0.005391700551198753,1.4377868136530008e-05,726.0,CONVERGENCE: NORM OF PROJECTED GRADIENT <= PGTOL,L-BFGS-B,True,False,False,1,"[{""strain"":0.15,""subdivision"":1,""substep"":1,""optimizer_method"":""L-BFGS-B"",""selected_success"":true,""selected_message"":""CONVERGENCE: NORM OF PROJECTED GRADIENT <= PGTOL"",""selected_iterations"":726,""primary_success"":true,""primary_message"":""CONVERGENCE: NORM OF PROJECTED GRADIENT <= PGTOL"",""primary_iterations"":726,""fallback_used"":false,""fallback_success"":false,""fallback_message"":""not invoked"",""fallback_iterations"":0,""fallback_normalized_projected_gradient"":NaN,""independent_kkt_confirmed"":false,""projected_gradient_N"":0.005391700551198753,""normalized_projected_gradient"":1.4377868136530008e-05,""accepted"":true}]",f141ffbd04ef138b9650f2a9878eed8fa60e248adf3e7f5898dbf890fce55fc4,d06c8aa5a844044b059518a454bb52ff40e1addc084e0ee363b3e8e1614a100f
D067,train,0.1,0.1,10.0,0.1,10.0,0.1968566965461034,0.047916331255987585,6.158882500428424,4.0,0.25,0.004926108374384237,0.004926108374384237,0.4926108374384237,0.004926108374384237,0.1968566965461034,0.047916331255987585,0.649468470899023,0.0625,0.2,0.8,19.043508495895537,19.03518763834285,10.424351421549074,43.54988272043936,51.7380939855256,51.74729035732534,-0.125,3.325,True,True,0.005535872461013724,1.4762326562703266e-05,586.0,CONVERGENCE: NORM OF PROJECTED GRADIENT <= PGTOL,L-BFGS-B,True,False,False,1,"[{""strain"":0.2,""subdivision"":1,""substep"":1,""optimizer_method"":""L-BFGS-B"",""selected_success"":true,""selected_message"":""CONVERGENCE: NORM OF PROJECTED GRADIENT <= PGTOL"",""selected_iterations"":586,""primary_success"":true,""primary_message"":""CONVERGENCE: NORM OF PROJECTED GRADIENT <= PGTOL"",""primary_iterations"":586,""fallback_used"":false,""fallback_success"":false,""fallback_message"":""not invoked"",""fallback_iterations"":0,""fallback_normalized_projected_gradient"":NaN,""independent_kkt_confirmed"":false,""projected_gradient_N"":0.005535872461013724,""normalized_projected_gradient"":1.4762326562703266e-05,""accepted"":true}]",f141ffbd04ef138b9650f2a9878eed8fa60e248adf3e7f5898dbf890fce55fc4,d06c8aa5a844044b059518a454bb52ff40e1addc084e0ee363b3e8e1614a100f
D068,test,10.0,10.0,10.0,6.1551668664007915,0.10569767741922327,0.0,0.0,7.9,3.842027926110291,0.15,0.2757794146886747,0.2757794146886747,0.2757794146886747,0.16974683157271342,0.0,0.0,0.48633264887472033,0.0390418817574451,0.0,0.0,0.0,0.0,0.0,0.0,0.0,0.0,-0.075,3.917027926110291,True,True,0.0,0.0,0.0,undeformed reference,reference,True,False,False,1,[],f141ffbd04ef138b9650f2a9878eed8fa60e248adf3e7f5898dbf890fce55fc4,d06c8aa5a844044b059518a454bb52ff40e1addc084e0ee363b3e8e1614a100f
D068,test,10.0,10.0,10.0,6.1551668664007915,0.10569767741922327,0.0,0.0,7.9,3.842027926110291,0.15,0.2757794146886747,0.2757794146886747,0.2757794146886747,0.16974683157271342,0.0,0.0,0.48633264887472033,0.0390418817574451,0.05,0.2,1.1523530655691667,1.155502072916518,0.11561814709538756,8.943100930443755,10.707958803864667,10.711270122216842,-0.075,3.7249265298047765,True,True,0.0033336441512562542,1.4816196227805574e-05,894.0,CONVERGENCE: NORM OF PROJECTED GRADIENT <= PGTOL,L-BFGS-B,True,False,False,1,"[{""strain"":0.05,""subdivision"":1,""substep"":1,""optimizer_method"":""L-BFGS-B"",""selected_success"":true,""selected_message"":""CONVERGENCE: NORM OF PROJECTED GRADIENT <= PGTOL"",""selected_iterations"":894,""primary_success"":true,""primary_message"":""CONVERGENCE: NORM OF PROJECTED GRADIENT <= PGTOL"",""primary_iterations"":894,""fallback_used"":false,""fallback_success"":false,""fallback_message"":""not invoked"",""fallback_iterations"":0,""fallback_normalized_projected_gradient"":NaN,""independent_kkt_confirmed"":false,""projected_gradient_N"":0.0033336441512562542,""normalized_projected_gradient"":1.4816196227805574e-05,""accepted"":true}]",f141ffbd04ef138b9650f2a9878eed8fa60e248adf3e7f5898dbf890fce55fc4,d06c8aa5a844044b059518a454bb52ff40e1addc084e0ee363b3e8e1614a100f
D068,test,10.0,10.0,10.0,6.1551668664007915,0.10569767741922327,0.0,0.0,7.9,3.842027926110291,0.15,0.2757794146886747,0.2757794146886747,0.2757794146886747,0.16974683157271342,0.0,0.0,0.48633264887472033,0.0390418817574451,0.1,0.4,2.062947346776858,2.06153038898512,0.42777350583821094,16.598104202060398,19.81766311418055,19.822133587654655,-0.075,3.532825133499262,True,True,0.00265449868522305,1.1797771934324668e-05,833.0,CONVERGENCE: NORM OF PROJECTED GRADIENT <= PGTOL,L-BFGS-B,True,False,False,1,"[{""strain"":0.1,""subdivision"":1,""substep"":1,""optimizer_method"":""L-BFGS-B"",""selected_success"":true,""selected_message"":""CONVERGENCE: NORM OF PROJECTED GRADIENT <= PGTOL"",""selected_iterations"":833,""primary_success"":true,""primary_message"":""CONVERGENCE: NORM OF PROJECTED GRADIENT <= PGTOL"",""primary_iterations"":833,""fallback_used"":false,""fallback_success"":false,""fallback_message"":""not invoked"",""fallback_iterations"":0,""fallback_normalized_projected_gradient"":NaN,""independent_kkt_confirmed"":false,""projected_gradient_N"":0.00265449868522305,""normalized_projected_gradient"":1.1797771934324668e-05,""accepted"":true}]",f141ffbd04ef138b9650f2a9878eed8fa60e248adf3e7f5898dbf890fce55fc4,d06c8aa5a844044b059518a454bb52ff40e1addc084e0ee363b3e8e1614a100f
D068,test,10.0,10.0,10.0,6.1551668664007915,0.10569767741922327,0.0,0.0,7.9,3.842027926110291,0.15,0.2757794146886747,0.2757794146886747,0.2757794146886747,0.16974683157271342,0.0,0.0,0.48633264887472033,0.0390418817574451,0.15,0.6,2.7640022795297607,2.7668590420678845,0.8936462306237578,22.921906941776232,27.309260234887663,27.31549051611191,-0.075,3.3407237371937475,True,True,0.002839208827549289,1.2618705900219061e-05,724.0,CONVERGENCE: NORM OF PROJECTED GRADIENT <= PGTOL,L-BFGS-B,True,False,False,1,"[{""strain"":0.15,""subdivision"":1,""substep"":1,""optimizer_method"":""L-BFGS-B"",""selected_success"":true,""selected_message"":""CONVERGENCE: NORM OF PROJECTED GRADIENT <= PGTOL"",""selected_iterations"":724,""primary_success"":true,""primary_message"":""CONVERGENCE: NORM OF PROJECTED GRADIENT <= PGTOL"",""primary_iterations"":724,""fallback_used"":false,""fallback_success"":false,""fallback_message"":""not invoked"",""fallback_iterations"":0,""fallback_normalized_projected_gradient"":NaN,""independent_kkt_confirmed"":false,""projected_gradient_N"":0.002839208827549289,""normalized_projected_gradient"":1.2618705900219061e-05,""accepted"":true}]",f141ffbd04ef138b9650f2a9878eed8fa60e248adf3e7f5898dbf890fce55fc4,d06c8aa5a844044b059518a454bb52ff40e1addc084e0ee363b3e8e1614a100f
D068,test,10.0,10.0,10.0,6.1551668664007915,0.10569767741922327,0.0,0.0,7.9,3.842027926110291,0.15,0.2757794146886747,0.2757794146886747,0.2757794146886747,0.16974683157271342,0.0,0.0,0.48633264887472033,0.0390418817574451,0.2,0.8,3.325323679208148,3.3214879915753026,1.4802949799649392,28.05433169095456,33.34140043342774,33.347696224148685,-0.075,3.148622340888233,True,True,0.0025831427506253224,1.1480634447223655e-05,813.0,CONVERGENCE: NORM OF PROJECTED GRADIENT <= PGTOL,L-BFGS-B,True,False,False,1,"[{""strain"":0.2,""subdivision"":1,""substep"":1,""optimizer_method"":""L-BFGS-B"",""selected_success"":true,""selected_message"":""CONVERGENCE: NORM OF PROJECTED GRADIENT <= PGTOL"",""selected_iterations"":813,""primary_success"":true,""primary_message"":""CONVERGENCE: NORM OF PROJECTED GRADIENT <= PGTOL"",""primary_iterations"":813,""fallback_used"":false,""fallback_success"":false,""fallback_message"":""not invoked"",""fallback_iterations"":0,""fallback_normalized_projected_gradient"":NaN,""independent_kkt_confirmed"":false,""projected_gradient_N"":0.0025831427506253224,""normalized_projected_gradient"":1.1480634447223655e-05,""accepted"":true}]",f141ffbd04ef138b9650f2a9878eed8fa60e248adf3e7f5898dbf890fce55fc4,d06c8aa5a844044b059518a454bb52ff40e1addc084e0ee363b3e8e1614a100f
D069,train,0.1,6.366562500224667,6.19028051201217,8.846463212915358,10.0,0.0002598583379332737,0.0,7.9,2.200832189930383,0.15,0.0031742700047196998,0.20209188377636417,0.19649621750081137,0.28081062824613484,0.0002598583379332737,0.0,0.2785863531557447,0.06815603692380781,0.0,0.0,0.0,0.0,0.0,0.0,0.0,0.0,-0.075,2.2758321899303833,True,True,0.0,0.0,0.0,undeformed reference,reference,True,False,False,1,[],f141ffbd04ef138b9650f2a9878eed8fa60e248adf3e7f5898dbf890fce55fc4,d06c8aa5a844044b059518a454bb52ff40e1addc084e0ee363b3e8e1614a100f
D069,train,0.1,6.366562500224667,6.19028051201217,8.846463212915358,10.0,0.0002598583379332737,0.0,7.9,2.200832189930383,0.15,0.0031742700047196998,0.20209188377636417,0.19649621750081137,0.28081062824613484,0.0002598583379332737,0.0,0.2785863531557447,0.06815603692380781,0.05,0.2,0.7501176749383509,0.7538661007684151,0.04196159712977095,5.825341695154119,7.029316283746042,7.035371528017133,-0.075,2.165790580433864,True,True,0.001744662944992259,7.75405753329893e-06,764.0,CONVERGENCE: NORM OF PROJECTED GRADIENT <= PGTOL,L-BFGS-B,True,False,False,1,"[{""strain"":0.05,""subdivision"":1,""substep"":1,""optimizer_method"":""L-BFGS-B"",""selected_success"":true,""selected_message"":""CONVERGENCE: NORM OF PROJECTED GRADIENT <= PGTOL"",""selected_iterations"":764,""primary_success"":true,""primary_message"":""CONVERGENCE: NORM OF PROJECTED GRADIENT <= PGTOL"",""primary_iterations"":764,""fallback_used"":false,""fallback_success"":false,""fallback_message"":""not invoked"",""fallback_iterations"":0,""fallback_normalized_projected_gradient"":NaN,""independent_kkt_confirmed"":false,""projected_gradient_N"":0.001744662944992259,""normalized_projected_gradient"":7.75405753329893e-06,""accepted"":true}]",f141ffbd04ef138b9650f2a9878eed8fa60e248adf3e7f5898dbf890fce55fc4,d06c8aa5a844044b059518a454bb52ff40e1addc084e0ee363b3e8e1614a100f
D069,train,0.1,6.366562500224667,6.19028051201217,8.846463212915358,10.0,0.0002598583379332737,0.0,7.9,2.200832189930383,0.15,0.0031742700047196998,0.20209188377636417,0.19649621750081137,0.28081062824613484,0.0002598583379332737,0.0,0.2785863531557447,0.06815603692380781,0.1,0.4,1.4403669058288524,1.4390375509770066,0.1634261402559357,11.319586413503739,13.616747409227584,13.63091715555825,-0.075,2.055748970937345,True,True,0.002985081335216744,1.3267028156518861e-05,529.0,CONVERGENCE: NORM OF PROJECTED GRADIENT <= PGTOL,L-BFGS-B,True,False,False,1,"[{""strain"":0.1,""subdivision"":1,""substep"":1,""optimizer_method"":""L-BFGS-B"",""selected_success"":true,""selected_message"":""CONVERGENCE: NORM OF PROJECTED GRADIENT <= PGTOL"",""selected_iterations"":529,""primary_success"":true,""primary_message"":""CONVERGENCE: NORM OF PROJECTED GRADIENT <= PGTOL"",""primary_iterations"":529,""fallback_used"":false,""fallback_success"":false,""fallback_message"":""not invoked"",""fallback_iterations"":0,""fallback_normalized_projected_gradient"":NaN,""independent_kkt_confirmed"":false,""projected_gradient_N"":0.002985081335216744,""normalized_projected_gradient"":1.3267028156518861e-05,""accepted"":true}]",f141ffbd04ef138b9650f2a9878eed8fa60e248adf3e7f5898dbf890fce55fc4,d06c8aa5a844044b059518a454bb52ff40e1addc084e0ee363b3e8e1614a100f
D069,train,0.1,6.366562500224667,6.19028051201217,8.846463212915358,10.0,0.0002598583379332737,0.0,7.9,2.200832189930383,0.15,0.0031742700047196998,0.20209188377636417,0.19649621750081137,0.28081062824613484,0.0002598583379332737,0.0,0.2785863531557447,0.06815603692380781,0.15,0.6,2.076296393940633,2.0771100829683506,0.3577029375936423,16.37721380522489,19.667577219123956,19.688239003898673,-0.075,1.9457073614408258,True,True,0.0024714064990446483,1.098402888464288e-05,537.0,CONVERGENCE: NORM OF PROJECTED GRADIENT <= PGTOL,L-BFGS-B,True,False,False,1,"[{""strain"":0.15,""subdivision"":1,""substep"":1,""optimizer_method"":""L-BFGS-B"",""selected_success"":true,""selected_message"":""CONVERGENCE: NORM OF PROJECTED GRADIENT <= PGTOL"",""selected_iterations"":537,""primary_success"":true,""primary_message"":""CONVERGENCE: NORM OF PROJECTED GRADIENT <= PGTOL"",""primary_iterations"":537,""fallback_used"":false,""fallback_success"":false,""fallback_message"":""not invoked"",""fallback_iterations"":0,""fallback_normalized_projected_gradient"":NaN,""independent_kkt_confirmed"":false,""projected_gradient_N"":0.0024714064990446483,""normalized_projected_gradient"":1.098402888464288e-05,""accepted"":true}]",f141ffbd04ef138b9650f2a9878eed8fa60e248adf3e7f5898dbf890fce55fc4,d06c8aa5a844044b059518a454bb52ff40e1addc084e0ee363b3e8e1614a100f
D069,train,0.1,6.366562500224667,6.19028051201217,8.846463212915358,10.0,0.0002598583379332737,0.0,7.9,2.200832189930383,0.15,0.0031742700047196998,0.20209188377636417,0.19649621750081137,0.28081062824613484,0.0002598583379332737,0.0,0.2785863531557447,0.06815603692380781,0.2,0.8,2.6397985953171226,2.646841329671399,0.6181659420661798,20.93300280818727,25.081954020271922,25.104647672289126,-0.075,1.8356657519443067,True,True,0.0031521393063351777,1.4009508028156345e-05,521.0,CONVERGENCE: NORM OF PROJECTED GRADIENT <= PGTOL,L-BFGS-B,True,False,False,1,"[{""strain"":0.2,""subdivision"":1,""substep"":1,""optimizer_method"":""L-BFGS-B"",""selected_success"":true,""selected_message"":""CONVERGENCE: NORM OF PROJECTED GRADIENT <= PGTOL"",""selected_iterations"":521,""primary_success"":true,""primary_message"":""CONVERGENCE: NORM OF PROJECTED GRADIENT <= PGTOL"",""primary_iterations"":521,""fallback_used"":false,""fallback_success"":false,""fallback_message"":""not invoked"",""fallback_iterations"":0,""fallback_normalized_projected_gradient"":NaN,""independent_kkt_confirmed"":false,""projected_gradient_N"":0.0031521393063351777,""normalized_projected_gradient"":1.4009508028156345e-05,""accepted"":true}]",f141ffbd04ef138b9650f2a9878eed8fa60e248adf3e7f5898dbf890fce55fc4,d06c8aa5a844044b059518a454bb52ff40e1addc084e0ee363b3e8e1614a100f
D070,train,0.10072044610015261,7.2030854085959355,10.0,4.625867327251896,9.616862661346378,0.0,0.049687618402595723,7.9,4.0,0.20268429291816392,0.003192757727836608,0.2283320566282414,0.316992016165402,0.1466363010579238,0.0,0.049687618402595723,0.5063291139240506,0.05067107322954098,0.0,0.0,0.0,0.0,0.0,0.0,0.0,0.0,-0.10134214645908196,4.101342146459082,True,True,0.0,0.0,0.0,undeformed reference,reference,True,False,False,1,[],f141ffbd04ef138b9650f2a9878eed8fa60e248adf3e7f5898dbf890fce55fc4,d06c8aa5a844044b059518a454bb52ff40e1addc084e0ee363b3e8e1614a100f
D070,train,0.10072044610015261,7.2030854085959355,10.0,4.625867327251896,9.616862661346378,0.0,0.049687618402595723,7.9,4.0,0.20268429291816392,0.003192757727836608,0.2283320566282414,0.316992016165402,0.1466363010579238,0.0,0.049687618402595723,0.5063291139240506,0.05067107322954098,0.05,0.2,2.8047520822067407,2.811513212757144,0.29406905073789086,11.845171456189727,14.192935442563197,14.204843848853306,-0.10134214645908196,3.901342146459082,True,True,0.0036347690661918675,1.1955437407474051e-05,703.0,CONVERGENCE: NORM OF PROJECTED GRADIENT <= PGTOL,L-BFGS-B,True,False,False,1,"[{""strain"":0.05,""subdivision"":1,""substep"":1,""optimizer_method"":""L-BFGS-B"",""selected_success"":true,""selected_message"":""CONVERGENCE: NORM OF PROJECTED GRADIENT <= PGTOL"",""selected_iterations"":703,""primary_success"":true,""primary_message"":""CONVERGENCE: NORM OF PROJECTED GRADIENT <= PGTOL"",""primary_iterations"":703,""fallback_used"":false,""fallback_success"":false,""fallback_message"":""not invoked"",""fallback_iterations"":0,""fallback_normalized_projected_gradient"":NaN,""independent_kkt_confirmed"":false,""projected_gradient_N"":0.0036347690661918675,""normalized_projected_gradient"":1.1955437407474051e-05,""accepted"":true}]",f141ffbd04ef138b9650f2a9878eed8fa60e248adf3e7f5898dbf890fce55fc4,d06c8aa5a844044b059518a454bb52ff40e1addc084e0ee363b3e8e1614a100f
D070,train,0.10072044610015261,7.2030854085959355,10.0,4.625867327251896,9.616862661346378,0.0,0.049687618402595723,7.9,4.0,0.20268429291816392,0.003192757727836608,0.2283320566282414,0.316992016165402,0.1466363010579238,0.0,0.049687618402595723,0.5063291139240506,0.05067107322954098,0.1,0.4,4.899888141094109,4.909299176844883,1.0762670403239247,21.438362244007145,25.614426344430964,25.633202190947717,-0.10134214645908196,3.701342146459082,True,True,0.0034324641452329607,1.129001856635846e-05,801.0,CONVERGENCE: NORM OF PROJECTED GRADIENT <= PGTOL,L-BFGS-B,True,False,False,1,"[{""strain"":0.1,""subdivision"":1,""substep"":1,""optimizer_method"":""L-BFGS-B"",""selected_success"":true,""selected_message"":""CONVERGENCE: NORM OF PROJECTED GRADIENT <= PGTOL"",""selected_iterations"":801,""primary_success"":true,""primary_message"":""CONVERGENCE: NORM OF PROJECTED GRADIENT <= PGTOL"",""primary_iterations"":801,""fallback_used"":false,""fallback_success"":false,""fallback_message"":""not invoked"",""fallback_iterations"":0,""fallback_normalized_projected_gradient"":NaN,""independent_kkt_confirmed"":false,""projected_gradient_N"":0.0034324641452329607,""normalized_projected_gradient"":1.129001856635846e-05,""accepted"":true}]",f141ffbd04ef138b9650f2a9878eed8fa60e248adf3e7f5898dbf890fce55fc4,d06c8aa5a844044b059518a454bb52ff40e1addc084e0ee363b3e8e1614a100f
D070,train,0.10072044610015261,7.2030854085959355,10.0,4.625867327251896,9.616862661346378,0.0,0.049687618402595723,7.9,4.0,0.20268429291816392,0.003192757727836608,0.2283320566282414,0.316992016165402,0.1466363010579238,0.0,0.049687618402595723,0.5063291139240506,0.05067107322954098,0.15,0.6,6.453342173923351,6.455202837393865,2.2204620240299375,28.748256804843717,34.239615943504596,34.25901652791033,-0.10134214645908196,3.501342146459082,True,True,0.003834771678620008,1.261328352387701e-05,731.0,CONVERGENCE: NORM OF PROJECTED GRADIENT <= PGTOL,L-BFGS-B,True,False,False,1,"[{""strain"":0.15,""subdivision"":1,""substep"":1,""optimizer_method"":""L-BFGS-B"",""selected_success"":true,""selected_message"":""CONVERGENCE: NORM OF PROJECTED GRADIENT <= PGTOL"",""selected_iterations"":731,""primary_success"":true,""primary_message"":""CONVERGENCE: NORM OF PROJECTED GRADIENT <= PGTOL"",""primary_iterations"":731,""fallback_used"":false,""fallback_success"":false,""fallback_message"":""not invoked"",""fallback_iterations"":0,""fallback_normalized_projected_gradient"":NaN,""independent_kkt_confirmed"":false,""projected_gradient_N"":0.003834771678620008,""normalized_projected_gradient"":1.261328352387701e-05,""accepted"":true}]",f141ffbd04ef138b9650f2a9878eed8fa60e248adf3e7f5898dbf890fce55fc4,d06c8aa5a844044b059518a454bb52ff40e1addc084e0ee363b3e8e1614a100f
D070,train,0.10072044610015261,7.2030854085959355,10.0,4.625867327251896,9.616862661346378,0.0,0.049687618402595723,7.9,4.0,0.20268429291816392,0.003192757727836608,0.2283320566282414,0.316992016165402,0.1466363010579238,0.0,0.049687618402595723,0.5063291139240506,0.05067107322954098,0.2,0.8,7.5756850479272995,7.571115566114301,3.630114327212574,34.16972364789104,40.57385679131746,40.592303121287046,-0.10134214645908196,3.301342146459082,True,True,0.003838894766824308,1.2626845134547271e-05,677.0,CONVERGENCE: NORM OF PROJECTED GRADIENT <= PGTOL,L-BFGS-B,True,False,False,1,"[{""strain"":0.2,""subdivision"":1,""substep"":1,""optimizer_method"":""L-BFGS-B"",""selected_success"":true,""selected_message"":""CONVERGENCE: NORM OF PROJECTED GRADIENT <= PGTOL"",""selected_iterations"":677,""primary_success"":true,""primary_message"":""CONVERGENCE: NORM OF PROJECTED GRADIENT <= PGTOL"",""primary_iterations"":677,""fallback_used"":false,""fallback_success"":false,""fallback_message"":""not invoked"",""fallback_iterations"":0,""fallback_normalized_projected_gradient"":NaN,""independent_kkt_confirmed"":false,""projected_gradient_N"":0.003838894766824308,""normalized_projected_gradient"":1.2626845134547271e-05,""accepted"":true}]",f141ffbd04ef138b9650f2a9878eed8fa60e248adf3e7f5898dbf890fce55fc4,d06c8aa5a844044b059518a454bb52ff40e1addc084e0ee363b3e8e1614a100f
D071,train,0.1,2.6136245683021535,9.617486763820336,0.1,9.437950987778919,0.1425824947383004,0.044041016086515346,7.839914748300673,4.0,0.2446303813199246,0.004572669762296915,0.11951242033471586,0.4397759091421206,0.004572669762296915,0.1425824947383004,0.044041016086515346,0.510209629622186,0.06115759532998115,0.0,0.0,0.0,0.0,0.0,0.0,0.0,0.0,-0.1223151906599623,4.122315190659962,True,True,0.0,0.0,0.0,undeformed reference,reference,True,False,False,1,[],f141ffbd04ef138b9650f2a9878eed8fa60e248adf3e7f5898dbf890fce55fc4,d06c8aa5a844044b059518a454bb52ff40e1addc084e0ee363b3e8e1614a100f
D071,train,0.1,2.6136245683021535,9.617486763820336,0.1,9.437950987778919,0.1425824947383004,0.044041016086515346,7.839914748300673,4.0,0.2446303813199246,0.004572669762296915,0.11951242033471586,0.4397759091421206,0.004572669762296915,0.1425824947383004,0.044041016086515346,0.510209629622186,0.06115759532998115,0.05,0.2,4.910199263487383,4.9096806112735205,0.5146930113746284,13.903908550754931,16.65605413613868,16.66537164022203,-0.1223151906599623,3.922315190659962,True,True,0.004618023434533214,1.2585036548107843e-05,682.0,CONVERGENCE: NORM OF PROJECTED GRADIENT <= PGTOL,L-BFGS-B,True,False,False,1,"[{""strain"":0.05,""subdivision"":1,""substep"":1,""optimizer_method"":""L-BFGS-B"",""selected_success"":true,""selected_message"":""CONVERGENCE: NORM OF PROJECTED GRADIENT <= PGTOL"",""selected_iterations"":682,""primary_success"":true,""primary_message"":""CONVERGENCE: NORM OF PROJECTED GRADIENT <= PGTOL"",""primary_iterations"":682,""fallback_used"":false,""fallback_success"":false,""fallback_message"":""not invoked"",""fallback_iterations"":0,""fallback_normalized_projected_gradient"":NaN,""independent_kkt_confirmed"":false,""projected_gradient_N"":0.004618023434533214,""normalized_projected_gradient"":1.2585036548107843e-05,""accepted"":true}]",f141ffbd04ef138b9650f2a9878eed8fa60e248adf3e7f5898dbf890fce55fc4,d06c8aa5a844044b059518a454bb52ff40e1addc084e0ee363b3e8e1614a100f
D071,train,0.1,2.6136245683021535,9.617486763820336,0.1,9.437950987778919,0.1425824947383004,0.044041016086515346,7.839914748300673,4.0,0.2446303813199246,0.004572669762296915,0.11951242033471586,0.4397759091421206,0.004572669762296915,0.1425824947383004,0.044041016086515346,0.510209629622186,0.06115759532998115,0.1,0.4,8.44940616734118,8.45967573016367,1.8700065992902843,24.668977856481114,29.456311157236954,29.462585412657837,-0.1223151906599623,3.722315190659962,True,True,0.005019357476263586,1.3678751999053169e-05,682.0,CONVERGENCE: NORM OF PROJECTED GRADIENT <= PGTOL,L-BFGS-B,True,False,False,1,"[{""strain"":0.1,""subdivision"":1,""substep"":1,""optimizer_method"":""L-BFGS-B"",""selected_success"":true,""selected_message"":""CONVERGENCE: NORM OF PROJECTED GRADIENT <= PGTOL"",""selected_iterations"":682,""primary_success"":true,""primary_message"":""CONVERGENCE: NORM OF PROJECTED GRADIENT <= PGTOL"",""primary_iterations"":682,""fallback_used"":false,""fallback_success"":false,""fallback_message"":""not invoked"",""fallback_iterations"":0,""fallback_normalized_projected_gradient"":NaN,""independent_kkt_confirmed"":false,""projected_gradient_N"":0.005019357476263586,""normalized_projected_gradient"":1.3678751999053169e-05,""accepted"":true}]",f141ffbd04ef138b9650f2a9878eed8fa60e248adf3e7f5898dbf890fce55fc4,d06c8aa5a844044b059518a454bb52ff40e1addc084e0ee363b3e8e1614a100f
D071,train,0.1,2.6136245683021535,9.617486763820336,0.1,9.437950987778919,0.1425824947383004,0.044041016086515346,7.839914748300673,4.0,0.2446303813199246,0.004572669762296915,0.11951242033471586,0.4397759091421206,0.004572669762296915,0.1425824947383004,0.044041016086515346,0.510209629622186,0.06115759532998115,0.15,0.6,10.909879794973287,10.910237341197455,3.820817359824357,32.32074767685045,38.48953092779078,38.49798209047227,-0.1223151906599623,3.522315190659962,True,True,0.004334643313839592,1.1812769099383446e-05,746.0,CONVERGENCE: NORM OF PROJECTED GRADIENT <= PGTOL,L-BFGS-B,True,False,False,1,"[{""strain"":0.15,""subdivision"":1,""substep"":1,""optimizer_method"":""L-BFGS-B"",""selected_success"":true,""selected_message"":""CONVERGENCE: NORM OF PROJECTED GRADIENT <= PGTOL"",""selected_iterations"":746,""primary_success"":true,""primary_message"":""CONVERGENCE: NORM OF PROJECTED GRADIENT <= PGTOL"",""primary_iterations"":746,""fallback_used"":false,""fallback_success"":false,""fallback_message"":""not invoked"",""fallback_iterations"":0,""fallback_normalized_projected_gradient"":NaN,""independent_kkt_confirmed"":false,""projected_gradient_N"":0.004334643313839592,""normalized_projected_gradient"":1.1812769099383446e-05,""accepted"":true}]",f141ffbd04ef138b9650f2a9878eed8fa60e248adf3e7f5898dbf890fce55fc4,d06c8aa5a844044b059518a454bb52ff40e1addc084e0ee363b3e8e1614a100f
D071,train,0.1,2.6136245683021535,9.617486763820336,0.1,9.437950987778919,0.1425824947383004,0.044041016086515346,7.839914748300673,4.0,0.2446303813199246,0.004572669762296915,0.11951242033471586,0.4397759091421206,0.004572669762296915,0.1425824947383004,0.044041016086515346,0.510209629622186,0.06115759532998115,0.2,0.8,12.595968684670236,12.590364945733306,6.180934085927029,37.61860228347544,44.67366783394708,44.68175868169622,-0.1223151906599623,3.322315190659962,True,True,0.005378429523406947,1.4657295070729864e-05,645.0,CONVERGENCE: NORM OF PROJECTED GRADIENT <= PGTOL,L-BFGS-B,True,False,False,1,"[{""strain"":0.2,""subdivision"":1,""substep"":1,""optimizer_method"":""L-BFGS-B"",""selected_success"":true,""selected_message"":""CONVERGENCE: NORM OF PROJECTED GRADIENT <= PGTOL"",""selected_iterations"":645,""primary_success"":true,""primary_message"":""CONVERGENCE: NORM OF PROJECTED GRADIENT <= PGTOL"",""primary_iterations"":645,""fallback_used"":false,""fallback_success"":false,""fallback_message"":""not invoked"",""fallback_iterations"":0,""fallback_normalized_projected_gradient"":NaN,""independent_kkt_confirmed"":false,""projected_gradient_N"":0.005378429523406947,""normalized_projected_gradient"":1.4657295070729864e-05,""accepted"":true}]",f141ffbd04ef138b9650f2a9878eed8fa60e248adf3e7f5898dbf890fce55fc4,d06c8aa5a844044b059518a454bb52ff40e1addc084e0ee363b3e8e1614a100f
D072,test,4.36102717373357,5.428405519240673,5.322892244261718,2.157345659579639,0.1,0.0,0.0,7.9,2.701607850721987,0.15,0.2510713803941153,0.3125220762813929,0.3064475065657013,0.12420187519129737,0.0,0.0,0.3419756773065806,0.055522491896784154,0.0,0.0,0.0,0.0,0.0,0.0,0.0,0.0,-0.075,2.7766078507219873,True,True,0.0,0.0,0.0,undeformed reference,reference,True,False,False,1,[],f141ffbd04ef138b9650f2a9878eed8fa60e248adf3e7f5898dbf890fce55fc4,d06c8aa5a844044b059518a454bb52ff40e1addc084e0ee363b3e8e1614a100f
D072,test,4.36102717373357,5.428405519240673,5.322892244261718,2.157345659579639,0.1,0.0,0.0,7.9,2.701607850721987,0.15,0.2510713803941153,0.3125220762813929,0.3064475065657013,0.12420187519129737,0.0,0.0,0.3419756773065806,0.055522491896784154,0.05,0.2,0.9459277632576157,0.9445314159385241,0.06548780481170086,7.106819717872507,8.723203525621871,8.754346318742723,-0.075,2.641527458185888,True,True,0.002847563493048412,1.2655837746881831e-05,811.0,CONVERGENCE: NORM OF PROJECTED GRADIENT <= PGTOL,L-BFGS-B,True,False,False,1,"[{""strain"":0.05,""subdivision"":1,""substep"":1,""optimizer_method"":""L-BFGS-B"",""selected_success"":true,""selected_message"":""CONVERGENCE: NORM OF PROJECTED GRADIENT <= PGTOL"",""selected_iterations"":811,""primary_success"":true,""primary_message"":""CONVERGENCE: NORM OF PROJECTED GRADIENT <= PGTOL"",""primary_iterations"":811,""fallback_used"":false,""fallback_success"":false,""fallback_message"":""not invoked"",""fallback_iterations"":0,""fallback_normalized_projected_gradient"":NaN,""independent_kkt_confirmed"":false,""projected_gradient_N"":0.002847563493048412,""normalized_projected_gradient"":1.2655837746881831e-05,""accepted"":true}]",f141ffbd04ef138b9650f2a9878eed8fa60e248adf3e7f5898dbf890fce55fc4,d06c8aa5a844044b059518a454bb52ff40e1addc084e0ee363b3e8e1614a100f
D072,test,4.36102717373357,5.428405519240673,5.322892244261718,2.157345659579639,0.1,0.0,0.0,7.9,2.701607850721987,0.15,0.2510713803941153,0.3125220762813929,0.3064475065657013,0.12420187519129737,0.0,0.0,0.3419756773065806,0.055522491896784154,0.1,0.4,1.7684437446547072,1.769453404139404,0.2505109412736428,13.589639001648347,16.623486317943506,16.675301244740222,-0.075,2.506447065649789,True,True,0.0031082005472728297,1.3814224654545909e-05,628.0,CONVERGENCE: NORM OF PROJECTED GRADIENT <= PGTOL,L-BFGS-B,True,False,False,1,"[{""strain"":0.1,""subdivision"":1,""substep"":1,""optimizer_method"":""L-BFGS-B"",""selected_success"":true,""selected_message"":""CONVERGENCE: NORM OF PROJECTED GRADIENT <= PGTOL"",""selected_iterations"":628,""primary_success"":true,""primary_message"":""CONVERGENCE: NORM OF PROJECTED GRADIENT <= PGTOL"",""primary_iterations"":628,""fallback_used"":false,""fallback_success"":false,""fallback_message"":""not invoked"",""fallback_iterations"":0,""fallback_normalized_projected_gradient"":NaN,""independent_kkt_confirmed"":false,""projected_gradient_N"":0.0031082005472728297,""normalized_projected_gradient"":1.3814224654545909e-05,""accepted"":true}]",f141ffbd04ef138b9650f2a9878eed8fa60e248adf3e7f5898dbf890fce55fc4,d06c8aa5a844044b059518a454bb52ff40e1addc084e0ee363b3e8e1614a100f
D072,test,4.36102717373357,5.428405519240673,5.322892244261718,2.157345659579639,0.1,0.0,0.0,7.9,2.701607850721987,0.15,0.2510713803941153,0.3125220762813929,0.3064475065657013,0.12420187519129737,0.0,0.0,0.3419756773065806,0.055522491896784154,0.15,0.6,2.4871330873477913,2.48501657168355,0.539041505139389,19.319925389729818,23.550338832186046,23.614804949034944,-0.075,2.3713666731136893,True,True,0.0030612562484997052,1.3605583326665357e-05,719.0,CONVERGENCE: NORM OF PROJECTED GRADIENT <= PGTOL,L-BFGS-B,True,False,False,1,"[{""strain"":0.15,""subdivision"":1,""substep"":1,""optimizer_method"":""L-BFGS-B"",""selected_success"":true,""selected_message"":""CONVERGENCE: NORM OF PROJECTED GRADIENT <= PGTOL"",""selected_iterations"":719,""primary_success"":true,""primary_message"":""CONVERGENCE: NORM OF PROJECTED GRADIENT <= PGTOL"",""primary_iterations"":719,""fallback_used"":false,""fallback_success"":false,""fallback_message"":""not invoked"",""fallback_iterations"":0,""fallback_normalized_projected_gradient"":NaN,""independent_kkt_confirmed"":false,""projected_gradient_N"":0.0030612562484997052,""normalized_projected_gradient"":1.3605583326665357e-05,""accepted"":true}]",f141ffbd04ef138b9650f2a9878eed8fa60e248adf3e7f5898dbf890fce55fc4,d06c8aa5a844044b059518a454bb52ff40e1addc084e0ee363b3e8e1614a100f
D072,test,4.36102717373357,5.428405519240673,5.322892244261718,2.157345659579639,0.1,0.0,0.0,7.9,2.701607850721987,0.15,0.2510713803941153,0.3125220762813929,0.3064475065657013,0.12420187519129737,0.0,0.0,0.3419756773065806,0.055522491896784154,0.2,0.8,3.090567007305116,3.0887630535830954,0.916658597241651,24.25321332486086,29.45651864951959,29.527055283236322,-0.075,2.23628628057759,True,True,0.002731524811572683,1.2140110273656369e-05,717.0,CONVERGENCE: NORM OF PROJECTED GRADIENT <= PGTOL,L-BFGS-B,True,False,False,1,"[{""strain"":0.2,""subdivision"":1,""substep"":1,""optimizer_method"":""L-BFGS-B"",""selected_success"":true,""selected_message"":""CONVERGENCE: NORM OF PROJECTED GRADIENT <= PGTOL"",""selected_iterations"":717,""primary_success"":true,""primary_message"":""CONVERGENCE: NORM OF PROJECTED GRADIENT <= PGTOL"",""primary_iterations"":717,""fallback_used"":false,""fallback_success"":false,""fallback_message"":""not invoked"",""fallback_iterations"":0,""fallback_normalized_projected_gradient"":NaN,""independent_kkt_confirmed"":false,""projected_gradient_N"":0.002731524811572683,""normalized_projected_gradient"":1.2140110273656369e-05,""accepted"":true}]",f141ffbd04ef138b9650f2a9878eed8fa60e248adf3e7f5898dbf890fce55fc4,d06c8aa5a844044b059518a454bb52ff40e1addc084e0ee363b3e8e1614a100f
D073,train,10.0,0.10282542053760971,4.5221322928118575,0.11133923642888638,0.1,0.0,0.0,7.861179782449584,2.9775714987114474,0.18396850634605433,0.6740226374445407,0.006930666114710374,0.3048019534874176,0.007504516578885928,0.0,0.0,0.3787690373598886,0.061784748552861694,0.0,0.0,0.0,0.0,0.0,0.0,0.0,0.0,-0.09198425317302716,3.0695557518844745,True,True,0.0,0.0,0.0,undeformed reference,reference,True,False,False,1,[],f141ffbd04ef138b9650f2a9878eed8fa60e248adf3e7f5898dbf890fce55fc4,d06c8aa5a844044b059518a454bb52ff40e1addc084e0ee363b3e8e1614a100f
D073,train,10.0,0.10282542053760971,4.5221322928118575,0.11133923642888638,0.1,0.0,0.0,7.861179782449584,2.9775714987114474,0.18396850634605433,0.6740226374445407,0.006930666114710374,0.3048019534874176,0.007504516578885928,0.0,0.0,0.3787690373598886,0.061784748552861694,0.05,0.2,1.646914286005602,1.6440160043118421,0.12604867059753372,8.634917259213374,10.942445036108488,10.942778865873512,-0.09198425317302716,2.920677176948902,True,True,0.003274757705133191,1.1867095334869261e-05,826.0,CONVERGENCE: NORM OF PROJECTED GRADIENT <= PGTOL,L-BFGS-B,True,False,False,1,"[{""strain"":0.05,""subdivision"":1,""substep"":1,""optimizer_method"":""L-BFGS-B"",""selected_success"":true,""selected_message"":""CONVERGENCE: NORM OF PROJECTED GRADIENT <= PGTOL"",""selected_iterations"":826,""primary_success"":true,""primary_message"":""CONVERGENCE: NORM OF PROJECTED GRADIENT <= PGTOL"",""primary_iterations"":826,""fallback_used"":false,""fallback_success"":false,""fallback_message"":""not invoked"",""fallback_iterations"":0,""fallback_normalized_projected_gradient"":NaN,""independent_kkt_confirmed"":false,""projected_gradient_N"":0.003274757705133191,""normalized_projected_gradient"":1.1867095334869261e-05,""accepted"":true}]",f141ffbd04ef138b9650f2a9878eed8fa60e248adf3e7f5898dbf890fce55fc4,d06c8aa5a844044b059518a454bb52ff40e1addc084e0ee363b3e8e1614a100f
D073,train,10.0,0.10282542053760971,4.5221322928118575,0.11133923642888638,0.1,0.0,0.0,7.861179782449584,2.9775714987114474,0.18396850634605433,0.6740226374445407,0.006930666114710374,0.3048019534874176,0.007504516578885928,0.0,0.0,0.3787690373598886,0.061784748552861694,0.1,0.4,3.0807393664399356,3.0770831813890647,0.48103949865228873,16.276392996687587,20.535275646552304,20.5353119937482,-0.09198425317302716,2.77179860201333,True,True,0.004021231639090734,1.4572174042030823e-05,719.0,CONVERGENCE: NORM OF PROJECTED GRADIENT <= PGTOL,L-BFGS-B,True,False,False,1,"[{""strain"":0.1,""subdivision"":1,""substep"":1,""optimizer_method"":""L-BFGS-B"",""selected_success"":true,""selected_message"":""CONVERGENCE: NORM OF PROJECTED GRADIENT <= PGTOL"",""selected_iterations"":719,""primary_success"":true,""primary_message"":""CONVERGENCE: NORM OF PROJECTED GRADIENT <= PGTOL"",""primary_iterations"":719,""fallback_used"":false,""fallback_success"":false,""fallback_message"":""not invoked"",""fallback_iterations"":0,""fallback_normalized_projected_gradient"":NaN,""independent_kkt_confirmed"":false,""projected_gradient_N"":0.004021231639090734,""normalized_projected_gradient"":1.4572174042030823e-05,""accepted"":true}]",f141ffbd04ef138b9650f2a9878eed8fa60e248adf3e7f5898dbf890fce55fc4,d06c8aa5a844044b059518a454bb52ff40e1addc084e0ee363b3e8e1614a100f
D073,train,10.0,0.10282542053760971,4.5221322928118575,0.11133923642888638,0.1,0.0,0.0,7.861179782449584,2.9775714987114474,0.18396850634605433,0.6740226374445407,0.006930666114710374,0.3048019534874176,0.007504516578885928,0.0,0.0,0.3787690373598886,0.061784748552861694,0.15,0.6,4.536956792234415,4.54819452192611,1.044374615550939,22.14405993654237,26.906255879782716,26.90775246441812,-0.09198425317302716,2.6229200270777575,True,True,0.004105228907635983,1.4876564071293934e-05,592.0,CONVERGENCE: NORM OF PROJECTED GRADIENT <= PGTOL,L-BFGS-B,True,False,False,1,"[{""strain"":0.15,""subdivision"":1,""substep"":1,""optimizer_method"":""L-BFGS-B"",""selected_success"":true,""selected_message"":""CONVERGENCE: NORM OF PROJECTED GRADIENT <= PGTOL"",""selected_iterations"":592,""primary_success"":true,""primary_message"":""CONVERGENCE: NORM OF PROJECTED GRADIENT <= PGTOL"",""primary_iterations"":592,""fallback_used"":false,""fallback_success"":false,""fallback_message"":""not invoked"",""fallback_iterations"":0,""fallback_normalized_projected_gradient"":NaN,""independent_kkt_confirmed"":false,""projected_gradient_N"":0.004105228907635983,""normalized_projected_gradient"":1.4876564071293934e-05,""accepted"":true}]",f141ffbd04ef138b9650f2a9878eed8fa60e248adf3e7f5898dbf890fce55fc4,d06c8aa5a844044b059518a454bb52ff40e1addc084e0ee363b3e8e1614a100f
D073,train,10.0,0.10282542053760971,4.5221322928118575,0.11133923642888638,0.1,0.0,0.0,7.861179782449584,2.9775714987114474,0.18396850634605433,0.6740226374445407,0.006930666114710374,0.3048019534874176,0.007504516578885928,0.0,0.0,0.3787690373598886,0.061784748552861694,0.2,0.8,5.8794807736314665,5.881959750609386,1.8234071736449793,27.29347564768752,32.22055179347773,32.222930532005506,-0.09198425317302716,2.4740414521421847,True,True,0.003964192855234416,1.4365476403073626e-05,523.0,CONVERGENCE: NORM OF PROJECTED GRADIENT <= PGTOL,L-BFGS-B,True,False,False,1,"[{""strain"":0.2,""subdivision"":1,""substep"":1,""optimizer_method"":""L-BFGS-B"",""selected_success"":true,""selected_message"":""CONVERGENCE: NORM OF PROJECTED GRADIENT <= PGTOL"",""selected_iterations"":523,""primary_success"":true,""primary_message"":""CONVERGENCE: NORM OF PROJECTED GRADIENT <= PGTOL"",""primary_iterations"":523,""fallback_used"":false,""fallback_success"":false,""fallback_message"":""not invoked"",""fallback_iterations"":0,""fallback_normalized_projected_gradient"":NaN,""independent_kkt_confirmed"":false,""projected_gradient_N"":0.003964192855234416,""normalized_projected_gradient"":1.4365476403073626e-05,""accepted"":true}]",f141ffbd04ef138b9650f2a9878eed8fa60e248adf3e7f5898dbf890fce55fc4,d06c8aa5a844044b059518a454bb52ff40e1addc084e0ee363b3e8e1614a100f
D074,train,9.688130401997752,5.289878509328914,8.48240694332431,3.201669797132343,9.988499354543732,0.1384245652173134,0.02653648087415692,7.732278530201846,2.220807914609373,0.15053032862012544,0.2643376742915638,0.14433271688339255,0.23143987856837697,0.0873565809817124,0.1384245652173134,0.02653648087415692,0.287212612160183,0.06778178681275226,0.0,0.0,0.0,0.0,0.0,0.0,0.0,0.0,-0.07526516431006272,2.2960730789194357,True,True,0.0,0.0,0.0,undeformed reference,reference,True,False,False,1,[],f141ffbd04ef138b9650f2a9878eed8fa60e248adf3e7f5898dbf890fce55fc4,d06c8aa5a844044b059518a454bb52ff40e1addc084e0ee363b3e8e1614a100f
D074,train,9.688130401997752,5.289878509328914,8.48240694332431,3.201669797132343,9.988499354543732,0.1384245652173134,0.02653648087415692,7.732278530201846,2.220807914609373,0.15053032862012544,0.2643376742915638,0.14433271688339255,0.23143987856837697,0.0873565809817124,0.1384245652173134,0.02653648087415692,0.287212612160183,0.06778178681275226,0.05,0.2,0.7871613778684572,0.7877106703425546,0.044402239647214764,5.981001703664426,7.407432713624794,7.412467813780586,-0.07526516431006272,2.1850326831889673,True,True,0.003261504413939076,1.4444506272529864e-05,723.0,CONVERGENCE: NORM OF PROJECTED GRADIENT <= PGTOL,L-BFGS-B,True,False,False,1,"[{""strain"":0.05,""subdivision"":1,""substep"":1,""optimizer_method"":""L-BFGS-B"",""selected_success"":true,""selected_message"":""CONVERGENCE: NORM OF PROJECTED GRADIENT <= PGTOL"",""selected_iterations"":723,""primary_success"":true,""primary_message"":""CONVERGENCE: NORM OF PROJECTED GRADIENT <= PGTOL"",""primary_iterations"":723,""fallback_used"":false,""fallback_success"":false,""fallback_message"":""not invoked"",""fallback_iterations"":0,""fallback_normalized_projected_gradient"":NaN,""independent_kkt_confirmed"":false,""projected_gradient_N"":0.003261504413939076,""normalized_projected_gradient"":1.4444506272529864e-05,""accepted"":true}]",f141ffbd04ef138b9650f2a9878eed8fa60e248adf3e7f5898dbf890fce55fc4,d06c8aa5a844044b059518a454bb52ff40e1addc084e0ee363b3e8e1614a100f
D074,train,9.688130401997752,5.289878509328914,8.48240694332431,3.201669797132343,9.988499354543732,0.1384245652173134,0.02653648087415692,7.732278530201846,2.220807914609373,0.15053032862012544,0.2643376742915638,0.14433271688339255,0.23143987856837697,0.0873565809817124,0.1384245652173134,0.02653648087415692,0.287212612160183,0.06778178681275226,0.1,0.4,1.5087010075566418,1.5140926659099456,0.17277362311027372,11.599442682259399,14.31425008148696,14.31677616216919,-0.07526516431006272,2.0739922874584984,True,True,0.003328805900774834,1.4742570179662708e-05,635.0,CONVERGENCE: NORM OF PROJECTED GRADIENT <= PGTOL,L-BFGS-B,True,False,False,1,"[{""strain"":0.1,""subdivision"":1,""substep"":1,""optimizer_method"":""L-BFGS-B"",""selected_success"":true,""selected_message"":""CONVERGENCE: NORM OF PROJECTED GRADIENT <= PGTOL"",""selected_iterations"":635,""primary_success"":true,""primary_message"":""CONVERGENCE: NORM OF PROJECTED GRADIENT <= PGTOL"",""primary_iterations"":635,""fallback_used"":false,""fallback_success"":false,""fallback_message"":""not invoked"",""fallback_iterations"":0,""fallback_normalized_projected_gradient"":NaN,""independent_kkt_confirmed"":false,""projected_gradient_N"":0.003328805900774834,""normalized_projected_gradient"":1.4742570179662708e-05,""accepted"":true}]",f141ffbd04ef138b9650f2a9878eed8fa60e248adf3e7f5898dbf890fce55fc4,d06c8aa5a844044b059518a454bb52ff40e1addc084e0ee363b3e8e1614a100f
D074,train,9.688130401997752,5.289878509328914,8.48240694332431,3.201669797132343,9.988499354543732,0.1384245652173134,0.02653648087415692,7.732278530201846,2.220807914609373,0.15053032862012544,0.2643376742915638,0.14433271688339255,0.23143987856837697,0.0873565809817124,0.1384245652173134,0.02653648087415692,0.287212612160183,0.06778178681275226,0.15,0.6,2.171084230145541,2.1659048400226792,0.3777876784459328,16.725133593929254,20.544278261274567,20.54979064309871,-0.07526516431006272,1.9629518917280298,True,True,0.003267337479442481,1.4470339673487998e-05,547.0,CONVERGENCE: NORM OF PROJECTED GRADIENT <= PGTOL,L-BFGS-B,True,False,False,1,"[{""strain"":0.15,""subdivision"":1,""substep"":1,""optimizer_method"":""L-BFGS-B"",""selected_success"":true,""selected_message"":""CONVERGENCE: NORM OF PROJECTED GRADIENT <= PGTOL"",""selected_iterations"":547,""primary_success"":true,""primary_message"":""CONVERGENCE: NORM OF PROJECTED GRADIENT <= PGTOL"",""primary_iterations"":547,""fallback_used"":false,""fallback_success"":false,""fallback_message"":""not invoked"",""fallback_iterations"":0,""fallback_normalized_projected_gradient"":NaN,""independent_kkt_confirmed"":false,""projected_gradient_N"":0.003267337479442481,""normalized_projected_gradient"":1.4470339673487998e-05,""accepted"":true}]",f141ffbd04ef138b9650f2a9878eed8fa60e248adf3e7f5898dbf890fce55fc4,d06c8aa5a844044b059518a454bb52ff40e1addc084e0ee363b3e8e1614a100f
D074,train,9.688130401997752,5.289878509328914,8.48240694332431,3.201669797132343,9.988499354543732,0.1384245652173134,0.02653648087415692,7.732278530201846,2.220807914609373,0.15053032862012544,0.2643376742915638,0.14433271688339255,0.23143987856837697,0.0873565809817124,0.1384245652173134,0.02653648087415692,0.287212612160183,0.06778178681275226,0.2,0.8,2.819002421859304,2.8167855773622046,0.6532831168799256,21.15294355311463,25.582526962810974,25.630437889496374,-0.07526516431006272,1.851911495997561,True,True,0.0030562076005809756,1.3535290545085852e-05,558.0,CONVERGENCE: NORM OF PROJECTED GRADIENT <= PGTOL,L-BFGS-B,True,False,False,1,"[{""strain"":0.2,""subdivision"":1,""substep"":1,""optimizer_method"":""L-BFGS-B"",""selected_success"":true,""selected_message"":""CONVERGENCE: NORM OF PROJECTED GRADIENT <= PGTOL"",""selected_iterations"":558,""primary_success"":true,""primary_message"":""CONVERGENCE: NORM OF PROJECTED GRADIENT <= PGTOL"",""primary_iterations"":558,""fallback_used"":false,""fallback_success"":false,""fallback_message"":""not invoked"",""fallback_iterations"":0,""fallback_normalized_projected_gradient"":NaN,""independent_kkt_confirmed"":false,""projected_gradient_N"":0.0030562076005809756,""normalized_projected_gradient"":1.3535290545085852e-05,""accepted"":true}]",f141ffbd04ef138b9650f2a9878eed8fa60e248adf3e7f5898dbf890fce55fc4,d06c8aa5a844044b059518a454bb52ff40e1addc084e0ee363b3e8e1614a100f
D075,train,0.10711378900062772,10.0,4.711132802279122,2.673475971003696,7.3475425770139475,0.13861041129597726,0.03291224397899139,7.9,2.3164419753930945,0.15,0.004312276889027867,0.4025883996132931,0.18966474152352408,0.10763104125709728,0.13861041129597726,0.03291224397899139,0.29322050321431575,0.06475448191381758,0.0,0.0,0.0,0.0,0.0,0.0,0.0,0.0,-0.075,2.3914419753930947,True,True,0.0,0.0,0.0,undeformed reference,reference,True,False,False,1,[],f141ffbd04ef138b9650f2a9878eed8fa60e248adf3e7f5898dbf890fce55fc4,d06c8aa5a844044b059518a454bb52ff40e1addc084e0ee363b3e8e1614a100f
D075,train,0.10711378900062772,10.0,4.711132802279122,2.673475971003696,7.3475425770139475,0.13861041129597726,0.03291224397899139,7.9,2.3164419753930945,0.15,0.004312276889027867,0.4025883996132931,0.18966474152352408,0.10763104125709728,0.13861041129597726,0.03291224397899139,0.29322050321431575,0.06475448191381758,0.05,0.2,0.8688038807194598,0.8684821068550332,0.05140263025653687,6.388004844035985,7.883872772682101,7.9405994041807135,-0.075,2.27561987662344,True,True,0.003262112271056661,1.4498276760251826e-05,725.0,CONVERGENCE: NORM OF PROJECTED GRADIENT <= PGTOL,L-BFGS-B,True,False,False,1,"[{""strain"":0.05,""subdivision"":1,""substep"":1,""optimizer_method"":""L-BFGS-B"",""selected_success"":true,""selected_message"":""CONVERGENCE: NORM OF PROJECTED GRADIENT <= PGTOL"",""selected_iterations"":725,""primary_success"":true,""primary_message"":""CONVERGENCE: NORM OF PROJECTED GRADIENT <= PGTOL"",""primary_iterations"":725,""fallback_used"":false,""fallback_success"":false,""fallback_message"":""not invoked"",""fallback_iterations"":0,""fallback_normalized_projected_gradient"":NaN,""independent_kkt_confirmed"":false,""projected_gradient_N"":0.003262112271056661,""normalized_projected_gradient"":1.4498276760251826e-05,""accepted"":true}]",f141ffbd04ef138b9650f2a9878eed8fa60e248adf3e7f5898dbf890fce55fc4,d06c8aa5a844044b059518a454bb52ff40e1addc084e0ee363b3e8e1614a100f
D075,train,0.10711378900062772,10.0,4.711132802279122,2.673475971003696,7.3475425770139475,0.13861041129597726,0.03291224397899139,7.9,2.3164419753930945,0.15,0.004312276889027867,0.4025883996132931,0.18966474152352408,0.10763104125709728,0.13861041129597726,0.03291224397899139,0.29322050321431575,0.06475448191381758,0.1,0.4,1.6539839841948403,1.6520285802039454,0.19854154823796105,12.333103968955122,15.16192199468044,15.254971574809025,-0.075,2.159797777853785,True,True,0.00251580612856174,1.118136057138551e-05,685.0,CONVERGENCE: NORM OF PROJECTED GRADIENT <= PGTOL,L-BFGS-B,True,False,False,1,"[{""strain"":0.1,""subdivision"":1,""substep"":1,""optimizer_method"":""L-BFGS-B"",""selected_success"":true,""selected_message"":""CONVERGENCE: NORM OF PROJECTED GRADIENT <= PGTOL"",""selected_iterations"":685,""primary_success"":true,""primary_message"":""CONVERGENCE: NORM OF PROJECTED GRADIENT <= PGTOL"",""primary_iterations"":685,""fallback_used"":false,""fallback_success"":false,""fallback_message"":""not invoked"",""fallback_iterations"":0,""fallback_normalized_projected_gradient"":NaN,""independent_kkt_confirmed"":false,""projected_gradient_N"":0.00251580612856174,""normalized_projected_gradient"":1.118136057138551e-05,""accepted"":true}]",f141ffbd04ef138b9650f2a9878eed8fa60e248adf3e7f5898dbf890fce55fc4,d06c8aa5a844044b059518a454bb52ff40e1addc084e0ee363b3e8e1614a100f
D075,train,0.10711378900062772,10.0,4.711132802279122,2.673475971003696,7.3475425770139475,0.13861041129597726,0.03291224397899139,7.9,2.3164419753930945,0.15,0.004312276889027867,0.4025883996132931,0.18966474152352408,0.10763104125709728,0.13861041129597726,0.03291224397899139,0.29322050321431575,0.06475448191381758,0.15,0.6,2.349908399054214,2.3452504127080225,0.4311664833361268,17.701679763280005,21.673143951733238,21.786937269924994,-0.075,2.0439756790841304,True,True,0.002565891096387274,1.1403960428387884e-05,774.0,CONVERGENCE: NORM OF PROJECTED GRADIENT <= PGTOL,L-BFGS-B,True,False,False,1,"[{""strain"":0.15,""subdivision"":1,""substep"":1,""optimizer_method"":""L-BFGS-B"",""selected_success"":true,""selected_message"":""CONVERGENCE: NORM OF PROJECTED GRADIENT <= PGTOL"",""selected_iterations"":774,""primary_success"":true,""primary_message"":""CONVERGENCE: NORM OF PROJECTED GRADIENT <= PGTOL"",""primary_iterations"":774,""fallback_used"":false,""fallback_success"":false,""fallback_message"":""not invoked"",""fallback_iterations"":0,""fallback_normalized_projected_gradient"":NaN,""independent_kkt_confirmed"":false,""projected_gradient_N"":0.002565891096387274,""normalized_projected_gradient"":1.1403960428387884e-05,""accepted"":true}]",f141ffbd04ef138b9650f2a9878eed8fa60e248adf3e7f5898dbf890fce55fc4,d06c8aa5a844044b059518a454bb52ff40e1addc084e0ee363b3e8e1614a100f
D075,train,0.10711378900062772,10.0,4.711132802279122,2.673475971003696,7.3475425770139475,0.13861041129597726,0.03291224397899139,7.9,2.3164419753930945,0.15,0.004312276889027867,0.4025883996132931,0.18966474152352408,0.10763104125709728,0.13861041129597726,0.03291224397899139,0.29322050321431575,0.06475448191381758,0.2,0.8,2.9656141523124147,2.961928975178534,0.7396226963648938,22.456750377259436,27.386186874894257,27.506602860736066,-0.075,1.9281535803144758,True,True,0.0022220982487324292,9.875992216588574e-06,706.0,CONVERGENCE: NORM OF PROJECTED GRADIENT <= PGTOL,L-BFGS-B,True,False,False,1,"[{""strain"":0.2,""subdivision"":1,""substep"":1,""optimizer_method"":""L-BFGS-B"",""selected_success"":true,""selected_message"":""CONVERGENCE: NORM OF PROJECTED GRADIENT <= PGTOL"",""selected_iterations"":706,""primary_success"":true,""primary_message"":""CONVERGENCE: NORM OF PROJECTED GRADIENT <= PGTOL"",""primary_iterations"":706,""fallback_used"":false,""fallback_success"":false,""fallback_message"":""not invoked"",""fallback_iterations"":0,""fallback_normalized_projected_gradient"":NaN,""independent_kkt_confirmed"":false,""projected_gradient_N"":0.0022220982487324292,""normalized_projected_gradient"":9.875992216588574e-06,""accepted"":true}]",f141ffbd04ef138b9650f2a9878eed8fa60e248adf3e7f5898dbf890fce55fc4,d06c8aa5a844044b059518a454bb52ff40e1addc084e0ee363b3e8e1614a100f
D076,test,10.0,0.1,8.24291416651182,6.516012150219384,0.1,0.0,0.0,7.885826432096009,2.508068095893644,0.15,0.40065826041949987,0.0040065826041949994,0.3302591650741878,0.26106940929792233,0.0,0.0,0.3180475905081534,0.05980698859237067,0.0,0.0,0.0,0.0,0.0,0.0,0.0,0.0,-0.075,2.583068095893644,True,True,0.0,0.0,0.0,undeformed reference,reference,True,False,False,1,[],f141ffbd04ef138b9650f2a9878eed8fa60e248adf3e7f5898dbf890fce55fc4,d06c8aa5a844044b059518a454bb52ff40e1addc084e0ee363b3e8e1614a100f
D076,test,10.0,0.1,8.24291416651182,6.516012150219384,0.1,0.0,0.0,7.885826432096009,2.508068095893644,0.15,0.40065826041949987,0.0040065826041949994,0.3302591650741878,0.26106940929792233,0.0,0.0,0.3180475905081534,0.05980698859237067,0.05,0.2,0.9587711823889591,0.9601448151687766,0.06186534548596841,6.955499202276813,8.62791916004097,8.677109003216058,-0.075,2.457664691098962,True,True,0.003218593656663493,1.4304860696282192e-05,675.0,CONVERGENCE: NORM OF PROJECTED GRADIENT <= PGTOL,L-BFGS-B,True,False,False,1,"[{""strain"":0.05,""subdivision"":1,""substep"":1,""optimizer_method"":""L-BFGS-B"",""selected_success"":true,""selected_message"":""CONVERGENCE: NORM OF PROJECTED GRADIENT <= PGTOL"",""selected_iterations"":675,""primary_success"":true,""primary_message"":""CONVERGENCE: NORM OF PROJECTED GRADIENT <= PGTOL"",""primary_iterations"":675,""fallback_used"":false,""fallback_success"":false,""fallback_message"":""not invoked"",""fallback_iterations"":0,""fallback_normalized_projected_gradient"":NaN,""independent_kkt_confirmed"":false,""projected_gradient_N"":0.003218593656663493,""normalized_projected_gradient"":1.4304860696282192e-05,""accepted"":true}]",f141ffbd04ef138b9650f2a9878eed8fa60e248adf3e7f5898dbf890fce55fc4,d06c8aa5a844044b059518a454bb52ff40e1addc084e0ee363b3e8e1614a100f
D076,test,10.0,0.1,8.24291416651182,6.516012150219384,0.1,0.0,0.0,7.885826432096009,2.508068095893644,0.15,0.40065826041949987,0.0040065826041949994,0.3302591650741878,0.26106940929792233,0.0,0.0,0.3180475905081534,0.05980698859237067,0.1,0.4,1.798731936733545,1.8000824030220062,0.2365821410338548,13.305309326491088,16.439198577746907,16.52471183237341,-0.075,2.3322612863042798,True,True,0.0029556504853984755,1.3136224379548781e-05,482.0,CONVERGENCE: NORM OF PROJECTED GRADIENT <= PGTOL,L-BFGS-B,True,False,False,1,"[{""strain"":0.1,""subdivision"":1,""substep"":1,""optimizer_method"":""L-BFGS-B"",""selected_success"":true,""selected_message"":""CONVERGENCE: NORM OF PROJECTED GRADIENT <= PGTOL"",""selected_iterations"":482,""primary_success"":true,""primary_message"":""CONVERGENCE: NORM OF PROJECTED GRADIENT <= PGTOL"",""primary_iterations"":482,""fallback_used"":false,""fallback_success"":false,""fallback_message"":""not invoked"",""fallback_iterations"":0,""fallback_normalized_projected_gradient"":NaN,""independent_kkt_confirmed"":false,""projected_gradient_N"":0.0029556504853984755,""normalized_projected_gradient"":1.3136224379548781e-05,""accepted"":true}]",f141ffbd04ef138b9650f2a9878eed8fa60e248adf3e7f5898dbf890fce55fc4,d06c8aa5a844044b059518a454bb52ff40e1addc084e0ee363b3e8e1614a100f
D076,test,10.0,0.1,8.24291416651182,6.516012150219384,0.1,0.0,0.0,7.885826432096009,2.508068095893644,0.15,0.40065826041949987,0.0040065826041949994,0.3302591650741878,0.26106940929792233,0.0,0.0,0.3180475905081534,0.05980698859237067,0.15,0.6,2.530846842578809,2.5326004113436653,0.5089012948549163,18.9240638969202,23.277917131875665,23.379653091622096,-0.075,2.2068578815095976,True,True,0.0028911289043895977,1.2849461797287102e-05,409.0,CONVERGENCE: NORM OF PROJECTED GRADIENT <= PGTOL,L-BFGS-B,True,False,False,1,"[{""strain"":0.15,""subdivision"":1,""substep"":1,""optimizer_method"":""L-BFGS-B"",""selected_success"":true,""selected_message"":""CONVERGENCE: NORM OF PROJECTED GRADIENT <= PGTOL"",""selected_iterations"":409,""primary_success"":true,""primary_message"":""CONVERGENCE: NORM OF PROJECTED GRADIENT <= PGTOL"",""primary_iterations"":409,""fallback_used"":false,""fallback_success"":false,""fallback_message"":""not invoked"",""fallback_iterations"":0,""fallback_normalized_projected_gradient"":NaN,""independent_kkt_confirmed"":false,""projected_gradient_N"":0.0028911289043895977,""normalized_projected_gradient"":1.2849461797287102e-05,""accepted"":true}]",f141ffbd04ef138b9650f2a9878eed8fa60e248adf3e7f5898dbf890fce55fc4,d06c8aa5a844044b059518a454bb52ff40e1addc084e0ee363b3e8e1614a100f
D076,test,10.0,0.1,8.24291416651182,6.516012150219384,0.1,0.0,0.0,7.885826432096009,2.508068095893644,0.15,0.40065826041949987,0.0040065826041949994,0.3302591650741878,0.26106940929792233,0.0,0.0,0.3180475905081534,0.05980698859237067,0.2,0.8,3.241691729919605,3.237010143801337,0.8697775626379675,23.739210664975115,28.833693356824675,28.98537710314771,-0.075,2.0814544767149155,True,True,0.0030287862266583643,1.346127211848162e-05,562.0,CONVERGENCE: NORM OF PROJECTED GRADIENT <= PGTOL,L-BFGS-B,True,False,False,1,"[{""strain"":0.2,""subdivision"":1,""substep"":1,""optimizer_method"":""L-BFGS-B"",""selected_success"":true,""selected_message"":""CONVERGENCE: NORM OF PROJECTED GRADIENT <= PGTOL"",""selected_iterations"":562,""primary_success"":true,""primary_message"":""CONVERGENCE: NORM OF PROJECTED GRADIENT <= PGTOL"",""primary_iterations"":562,""fallback_used"":false,""fallback_success"":false,""fallback_message"":""not invoked"",""fallback_iterations"":0,""fallback_normalized_projected_gradient"":NaN,""independent_kkt_confirmed"":false,""projected_gradient_N"":0.0030287862266583643,""normalized_projected_gradient"":1.346127211848162e-05,""accepted"":true}]",f141ffbd04ef138b9650f2a9878eed8fa60e248adf3e7f5898dbf890fce55fc4,d06c8aa5a844044b059518a454bb52ff40e1addc084e0ee363b3e8e1614a100f
D077,train,8.318731526049332,1.3954642790210503,7.674225674086028,0.1,0.1,0.05496483291294034,0.0,7.9,2.3548199880037797,0.15,0.4729663509546691,0.07933993853142417,0.43632259342775903,0.005685558543073774,0.05496483291294034,0.0,0.29807847949414934,0.06369913656421675,0.0,0.0,0.0,0.0,0.0,0.0,0.0,0.0,-0.075,2.42981998800378,True,True,0.0,0.0,0.0,undeformed reference,reference,True,False,False,1,[],f141ffbd04ef138b9650f2a9878eed8fa60e248adf3e7f5898dbf890fce55fc4,d06c8aa5a844044b059518a454bb52ff40e1addc084e0ee363b3e8e1614a100f
D077,train,8.318731526049332,1.3954642790210503,7.674225674086028,0.1,0.1,0.05496483291294034,0.0,7.9,2.3548199880037797,0.15,0.4729663509546691,0.07933993853142417,0.43632259342775903,0.005685558543073774,0.05496483291294034,0.0,0.29807847949414934,0.06369913656421675,0.05,0.2,0.8219479097300125,0.821365426488798,0.049038413060925656,6.260958643069572,7.517876194609417,7.529473204388675,-0.075,2.312078988603591,True,True,0.003237417097077186,1.438852043145416e-05,692.0,CONVERGENCE: NORM OF PROJECTED GRADIENT <= PGTOL,L-BFGS-B,True,False,False,1,"[{""strain"":0.05,""subdivision"":1,""substep"":1,""optimizer_method"":""L-BFGS-B"",""selected_success"":true,""selected_message"":""CONVERGENCE: NORM OF PROJECTED GRADIENT <= PGTOL"",""selected_iterations"":692,""primary_success"":true,""primary_message"":""CONVERGENCE: NORM OF PROJECTED GRADIENT <= PGTOL"",""primary_iterations"":692,""fallback_used"":false,""fallback_success"":false,""fallback_message"":""not invoked"",""fallback_iterations"":0,""fallback_normalized_projected_gradient"":NaN,""independent_kkt_confirmed"":false,""projected_gradient_N"":0.003237417097077186,""normalized_projected_gradient"":1.438852043145416e-05,""accepted"":true}]",f141ffbd04ef138b9650f2a9878eed8fa60e248adf3e7f5898dbf890fce55fc4,d06c8aa5a844044b059518a454bb52ff40e1addc084e0ee363b3e8e1614a100f
D077,train,8.318731526049332,1.3954642790210503,7.674225674086028,0.1,0.1,0.05496483291294034,0.0,7.9,2.3548199880037797,0.15,0.4729663509546691,0.07933993853142417,0.43632259342775903,0.005685558543073774,0.05496483291294034,0.0,0.29807847949414934,0.06369913656421675,0.1,0.4,1.5541897218242098,1.5521214699888461,0.18940609119554191,12.061397808041878,14.452382330854443,14.474573040047536,-0.075,2.194337989203402,True,True,0.0026351022172598285,1.1711565410043682e-05,875.0,CONVERGENCE: NORM OF PROJECTED GRADIENT <= PGTOL,L-BFGS-B,True,False,False,1,"[{""strain"":0.1,""subdivision"":1,""substep"":1,""optimizer_method"":""L-BFGS-B"",""selected_success"":true,""selected_message"":""CONVERGENCE: NORM OF PROJECTED GRADIENT <= PGTOL"",""selected_iterations"":875,""primary_success"":true,""primary_message"":""CONVERGENCE: NORM OF PROJECTED GRADIENT <= PGTOL"",""primary_iterations"":875,""fallback_used"":false,""fallback_success"":false,""fallback_message"":""not invoked"",""fallback_iterations"":0,""fallback_normalized_projected_gradient"":NaN,""independent_kkt_confirmed"":false,""projected_gradient_N"":0.0026351022172598285,""normalized_projected_gradient"":1.1711565410043682e-05,""accepted"":true}]",f141ffbd04ef138b9650f2a9878eed8fa60e248adf3e7f5898dbf890fce55fc4,d06c8aa5a844044b059518a454bb52ff40e1addc084e0ee363b3e8e1614a100f
D077,train,8.318731526049332,1.3954642790210503,7.674225674086028,0.1,0.1,0.05496483291294034,0.0,7.9,2.3548199880037797,0.15,0.4729663509546691,0.07933993853142417,0.43632259342775903,0.005685558543073774,0.05496483291294034,0.0,0.29807847949414934,0.06369913656421675,0.15,0.6,2.2087612960347647,2.2034854562791013,0.4112105425451845,17.30486954862854,20.694420564615463,20.72676543968821,-0.075,2.076596989803213,True,True,0.002589682920591585,1.1509701869295933e-05,645.0,CONVERGENCE: NORM OF PROJECTED GRADIENT <= PGTOL,L-BFGS-B,True,False,False,1,"[{""strain"":0.15,""subdivision"":1,""substep"":1,""optimizer_method"":""L-BFGS-B"",""selected_success"":true,""selected_message"":""CONVERGENCE: NORM OF PROJECTED GRADIENT <= PGTOL"",""selected_iterations"":645,""primary_success"":true,""primary_message"":""CONVERGENCE: NORM OF PROJECTED GRADIENT <= PGTOL"",""primary_iterations"":645,""fallback_used"":false,""fallback_success"":false,""fallback_message"":""not invoked"",""fallback_iterations"":0,""fallback_normalized_projected_gradient"":NaN,""independent_kkt_confirmed"":false,""projected_gradient_N"":0.002589682920591585,""normalized_projected_gradient"":1.1509701869295933e-05,""accepted"":true}]",f141ffbd04ef138b9650f2a9878eed8fa60e248adf3e7f5898dbf890fce55fc4,d06c8aa5a844044b059518a454bb52ff40e1addc084e0ee363b3e8e1614a100f
D077,train,8.318731526049332,1.3954642790210503,7.674225674086028,0.1,0.1,0.05496483291294034,0.0,7.9,2.3548199880037797,0.15,0.4729663509546691,0.07933993853142417,0.43632259342775903,0.005685558543073774,0.05496483291294034,0.0,0.29807847949414934,0.06369913656421675,0.2,0.8,2.776923273050672,2.779695784985681,0.7050679355353516,21.93591659092139,26.163355396583363,26.18888404453282,-0.075,1.9588559904030238,True,True,0.003347071582432193,1.4875873699698634e-05,530.0,CONVERGENCE: NORM OF PROJECTED GRADIENT <= PGTOL,L-BFGS-B,True,False,False,1,"[{""strain"":0.2,""subdivision"":1,""substep"":1,""optimizer_method"":""L-BFGS-B"",""selected_success"":true,""selected_message"":""CONVERGENCE: NORM OF PROJECTED GRADIENT <= PGTOL"",""selected_iterations"":530,""primary_success"":true,""primary_message"":""CONVERGENCE: NORM OF PROJECTED GRADIENT <= PGTOL"",""primary_iterations"":530,""fallback_used"":false,""fallback_success"":false,""fallback_message"":""not invoked"",""fallback_iterations"":0,""fallback_normalized_projected_gradient"":NaN,""independent_kkt_confirmed"":false,""projected_gradient_N"":0.003347071582432193,""normalized_projected_gradient"":1.4875873699698634e-05,""accepted"":true}]",f141ffbd04ef138b9650f2a9878eed8fa60e248adf3e7f5898dbf890fce55fc4,d06c8aa5a844044b059518a454bb52ff40e1addc084e0ee363b3e8e1614a100f
D078,train,10.0,3.5726715203055006,8.06099341788747,0.41536523359105615,0.1,0.003724888431950995,0.029373224156923443,7.690093958506718,2.2,0.15955695132700162,0.4514870367885969,0.1613014878121742,0.3639434031814398,0.018753201849902933,0.003724888431950995,0.029373224156923443,0.28608233031618274,0.07252588696681891,0.0,0.0,0.0,0.0,0.0,0.0,0.0,0.0,-0.07977847566350081,2.279778475663501,True,True,0.0,0.0,0.0,undeformed reference,reference,True,False,False,1,[],f141ffbd04ef138b9650f2a9878eed8fa60e248adf3e7f5898dbf890fce55fc4,d06c8aa5a844044b059518a454bb52ff40e1addc084e0ee363b3e8e1614a100f
D078,train,10.0,3.5726715203055006,8.06099341788747,0.41536523359105615,0.1,0.003724888431950995,0.029373224156923443,7.690093958506718,2.2,0.15955695132700162,0.4514870367885969,0.1613014878121742,0.3639434031814398,0.018753201849902933,0.003724888431950995,0.029373224156923443,0.28608233031618274,0.07252588696681891,0.05,0.2,1.0197764168097923,1.0194342320773568,0.05701872000609068,6.593942980337509,8.129289385889141,8.181433794076458,-0.07977847566350081,2.169778475663501,True,True,0.003525554563537203,1.4730600512715187e-05,779.0,CONVERGENCE: NORM OF PROJECTED GRADIENT <= PGTOL,L-BFGS-B,True,False,False,1,"[{""strain"":0.05,""subdivision"":1,""substep"":1,""optimizer_method"":""L-BFGS-B"",""selected_success"":true,""selected_message"":""CONVERGENCE: NORM OF PROJECTED GRADIENT <= PGTOL"",""selected_iterations"":779,""primary_success"":true,""primary_message"":""CONVERGENCE: NORM OF PROJECTED GRADIENT <= PGTOL"",""primary_iterations"":779,""fallback_used"":false,""fallback_success"":false,""fallback_message"":""not invoked"",""fallback_iterations"":0,""fallback_normalized_projected_gradient"":NaN,""independent_kkt_confirmed"":false,""projected_gradient_N"":0.003525554563537203,""normalized_projected_gradient"":1.4730600512715187e-05,""accepted"":true}]",f141ffbd04ef138b9650f2a9878eed8fa60e248adf3e7f5898dbf890fce55fc4,d06c8aa5a844044b059518a454bb52ff40e1addc084e0ee363b3e8e1614a100f
D078,train,10.0,3.5726715203055006,8.06099341788747,0.41536523359105615,0.1,0.003724888431950995,0.029373224156923443,7.690093958506718,2.2,0.15955695132700162,0.4514870367885969,0.1613014878121742,0.3639434031814398,0.018753201849902933,0.003724888431950995,0.029373224156923443,0.28608233031618274,0.07252588696681891,0.1,0.4,1.939672652169543,1.9360191864372391,0.22057327077899522,12.706990052726201,15.618377200331736,15.704321325602589,-0.07977847566350081,2.0597784756635007,True,True,0.0017791222109260207,7.433593234806069e-06,661.0,CONVERGENCE: NORM OF PROJECTED GRADIENT <= PGTOL,L-BFGS-B,True,False,False,1,"[{""strain"":0.1,""subdivision"":1,""substep"":1,""optimizer_method"":""L-BFGS-B"",""selected_success"":true,""selected_message"":""CONVERGENCE: NORM OF PROJECTED GRADIENT <= PGTOL"",""selected_iterations"":661,""primary_success"":true,""primary_message"":""CONVERGENCE: NORM OF PROJECTED GRADIENT <= PGTOL"",""primary_iterations"":661,""fallback_used"":false,""fallback_success"":false,""fallback_message"":""not invoked"",""fallback_iterations"":0,""fallback_normalized_projected_gradient"":NaN,""independent_kkt_confirmed"":false,""projected_gradient_N"":0.0017791222109260207,""normalized_projected_gradient"":7.433593234806069e-06,""accepted"":true}]",f141ffbd04ef138b9650f2a9878eed8fa60e248adf3e7f5898dbf890fce55fc4,d06c8aa5a844044b059518a454bb52ff40e1addc084e0ee363b3e8e1614a100f
D078,train,10.0,3.5726715203055006,8.06099341788747,0.41536523359105615,0.1,0.003724888431950995,0.029373224156923443,7.690093958506718,2.2,0.15955695132700162,0.4514870367885969,0.1613014878121742,0.3639434031814398,0.018753201849902933,0.003724888431950995,0.029373224156923443,0.28608233031618274,0.07252588696681891,0.15,0.6,2.7532989730479356,2.7502587015443396,0.4794417788200922,18.211650098502293,22.30715214522823,22.415043531767964,-0.07977847566350081,1.9497784756635008,True,True,0.00355717644333442,1.4862724202863539e-05,598.0,CONVERGENCE: NORM OF PROJECTED GRADIENT <= PGTOL,L-BFGS-B,True,False,False,1,"[{""strain"":0.15,""subdivision"":1,""substep"":1,""optimizer_method"":""L-BFGS-B"",""selected_success"":true,""selected_message"":""CONVERGENCE: NORM OF PROJECTED GRADIENT <= PGTOL"",""selected_iterations"":598,""primary_success"":true,""primary_message"":""CONVERGENCE: NORM OF PROJECTED GRADIENT <= PGTOL"",""primary_iterations"":598,""fallback_used"":false,""fallback_success"":false,""fallback_message"":""not invoked"",""fallback_iterations"":0,""fallback_normalized_projected_gradient"":NaN,""independent_kkt_confirmed"":false,""projected_gradient_N"":0.00355717644333442,""normalized_projected_gradient"":1.4862724202863539e-05,""accepted"":true}]",f141ffbd04ef138b9650f2a9878eed8fa60e248adf3e7f5898dbf890fce55fc4,d06c8aa5a844044b059518a454bb52ff40e1addc084e0ee363b3e8e1614a100f
D078,train,10.0,3.5726715203055006,8.06099341788747,0.41536523359105615,0.1,0.003724888431950995,0.029373224156923443,7.690093958506718,2.2,0.15955695132700162,0.4514870367885969,0.1613014878121742,0.3639434031814398,0.018753201849902933,0.003724888431950995,0.029373224156923443,0.28608233031618274,0.07252588696681891,0.2,0.8,3.5420146521976346,3.5417994933208163,0.8256881858136205,23.012126783680642,27.78310926057332,27.889083365348906,-0.07977847566350081,1.839778475663501,True,True,0.002752712159998505,1.1501482227734472e-05,497.0,CONVERGENCE: NORM OF PROJECTED GRADIENT <= PGTOL,L-BFGS-B,True,False,False,1,"[{""strain"":0.2,""subdivision"":1,""substep"":1,""optimizer_method"":""L-BFGS-B"",""selected_success"":true,""selected_message"":""CONVERGENCE: NORM OF PROJECTED GRADIENT <= PGTOL"",""selected_iterations"":497,""primary_success"":true,""primary_message"":""CONVERGENCE: NORM OF PROJECTED GRADIENT <= PGTOL"",""primary_iterations"":497,""fallback_used"":false,""fallback_success"":false,""fallback_message"":""not invoked"",""fallback_iterations"":0,""fallback_normalized_projected_gradient"":NaN,""independent_kkt_confirmed"":false,""projected_gradient_N"":0.002752712159998505,""normalized_projected_gradient"":1.1501482227734472e-05,""accepted"":true}]",f141ffbd04ef138b9650f2a9878eed8fa60e248adf3e7f5898dbf890fce55fc4,d06c8aa5a844044b059518a454bb52ff40e1addc084e0ee363b3e8e1614a100f
D079,train,9.441549825862568,0.1,4.4295588106134955,0.10165173471681127,0.1048161497419413,0.10860313239854374,0.08122982886216368,7.865753295231278,4.0,0.21099223862755193,0.6659494880469196,0.007053391660580252,0.3124341317483101,0.007169894979350726,0.10860313239854374,0.08122982886216368,0.5085336203495037,0.05274805965688798,0.0,0.0,0.0,0.0,0.0,0.0,0.0,0.0,-0.10549611931377596,4.105496119313776,True,True,0.0,0.0,0.0,undeformed reference,reference,True,False,False,1,[],f141ffbd04ef138b9650f2a9878eed8fa60e248adf3e7f5898dbf890fce55fc4,d06c8aa5a844044b059518a454bb52ff40e1addc084e0ee363b3e8e1614a100f
D079,train,9.441549825862568,0.1,4.4295588106134955,0.10165173471681127,0.1048161497419413,0.10860313239854374,0.08122982886216368,7.865753295231278,4.0,0.21099223862755193,0.6659494880469196,0.007053391660580252,0.3124341317483101,0.007169894979350726,0.10860313239854374,0.08122982886216368,0.5085336203495037,0.05274805965688798,0.05,0.2,3.019257243482077,3.0159899396825325,0.3134537868830094,12.105950811735624,15.460475493569685,15.468485902049443,-0.10549611931377596,3.905496119313776,True,True,0.004565879534989603,1.4426690336066161e-05,745.0,CONVERGENCE: NORM OF PROJECTED GRADIENT <= PGTOL,L-BFGS-B,True,False,False,1,"[{""strain"":0.05,""subdivision"":1,""substep"":1,""optimizer_method"":""L-BFGS-B"",""selected_success"":true,""selected_message"":""CONVERGENCE: NORM OF PROJECTED GRADIENT <= PGTOL"",""selected_iterations"":745,""primary_success"":true,""primary_message"":""CONVERGENCE: NORM OF PROJECTED GRADIENT <= PGTOL"",""primary_iterations"":745,""fallback_used"":false,""fallback_success"":false,""fallback_message"":""not invoked"",""fallback_iterations"":0,""fallback_normalized_projected_gradient"":NaN,""independent_kkt_confirmed"":false,""projected_gradient_N"":0.004565879534989603,""normalized_projected_gradient"":1.4426690336066161e-05,""accepted"":true}]",f141ffbd04ef138b9650f2a9878eed8fa60e248adf3e7f5898dbf890fce55fc4,d06c8aa5a844044b059518a454bb52ff40e1addc084e0ee363b3e8e1614a100f
D079,train,9.441549825862568,0.1,4.4295588106134955,0.10165173471681127,0.1048161497419413,0.10860313239854374,0.08122982886216368,7.865753295231278,4.0,0.21099223862755193,0.6659494880469196,0.007053391660580252,0.3124341317483101,0.007169894979350726,0.10860313239854374,0.08122982886216368,0.5085336203495037,0.05274805965688798,0.1,0.4,5.288117251407355,5.294048012279969,1.1535811639122446,21.704881107948065,27.526794412633905,27.540320789190215,-0.10549611931377596,3.7054961193137763,True,True,0.003952195832941319,1.248764996807243e-05,851.0,CONVERGENCE: NORM OF PROJECTED GRADIENT <= PGTOL,L-BFGS-B,True,False,False,1,"[{""strain"":0.1,""subdivision"":1,""substep"":1,""optimizer_method"":""L-BFGS-B"",""selected_success"":true,""selected_message"":""CONVERGENCE: NORM OF PROJECTED GRADIENT <= PGTOL"",""selected_iterations"":851,""primary_success"":true,""primary_message"":""CONVERGENCE: NORM OF PROJECTED GRADIENT <= PGTOL"",""primary_iterations"":851,""fallback_used"":false,""fallback_success"":false,""fallback_message"":""not invoked"",""fallback_iterations"":0,""fallback_normalized_projected_gradient"":NaN,""independent_kkt_confirmed"":false,""projected_gradient_N"":0.003952195832941319,""normalized_projected_gradient"":1.248764996807243e-05,""accepted"":true}]",f141ffbd04ef138b9650f2a9878eed8fa60e248adf3e7f5898dbf890fce55fc4,d06c8aa5a844044b059518a454bb52ff40e1addc084e0ee363b3e8e1614a100f
D079,train,9.441549825862568,0.1,4.4295588106134955,0.10165173471681127,0.1048161497419413,0.10860313239854374,0.08122982886216368,7.865753295231278,4.0,0.21099223862755193,0.6659494880469196,0.007053391660580252,0.3124341317483101,0.007169894979350726,0.10860313239854374,0.08122982886216368,0.5085336203495037,0.05274805965688798,0.15,0.6,7.183903787972813,7.187548176590072,2.395194496217947,28.570758797089997,35.62616738467732,35.68473925863265,-0.10549611931377596,3.505496119313776,True,True,0.004529797437968986,1.4312682676336364e-05,796.0,CONVERGENCE: NORM OF PROJECTED GRADIENT <= PGTOL,L-BFGS-B,True,False,False,1,"[{""strain"":0.15,""subdivision"":1,""substep"":1,""optimizer_method"":""L-BFGS-B"",""selected_success"":true,""selected_message"":""CONVERGENCE: NORM OF PROJECTED GRADIENT <= PGTOL"",""selected_iterations"":796,""primary_success"":true,""primary_message"":""CONVERGENCE: NORM OF PROJECTED GRADIENT <= PGTOL"",""primary_iterations"":796,""fallback_used"":false,""fallback_success"":false,""fallback_message"":""not invoked"",""fallback_iterations"":0,""fallback_normalized_projected_gradient"":NaN,""independent_kkt_confirmed"":false,""projected_gradient_N"":0.004529797437968986,""normalized_projected_gradient"":1.4312682676336364e-05,""accepted"":true}]",f141ffbd04ef138b9650f2a9878eed8fa60e248adf3e7f5898dbf890fce55fc4,d06c8aa5a844044b059518a454bb52ff40e1addc084e0ee363b3e8e1614a100f
D079,train,9.441549825862568,0.1,4.4295588106134955,0.10165173471681127,0.1048161497419413,0.10860313239854374,0.08122982886216368,7.865753295231278,4.0,0.21099223862755193,0.6659494880469196,0.007053391660580252,0.3124341317483101,0.007169894979350726,0.10860313239854374,0.08122982886216368,0.5085336203495037,0.05274805965688798,0.2,0.8,8.95677174004447,8.958272897525141,4.019103561924091,33.56581596545103,39.8170165423764,39.8841739054767,-0.10549611931377596,3.3054961193137764,True,True,0.003542441858299661,1.119296103446679e-05,645.0,CONVERGENCE: NORM OF PROJECTED GRADIENT <= PGTOL,L-BFGS-B,True,False,False,1,"[{""strain"":0.2,""subdivision"":1,""substep"":1,""optimizer_method"":""L-BFGS-B"",""selected_success"":true,""selected_message"":""CONVERGENCE: NORM OF PROJECTED GRADIENT <= PGTOL"",""selected_iterations"":645,""primary_success"":true,""primary_message"":""CONVERGENCE: NORM OF PROJECTED GRADIENT <= PGTOL"",""primary_iterations"":645,""fallback_used"":false,""fallback_success"":false,""fallback_message"":""not invoked"",""fallback_iterations"":0,""fallback_normalized_projected_gradient"":NaN,""independent_kkt_confirmed"":false,""projected_gradient_N"":0.003542441858299661,""normalized_projected_gradient"":1.119296103446679e-05,""accepted"":true}]",f141ffbd04ef138b9650f2a9878eed8fa60e248adf3e7f5898dbf890fce55fc4,d06c8aa5a844044b059518a454bb52ff40e1addc084e0ee363b3e8e1614a100f
