design_id,split,d1,d2,d3,d4,d5,w1,w2,pitch_mm,height_mm,thickness_mm,feature_0,feature_1,feature_2,feature_3,feature_4,feature_5,feature_6,feature_7,design_ledger_fingerprint,arc_length_mm,radius_1_mm,radius_2_mm,radius_min_mm,aspect_ratio_H_over_P,thickness_ratio_t_over_H,thickness_ratio_t_over_P,curvature_index_t_over_Rmin,core_material_fraction,board_material_fraction,geometry_feasible,elements_per_wavelength,discretized_arc_length_mm,protocol_fingerprint,contact_offset_mm,initial_upper_contact_gap_mm,initial_lower_contact_gap_mm,target_strain,target_reaction_N,target_potential_energy_Nmm,external_work_Nmm,target_stress_pnorm_MPa,target_stress_q99_MPa,target_maximum_stress_MPa,target_yielded_length_fraction,crush_load_number,stored_potential_number,external_work_number,stress_pnorm_utilization,stress_q99_utilization,stress_max_utilization,stress_localization_number,forming_yield_index,work_per_material_number,work_per_stress_number,combined_work_material_stress_number,dimensionless_secant_tangent,path_success,maximum_normalized_projected_gradient,maximum_reaction_imbalance_fraction,maximum_absolute_reaction_imbalance_N,maximum_reaction_imbalance_force_fraction,all_raw_solver_success,maximum_subdivision_count,fallback_solver_state_count,independent_kkt_state_count,solver_diagnostics_json,runtime_s
D000,test,0.6279124563273644,10.0,5.669894600811906,8.321548653554638,5.525153315130971,1.0,1.0,7.9,2.2,0.15,0.020830077404459635,0.33173537480517507,0.18809046105061764,0.2760552061546448,1.0,1.0,0.27848101265822783,0.06818181818181818,d06c8aa5a844044b059518a454bb52ff40e1addc084e0ee363b3e8e1614a100f,9.227687456155955,1.0191485953414865,1.019148595341263,1.019148595341263,0.27848101265822783,0.06818181818181818,0.018987341772151896,0.14718167761372652,0.07964057068028729,0.21600420704392365,1.0,16.0,9.227703325583734,f141ffbd04ef138b9650f2a9878eed8fa60e248adf3e7f5898dbf890fce55fc4,0.075,0.0,0.0,0.2,2.6394278277681336,0.6132653788038067,0.6118448595818952,20.903630692458513,24.73197190288715,24.744711024697015,0.0,0.01173079034563615,0.00029537453655047494,0.00029469035443073494,0.3483938448743086,0.41219953171478585,0.41241185041161693,35.13825748902963,3.55566402835161,0.0013642806242695578,0.0008458540779819216,0.0039159148312788205,0.0010562509230262862,True,1.3882870473475151e-05,0.006017809912151712,0.006715406688393877,2.984625194841723e-05,True,1,0,0,"[{""strain"":0.0,""accepted"":true,""selected_subdivision"":1,""attempts"":[]},{""strain"":0.05,""accepted"":true,""selected_subdivision"":1,""attempts"":[{""strain"":0.05,""subdivision"":1,""substep"":1,""optimizer_method"":""L-BFGS-B"",""selected_success"":true,""selected_message"":""CONVERGENCE: NORM OF PROJECTED GRADIENT <= PGTOL"",""selected_iterations"":648,""primary_success"":true,""primary_message"":""CONVERGENCE: NORM OF PROJECTED GRADIENT <= PGTOL"",""primary_iterations"":648,""fallback_used"":false,""fallback_success"":false,""fallback_message"":""not invoked"",""fallback_iterations"":0,""fallback_normalized_projected_gradient"":NaN,""independent_kkt_confirmed"":false,""projected_gradient_N"":0.0027789221352963606,""normalized_projected_gradient"":1.2350765045761602e-05,""accepted"":true}]},{""strain"":0.1,""accepted"":true,""selected_subdivision"":1,""attempts"":[{""strain"":0.1,""subdivision"":1,""substep"":1,""optimizer_method"":""L-BFGS-B"",""selected_success"":true,""selected_message"":""CONVERGENCE: NORM OF PROJECTED GRADIENT <= PGTOL"",""selected_iterations"":601,""primary_success"":true,""primary_message"":""CONVERGENCE: NORM OF PROJECTED GRADIENT <= PGTOL"",""primary_iterations"":601,""fallback_used"":false,""fallback_success"":false,""fallback_message"":""not invoked"",""fallback_iterations"":0,""fallback_normalized_projected_gradient"":NaN,""independent_kkt_confirmed"":false,""projected_gradient_N"":0.003123645856531909,""normalized_projected_gradient"":1.3882870473475151e-05,""accepted"":true}]},{""strain"":0.15,""accepted"":true,""selected_subdivision"":1,""attempts"":[{""strain"":0.15,""subdivision"":1,""substep"":1,""optimizer_method"":""L-BFGS-B"",""selected_success"":true,""selected_message"":""CONVERGENCE: NORM OF PROJECTED GRADIENT <= PGTOL"",""selected_iterations"":664,""primary_success"":true,""primary_message"":""CONVERGENCE: NORM OF PROJECTED GRADIENT <= PGTOL"",""primary_iterations"":664,""fallback_used"":false,""fallback_success"":false,""fallback_message"":""not invoked"",""fallback_iterations"":0,""fallback_normalized_projected_gradient"":NaN,""independent_kkt_confirmed"":false,""projected_gradient_N"":0.0027460646165542446,""normalized_projected_gradient"":1.2204731629129976e-05,""accepted"":true}]},{""strain"":0.2,""accepted"":true,""selected_subdivision"":1,""attempts"":[{""strain"":0.2,""subdivision"":1,""substep"":1,""optimizer_method"":""L-BFGS-B"",""selected_success"":true,""selected_message"":""CONVERGENCE: NORM OF PROJECTED GRADIENT <= PGTOL"",""selected_iterations"":562,""primary_success"":true,""primary_message"":""CONVERGENCE: NORM OF PROJECTED GRADIENT <= PGTOL"",""primary_iterations"":562,""fallback_used"":false,""fallback_success"":false,""fallback_message"":""not invoked"",""fallback_iterations"":0,""fallback_normalized_projected_gradient"":NaN,""independent_kkt_confirmed"":false,""projected_gradient_N"":0.002809846180588771,""normalized_projected_gradient"":1.2488205247061203e-05,""accepted"":true}]}]",3.9820274130033795
D001,train,9.884838776206049,0.1,10.0,0.1,0.34781357580860317,0.0,0.0,4.86576429402609,4.0,0.15626015145824992,0.4837765849440201,0.004894127217416296,0.48941272174162953,0.004894127217416296,0.0,0.0,0.822070235689586,0.03906503786456248,d06c8aa5a844044b059518a454bb52ff40e1addc084e0ee363b3e8e1614a100f,10.545860209214842,0.9071785051890289,0.9071785051886937,0.9071785051886937,0.822070235689586,0.03906503786456248,0.03211420488454348,0.1722485162120852,0.08466797886062,0.16279805458974497,1.0,16.0,10.545939847608699,f141ffbd04ef138b9650f2a9878eed8fa60e248adf3e7f5898dbf890fce55fc4,0.07813007572912496,0.0,0.0,0.2,7.517264088649874,4.321530511071829,4.227938647598968,40.893325468200985,48.45949460606939,48.46021210792948,0.0,0.03207157644264949,0.0017483004661187746,0.00171043732987218,0.6815554244700164,0.8076582434344899,0.8076702017988246,25.18299170228652,4.161237070823625,0.010506497354544704,0.002509608563679515,0.015415470227846327,0.0007950022163219505,True,1.3854271463226162e-05,0.0020373134964177886,0.008533267177117665,3.640624133315955e-05,True,1,0,0,"[{""strain"":0.0,""accepted"":true,""selected_subdivision"":1,""attempts"":[]},{""strain"":0.05,""accepted"":true,""selected_subdivision"":1,""attempts"":[{""strain"":0.05,""subdivision"":1,""substep"":1,""optimizer_method"":""L-BFGS-B"",""selected_success"":true,""selected_message"":""CONVERGENCE: NORM OF PROJECTED GRADIENT <= PGTOL"",""selected_iterations"":1048,""primary_success"":true,""primary_message"":""CONVERGENCE: NORM OF PROJECTED GRADIENT <= PGTOL"",""primary_iterations"":1048,""fallback_used"":false,""fallback_success"":false,""fallback_message"":""not invoked"",""fallback_iterations"":0,""fallback_normalized_projected_gradient"":NaN,""independent_kkt_confirmed"":false,""projected_gradient_N"":0.0030649765380430516,""normalized_projected_gradient"":1.3076383665061538e-05,""accepted"":true}]},{""strain"":0.1,""accepted"":true,""selected_subdivision"":1,""attempts"":[{""strain"":0.1,""subdivision"":1,""substep"":1,""optimizer_method"":""L-BFGS-B"",""selected_success"":true,""selected_message"":""CONVERGENCE: NORM OF PROJECTED GRADIENT <= PGTOL"",""selected_iterations"":877,""primary_success"":true,""primary_message"":""CONVERGENCE: NORM OF PROJECTED GRADIENT <= PGTOL"",""primary_iterations"":877,""fallback_used"":false,""fallback_success"":false,""fallback_message"":""not invoked"",""fallback_iterations"":0,""fallback_normalized_projected_gradient"":NaN,""independent_kkt_confirmed"":false,""projected_gradient_N"":0.0032473058357811446,""normalized_projected_gradient"":1.3854271463226162e-05,""accepted"":true}]},{""strain"":0.15,""accepted"":true,""selected_subdivision"":1,""attempts"":[{""strain"":0.15,""subdivision"":1,""substep"":1,""optimizer_method"":""L-BFGS-B"",""selected_success"":true,""selected_message"":""CONVERGENCE: NORM OF PROJECTED GRADIENT <= PGTOL"",""selected_iterations"":1104,""primary_success"":true,""primary_message"":""CONVERGENCE: NORM OF PROJECTED GRADIENT <= PGTOL"",""primary_iterations"":1104,""fallback_used"":false,""fallback_success"":false,""fallback_message"":""not invoked"",""fallback_iterations"":0,""fallback_normalized_projected_gradient"":NaN,""independent_kkt_confirmed"":false,""projected_gradient_N"":0.003026206662598785,""normalized_projected_gradient"":1.2910976276240358e-05,""accepted"":true}]},{""strain"":0.2,""accepted"":true,""selected_subdivision"":1,""attempts"":[{""strain"":0.2,""subdivision"":1,""substep"":1,""optimizer_method"":""L-BFGS-B"",""selected_success"":true,""selected_message"":""CONVERGENCE: NORM OF PROJECTED GRADIENT <= PGTOL"",""selected_iterations"":826,""primary_success"":true,""primary_message"":""CONVERGENCE: NORM OF PROJECTED GRADIENT <= PGTOL"",""primary_iterations"":826,""fallback_used"":false,""fallback_success"":false,""fallback_message"":""not invoked"",""fallback_iterations"":0,""fallback_normalized_projected_gradient"":NaN,""independent_kkt_confirmed"":false,""projected_gradient_N"":0.0032385723654546617,""normalized_projected_gradient"":1.381701107728225e-05,""accepted"":true}]}]",6.144958005002991
D002,train,0.1,0.11031758842521328,9.810294924228543,10.0,10.0,0.01831558917119717,0.17398410305320075,7.9,2.2,0.25,0.0033310446266827426,0.00367472810152405,0.32678530193524474,0.33310446266827426,0.01831558917119717,0.17398410305320075,0.27848101265822783,0.11363636363636363,d06c8aa5a844044b059518a454bb52ff40e1addc084e0ee363b3e8e1614a100f,9.681479499995156,2.507444838755351,0.9061452176693462,0.9061452176693462,0.27848101265822783,0.11363636363636363,0.03164556962025316,0.2758939683453976,0.13926178797461383,0.3665345152473411,1.0,16.0,9.681521054025222,f141ffbd04ef138b9650f2a9878eed8fa60e248adf3e7f5898dbf890fce55fc4,0.125,0.0,0.0,0.2,11.409350706240648,2.728681492315645,2.7154272497254346,29.790313507051934,36.03434635837499,36.03453182085916,0.0,0.03042493521664173,0.0007515880170496697,0.0007479372685347092,0.49650522511753226,0.6005724393062498,0.6005755303476527,19.739481285000426,6.66513845194423,0.0020405643600303063,0.001506403620138455,0.0041098547543931005,0.0025338040868921495,True,1.4262904370973217e-05,0.0013943428119733976,0.015908546146530256,4.242278972408068e-05,True,1,0,0,"[{""strain"":0.0,""accepted"":true,""selected_subdivision"":1,""attempts"":[]},{""strain"":0.05,""accepted"":true,""selected_subdivision"":1,""attempts"":[{""strain"":0.05,""subdivision"":1,""substep"":1,""optimizer_method"":""L-BFGS-B"",""selected_success"":true,""selected_message"":""CONVERGENCE: NORM OF PROJECTED GRADIENT <= PGTOL"",""selected_iterations"":400,""primary_success"":true,""primary_message"":""CONVERGENCE: NORM OF PROJECTED GRADIENT <= PGTOL"",""primary_iterations"":400,""fallback_used"":false,""fallback_success"":false,""fallback_message"":""not invoked"",""fallback_iterations"":0,""fallback_normalized_projected_gradient"":NaN,""independent_kkt_confirmed"":false,""projected_gradient_N"":0.0042292634686680874,""normalized_projected_gradient"":1.1278035916448233e-05,""accepted"":true}]},{""strain"":0.1,""accepted"":true,""selected_subdivision"":1,""attempts"":[{""strain"":0.1,""subdivision"":1,""substep"":1,""optimizer_method"":""L-BFGS-B"",""selected_success"":true,""selected_message"":""CONVERGENCE: NORM OF PROJECTED GRADIENT <= PGTOL"",""selected_iterations"":392,""primary_success"":true,""primary_message"":""CONVERGENCE: NORM OF PROJECTED GRADIENT <= PGTOL"",""primary_iterations"":392,""fallback_used"":false,""fallback_success"":false,""fallback_message"":""not invoked"",""fallback_iterations"":0,""fallback_normalized_projected_gradient"":NaN,""independent_kkt_confirmed"":false,""projected_gradient_N"":0.0037539640419278486,""normalized_projected_gradient"":1.0010570778474263e-05,""accepted"":true}]},{""strain"":0.15,""accepted"":true,""selected_subdivision"":1,""attempts"":[{""strain"":0.15,""subdivision"":1,""substep"":1,""optimizer_method"":""L-BFGS-B"",""selected_success"":true,""selected_message"":""CONVERGENCE: NORM OF PROJECTED GRADIENT <= PGTOL"",""selected_iterations"":450,""primary_success"":true,""primary_message"":""CONVERGENCE: NORM OF PROJECTED GRADIENT <= PGTOL"",""primary_iterations"":450,""fallback_used"":false,""fallback_success"":false,""fallback_message"":""not invoked"",""fallback_iterations"":0,""fallback_normalized_projected_gradient"":NaN,""independent_kkt_confirmed"":false,""projected_gradient_N"":0.0053485891391149565,""normalized_projected_gradient"":1.4262904370973217e-05,""accepted"":true}]},{""strain"":0.2,""accepted"":true,""selected_subdivision"":1,""attempts"":[{""strain"":0.2,""subdivision"":1,""substep"":1,""optimizer_method"":""L-BFGS-B"",""selected_success"":true,""selected_message"":""CONVERGENCE: NORM OF PROJECTED GRADIENT <= PGTOL"",""selected_iterations"":388,""primary_success"":true,""primary_message"":""CONVERGENCE: NORM OF PROJECTED GRADIENT <= PGTOL"",""primary_iterations"":388,""fallback_used"":false,""fallback_success"":false,""fallback_message"":""not invoked"",""fallback_iterations"":0,""fallback_normalized_projected_gradient"":NaN,""independent_kkt_confirmed"":false,""projected_gradient_N"":0.00476061756723678,""normalized_projected_gradient"":1.269498017929808e-05,""accepted"":true}]}]",2.6188274009982706
D003,train,0.1,10.0,6.258829286082422,0.13192985137124502,6.520222395511445,0.1901488897935476,0.0,7.899453768874846,2.263247634293263,0.15,0.004345751173488268,0.4345751173488268,0.27199314714655426,0.0057333430641472085,0.1901488897935476,0.0,0.2865068523105779,0.06627644174997227,d06c8aa5a844044b059518a454bb52ff40e1addc084e0ee363b3e8e1614a100f,9.726212465119632,0.9498466127378732,1.7105307554495217,0.9498466127378732,0.2865068523105779,0.06627644174997227,0.01898865470812992,0.1579202346867716,0.08160295290697947,0.21415583640692398,1.0,16.0,9.726249491065206,f141ffbd04ef138b9650f2a9878eed8fa60e248adf3e7f5898dbf890fce55fc4,0.075,0.0,0.0,0.2,3.155010189976396,0.7765737620589306,0.7728860168160214,22.923003570156567,27.876341683574417,27.894559584351608,0.0,0.014022267511006204,0.0003548595051631625,0.0003531743703878168,0.38205005950260945,0.4646056947262403,0.46490932640586013,33.133421136172664,3.815089669641257,0.001649146604236083,0.0009244190953604722,0.004316572038709025,0.0011634504380733338,True,1.4952463690896225e-05,0.001867468401191635,0.0037538380895520973,1.6683724842453765e-05,True,1,0,0,"[{""strain"":0.0,""accepted"":true,""selected_subdivision"":1,""attempts"":[]},{""strain"":0.05,""accepted"":true,""selected_subdivision"":1,""attempts"":[{""strain"":0.05,""subdivision"":1,""substep"":1,""optimizer_method"":""L-BFGS-B"",""selected_success"":true,""selected_message"":""CONVERGENCE: NORM OF PROJECTED GRADIENT <= PGTOL"",""selected_iterations"":798,""primary_success"":true,""primary_message"":""CONVERGENCE: NORM OF PROJECTED GRADIENT <= PGTOL"",""primary_iterations"":798,""fallback_used"":false,""fallback_success"":false,""fallback_message"":""not invoked"",""fallback_iterations"":0,""fallback_normalized_projected_gradient"":NaN,""independent_kkt_confirmed"":false,""projected_gradient_N"":0.0025161255311259845,""normalized_projected_gradient"":1.1182780138337708e-05,""accepted"":true}]},{""strain"":0.1,""accepted"":true,""selected_subdivision"":1,""attempts"":[{""strain"":0.1,""subdivision"":1,""substep"":1,""optimizer_method"":""L-BFGS-B"",""selected_success"":true,""selected_message"":""CONVERGENCE: NORM OF PROJECTED GRADIENT <= PGTOL"",""selected_iterations"":673,""primary_success"":true,""primary_message"":""CONVERGENCE: NORM OF PROJECTED GRADIENT <= PGTOL"",""primary_iterations"":673,""fallback_used"":false,""fallback_success"":false,""fallback_message"":""not invoked"",""fallback_iterations"":0,""fallback_normalized_projected_gradient"":NaN,""independent_kkt_confirmed"":false,""projected_gradient_N"":0.003152903767884477,""normalized_projected_gradient"":1.401290563504212e-05,""accepted"":true}]},{""strain"":0.15,""accepted"":true,""selected_subdivision"":1,""attempts"":[{""strain"":0.15,""subdivision"":1,""substep"":1,""optimizer_method"":""L-BFGS-B"",""selected_success"":true,""selected_message"":""CONVERGENCE: NORM OF PROJECTED GRADIENT <= PGTOL"",""selected_iterations"":862,""primary_success"":true,""primary_message"":""CONVERGENCE: NORM OF PROJECTED GRADIENT <= PGTOL"",""primary_iterations"":862,""fallback_used"":false,""fallback_success"":false,""fallback_message"":""not invoked"",""fallback_iterations"":0,""fallback_normalized_projected_gradient"":NaN,""independent_kkt_confirmed"":false,""projected_gradient_N"":0.0033643043304516507,""normalized_projected_gradient"":1.4952463690896225e-05,""accepted"":true}]},{""strain"":0.2,""accepted"":true,""selected_subdivision"":1,""attempts"":[{""strain"":0.2,""subdivision"":1,""substep"":1,""optimizer_method"":""L-BFGS-B"",""selected_success"":true,""selected_message"":""CONVERGENCE: NORM OF PROJECTED GRADIENT <= PGTOL"",""selected_iterations"":767,""primary_success"":true,""primary_message"":""CONVERGENCE: NORM OF PROJECTED GRADIENT <= PGTOL"",""primary_iterations"":767,""fallback_used"":false,""fallback_success"":false,""fallback_message"":""not invoked"",""fallback_iterations"":0,""fallback_normalized_projected_gradient"":NaN,""independent_kkt_confirmed"":false,""projected_gradient_N"":0.003088406510719184,""normalized_projected_gradient"":1.372625115875193e-05,""accepted"":true}]}]",6.677252116998716
D004,test,0.1,0.1,7.215915895667447,0.10840553444940591,7.168416411980394,0.5049118850449811,0.4874718475762521,7.133527072312738,3.9765204959224865,0.25,0.006806083459372876,0.006806083459372876,0.4911212582172802,0.007378171149205781,0.5049118850449811,0.4874718475762521,0.5574410043744702,0.06286903343170225,d06c8aa5a844044b059518a454bb52ff40e1addc084e0ee363b3e8e1614a100f,12.213091723336047,1.4439908437507685,1.2176920469427401,1.2176920469427401,0.5574410043744702,0.06286903343170225,0.035045777140220245,0.20530642425371431,0.10763613344077852,0.23337420030418304,1.0,16.0,12.213184483956667,f141ffbd04ef138b9650f2a9878eed8fa60e248adf3e7f5898dbf890fce55fc4,0.125,0.0,0.0,0.2,15.483227733587533,7.863101155483384,7.758379398828218,40.273704781123364,47.76499336681003,47.773026190705394,0.0,0.04128860728956676,0.0017168682773331483,0.0016940028126274736,0.6712284130187227,0.7960832227801672,0.7962171031784232,19.280941524548105,4.959861032595982,0.007258740728064575,0.002523735258775797,0.010814114222936069,0.0019049957228313404,True,1.4390787824441512e-05,0.0011570732046148223,0.007592388905099057,2.0246370413597485e-05,True,1,0,0,"[{""strain"":0.0,""accepted"":true,""selected_subdivision"":1,""attempts"":[]},{""strain"":0.05,""accepted"":true,""selected_subdivision"":1,""attempts"":[{""strain"":0.05,""subdivision"":1,""substep"":1,""optimizer_method"":""L-BFGS-B"",""selected_success"":true,""selected_message"":""CONVERGENCE: NORM OF PROJECTED GRADIENT <= PGTOL"",""selected_iterations"":622,""primary_success"":true,""primary_message"":""CONVERGENCE: NORM OF PROJECTED GRADIENT <= PGTOL"",""primary_iterations"":622,""fallback_used"":false,""fallback_success"":false,""fallback_message"":""not invoked"",""fallback_iterations"":0,""fallback_normalized_projected_gradient"":NaN,""independent_kkt_confirmed"":false,""projected_gradient_N"":0.004688952054405782,""normalized_projected_gradient"":1.2503872145082084e-05,""accepted"":true}]},{""strain"":0.1,""accepted"":true,""selected_subdivision"":1,""attempts"":[{""strain"":0.1,""subdivision"":1,""substep"":1,""optimizer_method"":""L-BFGS-B"",""selected_success"":true,""selected_message"":""CONVERGENCE: NORM OF PROJECTED GRADIENT <= PGTOL"",""selected_iterations"":600,""primary_success"":true,""primary_message"":""CONVERGENCE: NORM OF PROJECTED GRADIENT <= PGTOL"",""primary_iterations"":600,""fallback_used"":false,""fallback_success"":false,""fallback_message"":""not invoked"",""fallback_iterations"":0,""fallback_normalized_projected_gradient"":NaN,""independent_kkt_confirmed"":false,""projected_gradient_N"":0.004456558917971698,""normalized_projected_gradient"":1.1884157114591194e-05,""accepted"":true}]},{""strain"":0.15,""accepted"":true,""selected_subdivision"":1,""attempts"":[{""strain"":0.15,""subdivision"":1,""substep"":1,""optimizer_method"":""L-BFGS-B"",""selected_success"":true,""selected_message"":""CONVERGENCE: NORM OF PROJECTED GRADIENT <= PGTOL"",""selected_iterations"":551,""primary_success"":true,""primary_message"":""CONVERGENCE: NORM OF PROJECTED GRADIENT <= PGTOL"",""primary_iterations"":551,""fallback_used"":false,""fallback_success"":false,""fallback_message"":""not invoked"",""fallback_iterations"":0,""fallback_normalized_projected_gradient"":NaN,""independent_kkt_confirmed"":false,""projected_gradient_N"":0.005396545434165567,""normalized_projected_gradient"":1.4390787824441512e-05,""accepted"":true}]},{""strain"":0.2,""accepted"":true,""selected_subdivision"":1,""attempts"":[{""strain"":0.2,""subdivision"":1,""substep"":1,""optimizer_method"":""L-BFGS-B"",""selected_success"":true,""selected_message"":""CONVERGENCE: NORM OF PROJECTED GRADIENT <= PGTOL"",""selected_iterations"":612,""primary_success"":true,""primary_message"":""CONVERGENCE: NORM OF PROJECTED GRADIENT <= PGTOL"",""primary_iterations"":612,""fallback_used"":false,""fallback_success"":false,""fallback_message"":""not invoked"",""fallback_iterations"":0,""fallback_normalized_projected_gradient"":NaN,""independent_kkt_confirmed"":false,""projected_gradient_N"":0.004565859160654995,""normalized_projected_gradient"":1.217562442841332e-05,""accepted"":true}]}]",6.491064138994261
D005,train,9.595033675461204,0.1,5.161748307126464,0.10536390121077766,0.10400677143121953,0.06004009487483722,0.07929479086140812,7.685345312107824,3.053242645853345,0.23693767130102628,0.6368602452817069,0.006637394581641164,0.34260560245516636,0.006993417869969904,0.06004009487483722,0.07929479086140812,0.39728112685361516,0.07760197887410453,d06c8aa5a844044b059518a454bb52ff40e1addc084e0ee363b3e8e1614a100f,11.235360005399038,0.9955196708215814,1.0289337209885894,0.9955196708215814,0.39728112685361516,0.07760197887410453,0.03082980161317468,0.23800400760086096,0.11344788482156137,0.2686518425697704,1.0,16.0,11.235444103136961,f141ffbd04ef138b9650f2a9878eed8fa60e248adf3e7f5898dbf890fce55fc4,0.11846883565051314,0.0,0.0,0.2,12.117393882907802,4.004813498367921,3.9863797213407057,33.35540176688036,39.28826456443327,39.30465984483662,0.0,0.0340944626671116,0.001002928397931515,0.0009983120135557467,0.5559233627813394,0.6548044094072212,0.6550776640806103,19.20559405204712,5.7497801502908,0.003716006575672301,0.0017957727276671615,0.006684386418086036,0.0029262061017053826,True,1.375247423110753e-05,0.0012427042172652076,0.008410743735419501,2.366513716240521e-05,True,1,0,0,"[{""strain"":0.0,""accepted"":true,""selected_subdivision"":1,""attempts"":[]},{""strain"":0.05,""accepted"":true,""selected_subdivision"":1,""attempts"":[{""strain"":0.05,""subdivision"":1,""substep"":1,""optimizer_method"":""L-BFGS-B"",""selected_success"":true,""selected_message"":""CONVERGENCE: NORM OF PROJECTED GRADIENT <= PGTOL"",""selected_iterations"":884,""primary_success"":true,""primary_message"":""CONVERGENCE: NORM OF PROJECTED GRADIENT <= PGTOL"",""primary_iterations"":884,""fallback_used"":false,""fallback_success"":false,""fallback_message"":""not invoked"",""fallback_iterations"":0,""fallback_normalized_projected_gradient"":NaN,""independent_kkt_confirmed"":false,""projected_gradient_N"":0.004887718828418985,""normalized_projected_gradient"":1.375247423110753e-05,""accepted"":true}]},{""strain"":0.1,""accepted"":true,""selected_subdivision"":1,""attempts"":[{""strain"":0.1,""subdivision"":1,""substep"":1,""optimizer_method"":""L-BFGS-B"",""selected_success"":true,""selected_message"":""CONVERGENCE: NORM OF PROJECTED GRADIENT <= PGTOL"",""selected_iterations"":544,""primary_success"":true,""primary_message"":""CONVERGENCE: NORM OF PROJECTED GRADIENT <= PGTOL"",""primary_iterations"":544,""fallback_used"":false,""fallback_success"":false,""fallback_message"":""not invoked"",""fallback_iterations"":0,""fallback_normalized_projected_gradient"":NaN,""independent_kkt_confirmed"":false,""projected_gradient_N"":0.004352935474124298,""normalized_projected_gradient"":1.2247765274364635e-05,""accepted"":true}]},{""strain"":0.15,""accepted"":true,""selected_subdivision"":1,""attempts"":[{""strain"":0.15,""subdivision"":1,""substep"":1,""optimizer_method"":""L-BFGS-B"",""selected_success"":true,""selected_message"":""CONVERGENCE: NORM OF PROJECTED GRADIENT <= PGTOL"",""selected_iterations"":604,""primary_success"":true,""primary_message"":""CONVERGENCE: NORM OF PROJECTED GRADIENT <= PGTOL"",""primary_iterations"":604,""fallback_used"":false,""fallback_success"":false,""fallback_message"":""not invoked"",""fallback_iterations"":0,""fallback_normalized_projected_gradient"":NaN,""independent_kkt_confirmed"":false,""projected_gradient_N"":0.003620577756484167,""normalized_projected_gradient"":1.0187145383294409e-05,""accepted"":true}]},{""strain"":0.2,""accepted"":true,""selected_subdivision"":1,""attempts"":[{""strain"":0.2,""subdivision"":1,""substep"":1,""optimizer_method"":""L-BFGS-B"",""selected_success"":true,""selected_message"":""CONVERGENCE: NORM OF PROJECTED GRADIENT <= PGTOL"",""selected_iterations"":504,""primary_success"":true,""primary_message"":""CONVERGENCE: NORM OF PROJECTED GRADIENT <= PGTOL"",""primary_iterations"":504,""fallback_used"":false,""fallback_success"":false,""fallback_message"":""not invoked"",""fallback_iterations"":0,""fallback_normalized_projected_gradient"":NaN,""independent_kkt_confirmed"":false,""projected_gradient_N"":0.0045491552810501545,""normalized_projected_gradient"":1.2799864921073162e-05,""accepted"":true}]}]",13.220358024002053
D006,train,0.1889337221413702,3.338217991783808,10.0,0.10229026637536032,9.630520147563674,1.0,0.9942502836069178,7.9,4.0,0.16948897281703376,0.008122701193697884,0.14351777416631295,0.4299233139343991,0.0043976970303327345,1.0,0.9942502836069178,0.5063291139240506,0.04237224320425844,d06c8aa5a844044b059518a454bb52ff40e1addc084e0ee363b3e8e1614a100f,12.534346804217893,1.3183034448575626,1.8065508880549541,1.3183034448575626,0.5063291139240506,0.04237224320425844,0.02145430035658655,0.1285659788557606,0.06722891027782786,0.15197339668634474,1.0,16.0,12.534426808875013,f141ffbd04ef138b9650f2a9878eed8fa60e248adf3e7f5898dbf890fce55fc4,0.08474448640851688,0.0,0.0,0.2,4.723199964289085,2.2653782531769866,2.2383476025556783,30.997542832692325,36.999833382274765,37.01537975270385,0.0,0.018578199654274305,0.0007108963979024261,0.0007024139327190959,0.5166257138782054,0.6166638897045794,0.6169229958783975,33.19287666082881,3.10593977252375,0.004621953236781276,0.0013596186055978817,0.008946425066776491,0.0011559331458959082,True,1.460806231666168e-05,0.002424390527033426,0.004263184185446578,1.676877700690203e-05,True,1,0,0,"[{""strain"":0.0,""accepted"":true,""selected_subdivision"":1,""attempts"":[]},{""strain"":0.05,""accepted"":true,""selected_subdivision"":1,""attempts"":[{""strain"":0.05,""subdivision"":1,""substep"":1,""optimizer_method"":""L-BFGS-B"",""selected_success"":true,""selected_message"":""CONVERGENCE: NORM OF PROJECTED GRADIENT <= PGTOL"",""selected_iterations"":909,""primary_success"":true,""primary_message"":""CONVERGENCE: NORM OF PROJECTED GRADIENT <= PGTOL"",""primary_iterations"":909,""fallback_used"":false,""fallback_success"":false,""fallback_message"":""not invoked"",""fallback_iterations"":0,""fallback_normalized_projected_gradient"":NaN,""independent_kkt_confirmed"":false,""projected_gradient_N"":0.003083347921721824,""normalized_projected_gradient"":1.2128017811323339e-05,""accepted"":true}]},{""strain"":0.1,""accepted"":true,""selected_subdivision"":1,""attempts"":[{""strain"":0.1,""subdivision"":1,""substep"":1,""optimizer_method"":""L-BFGS-B"",""selected_success"":true,""selected_message"":""CONVERGENCE: NORM OF PROJECTED GRADIENT <= PGTOL"",""selected_iterations"":895,""primary_success"":true,""primary_message"":""CONVERGENCE: NORM OF PROJECTED GRADIENT <= PGTOL"",""primary_iterations"":895,""fallback_used"":false,""fallback_success"":false,""fallback_message"":""not invoked"",""fallback_iterations"":0,""fallback_normalized_projected_gradient"":NaN,""independent_kkt_confirmed"":false,""projected_gradient_N"":0.003072278040526566,""normalized_projected_gradient"":1.2084475622860109e-05,""accepted"":true}]},{""strain"":0.15,""accepted"":true,""selected_subdivision"":1,""attempts"":[{""strain"":0.15,""subdivision"":1,""substep"":1,""optimizer_method"":""L-BFGS-B"",""selected_success"":true,""selected_message"":""CONVERGENCE: NORM OF PROJECTED GRADIENT <= PGTOL"",""selected_iterations"":900,""primary_success"":true,""primary_message"":""CONVERGENCE: NORM OF PROJECTED GRADIENT <= PGTOL"",""primary_iterations"":900,""fallback_used"":false,""fallback_success"":false,""fallback_message"":""not invoked"",""fallback_iterations"":0,""fallback_normalized_projected_gradient"":NaN,""independent_kkt_confirmed"":false,""projected_gradient_N"":0.0034853312160034733,""normalized_projected_gradient"":1.3709175915005585e-05,""accepted"":true}]},{""strain"":0.2,""accepted"":true,""selected_subdivision"":1,""attempts"":[{""strain"":0.2,""subdivision"":1,""substep"":1,""optimizer_method"":""L-BFGS-B"",""selected_success"":true,""selected_message"":""CONVERGENCE: NORM OF PROJECTED GRADIENT <= PGTOL"",""selected_iterations"":923,""primary_success"":true,""primary_message"":""CONVERGENCE: NORM OF PROJECTED GRADIENT <= PGTOL"",""primary_iterations"":923,""fallback_used"":false,""fallback_success"":false,""fallback_message"":""not invoked"",""fallback_iterations"":0,""fallback_normalized_projected_gradient"":NaN,""independent_kkt_confirmed"":false,""projected_gradient_N"":0.00371385821534731,""normalized_projected_gradient"":1.460806231666168e-05,""accepted"":true}]}]",6.165598955005407
D007,train,0.1,5.215633883702463,9.821380452805055,9.774786655922787,8.982384443613258,0.027564131536560146,0.038956581982581,7.72516979938941,3.840950523910006,0.15,0.00295035855600349,0.1538799005376327,0.28976593850698823,0.28839125443410535,0.027564131536560146,0.038956581982581,0.4971994951118862,0.03905283316362617,d06c8aa5a844044b059518a454bb52ff40e1addc084e0ee363b3e8e1614a100f,11.52301115032428,1.1113754997538514,1.0420271047714402,1.0420271047714402,0.4971994951118862,0.03905283316362617,0.019417048931643657,0.14395019027158723,0.05825195350810105,0.13635761983535338,1.0,16.0,11.523058881580965,f141ffbd04ef138b9650f2a9878eed8fa60e248adf3e7f5898dbf890fce55fc4,0.075,0.0,0.0,0.2,3.4834957002258475,1.563678924815862,1.5485293337226773,28.760881644918385,34.29078656034898,34.33026322722407,0.0,0.015482203112114878,0.0006031135455507342,0.0005972703232287793,0.4793480274153064,0.5715131093391496,0.5721710537870679,36.914197882595836,3.477596679977762,0.004380175628981793,0.0012460055931581109,0.009137777519603341,0.0010519055372839449,True,1.4551307330418083e-05,0.0015331577494604005,0.005340748428013242,2.3736659680058854e-05,True,1,0,0,"[{""strain"":0.0,""accepted"":true,""selected_subdivision"":1,""attempts"":[]},{""strain"":0.05,""accepted"":true,""selected_subdivision"":1,""attempts"":[{""strain"":0.05,""subdivision"":1,""substep"":1,""optimizer_method"":""L-BFGS-B"",""selected_success"":true,""selected_message"":""CONVERGENCE: NORM OF PROJECTED GRADIENT <= PGTOL"",""selected_iterations"":878,""primary_success"":true,""primary_message"":""CONVERGENCE: NORM OF PROJECTED GRADIENT <= PGTOL"",""primary_iterations"":878,""fallback_used"":false,""fallback_success"":false,""fallback_message"":""not invoked"",""fallback_iterations"":0,""fallback_normalized_projected_gradient"":NaN,""independent_kkt_confirmed"":false,""projected_gradient_N"":0.003046607956935926,""normalized_projected_gradient"":1.3540479808604116e-05,""accepted"":true}]},{""strain"":0.1,""accepted"":true,""selected_subdivision"":1,""attempts"":[{""strain"":0.1,""subdivision"":1,""substep"":1,""optimizer_method"":""L-BFGS-B"",""selected_success"":true,""selected_message"":""CONVERGENCE: NORM OF PROJECTED GRADIENT <= PGTOL"",""selected_iterations"":739,""primary_success"":true,""primary_message"":""CONVERGENCE: NORM OF PROJECTED GRADIENT <= PGTOL"",""primary_iterations"":739,""fallback_used"":false,""fallback_success"":false,""fallback_message"":""not invoked"",""fallback_iterations"":0,""fallback_normalized_projected_gradient"":NaN,""independent_kkt_confirmed"":false,""projected_gradient_N"":0.0032740441493440686,""normalized_projected_gradient"":1.4551307330418083e-05,""accepted"":true}]},{""strain"":0.15,""accepted"":true,""selected_subdivision"":1,""attempts"":[{""strain"":0.15,""subdivision"":1,""substep"":1,""optimizer_method"":""L-BFGS-B"",""selected_success"":true,""selected_message"":""CONVERGENCE: NORM OF PROJECTED GRADIENT <= PGTOL"",""selected_iterations"":763,""primary_success"":true,""primary_message"":""CONVERGENCE: NORM OF PROJECTED GRADIENT <= PGTOL"",""primary_iterations"":763,""fallback_used"":false,""fallback_success"":false,""fallback_message"":""not invoked"",""fallback_iterations"":0,""fallback_normalized_projected_gradient"":NaN,""independent_kkt_confirmed"":false,""projected_gradient_N"":0.003060574167176311,""normalized_projected_gradient"":1.3602551854116938e-05,""accepted"":true}]},{""strain"":0.2,""accepted"":true,""selected_subdivision"":1,""attempts"":[{""strain"":0.2,""subdivision"":1,""substep"":1,""optimizer_method"":""L-BFGS-B"",""selected_success"":true,""selected_message"":""CONVERGENCE: NORM OF PROJECTED GRADIENT <= PGTOL"",""selected_iterations"":726,""primary_success"":true,""primary_message"":""CONVERGENCE: NORM OF PROJECTED GRADIENT <= PGTOL"",""primary_iterations"":726,""fallback_used"":false,""fallback_success"":false,""fallback_message"":""not invoked"",""fallback_iterations"":0,""fallback_normalized_projected_gradient"":NaN,""independent_kkt_confirmed"":false,""projected_gradient_N"":0.002764135687209901,""normalized_projected_gradient"":1.2285047498710672e-05,""accepted"":true}]}]",5.237624225002946
D008,test,0.6311592020763087,0.1,10.0,0.1,3.7612107635744,0.006836782795561637,0.0,7.9,3.9457835014609133,0.23418703149396888,0.043252686408171384,0.006852896427063742,0.6852896427063742,0.006852896427063742,0.006836782795561637,0.0,0.49946626600771055,0.059351211592643616,d06c8aa5a844044b059518a454bb52ff40e1addc084e0ee363b3e8e1614a100f,12.873422945416642,0.9214485213685959,0.913790133762394,0.913790133762394,0.49946626600771055,0.059351211592643616,0.02964392803721125,0.2562809805460898,0.09671560115886285,0.21541802434415008,1.0,16.0,12.873519627619306,f141ffbd04ef138b9650f2a9878eed8fa60e248adf3e7f5898dbf890fce55fc4,0.11709351574698444,0.0,0.0,0.2,11.745156069110255,5.184872859489706,5.154402778527965,35.04071069329993,41.305573645625785,41.313782006234305,0.0,0.03343525897280591,0.001146542011676115,0.0011398040975809083,0.5840118448883321,0.6884262274270964,0.6885630334372385,20.589827881608993,6.191321355025952,0.0052911268732089315,0.0019516797605343915,0.009059964998176772,0.002651220498652507,True,1.28614120145049e-05,0.0014681609692594251,0.01009219800220329,2.872973775937773e-05,True,1,0,0,"[{""strain"":0.0,""accepted"":true,""selected_subdivision"":1,""attempts"":[]},{""strain"":0.05,""accepted"":true,""selected_subdivision"":1,""attempts"":[{""strain"":0.05,""subdivision"":1,""substep"":1,""optimizer_method"":""L-BFGS-B"",""selected_success"":true,""selected_message"":""CONVERGENCE: NORM OF PROJECTED GRADIENT <= PGTOL"",""selected_iterations"":910,""primary_success"":true,""primary_message"":""CONVERGENCE: NORM OF PROJECTED GRADIENT <= PGTOL"",""primary_iterations"":910,""fallback_used"":false,""fallback_success"":false,""fallback_message"":""not invoked"",""fallback_iterations"":0,""fallback_normalized_projected_gradient"":NaN,""independent_kkt_confirmed"":false,""projected_gradient_N"":0.0045179638507466535,""normalized_projected_gradient"":1.28614120145049e-05,""accepted"":true}]},{""strain"":0.1,""accepted"":true,""selected_subdivision"":1,""attempts"":[{""strain"":0.1,""subdivision"":1,""substep"":1,""optimizer_method"":""L-BFGS-B"",""selected_success"":true,""selected_message"":""CONVERGENCE: NORM OF PROJECTED GRADIENT <= PGTOL"",""selected_iterations"":493,""primary_success"":true,""primary_message"":""CONVERGENCE: NORM OF PROJECTED GRADIENT <= PGTOL"",""primary_iterations"":493,""fallback_used"":false,""fallback_success"":false,""fallback_message"":""not invoked"",""fallback_iterations"":0,""fallback_normalized_projected_gradient"":NaN,""independent_kkt_confirmed"":false,""projected_gradient_N"":0.0037091599214322812,""normalized_projected_gradient"":1.055896761310857e-05,""accepted"":true}]},{""strain"":0.15,""accepted"":true,""selected_subdivision"":1,""attempts"":[{""strain"":0.15,""subdivision"":1,""substep"":1,""optimizer_method"":""L-BFGS-B"",""selected_success"":true,""selected_message"":""CONVERGENCE: NORM OF PROJECTED GRADIENT <= PGTOL"",""selected_iterations"":483,""primary_success"":true,""primary_message"":""CONVERGENCE: NORM OF PROJECTED GRADIENT <= PGTOL"",""primary_iterations"":483,""fallback_used"":false,""fallback_success"":false,""fallback_message"":""not invoked"",""fallback_iterations"":0,""fallback_normalized_projected_gradient"":NaN,""independent_kkt_confirmed"":false,""projected_gradient_N"":0.0044775202854498986,""normalized_projected_gradient"":1.2746280204291073e-05,""accepted"":true}]},{""strain"":0.2,""accepted"":true,""selected_subdivision"":1,""attempts"":[{""strain"":0.2,""subdivision"":1,""substep"":1,""optimizer_method"":""L-BFGS-B"",""selected_success"":true,""selected_message"":""CONVERGENCE: NORM OF PROJECTED GRADIENT <= PGTOL"",""selected_iterations"":567,""primary_success"":true,""primary_message"":""CONVERGENCE: NORM OF PROJECTED GRADIENT <= PGTOL"",""primary_iterations"":567,""fallback_used"":false,""fallback_success"":false,""fallback_message"":""not invoked"",""fallback_iterations"":0,""fallback_normalized_projected_gradient"":NaN,""independent_kkt_confirmed"":false,""projected_gradient_N"":0.0035910157182628133,""normalized_projected_gradient"":1.0222643258977939e-05,""accepted"":true}]}]",4.4769182140007615
D009,train,0.6483132485098069,3.4906919606010103,7.018179074746562,7.140048638984187,9.809847178470593,0.5349342621119983,0.48931723638115976,7.9,2.413128066774254,0.15,0.0230658341660876,0.12419262150386265,0.24969434923334222,0.2540302519239933,0.5349342621119983,0.48931723638115976,0.3054592489587663,0.062159983162647606,d06c8aa5a844044b059518a454bb52ff40e1addc084e0ee363b3e8e1614a100f,9.78224997215492,1.4869564506431163,0.9670587865026153,0.9670587865026153,0.3054592489587663,0.062159983162647606,0.018987341772151896,0.15510949498993495,0.07697018905847591,0.20129015538377112,1.0,16.0,9.782282054712642,f141ffbd04ef138b9650f2a9878eed8fa60e248adf3e7f5898dbf890fce55fc4,0.075,0.0,0.0,0.2,3.037585079286842,0.793910568539924,0.7891127854728859,23.05490212311357,28.135946795550826,28.273722878900813,0.0,0.013500378130163741,0.0003607034604285121,0.0003585236469542455,0.3842483687185595,0.46893244659251376,0.47122871464834687,34.7347638763379,3.747186883131845,0.001781128571691446,0.0009330518387101965,0.004635357536146167,0.0011566861296866528,True,1.460890718139787e-05,0.0022033253476317857,0.006568789653855767,2.9194620683803408e-05,True,1,0,0,"[{""strain"":0.0,""accepted"":true,""selected_subdivision"":1,""attempts"":[]},{""strain"":0.05,""accepted"":true,""selected_subdivision"":1,""attempts"":[{""strain"":0.05,""subdivision"":1,""substep"":1,""optimizer_method"":""L-BFGS-B"",""selected_success"":true,""selected_message"":""CONVERGENCE: NORM OF PROJECTED GRADIENT <= PGTOL"",""selected_iterations"":585,""primary_success"":true,""primary_message"":""CONVERGENCE: NORM OF PROJECTED GRADIENT <= PGTOL"",""primary_iterations"":585,""fallback_used"":false,""fallback_success"":false,""fallback_message"":""not invoked"",""fallback_iterations"":0,""fallback_normalized_projected_gradient"":NaN,""independent_kkt_confirmed"":false,""projected_gradient_N"":0.003287004115814521,""normalized_projected_gradient"":1.460890718139787e-05,""accepted"":true}]},{""strain"":0.1,""accepted"":true,""selected_subdivision"":1,""attempts"":[{""strain"":0.1,""subdivision"":1,""substep"":1,""optimizer_method"":""L-BFGS-B"",""selected_success"":true,""selected_message"":""CONVERGENCE: NORM OF PROJECTED GRADIENT <= PGTOL"",""selected_iterations"":737,""primary_success"":true,""primary_message"":""CONVERGENCE: NORM OF PROJECTED GRADIENT <= PGTOL"",""primary_iterations"":737,""fallback_used"":false,""fallback_success"":false,""fallback_message"":""not invoked"",""fallback_iterations"":0,""fallback_normalized_projected_gradient"":NaN,""independent_kkt_confirmed"":false,""projected_gradient_N"":0.003150997665183508,""normalized_projected_gradient"":1.4004434067482258e-05,""accepted"":true}]},{""strain"":0.15,""accepted"":true,""selected_subdivision"":1,""attempts"":[{""strain"":0.15,""subdivision"":1,""substep"":1,""optimizer_method"":""L-BFGS-B"",""selected_success"":true,""selected_message"":""CONVERGENCE: NORM OF PROJECTED GRADIENT <= PGTOL"",""selected_iterations"":601,""primary_success"":true,""primary_message"":""CONVERGENCE: NORM OF PROJECTED GRADIENT <= PGTOL"",""primary_iterations"":601,""fallback_used"":false,""fallback_success"":false,""fallback_message"":""not invoked"",""fallback_iterations"":0,""fallback_normalized_projected_gradient"":NaN,""independent_kkt_confirmed"":false,""projected_gradient_N"":0.0025250525609579744,""normalized_projected_gradient"":1.1222455826479886e-05,""accepted"":true}]},{""strain"":0.2,""accepted"":true,""selected_subdivision"":1,""attempts"":[{""strain"":0.2,""subdivision"":1,""substep"":1,""optimizer_method"":""L-BFGS-B"",""selected_success"":true,""selected_message"":""CONVERGENCE: NORM OF PROJECTED GRADIENT <= PGTOL"",""selected_iterations"":588,""primary_success"":true,""primary_message"":""CONVERGENCE: NORM OF PROJECTED GRADIENT <= PGTOL"",""primary_iterations"":588,""fallback_used"":false,""fallback_success"":false,""fallback_message"":""not invoked"",""fallback_iterations"":0,""fallback_normalized_projected_gradient"":NaN,""independent_kkt_confirmed"":false,""projected_gradient_N"":0.00282860629914905,""normalized_projected_gradient"":1.2571583551773556e-05,""accepted"":true}]}]",3.9566428390025976
D010,train,9.634586764559828,1.0963212872927468,7.640609643001589,10.0,0.1,0.0,0.0,7.878725458065563,2.2,0.15,0.33839385970987934,0.03850589557756143,0.268359759563591,0.35122820311779035,0.0,0.0,0.27923298149040454,0.06818181818181818,d06c8aa5a844044b059518a454bb52ff40e1addc084e0ee363b3e8e1614a100f,9.617294835736114,2.0182101327177664,0.9356147362705927,0.9356147362705927,0.27923298149040454,0.06818181818181818,0.019038612374345763,0.16032240000612594,0.08322724930335326,0.2195908856669896,1.0,16.0,9.61732785656927,f141ffbd04ef138b9650f2a9878eed8fa60e248adf3e7f5898dbf890fce55fc4,0.075,0.0,0.0,0.2,3.1525463012888153,0.7343858865108503,0.73295462098774,22.405311491530803,27.11536304279617,27.17864531479172,0.0,0.014011316894616956,0.0003393820538030467,0.00033872062247424146,0.37342185819218005,0.45192271737993617,0.45297742191319534,32.25412149186073,3.8731219801479924,0.0015425076566607258,0.0009070722965015087,0.004130737456367325,0.001296755298805405,True,1.380955286412269e-05,0.003903007902194543,0.006760003861719266,3.0044461607641182e-05,True,1,0,0,"[{""strain"":0.0,""accepted"":true,""selected_subdivision"":1,""attempts"":[]},{""strain"":0.05,""accepted"":true,""selected_subdivision"":1,""attempts"":[{""strain"":0.05,""subdivision"":1,""substep"":1,""optimizer_method"":""L-BFGS-B"",""selected_success"":true,""selected_message"":""CONVERGENCE: NORM OF PROJECTED GRADIENT <= PGTOL"",""selected_iterations"":616,""primary_success"":true,""primary_message"":""CONVERGENCE: NORM OF PROJECTED GRADIENT <= PGTOL"",""primary_iterations"":616,""fallback_used"":false,""fallback_success"":false,""fallback_message"":""not invoked"",""fallback_iterations"":0,""fallback_normalized_projected_gradient"":NaN,""independent_kkt_confirmed"":false,""projected_gradient_N"":0.0026166917143342627,""normalized_projected_gradient"":1.1629740952596723e-05,""accepted"":true}]},{""strain"":0.1,""accepted"":true,""selected_subdivision"":1,""attempts"":[{""strain"":0.1,""subdivision"":1,""substep"":1,""optimizer_method"":""L-BFGS-B"",""selected_success"":true,""selected_message"":""CONVERGENCE: NORM OF PROJECTED GRADIENT <= PGTOL"",""selected_iterations"":571,""primary_success"":true,""primary_message"":""CONVERGENCE: NORM OF PROJECTED GRADIENT <= PGTOL"",""primary_iterations"":571,""fallback_used"":false,""fallback_success"":false,""fallback_message"":""not invoked"",""fallback_iterations"":0,""fallback_normalized_projected_gradient"":NaN,""independent_kkt_confirmed"":false,""projected_gradient_N"":0.00288484039501985,""normalized_projected_gradient"":1.2821512866754888e-05,""accepted"":true}]},{""strain"":0.15,""accepted"":true,""selected_subdivision"":1,""attempts"":[{""strain"":0.15,""subdivision"":1,""substep"":1,""optimizer_method"":""L-BFGS-B"",""selected_success"":true,""selected_message"":""CONVERGENCE: NORM OF PROJECTED GRADIENT <= PGTOL"",""selected_iterations"":686,""primary_success"":true,""primary_message"":""CONVERGENCE: NORM OF PROJECTED GRADIENT <= PGTOL"",""primary_iterations"":686,""fallback_used"":false,""fallback_success"":false,""fallback_message"":""not invoked"",""fallback_iterations"":0,""fallback_normalized_projected_gradient"":NaN,""independent_kkt_confirmed"":false,""projected_gradient_N"":0.003107149394427605,""normalized_projected_gradient"":1.380955286412269e-05,""accepted"":true}]},{""strain"":0.2,""accepted"":true,""selected_subdivision"":1,""attempts"":[{""strain"":0.2,""subdivision"":1,""substep"":1,""optimizer_method"":""L-BFGS-B"",""selected_success"":true,""selected_message"":""CONVERGENCE: NORM OF PROJECTED GRADIENT <= PGTOL"",""selected_iterations"":574,""primary_success"":true,""primary_message"":""CONVERGENCE: NORM OF PROJECTED GRADIENT <= PGTOL"",""primary_iterations"":574,""fallback_used"":false,""fallback_success"":false,""fallback_message"":""not invoked"",""fallback_iterations"":0,""fallback_normalized_projected_gradient"":NaN,""independent_kkt_confirmed"":false,""projected_gradient_N"":0.003030084541814748,""normalized_projected_gradient"":1.3467042408065547e-05,""accepted"":true}]}]",3.8999560570009635
D011,train,0.1,0.1124614833623616,5.391267946613284,0.1,9.61421952482635,0.04414504917642894,0.024823936536963614,6.862944060701929,3.8785318201053762,0.25,0.006528289152488081,0.00734181081907224,0.3519575605403219,0.006528289152488081,0.04414504917642894,0.024823936536963614,0.5651411093839933,0.06445738016227175,d06c8aa5a844044b059518a454bb52ff40e1addc084e0ee363b3e8e1614a100f,11.885542435206094,0.9492264863845569,0.9229840979569174,0.9229840979569174,0.5651411093839933,0.06445738016227175,0.036427515332892055,0.2708605712204474,0.11163007018631242,0.24054483051085593,1.0,16.0,11.885632112815722,f141ffbd04ef138b9650f2a9878eed8fa60e248adf3e7f5898dbf890fce55fc4,0.125,0.0,0.0,0.2,16.979016921904055,7.9698384893336245,7.865660665603018,40.27543095732167,48.11728011673375,48.137182460726244,0.0,0.045277378458410816,0.0017881306430971044,0.001764757075465442,0.6712571826220278,0.8019546686122292,0.8022863743454374,17.712038459754435,6.543539966400641,0.0073364996941216645,0.002629032688442968,0.010929491533281228,0.003036845909637419,True,1.4116443546691393e-05,0.0011011572068854217,0.0072994282736935645,1.946514206318284e-05,True,1,0,0,"[{""strain"":0.0,""accepted"":true,""selected_subdivision"":1,""attempts"":[]},{""strain"":0.05,""accepted"":true,""selected_subdivision"":1,""attempts"":[{""strain"":0.05,""subdivision"":1,""substep"":1,""optimizer_method"":""L-BFGS-B"",""selected_success"":true,""selected_message"":""CONVERGENCE: NORM OF PROJECTED GRADIENT <= PGTOL"",""selected_iterations"":746,""primary_success"":true,""primary_message"":""CONVERGENCE: NORM OF PROJECTED GRADIENT <= PGTOL"",""primary_iterations"":746,""fallback_used"":false,""fallback_success"":false,""fallback_message"":""not invoked"",""fallback_iterations"":0,""fallback_normalized_projected_gradient"":NaN,""independent_kkt_confirmed"":false,""projected_gradient_N"":0.005293666330009272,""normalized_projected_gradient"":1.4116443546691393e-05,""accepted"":true}]},{""strain"":0.1,""accepted"":true,""selected_subdivision"":1,""attempts"":[{""strain"":0.1,""subdivision"":1,""substep"":1,""optimizer_method"":""L-BFGS-B"",""selected_success"":true,""selected_message"":""CONVERGENCE: NORM OF PROJECTED GRADIENT <= PGTOL"",""selected_iterations"":762,""primary_success"":true,""primary_message"":""CONVERGENCE: NORM OF PROJECTED GRADIENT <= PGTOL"",""primary_iterations"":762,""fallback_used"":false,""fallback_success"":false,""fallback_message"":""not invoked"",""fallback_iterations"":0,""fallback_normalized_projected_gradient"":NaN,""independent_kkt_confirmed"":false,""projected_gradient_N"":0.003743100188139614,""normalized_projected_gradient"":9.981600501705637e-06,""accepted"":true}]},{""strain"":0.15,""accepted"":true,""selected_subdivision"":1,""attempts"":[{""strain"":0.15,""subdivision"":1,""substep"":1,""optimizer_method"":""L-BFGS-B"",""selected_success"":true,""selected_message"":""CONVERGENCE: NORM OF PROJECTED GRADIENT <= PGTOL"",""selected_iterations"":561,""primary_success"":true,""primary_message"":""CONVERGENCE: NORM OF PROJECTED GRADIENT <= PGTOL"",""primary_iterations"":561,""fallback_used"":false,""fallback_success"":false,""fallback_message"":""not invoked"",""fallback_iterations"":0,""fallback_normalized_projected_gradient"":NaN,""independent_kkt_confirmed"":false,""projected_gradient_N"":0.003967708822392613,""normalized_projected_gradient"":1.0580556859713633e-05,""accepted"":true}]},{""strain"":0.2,""accepted"":true,""selected_subdivision"":1,""attempts"":[{""strain"":0.2,""subdivision"":1,""substep"":1,""optimizer_method"":""L-BFGS-B"",""selected_success"":true,""selected_message"":""CONVERGENCE: NORM OF PROJECTED GRADIENT <= PGTOL"",""selected_iterations"":505,""primary_success"":true,""primary_message"":""CONVERGENCE: NORM OF PROJECTED GRADIENT <= PGTOL"",""primary_iterations"":505,""fallback_used"":false,""fallback_success"":false,""fallback_message"":""not invoked"",""fallback_iterations"":0,""fallback_normalized_projected_gradient"":NaN,""independent_kkt_confirmed"":false,""projected_gradient_N"":0.005160332097333908,""normalized_projected_gradient"":1.3760885592890423e-05,""accepted"":true}]}]",4.0825069380007335
D012,test,0.10748115500219808,0.1,4.767622150986108,0.9371718146868162,9.817513248540502,0.489289140806762,0.5020373406954254,7.73774501913167,2.5121451088077933,0.24752830542328533,0.006832968917277156,0.006357364616278468,0.30309512366464525,0.05957942934063447,0.489289140806762,0.5020373406954254,0.3246611386904691,0.09853264628521265,d06c8aa5a844044b059518a454bb52ff40e1addc084e0ee363b3e8e1614a100f,10.339709914219613,1.0539927863266856,0.9064622673649089,0.9064622673649089,0.3246611386904691,0.09853264628521265,0.031989721141142353,0.2730707215677621,0.13166613492051166,0.328731427490937,1.0,16.0,10.339779480645797,f141ffbd04ef138b9650f2a9878eed8fa60e248adf3e7f5898dbf890fce55fc4,0.12376415271164266,0.0,0.0,0.2,12.253540308961544,3.224732155148432,3.2125180247438694,30.795151423530687,36.33075522013491,36.375138414956616,0.0,0.03300239485206187,0.0008399804260146903,0.0008367988810159085,0.5132525237255114,0.6055125870022485,0.6062523069159436,18.347534768811432,6.596933515207851,0.002545539644331629,0.0016303843475369453,0.004959624213544032,0.0030379237397335085,True,1.378612087298766e-05,0.0008442471132915153,0.004758320720855025,1.2815559854775847e-05,True,1,0,0,"[{""strain"":0.0,""accepted"":true,""selected_subdivision"":1,""attempts"":[]},{""strain"":0.05,""accepted"":true,""selected_subdivision"":1,""attempts"":[{""strain"":0.05,""subdivision"":1,""substep"":1,""optimizer_method"":""L-BFGS-B"",""selected_success"":true,""selected_message"":""CONVERGENCE: NORM OF PROJECTED GRADIENT <= PGTOL"",""selected_iterations"":498,""primary_success"":true,""primary_message"":""CONVERGENCE: NORM OF PROJECTED GRADIENT <= PGTOL"",""primary_iterations"":498,""fallback_used"":false,""fallback_success"":false,""fallback_message"":""not invoked"",""fallback_iterations"":0,""fallback_normalized_projected_gradient"":NaN,""independent_kkt_confirmed"":false,""projected_gradient_N"":0.005118682707076827,""normalized_projected_gradient"":1.378612087298766e-05,""accepted"":true}]},{""strain"":0.1,""accepted"":true,""selected_subdivision"":1,""attempts"":[{""strain"":0.1,""subdivision"":1,""substep"":1,""optimizer_method"":""L-BFGS-B"",""selected_success"":true,""selected_message"":""CONVERGENCE: NORM OF PROJECTED GRADIENT <= PGTOL"",""selected_iterations"":541,""primary_success"":true,""primary_message"":""CONVERGENCE: NORM OF PROJECTED GRADIENT <= PGTOL"",""primary_iterations"":541,""fallback_used"":false,""fallback_success"":false,""fallback_message"":""not invoked"",""fallback_iterations"":0,""fallback_normalized_projected_gradient"":NaN,""independent_kkt_confirmed"":false,""projected_gradient_N"":0.004713182343547451,""normalized_projected_gradient"":1.269398890357928e-05,""accepted"":true}]},{""strain"":0.15,""accepted"":true,""selected_subdivision"":1,""attempts"":[{""strain"":0.15,""subdivision"":1,""substep"":1,""optimizer_method"":""L-BFGS-B"",""selected_success"":true,""selected_message"":""CONVERGENCE: NORM OF PROJECTED GRADIENT <= PGTOL"",""selected_iterations"":431,""primary_success"":true,""primary_message"":""CONVERGENCE: NORM OF PROJECTED GRADIENT <= PGTOL"",""primary_iterations"":431,""fallback_used"":false,""fallback_success"":false,""fallback_message"":""not invoked"",""fallback_iterations"":0,""fallback_normalized_projected_gradient"":NaN,""independent_kkt_confirmed"":false,""projected_gradient_N"":0.0035113574887648547,""normalized_projected_gradient"":9.457120423083908e-06,""accepted"":true}]},{""strain"":0.2,""accepted"":true,""selected_subdivision"":1,""attempts"":[{""strain"":0.2,""subdivision"":1,""substep"":1,""optimizer_method"":""L-BFGS-B"",""selected_success"":true,""selected_message"":""CONVERGENCE: NORM OF PROJECTED GRADIENT <= PGTOL"",""selected_iterations"":450,""primary_success"":true,""primary_message"":""CONVERGENCE: NORM OF PROJECTED GRADIENT <= PGTOL"",""primary_iterations"":450,""fallback_used"":false,""fallback_success"":false,""fallback_message"":""not invoked"",""fallback_iterations"":0,""fallback_normalized_projected_gradient"":NaN,""independent_kkt_confirmed"":false,""projected_gradient_N"":0.004474165953216591,""normalized_projected_gradient"":1.2050247332496787e-05,""accepted"":true}]}]",3.031568297003105
D013,train,0.3879872900298088,4.466559451377959,7.79441049456347,2.692222594170026,9.412597482155505,0.682518425309699,0.6442773341541,7.9,3.88274955055101,0.15,0.015673862018507817,0.1804395101009144,0.31487762034166367,0.10876007165308983,0.682518425309699,0.6442773341541,0.4914872848798747,0.038632417066074516,d06c8aa5a844044b059518a454bb52ff40e1addc084e0ee363b3e8e1614a100f,11.973444609864869,1.4849561214008211,1.1158947288488916,1.1158947288488916,0.4914872848798747,0.038632417066074516,0.018987341772151896,0.13442128197409217,0.05855229188428372,0.13581712601643275,1.0,16.0,11.973507521761388,f141ffbd04ef138b9650f2a9878eed8fa60e248adf3e7f5898dbf890fce55fc4,0.075,0.0,0.0,0.2,3.3125099235350177,1.499919879389052,1.485146626637893,28.114479646064662,33.72651390157199,33.73153210671929,0.0,0.014722266326822301,0.0005567579583213764,0.0005512742480562313,0.4685746607677444,0.5621085650261999,0.5621922017786549,38.180844752285296,3.24739413702411,0.004058945025751257,0.0011764918042153332,0.008662322924378383,0.0010089741635320362,True,1.4894209763981357e-05,0.004794158451390684,0.00993486055494941,4.415493579977515e-05,True,1,0,0,"[{""strain"":0.0,""accepted"":true,""selected_subdivision"":1,""attempts"":[]},{""strain"":0.05,""accepted"":true,""selected_subdivision"":1,""attempts"":[{""strain"":0.05,""subdivision"":1,""substep"":1,""optimizer_method"":""L-BFGS-B"",""selected_success"":true,""selected_message"":""CONVERGENCE: NORM OF PROJECTED GRADIENT <= PGTOL"",""selected_iterations"":1002,""primary_success"":true,""primary_message"":""CONVERGENCE: NORM OF PROJECTED GRADIENT <= PGTOL"",""primary_iterations"":1002,""fallback_used"":false,""fallback_success"":false,""fallback_message"":""not invoked"",""fallback_iterations"":0,""fallback_normalized_projected_gradient"":NaN,""independent_kkt_confirmed"":false,""projected_gradient_N"":0.003051231258881071,""normalized_projected_gradient"":1.3561027817249204e-05,""accepted"":true}]},{""strain"":0.1,""accepted"":true,""selected_subdivision"":1,""attempts"":[{""strain"":0.1,""subdivision"":1,""substep"":1,""optimizer_method"":""L-BFGS-B"",""selected_success"":true,""selected_message"":""CONVERGENCE: NORM OF PROJECTED GRADIENT <= PGTOL"",""selected_iterations"":814,""primary_success"":true,""primary_message"":""CONVERGENCE: NORM OF PROJECTED GRADIENT <= PGTOL"",""primary_iterations"":814,""fallback_used"":false,""fallback_success"":false,""fallback_message"":""not invoked"",""fallback_iterations"":0,""fallback_normalized_projected_gradient"":NaN,""independent_kkt_confirmed"":false,""projected_gradient_N"":0.0033511971968958054,""normalized_projected_gradient"":1.4894209763981357e-05,""accepted"":true}]},{""strain"":0.15,""accepted"":true,""selected_subdivision"":1,""attempts"":[{""strain"":0.15,""subdivision"":1,""substep"":1,""optimizer_method"":""L-BFGS-B"",""selected_success"":true,""selected_message"":""CONVERGENCE: NORM OF PROJECTED GRADIENT <= PGTOL"",""selected_iterations"":793,""primary_success"":true,""primary_message"":""CONVERGENCE: NORM OF PROJECTED GRADIENT <= PGTOL"",""primary_iterations"":793,""fallback_used"":false,""fallback_success"":false,""fallback_message"":""not invoked"",""fallback_iterations"":0,""fallback_normalized_projected_gradient"":NaN,""independent_kkt_confirmed"":false,""projected_gradient_N"":0.002855103438198947,""normalized_projected_gradient"":1.2689348614217543e-05,""accepted"":true}]},{""strain"":0.2,""accepted"":true,""selected_subdivision"":1,""attempts"":[{""strain"":0.2,""subdivision"":1,""substep"":1,""optimizer_method"":""L-BFGS-B"",""selected_success"":true,""selected_message"":""CONVERGENCE: NORM OF PROJECTED GRADIENT <= PGTOL"",""selected_iterations"":948,""primary_success"":true,""primary_message"":""CONVERGENCE: NORM OF PROJECTED GRADIENT <= PGTOL"",""primary_iterations"":948,""fallback_used"":false,""fallback_success"":false,""fallback_message"":""not invoked"",""fallback_iterations"":0,""fallback_normalized_projected_gradient"":NaN,""independent_kkt_confirmed"":false,""projected_gradient_N"":0.001957942112408073,""normalized_projected_gradient"":8.701964944035881e-06,""accepted"":true}]}]",5.890189008998277
D014,train,0.10064147361815257,10.0,7.034673166734111,9.888797118018996,7.034531507223571,0.07250756834812719,0.21706215382132046,7.9,2.321744565896214,0.15,0.0029549466440378733,0.2936112258500251,0.206545901193908,0.29034618440037524,0.07250756834812719,0.21706215382132046,0.2938917172020524,0.06460659032148898,d06c8aa5a844044b059518a454bb52ff40e1addc084e0ee363b3e8e1614a100f,9.378286744453543,0.9359037624191131,1.0804681890894698,0.9359037624191131,0.2938917172020524,0.06460659032148898,0.018987341772151896,0.16027288918283836,0.07669609235650136,0.20590927299947934,1.0,16.0,9.378305111499378,f141ffbd04ef138b9650f2a9878eed8fa60e248adf3e7f5898dbf890fce55fc4,0.075,0.0,0.0,0.2,2.7352629472750043,0.6763267040458556,0.6736780431704439,21.705835980056467,25.635125259133396,25.63529751333475,0.0,0.01215672421011113,0.0003205165873397672,0.00031926136595086016,0.3617639330009411,0.4272520876522233,0.42725495855557916,35.145330293572364,3.871925881175403,0.0015504953288415885,0.0008825129782908171,0.004285931203754231,0.00107311896543267,True,1.4612858063418363e-05,0.003907378724573976,0.0030563514342526465,1.3583784152233984e-05,True,1,0,0,"[{""strain"":0.0,""accepted"":true,""selected_subdivision"":1,""attempts"":[]},{""strain"":0.05,""accepted"":true,""selected_subdivision"":1,""attempts"":[{""strain"":0.05,""subdivision"":1,""substep"":1,""optimizer_method"":""L-BFGS-B"",""selected_success"":true,""selected_message"":""CONVERGENCE: NORM OF PROJECTED GRADIENT <= PGTOL"",""selected_iterations"":502,""primary_success"":true,""primary_message"":""CONVERGENCE: NORM OF PROJECTED GRADIENT <= PGTOL"",""primary_iterations"":502,""fallback_used"":false,""fallback_success"":false,""fallback_message"":""not invoked"",""fallback_iterations"":0,""fallback_normalized_projected_gradient"":NaN,""independent_kkt_confirmed"":false,""projected_gradient_N"":0.0032878930642691317,""normalized_projected_gradient"":1.4612858063418363e-05,""accepted"":true}]},{""strain"":0.1,""accepted"":true,""selected_subdivision"":1,""attempts"":[{""strain"":0.1,""subdivision"":1,""substep"":1,""optimizer_method"":""L-BFGS-B"",""selected_success"":true,""selected_message"":""CONVERGENCE: NORM OF PROJECTED GRADIENT <= PGTOL"",""selected_iterations"":561,""primary_success"":true,""primary_message"":""CONVERGENCE: NORM OF PROJECTED GRADIENT <= PGTOL"",""primary_iterations"":561,""fallback_used"":false,""fallback_success"":false,""fallback_message"":""not invoked"",""fallback_iterations"":0,""fallback_normalized_projected_gradient"":NaN,""independent_kkt_confirmed"":false,""projected_gradient_N"":0.002076397048152656,""normalized_projected_gradient"":9.228431325122917e-06,""accepted"":true}]},{""strain"":0.15,""accepted"":true,""selected_subdivision"":1,""attempts"":[{""strain"":0.15,""subdivision"":1,""substep"":1,""optimizer_method"":""L-BFGS-B"",""selected_success"":true,""selected_message"":""CONVERGENCE: NORM OF PROJECTED GRADIENT <= PGTOL"",""selected_iterations"":676,""primary_success"":true,""primary_message"":""CONVERGENCE: NORM OF PROJECTED GRADIENT <= PGTOL"",""primary_iterations"":676,""fallback_used"":false,""fallback_success"":false,""fallback_message"":""not invoked"",""fallback_iterations"":0,""fallback_normalized_projected_gradient"":NaN,""independent_kkt_confirmed"":false,""projected_gradient_N"":0.002964797830148691,""normalized_projected_gradient"":1.3176879245105294e-05,""accepted"":true}]},{""strain"":0.2,""accepted"":true,""selected_subdivision"":1,""attempts"":[{""strain"":0.2,""subdivision"":1,""substep"":1,""optimizer_method"":""L-BFGS-B"",""selected_success"":true,""selected_message"":""CONVERGENCE: NORM OF PROJECTED GRADIENT <= PGTOL"",""selected_iterations"":627,""primary_success"":true,""primary_message"":""CONVERGENCE: NORM OF PROJECTED GRADIENT <= PGTOL"",""primary_iterations"":627,""fallback_used"":false,""fallback_success"":false,""fallback_message"":""not invoked"",""fallback_iterations"":0,""fallback_normalized_projected_gradient"":NaN,""independent_kkt_confirmed"":false,""projected_gradient_N"":0.0017029314389862826,""normalized_projected_gradient"":7.568584173272368e-06,""accepted"":true}]}]",4.372930890000134
D015,train,9.43382736487971,0.10559588798682557,5.173994118046316,0.10010549666620903,0.10615202713658714,0.0,0.04171446713347611,7.637656582662695,3.7752784945524853,0.15,0.6323078372318317,0.007077626605940739,0.3467900041091965,0.006709629892918449,0.0,0.04171446713347611,0.4942980158498198,0.039732168160955955,d06c8aa5a844044b059518a454bb52ff40e1addc084e0ee363b3e8e1614a100f,12.340931115600057,1.0104017784185877,1.0709106097016323,1.0104017784185877,0.4942980158498198,0.039732168160955955,0.019639531887371914,0.14845579570808934,0.06419926649501859,0.1436636028169305,1.0,16.0,12.341024102675231,f141ffbd04ef138b9650f2a9878eed8fa60e248adf3e7f5898dbf890fce55fc4,0.075,0.0,0.0,0.2,3.664020887618711,1.5405138055792547,1.530809273501184,27.81499987573254,33.31455259442466,33.36670855103872,0.0,0.01628453727830538,0.0005547983341501519,0.0005513033585055839,0.46358333126220896,0.555242543240411,0.5561118091839786,34.096304595655745,3.586444597981258,0.003837460203529114,0.001189221702610699,0.008277821795448885,0.0014179549376484382,True,1.4970341344851967e-05,0.0007874393420612786,0.0018367967529702156,8.16354112431207e-06,True,1,0,0,"[{""strain"":0.0,""accepted"":true,""selected_subdivision"":1,""attempts"":[]},{""strain"":0.05,""accepted"":true,""selected_subdivision"":1,""attempts"":[{""strain"":0.05,""subdivision"":1,""substep"":1,""optimizer_method"":""L-BFGS-B"",""selected_success"":true,""selected_message"":""CONVERGENCE: NORM OF PROJECTED GRADIENT <= PGTOL"",""selected_iterations"":985,""primary_success"":true,""primary_message"":""CONVERGENCE: NORM OF PROJECTED GRADIENT <= PGTOL"",""primary_iterations"":985,""fallback_used"":false,""fallback_success"":false,""fallback_message"":""not invoked"",""fallback_iterations"":0,""fallback_normalized_projected_gradient"":NaN,""independent_kkt_confirmed"":false,""projected_gradient_N"":0.003085067455595003,""normalized_projected_gradient"":1.3711410913755568e-05,""accepted"":true}]},{""strain"":0.1,""accepted"":true,""selected_subdivision"":1,""attempts"":[{""strain"":0.1,""subdivision"":1,""substep"":1,""optimizer_method"":""L-BFGS-B"",""selected_success"":true,""selected_message"":""CONVERGENCE: NORM OF PROJECTED GRADIENT <= PGTOL"",""selected_iterations"":1072,""primary_success"":true,""primary_message"":""CONVERGENCE: NORM OF PROJECTED GRADIENT <= PGTOL"",""primary_iterations"":1072,""fallback_used"":false,""fallback_success"":false,""fallback_message"":""not invoked"",""fallback_iterations"":0,""fallback_normalized_projected_gradient"":NaN,""independent_kkt_confirmed"":false,""projected_gradient_N"":0.0031994771155823276,""normalized_projected_gradient"":1.4219898291477012e-05,""accepted"":true}]},{""strain"":0.15,""accepted"":true,""selected_subdivision"":1,""attempts"":[{""strain"":0.15,""subdivision"":1,""substep"":1,""optimizer_method"":""L-BFGS-B"",""selected_success"":true,""selected_message"":""CONVERGENCE: NORM OF PROJECTED GRADIENT <= PGTOL"",""selected_iterations"":660,""primary_success"":true,""primary_message"":""CONVERGENCE: NORM OF PROJECTED GRADIENT <= PGTOL"",""primary_iterations"":660,""fallback_used"":false,""fallback_success"":false,""fallback_message"":""not invoked"",""fallback_iterations"":0,""fallback_normalized_projected_gradient"":NaN,""independent_kkt_confirmed"":false,""projected_gradient_N"":0.0030678743720946033,""normalized_projected_gradient"":1.3634997209309349e-05,""accepted"":true}]},{""strain"":0.2,""accepted"":true,""selected_subdivision"":1,""attempts"":[{""strain"":0.2,""subdivision"":1,""substep"":1,""optimizer_method"":""L-BFGS-B"",""selected_success"":true,""selected_message"":""CONVERGENCE: NORM OF PROJECTED GRADIENT <= PGTOL"",""selected_iterations"":660,""primary_success"":true,""primary_message"":""CONVERGENCE: NORM OF PROJECTED GRADIENT <= PGTOL"",""primary_iterations"":660,""fallback_used"":false,""fallback_success"":false,""fallback_message"":""not invoked"",""fallback_iterations"":0,""fallback_normalized_projected_gradient"":NaN,""independent_kkt_confirmed"":false,""projected_gradient_N"":0.0033683268025916924,""normalized_projected_gradient"":1.4970341344851967e-05,""accepted"":true}]}]",5.5631648620037595
D016,test,0.1,0.1,10.0,1.1749764835148737,9.641228269420028,0.04462201990158052,0.032753981238994215,7.9,2.328434304018882,0.15389175971973376,0.004758233048049985,0.004758233048049985,0.47582330480499846,0.055908119345420296,0.04462201990158052,0.032753981238994215,0.294738519496061,0.06609237780688777,d06c8aa5a844044b059518a454bb52ff40e1addc084e0ee363b3e8e1614a100f,10.183473208770517,1.1498551885135184,0.9060697257471388,0.9060697257471388,0.294738519496061,0.06609237780688777,0.019479969584776425,0.16984538313851694,0.08519619730384567,0.21738095291762127,1.0,16.0,10.18354122843394,f141ffbd04ef138b9650f2a9878eed8fa60e248adf3e7f5898dbf890fce55fc4,0.07694587985986688,0.0,0.0,0.2,2.971680892851224,0.7460188784334219,0.7424301845950738,22.21385636186725,26.392993029106883,26.409004783109104,0.0,0.012873467681714393,0.0003173564049204172,0.0003158297746864883,0.37023093936445417,0.43988321715178136,0.4401500797184851,34.169753482707385,4.103181380988006,0.0014528861450256647,0.0008530615383702076,0.0039242699368121905,0.0011119433848364646,True,1.4729656676726201e-05,0.004387903141233248,0.008132847736217919,3.523189611117747e-05,True,1,0,0,"[{""strain"":0.0,""accepted"":true,""selected_subdivision"":1,""attempts"":[]},{""strain"":0.05,""accepted"":true,""selected_subdivision"":1,""attempts"":[{""strain"":0.05,""subdivision"":1,""substep"":1,""optimizer_method"":""L-BFGS-B"",""selected_success"":true,""selected_message"":""CONVERGENCE: NORM OF PROJECTED GRADIENT <= PGTOL"",""selected_iterations"":629,""primary_success"":true,""primary_message"":""CONVERGENCE: NORM OF PROJECTED GRADIENT <= PGTOL"",""primary_iterations"":629,""fallback_used"":false,""fallback_success"":false,""fallback_message"":""not invoked"",""fallback_iterations"":0,""fallback_normalized_projected_gradient"":NaN,""independent_kkt_confirmed"":false,""projected_gradient_N"":0.002894554657003487,""normalized_projected_gradient"":1.2539353037377365e-05,""accepted"":true}]},{""strain"":0.1,""accepted"":true,""selected_subdivision"":1,""attempts"":[{""strain"":0.1,""subdivision"":1,""substep"":1,""optimizer_method"":""L-BFGS-B"",""selected_success"":true,""selected_message"":""CONVERGENCE: NORM OF PROJECTED GRADIENT <= PGTOL"",""selected_iterations"":569,""primary_success"":true,""primary_message"":""CONVERGENCE: NORM OF PROJECTED GRADIENT <= PGTOL"",""primary_iterations"":569,""fallback_used"":false,""fallback_success"":false,""fallback_message"":""not invoked"",""fallback_iterations"":0,""fallback_normalized_projected_gradient"":NaN,""independent_kkt_confirmed"":false,""projected_gradient_N"":0.002776671305294909,""normalized_projected_gradient"":1.2028676563976986e-05,""accepted"":true}]},{""strain"":0.15,""accepted"":true,""selected_subdivision"":1,""attempts"":[{""strain"":0.15,""subdivision"":1,""substep"":1,""optimizer_method"":""L-BFGS-B"",""selected_success"":true,""selected_message"":""CONVERGENCE: NORM OF PROJECTED GRADIENT <= PGTOL"",""selected_iterations"":527,""primary_success"":true,""primary_message"":""CONVERGENCE: NORM OF PROJECTED GRADIENT <= PGTOL"",""primary_iterations"":527,""fallback_used"":false,""fallback_success"":false,""fallback_message"":""not invoked"",""fallback_iterations"":0,""fallback_normalized_projected_gradient"":NaN,""independent_kkt_confirmed"":false,""projected_gradient_N"":0.003400159179073381,""normalized_projected_gradient"":1.4729656676726201e-05,""accepted"":true}]},{""strain"":0.2,""accepted"":true,""selected_subdivision"":1,""attempts"":[{""strain"":0.2,""subdivision"":1,""substep"":1,""optimizer_method"":""L-BFGS-B"",""selected_success"":true,""selected_message"":""CONVERGENCE: NORM OF PROJECTED GRADIENT <= PGTOL"",""selected_iterations"":511,""primary_success"":true,""primary_message"":""CONVERGENCE: NORM OF PROJECTED GRADIENT <= PGTOL"",""primary_iterations"":511,""fallback_used"":false,""fallback_success"":false,""fallback_message"":""not invoked"",""fallback_iterations"":0,""fallback_normalized_projected_gradient"":NaN,""independent_kkt_confirmed"":false,""projected_gradient_N"":0.002607386615759766,""normalized_projected_gradient"":1.1295326968809393e-05,""accepted"":true}]}]",5.7696275869966485
D017,train,9.129491835741012,6.482197581873014,9.81009963377587,0.10063132231600413,0.1010516830490019,0.029834269045312473,0.026982063711843016,7.9,2.4489984285186015,0.15,0.35629409689364405,0.25297889245904,0.38285598501432266,0.003927310166752969,0.029834269045312473,0.026982063711843016,0.309999801078304,0.0612495288903615,d06c8aa5a844044b059518a454bb52ff40e1addc084e0ee363b3e8e1614a100f,10.099369038739834,0.9368919562136068,2.785954438089497,0.9368919562136068,0.309999801078304,0.0612495288903615,0.018987341772151896,0.1601038401548628,0.07830146781173644,0.20080052559245942,1.0,16.0,10.099416300119165,f141ffbd04ef138b9650f2a9878eed8fa60e248adf3e7f5898dbf890fce55fc4,0.075,0.0,0.0,0.2,3.096883309076759,0.8245901627214073,0.8212466312838942,23.344210973952663,28.344437969159518,28.3534194731275,0.0,0.013763925818118928,0.00036287862673329804,0.0003614072338507052,0.389070182899211,0.47240729948599197,0.47255699121879163,34.322133505261384,3.867841938407893,0.0017998321109189215,0.000928899848242362,0.004625983151695718,0.001165992623152006,True,1.4423538741399313e-05,0.0009657816758285398,0.002676679674198823,1.1896354107550324e-05,True,1,0,0,"[{""strain"":0.0,""accepted"":true,""selected_subdivision"":1,""attempts"":[]},{""strain"":0.05,""accepted"":true,""selected_subdivision"":1,""attempts"":[{""strain"":0.05,""subdivision"":1,""substep"":1,""optimizer_method"":""L-BFGS-B"",""selected_success"":true,""selected_message"":""CONVERGENCE: NORM OF PROJECTED GRADIENT <= PGTOL"",""selected_iterations"":745,""primary_success"":true,""primary_message"":""CONVERGENCE: NORM OF PROJECTED GRADIENT <= PGTOL"",""primary_iterations"":745,""fallback_used"":false,""fallback_success"":false,""fallback_message"":""not invoked"",""fallback_iterations"":0,""fallback_normalized_projected_gradient"":NaN,""independent_kkt_confirmed"":false,""projected_gradient_N"":0.003184560823958932,""normalized_projected_gradient"":1.4153603662039697e-05,""accepted"":true}]},{""strain"":0.1,""accepted"":true,""selected_subdivision"":1,""attempts"":[{""strain"":0.1,""subdivision"":1,""substep"":1,""optimizer_method"":""L-BFGS-B"",""selected_success"":true,""selected_message"":""CONVERGENCE: NORM OF PROJECTED GRADIENT <= PGTOL"",""selected_iterations"":732,""primary_success"":true,""primary_message"":""CONVERGENCE: NORM OF PROJECTED GRADIENT <= PGTOL"",""primary_iterations"":732,""fallback_used"":false,""fallback_success"":false,""fallback_message"":""not invoked"",""fallback_iterations"":0,""fallback_normalized_projected_gradient"":NaN,""independent_kkt_confirmed"":false,""projected_gradient_N"":0.0032452962168148455,""normalized_projected_gradient"":1.4423538741399313e-05,""accepted"":true}]},{""strain"":0.15,""accepted"":true,""selected_subdivision"":1,""attempts"":[{""strain"":0.15,""subdivision"":1,""substep"":1,""optimizer_method"":""L-BFGS-B"",""selected_success"":true,""selected_message"":""CONVERGENCE: NORM OF PROJECTED GRADIENT <= PGTOL"",""selected_iterations"":791,""primary_success"":true,""primary_message"":""CONVERGENCE: NORM OF PROJECTED GRADIENT <= PGTOL"",""primary_iterations"":791,""fallback_used"":false,""fallback_success"":false,""fallback_message"":""not invoked"",""fallback_iterations"":0,""fallback_normalized_projected_gradient"":NaN,""independent_kkt_confirmed"":false,""projected_gradient_N"":0.003066629557982925,""normalized_projected_gradient"":1.3629464702146334e-05,""accepted"":true}]},{""strain"":0.2,""accepted"":true,""selected_subdivision"":1,""attempts"":[{""strain"":0.2,""subdivision"":1,""substep"":1,""optimizer_method"":""L-BFGS-B"",""selected_success"":true,""selected_message"":""CONVERGENCE: NORM OF PROJECTED GRADIENT <= PGTOL"",""selected_iterations"":720,""primary_success"":true,""primary_message"":""CONVERGENCE: NORM OF PROJECTED GRADIENT <= PGTOL"",""primary_iterations"":720,""fallback_used"":false,""fallback_success"":false,""fallback_message"":""not invoked"",""fallback_iterations"":0,""fallback_normalized_projected_gradient"":NaN,""independent_kkt_confirmed"":false,""projected_gradient_N"":0.0022800237178072225,""normalized_projected_gradient"":1.0133438745809878e-05,""accepted"":true}]}]",4.642601913998078
D018,train,2.697649645193721,0.1033440582822358,9.128753729433546,4.934659849377289,9.980094937319265,0.9578987523150955,1.0,7.9,3.9436810309064474,0.25,0.10049169931053796,0.0038497289849821763,0.3400604583670135,0.1838238537264896,0.9578987523150955,1.0,0.49920013049448697,0.06339255077699273,d06c8aa5a844044b059518a454bb52ff40e1addc084e0ee363b3e8e1614a100f,12.328663849079595,1.1985882542775073,1.3400808663399708,1.1985882542775073,0.49920013049448697,0.06339255077699273,0.03164556962025316,0.20857871675932332,0.09892980367914592,0.22571490523313137,1.0,16.0,12.328741298017308,f141ffbd04ef138b9650f2a9878eed8fa60e248adf3e7f5898dbf890fce55fc4,0.125,0.0,0.0,0.2,13.028362827729413,6.240427843748505,6.165825811590981,37.46391000561108,45.229701058363496,45.30585954889986,0.0,0.0347423008739451,0.0013497927366966887,0.0013336564582763053,0.624398500093518,0.7538283509727249,0.755097659148331,21.697709478362633,5.038914165710652,0.0059085883446590645,0.0021359059287883613,0.009462848395334258,0.001990301050889881,True,1.4987131019229475e-05,0.0014372112904219771,0.008154058677344977,2.174415647291994e-05,True,1,0,0,"[{""strain"":0.0,""accepted"":true,""selected_subdivision"":1,""attempts"":[]},{""strain"":0.05,""accepted"":true,""selected_subdivision"":1,""attempts"":[{""strain"":0.05,""subdivision"":1,""substep"":1,""optimizer_method"":""L-BFGS-B"",""selected_success"":true,""selected_message"":""CONVERGENCE: NORM OF PROJECTED GRADIENT <= PGTOL"",""selected_iterations"":653,""primary_success"":true,""primary_message"":""CONVERGENCE: NORM OF PROJECTED GRADIENT <= PGTOL"",""primary_iterations"":653,""fallback_used"":false,""fallback_success"":false,""fallback_message"":""not invoked"",""fallback_iterations"":0,""fallback_normalized_projected_gradient"":NaN,""independent_kkt_confirmed"":false,""projected_gradient_N"":0.0047363718101069985,""normalized_projected_gradient"":1.2630324826951996e-05,""accepted"":true}]},{""strain"":0.1,""accepted"":true,""selected_subdivision"":1,""attempts"":[{""strain"":0.1,""subdivision"":1,""substep"":1,""optimizer_method"":""L-BFGS-B"",""selected_success"":true,""selected_message"":""CONVERGENCE: NORM OF PROJECTED GRADIENT <= PGTOL"",""selected_iterations"":745,""primary_success"":true,""primary_message"":""CONVERGENCE: NORM OF PROJECTED GRADIENT <= PGTOL"",""primary_iterations"":745,""fallback_used"":false,""fallback_success"":false,""fallback_message"":""not invoked"",""fallback_iterations"":0,""fallback_normalized_projected_gradient"":NaN,""independent_kkt_confirmed"":false,""projected_gradient_N"":0.005406242696283314,""normalized_projected_gradient"":1.4416647190088839e-05,""accepted"":true}]},{""strain"":0.15,""accepted"":true,""selected_subdivision"":1,""attempts"":[{""strain"":0.15,""subdivision"":1,""substep"":1,""optimizer_method"":""L-BFGS-B"",""selected_success"":true,""selected_message"":""CONVERGENCE: NORM OF PROJECTED GRADIENT <= PGTOL"",""selected_iterations"":715,""primary_success"":true,""primary_message"":""CONVERGENCE: NORM OF PROJECTED GRADIENT <= PGTOL"",""primary_iterations"":715,""fallback_used"":false,""fallback_success"":false,""fallback_message"":""not invoked"",""fallback_iterations"":0,""fallback_normalized_projected_gradient"":NaN,""independent_kkt_confirmed"":false,""projected_gradient_N"":0.00435928664685159,""normalized_projected_gradient"":1.162476439160424e-05,""accepted"":true}]},{""strain"":0.2,""accepted"":true,""selected_subdivision"":1,""attempts"":[{""strain"":0.2,""subdivision"":1,""substep"":1,""optimizer_method"":""L-BFGS-B"",""selected_success"":true,""selected_message"":""CONVERGENCE: NORM OF PROJECTED GRADIENT <= PGTOL"",""selected_iterations"":599,""primary_success"":true,""primary_message"":""CONVERGENCE: NORM OF PROJECTED GRADIENT <= PGTOL"",""primary_iterations"":599,""fallback_used"":false,""fallback_success"":false,""fallback_message"":""not invoked"",""fallback_iterations"":0,""fallback_normalized_projected_gradient"":NaN,""independent_kkt_confirmed"":false,""projected_gradient_N"":0.005620174132211053,""normalized_projected_gradient"":1.4987131019229475e-05,""accepted"":true}]}]",4.26094068200473
D019,train,0.1,7.282067016225084,8.624210422758395,0.1,9.75785068546977,0.0006150252006420464,0.0,7.9,3.985719848001371,0.1917196655168828,0.0038663588240368703,0.28155084065409697,0.33344292068382664,0.0038663588240368703,0.0006150252006420464,0.0,0.504521499747009,0.04810164106567102,d06c8aa5a844044b059518a454bb52ff40e1addc084e0ee363b3e8e1614a100f,12.320025858746986,1.0227253812168708,1.713814714676587,1.0227253812168708,0.504521499747009,0.04810164106567102,0.02426831209074466,0.1874595752075388,0.07501436225028264,0.17121764438162468,1.0,16.0,12.32009175795792,f141ffbd04ef138b9650f2a9878eed8fa60e248adf3e7f5898dbf890fce55fc4,0.0958598327584414,0.0,0.0,0.2,6.925079540512843,3.385607132467599,3.346415133306042,33.943182157679615,41.48066280552393,41.591364515957174,0.0,0.024080574526501464,0.0009555799303914982,0.0009445180775641125,0.5657197026279935,0.6913443800920654,0.6931894085992862,28.709629802695044,4.528710904388792,0.005516476301115842,0.0016695866754798346,0.009751253625231028,0.00138746513918509,True,1.4237360997375699e-05,0.0004706711610201485,0.00267137601042311,9.289174042113307e-06,True,1,0,0,"[{""strain"":0.0,""accepted"":true,""selected_subdivision"":1,""attempts"":[]},{""strain"":0.05,""accepted"":true,""selected_subdivision"":1,""attempts"":[{""strain"":0.05,""subdivision"":1,""substep"":1,""optimizer_method"":""L-BFGS-B"",""selected_success"":true,""selected_message"":""CONVERGENCE: NORM OF PROJECTED GRADIENT <= PGTOL"",""selected_iterations"":1084,""primary_success"":true,""primary_message"":""CONVERGENCE: NORM OF PROJECTED GRADIENT <= PGTOL"",""primary_iterations"":1084,""fallback_used"":false,""fallback_success"":false,""fallback_message"":""not invoked"",""fallback_iterations"":0,""fallback_normalized_projected_gradient"":NaN,""independent_kkt_confirmed"":false,""projected_gradient_N"":0.0035399599284016148,""normalized_projected_gradient"":1.230950032819277e-05,""accepted"":true}]},{""strain"":0.1,""accepted"":true,""selected_subdivision"":1,""attempts"":[{""strain"":0.1,""subdivision"":1,""substep"":1,""optimizer_method"":""L-BFGS-B"",""selected_success"":true,""selected_message"":""CONVERGENCE: NORM OF PROJECTED GRADIENT <= PGTOL"",""selected_iterations"":801,""primary_success"":true,""primary_message"":""CONVERGENCE: NORM OF PROJECTED GRADIENT <= PGTOL"",""primary_iterations"":801,""fallback_used"":false,""fallback_success"":false,""fallback_message"":""not invoked"",""fallback_iterations"":0,""fallback_normalized_projected_gradient"":NaN,""independent_kkt_confirmed"":false,""projected_gradient_N"":0.004094373132389972,""normalized_projected_gradient"":1.4237360997375699e-05,""accepted"":true}]},{""strain"":0.15,""accepted"":true,""selected_subdivision"":1,""attempts"":[{""strain"":0.15,""subdivision"":1,""substep"":1,""optimizer_method"":""L-BFGS-B"",""selected_success"":true,""selected_message"":""CONVERGENCE: NORM OF PROJECTED GRADIENT <= PGTOL"",""selected_iterations"":922,""primary_success"":true,""primary_message"":""CONVERGENCE: NORM OF PROJECTED GRADIENT <= PGTOL"",""primary_iterations"":922,""fallback_used"":false,""fallback_success"":false,""fallback_message"":""not invoked"",""fallback_iterations"":0,""fallback_normalized_projected_gradient"":NaN,""independent_kkt_confirmed"":false,""projected_gradient_N"":0.003887558117253942,""normalized_projected_gradient"":1.3518203281417696e-05,""accepted"":true}]},{""strain"":0.2,""accepted"":true,""selected_subdivision"":1,""attempts"":[{""strain"":0.2,""subdivision"":1,""substep"":1,""optimizer_method"":""L-BFGS-B"",""selected_success"":true,""selected_message"":""CONVERGENCE: NORM OF PROJECTED GRADIENT <= PGTOL"",""selected_iterations"":841,""primary_success"":true,""primary_message"":""CONVERGENCE: NORM OF PROJECTED GRADIENT <= PGTOL"",""primary_iterations"":841,""fallback_used"":false,""fallback_success"":false,""fallback_message"":""not invoked"",""fallback_iterations"":0,""fallback_normalized_projected_gradient"":NaN,""independent_kkt_confirmed"":false,""projected_gradient_N"":0.003068550290962868,""normalized_projected_gradient"":1.0670267906320239e-05,""accepted"":true}]}]",6.055867066999781
D020,test,9.79950634014364,0.10322564925283662,9.916407083719665,0.1,0.1,0.0904491072133062,0.2527712082739443,7.9,4.0,0.2457124076381794,0.48950688160728517,0.005156348076499411,0.4953463307039255,0.00499521980614495,0.0904491072133062,0.2527712082739443,0.5063291139240506,0.06142810190954485,d06c8aa5a844044b059518a454bb52ff40e1addc084e0ee363b3e8e1614a100f,12.876409115826618,1.0523701052429542,1.7260327137262361,1.0523701052429542,0.5063291139240506,0.06142810190954485,0.031102836409896126,0.23348478488131635,0.10012321156911262,0.22297941538820235,1.0,16.0,12.876511119731813,f141ffbd04ef138b9650f2a9878eed8fa60e248adf3e7f5898dbf890fce55fc4,0.1228562038190897,0.0,0.0,0.2,13.179374035616146,6.613964151996074,6.528771150599931,38.098799674370994,46.14103721432144,46.14248458019757,0.0,0.03575826488182684,0.0013936339686385568,0.0013756828794116661,0.6349799945728499,0.7690172869053574,0.7690414096699595,21.50600118453145,5.6406032614244666,0.006169551018943305,0.0021664979860303883,0.009716134479313089,0.0018156207883370848,True,1.4467993538909285e-05,0.0006922663386110352,0.006306069106333467,1.7109620597912956e-05,True,1,0,0,"[{""strain"":0.0,""accepted"":true,""selected_subdivision"":1,""attempts"":[]},{""strain"":0.05,""accepted"":true,""selected_subdivision"":1,""attempts"":[{""strain"":0.05,""subdivision"":1,""substep"":1,""optimizer_method"":""L-BFGS-B"",""selected_success"":true,""selected_message"":""CONVERGENCE: NORM OF PROJECTED GRADIENT <= PGTOL"",""selected_iterations"":831,""primary_success"":true,""primary_message"":""CONVERGENCE: NORM OF PROJECTED GRADIENT <= PGTOL"",""primary_iterations"":831,""fallback_used"":false,""fallback_success"":false,""fallback_message"":""not invoked"",""fallback_iterations"":0,""fallback_normalized_projected_gradient"":NaN,""independent_kkt_confirmed"":false,""projected_gradient_N"":0.00483568379723609,""normalized_projected_gradient"":1.3120172599930494e-05,""accepted"":true}]},{""strain"":0.1,""accepted"":true,""selected_subdivision"":1,""attempts"":[{""strain"":0.1,""subdivision"":1,""substep"":1,""optimizer_method"":""L-BFGS-B"",""selected_success"":true,""selected_message"":""CONVERGENCE: NORM OF PROJECTED GRADIENT <= PGTOL"",""selected_iterations"":677,""primary_success"":true,""primary_message"":""CONVERGENCE: NORM OF PROJECTED GRADIENT <= PGTOL"",""primary_iterations"":677,""fallback_used"":false,""fallback_success"":false,""fallback_message"":""not invoked"",""fallback_iterations"":0,""fallback_normalized_projected_gradient"":NaN,""independent_kkt_confirmed"":false,""projected_gradient_N"":0.004781541385968868,""normalized_projected_gradient"":1.2973273462065361e-05,""accepted"":true}]},{""strain"":0.15,""accepted"":true,""selected_subdivision"":1,""attempts"":[{""strain"":0.15,""subdivision"":1,""substep"":1,""optimizer_method"":""L-BFGS-B"",""selected_success"":true,""selected_message"":""CONVERGENCE: NORM OF PROJECTED GRADIENT <= PGTOL"",""selected_iterations"":669,""primary_success"":true,""primary_message"":""CONVERGENCE: NORM OF PROJECTED GRADIENT <= PGTOL"",""primary_iterations"":669,""fallback_used"":false,""fallback_success"":false,""fallback_message"":""not invoked"",""fallback_iterations"":0,""fallback_normalized_projected_gradient"":NaN,""independent_kkt_confirmed"":false,""projected_gradient_N"":0.005332448289208536,""normalized_projected_gradient"":1.4467993538909285e-05,""accepted"":true}]},{""strain"":0.2,""accepted"":true,""selected_subdivision"":1,""attempts"":[{""strain"":0.2,""subdivision"":1,""substep"":1,""optimizer_method"":""L-BFGS-B"",""selected_success"":true,""selected_message"":""CONVERGENCE: NORM OF PROJECTED GRADIENT <= PGTOL"",""selected_iterations"":708,""primary_success"":true,""primary_message"":""CONVERGENCE: NORM OF PROJECTED GRADIENT <= PGTOL"",""primary_iterations"":708,""fallback_used"":false,""fallback_success"":false,""fallback_message"":""not invoked"",""fallback_iterations"":0,""fallback_normalized_projected_gradient"":NaN,""independent_kkt_confirmed"":false,""projected_gradient_N"":0.005001293381967642,""normalized_projected_gradient"":1.3569504364989799e-05,""accepted"":true}]}]",4.669005941999785
D021,train,1.1665804872812702,0.10563857802487393,8.877102189144424,0.1024226233212541,9.956279973836056,0.22504568510242795,0.07056409252420025,7.888999833942273,3.9932691995032394,0.15,0.05772857830373403,0.005227556083692402,0.4392860110583305,0.005068413619924776,0.22504568510242795,0.07056409252420025,0.5061819347900445,0.03756320761411725,d06c8aa5a844044b059518a454bb52ff40e1addc084e0ee363b3e8e1614a100f,12.863284491716275,1.6390923770000423,1.0101070830844256,1.0101070830844256,0.5061819347900445,0.03756320761411725,0.019013817107034002,0.148499107185711,0.0612480968605036,0.1363745120887381,1.0,16.0,12.863384975387774,f141ffbd04ef138b9650f2a9878eed8fa60e248adf3e7f5898dbf890fce55fc4,0.075,0.0,0.0,0.2,3.4579197526307346,1.6634896373011425,1.6490022190449711,28.933647202170185,35.60617311255492,35.85555486498501,0.0,0.015368532233914376,0.0005747589024914369,0.0005697532971482255,0.48222745336950307,0.593436218542582,0.5975925810830834,38.61372117455834,3.587490931094801,0.004177857639391519,0.0011815032370453957,0.008663666098226615,0.0009381938596882988,True,1.3895021835423226e-05,0.002324766699331618,0.003081449091594468,1.3695329295975414e-05,True,1,0,0,"[{""strain"":0.0,""accepted"":true,""selected_subdivision"":1,""attempts"":[]},{""strain"":0.05,""accepted"":true,""selected_subdivision"":1,""attempts"":[{""strain"":0.05,""subdivision"":1,""substep"":1,""optimizer_method"":""L-BFGS-B"",""selected_success"":true,""selected_message"":""CONVERGENCE: NORM OF PROJECTED GRADIENT <= PGTOL"",""selected_iterations"":1079,""primary_success"":true,""primary_message"":""CONVERGENCE: NORM OF PROJECTED GRADIENT <= PGTOL"",""primary_iterations"":1079,""fallback_used"":false,""fallback_success"":false,""fallback_message"":""not invoked"",""fallback_iterations"":0,""fallback_normalized_projected_gradient"":NaN,""independent_kkt_confirmed"":false,""projected_gradient_N"":0.0031263799129702258,""normalized_projected_gradient"":1.3895021835423226e-05,""accepted"":true}]},{""strain"":0.1,""accepted"":true,""selected_subdivision"":1,""attempts"":[{""strain"":0.1,""subdivision"":1,""substep"":1,""optimizer_method"":""L-BFGS-B"",""selected_success"":true,""selected_message"":""CONVERGENCE: NORM OF PROJECTED GRADIENT <= PGTOL"",""selected_iterations"":944,""primary_success"":true,""primary_message"":""CONVERGENCE: NORM OF PROJECTED GRADIENT <= PGTOL"",""primary_iterations"":944,""fallback_used"":false,""fallback_success"":false,""fallback_message"":""not invoked"",""fallback_iterations"":0,""fallback_normalized_projected_gradient"":NaN,""independent_kkt_confirmed"":false,""projected_gradient_N"":0.0022243381353495018,""normalized_projected_gradient"":9.885947268220008e-06,""accepted"":true}]},{""strain"":0.15,""accepted"":true,""selected_subdivision"":1,""attempts"":[{""strain"":0.15,""subdivision"":1,""substep"":1,""optimizer_method"":""L-BFGS-B"",""selected_success"":true,""selected_message"":""CONVERGENCE: NORM OF PROJECTED GRADIENT <= PGTOL"",""selected_iterations"":1170,""primary_success"":true,""primary_message"":""CONVERGENCE: NORM OF PROJECTED GRADIENT <= PGTOL"",""primary_iterations"":1170,""fallback_used"":false,""fallback_success"":false,""fallback_message"":""not invoked"",""fallback_iterations"":0,""fallback_normalized_projected_gradient"":NaN,""independent_kkt_confirmed"":false,""projected_gradient_N"":0.00298124413072505,""normalized_projected_gradient"":1.3249973914333555e-05,""accepted"":true}]},{""strain"":0.2,""accepted"":true,""selected_subdivision"":1,""attempts"":[{""strain"":0.2,""subdivision"":1,""substep"":1,""optimizer_method"":""L-BFGS-B"",""selected_success"":true,""selected_message"":""CONVERGENCE: NORM OF PROJECTED GRADIENT <= PGTOL"",""selected_iterations"":976,""primary_success"":true,""primary_message"":""CONVERGENCE: NORM OF PROJECTED GRADIENT <= PGTOL"",""primary_iterations"":976,""fallback_used"":false,""fallback_success"":false,""fallback_message"":""not invoked"",""fallback_iterations"":0,""fallback_normalized_projected_gradient"":NaN,""independent_kkt_confirmed"":false,""projected_gradient_N"":0.002515332523580105,""normalized_projected_gradient"":1.1179255660356022e-05,""accepted"":true}]}]",6.770072570005141
D022,train,0.10650395637098312,0.1,5.579498218408838,10.0,8.945755941943109,0.009793759138683623,0.21954124153741536,7.858881432453969,2.297708700366132,0.19388863009318627,0.004306364143961448,0.004043384199701629,0.2256005493857768,0.40433841997016284,0.009793759138683623,0.21954124153741536,0.29237095890994536,0.08438346865392066,d06c8aa5a844044b059518a454bb52ff40e1addc084e0ee363b3e8e1614a100f,9.729434679627488,1.0816911823877868,0.9158168436381274,0.9158168436381274,0.29237095890994536,0.08438346865392066,0.0246712756464941,0.21171114228796464,0.10446823168985679,0.2732351689976981,1.0,16.0,9.729475099592964,f141ffbd04ef138b9650f2a9878eed8fa60e248adf3e7f5898dbf890fce55fc4,0.09694431504659314,0.0,0.0,0.2,6.482509016711825,1.5566734746379116,1.5528217359606336,26.88161004307795,32.629681505167234,32.64614551869807,0.0,0.022289459034966683,0.0005501312521336905,0.0005487700406426836,0.4480268340512991,0.5438280250861206,0.5441024253116346,24.398439829023577,5.114588345773413,0.002008416568978742,0.0012248597604755285,0.004482804190136473,0.0021353403954615957,True,1.4970671937740114e-05,0.0009185356099112763,0.004580545133271663,1.5749746408785197e-05,True,1,0,0,"[{""strain"":0.0,""accepted"":true,""selected_subdivision"":1,""attempts"":[]},{""strain"":0.05,""accepted"":true,""selected_subdivision"":1,""attempts"":[{""strain"":0.05,""subdivision"":1,""substep"":1,""optimizer_method"":""L-BFGS-B"",""selected_success"":true,""selected_message"":""CONVERGENCE: NORM OF PROJECTED GRADIENT <= PGTOL"",""selected_iterations"":463,""primary_success"":true,""primary_message"":""CONVERGENCE: NORM OF PROJECTED GRADIENT <= PGTOL"",""primary_iterations"":463,""fallback_used"":false,""fallback_success"":false,""fallback_message"":""not invoked"",""fallback_iterations"":0,""fallback_normalized_projected_gradient"":NaN,""independent_kkt_confirmed"":false,""projected_gradient_N"":0.004353964610374406,""normalized_projected_gradient"":1.4970671937740114e-05,""accepted"":true}]},{""strain"":0.1,""accepted"":true,""selected_subdivision"":1,""attempts"":[{""strain"":0.1,""subdivision"":1,""substep"":1,""optimizer_method"":""L-BFGS-B"",""selected_success"":true,""selected_message"":""CONVERGENCE: NORM OF PROJECTED GRADIENT <= PGTOL"",""selected_iterations"":540,""primary_success"":true,""primary_message"":""CONVERGENCE: NORM OF PROJECTED GRADIENT <= PGTOL"",""primary_iterations"":540,""fallback_used"":false,""fallback_success"":false,""fallback_message"":""not invoked"",""fallback_iterations"":0,""fallback_normalized_projected_gradient"":NaN,""independent_kkt_confirmed"":false,""projected_gradient_N"":0.004047090263056163,""normalized_projected_gradient"":1.3915515180410739e-05,""accepted"":true}]},{""strain"":0.15,""accepted"":true,""selected_subdivision"":1,""attempts"":[{""strain"":0.15,""subdivision"":1,""substep"":1,""optimizer_method"":""L-BFGS-B"",""selected_success"":true,""selected_message"":""CONVERGENCE: NORM OF PROJECTED GRADIENT <= PGTOL"",""selected_iterations"":492,""primary_success"":true,""primary_message"":""CONVERGENCE: NORM OF PROJECTED GRADIENT <= PGTOL"",""primary_iterations"":492,""fallback_used"":false,""fallback_success"":false,""fallback_message"":""not invoked"",""fallback_iterations"":0,""fallback_normalized_projected_gradient"":NaN,""independent_kkt_confirmed"":false,""projected_gradient_N"":0.0032467897059806905,""normalized_projected_gradient"":1.1163761741023621e-05,""accepted"":true}]},{""strain"":0.2,""accepted"":true,""selected_subdivision"":1,""attempts"":[{""strain"":0.2,""subdivision"":1,""substep"":1,""optimizer_method"":""L-BFGS-B"",""selected_success"":true,""selected_message"":""CONVERGENCE: NORM OF PROJECTED GRADIENT <= PGTOL"",""selected_iterations"":514,""primary_success"":true,""primary_message"":""CONVERGENCE: NORM OF PROJECTED GRADIENT <= PGTOL"",""primary_iterations"":514,""fallback_used"":false,""fallback_success"":false,""fallback_message"":""not invoked"",""fallback_iterations"":0,""fallback_normalized_projected_gradient"":NaN,""independent_kkt_confirmed"":false,""projected_gradient_N"":0.003454142720540787,""normalized_projected_gradient"":1.187672434730758e-05,""accepted"":true}]}]",3.573343241994735
D023,train,6.016844175739362,0.10302619685828861,10.0,0.1,0.1,0.003564961603461203,0.0,6.495178189637285,3.8833026629297573,0.15,0.3686821058237152,0.006312929852143784,0.6127499650236675,0.006127499650236676,0.003564961603461203,0.0,0.5978746925104168,0.03862691451580869,d06c8aa5a844044b059518a454bb52ff40e1addc084e0ee363b3e8e1614a100f,11.594495481314985,0.943836259928668,0.940233769807041,0.940233769807041,0.5978746925104168,0.03862691451580869,0.02309405463876528,0.15953479317253588,0.06895262496804483,0.1462064539996622,1.0,16.0,11.594583194165647,f141ffbd04ef138b9650f2a9878eed8fa60e248adf3e7f5898dbf890fce55fc4,0.075,0.0,0.0,0.2,4.610267345777346,2.2342651771660202,2.2054868898647646,33.311998992468155,40.98231926405852,40.9853680400914,0.0,0.02049007709234376,0.000856446705255431,0.0008454153068368612,0.5551999832078026,0.6830386544009753,0.6830894673348566,33.33509441290471,3.8540947117265123,0.005782339176619484,0.0015227221405020028,0.01041487635358095,0.0010938340142960651,True,1.4851436228963245e-05,0.002803692520849754,0.006998364711390259,3.1103843161734486e-05,True,1,0,0,"[{""strain"":0.0,""accepted"":true,""selected_subdivision"":1,""attempts"":[]},{""strain"":0.05,""accepted"":true,""selected_subdivision"":1,""attempts"":[{""strain"":0.05,""subdivision"":1,""substep"":1,""optimizer_method"":""L-BFGS-B"",""selected_success"":true,""selected_message"":""CONVERGENCE: NORM OF PROJECTED GRADIENT <= PGTOL"",""selected_iterations"":1091,""primary_success"":true,""primary_message"":""CONVERGENCE: NORM OF PROJECTED GRADIENT <= PGTOL"",""primary_iterations"":1091,""fallback_used"":false,""fallback_success"":false,""fallback_message"":""not invoked"",""fallback_iterations"":0,""fallback_normalized_projected_gradient"":NaN,""independent_kkt_confirmed"":false,""projected_gradient_N"":0.0027347522895169174,""normalized_projected_gradient"":1.2154454620075188e-05,""accepted"":true}]},{""strain"":0.1,""accepted"":true,""selected_subdivision"":1,""attempts"":[{""strain"":0.1,""subdivision"":1,""substep"":1,""optimizer_method"":""L-BFGS-B"",""selected_success"":true,""selected_message"":""CONVERGENCE: NORM OF PROJECTED GRADIENT <= PGTOL"",""selected_iterations"":786,""primary_success"":true,""primary_message"":""CONVERGENCE: NORM OF PROJECTED GRADIENT <= PGTOL"",""primary_iterations"":786,""fallback_used"":false,""fallback_success"":false,""fallback_message"":""not invoked"",""fallback_iterations"":0,""fallback_normalized_projected_gradient"":NaN,""independent_kkt_confirmed"":false,""projected_gradient_N"":0.002990599524247184,""normalized_projected_gradient"":1.3291553441098595e-05,""accepted"":true}]},{""strain"":0.15,""accepted"":true,""selected_subdivision"":1,""attempts"":[{""strain"":0.15,""subdivision"":1,""substep"":1,""optimizer_method"":""L-BFGS-B"",""selected_success"":true,""selected_message"":""CONVERGENCE: NORM OF PROJECTED GRADIENT <= PGTOL"",""selected_iterations"":864,""primary_success"":true,""primary_message"":""CONVERGENCE: NORM OF PROJECTED GRADIENT <= PGTOL"",""primary_iterations"":864,""fallback_used"":false,""fallback_success"":false,""fallback_message"":""not invoked"",""fallback_iterations"":0,""fallback_normalized_projected_gradient"":NaN,""independent_kkt_confirmed"":false,""projected_gradient_N"":0.003225352749337329,""normalized_projected_gradient"":1.4334901108165907e-05,""accepted"":true}]},{""strain"":0.2,""accepted"":true,""selected_subdivision"":1,""attempts"":[{""strain"":0.2,""subdivision"":1,""substep"":1,""optimizer_method"":""L-BFGS-B"",""selected_success"":true,""selected_message"":""CONVERGENCE: NORM OF PROJECTED GRADIENT <= PGTOL"",""selected_iterations"":657,""primary_success"":true,""primary_message"":""CONVERGENCE: NORM OF PROJECTED GRADIENT <= PGTOL"",""primary_iterations"":657,""fallback_used"":false,""fallback_success"":false,""fallback_message"":""not invoked"",""fallback_iterations"":0,""fallback_normalized_projected_gradient"":NaN,""independent_kkt_confirmed"":false,""projected_gradient_N"":0.00334157315151673,""normalized_projected_gradient"":1.4851436228963245e-05,""accepted"":true}]}]",5.283656933002931
D024,test,1.7077440481106312,8.686909501211597,7.962472263623619,5.573273138157174,6.289068977271248,0.7872045303718666,0.8022366920171035,7.9,2.6934086114956237,0.15,0.056511387035612294,0.28746070320632977,0.26348816870290875,0.18442658061905204,0.7872045303718666,0.8022366920171035,0.3409377989234967,0.05569151273957888,d06c8aa5a844044b059518a454bb52ff40e1addc084e0ee363b3e8e1614a100f,9.975135027184798,1.3531461484964606,1.589099076887855,1.3531461484964606,0.3409377989234967,0.05569151273957888,0.018987341772151896,0.11085277090480691,0.07032029866398502,0.1817033241431428,1.0,16.0,9.975164265764796,f141ffbd04ef138b9650f2a9878eed8fa60e248adf3e7f5898dbf890fce55fc4,0.075,0.0,0.0,0.2,3.0211995953553936,0.888235537438244,0.8848291502884115,23.975068329339233,28.898058336793085,28.89935580605008,0.0,0.013427553757135082,0.00039575539468558556,0.00039423767102546054,0.3995844721556539,0.48163430561321807,0.4816559301008347,35.86910276618993,2.67801819044196,0.0021696778134608413,0.0009866190968298924,0.005429835152892693,0.0011033442207192233,True,1.4669395075626529e-05,0.007208394743626391,0.008776674112581873,3.900744050036388e-05,True,1,0,0,"[{""strain"":0.0,""accepted"":true,""selected_subdivision"":1,""attempts"":[]},{""strain"":0.05,""accepted"":true,""selected_subdivision"":1,""attempts"":[{""strain"":0.05,""subdivision"":1,""substep"":1,""optimizer_method"":""L-BFGS-B"",""selected_success"":true,""selected_message"":""CONVERGENCE: NORM OF PROJECTED GRADIENT <= PGTOL"",""selected_iterations"":599,""primary_success"":true,""primary_message"":""CONVERGENCE: NORM OF PROJECTED GRADIENT <= PGTOL"",""primary_iterations"":599,""fallback_used"":false,""fallback_success"":false,""fallback_message"":""not invoked"",""fallback_iterations"":0,""fallback_normalized_projected_gradient"":NaN,""independent_kkt_confirmed"":false,""projected_gradient_N"":0.003300613892015969,""normalized_projected_gradient"":1.4669395075626529e-05,""accepted"":true}]},{""strain"":0.1,""accepted"":true,""selected_subdivision"":1,""attempts"":[{""strain"":0.1,""subdivision"":1,""substep"":1,""optimizer_method"":""L-BFGS-B"",""selected_success"":true,""selected_message"":""CONVERGENCE: NORM OF PROJECTED GRADIENT <= PGTOL"",""selected_iterations"":630,""primary_success"":true,""primary_message"":""CONVERGENCE: NORM OF PROJECTED GRADIENT <= PGTOL"",""primary_iterations"":630,""fallback_used"":false,""fallback_success"":false,""fallback_message"":""not invoked"",""fallback_iterations"":0,""fallback_normalized_projected_gradient"":NaN,""independent_kkt_confirmed"":false,""projected_gradient_N"":0.0019996743942790607,""normalized_projected_gradient"":8.88744175235138e-06,""accepted"":true}]},{""strain"":0.15,""accepted"":true,""selected_subdivision"":1,""attempts"":[{""strain"":0.15,""subdivision"":1,""substep"":1,""optimizer_method"":""L-BFGS-B"",""selected_success"":true,""selected_message"":""CONVERGENCE: NORM OF PROJECTED GRADIENT <= PGTOL"",""selected_iterations"":717,""primary_success"":true,""primary_message"":""CONVERGENCE: NORM OF PROJECTED GRADIENT <= PGTOL"",""primary_iterations"":717,""fallback_used"":false,""fallback_success"":false,""fallback_message"":""not invoked"",""fallback_iterations"":0,""fallback_normalized_projected_gradient"":NaN,""independent_kkt_confirmed"":false,""projected_gradient_N"":0.0032870067006480763,""normalized_projected_gradient"":1.4608918669547006e-05,""accepted"":true}]},{""strain"":0.2,""accepted"":true,""selected_subdivision"":1,""attempts"":[{""strain"":0.2,""subdivision"":1,""substep"":1,""optimizer_method"":""L-BFGS-B"",""selected_success"":true,""selected_message"":""CONVERGENCE: NORM OF PROJECTED GRADIENT <= PGTOL"",""selected_iterations"":703,""primary_success"":true,""primary_message"":""CONVERGENCE: NORM OF PROJECTED GRADIENT <= PGTOL"",""primary_iterations"":703,""fallback_used"":false,""fallback_success"":false,""fallback_message"":""not invoked"",""fallback_iterations"":0,""fallback_normalized_projected_gradient"":NaN,""independent_kkt_confirmed"":false,""projected_gradient_N"":0.0028777108189075307,""normalized_projected_gradient"":1.2789825861811247e-05,""accepted"":true}]}]",5.003732632998435
D025,train,0.1,3.057345169743353,3.6686097543489193,2.0852344571915404,8.09069491669518,0.1969603759343993,0.0,7.9,2.2732754450816235,0.15,0.005881701007216417,0.17982390164287726,0.2157766568723801,0.12264725607145861,0.1969603759343993,0.0,0.28775638545337007,0.06598408491348225,d06c8aa5a844044b059518a454bb52ff40e1addc084e0ee363b3e8e1614a100f,9.666946117858048,1.1793221023360945,0.9460994160425867,0.9460994160425867,0.28775638545337007,0.06598408491348225,0.018987341772151896,0.15854570614516483,0.08074235360693709,0.2127105234339016,1.0,16.0,9.666983592644117,f141ffbd04ef138b9650f2a9878eed8fa60e248adf3e7f5898dbf890fce55fc4,0.075,0.0,0.0,0.2,2.6691598998933106,0.6457131823638959,0.6424296676885793,21.15567598406956,25.73181155478135,25.73658954161613,0.0,0.011862932888414713,0.0002968710419064219,0.0002953614236279044,0.3525945997344927,0.42886352591302246,0.4289431590269355,36.15155964777046,3.8302000176236066,0.0013885604664015884,0.0008376799413556378,0.003938121762066658,0.0010472233545879561,True,1.4249061178581219e-05,0.004171628400482457,0.006096869333958033,2.709719703981348e-05,True,1,0,0,"[{""strain"":0.0,""accepted"":true,""selected_subdivision"":1,""attempts"":[]},{""strain"":0.05,""accepted"":true,""selected_subdivision"":1,""attempts"":[{""strain"":0.05,""subdivision"":1,""substep"":1,""optimizer_method"":""L-BFGS-B"",""selected_success"":true,""selected_message"":""CONVERGENCE: NORM OF PROJECTED GRADIENT <= PGTOL"",""selected_iterations"":802,""primary_success"":true,""primary_message"":""CONVERGENCE: NORM OF PROJECTED GRADIENT <= PGTOL"",""primary_iterations"":802,""fallback_used"":false,""fallback_success"":false,""fallback_message"":""not invoked"",""fallback_iterations"":0,""fallback_normalized_projected_gradient"":NaN,""independent_kkt_confirmed"":false,""projected_gradient_N"":0.0028990409122798266,""normalized_projected_gradient"":1.288462627679923e-05,""accepted"":true}]},{""strain"":0.1,""accepted"":true,""selected_subdivision"":1,""attempts"":[{""strain"":0.1,""subdivision"":1,""substep"":1,""optimizer_method"":""L-BFGS-B"",""selected_success"":true,""selected_message"":""CONVERGENCE: NORM OF PROJECTED GRADIENT <= PGTOL"",""selected_iterations"":655,""primary_success"":true,""primary_message"":""CONVERGENCE: NORM OF PROJECTED GRADIENT <= PGTOL"",""primary_iterations"":655,""fallback_used"":false,""fallback_success"":false,""fallback_message"":""not invoked"",""fallback_iterations"":0,""fallback_normalized_projected_gradient"":NaN,""independent_kkt_confirmed"":false,""projected_gradient_N"":0.0030514491013601264,""normalized_projected_gradient"":1.3561996006045005e-05,""accepted"":true}]},{""strain"":0.15,""accepted"":true,""selected_subdivision"":1,""attempts"":[{""strain"":0.15,""subdivision"":1,""substep"":1,""optimizer_method"":""L-BFGS-B"",""selected_success"":true,""selected_message"":""CONVERGENCE: NORM OF PROJECTED GRADIENT <= PGTOL"",""selected_iterations"":692,""primary_success"":true,""primary_message"":""CONVERGENCE: NORM OF PROJECTED GRADIENT <= PGTOL"",""primary_iterations"":692,""fallback_used"":false,""fallback_success"":false,""fallback_message"":""not invoked"",""fallback_iterations"":0,""fallback_normalized_projected_gradient"":NaN,""independent_kkt_confirmed"":false,""projected_gradient_N"":0.0032060387651807742,""normalized_projected_gradient"":1.4249061178581219e-05,""accepted"":true}]},{""strain"":0.2,""accepted"":true,""selected_subdivision"":1,""attempts"":[{""strain"":0.2,""subdivision"":1,""substep"":1,""optimizer_method"":""L-BFGS-B"",""selected_success"":true,""selected_message"":""CONVERGENCE: NORM OF PROJECTED GRADIENT <= PGTOL"",""selected_iterations"":706,""primary_success"":true,""primary_message"":""CONVERGENCE: NORM OF PROJECTED GRADIENT <= PGTOL"",""primary_iterations"":706,""fallback_used"":false,""fallback_success"":false,""fallback_message"":""not invoked"",""fallback_iterations"":0,""fallback_normalized_projected_gradient"":NaN,""independent_kkt_confirmed"":false,""projected_gradient_N"":0.0031851526516335493,""normalized_projected_gradient"":1.4156234007260219e-05,""accepted"":true}]}]",6.469707608004683
D026,train,0.2889242006308545,0.10297431329482598,9.53075724125378,3.9911848197794444,5.506557500645446,0.020648734380797965,0.02487563416027695,7.9,3.9510172913532147,0.23927699786792248,0.014877357276924063,0.00530237912188736,0.4907601380852327,0.20551508801424198,0.020648734380797965,0.02487563416027695,0.500128771057369,0.060560858184948774,d06c8aa5a844044b059518a454bb52ff40e1addc084e0ee363b3e8e1614a100f,12.381101245043237,1.333915482652026,0.9067439762550498,0.9067439762550498,0.500128771057369,0.060560858184948774,0.030288227578218033,0.26388595252230096,0.09491267299677926,0.21603438936667682,1.0,16.0,12.381173597984155,f141ffbd04ef138b9650f2a9878eed8fa60e248adf3e7f5898dbf890fce55fc4,0.11963849893396124,0.0,0.0,0.2,12.33321526283361,5.818749802241745,5.758162716615568,37.099217824634465,45.156235148043365,45.48750000998523,0.0,0.034362448466919694,0.0013094176735209354,0.0012957835075226864,0.6183202970772411,0.7526039191340561,0.7581250001664206,21.90192936509104,6.375044803017921,0.00599804277143739,0.002095650933096922,0.009700543229439078,0.002217325637520174,True,1.4770503836860256e-05,0.00171436150509256,0.01423071027353906,3.9649194309919174e-05,True,1,0,0,"[{""strain"":0.0,""accepted"":true,""selected_subdivision"":1,""attempts"":[]},{""strain"":0.05,""accepted"":true,""selected_subdivision"":1,""attempts"":[{""strain"":0.05,""subdivision"":1,""substep"":1,""optimizer_method"":""L-BFGS-B"",""selected_success"":true,""selected_message"":""CONVERGENCE: NORM OF PROJECTED GRADIENT <= PGTOL"",""selected_iterations"":585,""primary_success"":true,""primary_message"":""CONVERGENCE: NORM OF PROJECTED GRADIENT <= PGTOL"",""primary_iterations"":585,""fallback_used"":false,""fallback_success"":false,""fallback_message"":""not invoked"",""fallback_iterations"":0,""fallback_normalized_projected_gradient"":NaN,""independent_kkt_confirmed"":false,""projected_gradient_N"":0.005301362722620828,""normalized_projected_gradient"":1.4770503836860256e-05,""accepted"":true}]},{""strain"":0.1,""accepted"":true,""selected_subdivision"":1,""attempts"":[{""strain"":0.1,""subdivision"":1,""substep"":1,""optimizer_method"":""L-BFGS-B"",""selected_success"":true,""selected_message"":""CONVERGENCE: NORM OF PROJECTED GRADIENT <= PGTOL"",""selected_iterations"":517,""primary_success"":true,""primary_message"":""CONVERGENCE: NORM OF PROJECTED GRADIENT <= PGTOL"",""primary_iterations"":517,""fallback_used"":false,""fallback_success"":false,""fallback_message"":""not invoked"",""fallback_iterations"":0,""fallback_normalized_projected_gradient"":NaN,""independent_kkt_confirmed"":false,""projected_gradient_N"":0.004492210732071733,""normalized_projected_gradient"":1.2516067910412266e-05,""accepted"":true}]},{""strain"":0.15,""accepted"":true,""selected_subdivision"":1,""attempts"":[{""strain"":0.15,""subdivision"":1,""substep"":1,""optimizer_method"":""L-BFGS-B"",""selected_success"":true,""selected_message"":""CONVERGENCE: NORM OF PROJECTED GRADIENT <= PGTOL"",""selected_iterations"":622,""primary_success"":true,""primary_message"":""CONVERGENCE: NORM OF PROJECTED GRADIENT <= PGTOL"",""primary_iterations"":622,""fallback_used"":false,""fallback_success"":false,""fallback_message"":""not invoked"",""fallback_iterations"":0,""fallback_normalized_projected_gradient"":NaN,""independent_kkt_confirmed"":false,""projected_gradient_N"":0.004975313438253526,""normalized_projected_gradient"":1.3862074729528406e-05,""accepted"":true}]},{""strain"":0.2,""accepted"":true,""selected_subdivision"":1,""attempts"":[{""strain"":0.2,""subdivision"":1,""substep"":1,""optimizer_method"":""L-BFGS-B"",""selected_success"":true,""selected_message"":""CONVERGENCE: NORM OF PROJECTED GRADIENT <= PGTOL"",""selected_iterations"":490,""primary_success"":true,""primary_message"":""CONVERGENCE: NORM OF PROJECTED GRADIENT <= PGTOL"",""primary_iterations"":490,""fallback_used"":false,""fallback_success"":false,""fallback_message"":""not invoked"",""fallback_iterations"":0,""fallback_normalized_projected_gradient"":NaN,""independent_kkt_confirmed"":false,""projected_gradient_N"":0.0043742547738825355,""normalized_projected_gradient"":1.2187422423549079e-05,""accepted"":true}]}]",4.035701872999198
D027,train,6.134083721143505,3.7082603963942145,5.025693498328904,3.4852859505171323,0.1,0.0,0.0,7.9,3.0623170455838746,0.15,0.33241078221366616,0.20095352379500442,0.27234625135410084,0.18887036462451914,0.0,0.0,0.38763506906124995,0.04898251806301798,d06c8aa5a844044b059518a454bb52ff40e1addc084e0ee363b3e8e1614a100f,10.568031718272326,1.4128352786583156,1.438436048742232,1.4128352786583156,0.38763506906124995,0.04898251806301798,0.018987341772151896,0.10616948929987503,0.06552516513048369,0.16349020125651964,1.0,16.0,10.568071916392597,f141ffbd04ef138b9650f2a9878eed8fa60e248adf3e7f5898dbf890fce55fc4,0.075,0.0,0.0,0.2,3.1111166269880206,1.0588355950872448,1.0512975890191625,25.397076295450226,30.330098704693622,30.336740128757235,0.0,0.013827185008835646,0.0004452991913365362,0.0004421290410110455,0.4232846049241704,0.505501645078227,0.5056123354792873,36.558536300426205,2.5648779123361476,0.002704315228760013,0.0010445195404407655,0.006388881611332119,0.0010933058220937441,True,1.4216219530464652e-05,0.0018238433420254185,0.00568455708799398,2.5264698168862134e-05,True,1,0,0,"[{""strain"":0.0,""accepted"":true,""selected_subdivision"":1,""attempts"":[]},{""strain"":0.05,""accepted"":true,""selected_subdivision"":1,""attempts"":[{""strain"":0.05,""subdivision"":1,""substep"":1,""optimizer_method"":""L-BFGS-B"",""selected_success"":true,""selected_message"":""CONVERGENCE: NORM OF PROJECTED GRADIENT <= PGTOL"",""selected_iterations"":815,""primary_success"":true,""primary_message"":""CONVERGENCE: NORM OF PROJECTED GRADIENT <= PGTOL"",""primary_iterations"":815,""fallback_used"":false,""fallback_success"":false,""fallback_message"":""not invoked"",""fallback_iterations"":0,""fallback_normalized_projected_gradient"":NaN,""independent_kkt_confirmed"":false,""projected_gradient_N"":0.003198649394354547,""normalized_projected_gradient"":1.4216219530464652e-05,""accepted"":true}]},{""strain"":0.1,""accepted"":true,""selected_subdivision"":1,""attempts"":[{""strain"":0.1,""subdivision"":1,""substep"":1,""optimizer_method"":""L-BFGS-B"",""selected_success"":true,""selected_message"":""CONVERGENCE: NORM OF PROJECTED GRADIENT <= PGTOL"",""selected_iterations"":789,""primary_success"":true,""primary_message"":""CONVERGENCE: NORM OF PROJECTED GRADIENT <= PGTOL"",""primary_iterations"":789,""fallback_used"":false,""fallback_success"":false,""fallback_message"":""not invoked"",""fallback_iterations"":0,""fallback_normalized_projected_gradient"":NaN,""independent_kkt_confirmed"":false,""projected_gradient_N"":0.002605521314206327,""normalized_projected_gradient"":1.1580094729805898e-05,""accepted"":true}]},{""strain"":0.15,""accepted"":true,""selected_subdivision"":1,""attempts"":[{""strain"":0.15,""subdivision"":1,""substep"":1,""optimizer_method"":""L-BFGS-B"",""selected_success"":true,""selected_message"":""CONVERGENCE: NORM OF PROJECTED GRADIENT <= PGTOL"",""selected_iterations"":788,""primary_success"":true,""primary_message"":""CONVERGENCE: NORM OF PROJECTED GRADIENT <= PGTOL"",""primary_iterations"":788,""fallback_used"":false,""fallback_success"":false,""fallback_message"":""not invoked"",""fallback_iterations"":0,""fallback_normalized_projected_gradient"":NaN,""independent_kkt_confirmed"":false,""projected_gradient_N"":0.002839584902563086,""normalized_projected_gradient"":1.2620377344724826e-05,""accepted"":true}]},{""strain"":0.2,""accepted"":true,""selected_subdivision"":1,""attempts"":[{""strain"":0.2,""subdivision"":1,""substep"":1,""optimizer_method"":""L-BFGS-B"",""selected_success"":true,""selected_message"":""CONVERGENCE: NORM OF PROJECTED GRADIENT <= PGTOL"",""selected_iterations"":754,""primary_success"":true,""primary_message"":""CONVERGENCE: NORM OF PROJECTED GRADIENT <= PGTOL"",""primary_iterations"":754,""fallback_used"":false,""fallback_success"":false,""fallback_message"":""not invoked"",""fallback_iterations"":0,""fallback_normalized_projected_gradient"":NaN,""independent_kkt_confirmed"":false,""projected_gradient_N"":0.0028358086393327486,""normalized_projected_gradient"":1.2603593952589993e-05,""accepted"":true}]}]",5.240320901000814
D028,test,7.835482387570096,1.0228640071807436,8.851456748960214,2.3645405015164846,10.0,0.03880163709899424,0.0,7.9,2.2473732506021,0.15,0.2605371036522521,0.03401118306178099,0.29431919956014874,0.07862317892652367,0.03880163709899424,0.0,0.2844776266584937,0.06674458724638334,d06c8aa5a844044b059518a454bb52ff40e1addc084e0ee363b3e8e1614a100f,9.9924768757295,1.0843848206303648,0.9241731482234162,0.9241731482234162,0.2844776266584937,0.06674458724638334,0.018987341772151896,0.16230724760652526,0.0844232588151387,0.21791243330790536,1.0,16.0,9.992535339994108,f141ffbd04ef138b9650f2a9878eed8fa60e248adf3e7f5898dbf890fce55fc4,0.075,0.0,0.0,0.2,2.82272950908437,0.643876830413372,0.6426690831117342,20.486488116820897,24.493232110929487,24.52612509022385,0.0,0.012545464484819422,0.00028638292962056944,0.00028584574891434293,0.34144146861368163,0.4082205351821581,0.4087687515037308,32.539292241919256,3.921072590094306,0.0013117459365452973,0.0008371734987988774,0.0038417885849403102,0.0013178486417199022,True,1.420712961268031e-05,0.005281472798541742,0.00426207091243036,1.8942537388579378e-05,True,1,0,0,"[{""strain"":0.0,""accepted"":true,""selected_subdivision"":1,""attempts"":[]},{""strain"":0.05,""accepted"":true,""selected_subdivision"":1,""attempts"":[{""strain"":0.05,""subdivision"":1,""substep"":1,""optimizer_method"":""L-BFGS-B"",""selected_success"":true,""selected_message"":""CONVERGENCE: NORM OF PROJECTED GRADIENT <= PGTOL"",""selected_iterations"":793,""primary_success"":true,""primary_message"":""CONVERGENCE: NORM OF PROJECTED GRADIENT <= PGTOL"",""primary_iterations"":793,""fallback_used"":false,""fallback_success"":false,""fallback_message"":""not invoked"",""fallback_iterations"":0,""fallback_normalized_projected_gradient"":NaN,""independent_kkt_confirmed"":false,""projected_gradient_N"":0.0028121445822336024,""normalized_projected_gradient"":1.2498420365482677e-05,""accepted"":true}]},{""strain"":0.1,""accepted"":true,""selected_subdivision"":1,""attempts"":[{""strain"":0.1,""subdivision"":1,""substep"":1,""optimizer_method"":""L-BFGS-B"",""selected_success"":true,""selected_message"":""CONVERGENCE: NORM OF PROJECTED GRADIENT <= PGTOL"",""selected_iterations"":765,""primary_success"":true,""primary_message"":""CONVERGENCE: NORM OF PROJECTED GRADIENT <= PGTOL"",""primary_iterations"":765,""fallback_used"":false,""fallback_success"":false,""fallback_message"":""not invoked"",""fallback_iterations"":0,""fallback_normalized_projected_gradient"":NaN,""independent_kkt_confirmed"":false,""projected_gradient_N"":0.0026192584288228238,""normalized_projected_gradient"":1.1641148572545884e-05,""accepted"":true}]},{""strain"":0.15,""accepted"":true,""selected_subdivision"":1,""attempts"":[{""strain"":0.15,""subdivision"":1,""substep"":1,""optimizer_method"":""L-BFGS-B"",""selected_success"":true,""selected_message"":""CONVERGENCE: NORM OF PROJECTED GRADIENT <= PGTOL"",""selected_iterations"":639,""primary_success"":true,""primary_message"":""CONVERGENCE: NORM OF PROJECTED GRADIENT <= PGTOL"",""primary_iterations"":639,""fallback_used"":false,""fallback_success"":false,""fallback_message"":""not invoked"",""fallback_iterations"":0,""fallback_normalized_projected_gradient"":NaN,""independent_kkt_confirmed"":false,""projected_gradient_N"":0.00319660416285307,""normalized_projected_gradient"":1.420712961268031e-05,""accepted"":true}]},{""strain"":0.2,""accepted"":true,""selected_subdivision"":1,""attempts"":[{""strain"":0.2,""subdivision"":1,""substep"":1,""optimizer_method"":""L-BFGS-B"",""selected_success"":true,""selected_message"":""CONVERGENCE: NORM OF PROJECTED GRADIENT <= PGTOL"",""selected_iterations"":555,""primary_success"":true,""primary_message"":""CONVERGENCE: NORM OF PROJECTED GRADIENT <= PGTOL"",""primary_iterations"":555,""fallback_used"":false,""fallback_success"":false,""fallback_message"":""not invoked"",""fallback_iterations"":0,""fallback_normalized_projected_gradient"":NaN,""independent_kkt_confirmed"":false,""projected_gradient_N"":0.0031047666664338128,""normalized_projected_gradient"":1.3798962961928056e-05,""accepted"":true}]}]",10.923918232998403
D029,train,0.1,0.1,8.046503125414295,1.5937911155217175,10.0,0.7513384165688883,0.7033518654465928,7.9,3.95707938477383,0.2129728066638594,0.005040247830280277,0.005040247830280277,0.4055636991921287,0.08033102211928318,0.7513384165688883,0.7033518654465928,0.5008961246549152,0.053820706120615784,d06c8aa5a844044b059518a454bb52ff40e1addc084e0ee363b3e8e1614a100f,12.649012033014342,1.9852423566147335,0.9247442126371584,0.9247442126371584,0.5008961246549152,0.053820706120615784,0.026958583122007516,0.23030455746947556,0.08617452649936679,0.19381593874059835,1.0,16.0,12.64910076971459,f141ffbd04ef138b9650f2a9878eed8fa60e248adf3e7f5898dbf890fce55fc4,0.1064864033319297,0.0,0.0,0.2,9.14739670001029,4.484795053665472,4.433389429477964,35.70377552354468,43.764975063457754,43.99293682856137,0.0,0.028634005261989053,0.0011098660896702842,0.0010971445810123981,0.5950629253924113,0.7294162510576292,0.7332156138093562,25.47377652493176,5.5637742675334145,0.0056607551893903185,0.0018437454833686562,0.009512868215840133,0.001528717248124545,True,1.43779171502737e-05,0.0017042283504386288,0.013578598826994082,4.25049533778446e-05,True,1,0,0,"[{""strain"":0.0,""accepted"":true,""selected_subdivision"":1,""attempts"":[]},{""strain"":0.05,""accepted"":true,""selected_subdivision"":1,""attempts"":[{""strain"":0.05,""subdivision"":1,""substep"":1,""optimizer_method"":""L-BFGS-B"",""selected_success"":true,""selected_message"":""CONVERGENCE: NORM OF PROJECTED GRADIENT <= PGTOL"",""selected_iterations"":690,""primary_success"":true,""primary_message"":""CONVERGENCE: NORM OF PROJECTED GRADIENT <= PGTOL"",""primary_iterations"":690,""fallback_used"":false,""fallback_success"":false,""fallback_message"":""not invoked"",""fallback_iterations"":0,""fallback_normalized_projected_gradient"":NaN,""independent_kkt_confirmed"":false,""projected_gradient_N"":0.004593158054211344,""normalized_projected_gradient"":1.43779171502737e-05,""accepted"":true}]},{""strain"":0.1,""accepted"":true,""selected_subdivision"":1,""attempts"":[{""strain"":0.1,""subdivision"":1,""substep"":1,""optimizer_method"":""L-BFGS-B"",""selected_success"":true,""selected_message"":""CONVERGENCE: NORM OF PROJECTED GRADIENT <= PGTOL"",""selected_iterations"":905,""primary_success"":true,""primary_message"":""CONVERGENCE: NORM OF PROJECTED GRADIENT <= PGTOL"",""primary_iterations"":905,""fallback_used"":false,""fallback_success"":false,""fallback_message"":""not invoked"",""fallback_iterations"":0,""fallback_normalized_projected_gradient"":NaN,""independent_kkt_confirmed"":false,""projected_gradient_N"":0.002943967285839122,""normalized_projected_gradient"":9.215471627435401e-06,""accepted"":true}]},{""strain"":0.15,""accepted"":true,""selected_subdivision"":1,""attempts"":[{""strain"":0.15,""subdivision"":1,""substep"":1,""optimizer_method"":""L-BFGS-B"",""selected_success"":true,""selected_message"":""CONVERGENCE: NORM OF PROJECTED GRADIENT <= PGTOL"",""selected_iterations"":709,""primary_success"":true,""primary_message"":""CONVERGENCE: NORM OF PROJECTED GRADIENT <= PGTOL"",""primary_iterations"":709,""fallback_used"":false,""fallback_success"":false,""fallback_message"":""not invoked"",""fallback_iterations"":0,""fallback_normalized_projected_gradient"":NaN,""independent_kkt_confirmed"":false,""projected_gradient_N"":0.004501229951212382,""normalized_projected_gradient"":1.4090155520235947e-05,""accepted"":true}]},{""strain"":0.2,""accepted"":true,""selected_subdivision"":1,""attempts"":[{""strain"":0.2,""subdivision"":1,""substep"":1,""optimizer_method"":""L-BFGS-B"",""selected_success"":true,""selected_message"":""CONVERGENCE: NORM OF PROJECTED GRADIENT <= PGTOL"",""selected_iterations"":782,""primary_success"":true,""primary_message"":""CONVERGENCE: NORM OF PROJECTED GRADIENT <= PGTOL"",""primary_iterations"":782,""fallback_used"":false,""fallback_success"":false,""fallback_message"":""not invoked"",""fallback_iterations"":0,""fallback_normalized_projected_gradient"":NaN,""independent_kkt_confirmed"":false,""projected_gradient_N"":0.0043656875319619814,""normalized_projected_gradient"":1.3665868428146201e-05,""accepted"":true}]}]",5.152262669005722
D030,train,0.1,0.10732263211812246,9.973974713498015,9.230708928171534,9.773608897053915,0.02482925821219395,0.0,7.8370006320654655,2.7247985422105816,0.15,0.003426345458700723,0.0036772441317373724,0.3417428296478977,0.31627597616628755,0.02482925821219395,0.0,0.34768384872420927,0.055049941372292285,d06c8aa5a844044b059518a454bb52ff40e1addc084e0ee363b3e8e1614a100f,10.389653503004473,2.5449757930490966,0.9536367220273599,0.9536367220273599,0.34768384872420927,0.055049941372292285,0.019139975488360658,0.15729260056293898,0.07298070308667161,0.18308058583125617,1.0,16.0,10.38969966454292,f141ffbd04ef138b9650f2a9878eed8fa60e248adf3e7f5898dbf890fce55fc4,0.075,0.0,0.0,0.2,3.4725685217687503,1.0616759904167696,1.0534191267725783,25.67931445517659,31.268074206982,31.274143117641845,0.0,0.015433637874527778,0.00045415951129105077,0.000450627423166904,0.4279885742529432,0.5211345701163667,0.5212357186273641,33.76615250099042,3.799927075266334,0.002461361051041444,0.0010528959189003517,0.005750997103924482,0.0011921500590160645,True,1.4889445663923696e-05,0.006557633285399626,0.007373941312321719,3.277307249920764e-05,True,1,0,0,"[{""strain"":0.0,""accepted"":true,""selected_subdivision"":1,""attempts"":[]},{""strain"":0.05,""accepted"":true,""selected_subdivision"":1,""attempts"":[{""strain"":0.05,""subdivision"":1,""substep"":1,""optimizer_method"":""L-BFGS-B"",""selected_success"":true,""selected_message"":""CONVERGENCE: NORM OF PROJECTED GRADIENT <= PGTOL"",""selected_iterations"":536,""primary_success"":true,""primary_message"":""CONVERGENCE: NORM OF PROJECTED GRADIENT <= PGTOL"",""primary_iterations"":536,""fallback_used"":false,""fallback_success"":false,""fallback_message"":""not invoked"",""fallback_iterations"":0,""fallback_normalized_projected_gradient"":NaN,""independent_kkt_confirmed"":false,""projected_gradient_N"":0.003164534706603356,""normalized_projected_gradient"":1.4064598696014915e-05,""accepted"":true}]},{""strain"":0.1,""accepted"":true,""selected_subdivision"":1,""attempts"":[{""strain"":0.1,""subdivision"":1,""substep"":1,""optimizer_method"":""L-BFGS-B"",""selected_success"":true,""selected_message"":""CONVERGENCE: NORM OF PROJECTED GRADIENT <= PGTOL"",""selected_iterations"":577,""primary_success"":true,""primary_message"":""CONVERGENCE: NORM OF PROJECTED GRADIENT <= PGTOL"",""primary_iterations"":577,""fallback_used"":false,""fallback_success"":false,""fallback_message"":""not invoked"",""fallback_iterations"":0,""fallback_normalized_projected_gradient"":NaN,""independent_kkt_confirmed"":false,""projected_gradient_N"":0.002712456780414957,""normalized_projected_gradient"":1.205536346851092e-05,""accepted"":true}]},{""strain"":0.15,""accepted"":true,""selected_subdivision"":1,""attempts"":[{""strain"":0.15,""subdivision"":1,""substep"":1,""optimizer_method"":""L-BFGS-B"",""selected_success"":true,""selected_message"":""CONVERGENCE: NORM OF PROJECTED GRADIENT <= PGTOL"",""selected_iterations"":699,""primary_success"":true,""primary_message"":""CONVERGENCE: NORM OF PROJECTED GRADIENT <= PGTOL"",""primary_iterations"":699,""fallback_used"":false,""fallback_success"":false,""fallback_message"":""not invoked"",""fallback_iterations"":0,""fallback_normalized_projected_gradient"":NaN,""independent_kkt_confirmed"":false,""projected_gradient_N"":0.0026198161561254985,""normalized_projected_gradient"":1.164362736055777e-05,""accepted"":true}]},{""strain"":0.2,""accepted"":true,""selected_subdivision"":1,""attempts"":[{""strain"":0.2,""subdivision"":1,""substep"":1,""optimizer_method"":""L-BFGS-B"",""selected_success"":true,""selected_message"":""CONVERGENCE: NORM OF PROJECTED GRADIENT <= PGTOL"",""selected_iterations"":569,""primary_success"":true,""primary_message"":""CONVERGENCE: NORM OF PROJECTED GRADIENT <= PGTOL"",""primary_iterations"":569,""fallback_used"":false,""fallback_success"":false,""fallback_message"":""not invoked"",""fallback_iterations"":0,""fallback_normalized_projected_gradient"":NaN,""independent_kkt_confirmed"":false,""projected_gradient_N"":0.0033501252743828314,""normalized_projected_gradient"":1.4889445663923696e-05,""accepted"":true}]}]",3.9077542969971546
D031,train,2.5142784405033494,10.0,6.357147989915217,2.4879840998470506,5.437655039552828,1.0,1.0,7.9,2.784435869528017,0.15,0.09382663314206997,0.3731751886767411,0.23723299005825765,0.0928453935885155,1.0,1.0,0.3524602366491161,0.05387087619490627,d06c8aa5a844044b059518a454bb52ff40e1addc084e0ee363b3e8e1614a100f,10.22850906294373,1.0000696316425772,1.2610425864272932,1.0000696316425772,0.3524602366491161,0.05387087619490627,0.018987341772151896,0.14998955598084762,0.06974920827700233,0.17749096066681488,1.0,16.0,10.228542817936207,f141ffbd04ef138b9650f2a9878eed8fa60e248adf3e7f5898dbf890fce55fc4,0.075,0.0,0.0,0.2,3.3095107628165934,1.024850741013569,1.0167921213248141,25.267666140104915,30.80048332964083,30.890520236650417,0.0,0.014708936723629305,0.0004453134033760778,0.00044181180922533953,0.4211277690017486,0.5133413888273471,0.5148420039441736,34.8999658148427,3.623497689903977,0.0024892073802829113,0.001049115830743294,0.005910812735487352,0.0011596625213415672,True,1.4783183238885734e-05,0.00701963921029191,0.007334534703786089,3.259793201682706e-05,True,1,0,0,"[{""strain"":0.0,""accepted"":true,""selected_subdivision"":1,""attempts"":[]},{""strain"":0.05,""accepted"":true,""selected_subdivision"":1,""attempts"":[{""strain"":0.05,""subdivision"":1,""substep"":1,""optimizer_method"":""L-BFGS-B"",""selected_success"":true,""selected_message"":""CONVERGENCE: NORM OF PROJECTED GRADIENT <= PGTOL"",""selected_iterations"":828,""primary_success"":true,""primary_message"":""CONVERGENCE: NORM OF PROJECTED GRADIENT <= PGTOL"",""primary_iterations"":828,""fallback_used"":false,""fallback_success"":false,""fallback_message"":""not invoked"",""fallback_iterations"":0,""fallback_normalized_projected_gradient"":NaN,""independent_kkt_confirmed"":false,""projected_gradient_N"":0.0030435384414734257,""normalized_projected_gradient"":1.352683751765967e-05,""accepted"":true}]},{""strain"":0.1,""accepted"":true,""selected_subdivision"":1,""attempts"":[{""strain"":0.1,""subdivision"":1,""substep"":1,""optimizer_method"":""L-BFGS-B"",""selected_success"":true,""selected_message"":""CONVERGENCE: NORM OF PROJECTED GRADIENT <= PGTOL"",""selected_iterations"":907,""primary_success"":true,""primary_message"":""CONVERGENCE: NORM OF PROJECTED GRADIENT <= PGTOL"",""primary_iterations"":907,""fallback_used"":false,""fallback_success"":false,""fallback_message"":""not invoked"",""fallback_iterations"":0,""fallback_normalized_projected_gradient"":NaN,""independent_kkt_confirmed"":false,""projected_gradient_N"":0.0028559834398649286,""normalized_projected_gradient"":1.2693259732733016e-05,""accepted"":true}]},{""strain"":0.15,""accepted"":true,""selected_subdivision"":1,""attempts"":[{""strain"":0.15,""subdivision"":1,""substep"":1,""optimizer_method"":""L-BFGS-B"",""selected_success"":true,""selected_message"":""CONVERGENCE: NORM OF PROJECTED GRADIENT <= PGTOL"",""selected_iterations"":841,""primary_success"":true,""primary_message"":""CONVERGENCE: NORM OF PROJECTED GRADIENT <= PGTOL"",""primary_iterations"":841,""fallback_used"":false,""fallback_success"":false,""fallback_message"":""not invoked"",""fallback_iterations"":0,""fallback_normalized_projected_gradient"":NaN,""independent_kkt_confirmed"":false,""projected_gradient_N"":0.0033262162287492902,""normalized_projected_gradient"":1.4783183238885734e-05,""accepted"":true}]},{""strain"":0.2,""accepted"":true,""selected_subdivision"":1,""attempts"":[{""strain"":0.2,""subdivision"":1,""substep"":1,""optimizer_method"":""L-BFGS-B"",""selected_success"":true,""selected_message"":""CONVERGENCE: NORM OF PROJECTED GRADIENT <= PGTOL"",""selected_iterations"":769,""primary_success"":true,""primary_message"":""CONVERGENCE: NORM OF PROJECTED GRADIENT <= PGTOL"",""primary_iterations"":769,""fallback_used"":false,""fallback_success"":false,""fallback_message"":""not invoked"",""fallback_iterations"":0,""fallback_normalized_projected_gradient"":NaN,""independent_kkt_confirmed"":false,""projected_gradient_N"":0.002233104922671217,""normalized_projected_gradient"":9.92491076742763e-06,""accepted"":true}]}]",5.713266550999833
D032,test,0.15774365444090732,0.10514395819454302,10.0,0.1,9.035648037004448,1.0,1.0,7.866404255751125,3.9615041515031657,0.2463333749526157,0.00813173000735422,0.0054202007869854265,0.5155028286986,0.005155028286986,1.0,1.0,0.5035978348820442,0.0621817788223562,d06c8aa5a844044b059518a454bb52ff40e1addc084e0ee363b3e8e1614a100f,12.784667572936815,1.3766937636325114,1.3777780944248101,1.3766937636325114,0.5035978348820442,0.0621817788223562,0.03131460918405273,0.17893113302311062,0.10105930810211053,0.22542286574682296,1.0,16.0,12.78476470996857,f141ffbd04ef138b9650f2a9878eed8fa60e248adf3e7f5898dbf890fce55fc4,0.12316668747630785,0.0,0.0,0.2,12.742176148866136,6.201886539935393,6.13341277575203,37.499679180902326,44.6464505468805,44.6483281392237,0.0,0.03448490932614443,0.0013128643657677695,0.0012983692981125556,0.6249946530150388,0.744107509114675,0.744138802320395,21.577771948802443,4.3226779552833134,0.0057597054043789005,0.002077408649576581,0.009215607488149678,0.0019005270830349448,True,1.485723186382157e-05,0.0005905805074243983,0.004853791683517628,1.3136105178470152e-05,True,1,0,0,"[{""strain"":0.0,""accepted"":true,""selected_subdivision"":1,""attempts"":[]},{""strain"":0.05,""accepted"":true,""selected_subdivision"":1,""attempts"":[{""strain"":0.05,""subdivision"":1,""substep"":1,""optimizer_method"":""L-BFGS-B"",""selected_success"":true,""selected_message"":""CONVERGENCE: NORM OF PROJECTED GRADIENT <= PGTOL"",""selected_iterations"":665,""primary_success"":true,""primary_message"":""CONVERGENCE: NORM OF PROJECTED GRADIENT <= PGTOL"",""primary_iterations"":665,""fallback_used"":false,""fallback_success"":false,""fallback_message"":""not invoked"",""fallback_iterations"":0,""fallback_normalized_projected_gradient"":NaN,""independent_kkt_confirmed"":false,""projected_gradient_N"":0.005065388022897521,""normalized_projected_gradient"":1.3708760939308072e-05,""accepted"":true}]},{""strain"":0.1,""accepted"":true,""selected_subdivision"":1,""attempts"":[{""strain"":0.1,""subdivision"":1,""substep"":1,""optimizer_method"":""L-BFGS-B"",""selected_success"":true,""selected_message"":""CONVERGENCE: NORM OF PROJECTED GRADIENT <= PGTOL"",""selected_iterations"":635,""primary_success"":true,""primary_message"":""CONVERGENCE: NORM OF PROJECTED GRADIENT <= PGTOL"",""primary_iterations"":635,""fallback_used"":false,""fallback_success"":false,""fallback_message"":""not invoked"",""fallback_iterations"":0,""fallback_normalized_projected_gradient"":NaN,""independent_kkt_confirmed"":false,""projected_gradient_N"":0.004864328035200538,""normalized_projected_gradient"":1.316462033382263e-05,""accepted"":true}]},{""strain"":0.15,""accepted"":true,""selected_subdivision"":1,""attempts"":[{""strain"":0.15,""subdivision"":1,""substep"":1,""optimizer_method"":""L-BFGS-B"",""selected_success"":true,""selected_message"":""CONVERGENCE: NORM OF PROJECTED GRADIENT <= PGTOL"",""selected_iterations"":513,""primary_success"":true,""primary_message"":""CONVERGENCE: NORM OF PROJECTED GRADIENT <= PGTOL"",""primary_iterations"":513,""fallback_used"":false,""fallback_success"":false,""fallback_message"":""not invoked"",""fallback_iterations"":0,""fallback_normalized_projected_gradient"":NaN,""independent_kkt_confirmed"":false,""projected_gradient_N"":0.0054897481012030624,""normalized_projected_gradient"":1.485723186382157e-05,""accepted"":true}]},{""strain"":0.2,""accepted"":true,""selected_subdivision"":1,""attempts"":[{""strain"":0.2,""subdivision"":1,""substep"":1,""optimizer_method"":""L-BFGS-B"",""selected_success"":true,""selected_message"":""CONVERGENCE: NORM OF PROJECTED GRADIENT <= PGTOL"",""selected_iterations"":592,""primary_success"":true,""primary_message"":""CONVERGENCE: NORM OF PROJECTED GRADIENT <= PGTOL"",""primary_iterations"":592,""fallback_used"":false,""fallback_success"":false,""fallback_message"":""not invoked"",""fallback_iterations"":0,""fallback_normalized_projected_gradient"":NaN,""independent_kkt_confirmed"":false,""projected_gradient_N"":0.004780174269465753,""normalized_projected_gradient"":1.2936869991423235e-05,""accepted"":true}]}]",3.841495477994613
D033,train,0.24083998161729578,3.363682571518929,10.0,0.1,5.948284419248143,0.0,0.042862014332392784,7.9,4.0,0.19768246693400882,0.012254737043706687,0.17115532535609246,0.5088331663793243,0.005088331663793243,0.0,0.042862014332392784,0.5063291139240506,0.049420616733502204,d06c8aa5a844044b059518a454bb52ff40e1addc084e0ee363b3e8e1614a100f,12.522443630570148,0.9323435971280599,1.418572180160219,0.9323435971280599,0.5063291139240506,0.049420616733502204,0.02502309708025428,0.21202748379775335,0.07833758066244217,0.17717881412944658,1.0,16.0,12.522520169229997,f141ffbd04ef138b9650f2a9878eed8fa60e248adf3e7f5898dbf890fce55fc4,0.09884123346700441,0.0,0.0,0.2,7.377699892162166,3.5036724579818648,3.466550518177817,33.78352792353532,41.266919338652315,41.542868146723706,0.0,0.024880641521014,0.0009435719081274989,0.000933574620996819,0.5630587987255886,0.6877819889775386,0.6923811357787284,27.643257847537534,5.122230629414059,0.0052691097724288346,0.0016580410840037407,0.009358009828378117,0.0016755980116688746,True,1.4365101684887412e-05,0.0013112563750599944,0.006202274668170915,2.0916623729513264e-05,True,1,0,0,"[{""strain"":0.0,""accepted"":true,""selected_subdivision"":1,""attempts"":[]},{""strain"":0.05,""accepted"":true,""selected_subdivision"":1,""attempts"":[{""strain"":0.05,""subdivision"":1,""substep"":1,""optimizer_method"":""L-BFGS-B"",""selected_success"":true,""selected_message"":""CONVERGENCE: NORM OF PROJECTED GRADIENT <= PGTOL"",""selected_iterations"":760,""primary_success"":true,""primary_message"":""CONVERGENCE: NORM OF PROJECTED GRADIENT <= PGTOL"",""primary_iterations"":760,""fallback_used"":false,""fallback_success"":false,""fallback_message"":""not invoked"",""fallback_iterations"":0,""fallback_normalized_projected_gradient"":NaN,""independent_kkt_confirmed"":false,""projected_gradient_N"":0.004259593108239645,""normalized_projected_gradient"":1.4365101684887412e-05,""accepted"":true}]},{""strain"":0.1,""accepted"":true,""selected_subdivision"":1,""attempts"":[{""strain"":0.1,""subdivision"":1,""substep"":1,""optimizer_method"":""L-BFGS-B"",""selected_success"":true,""selected_message"":""CONVERGENCE: NORM OF PROJECTED GRADIENT <= PGTOL"",""selected_iterations"":688,""primary_success"":true,""primary_message"":""CONVERGENCE: NORM OF PROJECTED GRADIENT <= PGTOL"",""primary_iterations"":688,""fallback_used"":false,""fallback_success"":false,""fallback_message"":""not invoked"",""fallback_iterations"":0,""fallback_normalized_projected_gradient"":NaN,""independent_kkt_confirmed"":false,""projected_gradient_N"":0.0034293168977845845,""normalized_projected_gradient"":1.156506846888407e-05,""accepted"":true}]},{""strain"":0.15,""accepted"":true,""selected_subdivision"":1,""attempts"":[{""strain"":0.15,""subdivision"":1,""substep"":1,""optimizer_method"":""L-BFGS-B"",""selected_success"":true,""selected_message"":""CONVERGENCE: NORM OF PROJECTED GRADIENT <= PGTOL"",""selected_iterations"":617,""primary_success"":true,""primary_message"":""CONVERGENCE: NORM OF PROJECTED GRADIENT <= PGTOL"",""primary_iterations"":617,""fallback_used"":false,""fallback_success"":false,""fallback_message"":""not invoked"",""fallback_iterations"":0,""fallback_normalized_projected_gradient"":NaN,""independent_kkt_confirmed"":false,""projected_gradient_N"":0.003287473494326232,""normalized_projected_gradient"":1.1086714113847605e-05,""accepted"":true}]},{""strain"":0.2,""accepted"":true,""selected_subdivision"":1,""attempts"":[{""strain"":0.2,""subdivision"":1,""substep"":1,""optimizer_method"":""L-BFGS-B"",""selected_success"":true,""selected_message"":""CONVERGENCE: NORM OF PROJECTED GRADIENT <= PGTOL"",""selected_iterations"":675,""primary_success"":true,""primary_message"":""CONVERGENCE: NORM OF PROJECTED GRADIENT <= PGTOL"",""primary_iterations"":675,""fallback_used"":false,""fallback_success"":false,""fallback_message"":""not invoked"",""fallback_iterations"":0,""fallback_normalized_projected_gradient"":NaN,""independent_kkt_confirmed"":false,""projected_gradient_N"":0.002955145963064787,""normalized_projected_gradient"":9.96596885533366e-06,""accepted"":true}]}]",4.432746381004108
D034,train,0.5469423574672574,10.0,7.867677723318696,5.285322266425222,6.243432905889311,0.5399648497399532,0.5966390209500724,7.9,2.2739607301242692,0.15637120622328216,0.018265888626253793,0.3339636869749529,0.26275186604102146,0.17651057109461812,0.5399648497399532,0.5966390209500724,0.2878431303954771,0.06876600996303778,d06c8aa5a844044b059518a454bb52ff40e1addc084e0ee363b3e8e1614a100f,9.460141386578472,0.9330889328039539,1.2525407870644962,0.9330889328039539,0.2878431303954771,0.06876600996303778,0.01979382357256736,0.16758446137967048,0.08234635149888624,0.21987837142496178,1.0,16.0,9.460163185638145,f141ffbd04ef138b9650f2a9878eed8fa60e248adf3e7f5898dbf890fce55fc4,0.07818560311164108,0.0,0.0,0.2,3.368241437138371,0.8266647695568259,0.8230246438546959,23.145719823706155,27.961843287709982,27.995639108183713,0.0,0.01436002410967684,0.00037254930447288946,0.00037090882534705294,0.3857619970617693,0.46603072146183305,0.4665939851363952,32.453338372028725,4.048561279497206,0.0016868818108089069,0.0009614965397632519,0.00437285638206295,0.001223016563862294,True,1.422430014363206e-05,0.001377605085308586,0.00464010653234892,1.9782442238644713e-05,True,1,0,0,"[{""strain"":0.0,""accepted"":true,""selected_subdivision"":1,""attempts"":[]},{""strain"":0.05,""accepted"":true,""selected_subdivision"":1,""attempts"":[{""strain"":0.05,""subdivision"":1,""substep"":1,""optimizer_method"":""L-BFGS-B"",""selected_success"":true,""selected_message"":""CONVERGENCE: NORM OF PROJECTED GRADIENT <= PGTOL"",""selected_iterations"":547,""primary_success"":true,""primary_message"":""CONVERGENCE: NORM OF PROJECTED GRADIENT <= PGTOL"",""primary_iterations"":547,""fallback_used"":false,""fallback_success"":false,""fallback_message"":""not invoked"",""fallback_iterations"":0,""fallback_normalized_projected_gradient"":NaN,""independent_kkt_confirmed"":false,""projected_gradient_N"":0.0025420758873383464,""normalized_projected_gradient"":1.0837783369181668e-05,""accepted"":true}]},{""strain"":0.1,""accepted"":true,""selected_subdivision"":1,""attempts"":[{""strain"":0.1,""subdivision"":1,""substep"":1,""optimizer_method"":""L-BFGS-B"",""selected_success"":true,""selected_message"":""CONVERGENCE: NORM OF PROJECTED GRADIENT <= PGTOL"",""selected_iterations"":610,""primary_success"":true,""primary_message"":""CONVERGENCE: NORM OF PROJECTED GRADIENT <= PGTOL"",""primary_iterations"":610,""fallback_used"":false,""fallback_success"":false,""fallback_message"":""not invoked"",""fallback_iterations"":0,""fallback_normalized_projected_gradient"":NaN,""independent_kkt_confirmed"":false,""projected_gradient_N"":0.003336406456712626,""normalized_projected_gradient"":1.422430014363206e-05,""accepted"":true}]},{""strain"":0.15,""accepted"":true,""selected_subdivision"":1,""attempts"":[{""strain"":0.15,""subdivision"":1,""substep"":1,""optimizer_method"":""L-BFGS-B"",""selected_success"":true,""selected_message"":""CONVERGENCE: NORM OF PROJECTED GRADIENT <= PGTOL"",""selected_iterations"":657,""primary_success"":true,""primary_message"":""CONVERGENCE: NORM OF PROJECTED GRADIENT <= PGTOL"",""primary_iterations"":657,""fallback_used"":false,""fallback_success"":false,""fallback_message"":""not invoked"",""fallback_iterations"":0,""fallback_normalized_projected_gradient"":NaN,""independent_kkt_confirmed"":false,""projected_gradient_N"":0.0025262539996979694,""normalized_projected_gradient"":1.0770328974294393e-05,""accepted"":true}]},{""strain"":0.2,""accepted"":true,""selected_subdivision"":1,""attempts"":[{""strain"":0.2,""subdivision"":1,""substep"":1,""optimizer_method"":""L-BFGS-B"",""selected_success"":true,""selected_message"":""CONVERGENCE: NORM OF PROJECTED GRADIENT <= PGTOL"",""selected_iterations"":769,""primary_success"":true,""primary_message"":""CONVERGENCE: NORM OF PROJECTED GRADIENT <= PGTOL"",""primary_iterations"":769,""fallback_used"":false,""fallback_success"":false,""fallback_message"":""not invoked"",""fallback_iterations"":0,""fallback_normalized_projected_gradient"":NaN,""independent_kkt_confirmed"":false,""projected_gradient_N"":0.0027451662553779066,""normalized_projected_gradient"":1.1703630617937375e-05,""accepted"":true}]}]",4.122872965999704
D035,train,0.1,7.264934885350417,9.358968173625874,3.609759374491433,6.869289211912336,0.0,0.0,7.9,2.5538565761935037,0.15,0.003676071674265658,0.26706421347421094,0.34404237803419874,0.13269734187482876,0.0,0.0,0.3232729843282916,0.05873470006039783,d06c8aa5a844044b059518a454bb52ff40e1addc084e0ee363b3e8e1614a100f,9.903614679745957,1.3080308044368325,1.595628450501669,1.3080308044368325,0.3232729843282916,0.05873470006039783,0.018987341772151896,0.1146761983671951,0.07363111869982679,0.19110051882062246,1.0,16.0,9.903647471556173,f141ffbd04ef138b9650f2a9878eed8fa60e248adf3e7f5898dbf890fce55fc4,0.075,0.0,0.0,0.2,2.941186984435748,0.814932217675489,0.8103447223639448,23.226982221527027,28.249791094770895,28.362895025219736,0.0,0.01307194215304777,0.00036571707245980264,0.0003636583425202176,0.38711637035878377,0.4708298515795149,0.4727149170869956,36.01835489072596,2.770385825554155,0.0019029688917881352,0.0009394031623699483,0.004915754118133631,0.0011006522050276467,True,1.4539825813968399e-05,0.0019093995063564045,0.004482116451803186,1.992051756356972e-05,True,1,0,0,"[{""strain"":0.0,""accepted"":true,""selected_subdivision"":1,""attempts"":[]},{""strain"":0.05,""accepted"":true,""selected_subdivision"":1,""attempts"":[{""strain"":0.05,""subdivision"":1,""substep"":1,""optimizer_method"":""L-BFGS-B"",""selected_success"":true,""selected_message"":""CONVERGENCE: NORM OF PROJECTED GRADIENT <= PGTOL"",""selected_iterations"":745,""primary_success"":true,""primary_message"":""CONVERGENCE: NORM OF PROJECTED GRADIENT <= PGTOL"",""primary_iterations"":745,""fallback_used"":false,""fallback_success"":false,""fallback_message"":""not invoked"",""fallback_iterations"":0,""fallback_normalized_projected_gradient"":NaN,""independent_kkt_confirmed"":false,""projected_gradient_N"":0.002560345509002415,""normalized_projected_gradient"":1.1379313373344068e-05,""accepted"":true}]},{""strain"":0.1,""accepted"":true,""selected_subdivision"":1,""attempts"":[{""strain"":0.1,""subdivision"":1,""substep"":1,""optimizer_method"":""L-BFGS-B"",""selected_success"":true,""selected_message"":""CONVERGENCE: NORM OF PROJECTED GRADIENT <= PGTOL"",""selected_iterations"":827,""primary_success"":true,""primary_message"":""CONVERGENCE: NORM OF PROJECTED GRADIENT <= PGTOL"",""primary_iterations"":827,""fallback_used"":false,""fallback_success"":false,""fallback_message"":""not invoked"",""fallback_iterations"":0,""fallback_normalized_projected_gradient"":NaN,""independent_kkt_confirmed"":false,""projected_gradient_N"":0.0032714608081428898,""normalized_projected_gradient"":1.4539825813968399e-05,""accepted"":true}]},{""strain"":0.15,""accepted"":true,""selected_subdivision"":1,""attempts"":[{""strain"":0.15,""subdivision"":1,""substep"":1,""optimizer_method"":""L-BFGS-B"",""selected_success"":true,""selected_message"":""CONVERGENCE: NORM OF PROJECTED GRADIENT <= PGTOL"",""selected_iterations"":782,""primary_success"":true,""primary_message"":""CONVERGENCE: NORM OF PROJECTED GRADIENT <= PGTOL"",""primary_iterations"":782,""fallback_used"":false,""fallback_success"":false,""fallback_message"":""not invoked"",""fallback_iterations"":0,""fallback_normalized_projected_gradient"":NaN,""independent_kkt_confirmed"":false,""projected_gradient_N"":0.0031011577389157274,""normalized_projected_gradient"":1.37829232840699e-05,""accepted"":true}]},{""strain"":0.2,""accepted"":true,""selected_subdivision"":1,""attempts"":[{""strain"":0.2,""subdivision"":1,""substep"":1,""optimizer_method"":""L-BFGS-B"",""selected_success"":true,""selected_message"":""CONVERGENCE: NORM OF PROJECTED GRADIENT <= PGTOL"",""selected_iterations"":617,""primary_success"":true,""primary_message"":""CONVERGENCE: NORM OF PROJECTED GRADIENT <= PGTOL"",""primary_iterations"":617,""fallback_used"":false,""fallback_success"":false,""fallback_message"":""not invoked"",""fallback_iterations"":0,""fallback_normalized_projected_gradient"":NaN,""independent_kkt_confirmed"":false,""projected_gradient_N"":0.0029925471376857637,""normalized_projected_gradient"":1.3300209500825616e-05,""accepted"":true}]}]",4.758671308998601
D036,test,0.1,0.2080283648767125,9.625798251157763,0.1,9.515070281527665,0.27110356208526604,0.05538976796880475,7.866500043485275,4.0,0.25,0.005115378147626867,0.010641437517768835,0.49239598027437326,0.005115378147626867,0.27110356208526604,0.05538976796880475,0.5084853464550149,0.0625,d06c8aa5a844044b059518a454bb52ff40e1addc084e0ee363b3e8e1614a100f,12.829499482462344,1.753133088736677,0.9615472634361306,0.9615472634361306,0.5084853464550149,0.0625,0.03178033415343843,0.25999761998865684,0.10193144514350468,0.2269314451435047,1.0,16.0,12.829603200952173,f141ffbd04ef138b9650f2a9878eed8fa60e248adf3e7f5898dbf890fce55fc4,0.125,0.0,0.0,0.2,14.207588598135462,7.221662879134122,7.117674102419514,38.827702964669776,47.03374818966771,47.03407865250166,0.0,0.037886902928361235,0.0015010537008100708,0.0014794391861556718,0.6471283827444962,0.7838958031611285,0.7839013108750277,20.690416544296706,6.2811091695593015,0.006519322102849689,0.00228616025135741,0.01007423299098858,0.001805942393115567,True,1.286487485441512e-05,0.0004446705987978891,0.004681291042468061,1.2483442779914829e-05,True,1,0,0,"[{""strain"":0.0,""accepted"":true,""selected_subdivision"":1,""attempts"":[]},{""strain"":0.05,""accepted"":true,""selected_subdivision"":1,""attempts"":[{""strain"":0.05,""subdivision"":1,""substep"":1,""optimizer_method"":""L-BFGS-B"",""selected_success"":true,""selected_message"":""CONVERGENCE: NORM OF PROJECTED GRADIENT <= PGTOL"",""selected_iterations"":650,""primary_success"":true,""primary_message"":""CONVERGENCE: NORM OF PROJECTED GRADIENT <= PGTOL"",""primary_iterations"":650,""fallback_used"":false,""fallback_success"":false,""fallback_message"":""not invoked"",""fallback_iterations"":0,""fallback_normalized_projected_gradient"":NaN,""independent_kkt_confirmed"":false,""projected_gradient_N"":0.002886522640960093,""normalized_projected_gradient"":7.697393709226915e-06,""accepted"":true}]},{""strain"":0.1,""accepted"":true,""selected_subdivision"":1,""attempts"":[{""strain"":0.1,""subdivision"":1,""substep"":1,""optimizer_method"":""L-BFGS-B"",""selected_success"":true,""selected_message"":""CONVERGENCE: NORM OF PROJECTED GRADIENT <= PGTOL"",""selected_iterations"":633,""primary_success"":true,""primary_message"":""CONVERGENCE: NORM OF PROJECTED GRADIENT <= PGTOL"",""primary_iterations"":633,""fallback_used"":false,""fallback_success"":false,""fallback_message"":""not invoked"",""fallback_iterations"":0,""fallback_normalized_projected_gradient"":NaN,""independent_kkt_confirmed"":false,""projected_gradient_N"":0.00482432807040567,""normalized_projected_gradient"":1.286487485441512e-05,""accepted"":true}]},{""strain"":0.15,""accepted"":true,""selected_subdivision"":1,""attempts"":[{""strain"":0.15,""subdivision"":1,""substep"":1,""optimizer_method"":""L-BFGS-B"",""selected_success"":true,""selected_message"":""CONVERGENCE: NORM OF PROJECTED GRADIENT <= PGTOL"",""selected_iterations"":650,""primary_success"":true,""primary_message"":""CONVERGENCE: NORM OF PROJECTED GRADIENT <= PGTOL"",""primary_iterations"":650,""fallback_used"":false,""fallback_success"":false,""fallback_message"":""not invoked"",""fallback_iterations"":0,""fallback_normalized_projected_gradient"":NaN,""independent_kkt_confirmed"":false,""projected_gradient_N"":0.004732004989031147,""normalized_projected_gradient"":1.2618679970749725e-05,""accepted"":true}]},{""strain"":0.2,""accepted"":true,""selected_subdivision"":1,""attempts"":[{""strain"":0.2,""subdivision"":1,""substep"":1,""optimizer_method"":""L-BFGS-B"",""selected_success"":true,""selected_message"":""CONVERGENCE: NORM OF PROJECTED GRADIENT <= PGTOL"",""selected_iterations"":693,""primary_success"":true,""primary_message"":""CONVERGENCE: NORM OF PROJECTED GRADIENT <= PGTOL"",""primary_iterations"":693,""fallback_used"":false,""fallback_success"":false,""fallback_message"":""not invoked"",""fallback_iterations"":0,""fallback_normalized_projected_gradient"":NaN,""independent_kkt_confirmed"":false,""projected_gradient_N"":0.003996491787886303,""normalized_projected_gradient"":1.0657311434363473e-05,""accepted"":true}]}]",4.247876932997315
D037,train,9.888474962601922,0.1,10.0,0.1,10.0,0.0,0.010876892997292392,7.84722300522856,2.5528561154644636,0.232814067294937,0.3286465989018278,0.003323531688604813,0.3323531688604813,0.003323531688604813,0.0,0.010876892997292392,0.32531968490808916,0.09119748891628351,d06c8aa5a844044b059518a454bb52ff40e1addc084e0ee363b3e8e1614a100f,10.642235490970473,0.9217553531826038,0.9172183957317503,0.9172183957317503,0.32531968490808916,0.09119748891628351,0.029668338358654303,0.25382620799836836,0.12368007798243914,0.3060750558150061,1.0,16.0,10.642315301646056,f141ffbd04ef138b9650f2a9878eed8fa60e248adf3e7f5898dbf890fce55fc4,0.1164070336474685,0.0,0.0,0.2,10.356199701154623,2.753486379736785,2.7450088666803385,29.533339023258662,35.00571848373093,35.012167120780305,0.0,0.029655137313316572,0.0007408829333265499,0.0007386018816435652,0.492222317054311,0.5834286413955155,0.5835361186796717,19.673779798467773,6.132018141560582,0.002413139743377132,0.001500545294377762,0.0049025402948376885,0.0027257065881045994,True,1.4526532228653329e-05,0.0008385898292618184,0.007357728388885931,2.106896853892969e-05,True,1,0,0,"[{""strain"":0.0,""accepted"":true,""selected_subdivision"":1,""attempts"":[]},{""strain"":0.05,""accepted"":true,""selected_subdivision"":1,""attempts"":[{""strain"":0.05,""subdivision"":1,""substep"":1,""optimizer_method"":""L-BFGS-B"",""selected_success"":true,""selected_message"":""CONVERGENCE: NORM OF PROJECTED GRADIENT <= PGTOL"",""selected_iterations"":597,""primary_success"":true,""primary_message"":""CONVERGENCE: NORM OF PROJECTED GRADIENT <= PGTOL"",""primary_iterations"":597,""fallback_used"":false,""fallback_success"":false,""fallback_message"":""not invoked"",""fallback_iterations"":0,""fallback_normalized_projected_gradient"":NaN,""independent_kkt_confirmed"":false,""projected_gradient_N"":0.00507297157776565,""normalized_projected_gradient"":1.4526532228653329e-05,""accepted"":true}]},{""strain"":0.1,""accepted"":true,""selected_subdivision"":1,""attempts"":[{""strain"":0.1,""subdivision"":1,""substep"":1,""optimizer_method"":""L-BFGS-B"",""selected_success"":true,""selected_message"":""CONVERGENCE: NORM OF PROJECTED GRADIENT <= PGTOL"",""selected_iterations"":576,""primary_success"":true,""primary_message"":""CONVERGENCE: NORM OF PROJECTED GRADIENT <= PGTOL"",""primary_iterations"":576,""fallback_used"":false,""fallback_success"":false,""fallback_message"":""not invoked"",""fallback_iterations"":0,""fallback_normalized_projected_gradient"":NaN,""independent_kkt_confirmed"":false,""projected_gradient_N"":0.004618542976288165,""normalized_projected_gradient"":1.3225268930842376e-05,""accepted"":true}]},{""strain"":0.15,""accepted"":true,""selected_subdivision"":1,""attempts"":[{""strain"":0.15,""subdivision"":1,""substep"":1,""optimizer_method"":""L-BFGS-B"",""selected_success"":true,""selected_message"":""CONVERGENCE: NORM OF PROJECTED GRADIENT <= PGTOL"",""selected_iterations"":437,""primary_success"":true,""primary_message"":""CONVERGENCE: NORM OF PROJECTED GRADIENT <= PGTOL"",""primary_iterations"":437,""fallback_used"":false,""fallback_success"":false,""fallback_message"":""not invoked"",""fallback_iterations"":0,""fallback_normalized_projected_gradient"":NaN,""independent_kkt_confirmed"":false,""projected_gradient_N"":0.004627439419255586,""normalized_projected_gradient"":1.3250744032270707e-05,""accepted"":true}]},{""strain"":0.2,""accepted"":true,""selected_subdivision"":1,""attempts"":[{""strain"":0.2,""subdivision"":1,""substep"":1,""optimizer_method"":""L-BFGS-B"",""selected_success"":true,""selected_message"":""CONVERGENCE: NORM OF PROJECTED GRADIENT <= PGTOL"",""selected_iterations"":495,""primary_success"":true,""primary_message"":""CONVERGENCE: NORM OF PROJECTED GRADIENT <= PGTOL"",""primary_iterations"":495,""fallback_used"":false,""fallback_success"":false,""fallback_message"":""not invoked"",""fallback_iterations"":0,""fallback_normalized_projected_gradient"":NaN,""independent_kkt_confirmed"":false,""projected_gradient_N"":0.0038269492324074506,""normalized_projected_gradient"":1.095852805595101e-05,""accepted"":true}]}]",3.615260313003091
D038,train,0.10036388558395598,0.10163122919677135,7.67153195561507,6.3914541306663715,9.77549375401264,0.0,0.0,7.897398631647536,2.5988313527452283,0.24497590992940668,0.004174787967854593,0.004227505046663713,0.3191090013800103,0.2658622237127296,0.0,0.0,0.3290743539690191,0.09426387351785287,d06c8aa5a844044b059518a454bb52ff40e1addc084e0ee363b3e8e1614a100f,10.29483124385249,2.351315785042082,0.9223886316714961,0.9223886316714961,0.3290743539690191,0.09426387351785287,0.03101982328050476,0.2655886049738887,0.12287978808228177,0.3114075351179875,1.0,16.0,10.294879513882757,f141ffbd04ef138b9650f2a9878eed8fa60e248adf3e7f5898dbf890fce55fc4,0.12248795496470334,0.0,0.0,0.2,12.48464894333516,3.5325682488398122,3.5089015585917505,32.55227176197556,39.46526047928399,39.62589335915257,0.0,0.033975174530243374,0.0009338060657861123,0.0009275499661571867,0.5425378626995927,0.6577543413213999,0.6604315559858762,19.359851727498636,6.416178048494194,0.002978572646952015,0.0017096502012630555,0.005490073323419407,0.0029863596370019634,True,1.4338606290810848e-05,0.001126488394492702,0.0070012936740226905,1.905301267116486e-05,True,1,0,0,"[{""strain"":0.0,""accepted"":true,""selected_subdivision"":1,""attempts"":[]},{""strain"":0.05,""accepted"":true,""selected_subdivision"":1,""attempts"":[{""strain"":0.05,""subdivision"":1,""substep"":1,""optimizer_method"":""L-BFGS-B"",""selected_success"":true,""selected_message"":""CONVERGENCE: NORM OF PROJECTED GRADIENT <= PGTOL"",""selected_iterations"":508,""primary_success"":true,""primary_message"":""CONVERGENCE: NORM OF PROJECTED GRADIENT <= PGTOL"",""primary_iterations"":508,""fallback_used"":false,""fallback_success"":false,""fallback_message"":""not invoked"",""fallback_iterations"":0,""fallback_normalized_projected_gradient"":NaN,""independent_kkt_confirmed"":false,""projected_gradient_N"":0.0024556521581410307,""normalized_projected_gradient"":6.682703777822241e-06,""accepted"":true}]},{""strain"":0.1,""accepted"":true,""selected_subdivision"":1,""attempts"":[{""strain"":0.1,""subdivision"":1,""substep"":1,""optimizer_method"":""L-BFGS-B"",""selected_success"":true,""selected_message"":""CONVERGENCE: NORM OF PROJECTED GRADIENT <= PGTOL"",""selected_iterations"":448,""primary_success"":true,""primary_message"":""CONVERGENCE: NORM OF PROJECTED GRADIENT <= PGTOL"",""primary_iterations"":448,""fallback_used"":false,""fallback_success"":false,""fallback_message"":""not invoked"",""fallback_iterations"":0,""fallback_normalized_projected_gradient"":NaN,""independent_kkt_confirmed"":false,""projected_gradient_N"":0.005268919684816353,""normalized_projected_gradient"":1.4338606290810848e-05,""accepted"":true}]},{""strain"":0.15,""accepted"":true,""selected_subdivision"":1,""attempts"":[{""strain"":0.15,""subdivision"":1,""substep"":1,""optimizer_method"":""L-BFGS-B"",""selected_success"":true,""selected_message"":""CONVERGENCE: NORM OF PROJECTED GRADIENT <= PGTOL"",""selected_iterations"":454,""primary_success"":true,""primary_message"":""CONVERGENCE: NORM OF PROJECTED GRADIENT <= PGTOL"",""primary_iterations"":454,""fallback_used"":false,""fallback_success"":false,""fallback_message"":""not invoked"",""fallback_iterations"":0,""fallback_normalized_projected_gradient"":NaN,""independent_kkt_confirmed"":false,""projected_gradient_N"":0.003905684985847202,""normalized_projected_gradient"":1.0628759339296344e-05,""accepted"":true}]},{""strain"":0.2,""accepted"":true,""selected_subdivision"":1,""attempts"":[{""strain"":0.2,""subdivision"":1,""substep"":1,""optimizer_method"":""L-BFGS-B"",""selected_success"":true,""selected_message"":""CONVERGENCE: NORM OF PROJECTED GRADIENT <= PGTOL"",""selected_iterations"":444,""primary_success"":true,""primary_message"":""CONVERGENCE: NORM OF PROJECTED GRADIENT <= PGTOL"",""primary_iterations"":444,""fallback_used"":false,""fallback_success"":false,""fallback_message"":""not invoked"",""fallback_iterations"":0,""fallback_normalized_projected_gradient"":NaN,""independent_kkt_confirmed"":false,""projected_gradient_N"":0.00344578476769275,""normalized_projected_gradient"":9.377207113101317e-06,""accepted"":true}]}]",3.1366310880039237
D039,train,9.570756647498708,9.550785775758555,7.095988280791439,10.0,0.10126312411813626,0.06305256073207219,0.0,7.893463047340555,2.2,0.15,0.2635207736462923,0.2629708965816893,0.1953806151813386,0.2753395403854122,0.06305256073207219,0.0,0.2787116360468956,0.06818181818181818,d06c8aa5a844044b059518a454bb52ff40e1addc084e0ee363b3e8e1614a100f,9.277834174633366,1.0887959860551346,1.0684696667059854,1.0684696667059854,0.2787116360468956,0.06818181818181818,0.019003066094106517,0.14038770090913216,0.08013968001396272,0.21650331637759906,1.0,16.0,9.277852810919843,f141ffbd04ef138b9650f2a9878eed8fa60e248adf3e7f5898dbf890fce55fc4,0.075,0.0,0.0,0.2,2.6367799295243897,0.613823569336226,0.6112351796377355,20.901767815808547,24.83663345180846,24.838643846801087,0.0,0.011719021908997287,0.00029404543142885563,0.00029280549180512683,0.34836279693014244,0.41394389086347433,0.41397739744668477,35.32239243837138,3.3915328744631177,0.0013524295918610812,0.0008405188337715735,0.0038822446133141056,0.001056398130609521,True,1.4788347027165176e-05,0.0018166362843970647,0.0023792372624757974,1.0574387833225766e-05,True,1,0,0,"[{""strain"":0.0,""accepted"":true,""selected_subdivision"":1,""attempts"":[]},{""strain"":0.05,""accepted"":true,""selected_subdivision"":1,""attempts"":[{""strain"":0.05,""subdivision"":1,""substep"":1,""optimizer_method"":""L-BFGS-B"",""selected_success"":true,""selected_message"":""CONVERGENCE: NORM OF PROJECTED GRADIENT <= PGTOL"",""selected_iterations"":695,""primary_success"":true,""primary_message"":""CONVERGENCE: NORM OF PROJECTED GRADIENT <= PGTOL"",""primary_iterations"":695,""fallback_used"":false,""fallback_success"":false,""fallback_message"":""not invoked"",""fallback_iterations"":0,""fallback_normalized_projected_gradient"":NaN,""independent_kkt_confirmed"":false,""projected_gradient_N"":0.0032145722618561745,""normalized_projected_gradient"":1.4286987830471886e-05,""accepted"":true}]},{""strain"":0.1,""accepted"":true,""selected_subdivision"":1,""attempts"":[{""strain"":0.1,""subdivision"":1,""substep"":1,""optimizer_method"":""L-BFGS-B"",""selected_success"":true,""selected_message"":""CONVERGENCE: NORM OF PROJECTED GRADIENT <= PGTOL"",""selected_iterations"":535,""primary_success"":true,""primary_message"":""CONVERGENCE: NORM OF PROJECTED GRADIENT <= PGTOL"",""primary_iterations"":535,""fallback_used"":false,""fallback_success"":false,""fallback_message"":""not invoked"",""fallback_iterations"":0,""fallback_normalized_projected_gradient"":NaN,""independent_kkt_confirmed"":false,""projected_gradient_N"":0.002857485722662756,""normalized_projected_gradient"":1.2699936545167803e-05,""accepted"":true}]},{""strain"":0.15,""accepted"":true,""selected_subdivision"":1,""attempts"":[{""strain"":0.15,""subdivision"":1,""substep"":1,""optimizer_method"":""L-BFGS-B"",""selected_success"":true,""selected_message"":""CONVERGENCE: NORM OF PROJECTED GRADIENT <= PGTOL"",""selected_iterations"":532,""primary_success"":true,""primary_message"":""CONVERGENCE: NORM OF PROJECTED GRADIENT <= PGTOL"",""primary_iterations"":532,""fallback_used"":false,""fallback_success"":false,""fallback_message"":""not invoked"",""fallback_iterations"":0,""fallback_normalized_projected_gradient"":NaN,""independent_kkt_confirmed"":false,""projected_gradient_N"":0.0033273780811121645,""normalized_projected_gradient"":1.4788347027165176e-05,""accepted"":true}]},{""strain"":0.2,""accepted"":true,""selected_subdivision"":1,""attempts"":[{""strain"":0.2,""subdivision"":1,""substep"":1,""optimizer_method"":""L-BFGS-B"",""selected_success"":true,""selected_message"":""CONVERGENCE: NORM OF PROJECTED GRADIENT <= PGTOL"",""selected_iterations"":546,""primary_success"":true,""primary_message"":""CONVERGENCE: NORM OF PROJECTED GRADIENT <= PGTOL"",""primary_iterations"":546,""fallback_used"":false,""fallback_success"":false,""fallback_message"":""not invoked"",""fallback_iterations"":0,""fallback_normalized_projected_gradient"":NaN,""independent_kkt_confirmed"":false,""projected_gradient_N"":0.0031915173866286783,""normalized_projected_gradient"":1.4184521718349681e-05,""accepted"":true}]}]",3.6677228620028473
D040,test,5.525855495111614,0.10226889305456588,8.074879209060171,0.11099161236139701,9.571621985112072,0.0,0.0,7.9,3.9563445272829125,0.15,0.23629290811978265,0.004373153473056267,0.34529254207112753,0.004746148516728156,0.0,0.0,0.500803104719356,0.037913786063271664,d06c8aa5a844044b059518a454bb52ff40e1addc084e0ee363b3e8e1614a100f,12.865078074639474,1.06421481339606,1.063111709761057,1.063111709761057,0.500803104719356,0.037913786063271664,0.018987341772151896,0.1410952382734207,0.06174225541888201,0.13756982754542535,1.0,16.0,12.865175561209982,f141ffbd04ef138b9650f2a9878eed8fa60e248adf3e7f5898dbf890fce55fc4,0.075,0.0,0.0,0.2,3.4526480614785364,1.5216334407300252,1.5107704272377986,27.225816329567678,32.46465084559129,32.46629681624653,0.0,0.015345102495460162,0.0005256723086247546,0.0005219195090159731,0.45376360549279465,0.5410775140931882,0.5411049469374423,35.26059954655015,3.408625797955388,0.0037938515903397207,0.0011502013442641792,0.00836085473672913,0.00134688752475586,True,1.3929190447730852e-05,0.0011637549998462452,0.0024367507012854617,1.0830003116824274e-05,True,1,0,0,"[{""strain"":0.0,""accepted"":true,""selected_subdivision"":1,""attempts"":[]},{""strain"":0.05,""accepted"":true,""selected_subdivision"":1,""attempts"":[{""strain"":0.05,""subdivision"":1,""substep"":1,""optimizer_method"":""L-BFGS-B"",""selected_success"":true,""selected_message"":""CONVERGENCE: NORM OF PROJECTED GRADIENT <= PGTOL"",""selected_iterations"":1065,""primary_success"":true,""primary_message"":""CONVERGENCE: NORM OF PROJECTED GRADIENT <= PGTOL"",""primary_iterations"":1065,""fallback_used"":false,""fallback_success"":false,""fallback_message"":""not invoked"",""fallback_iterations"":0,""fallback_normalized_projected_gradient"":NaN,""independent_kkt_confirmed"":false,""projected_gradient_N"":0.0021679550670647973,""normalized_projected_gradient"":9.635355853621321e-06,""accepted"":true}]},{""strain"":0.1,""accepted"":true,""selected_subdivision"":1,""attempts"":[{""strain"":0.1,""subdivision"":1,""substep"":1,""optimizer_method"":""L-BFGS-B"",""selected_success"":true,""selected_message"":""CONVERGENCE: NORM OF PROJECTED GRADIENT <= PGTOL"",""selected_iterations"":1220,""primary_success"":true,""primary_message"":""CONVERGENCE: NORM OF PROJECTED GRADIENT <= PGTOL"",""primary_iterations"":1220,""fallback_used"":false,""fallback_success"":false,""fallback_message"":""not invoked"",""fallback_iterations"":0,""fallback_normalized_projected_gradient"":NaN,""independent_kkt_confirmed"":false,""projected_gradient_N"":0.002335560827570138,""normalized_projected_gradient"":1.0380270344756168e-05,""accepted"":true}]},{""strain"":0.15,""accepted"":true,""selected_subdivision"":1,""attempts"":[{""strain"":0.15,""subdivision"":1,""substep"":1,""optimizer_method"":""L-BFGS-B"",""selected_success"":true,""selected_message"":""CONVERGENCE: NORM OF PROJECTED GRADIENT <= PGTOL"",""selected_iterations"":733,""primary_success"":true,""primary_message"":""CONVERGENCE: NORM OF PROJECTED GRADIENT <= PGTOL"",""primary_iterations"":733,""fallback_used"":false,""fallback_success"":false,""fallback_message"":""not invoked"",""fallback_iterations"":0,""fallback_normalized_projected_gradient"":NaN,""independent_kkt_confirmed"":false,""projected_gradient_N"":0.0031340678507394415,""normalized_projected_gradient"":1.3929190447730852e-05,""accepted"":true}]},{""strain"":0.2,""accepted"":true,""selected_subdivision"":1,""attempts"":[{""strain"":0.2,""subdivision"":1,""substep"":1,""optimizer_method"":""L-BFGS-B"",""selected_success"":true,""selected_message"":""CONVERGENCE: NORM OF PROJECTED GRADIENT <= PGTOL"",""selected_iterations"":776,""primary_success"":true,""primary_message"":""CONVERGENCE: NORM OF PROJECTED GRADIENT <= PGTOL"",""primary_iterations"":776,""fallback_used"":false,""fallback_success"":false,""fallback_message"":""not invoked"",""fallback_iterations"":0,""fallback_normalized_projected_gradient"":NaN,""independent_kkt_confirmed"":false,""projected_gradient_N"":0.0027595043648578343,""normalized_projected_gradient"":1.2264463843812597e-05,""accepted"":true}]}]",6.235073577998264
D041,train,9.994090180760143,0.1,6.937538131030297,0.1,0.1,0.1708780132198619,0.0,7.897745576465664,4.0,0.25,0.5799852457310642,0.00580328209212688,0.40260490799255505,0.00580328209212688,0.1708780132198619,0.0,0.506473646342764,0.0625,d06c8aa5a844044b059518a454bb52ff40e1addc084e0ee363b3e8e1614a100f,12.890584133363275,1.48049873433389,1.0095276902659447,1.0095276902659447,0.506473646342764,0.0625,0.03165460289642275,0.2476405574711292,0.10201158046113558,0.22701158046113556,1.0,16.0,12.890683266919176,f141ffbd04ef138b9650f2a9878eed8fa60e248adf3e7f5898dbf890fce55fc4,0.125,0.0,0.0,0.2,13.561039451364406,6.584897271412668,6.506755725107144,37.73681245350033,45.99404588543228,46.29762494122608,0.0,0.03616277187030508,0.0013622133702733104,0.001346048279951654,0.6289468742250055,0.7665674314238713,0.7716270823537681,21.197695634978,5.98258313424003,0.005929425614399869,0.0021401621267460274,0.00942754604147793,0.0022032352514653295,True,1.4538331929948356e-05,0.0015299903691919495,0.013789602787850797,3.677227410093546e-05,True,1,0,0,"[{""strain"":0.0,""accepted"":true,""selected_subdivision"":1,""attempts"":[]},{""strain"":0.05,""accepted"":true,""selected_subdivision"":1,""attempts"":[{""strain"":0.05,""subdivision"":1,""substep"":1,""optimizer_method"":""L-BFGS-B"",""selected_success"":true,""selected_message"":""CONVERGENCE: NORM OF PROJECTED GRADIENT <= PGTOL"",""selected_iterations"":845,""primary_success"":true,""primary_message"":""CONVERGENCE: NORM OF PROJECTED GRADIENT <= PGTOL"",""primary_iterations"":845,""fallback_used"":false,""fallback_success"":false,""fallback_message"":""not invoked"",""fallback_iterations"":0,""fallback_normalized_projected_gradient"":NaN,""independent_kkt_confirmed"":false,""projected_gradient_N"":0.0054518744737306335,""normalized_projected_gradient"":1.4538331929948356e-05,""accepted"":true}]},{""strain"":0.1,""accepted"":true,""selected_subdivision"":1,""attempts"":[{""strain"":0.1,""subdivision"":1,""substep"":1,""optimizer_method"":""L-BFGS-B"",""selected_success"":true,""selected_message"":""CONVERGENCE: NORM OF PROJECTED GRADIENT <= PGTOL"",""selected_iterations"":620,""primary_success"":true,""primary_message"":""CONVERGENCE: NORM OF PROJECTED GRADIENT <= PGTOL"",""primary_iterations"":620,""fallback_used"":false,""fallback_success"":false,""fallback_message"":""not invoked"",""fallback_iterations"":0,""fallback_normalized_projected_gradient"":NaN,""independent_kkt_confirmed"":false,""projected_gradient_N"":0.005242303861907133,""normalized_projected_gradient"":1.3979476965085687e-05,""accepted"":true}]},{""strain"":0.15,""accepted"":true,""selected_subdivision"":1,""attempts"":[{""strain"":0.15,""subdivision"":1,""substep"":1,""optimizer_method"":""L-BFGS-B"",""selected_success"":true,""selected_message"":""CONVERGENCE: NORM OF PROJECTED GRADIENT <= PGTOL"",""selected_iterations"":603,""primary_success"":true,""primary_message"":""CONVERGENCE: NORM OF PROJECTED GRADIENT <= PGTOL"",""primary_iterations"":603,""fallback_used"":false,""fallback_success"":false,""fallback_message"":""not invoked"",""fallback_iterations"":0,""fallback_normalized_projected_gradient"":NaN,""independent_kkt_confirmed"":false,""projected_gradient_N"":0.005374802070755358,""normalized_projected_gradient"":1.4332805522014287e-05,""accepted"":true}]},{""strain"":0.2,""accepted"":true,""selected_subdivision"":1,""attempts"":[{""strain"":0.2,""subdivision"":1,""substep"":1,""optimizer_method"":""L-BFGS-B"",""selected_success"":true,""selected_message"":""CONVERGENCE: NORM OF PROJECTED GRADIENT <= PGTOL"",""selected_iterations"":574,""primary_success"":true,""primary_message"":""CONVERGENCE: NORM OF PROJECTED GRADIENT <= PGTOL"",""primary_iterations"":574,""fallback_used"":false,""fallback_success"":false,""fallback_message"":""not invoked"",""fallback_iterations"":0,""fallback_normalized_projected_gradient"":NaN,""independent_kkt_confirmed"":false,""projected_gradient_N"":0.005225819103090501,""normalized_projected_gradient"":1.3935517608241336e-05,""accepted"":true}]}]",4.2961681040033
D042,train,7.412760023353634,4.668335928362747,9.654418824027632,3.69836238491969,0.1,0.002594805425460014,0.0,7.895882052866694,3.9901285829770208,0.15,0.29031078894565154,0.18282910577930428,0.37810234471170623,0.14484139489075373,0.002594805425460014,0.0,0.5053429821090548,0.03759277348603275,d06c8aa5a844044b059518a454bb52ff40e1addc084e0ee363b3e8e1614a100f,12.069731258576665,1.1953154447846368,1.2585492256891855,1.1953154447846368,0.5053429821090548,0.03759277348603275,0.018997244259182,0.12548988692020616,0.05746472277612453,0.13265026974819003,1.0,16.0,12.069790516758381,f141ffbd04ef138b9650f2a9878eed8fa60e248adf3e7f5898dbf890fce55fc4,0.075,0.0,0.0,0.2,3.310658231255152,1.550700030783332,1.5363270956350354,28.35719305046713,34.06984112300557,34.09325089810786,0.0,0.014714036583356231,0.0005710152106259535,0.0005657226560195852,0.47261988417445217,0.5678306853834261,0.5682208483017976,38.59108832349427,3.031626518180647,0.004264768229220312,0.0011969929217171217,0.009023674991308898,0.000984807081008895,True,1.4962288621514434e-05,0.0015681931176914935,0.0043591270456175835,1.9373897980522595e-05,True,1,0,0,"[{""strain"":0.0,""accepted"":true,""selected_subdivision"":1,""attempts"":[]},{""strain"":0.05,""accepted"":true,""selected_subdivision"":1,""attempts"":[{""strain"":0.05,""subdivision"":1,""substep"":1,""optimizer_method"":""L-BFGS-B"",""selected_success"":true,""selected_message"":""CONVERGENCE: NORM OF PROJECTED GRADIENT <= PGTOL"",""selected_iterations"":763,""primary_success"":true,""primary_message"":""CONVERGENCE: NORM OF PROJECTED GRADIENT <= PGTOL"",""primary_iterations"":763,""fallback_used"":false,""fallback_success"":false,""fallback_message"":""not invoked"",""fallback_iterations"":0,""fallback_normalized_projected_gradient"":NaN,""independent_kkt_confirmed"":false,""projected_gradient_N"":0.00327392929588205,""normalized_projected_gradient"":1.4550796870586887e-05,""accepted"":true}]},{""strain"":0.1,""accepted"":true,""selected_subdivision"":1,""attempts"":[{""strain"":0.1,""subdivision"":1,""substep"":1,""optimizer_method"":""L-BFGS-B"",""selected_success"":true,""selected_message"":""CONVERGENCE: NORM OF PROJECTED GRADIENT <= PGTOL"",""selected_iterations"":852,""primary_success"":true,""primary_message"":""CONVERGENCE: NORM OF PROJECTED GRADIENT <= PGTOL"",""primary_iterations"":852,""fallback_used"":false,""fallback_success"":false,""fallback_message"":""not invoked"",""fallback_iterations"":0,""fallback_normalized_projected_gradient"":NaN,""independent_kkt_confirmed"":false,""projected_gradient_N"":0.0029631214723999655,""normalized_projected_gradient"":1.3169428766222068e-05,""accepted"":true}]},{""strain"":0.15,""accepted"":true,""selected_subdivision"":1,""attempts"":[{""strain"":0.15,""subdivision"":1,""substep"":1,""optimizer_method"":""L-BFGS-B"",""selected_success"":true,""selected_message"":""CONVERGENCE: NORM OF PROJECTED GRADIENT <= PGTOL"",""selected_iterations"":943,""primary_success"":true,""primary_message"":""CONVERGENCE: NORM OF PROJECTED GRADIENT <= PGTOL"",""primary_iterations"":943,""fallback_used"":false,""fallback_success"":false,""fallback_message"":""not invoked"",""fallback_iterations"":0,""fallback_normalized_projected_gradient"":NaN,""independent_kkt_confirmed"":false,""projected_gradient_N"":0.003366514939840748,""normalized_projected_gradient"":1.4962288621514434e-05,""accepted"":true}]},{""strain"":0.2,""accepted"":true,""selected_subdivision"":1,""attempts"":[{""strain"":0.2,""subdivision"":1,""substep"":1,""optimizer_method"":""L-BFGS-B"",""selected_success"":true,""selected_message"":""CONVERGENCE: NORM OF PROJECTED GRADIENT <= PGTOL"",""selected_iterations"":762,""primary_success"":true,""primary_message"":""CONVERGENCE: NORM OF PROJECTED GRADIENT <= PGTOL"",""primary_iterations"":762,""fallback_used"":false,""fallback_success"":false,""fallback_message"":""not invoked"",""fallback_iterations"":0,""fallback_normalized_projected_gradient"":NaN,""independent_kkt_confirmed"":false,""projected_gradient_N"":0.002878358472728021,""normalized_projected_gradient"":1.2792704323235648e-05,""accepted"":true}]}]",6.761564532003831
D043,train,0.1,0.1,10.0,3.5851293773290047,8.177894181423689,0.0,0.0,7.9,4.0,0.15,0.004553107168168021,0.004553107168168021,0.4553107168168021,0.16323478266726446,0.0,0.0,0.5063291139240506,0.0375,d06c8aa5a844044b059518a454bb52ff40e1addc084e0ee363b3e8e1614a100f,12.50907088918748,1.7340877369450047,1.1597751425565173,1.1597751425565173,0.5063291139240506,0.0375,0.018987341772151896,0.1293354155438715,0.059378501056269684,0.13437850105626967,1.0,16.0,12.509148475267331,f141ffbd04ef138b9650f2a9878eed8fa60e248adf3e7f5898dbf890fce55fc4,0.075,0.0,0.0,0.2,3.388508120536222,1.621391445949418,1.6045166302413576,28.739330523399154,34.733898974187824,34.84344231827054,0.0,0.015060036091272098,0.0005760766941091106,0.0005700811104571272,0.47898884205665254,0.5788983162364637,0.5807240386378424,38.439371109605695,3.124528080514029,0.004242353545962024,0.001190176180324678,0.008856894302060294,0.0009465934897963655,True,1.440047756325866e-05,0.004845002596689409,0.006119697327001017,2.7198654786671186e-05,True,1,0,0,"[{""strain"":0.0,""accepted"":true,""selected_subdivision"":1,""attempts"":[]},{""strain"":0.05,""accepted"":true,""selected_subdivision"":1,""attempts"":[{""strain"":0.05,""subdivision"":1,""substep"":1,""optimizer_method"":""L-BFGS-B"",""selected_success"":true,""selected_message"":""CONVERGENCE: NORM OF PROJECTED GRADIENT <= PGTOL"",""selected_iterations"":844,""primary_success"":true,""primary_message"":""CONVERGENCE: NORM OF PROJECTED GRADIENT <= PGTOL"",""primary_iterations"":844,""fallback_used"":false,""fallback_success"":false,""fallback_message"":""not invoked"",""fallback_iterations"":0,""fallback_normalized_projected_gradient"":NaN,""independent_kkt_confirmed"":false,""projected_gradient_N"":0.0021147854274498057,""normalized_projected_gradient"":9.399046344221359e-06,""accepted"":true}]},{""strain"":0.1,""accepted"":true,""selected_subdivision"":1,""attempts"":[{""strain"":0.1,""subdivision"":1,""substep"":1,""optimizer_method"":""L-BFGS-B"",""selected_success"":true,""selected_message"":""CONVERGENCE: NORM OF PROJECTED GRADIENT <= PGTOL"",""selected_iterations"":829,""primary_success"":true,""primary_message"":""CONVERGENCE: NORM OF PROJECTED GRADIENT <= PGTOL"",""primary_iterations"":829,""fallback_used"":false,""fallback_success"":false,""fallback_message"":""not invoked"",""fallback_iterations"":0,""fallback_normalized_projected_gradient"":NaN,""independent_kkt_confirmed"":false,""projected_gradient_N"":0.0031534515604205726,""normalized_projected_gradient"":1.4015340268535879e-05,""accepted"":true}]},{""strain"":0.15,""accepted"":true,""selected_subdivision"":1,""attempts"":[{""strain"":0.15,""subdivision"":1,""substep"":1,""optimizer_method"":""L-BFGS-B"",""selected_success"":true,""selected_message"":""CONVERGENCE: NORM OF PROJECTED GRADIENT <= PGTOL"",""selected_iterations"":818,""primary_success"":true,""primary_message"":""CONVERGENCE: NORM OF PROJECTED GRADIENT <= PGTOL"",""primary_iterations"":818,""fallback_used"":false,""fallback_success"":false,""fallback_message"":""not invoked"",""fallback_iterations"":0,""fallback_normalized_projected_gradient"":NaN,""independent_kkt_confirmed"":false,""projected_gradient_N"":0.0032401074517331985,""normalized_projected_gradient"":1.440047756325866e-05,""accepted"":true}]},{""strain"":0.2,""accepted"":true,""selected_subdivision"":1,""attempts"":[{""strain"":0.2,""subdivision"":1,""substep"":1,""optimizer_method"":""L-BFGS-B"",""selected_success"":true,""selected_message"":""CONVERGENCE: NORM OF PROJECTED GRADIENT <= PGTOL"",""selected_iterations"":723,""primary_success"":true,""primary_message"":""CONVERGENCE: NORM OF PROJECTED GRADIENT <= PGTOL"",""primary_iterations"":723,""fallback_used"":false,""fallback_success"":false,""fallback_message"":""not invoked"",""fallback_iterations"":0,""fallback_normalized_projected_gradient"":NaN,""independent_kkt_confirmed"":false,""projected_gradient_N"":0.0029632995761021963,""normalized_projected_gradient"":1.3170220338231983e-05,""accepted"":true}]}]",5.174228160001803
D044,test,9.182421712424066,0.1,6.303663537788967,0.10672007101684765,0.1,0.041510531968165926,0.05411098135903441,7.875233250839573,2.77111112707028,0.15,0.581430691105928,0.0063319972586233595,0.3991478024056377,0.006757511971187695,0.041510531968165926,0.05411098135903441,0.3518767049566251,0.0541299114765511,d06c8aa5a844044b059518a454bb52ff40e1addc084e0ee363b3e8e1614a100f,10.937194383982142,1.0550388276644584,1.066340259611758,1.0550388276644584,0.3518767049566251,0.0541299114765511,0.019047054889962604,0.1421748622579657,0.07517610525931652,0.1834359282124187,1.0,16.0,10.937276062994231,f141ffbd04ef138b9650f2a9878eed8fa60e248adf3e7f5898dbf890fce55fc4,0.075,0.0,0.0,0.2,3.1542120830888107,0.9251808199354961,0.9233461661555015,23.7150458336968,28.153494373658077,28.159386168476804,0.0,0.014018720369283604,0.00037595699691420835,0.0003752114659751297,0.3952507638949466,0.46922490622763463,0.4693231028079467,33.47130792734497,3.4347077140486877,0.0020454633376981364,0.000949299786995116,0.0051751028069911545,0.0013519537944228254,True,1.4961370062614166e-05,0.003475337586138028,0.0032568057963274777,1.4474692428122122e-05,True,1,0,0,"[{""strain"":0.0,""accepted"":true,""selected_subdivision"":1,""attempts"":[]},{""strain"":0.05,""accepted"":true,""selected_subdivision"":1,""attempts"":[{""strain"":0.05,""subdivision"":1,""substep"":1,""optimizer_method"":""L-BFGS-B"",""selected_success"":true,""selected_message"":""CONVERGENCE: NORM OF PROJECTED GRADIENT <= PGTOL"",""selected_iterations"":898,""primary_success"":true,""primary_message"":""CONVERGENCE: NORM OF PROJECTED GRADIENT <= PGTOL"",""primary_iterations"":898,""fallback_used"":false,""fallback_success"":false,""fallback_message"":""not invoked"",""fallback_iterations"":0,""fallback_normalized_projected_gradient"":NaN,""independent_kkt_confirmed"":false,""projected_gradient_N"":0.0033663082640881872,""normalized_projected_gradient"":1.4961370062614166e-05,""accepted"":true}]},{""strain"":0.1,""accepted"":true,""selected_subdivision"":1,""attempts"":[{""strain"":0.1,""subdivision"":1,""substep"":1,""optimizer_method"":""L-BFGS-B"",""selected_success"":true,""selected_message"":""CONVERGENCE: NORM OF PROJECTED GRADIENT <= PGTOL"",""selected_iterations"":707,""primary_success"":true,""primary_message"":""CONVERGENCE: NORM OF PROJECTED GRADIENT <= PGTOL"",""primary_iterations"":707,""fallback_used"":false,""fallback_success"":false,""fallback_message"":""not invoked"",""fallback_iterations"":0,""fallback_normalized_projected_gradient"":NaN,""independent_kkt_confirmed"":false,""projected_gradient_N"":0.0025603736582203926,""normalized_projected_gradient"":1.1379438480979523e-05,""accepted"":true}]},{""strain"":0.15,""accepted"":true,""selected_subdivision"":1,""attempts"":[{""strain"":0.15,""subdivision"":1,""substep"":1,""optimizer_method"":""L-BFGS-B"",""selected_success"":true,""selected_message"":""CONVERGENCE: NORM OF PROJECTED GRADIENT <= PGTOL"",""selected_iterations"":601,""primary_success"":true,""primary_message"":""CONVERGENCE: NORM OF PROJECTED GRADIENT <= PGTOL"",""primary_iterations"":601,""fallback_used"":false,""fallback_success"":false,""fallback_message"":""not invoked"",""fallback_iterations"":0,""fallback_normalized_projected_gradient"":NaN,""independent_kkt_confirmed"":false,""projected_gradient_N"":0.0031370793788991214,""normalized_projected_gradient"":1.3942575017329428e-05,""accepted"":true}]},{""strain"":0.2,""accepted"":true,""selected_subdivision"":1,""attempts"":[{""strain"":0.2,""subdivision"":1,""substep"":1,""optimizer_method"":""L-BFGS-B"",""selected_success"":true,""selected_message"":""CONVERGENCE: NORM OF PROJECTED GRADIENT <= PGTOL"",""selected_iterations"":557,""primary_success"":true,""primary_message"":""CONVERGENCE: NORM OF PROJECTED GRADIENT <= PGTOL"",""primary_iterations"":557,""fallback_used"":false,""fallback_success"":false,""fallback_message"":""not invoked"",""fallback_iterations"":0,""fallback_normalized_projected_gradient"":NaN,""independent_kkt_confirmed"":false,""projected_gradient_N"":0.00324492250393823,""normalized_projected_gradient"":1.4421877795281022e-05,""accepted"":true}]}]",4.4677005679986905
D045,train,0.1089776934295784,10.0,8.9113648183197,4.22470329882336,10.0,0.05616216804300321,0.15657430717516446,7.877615097896387,3.4416934439205145,0.15584783530035248,0.0032780130323935715,0.3007966978592578,0.26805091107697304,0.12707768017211798,0.05616216804300321,0.15657430717516446,0.4368953548948556,0.045282311699098486,d06c8aa5a844044b059518a454bb52ff40e1addc084e0ee363b3e8e1614a100f,11.112626043968756,0.9700682466053853,1.262127835928804,0.9700682466053853,0.4368953548948556,0.045282311699098486,0.019783631640237106,0.16065656807726636,0.06387788563735329,0.15444250903555026,1.0,16.0,11.112669594855717,f141ffbd04ef138b9650f2a9878eed8fa60e248adf3e7f5898dbf890fce55fc4,0.07792391765017624,0.0,0.0,0.2,3.8047855441454876,1.5124134166841028,1.498796282171309,28.269744042177265,34.346515363496636,34.41713224908974,0.0,0.016275642784569718,0.0005821860406791244,0.000576944282347742,0.4711624007029544,0.5724419227249439,0.5736188708181623,35.1716936960335,3.8811949237999595,0.003735657274351444,0.00122451257037269,0.007928598013716717,0.0011313627484236892,True,1.4547031806234641e-05,0.0023663509201575783,0.007002887091076548,2.995608751994307e-05,True,1,0,0,"[{""strain"":0.0,""accepted"":true,""selected_subdivision"":1,""attempts"":[]},{""strain"":0.05,""accepted"":true,""selected_subdivision"":1,""attempts"":[{""strain"":0.05,""subdivision"":1,""substep"":1,""optimizer_method"":""L-BFGS-B"",""selected_success"":true,""selected_message"":""CONVERGENCE: NORM OF PROJECTED GRADIENT <= PGTOL"",""selected_iterations"":867,""primary_success"":true,""primary_message"":""CONVERGENCE: NORM OF PROJECTED GRADIENT <= PGTOL"",""primary_iterations"":867,""fallback_used"":false,""fallback_success"":false,""fallback_message"":""not invoked"",""fallback_iterations"":0,""fallback_normalized_projected_gradient"":NaN,""independent_kkt_confirmed"":false,""projected_gradient_N"":0.0026804826901320467,""normalized_projected_gradient"":1.1466238569461795e-05,""accepted"":true}]},{""strain"":0.1,""accepted"":true,""selected_subdivision"":1,""attempts"":[{""strain"":0.1,""subdivision"":1,""substep"":1,""optimizer_method"":""L-BFGS-B"",""selected_success"":true,""selected_message"":""CONVERGENCE: NORM OF PROJECTED GRADIENT <= PGTOL"",""selected_iterations"":1017,""primary_success"":true,""primary_message"":""CONVERGENCE: NORM OF PROJECTED GRADIENT <= PGTOL"",""primary_iterations"":1017,""fallback_used"":false,""fallback_success"":false,""fallback_message"":""not invoked"",""fallback_iterations"":0,""fallback_normalized_projected_gradient"":NaN,""independent_kkt_confirmed"":false,""projected_gradient_N"":0.0029219679029762746,""normalized_projected_gradient"":1.249923425776179e-05,""accepted"":true}]},{""strain"":0.15,""accepted"":true,""selected_subdivision"":1,""attempts"":[{""strain"":0.15,""subdivision"":1,""substep"":1,""optimizer_method"":""L-BFGS-B"",""selected_success"":true,""selected_message"":""CONVERGENCE: NORM OF PROJECTED GRADIENT <= PGTOL"",""selected_iterations"":860,""primary_success"":true,""primary_message"":""CONVERGENCE: NORM OF PROJECTED GRADIENT <= PGTOL"",""primary_iterations"":860,""fallback_used"":false,""fallback_success"":false,""fallback_message"":""not invoked"",""fallback_iterations"":0,""fallback_normalized_projected_gradient"":NaN,""independent_kkt_confirmed"":false,""projected_gradient_N"":0.003391547346999424,""normalized_projected_gradient"":1.4507943342997262e-05,""accepted"":true}]},{""strain"":0.2,""accepted"":true,""selected_subdivision"":1,""attempts"":[{""strain"":0.2,""subdivision"":1,""substep"":1,""optimizer_method"":""L-BFGS-B"",""selected_success"":true,""selected_message"":""CONVERGENCE: NORM OF PROJECTED GRADIENT <= PGTOL"",""selected_iterations"":615,""primary_success"":true,""primary_message"":""CONVERGENCE: NORM OF PROJECTED GRADIENT <= PGTOL"",""primary_iterations"":615,""fallback_used"":false,""fallback_success"":false,""fallback_message"":""not invoked"",""fallback_iterations"":0,""fallback_normalized_projected_gradient"":NaN,""independent_kkt_confirmed"":false,""projected_gradient_N"":0.0034006851255705683,""normalized_projected_gradient"":1.4547031806234641e-05,""accepted"":true}]}]",5.67161519399815
D046,train,3.9734885996572125,4.165185740177483,6.653304771215604,5.955316277558207,0.1,0.13751504794938121,0.157971209551448,7.9,2.388617902585863,0.15,0.19059971692195754,0.19979501717299245,0.319144745022951,0.28566373558520897,0.13751504794938121,0.157971209551448,0.30235669652985603,0.06279782121603185,d06c8aa5a844044b059518a454bb52ff40e1addc084e0ee363b3e8e1614a100f,9.570451102258202,0.9969145224630873,1.0027046785645546,0.9969145224630873,0.30235669652985603,0.06279782121603185,0.018987341772151896,0.15046425407606,0.07607638952865639,0.20167203196072006,1.0,16.0,9.570475301117236,f141ffbd04ef138b9650f2a9878eed8fa60e248adf3e7f5898dbf890fce55fc4,0.075,0.0,0.0,0.2,2.769185764888979,0.7088283351016627,0.7054036141295725,22.06032018785076,26.436516213818482,26.46007142765017,0.0,0.012307492288395462,0.000329174468616641,0.0003275840543367345,0.36767200313084597,0.44060860356364134,0.4410011904608362,35.80003084617686,3.634965604720816,0.0016243405253165621,0.0008909681769273983,0.0044179064804629594,0.001068922459370766,True,1.4847644197323688e-05,0.007833458582769993,0.006328425622863065,2.8126336101613624e-05,True,1,0,0,"[{""strain"":0.0,""accepted"":true,""selected_subdivision"":1,""attempts"":[]},{""strain"":0.05,""accepted"":true,""selected_subdivision"":1,""attempts"":[{""strain"":0.05,""subdivision"":1,""substep"":1,""optimizer_method"":""L-BFGS-B"",""selected_success"":true,""selected_message"":""CONVERGENCE: NORM OF PROJECTED GRADIENT <= PGTOL"",""selected_iterations"":609,""primary_success"":true,""primary_message"":""CONVERGENCE: NORM OF PROJECTED GRADIENT <= PGTOL"",""primary_iterations"":609,""fallback_used"":false,""fallback_success"":false,""fallback_message"":""not invoked"",""fallback_iterations"":0,""fallback_normalized_projected_gradient"":NaN,""independent_kkt_confirmed"":false,""projected_gradient_N"":0.0033407199443978297,""normalized_projected_gradient"":1.4847644197323688e-05,""accepted"":true}]},{""strain"":0.1,""accepted"":true,""selected_subdivision"":1,""attempts"":[{""strain"":0.1,""subdivision"":1,""substep"":1,""optimizer_method"":""L-BFGS-B"",""selected_success"":true,""selected_message"":""CONVERGENCE: NORM OF PROJECTED GRADIENT <= PGTOL"",""selected_iterations"":610,""primary_success"":true,""primary_message"":""CONVERGENCE: NORM OF PROJECTED GRADIENT <= PGTOL"",""primary_iterations"":610,""fallback_used"":false,""fallback_success"":false,""fallback_message"":""not invoked"",""fallback_iterations"":0,""fallback_normalized_projected_gradient"":NaN,""independent_kkt_confirmed"":false,""projected_gradient_N"":0.0025248586118908067,""normalized_projected_gradient"":1.1221593830625808e-05,""accepted"":true}]},{""strain"":0.15,""accepted"":true,""selected_subdivision"":1,""attempts"":[{""strain"":0.15,""subdivision"":1,""substep"":1,""optimizer_method"":""L-BFGS-B"",""selected_success"":true,""selected_message"":""CONVERGENCE: NORM OF PROJECTED GRADIENT <= PGTOL"",""selected_iterations"":560,""primary_success"":true,""primary_message"":""CONVERGENCE: NORM OF PROJECTED GRADIENT <= PGTOL"",""primary_iterations"":560,""fallback_used"":false,""fallback_success"":false,""fallback_message"":""not invoked"",""fallback_iterations"":0,""fallback_normalized_projected_gradient"":NaN,""independent_kkt_confirmed"":false,""projected_gradient_N"":0.0031687758819856082,""normalized_projected_gradient"":1.4083448364380482e-05,""accepted"":true}]},{""strain"":0.2,""accepted"":true,""selected_subdivision"":1,""attempts"":[{""strain"":0.2,""subdivision"":1,""substep"":1,""optimizer_method"":""L-BFGS-B"",""selected_success"":true,""selected_message"":""CONVERGENCE: NORM OF PROJECTED GRADIENT <= PGTOL"",""selected_iterations"":469,""primary_success"":true,""primary_message"":""CONVERGENCE: NORM OF PROJECTED GRADIENT <= PGTOL"",""primary_iterations"":469,""fallback_used"":false,""fallback_success"":false,""fallback_message"":""not invoked"",""fallback_iterations"":0,""fallback_normalized_projected_gradient"":NaN,""independent_kkt_confirmed"":false,""projected_gradient_N"":0.002440279833189063,""normalized_projected_gradient"":1.0845688147506946e-05,""accepted"":true}]}]",3.74487289100216
D047,train,0.10517275473774135,0.1,9.95676714281908,10.0,10.0,0.04181430788742697,0.20594886501532242,7.877649141235888,2.2,0.15,0.0034869360225155996,0.003315436617791955,0.3301103038013016,0.3315436617791955,0.04181430788742697,0.20594886501532242,0.27927113286678473,0.06818181818181818,d06c8aa5a844044b059518a454bb52ff40e1addc084e0ee363b3e8e1614a100f,9.646036468247102,2.3770606624332027,0.9090124916005865,0.9090124916005865,0.27927113286678473,0.06818181818181818,0.019041213604553502,0.16501423400230775,0.08348738219509359,0.21985101855872993,1.0,16.0,9.646079228204984,f141ffbd04ef138b9650f2a9878eed8fa60e248adf3e7f5898dbf890fce55fc4,0.075,0.0,0.0,0.2,2.837011619360086,0.6688874976728911,0.666836983937679,21.612054163105327,26.227500985673316,26.234140126488303,0.0,0.01260894053048927,0.0003081922127058739,0.0003072474314572522,0.36020090271842214,0.4371250164278886,0.437235668774805,34.667862487803056,3.986468869772418,0.0013975256219937668,0.0008529890656532725,0.0038798504152729642,0.0010948557471340636,True,1.4415132305216133e-05,0.004514656370011688,0.008327943446931663,3.701308198636294e-05,True,1,0,0,"[{""strain"":0.0,""accepted"":true,""selected_subdivision"":1,""attempts"":[]},{""strain"":0.05,""accepted"":true,""selected_subdivision"":1,""attempts"":[{""strain"":0.05,""subdivision"":1,""substep"":1,""optimizer_method"":""L-BFGS-B"",""selected_success"":true,""selected_message"":""CONVERGENCE: NORM OF PROJECTED GRADIENT <= PGTOL"",""selected_iterations"":493,""primary_success"":true,""primary_message"":""CONVERGENCE: NORM OF PROJECTED GRADIENT <= PGTOL"",""primary_iterations"":493,""fallback_used"":false,""fallback_success"":false,""fallback_message"":""not invoked"",""fallback_iterations"":0,""fallback_normalized_projected_gradient"":NaN,""independent_kkt_confirmed"":false,""projected_gradient_N"":0.00324340476867363,""normalized_projected_gradient"":1.4415132305216133e-05,""accepted"":true}]},{""strain"":0.1,""accepted"":true,""selected_subdivision"":1,""attempts"":[{""strain"":0.1,""subdivision"":1,""substep"":1,""optimizer_method"":""L-BFGS-B"",""selected_success"":true,""selected_message"":""CONVERGENCE: NORM OF PROJECTED GRADIENT <= PGTOL"",""selected_iterations"":477,""primary_success"":true,""primary_message"":""CONVERGENCE: NORM OF PROJECTED GRADIENT <= PGTOL"",""primary_iterations"":477,""fallback_used"":false,""fallback_success"":false,""fallback_message"":""not invoked"",""fallback_iterations"":0,""fallback_normalized_projected_gradient"":NaN,""independent_kkt_confirmed"":false,""projected_gradient_N"":0.0022014322315659918,""normalized_projected_gradient"":9.784143251404408e-06,""accepted"":true}]},{""strain"":0.15,""accepted"":true,""selected_subdivision"":1,""attempts"":[{""strain"":0.15,""subdivision"":1,""substep"":1,""optimizer_method"":""L-BFGS-B"",""selected_success"":true,""selected_message"":""CONVERGENCE: NORM OF PROJECTED GRADIENT <= PGTOL"",""selected_iterations"":642,""primary_success"":true,""primary_message"":""CONVERGENCE: NORM OF PROJECTED GRADIENT <= PGTOL"",""primary_iterations"":642,""fallback_used"":false,""fallback_success"":false,""fallback_message"":""not invoked"",""fallback_iterations"":0,""fallback_normalized_projected_gradient"":NaN,""independent_kkt_confirmed"":false,""projected_gradient_N"":0.003143274100838589,""normalized_projected_gradient"":1.3970107114838173e-05,""accepted"":true}]},{""strain"":0.2,""accepted"":true,""selected_subdivision"":1,""attempts"":[{""strain"":0.2,""subdivision"":1,""substep"":1,""optimizer_method"":""L-BFGS-B"",""selected_success"":true,""selected_message"":""CONVERGENCE: NORM OF PROJECTED GRADIENT <= PGTOL"",""selected_iterations"":543,""primary_success"":true,""primary_message"":""CONVERGENCE: NORM OF PROJECTED GRADIENT <= PGTOL"",""primary_iterations"":543,""fallback_used"":false,""fallback_success"":false,""fallback_message"":""not invoked"",""fallback_iterations"":0,""fallback_normalized_projected_gradient"":NaN,""independent_kkt_confirmed"":false,""projected_gradient_N"":0.002814394775250584,""normalized_projected_gradient"":1.2508421223335928e-05,""accepted"":true}]}]",3.6986176410064218
D048,test,0.1,0.10576400750120801,9.89319527918681,0.1023768427448622,9.223925048169365,0.0,0.0754678385319073,7.888630481030776,3.911898243335689,0.25,0.00514793593175994,0.005444663345023966,0.5092953545764358,0.00527029427346413,0.0,0.0754678385319073,0.4958906685694494,0.06390759279740982,d06c8aa5a844044b059518a454bb52ff40e1addc084e0ee363b3e8e1614a100f,12.721309670364708,1.3176237601529075,1.4469947608979183,1.3176237601529075,0.4958906685694494,0.06390759279740982,0.031691178918971684,0.18973549776530138,0.10305822794189107,0.2308734135367107,1.0,16.0,12.721406420074631,f141ffbd04ef138b9650f2a9878eed8fa60e248adf3e7f5898dbf890fce55fc4,0.125,0.0,0.0,0.2,13.181451716553731,6.320440934747179,6.251252760444368,37.55456504800482,44.66913484167134,44.69482036795146,0.0,0.03515053791080995,0.0013249036141765903,0.0013104002491205033,0.625909417466747,0.7444855806945223,0.744913672799191,21.179919993928984,4.583693400180073,0.005675838673005713,0.0020935940769578236,0.009068147106617479,0.001948881312924728,True,1.4623350418574432e-05,0.0006286923179190053,0.008292290732699215,2.2112775287197906e-05,True,1,0,0,"[{""strain"":0.0,""accepted"":true,""selected_subdivision"":1,""attempts"":[]},{""strain"":0.05,""accepted"":true,""selected_subdivision"":1,""attempts"":[{""strain"":0.05,""subdivision"":1,""substep"":1,""optimizer_method"":""L-BFGS-B"",""selected_success"":true,""selected_message"":""CONVERGENCE: NORM OF PROJECTED GRADIENT <= PGTOL"",""selected_iterations"":683,""primary_success"":true,""primary_message"":""CONVERGENCE: NORM OF PROJECTED GRADIENT <= PGTOL"",""primary_iterations"":683,""fallback_used"":false,""fallback_success"":false,""fallback_message"":""not invoked"",""fallback_iterations"":0,""fallback_normalized_projected_gradient"":NaN,""independent_kkt_confirmed"":false,""projected_gradient_N"":0.00440788353971433,""normalized_projected_gradient"":1.175435610590488e-05,""accepted"":true}]},{""strain"":0.1,""accepted"":true,""selected_subdivision"":1,""attempts"":[{""strain"":0.1,""subdivision"":1,""substep"":1,""optimizer_method"":""L-BFGS-B"",""selected_success"":true,""selected_message"":""CONVERGENCE: NORM OF PROJECTED GRADIENT <= PGTOL"",""selected_iterations"":725,""primary_success"":true,""primary_message"":""CONVERGENCE: NORM OF PROJECTED GRADIENT <= PGTOL"",""primary_iterations"":725,""fallback_used"":false,""fallback_success"":false,""fallback_message"":""not invoked"",""fallback_iterations"":0,""fallback_normalized_projected_gradient"":NaN,""independent_kkt_confirmed"":false,""projected_gradient_N"":0.005483756406965412,""normalized_projected_gradient"":1.4623350418574432e-05,""accepted"":true}]},{""strain"":0.15,""accepted"":true,""selected_subdivision"":1,""attempts"":[{""strain"":0.15,""subdivision"":1,""substep"":1,""optimizer_method"":""L-BFGS-B"",""selected_success"":true,""selected_message"":""CONVERGENCE: NORM OF PROJECTED GRADIENT <= PGTOL"",""selected_iterations"":592,""primary_success"":true,""primary_message"":""CONVERGENCE: NORM OF PROJECTED GRADIENT <= PGTOL"",""primary_iterations"":592,""fallback_used"":false,""fallback_success"":false,""fallback_message"":""not invoked"",""fallback_iterations"":0,""fallback_normalized_projected_gradient"":NaN,""independent_kkt_confirmed"":false,""projected_gradient_N"":0.004217227350052977,""normalized_projected_gradient"":1.1245939600141271e-05,""accepted"":true}]},{""strain"":0.2,""accepted"":true,""selected_subdivision"":1,""attempts"":[{""strain"":0.2,""subdivision"":1,""substep"":1,""optimizer_method"":""L-BFGS-B"",""selected_success"":true,""selected_message"":""CONVERGENCE: NORM OF PROJECTED GRADIENT <= PGTOL"",""selected_iterations"":603,""primary_success"":true,""primary_message"":""CONVERGENCE: NORM OF PROJECTED GRADIENT <= PGTOL"",""primary_iterations"":603,""fallback_used"":false,""fallback_success"":false,""fallback_message"":""not invoked"",""fallback_iterations"":0,""fallback_normalized_projected_gradient"":NaN,""independent_kkt_confirmed"":false,""projected_gradient_N"":0.00406364552478794,""normalized_projected_gradient"":1.0836388066101173e-05,""accepted"":true}]}]",4.126413974998286
D049,train,0.10509983297615987,5.396625462515962,10.0,1.4400800699881267,10.0,0.06735463105847828,0.20162976107899422,7.9,3.9734016069786158,0.22432950378194239,0.0039009944415536913,0.20030674965199255,0.3711703749746744,0.053451505957104836,0.06735463105847828,0.20162976107899422,0.5029622287314703,0.05645779761802711,d06c8aa5a844044b059518a454bb52ff40e1addc084e0ee363b3e8e1614a100f,12.287864011834523,1.0406062003975924,2.014364754187003,1.0406062003975924,0.5029622287314703,0.05645779761802711,0.028396139719233212,0.21557579005029096,0.08781591639721421,0.20073151163326844,1.0,16.0,12.287931463164368,f141ffbd04ef138b9650f2a9878eed8fa60e248adf3e7f5898dbf890fce55fc4,0.11216475189097119,0.0,0.0,0.2,10.473263878229316,5.147800467203641,5.082613926659283,36.684686651050626,44.424183748320075,44.43292040300461,0.0,0.031124643888155296,0.0012449951333473334,0.0012292297737040215,0.6114114441841771,0.7404030624720013,0.7405486733834101,23.788322370292782,5.207951794631612,0.006123750893431193,0.002010478844314431,0.01001576099315949,0.0016793486106105025,True,1.4216948877381298e-05,0.00047364298916779745,0.004316030932869808,1.2826462443582304e-05,True,1,0,0,"[{""strain"":0.0,""accepted"":true,""selected_subdivision"":1,""attempts"":[]},{""strain"":0.05,""accepted"":true,""selected_subdivision"":1,""attempts"":[{""strain"":0.05,""subdivision"":1,""substep"":1,""optimizer_method"":""L-BFGS-B"",""selected_success"":true,""selected_message"":""CONVERGENCE: NORM OF PROJECTED GRADIENT <= PGTOL"",""selected_iterations"":916,""primary_success"":true,""primary_message"":""CONVERGENCE: NORM OF PROJECTED GRADIENT <= PGTOL"",""primary_iterations"":916,""fallback_used"":false,""fallback_success"":false,""fallback_message"":""not invoked"",""fallback_iterations"":0,""fallback_normalized_projected_gradient"":NaN,""independent_kkt_confirmed"":false,""projected_gradient_N"":0.004783921630434285,""normalized_projected_gradient"":1.4216948877381298e-05,""accepted"":true}]},{""strain"":0.1,""accepted"":true,""selected_subdivision"":1,""attempts"":[{""strain"":0.1,""subdivision"":1,""substep"":1,""optimizer_method"":""L-BFGS-B"",""selected_success"":true,""selected_message"":""CONVERGENCE: NORM OF PROJECTED GRADIENT <= PGTOL"",""selected_iterations"":633,""primary_success"":true,""primary_message"":""CONVERGENCE: NORM OF PROJECTED GRADIENT <= PGTOL"",""primary_iterations"":633,""fallback_used"":false,""fallback_success"":false,""fallback_message"":""not invoked"",""fallback_iterations"":0,""fallback_normalized_projected_gradient"":NaN,""independent_kkt_confirmed"":false,""projected_gradient_N"":0.003861810909055574,""normalized_projected_gradient"":1.1476602776867059e-05,""accepted"":true}]},{""strain"":0.15,""accepted"":true,""selected_subdivision"":1,""attempts"":[{""strain"":0.15,""subdivision"":1,""substep"":1,""optimizer_method"":""L-BFGS-B"",""selected_success"":true,""selected_message"":""CONVERGENCE: NORM OF PROJECTED GRADIENT <= PGTOL"",""selected_iterations"":682,""primary_success"":true,""primary_message"":""CONVERGENCE: NORM OF PROJECTED GRADIENT <= PGTOL"",""primary_iterations"":682,""fallback_used"":false,""fallback_success"":false,""fallback_message"":""not invoked"",""fallback_iterations"":0,""fallback_normalized_projected_gradient"":NaN,""independent_kkt_confirmed"":false,""projected_gradient_N"":0.004348748548951065,""normalized_projected_gradient"":1.2923693274509355e-05,""accepted"":true}]},{""strain"":0.2,""accepted"":true,""selected_subdivision"":1,""attempts"":[{""strain"":0.2,""subdivision"":1,""substep"":1,""optimizer_method"":""L-BFGS-B"",""selected_success"":true,""selected_message"":""CONVERGENCE: NORM OF PROJECTED GRADIENT <= PGTOL"",""selected_iterations"":732,""primary_success"":true,""primary_message"":""CONVERGENCE: NORM OF PROJECTED GRADIENT <= PGTOL"",""primary_iterations"":732,""fallback_used"":false,""fallback_success"":false,""fallback_message"":""not invoked"",""fallback_iterations"":0,""fallback_normalized_projected_gradient"":NaN,""independent_kkt_confirmed"":false,""projected_gradient_N"":0.004445066686247667,""normalized_projected_gradient"":1.3209933338560337e-05,""accepted"":true}]}]",4.799026960004994
D050,train,0.10135893556415064,2.641491032007587,4.960828904627748,6.953829498950939,9.285192009243126,0.15041450582730784,0.10003892996762236,7.857598103578299,2.2,0.15,0.004233396148044876,0.11032552678020725,0.20719588124195565,0.29043630787132785,0.15041450582730784,0.10003892996762236,0.279983777612415,0.06818181818181818,d06c8aa5a844044b059518a454bb52ff40e1addc084e0ee363b3e8e1614a100f,9.47338143991229,1.194990665615725,0.9395406396129067,0.9395406396129067,0.279983777612415,0.06818181818181818,0.019089803019028292,0.15965248726420223,0.08220226618729282,0.21856590255092917,1.0,16.0,9.473409473208928,f141ffbd04ef138b9650f2a9878eed8fa60e248adf3e7f5898dbf890fce55fc4,0.075,0.0,0.0,0.2,2.8804156410894426,0.6676527109450338,0.6666974022388399,21.536674579343423,25.987246309185764,26.06150875625818,0.0,0.012801847293730855,0.0003132298008688016,0.0003127816170287543,0.35894457632239035,0.4331207718197627,0.4343584792709697,33.832677572389464,3.856938004824352,0.0014310631867926948,0.0008713925147815181,0.003986863937198395,0.001190833084151304,True,1.44310845836519e-05,0.004172494795450012,0.00935673683664806,4.158549705176916e-05,True,1,0,0,"[{""strain"":0.0,""accepted"":true,""selected_subdivision"":1,""attempts"":[]},{""strain"":0.05,""accepted"":true,""selected_subdivision"":1,""attempts"":[{""strain"":0.05,""subdivision"":1,""substep"":1,""optimizer_method"":""L-BFGS-B"",""selected_success"":true,""selected_message"":""CONVERGENCE: NORM OF PROJECTED GRADIENT <= PGTOL"",""selected_iterations"":597,""primary_success"":true,""primary_message"":""CONVERGENCE: NORM OF PROJECTED GRADIENT <= PGTOL"",""primary_iterations"":597,""fallback_used"":false,""fallback_success"":false,""fallback_message"":""not invoked"",""fallback_iterations"":0,""fallback_normalized_projected_gradient"":NaN,""independent_kkt_confirmed"":false,""projected_gradient_N"":0.0032469940313216775,""normalized_projected_gradient"":1.44310845836519e-05,""accepted"":true}]},{""strain"":0.1,""accepted"":true,""selected_subdivision"":1,""attempts"":[{""strain"":0.1,""subdivision"":1,""substep"":1,""optimizer_method"":""L-BFGS-B"",""selected_success"":true,""selected_message"":""CONVERGENCE: NORM OF PROJECTED GRADIENT <= PGTOL"",""selected_iterations"":614,""primary_success"":true,""primary_message"":""CONVERGENCE: NORM OF PROJECTED GRADIENT <= PGTOL"",""primary_iterations"":614,""fallback_used"":false,""fallback_success"":false,""fallback_message"":""not invoked"",""fallback_iterations"":0,""fallback_normalized_projected_gradient"":NaN,""independent_kkt_confirmed"":false,""projected_gradient_N"":0.0029875271153579908,""normalized_projected_gradient"":1.327789829047996e-05,""accepted"":true}]},{""strain"":0.15,""accepted"":true,""selected_subdivision"":1,""attempts"":[{""strain"":0.15,""subdivision"":1,""substep"":1,""optimizer_method"":""L-BFGS-B"",""selected_success"":true,""selected_message"":""CONVERGENCE: NORM OF PROJECTED GRADIENT <= PGTOL"",""selected_iterations"":534,""primary_success"":true,""primary_message"":""CONVERGENCE: NORM OF PROJECTED GRADIENT <= PGTOL"",""primary_iterations"":534,""fallback_used"":false,""fallback_success"":false,""fallback_message"":""not invoked"",""fallback_iterations"":0,""fallback_normalized_projected_gradient"":NaN,""independent_kkt_confirmed"":false,""projected_gradient_N"":0.0025123948599284074,""normalized_projected_gradient"":1.1166199377459588e-05,""accepted"":true}]},{""strain"":0.2,""accepted"":true,""selected_subdivision"":1,""attempts"":[{""strain"":0.2,""subdivision"":1,""substep"":1,""optimizer_method"":""L-BFGS-B"",""selected_success"":true,""selected_message"":""CONVERGENCE: NORM OF PROJECTED GRADIENT <= PGTOL"",""selected_iterations"":436,""primary_success"":true,""primary_message"":""CONVERGENCE: NORM OF PROJECTED GRADIENT <= PGTOL"",""primary_iterations"":436,""fallback_used"":false,""fallback_success"":false,""fallback_message"":""not invoked"",""fallback_iterations"":0,""fallback_normalized_projected_gradient"":NaN,""independent_kkt_confirmed"":false,""projected_gradient_N"":0.003066330895164393,""normalized_projected_gradient"":1.3628137311841746e-05,""accepted"":true}]}]",3.4567960360000143
D051,train,8.798220775158237,0.1013561121604794,8.598115805332457,0.10007515440387303,0.10802464138740542,0.0444781816077873,0.08629205581983397,5.93394488913264,3.8946153676441044,0.15,0.4969120010245982,0.0057244606377624815,0.485610334072588,0.005652113819203384,0.0444781816077873,0.08629205581983397,0.6563281999427834,0.03851471476392203,d06c8aa5a844044b059518a454bb52ff40e1addc084e0ee363b3e8e1614a100f,11.151862670313966,1.0778958969545862,1.1676463257453018,1.0778958969545862,0.6563281999427834,0.03851471476392203,0.025278293412314683,0.13916000647539323,0.07238200183155956,0.14941143135940363,1.0,16.0,11.151947321199168,f141ffbd04ef138b9650f2a9878eed8fa60e248adf3e7f5898dbf890fce55fc4,0.075,0.0,0.0,0.2,5.348080725234569,2.7252981896455934,2.6809900359223344,35.96169791885344,42.72950380908692,42.74404347573092,0.0,0.023769247667709194,0.001086135720687085,0.0010684772242115913,0.5993616319808907,0.7121583968181153,0.7124007245955153,29.961335199750177,3.3618738231013743,0.007151241471219222,0.0017826920630209066,0.011931430191125787,0.0010383068572566228,True,1.499077144032215e-05,0.0016126894968941652,0.0054129406668508295,2.4057514074892576e-05,True,1,0,0,"[{""strain"":0.0,""accepted"":true,""selected_subdivision"":1,""attempts"":[]},{""strain"":0.05,""accepted"":true,""selected_subdivision"":1,""attempts"":[{""strain"":0.05,""subdivision"":1,""substep"":1,""optimizer_method"":""L-BFGS-B"",""selected_success"":true,""selected_message"":""CONVERGENCE: NORM OF PROJECTED GRADIENT <= PGTOL"",""selected_iterations"":1077,""primary_success"":true,""primary_message"":""CONVERGENCE: NORM OF PROJECTED GRADIENT <= PGTOL"",""primary_iterations"":1077,""fallback_used"":false,""fallback_success"":false,""fallback_message"":""not invoked"",""fallback_iterations"":0,""fallback_normalized_projected_gradient"":NaN,""independent_kkt_confirmed"":false,""projected_gradient_N"":0.0031700458470056425,""normalized_projected_gradient"":1.4089092653358412e-05,""accepted"":true}]},{""strain"":0.1,""accepted"":true,""selected_subdivision"":1,""attempts"":[{""strain"":0.1,""subdivision"":1,""substep"":1,""optimizer_method"":""L-BFGS-B"",""selected_success"":true,""selected_message"":""CONVERGENCE: NORM OF PROJECTED GRADIENT <= PGTOL"",""selected_iterations"":860,""primary_success"":true,""primary_message"":""CONVERGENCE: NORM OF PROJECTED GRADIENT <= PGTOL"",""primary_iterations"":860,""fallback_used"":false,""fallback_success"":false,""fallback_message"":""not invoked"",""fallback_iterations"":0,""fallback_normalized_projected_gradient"":NaN,""independent_kkt_confirmed"":false,""projected_gradient_N"":0.0024798379844999108,""normalized_projected_gradient"":1.1021502153332936e-05,""accepted"":true}]},{""strain"":0.15,""accepted"":true,""selected_subdivision"":1,""attempts"":[{""strain"":0.15,""subdivision"":1,""substep"":1,""optimizer_method"":""L-BFGS-B"",""selected_success"":true,""selected_message"":""CONVERGENCE: NORM OF PROJECTED GRADIENT <= PGTOL"",""selected_iterations"":1172,""primary_success"":true,""primary_message"":""CONVERGENCE: NORM OF PROJECTED GRADIENT <= PGTOL"",""primary_iterations"":1172,""fallback_used"":false,""fallback_success"":false,""fallback_message"":""not invoked"",""fallback_iterations"":0,""fallback_normalized_projected_gradient"":NaN,""independent_kkt_confirmed"":false,""projected_gradient_N"":0.003372923574072484,""normalized_projected_gradient"":1.499077144032215e-05,""accepted"":true}]},{""strain"":0.2,""accepted"":true,""selected_subdivision"":1,""attempts"":[{""strain"":0.2,""subdivision"":1,""substep"":1,""optimizer_method"":""L-BFGS-B"",""selected_success"":true,""selected_message"":""CONVERGENCE: NORM OF PROJECTED GRADIENT <= PGTOL"",""selected_iterations"":909,""primary_success"":true,""primary_message"":""CONVERGENCE: NORM OF PROJECTED GRADIENT <= PGTOL"",""primary_iterations"":909,""fallback_used"":false,""fallback_success"":false,""fallback_message"":""not invoked"",""fallback_iterations"":0,""fallback_normalized_projected_gradient"":NaN,""independent_kkt_confirmed"":false,""projected_gradient_N"":0.0025170946042329945,""normalized_projected_gradient"":1.118708712992442e-05,""accepted"":true}]}]",7.628058473994315
D052,test,9.80190717528759,0.10415946093403579,8.64012471628833,0.10178778615316227,10.0,0.004996565236212547,0.01831705700345449,7.9,3.27330971092272,0.17932095120344657,0.3421500388506986,0.003635839736893095,0.3015963071764345,0.003553052927764463,0.004996565236212547,0.01831705700345449,0.41434300138262276,0.05478276333127592,d06c8aa5a844044b059518a454bb52ff40e1addc084e0ee363b3e8e1614a100f,11.815316677145544,0.9207864460169527,0.936444984565813,0.9207864460169527,0.41434300138262276,0.05478276333127592,0.022698854582714756,0.19474760079183992,0.08193363255799262,0.19149915922054445,1.0,16.0,11.815405838787225,f141ffbd04ef138b9650f2a9878eed8fa60e248adf3e7f5898dbf890fce55fc4,0.08966047560172329,0.0,0.0,0.2,5.608374101430313,1.9309783549810438,1.9249029873230088,27.78905296561608,32.687943743832236,32.69659342360933,0.0,0.020850413978555485,0.0006075887815350705,0.0006056771468327959,0.463150882760268,0.5447990623972039,0.5449432237268221,26.12893264169844,4.7047774557962,0.003162818830631281,0.0013077318199699968,0.006828916770667996,0.0019257947020542576,True,1.4619641880952682e-05,0.0032885638848957214,0.0062740069132707355,2.3325056260539353e-05,True,1,0,0,"[{""strain"":0.0,""accepted"":true,""selected_subdivision"":1,""attempts"":[]},{""strain"":0.05,""accepted"":true,""selected_subdivision"":1,""attempts"":[{""strain"":0.05,""subdivision"":1,""substep"":1,""optimizer_method"":""L-BFGS-B"",""selected_success"":true,""selected_message"":""CONVERGENCE: NORM OF PROJECTED GRADIENT <= PGTOL"",""selected_iterations"":982,""primary_success"":true,""primary_message"":""CONVERGENCE: NORM OF PROJECTED GRADIENT <= PGTOL"",""primary_iterations"":982,""fallback_used"":false,""fallback_success"":false,""fallback_message"":""not invoked"",""fallback_iterations"":0,""fallback_normalized_projected_gradient"":NaN,""independent_kkt_confirmed"":false,""projected_gradient_N"":0.0036733346239166687,""normalized_projected_gradient"":1.3656461962994043e-05,""accepted"":true}]},{""strain"":0.1,""accepted"":true,""selected_subdivision"":1,""attempts"":[{""strain"":0.1,""subdivision"":1,""substep"":1,""optimizer_method"":""L-BFGS-B"",""selected_success"":true,""selected_message"":""CONVERGENCE: NORM OF PROJECTED GRADIENT <= PGTOL"",""selected_iterations"":777,""primary_success"":true,""primary_message"":""CONVERGENCE: NORM OF PROJECTED GRADIENT <= PGTOL"",""primary_iterations"":777,""fallback_used"":false,""fallback_success"":false,""fallback_message"":""not invoked"",""fallback_iterations"":0,""fallback_normalized_projected_gradient"":NaN,""independent_kkt_confirmed"":false,""projected_gradient_N"":0.003697250786143469,""normalized_projected_gradient"":1.374537576834806e-05,""accepted"":true}]},{""strain"":0.15,""accepted"":true,""selected_subdivision"":1,""attempts"":[{""strain"":0.15,""subdivision"":1,""substep"":1,""optimizer_method"":""L-BFGS-B"",""selected_success"":true,""selected_message"":""CONVERGENCE: NORM OF PROJECTED GRADIENT <= PGTOL"",""selected_iterations"":622,""primary_success"":true,""primary_message"":""CONVERGENCE: NORM OF PROJECTED GRADIENT <= PGTOL"",""primary_iterations"":622,""fallback_used"":false,""fallback_success"":false,""fallback_message"":""not invoked"",""fallback_iterations"":0,""fallback_normalized_projected_gradient"":NaN,""independent_kkt_confirmed"":false,""projected_gradient_N"":0.003700127012394472,""normalized_projected_gradient"":1.3756068797547752e-05,""accepted"":true}]},{""strain"":0.2,""accepted"":true,""selected_subdivision"":1,""attempts"":[{""strain"":0.2,""subdivision"":1,""substep"":1,""optimizer_method"":""L-BFGS-B"",""selected_success"":true,""selected_message"":""CONVERGENCE: NORM OF PROJECTED GRADIENT <= PGTOL"",""selected_iterations"":585,""primary_success"":true,""primary_message"":""CONVERGENCE: NORM OF PROJECTED GRADIENT <= PGTOL"",""primary_iterations"":585,""fallback_used"":false,""fallback_success"":false,""fallback_message"":""not invoked"",""fallback_iterations"":0,""fallback_normalized_projected_gradient"":NaN,""independent_kkt_confirmed"":false,""projected_gradient_N"":0.00393241213251927,""normalized_projected_gradient"":1.4619641880952682e-05,""accepted"":true}]}]",8.144753777000005
D053,train,0.1,10.0,6.630298744949112,5.368876767435974,9.648008281262946,0.0010432171780562008,0.0,7.752130891377851,2.2305962975190416,0.15,0.0031498856922234464,0.31498856922234464,0.2088468315188228,0.1691134811305744,0.0010432171780562008,0.0,0.2877397619795064,0.0672465923873522,d06c8aa5a844044b059518a454bb52ff40e1addc084e0ee363b3e8e1614a100f,9.279646977975494,1.1432608900371508,1.179964743288221,1.1432608900371508,0.2877397619795064,0.0672465923873522,0.01934951848746961,0.13120364853478517,0.08049717510839521,0.2149903598830996,1.0,16.0,9.279669801291025,f141ffbd04ef138b9650f2a9878eed8fa60e248adf3e7f5898dbf890fce55fc4,0.075,0.0,0.0,0.2,2.8635714691165974,0.6815323212918372,0.6788486813633324,21.929088755022224,26.60781421759163,26.705110581838266,0.0,0.012726984307184877,0.0003264167857100599,0.000325131468650107,0.36548481258370374,0.44346357029319383,0.4450851763639711,34.844355865422216,3.1696614758528514,0.0015123071975268858,0.0008895895464210158,0.004137811327469416,0.001122596284325878,True,1.4977679997212827e-05,0.005509018037181701,0.004578704314655679,2.0349796954025242e-05,True,1,0,0,"[{""strain"":0.0,""accepted"":true,""selected_subdivision"":1,""attempts"":[]},{""strain"":0.05,""accepted"":true,""selected_subdivision"":1,""attempts"":[{""strain"":0.05,""subdivision"":1,""substep"":1,""optimizer_method"":""L-BFGS-B"",""selected_success"":true,""selected_message"":""CONVERGENCE: NORM OF PROJECTED GRADIENT <= PGTOL"",""selected_iterations"":708,""primary_success"":true,""primary_message"":""CONVERGENCE: NORM OF PROJECTED GRADIENT <= PGTOL"",""primary_iterations"":708,""fallback_used"":false,""fallback_success"":false,""fallback_message"":""not invoked"",""fallback_iterations"":0,""fallback_normalized_projected_gradient"":NaN,""independent_kkt_confirmed"":false,""projected_gradient_N"":0.002630725318999827,""normalized_projected_gradient"":1.169211252888812e-05,""accepted"":true}]},{""strain"":0.1,""accepted"":true,""selected_subdivision"":1,""attempts"":[{""strain"":0.1,""subdivision"":1,""substep"":1,""optimizer_method"":""L-BFGS-B"",""selected_success"":true,""selected_message"":""CONVERGENCE: NORM OF PROJECTED GRADIENT <= PGTOL"",""selected_iterations"":589,""primary_success"":true,""primary_message"":""CONVERGENCE: NORM OF PROJECTED GRADIENT <= PGTOL"",""primary_iterations"":589,""fallback_used"":false,""fallback_success"":false,""fallback_message"":""not invoked"",""fallback_iterations"":0,""fallback_normalized_projected_gradient"":NaN,""independent_kkt_confirmed"":false,""projected_gradient_N"":0.0033699779993728862,""normalized_projected_gradient"":1.4977679997212827e-05,""accepted"":true}]},{""strain"":0.15,""accepted"":true,""selected_subdivision"":1,""attempts"":[{""strain"":0.15,""subdivision"":1,""substep"":1,""optimizer_method"":""L-BFGS-B"",""selected_success"":true,""selected_message"":""CONVERGENCE: NORM OF PROJECTED GRADIENT <= PGTOL"",""selected_iterations"":705,""primary_success"":true,""primary_message"":""CONVERGENCE: NORM OF PROJECTED GRADIENT <= PGTOL"",""primary_iterations"":705,""fallback_used"":false,""fallback_success"":false,""fallback_message"":""not invoked"",""fallback_iterations"":0,""fallback_normalized_projected_gradient"":NaN,""independent_kkt_confirmed"":false,""projected_gradient_N"":0.0033586865853652004,""normalized_projected_gradient"":1.4927495934956446e-05,""accepted"":true}]},{""strain"":0.2,""accepted"":true,""selected_subdivision"":1,""attempts"":[{""strain"":0.2,""subdivision"":1,""substep"":1,""optimizer_method"":""L-BFGS-B"",""selected_success"":true,""selected_message"":""CONVERGENCE: NORM OF PROJECTED GRADIENT <= PGTOL"",""selected_iterations"":600,""primary_success"":true,""primary_message"":""CONVERGENCE: NORM OF PROJECTED GRADIENT <= PGTOL"",""primary_iterations"":600,""fallback_used"":false,""fallback_success"":false,""fallback_message"":""not invoked"",""fallback_iterations"":0,""fallback_normalized_projected_gradient"":NaN,""independent_kkt_confirmed"":false,""projected_gradient_N"":0.002686718091227114,""normalized_projected_gradient"":1.1940969294342728e-05,""accepted"":true}]}]",4.373693596004159
D054,train,0.1,10.0,9.79370909047394,10.0,10.0,0.03539348278309991,0.0414333727037666,7.9,2.8748790882213506,0.15,0.0025066608816245316,0.25066608816245317,0.24549507463101594,0.25066608816245317,0.03539348278309991,0.0414333727037666,0.36390874534447476,0.052176107375981155,d06c8aa5a844044b059518a454bb52ff40e1addc084e0ee363b3e8e1614a100f,10.148761956662662,1.3074472827443027,1.3094169340094595,1.3074472827443027,0.36390874534447476,0.052176107375981155,0.018987341772151896,0.11472737905359622,0.06702821437773464,0.17138042912969695,1.0,16.0,10.148791494519473,f141ffbd04ef138b9650f2a9878eed8fa60e248adf3e7f5898dbf890fce55fc4,0.075,0.0,0.0,0.2,3.033304270841438,0.9538657342162589,0.9504764717325815,24.548631943388767,29.013767613737098,29.014641668250494,0.0,0.013481352314850835,0.00041772615037050944,0.0004162418916125774,0.4091438657231461,0.483562793562285,0.4835773611375082,35.86901241573519,2.7716222656364615,0.0024287597698659904,0.0010173484841985493,0.005936199887961783,0.0011081738613598687,True,1.4373917229761644e-05,0.0033228018224162664,0.00830797076919998,3.6924314529777685e-05,True,1,0,0,"[{""strain"":0.0,""accepted"":true,""selected_subdivision"":1,""attempts"":[]},{""strain"":0.05,""accepted"":true,""selected_subdivision"":1,""attempts"":[{""strain"":0.05,""subdivision"":1,""substep"":1,""optimizer_method"":""L-BFGS-B"",""selected_success"":true,""selected_message"":""CONVERGENCE: NORM OF PROJECTED GRADIENT <= PGTOL"",""selected_iterations"":650,""primary_success"":true,""primary_message"":""CONVERGENCE: NORM OF PROJECTED GRADIENT <= PGTOL"",""primary_iterations"":650,""fallback_used"":false,""fallback_success"":false,""fallback_message"":""not invoked"",""fallback_iterations"":0,""fallback_normalized_projected_gradient"":NaN,""independent_kkt_confirmed"":false,""projected_gradient_N"":0.0032183473525729533,""normalized_projected_gradient"":1.4303766011435348e-05,""accepted"":true}]},{""strain"":0.1,""accepted"":true,""selected_subdivision"":1,""attempts"":[{""strain"":0.1,""subdivision"":1,""substep"":1,""optimizer_method"":""L-BFGS-B"",""selected_success"":true,""selected_message"":""CONVERGENCE: NORM OF PROJECTED GRADIENT <= PGTOL"",""selected_iterations"":622,""primary_success"":true,""primary_message"":""CONVERGENCE: NORM OF PROJECTED GRADIENT <= PGTOL"",""primary_iterations"":622,""fallback_used"":false,""fallback_success"":false,""fallback_message"":""not invoked"",""fallback_iterations"":0,""fallback_normalized_projected_gradient"":NaN,""independent_kkt_confirmed"":false,""projected_gradient_N"":0.0032341313766963697,""normalized_projected_gradient"":1.4373917229761644e-05,""accepted"":true}]},{""strain"":0.15,""accepted"":true,""selected_subdivision"":1,""attempts"":[{""strain"":0.15,""subdivision"":1,""substep"":1,""optimizer_method"":""L-BFGS-B"",""selected_success"":true,""selected_message"":""CONVERGENCE: NORM OF PROJECTED GRADIENT <= PGTOL"",""selected_iterations"":692,""primary_success"":true,""primary_message"":""CONVERGENCE: NORM OF PROJECTED GRADIENT <= PGTOL"",""primary_iterations"":692,""fallback_used"":false,""fallback_success"":false,""fallback_message"":""not invoked"",""fallback_iterations"":0,""fallback_normalized_projected_gradient"":NaN,""independent_kkt_confirmed"":false,""projected_gradient_N"":0.0023594429529831817,""normalized_projected_gradient"":1.0486413124369696e-05,""accepted"":true}]},{""strain"":0.2,""accepted"":true,""selected_subdivision"":1,""attempts"":[{""strain"":0.2,""subdivision"":1,""substep"":1,""optimizer_method"":""L-BFGS-B"",""selected_success"":true,""selected_message"":""CONVERGENCE: NORM OF PROJECTED GRADIENT <= PGTOL"",""selected_iterations"":681,""primary_success"":true,""primary_message"":""CONVERGENCE: NORM OF PROJECTED GRADIENT <= PGTOL"",""primary_iterations"":681,""fallback_used"":false,""fallback_success"":false,""fallback_message"":""not invoked"",""fallback_iterations"":0,""fallback_normalized_projected_gradient"":NaN,""independent_kkt_confirmed"":false,""projected_gradient_N"":0.0026980296136724924,""normalized_projected_gradient"":1.1991242727433299e-05,""accepted"":true}]}]",4.228214002003369
D055,train,0.1,0.1,7.990007212528866,4.508833297146054,10.0,0.0,0.19896847738238926,5.617572342144628,2.2,0.25,0.004405511372150355,0.004405511372150355,0.3520006763835927,0.19863716365707115,0.0,0.19896847738238926,0.39162824544242597,0.11363636363636363,d06c8aa5a844044b059518a454bb52ff40e1addc084e0ee363b3e8e1614a100f,7.8170939315426144,1.079564357978921,0.9086629235971425,0.9086629235971425,0.39162824544242597,0.11363636363636363,0.04450320970936658,0.27512952659091655,0.1581298957060263,0.3854026229787536,1.0,16.0,7.8171400640319275,f141ffbd04ef138b9650f2a9878eed8fa60e248adf3e7f5898dbf890fce55fc4,0.125,0.0,0.0,0.2,20.952404800636792,5.311199187902014,5.269754346554148,39.233818198550324,46.74158583932455,46.81103295804445,0.0,0.05587307946836478,0.0018118239282319108,0.0017976857359707575,0.6538969699758387,0.7790264306554092,0.7801838826340741,13.9427867242666,6.646670813225559,0.004664435654528122,0.00274918805027829,0.007133288375232066,0.0038829702491105333,True,1.4025883497541969e-05,0.0010907885032743695,0.0077283007676678395,2.060880204711424e-05,True,1,0,0,"[{""strain"":0.0,""accepted"":true,""selected_subdivision"":1,""attempts"":[]},{""strain"":0.05,""accepted"":true,""selected_subdivision"":1,""attempts"":[{""strain"":0.05,""subdivision"":1,""substep"":1,""optimizer_method"":""L-BFGS-B"",""selected_success"":true,""selected_message"":""CONVERGENCE: NORM OF PROJECTED GRADIENT <= PGTOL"",""selected_iterations"":532,""primary_success"":true,""primary_message"":""CONVERGENCE: NORM OF PROJECTED GRADIENT <= PGTOL"",""primary_iterations"":532,""fallback_used"":false,""fallback_success"":false,""fallback_message"":""not invoked"",""fallback_iterations"":0,""fallback_normalized_projected_gradient"":NaN,""independent_kkt_confirmed"":false,""projected_gradient_N"":0.0038431634714970464,""normalized_projected_gradient"":1.0248435923992124e-05,""accepted"":true}]},{""strain"":0.1,""accepted"":true,""selected_subdivision"":1,""attempts"":[{""strain"":0.1,""subdivision"":1,""substep"":1,""optimizer_method"":""L-BFGS-B"",""selected_success"":true,""selected_message"":""CONVERGENCE: NORM OF PROJECTED GRADIENT <= PGTOL"",""selected_iterations"":463,""primary_success"":true,""primary_message"":""CONVERGENCE: NORM OF PROJECTED GRADIENT <= PGTOL"",""primary_iterations"":463,""fallback_used"":false,""fallback_success"":false,""fallback_message"":""not invoked"",""fallback_iterations"":0,""fallback_normalized_projected_gradient"":NaN,""independent_kkt_confirmed"":false,""projected_gradient_N"":0.0050482128857041175,""normalized_projected_gradient"":1.3461901028544314e-05,""accepted"":true}]},{""strain"":0.15,""accepted"":true,""selected_subdivision"":1,""attempts"":[{""strain"":0.15,""subdivision"":1,""substep"":1,""optimizer_method"":""L-BFGS-B"",""selected_success"":true,""selected_message"":""CONVERGENCE: NORM OF PROJECTED GRADIENT <= PGTOL"",""selected_iterations"":442,""primary_success"":true,""primary_message"":""CONVERGENCE: NORM OF PROJECTED GRADIENT <= PGTOL"",""primary_iterations"":442,""fallback_used"":false,""fallback_success"":false,""fallback_message"":""not invoked"",""fallback_iterations"":0,""fallback_normalized_projected_gradient"":NaN,""independent_kkt_confirmed"":false,""projected_gradient_N"":0.005259706311578238,""normalized_projected_gradient"":1.4025883497541969e-05,""accepted"":true}]},{""strain"":0.2,""accepted"":true,""selected_subdivision"":1,""attempts"":[{""strain"":0.2,""subdivision"":1,""substep"":1,""optimizer_method"":""L-BFGS-B"",""selected_success"":true,""selected_message"":""CONVERGENCE: NORM OF PROJECTED GRADIENT <= PGTOL"",""selected_iterations"":438,""primary_success"":true,""primary_message"":""CONVERGENCE: NORM OF PROJECTED GRADIENT <= PGTOL"",""primary_iterations"":438,""fallback_used"":false,""fallback_success"":false,""fallback_message"":""not invoked"",""fallback_iterations"":0,""fallback_normalized_projected_gradient"":NaN,""independent_kkt_confirmed"":false,""projected_gradient_N"":0.005101494414098795,""normalized_projected_gradient"":1.3603985104263453e-05,""accepted"":true}]}]",3.0368196069975966
D056,test,0.1015044975625497,0.1,7.372831443216397,8.034226121682346,9.838795726642587,0.1350301236523095,0.2170174095934538,7.9,2.2771759674961,0.2200370222213829,0.003988803018520539,0.003929681062716,0.28972876101004547,0.31571946243953325,0.1350301236523095,0.2170174095934538,0.28825012246786075,0.09662714931219288,d06c8aa5a844044b059518a454bb52ff40e1addc084e0ee363b3e8e1614a100f,9.796697100603993,1.9810361863251946,0.9151902487540502,0.9151902487540502,0.28825012246786075,0.09662714931219288,0.02785278762295986,0.240427629687864,0.11982619158308723,0.313080490207473,1.0,16.0,9.796740164619544,f141ffbd04ef138b9650f2a9878eed8fa60e248adf3e7f5898dbf890fce55fc4,0.11001851111069146,0.0,0.0,0.2,8.584108637791607,2.0682637514361453,2.058565753108341,28.34556908956557,34.370184025090516,34.48893806539163,0.0,0.026008073705448203,0.0006396453130769492,0.0006366460441624788,0.47242615149275946,0.5728364004181753,0.5748156344231938,22.02532978434988,5.808330820542648,0.002033489994028643,0.0013476096574053357,0.004304355268232455,0.0024573521275227453,True,1.4869386329088531e-05,0.0015203985806250258,0.013071139931428277,3.960285046418896e-05,True,1,0,0,"[{""strain"":0.0,""accepted"":true,""selected_subdivision"":1,""attempts"":[]},{""strain"":0.05,""accepted"":true,""selected_subdivision"":1,""attempts"":[{""strain"":0.05,""subdivision"":1,""substep"":1,""optimizer_method"":""L-BFGS-B"",""selected_success"":true,""selected_message"":""CONVERGENCE: NORM OF PROJECTED GRADIENT <= PGTOL"",""selected_iterations"":465,""primary_success"":true,""primary_message"":""CONVERGENCE: NORM OF PROJECTED GRADIENT <= PGTOL"",""primary_iterations"":465,""fallback_used"":false,""fallback_success"":false,""fallback_message"":""not invoked"",""fallback_iterations"":0,""fallback_normalized_projected_gradient"":NaN,""independent_kkt_confirmed"":false,""projected_gradient_N"":0.003736622587637628,""normalized_projected_gradient"":1.1321193587983721e-05,""accepted"":true}]},{""strain"":0.1,""accepted"":true,""selected_subdivision"":1,""attempts"":[{""strain"":0.1,""subdivision"":1,""substep"":1,""optimizer_method"":""L-BFGS-B"",""selected_success"":true,""selected_message"":""CONVERGENCE: NORM OF PROJECTED GRADIENT <= PGTOL"",""selected_iterations"":433,""primary_success"":true,""primary_message"":""CONVERGENCE: NORM OF PROJECTED GRADIENT <= PGTOL"",""primary_iterations"":433,""fallback_used"":false,""fallback_success"":false,""fallback_message"":""not invoked"",""fallback_iterations"":0,""fallback_normalized_projected_gradient"":NaN,""independent_kkt_confirmed"":false,""projected_gradient_N"":0.004907723235167971,""normalized_projected_gradient"":1.4869386329088531e-05,""accepted"":true}]},{""strain"":0.15,""accepted"":true,""selected_subdivision"":1,""attempts"":[{""strain"":0.15,""subdivision"":1,""substep"":1,""optimizer_method"":""L-BFGS-B"",""selected_success"":true,""selected_message"":""CONVERGENCE: NORM OF PROJECTED GRADIENT <= PGTOL"",""selected_iterations"":323,""primary_success"":true,""primary_message"":""CONVERGENCE: NORM OF PROJECTED GRADIENT <= PGTOL"",""primary_iterations"":323,""fallback_used"":false,""fallback_success"":false,""fallback_message"":""not invoked"",""fallback_iterations"":0,""fallback_normalized_projected_gradient"":NaN,""independent_kkt_confirmed"":false,""projected_gradient_N"":0.003993757950047083,""normalized_projected_gradient"":1.2100260552301957e-05,""accepted"":true}]},{""strain"":0.2,""accepted"":true,""selected_subdivision"":1,""attempts"":[{""strain"":0.2,""subdivision"":1,""substep"":1,""optimizer_method"":""L-BFGS-B"",""selected_success"":true,""selected_message"":""CONVERGENCE: NORM OF PROJECTED GRADIENT <= PGTOL"",""selected_iterations"":507,""primary_success"":true,""primary_message"":""CONVERGENCE: NORM OF PROJECTED GRADIENT <= PGTOL"",""primary_iterations"":507,""fallback_used"":false,""fallback_success"":false,""fallback_message"":""not invoked"",""fallback_iterations"":0,""fallback_normalized_projected_gradient"":NaN,""independent_kkt_confirmed"":false,""projected_gradient_N"":0.003386269511255424,""normalized_projected_gradient"":1.0259696230720186e-05,""accepted"":true}]}]",5.088208285000292
D057,train,6.5794530268241695,4.243727080770926,8.000872279968297,5.4346771179017725,0.1,0.21181847318469893,0.0,7.896841800670051,3.1548704628288307,0.15,0.27010657618033784,0.17421791558622943,0.32846016366219793,0.22311004014730898,0.21181847318469893,0.0,0.39951040459758713,0.047545533728665906,d06c8aa5a844044b059518a454bb52ff40e1addc084e0ee363b3e8e1614a100f,10.70068313961189,1.3390078550167914,0.9767186945374493,0.9767186945374493,0.39951040459758713,0.047545533728665906,0.018994935416747544,0.15357543665224552,0.06442698283394943,0.15951805029128127,1.0,16.0,10.700724855244916,f141ffbd04ef138b9650f2a9878eed8fa60e248adf3e7f5898dbf890fce55fc4,0.075,0.0,0.0,0.2,3.2659153770827856,1.1588231093008812,1.1496753337179682,26.200992171201744,31.779379228808303,31.864922673329094,0.0,0.014515179453701269,0.0004813080494983182,0.00047750859297408956,0.4366832028533624,0.5296563204801383,0.5310820445554849,36.489822407609275,3.7101265904571648,0.0029934455198151865,0.0010934897194441351,0.006854959156330044,0.0011102387354919858,True,1.299104199025458e-05,0.0015158350317771702,0.004035806534834485,1.7936917932597713e-05,True,1,0,0,"[{""strain"":0.0,""accepted"":true,""selected_subdivision"":1,""attempts"":[]},{""strain"":0.05,""accepted"":true,""selected_subdivision"":1,""attempts"":[{""strain"":0.05,""subdivision"":1,""substep"":1,""optimizer_method"":""L-BFGS-B"",""selected_success"":true,""selected_message"":""CONVERGENCE: NORM OF PROJECTED GRADIENT <= PGTOL"",""selected_iterations"":734,""primary_success"":true,""primary_message"":""CONVERGENCE: NORM OF PROJECTED GRADIENT <= PGTOL"",""primary_iterations"":734,""fallback_used"":false,""fallback_success"":false,""fallback_message"":""not invoked"",""fallback_iterations"":0,""fallback_normalized_projected_gradient"":NaN,""independent_kkt_confirmed"":false,""projected_gradient_N"":0.0028336594361040024,""normalized_projected_gradient"":1.259404193824001e-05,""accepted"":true}]},{""strain"":0.1,""accepted"":true,""selected_subdivision"":1,""attempts"":[{""strain"":0.1,""subdivision"":1,""substep"":1,""optimizer_method"":""L-BFGS-B"",""selected_success"":true,""selected_message"":""CONVERGENCE: NORM OF PROJECTED GRADIENT <= PGTOL"",""selected_iterations"":670,""primary_success"":true,""primary_message"":""CONVERGENCE: NORM OF PROJECTED GRADIENT <= PGTOL"",""primary_iterations"":670,""fallback_used"":false,""fallback_success"":false,""fallback_message"":""not invoked"",""fallback_iterations"":0,""fallback_normalized_projected_gradient"":NaN,""independent_kkt_confirmed"":false,""projected_gradient_N"":0.002922984447807281,""normalized_projected_gradient"":1.299104199025458e-05,""accepted"":true}]},{""strain"":0.15,""accepted"":true,""selected_subdivision"":1,""attempts"":[{""strain"":0.15,""subdivision"":1,""substep"":1,""optimizer_method"":""L-BFGS-B"",""selected_success"":true,""selected_message"":""CONVERGENCE: NORM OF PROJECTED GRADIENT <= PGTOL"",""selected_iterations"":533,""primary_success"":true,""primary_message"":""CONVERGENCE: NORM OF PROJECTED GRADIENT <= PGTOL"",""primary_iterations"":533,""fallback_used"":false,""fallback_success"":false,""fallback_message"":""not invoked"",""fallback_iterations"":0,""fallback_normalized_projected_gradient"":NaN,""independent_kkt_confirmed"":false,""projected_gradient_N"":0.0026467503074946164,""normalized_projected_gradient"":1.1763334699976072e-05,""accepted"":true}]},{""strain"":0.2,""accepted"":true,""selected_subdivision"":1,""attempts"":[{""strain"":0.2,""subdivision"":1,""substep"":1,""optimizer_method"":""L-BFGS-B"",""selected_success"":true,""selected_message"":""CONVERGENCE: NORM OF PROJECTED GRADIENT <= PGTOL"",""selected_iterations"":651,""primary_success"":true,""primary_message"":""CONVERGENCE: NORM OF PROJECTED GRADIENT <= PGTOL"",""primary_iterations"":651,""fallback_used"":false,""fallback_success"":false,""fallback_message"":""not invoked"",""fallback_iterations"":0,""fallback_normalized_projected_gradient"":NaN,""independent_kkt_confirmed"":false,""projected_gradient_N"":0.00221473049127785,""normalized_projected_gradient"":9.843246627901555e-06,""accepted"":true}]}]",6.89226119399973
D058,train,9.741016753024619,0.10033180631171308,5.814672641585941,0.1,0.10504254471723007,0.01305510572003909,0.17247278342047037,7.785614538053882,4.0,0.25,0.614146497942334,0.0063256669237771734,0.36660042068013887,0.006304747374052503,0.01305510572003909,0.17247278342047037,0.5137680500940717,0.0625,d06c8aa5a844044b059518a454bb52ff40e1addc084e0ee363b3e8e1614a100f,12.817280588524365,0.9112929031683258,1.352879126540535,0.9112929031683258,0.5137680500940717,0.0625,0.03211050313087948,0.2743355063238348,0.10289233211679312,0.22789233211679313,1.0,16.0,12.817378814358047,f141ffbd04ef138b9650f2a9878eed8fa60e248adf3e7f5898dbf890fce55fc4,0.125,0.0,0.0,0.2,14.182969662989292,6.72576519213544,6.66545399510583,37.79761654937024,45.81886225873816,46.154087692946085,0.0,0.03782125243463811,0.0013993119462292571,0.0013867640537465395,0.6299602758228373,0.7636477043123027,0.7692347948824347,20.19096817674196,6.627488606939975,0.0060851720672893605,0.0022013515882968737,0.009659612361019225,0.0025315174464578326,True,1.4284957874946732e-05,0.00268813889584558,0.014190106262013558,3.784028336536949e-05,True,1,0,0,"[{""strain"":0.0,""accepted"":true,""selected_subdivision"":1,""attempts"":[]},{""strain"":0.05,""accepted"":true,""selected_subdivision"":1,""attempts"":[{""strain"":0.05,""subdivision"":1,""substep"":1,""optimizer_method"":""L-BFGS-B"",""selected_success"":true,""selected_message"":""CONVERGENCE: NORM OF PROJECTED GRADIENT <= PGTOL"",""selected_iterations"":841,""primary_success"":true,""primary_message"":""CONVERGENCE: NORM OF PROJECTED GRADIENT <= PGTOL"",""primary_iterations"":841,""fallback_used"":false,""fallback_success"":false,""fallback_message"":""not invoked"",""fallback_iterations"":0,""fallback_normalized_projected_gradient"":NaN,""independent_kkt_confirmed"":false,""projected_gradient_N"":0.005171139755465903,""normalized_projected_gradient"":1.3789706014575742e-05,""accepted"":true}]},{""strain"":0.1,""accepted"":true,""selected_subdivision"":1,""attempts"":[{""strain"":0.1,""subdivision"":1,""substep"":1,""optimizer_method"":""L-BFGS-B"",""selected_success"":true,""selected_message"":""CONVERGENCE: NORM OF PROJECTED GRADIENT <= PGTOL"",""selected_iterations"":713,""primary_success"":true,""primary_message"":""CONVERGENCE: NORM OF PROJECTED GRADIENT <= PGTOL"",""primary_iterations"":713,""fallback_used"":false,""fallback_success"":false,""fallback_message"":""not invoked"",""fallback_iterations"":0,""fallback_normalized_projected_gradient"":NaN,""independent_kkt_confirmed"":false,""projected_gradient_N"":0.0039047153466084117,""normalized_projected_gradient"":1.0412574257622431e-05,""accepted"":true}]},{""strain"":0.15,""accepted"":true,""selected_subdivision"":1,""attempts"":[{""strain"":0.15,""subdivision"":1,""substep"":1,""optimizer_method"":""L-BFGS-B"",""selected_success"":true,""selected_message"":""CONVERGENCE: NORM OF PROJECTED GRADIENT <= PGTOL"",""selected_iterations"":604,""primary_success"":true,""primary_message"":""CONVERGENCE: NORM OF PROJECTED GRADIENT <= PGTOL"",""primary_iterations"":604,""fallback_used"":false,""fallback_success"":false,""fallback_message"":""not invoked"",""fallback_iterations"":0,""fallback_normalized_projected_gradient"":NaN,""independent_kkt_confirmed"":false,""projected_gradient_N"":0.005356859203105024,""normalized_projected_gradient"":1.4284957874946732e-05,""accepted"":true}]},{""strain"":0.2,""accepted"":true,""selected_subdivision"":1,""attempts"":[{""strain"":0.2,""subdivision"":1,""substep"":1,""optimizer_method"":""L-BFGS-B"",""selected_success"":true,""selected_message"":""CONVERGENCE: NORM OF PROJECTED GRADIENT <= PGTOL"",""selected_iterations"":526,""primary_success"":true,""primary_message"":""CONVERGENCE: NORM OF PROJECTED GRADIENT <= PGTOL"",""primary_iterations"":526,""fallback_used"":false,""fallback_success"":false,""fallback_message"":""not invoked"",""fallback_iterations"":0,""fallback_normalized_projected_gradient"":NaN,""independent_kkt_confirmed"":false,""projected_gradient_N"":0.0041439241207369805,""normalized_projected_gradient"":1.1050464321965282e-05,""accepted"":true}]}]",5.146933326999715
D059,train,8.40745609589681,4.2663115633862105,5.6208055954965666,9.797458232760988,0.10325120778364974,0.01108800764776169,0.15212439439763203,7.9,2.243488766833857,0.15,0.29818662173907073,0.1513129557695024,0.1993526951382082,0.34748572442530445,0.01108800764776169,0.15212439439763203,0.28398591985238697,0.06686015201747089,d06c8aa5a844044b059518a454bb52ff40e1addc084e0ee363b3e8e1614a100f,9.417018313856353,1.0189045991557422,1.0846634921895115,1.0189045991557422,0.28398591985238697,0.06686015201747089,0.018987341772151896,0.14721692308022657,0.07969914886275231,0.2134194528976941,1.0,16.0,9.417041741069529,f141ffbd04ef138b9650f2a9878eed8fa60e248adf3e7f5898dbf890fce55fc4,0.075,0.0,0.0,0.2,2.7299321535088508,0.6525973470734947,0.650066114623064,21.382279471727525,25.97029778850511,26.07055351170039,0.0,0.01213303179337267,0.0003079990456631302,0.0003068044082920463,0.3563713245287921,0.43283829647508515,0.4345092251950065,35.67437255966897,3.5565155000798074,0.0014375653396465117,0.0008609121642930023,0.004033897344426676,0.0010800156599320599,True,1.3853736803086905e-05,0.003182359421463618,0.004145308091638267,1.8423591518392298e-05,True,1,0,0,"[{""strain"":0.0,""accepted"":true,""selected_subdivision"":1,""attempts"":[]},{""strain"":0.05,""accepted"":true,""selected_subdivision"":1,""attempts"":[{""strain"":0.05,""subdivision"":1,""substep"":1,""optimizer_method"":""L-BFGS-B"",""selected_success"":true,""selected_message"":""CONVERGENCE: NORM OF PROJECTED GRADIENT <= PGTOL"",""selected_iterations"":514,""primary_success"":true,""primary_message"":""CONVERGENCE: NORM OF PROJECTED GRADIENT <= PGTOL"",""primary_iterations"":514,""fallback_used"":false,""fallback_success"":false,""fallback_message"":""not invoked"",""fallback_iterations"":0,""fallback_normalized_projected_gradient"":NaN,""independent_kkt_confirmed"":false,""projected_gradient_N"":0.002539095864129051,""normalized_projected_gradient"":1.1284870507240228e-05,""accepted"":true}]},{""strain"":0.1,""accepted"":true,""selected_subdivision"":1,""attempts"":[{""strain"":0.1,""subdivision"":1,""substep"":1,""optimizer_method"":""L-BFGS-B"",""selected_success"":true,""selected_message"":""CONVERGENCE: NORM OF PROJECTED GRADIENT <= PGTOL"",""selected_iterations"":536,""primary_success"":true,""primary_message"":""CONVERGENCE: NORM OF PROJECTED GRADIENT <= PGTOL"",""primary_iterations"":536,""fallback_used"":false,""fallback_success"":false,""fallback_message"":""not invoked"",""fallback_iterations"":0,""fallback_normalized_projected_gradient"":NaN,""independent_kkt_confirmed"":false,""projected_gradient_N"":0.0031170907806945536,""normalized_projected_gradient"":1.3853736803086905e-05,""accepted"":true}]},{""strain"":0.15,""accepted"":true,""selected_subdivision"":1,""attempts"":[{""strain"":0.15,""subdivision"":1,""substep"":1,""optimizer_method"":""L-BFGS-B"",""selected_success"":true,""selected_message"":""CONVERGENCE: NORM OF PROJECTED GRADIENT <= PGTOL"",""selected_iterations"":367,""primary_success"":true,""primary_message"":""CONVERGENCE: NORM OF PROJECTED GRADIENT <= PGTOL"",""primary_iterations"":367,""fallback_used"":false,""fallback_success"":false,""fallback_message"":""not invoked"",""fallback_iterations"":0,""fallback_normalized_projected_gradient"":NaN,""independent_kkt_confirmed"":false,""projected_gradient_N"":0.0026218346324409225,""normalized_projected_gradient"":1.16525983664041e-05,""accepted"":true}]},{""strain"":0.2,""accepted"":true,""selected_subdivision"":1,""attempts"":[{""strain"":0.2,""subdivision"":1,""substep"":1,""optimizer_method"":""L-BFGS-B"",""selected_success"":true,""selected_message"":""CONVERGENCE: NORM OF PROJECTED GRADIENT <= PGTOL"",""selected_iterations"":559,""primary_success"":true,""primary_message"":""CONVERGENCE: NORM OF PROJECTED GRADIENT <= PGTOL"",""primary_iterations"":559,""fallback_used"":false,""fallback_success"":false,""fallback_message"":""not invoked"",""fallback_iterations"":0,""fallback_normalized_projected_gradient"":NaN,""independent_kkt_confirmed"":false,""projected_gradient_N"":0.002634085582378931,""normalized_projected_gradient"":1.1707047032795249e-05,""accepted"":true}]}]",4.727350308996392
D060,test,0.39610011593233657,2.5381073110503927,7.8358005876212875,0.1,10.0,0.10762053444997652,0.0,7.9,4.0,0.16897986689855402,0.018979394528989214,0.12161506163650364,0.37545747860461287,0.00479156500227618,0.10762053444997652,0.0,0.5063291139240506,0.042244966724638504,d06c8aa5a844044b059518a454bb52ff40e1addc084e0ee363b3e8e1614a100f,12.576376761325042,1.2700233706158899,1.4205938082811793,1.2700233706158899,0.5063291139240506,0.042244966724638504,0.021389856569437215,0.13305256486469874,0.06725172377198649,0.15174165722126348,1.0,16.0,12.57645971868002,f141ffbd04ef138b9650f2a9878eed8fa60e248adf3e7f5898dbf890fce55fc4,0.08448993344927701,0.0,0.0,0.2,4.623202074001002,2.2045160602960108,2.1856007426317627,30.70672510783577,37.24199781329863,37.30310936818524,0.0,0.018239656431088373,0.000691562610366113,0.0006856288244003917,0.5117787517972628,0.6206999635549771,0.6217184894697539,34.03024425926315,3.214328212856347,0.004518395521413318,0.0013396977150626178,0.008828806404223762,0.0011552410258636294,True,1.4142658074492778e-05,0.0012320381071105726,0.0036756123791112927,1.4501184654216523e-05,True,1,0,0,"[{""strain"":0.0,""accepted"":true,""selected_subdivision"":1,""attempts"":[]},{""strain"":0.05,""accepted"":true,""selected_subdivision"":1,""attempts"":[{""strain"":0.05,""subdivision"":1,""substep"":1,""optimizer_method"":""L-BFGS-B"",""selected_success"":true,""selected_message"":""CONVERGENCE: NORM OF PROJECTED GRADIENT <= PGTOL"",""selected_iterations"":983,""primary_success"":true,""primary_message"":""CONVERGENCE: NORM OF PROJECTED GRADIENT <= PGTOL"",""primary_iterations"":983,""fallback_used"":false,""fallback_success"":false,""fallback_message"":""not invoked"",""fallback_iterations"":0,""fallback_normalized_projected_gradient"":NaN,""independent_kkt_confirmed"":false,""projected_gradient_N"":0.0027267540328915763,""normalized_projected_gradient"":1.0757707739342958e-05,""accepted"":true}]},{""strain"":0.1,""accepted"":true,""selected_subdivision"":1,""attempts"":[{""strain"":0.1,""subdivision"":1,""substep"":1,""optimizer_method"":""L-BFGS-B"",""selected_success"":true,""selected_message"":""CONVERGENCE: NORM OF PROJECTED GRADIENT <= PGTOL"",""selected_iterations"":885,""primary_success"":true,""primary_message"":""CONVERGENCE: NORM OF PROJECTED GRADIENT <= PGTOL"",""primary_iterations"":885,""fallback_used"":false,""fallback_success"":false,""fallback_message"":""not invoked"",""fallback_iterations"":0,""fallback_normalized_projected_gradient"":NaN,""independent_kkt_confirmed"":false,""projected_gradient_N"":0.003413248366831323,""normalized_projected_gradient"":1.346609482529042e-05,""accepted"":true}]},{""strain"":0.15,""accepted"":true,""selected_subdivision"":1,""attempts"":[{""strain"":0.15,""subdivision"":1,""substep"":1,""optimizer_method"":""L-BFGS-B"",""selected_success"":true,""selected_message"":""CONVERGENCE: NORM OF PROJECTED GRADIENT <= PGTOL"",""selected_iterations"":843,""primary_success"":true,""primary_message"":""CONVERGENCE: NORM OF PROJECTED GRADIENT <= PGTOL"",""primary_iterations"":843,""fallback_used"":false,""fallback_success"":false,""fallback_message"":""not invoked"",""fallback_iterations"":0,""fallback_normalized_projected_gradient"":NaN,""independent_kkt_confirmed"":false,""projected_gradient_N"":0.0035847367185293244,""normalized_projected_gradient"":1.4142658074492778e-05,""accepted"":true}]},{""strain"":0.2,""accepted"":true,""selected_subdivision"":1,""attempts"":[{""strain"":0.2,""subdivision"":1,""substep"":1,""optimizer_method"":""L-BFGS-B"",""selected_success"":true,""selected_message"":""CONVERGENCE: NORM OF PROJECTED GRADIENT <= PGTOL"",""selected_iterations"":799,""primary_success"":true,""primary_message"":""CONVERGENCE: NORM OF PROJECTED GRADIENT <= PGTOL"",""primary_iterations"":799,""fallback_used"":false,""fallback_success"":false,""fallback_message"":""not invoked"",""fallback_iterations"":0,""fallback_normalized_projected_gradient"":NaN,""independent_kkt_confirmed"":false,""projected_gradient_N"":0.0031518521747539996,""normalized_projected_gradient"":1.2434823282413852e-05,""accepted"":true}]}]",5.4877390550027485
D061,train,0.21244958470427855,0.1,10.0,0.10023221379266414,8.92924536600052,0.011708209224065605,0.020482871077862553,7.863072894252734,3.9607956569701823,0.15,0.010983889190433645,0.005170115632714832,0.5170115632714832,0.005182121354310681,0.011708209224065605,0.020482871077862553,0.5037210910082243,0.037871178669879366,d06c8aa5a844044b059518a454bb52ff40e1addc084e0ee363b3e8e1614a100f,12.781634040058693,1.3678811670166624,1.3805052362901893,1.3678811670166624,0.5037210910082243,0.037871178669879366,0.01907651143735902,0.10965864843884704,0.06156060778450623,0.13730296512426493,1.0,16.0,12.781731181815527,f141ffbd04ef138b9650f2a9878eed8fa60e248adf3e7f5898dbf890fce55fc4,0.075,0.0,0.0,0.2,3.3635136280694526,1.5893056023864762,1.5752953206931817,28.565419898359323,34.138616244698206,34.141686504720596,0.0,0.014948949458086455,0.0005526351664359317,0.0005477634952206777,0.4760903316393221,0.5689769374116368,0.5690281084120099,38.06133260446977,2.6491701818684796,0.003989451318294028,0.0011505453037337753,0.008379610030216636,0.0009319258453309668,True,1.4736685926295586e-05,0.0034336024865944605,0.007433434644255499,3.303748730780222e-05,True,1,0,0,"[{""strain"":0.0,""accepted"":true,""selected_subdivision"":1,""attempts"":[]},{""strain"":0.05,""accepted"":true,""selected_subdivision"":1,""attempts"":[{""strain"":0.05,""subdivision"":1,""substep"":1,""optimizer_method"":""L-BFGS-B"",""selected_success"":true,""selected_message"":""CONVERGENCE: NORM OF PROJECTED GRADIENT <= PGTOL"",""selected_iterations"":941,""primary_success"":true,""primary_message"":""CONVERGENCE: NORM OF PROJECTED GRADIENT <= PGTOL"",""primary_iterations"":941,""fallback_used"":false,""fallback_success"":false,""fallback_message"":""not invoked"",""fallback_iterations"":0,""fallback_normalized_projected_gradient"":NaN,""independent_kkt_confirmed"":false,""projected_gradient_N"":0.003315754333416507,""normalized_projected_gradient"":1.4736685926295586e-05,""accepted"":true}]},{""strain"":0.1,""accepted"":true,""selected_subdivision"":1,""attempts"":[{""strain"":0.1,""subdivision"":1,""substep"":1,""optimizer_method"":""L-BFGS-B"",""selected_success"":true,""selected_message"":""CONVERGENCE: NORM OF PROJECTED GRADIENT <= PGTOL"",""selected_iterations"":823,""primary_success"":true,""primary_message"":""CONVERGENCE: NORM OF PROJECTED GRADIENT <= PGTOL"",""primary_iterations"":823,""fallback_used"":false,""fallback_success"":false,""fallback_message"":""not invoked"",""fallback_iterations"":0,""fallback_normalized_projected_gradient"":NaN,""independent_kkt_confirmed"":false,""projected_gradient_N"":0.002884305736108761,""normalized_projected_gradient"":1.2819136604927826e-05,""accepted"":true}]},{""strain"":0.15,""accepted"":true,""selected_subdivision"":1,""attempts"":[{""strain"":0.15,""subdivision"":1,""substep"":1,""optimizer_method"":""L-BFGS-B"",""selected_success"":true,""selected_message"":""CONVERGENCE: NORM OF PROJECTED GRADIENT <= PGTOL"",""selected_iterations"":796,""primary_success"":true,""primary_message"":""CONVERGENCE: NORM OF PROJECTED GRADIENT <= PGTOL"",""primary_iterations"":796,""fallback_used"":false,""fallback_success"":false,""fallback_message"":""not invoked"",""fallback_iterations"":0,""fallback_normalized_projected_gradient"":NaN,""independent_kkt_confirmed"":false,""projected_gradient_N"":0.0031038876619085,""normalized_projected_gradient"":1.3795056275148887e-05,""accepted"":true}]},{""strain"":0.2,""accepted"":true,""selected_subdivision"":1,""attempts"":[{""strain"":0.2,""subdivision"":1,""substep"":1,""optimizer_method"":""L-BFGS-B"",""selected_success"":true,""selected_message"":""CONVERGENCE: NORM OF PROJECTED GRADIENT <= PGTOL"",""selected_iterations"":880,""primary_success"":true,""primary_message"":""CONVERGENCE: NORM OF PROJECTED GRADIENT <= PGTOL"",""primary_iterations"":880,""fallback_used"":false,""fallback_success"":false,""fallback_message"":""not invoked"",""fallback_iterations"":0,""fallback_normalized_projected_gradient"":NaN,""independent_kkt_confirmed"":false,""projected_gradient_N"":0.0027453248469992975,""normalized_projected_gradient"":1.2201443764441322e-05,""accepted"":true}]}]",5.334751118003624
D062,train,9.555230247473187,0.10097106527327976,9.469188634487008,0.10860747519074912,0.1,0.0,0.0,7.671314088862587,3.991644479079558,0.24598725372948385,0.4942190711368725,0.005222461918618553,0.48976879574341536,0.005617435071382729,0.0,0.0,0.5203338610362377,0.06162554180832422,d06c8aa5a844044b059518a454bb52ff40e1addc084e0ee363b3e8e1614a100f,12.675041719271606,1.38849067931619,1.3869156549832846,1.3869156549832846,0.5203338610362377,0.06162554180832422,0.03206585610757543,0.17736280706446314,0.10182170933755097,0.2250727929541994,1.0,16.0,12.675138030877884,f141ffbd04ef138b9650f2a9878eed8fa60e248adf3e7f5898dbf890fce55fc4,0.12299362686474193,0.0,0.0,0.2,13.230625675102349,6.562913373549444,6.486032856885318,38.22448871080512,45.28102269230885,45.28232006547356,0.0,0.03585721204251849,0.0014032770139558075,0.00138683848190225,0.637074811846752,0.7546837115384809,0.7547053344245593,21.046915489235413,4.284789813998989,0.006161733116203259,0.002176884811819955,0.009671914509289154,0.00188503233313848,True,1.3053124530132248e-05,0.0007331847197056172,0.008474727865834808,2.2967932246751297e-05,True,1,0,0,"[{""strain"":0.0,""accepted"":true,""selected_subdivision"":1,""attempts"":[]},{""strain"":0.05,""accepted"":true,""selected_subdivision"":1,""attempts"":[{""strain"":0.05,""subdivision"":1,""substep"":1,""optimizer_method"":""L-BFGS-B"",""selected_success"":true,""selected_message"":""CONVERGENCE: NORM OF PROJECTED GRADIENT <= PGTOL"",""selected_iterations"":681,""primary_success"":true,""primary_message"":""CONVERGENCE: NORM OF PROJECTED GRADIENT <= PGTOL"",""primary_iterations"":681,""fallback_used"":false,""fallback_success"":false,""fallback_message"":""not invoked"",""fallback_iterations"":0,""fallback_normalized_projected_gradient"":NaN,""independent_kkt_confirmed"":false,""projected_gradient_N"":0.0048163533836342864,""normalized_projected_gradient"":1.3053124530132248e-05,""accepted"":true}]},{""strain"":0.1,""accepted"":true,""selected_subdivision"":1,""attempts"":[{""strain"":0.1,""subdivision"":1,""substep"":1,""optimizer_method"":""L-BFGS-B"",""selected_success"":true,""selected_message"":""CONVERGENCE: NORM OF PROJECTED GRADIENT <= PGTOL"",""selected_iterations"":633,""primary_success"":true,""primary_message"":""CONVERGENCE: NORM OF PROJECTED GRADIENT <= PGTOL"",""primary_iterations"":633,""fallback_used"":false,""fallback_success"":false,""fallback_message"":""not invoked"",""fallback_iterations"":0,""fallback_normalized_projected_gradient"":NaN,""independent_kkt_confirmed"":false,""projected_gradient_N"":0.004815885024566757,""normalized_projected_gradient"":1.3051855198597306e-05,""accepted"":true}]},{""strain"":0.15,""accepted"":true,""selected_subdivision"":1,""attempts"":[{""strain"":0.15,""subdivision"":1,""substep"":1,""optimizer_method"":""L-BFGS-B"",""selected_success"":true,""selected_message"":""CONVERGENCE: NORM OF PROJECTED GRADIENT <= PGTOL"",""selected_iterations"":609,""primary_success"":true,""primary_message"":""CONVERGENCE: NORM OF PROJECTED GRADIENT <= PGTOL"",""primary_iterations"":609,""fallback_used"":false,""fallback_success"":false,""fallback_message"":""not invoked"",""fallback_iterations"":0,""fallback_normalized_projected_gradient"":NaN,""independent_kkt_confirmed"":false,""projected_gradient_N"":0.004481432410499586,""normalized_projected_gradient"":1.2145432585239802e-05,""accepted"":true}]},{""strain"":0.2,""accepted"":true,""selected_subdivision"":1,""attempts"":[{""strain"":0.2,""subdivision"":1,""substep"":1,""optimizer_method"":""L-BFGS-B"",""selected_success"":true,""selected_message"":""CONVERGENCE: NORM OF PROJECTED GRADIENT <= PGTOL"",""selected_iterations"":574,""primary_success"":true,""primary_message"":""CONVERGENCE: NORM OF PROJECTED GRADIENT <= PGTOL"",""primary_iterations"":574,""fallback_used"":false,""fallback_success"":false,""fallback_message"":""not invoked"",""fallback_iterations"":0,""fallback_normalized_projected_gradient"":NaN,""independent_kkt_confirmed"":false,""projected_gradient_N"":0.003868926608117107,""normalized_projected_gradient"":1.048543925063648e-05,""accepted"":true}]}]",6.296961040003225
D063,train,0.1,0.10972992606201307,4.711660742718406,0.1,9.860684057070246,0.0,0.03717594149890696,7.8248990501414,3.3734239330794056,0.24666588585980254,0.006719493205224715,0.007373294925835072,0.31659972346020365,0.006719493205224715,0.0,0.03717594149890696,0.43111405162708727,0.07312033434073474,d06c8aa5a844044b059518a454bb52ff40e1addc084e0ee363b3e8e1614a100f,11.873837697989583,0.9509628844845378,1.0010160484369683,0.9509628844845378,0.43111405162708727,0.07312033434073474,0.0315232035939614,0.25938539756312984,0.11095593397705615,0.2571966026585256,1.0,16.0,11.873926634069457,f141ffbd04ef138b9650f2a9878eed8fa60e248adf3e7f5898dbf890fce55fc4,0.12333294292990127,0.0,0.0,0.2,13.393471244061237,4.940700410096996,4.9133276957574274,34.559848854450834,40.60418564501115,40.64057112499238,0.0,0.03619868551441735,0.0011245973677753447,0.0011183668174606087,0.5759974809075139,0.6767364274168525,0.6773428520832063,18.695055298273726,6.266318896129278,0.004348295451419474,0.0019416175496090083,0.007549157063271368,0.002972455423823002,True,1.3906019558226053e-05,0.0013055639816352538,0.008553445584345454,2.31174936751137e-05,True,1,0,0,"[{""strain"":0.0,""accepted"":true,""selected_subdivision"":1,""attempts"":[]},{""strain"":0.05,""accepted"":true,""selected_subdivision"":1,""attempts"":[{""strain"":0.05,""subdivision"":1,""substep"":1,""optimizer_method"":""L-BFGS-B"",""selected_success"":true,""selected_message"":""CONVERGENCE: NORM OF PROJECTED GRADIENT <= PGTOL"",""selected_iterations"":766,""primary_success"":true,""primary_message"":""CONVERGENCE: NORM OF PROJECTED GRADIENT <= PGTOL"",""primary_iterations"":766,""fallback_used"":false,""fallback_success"":false,""fallback_message"":""not invoked"",""fallback_iterations"":0,""fallback_normalized_projected_gradient"":NaN,""independent_kkt_confirmed"":false,""projected_gradient_N"":0.0051452109496703535,""normalized_projected_gradient"":1.3906019558226053e-05,""accepted"":true}]},{""strain"":0.1,""accepted"":true,""selected_subdivision"":1,""attempts"":[{""strain"":0.1,""subdivision"":1,""substep"":1,""optimizer_method"":""L-BFGS-B"",""selected_success"":true,""selected_message"":""CONVERGENCE: NORM OF PROJECTED GRADIENT <= PGTOL"",""selected_iterations"":821,""primary_success"":true,""primary_message"":""CONVERGENCE: NORM OF PROJECTED GRADIENT <= PGTOL"",""primary_iterations"":821,""fallback_used"":false,""fallback_success"":false,""fallback_message"":""not invoked"",""fallback_iterations"":0,""fallback_normalized_projected_gradient"":NaN,""independent_kkt_confirmed"":false,""projected_gradient_N"":0.004570370743937624,""normalized_projected_gradient"":1.2352392462667187e-05,""accepted"":true}]},{""strain"":0.15,""accepted"":true,""selected_subdivision"":1,""attempts"":[{""strain"":0.15,""subdivision"":1,""substep"":1,""optimizer_method"":""L-BFGS-B"",""selected_success"":true,""selected_message"":""CONVERGENCE: NORM OF PROJECTED GRADIENT <= PGTOL"",""selected_iterations"":512,""primary_success"":true,""primary_message"":""CONVERGENCE: NORM OF PROJECTED GRADIENT <= PGTOL"",""primary_iterations"":512,""fallback_used"":false,""fallback_success"":false,""fallback_message"":""not invoked"",""fallback_iterations"":0,""fallback_normalized_projected_gradient"":NaN,""independent_kkt_confirmed"":false,""projected_gradient_N"":0.0041150570051646795,""normalized_projected_gradient"":1.1121810894984087e-05,""accepted"":true}]},{""strain"":0.2,""accepted"":true,""selected_subdivision"":1,""attempts"":[{""strain"":0.2,""subdivision"":1,""substep"":1,""optimizer_method"":""L-BFGS-B"",""selected_success"":true,""selected_message"":""CONVERGENCE: NORM OF PROJECTED GRADIENT <= PGTOL"",""selected_iterations"":465,""primary_success"":true,""primary_message"":""CONVERGENCE: NORM OF PROJECTED GRADIENT <= PGTOL"",""primary_iterations"":465,""fallback_used"":false,""fallback_success"":false,""fallback_message"":""not invoked"",""fallback_iterations"":0,""fallback_normalized_projected_gradient"":NaN,""independent_kkt_confirmed"":false,""projected_gradient_N"":0.004025884459842535,""normalized_projected_gradient"":1.0880803252841448e-05,""accepted"":true}]}]",7.4097910310010775
D064,test,8.406095963776405,10.0,7.05535831974475,4.692017453285631,0.10218299245306302,0.1669657824893244,0.013539924887833383,7.9,2.385829420296766,0.15,0.27783553319198145,0.3305167278475428,0.23319139456339727,0.1550790255663528,0.1669657824893244,0.013539924887833383,0.3020037240881982,0.0628712173317663,d06c8aa5a844044b059518a454bb52ff40e1addc084e0ee363b3e8e1614a100f,9.582040947083474,1.3739689819580416,1.2495914977553695,1.2495914977553695,0.3020037240881982,0.0628712173317663,0.018987341772151896,0.12003922903560381,0.07625754162860367,0.20199997629213629,1.0,16.0,9.582066845476644,f141ffbd04ef138b9650f2a9878eed8fa60e248adf3e7f5898dbf890fce55fc4,0.075,0.0,0.0,0.2,2.8039316034861854,0.7173764555069094,0.7140550840099211,22.185526914147392,26.42866757105317,26.471821725871944,0.0,0.01246191823771638,0.0003327411999030727,0.00033120064594601426,0.36975878190245653,0.4404777928508862,0.44119702876453243,35.34590617981801,2.8999477081184617,0.0016396073505821876,0.0008957208378985465,0.004434262094185287,0.0010741925121610931,True,1.491695067035417e-05,0.004782962819046434,0.004035041566969877,1.7933518075421677e-05,True,1,0,0,"[{""strain"":0.0,""accepted"":true,""selected_subdivision"":1,""attempts"":[]},{""strain"":0.05,""accepted"":true,""selected_subdivision"":1,""attempts"":[{""strain"":0.05,""subdivision"":1,""substep"":1,""optimizer_method"":""L-BFGS-B"",""selected_success"":true,""selected_message"":""CONVERGENCE: NORM OF PROJECTED GRADIENT <= PGTOL"",""selected_iterations"":719,""primary_success"":true,""primary_message"":""CONVERGENCE: NORM OF PROJECTED GRADIENT <= PGTOL"",""primary_iterations"":719,""fallback_used"":false,""fallback_success"":false,""fallback_message"":""not invoked"",""fallback_iterations"":0,""fallback_normalized_projected_gradient"":NaN,""independent_kkt_confirmed"":false,""projected_gradient_N"":0.0033563139008296883,""normalized_projected_gradient"":1.491695067035417e-05,""accepted"":true}]},{""strain"":0.1,""accepted"":true,""selected_subdivision"":1,""attempts"":[{""strain"":0.1,""subdivision"":1,""substep"":1,""optimizer_method"":""L-BFGS-B"",""selected_success"":true,""selected_message"":""CONVERGENCE: NORM OF PROJECTED GRADIENT <= PGTOL"",""selected_iterations"":794,""primary_success"":true,""primary_message"":""CONVERGENCE: NORM OF PROJECTED GRADIENT <= PGTOL"",""primary_iterations"":794,""fallback_used"":false,""fallback_success"":false,""fallback_message"":""not invoked"",""fallback_iterations"":0,""fallback_normalized_projected_gradient"":NaN,""independent_kkt_confirmed"":false,""projected_gradient_N"":0.0017525147483987702,""normalized_projected_gradient"":7.788954437327868e-06,""accepted"":true}]},{""strain"":0.15,""accepted"":true,""selected_subdivision"":1,""attempts"":[{""strain"":0.15,""subdivision"":1,""substep"":1,""optimizer_method"":""L-BFGS-B"",""selected_success"":true,""selected_message"":""CONVERGENCE: NORM OF PROJECTED GRADIENT <= PGTOL"",""selected_iterations"":733,""primary_success"":true,""primary_message"":""CONVERGENCE: NORM OF PROJECTED GRADIENT <= PGTOL"",""primary_iterations"":733,""fallback_used"":false,""fallback_success"":false,""fallback_message"":""not invoked"",""fallback_iterations"":0,""fallback_normalized_projected_gradient"":NaN,""independent_kkt_confirmed"":false,""projected_gradient_N"":0.0026384571631750536,""normalized_projected_gradient"":1.1726476280778017e-05,""accepted"":true}]},{""strain"":0.2,""accepted"":true,""selected_subdivision"":1,""attempts"":[{""strain"":0.2,""subdivision"":1,""substep"":1,""optimizer_method"":""L-BFGS-B"",""selected_success"":true,""selected_message"":""CONVERGENCE: NORM OF PROJECTED GRADIENT <= PGTOL"",""selected_iterations"":589,""primary_success"":true,""primary_message"":""CONVERGENCE: NORM OF PROJECTED GRADIENT <= PGTOL"",""primary_iterations"":589,""fallback_used"":false,""fallback_success"":false,""fallback_message"":""not invoked"",""fallback_iterations"":0,""fallback_normalized_projected_gradient"":NaN,""independent_kkt_confirmed"":false,""projected_gradient_N"":0.0033496662154044454,""normalized_projected_gradient"":1.4887405401797535e-05,""accepted"":true}]}]",5.976103539003816
D065,train,10.0,4.6428955556925136,9.622782240105686,9.261490657980852,9.502152631182124,0.0,0.0,7.844888935706887,2.2,0.15000218133548862,0.23239966952430072,0.10790073927787847,0.22363314125048714,0.21523673682171485,0.0,0.0,0.28043736731395325,0.06818280969794936,d06c8aa5a844044b059518a454bb52ff40e1addc084e0ee363b3e8e1614a100f,9.520730594695374,1.3897389408831533,1.1053883548714012,1.1053883548714012,0.28043736731395325,0.06818280969794936,0.0191210076477612,0.13570088799509705,0.08274816477883831,0.21911378417473704,1.0,16.0,9.520763942338768,f141ffbd04ef138b9650f2a9878eed8fa60e248adf3e7f5898dbf890fce55fc4,0.07500109066774431,0.0,0.0,0.2,2.7406740125470623,0.6327499852027917,0.6311249850820493,21.019975115941943,25.584386634712832,25.755089022886025,0.0,0.012180596255985483,0.00029537452331845925,0.0002946159557210173,0.3503329185990324,0.42640644391188054,0.42925148371476707,35.00702551423512,3.2783072858148867,0.0013445797434910322,0.0008409599557448812,0.003838005714301568,0.0011382248426897018,True,1.4987650280337968e-05,0.006582918248215311,0.005465539150034893,2.429093186678797e-05,True,1,0,0,"[{""strain"":0.0,""accepted"":true,""selected_subdivision"":1,""attempts"":[]},{""strain"":0.05,""accepted"":true,""selected_subdivision"":1,""attempts"":[{""strain"":0.05,""subdivision"":1,""substep"":1,""optimizer_method"":""L-BFGS-B"",""selected_success"":true,""selected_message"":""CONVERGENCE: NORM OF PROJECTED GRADIENT <= PGTOL"",""selected_iterations"":803,""primary_success"":true,""primary_message"":""CONVERGENCE: NORM OF PROJECTED GRADIENT <= PGTOL"",""primary_iterations"":803,""fallback_used"":false,""fallback_success"":false,""fallback_message"":""not invoked"",""fallback_iterations"":0,""fallback_normalized_projected_gradient"":NaN,""independent_kkt_confirmed"":false,""projected_gradient_N"":0.002784751085322612,""normalized_projected_gradient"":1.2376491508455041e-05,""accepted"":true}]},{""strain"":0.1,""accepted"":true,""selected_subdivision"":1,""attempts"":[{""strain"":0.1,""subdivision"":1,""substep"":1,""optimizer_method"":""L-BFGS-B"",""selected_success"":true,""selected_message"":""CONVERGENCE: NORM OF PROJECTED GRADIENT <= PGTOL"",""selected_iterations"":618,""primary_success"":true,""primary_message"":""CONVERGENCE: NORM OF PROJECTED GRADIENT <= PGTOL"",""primary_iterations"":618,""fallback_used"":false,""fallback_success"":false,""fallback_message"":""not invoked"",""fallback_iterations"":0,""fallback_normalized_projected_gradient"":NaN,""independent_kkt_confirmed"":false,""projected_gradient_N"":0.001622822593360329,""normalized_projected_gradient"":7.212439974370736e-06,""accepted"":true}]},{""strain"":0.15,""accepted"":true,""selected_subdivision"":1,""attempts"":[{""strain"":0.15,""subdivision"":1,""substep"":1,""optimizer_method"":""L-BFGS-B"",""selected_success"":true,""selected_message"":""CONVERGENCE: NORM OF PROJECTED GRADIENT <= PGTOL"",""selected_iterations"":663,""primary_success"":true,""primary_message"":""CONVERGENCE: NORM OF PROJECTED GRADIENT <= PGTOL"",""primary_iterations"":663,""fallback_used"":false,""fallback_success"":false,""fallback_message"":""not invoked"",""fallback_iterations"":0,""fallback_normalized_projected_gradient"":NaN,""independent_kkt_confirmed"":false,""projected_gradient_N"":0.0032967355302614965,""normalized_projected_gradient"":1.4651944840224937e-05,""accepted"":true}]},{""strain"":0.2,""accepted"":true,""selected_subdivision"":1,""attempts"":[{""strain"":0.2,""subdivision"":1,""substep"":1,""optimizer_method"":""L-BFGS-B"",""selected_success"":true,""selected_message"":""CONVERGENCE: NORM OF PROJECTED GRADIENT <= PGTOL"",""selected_iterations"":644,""primary_success"":true,""primary_message"":""CONVERGENCE: NORM OF PROJECTED GRADIENT <= PGTOL"",""primary_iterations"":644,""fallback_used"":false,""fallback_success"":false,""fallback_message"":""not invoked"",""fallback_iterations"":0,""fallback_normalized_projected_gradient"":NaN,""independent_kkt_confirmed"":false,""projected_gradient_N"":0.003372270352716214,""normalized_projected_gradient"":1.4987650280337968e-05,""accepted"":true}]}]",10.914744613000948
D066,train,2.114131205568169,9.57973802338069,9.238885373442416,3.362456032917403,9.412034932511483,0.1751408447522,0.0,7.865039403658843,3.007848623887629,0.15204880368667498,0.0627203786590768,0.2842041187882267,0.274091970963734,0.09975469594962967,0.1751408447522,0.0,0.38243274693428336,0.050550683461640655,d06c8aa5a844044b059518a454bb52ff40e1addc084e0ee363b3e8e1614a100f,10.508390434312293,1.4335783634645156,1.2692524066035638,1.2692524066035638,0.38243274693428336,0.050550683461640655,0.019332236735640683,0.11979398494389908,0.06754019799177793,0.16864156491505924,1.0,16.0,10.508433234091902,f141ffbd04ef138b9650f2a9878eed8fa60e248adf3e7f5898dbf890fce55fc4,0.07602440184333749,0.0,0.0,0.2,3.2729348560540847,1.0937142908917448,1.0864809055331504,25.64807086011289,30.742608617679192,30.803473896578648,0.0,0.014350369866763656,0.0004563451296216103,0.0004533270469225359,0.4274678476685482,0.5123768102946532,0.5133912316096442,35.70478078626737,2.8940230196030283,0.002688109821270136,0.0010604939047346516,0.006288449145196187,0.001140506474629507,True,1.476559657166033e-05,0.0022266797254753205,0.005801412171655418,2.543662311481829e-05,True,1,0,0,"[{""strain"":0.0,""accepted"":true,""selected_subdivision"":1,""attempts"":[]},{""strain"":0.05,""accepted"":true,""selected_subdivision"":1,""attempts"":[{""strain"":0.05,""subdivision"":1,""substep"":1,""optimizer_method"":""L-BFGS-B"",""selected_success"":true,""selected_message"":""CONVERGENCE: NORM OF PROJECTED GRADIENT <= PGTOL"",""selected_iterations"":886,""primary_success"":true,""primary_message"":""CONVERGENCE: NORM OF PROJECTED GRADIENT <= PGTOL"",""primary_iterations"":886,""fallback_used"":false,""fallback_success"":false,""fallback_message"":""not invoked"",""fallback_iterations"":0,""fallback_normalized_projected_gradient"":NaN,""independent_kkt_confirmed"":false,""projected_gradient_N"":0.003031832471916074,""normalized_projected_gradient"":1.3293242688769552e-05,""accepted"":true}]},{""strain"":0.1,""accepted"":true,""selected_subdivision"":1,""attempts"":[{""strain"":0.1,""subdivision"":1,""substep"":1,""optimizer_method"":""L-BFGS-B"",""selected_success"":true,""selected_message"":""CONVERGENCE: NORM OF PROJECTED GRADIENT <= PGTOL"",""selected_iterations"":713,""primary_success"":true,""primary_message"":""CONVERGENCE: NORM OF PROJECTED GRADIENT <= PGTOL"",""primary_iterations"":713,""fallback_used"":false,""fallback_success"":false,""fallback_message"":""not invoked"",""fallback_iterations"":0,""fallback_normalized_projected_gradient"":NaN,""independent_kkt_confirmed"":false,""projected_gradient_N"":0.002841549517890174,""normalized_projected_gradient"":1.2458936205534458e-05,""accepted"":true}]},{""strain"":0.15,""accepted"":true,""selected_subdivision"":1,""attempts"":[{""strain"":0.15,""subdivision"":1,""substep"":1,""optimizer_method"":""L-BFGS-B"",""selected_success"":true,""selected_message"":""CONVERGENCE: NORM OF PROJECTED GRADIENT <= PGTOL"",""selected_iterations"":849,""primary_success"":true,""primary_message"":""CONVERGENCE: NORM OF PROJECTED GRADIENT <= PGTOL"",""primary_iterations"":849,""fallback_used"":false,""fallback_success"":false,""fallback_message"":""not invoked"",""fallback_iterations"":0,""fallback_normalized_projected_gradient"":NaN,""independent_kkt_confirmed"":false,""projected_gradient_N"":0.0033676369416615337,""normalized_projected_gradient"":1.476559657166033e-05,""accepted"":true}]},{""strain"":0.2,""accepted"":true,""selected_subdivision"":1,""attempts"":[{""strain"":0.2,""subdivision"":1,""substep"":1,""optimizer_method"":""L-BFGS-B"",""selected_success"":true,""selected_message"":""CONVERGENCE: NORM OF PROJECTED GRADIENT <= PGTOL"",""selected_iterations"":691,""primary_success"":true,""primary_message"":""CONVERGENCE: NORM OF PROJECTED GRADIENT <= PGTOL"",""primary_iterations"":691,""fallback_used"":false,""fallback_success"":false,""fallback_message"":""not invoked"",""fallback_iterations"":0,""fallback_normalized_projected_gradient"":NaN,""independent_kkt_confirmed"":false,""projected_gradient_N"":0.0031398653412666455,""normalized_projected_gradient"":1.3766918976606685e-05,""accepted"":true}]}]",5.7866580030022305
D067,train,0.1,0.1,10.0,0.1,10.0,0.1968566965461034,0.047916331255987585,6.158882500428424,4.0,0.25,0.004926108374384237,0.004926108374384237,0.4926108374384237,0.004926108374384237,0.1968566965461034,0.047916331255987585,0.649468470899023,0.0625,d06c8aa5a844044b059518a454bb52ff40e1addc084e0ee363b3e8e1614a100f,11.50539258208602,1.4513434197338155,0.9358477571641544,0.9358477571641544,0.649468470899023,0.0625,0.04059177943118894,0.2671374676983366,0.11675608949031828,0.24175608949031827,1.0,16.0,11.505481329744539,f141ffbd04ef138b9650f2a9878eed8fa60e248adf3e7f5898dbf890fce55fc4,0.125,0.0,0.0,0.2,19.043508495895537,10.424351421549074,10.25010662182226,43.54988272043936,51.7380939855256,51.74729035732534,0.0,0.0507826893223881,0.002416107947567674,0.002375722293974682,0.7258313786739894,0.8623015664254267,0.8624548392887557,16.98022648921178,6.453595990478981,0.009826938791834751,0.0032731049714533615,0.013538872912586722,0.0016117088654869335,True,1.4762326562703266e-05,0.000528265178432161,0.008320857552686078,2.218895347382954e-05,True,1,0,0,"[{""strain"":0.0,""accepted"":true,""selected_subdivision"":1,""attempts"":[]},{""strain"":0.05,""accepted"":true,""selected_subdivision"":1,""attempts"":[{""strain"":0.05,""subdivision"":1,""substep"":1,""optimizer_method"":""L-BFGS-B"",""selected_success"":true,""selected_message"":""CONVERGENCE: NORM OF PROJECTED GRADIENT <= PGTOL"",""selected_iterations"":738,""primary_success"":true,""primary_message"":""CONVERGENCE: NORM OF PROJECTED GRADIENT <= PGTOL"",""primary_iterations"":738,""fallback_used"":false,""fallback_success"":false,""fallback_message"":""not invoked"",""fallback_iterations"":0,""fallback_normalized_projected_gradient"":NaN,""independent_kkt_confirmed"":false,""projected_gradient_N"":0.004901757972384568,""normalized_projected_gradient"":1.3071354593025516e-05,""accepted"":true}]},{""strain"":0.1,""accepted"":true,""selected_subdivision"":1,""attempts"":[{""strain"":0.1,""subdivision"":1,""substep"":1,""optimizer_method"":""L-BFGS-B"",""selected_success"":true,""selected_message"":""CONVERGENCE: NORM OF PROJECTED GRADIENT <= PGTOL"",""selected_iterations"":799,""primary_success"":true,""primary_message"":""CONVERGENCE: NORM OF PROJECTED GRADIENT <= PGTOL"",""primary_iterations"":799,""fallback_used"":false,""fallback_success"":false,""fallback_message"":""not invoked"",""fallback_iterations"":0,""fallback_normalized_projected_gradient"":NaN,""independent_kkt_confirmed"":false,""projected_gradient_N"":0.004417010903114527,""normalized_projected_gradient"":1.1778695741638737e-05,""accepted"":true}]},{""strain"":0.15,""accepted"":true,""selected_subdivision"":1,""attempts"":[{""strain"":0.15,""subdivision"":1,""substep"":1,""optimizer_method"":""L-BFGS-B"",""selected_success"":true,""selected_message"":""CONVERGENCE: NORM OF PROJECTED GRADIENT <= PGTOL"",""selected_iterations"":726,""primary_success"":true,""primary_message"":""CONVERGENCE: NORM OF PROJECTED GRADIENT <= PGTOL"",""primary_iterations"":726,""fallback_used"":false,""fallback_success"":false,""fallback_message"":""not invoked"",""fallback_iterations"":0,""fallback_normalized_projected_gradient"":NaN,""independent_kkt_confirmed"":false,""projected_gradient_N"":0.005391700551198753,""normalized_projected_gradient"":1.4377868136530008e-05,""accepted"":true}]},{""strain"":0.2,""accepted"":true,""selected_subdivision"":1,""attempts"":[{""strain"":0.2,""subdivision"":1,""substep"":1,""optimizer_method"":""L-BFGS-B"",""selected_success"":true,""selected_message"":""CONVERGENCE: NORM OF PROJECTED GRADIENT <= PGTOL"",""selected_iterations"":586,""primary_success"":true,""primary_message"":""CONVERGENCE: NORM OF PROJECTED GRADIENT <= PGTOL"",""primary_iterations"":586,""fallback_used"":false,""fallback_success"":false,""fallback_message"":""not invoked"",""fallback_iterations"":0,""fallback_normalized_projected_gradient"":NaN,""independent_kkt_confirmed"":false,""projected_gradient_N"":0.005535872461013724,""normalized_projected_gradient"":1.4762326562703266e-05,""accepted"":true}]}]",4.7263716730012675
D068,test,10.0,10.0,10.0,6.1551668664007915,0.10569767741922327,0.0,0.0,7.9,3.842027926110291,0.15,0.2757794146886747,0.2757794146886747,0.2757794146886747,0.16974683157271342,0.0,0.0,0.48633264887472033,0.0390418817574451,d06c8aa5a844044b059518a454bb52ff40e1addc084e0ee363b3e8e1614a100f,11.634535397430035,1.1529114411339103,1.2301306504199303,1.1529114411339103,0.48633264887472033,0.0390418817574451,0.018987341772151896,0.13010539634550955,0.0574979943404143,0.1355817578553045,1.0,16.0,11.634582551956608,f141ffbd04ef138b9650f2a9878eed8fa60e248adf3e7f5898dbf890fce55fc4,0.075,0.0,0.0,0.2,3.325323679208148,1.4802949799649392,1.4680320570144985,28.05433169095456,33.34140043342774,33.347696224148685,0.0,0.014779216352036214,0.0005654792886097915,0.0005607947973157279,0.4675721948492427,0.5556900072237956,0.5557949370691447,37.59942299966636,3.1431295333802676,0.004136211288204561,0.0011993758471812947,0.008846144689031782,0.0010326713113549722,True,1.4816196227805574e-05,0.0027252286440326862,0.0038356876328453637,1.7047500590423837e-05,True,1,0,0,"[{""strain"":0.0,""accepted"":true,""selected_subdivision"":1,""attempts"":[]},{""strain"":0.05,""accepted"":true,""selected_subdivision"":1,""attempts"":[{""strain"":0.05,""subdivision"":1,""substep"":1,""optimizer_method"":""L-BFGS-B"",""selected_success"":true,""selected_message"":""CONVERGENCE: NORM OF PROJECTED GRADIENT <= PGTOL"",""selected_iterations"":894,""primary_success"":true,""primary_message"":""CONVERGENCE: NORM OF PROJECTED GRADIENT <= PGTOL"",""primary_iterations"":894,""fallback_used"":false,""fallback_success"":false,""fallback_message"":""not invoked"",""fallback_iterations"":0,""fallback_normalized_projected_gradient"":NaN,""independent_kkt_confirmed"":false,""projected_gradient_N"":0.0033336441512562542,""normalized_projected_gradient"":1.4816196227805574e-05,""accepted"":true}]},{""strain"":0.1,""accepted"":true,""selected_subdivision"":1,""attempts"":[{""strain"":0.1,""subdivision"":1,""substep"":1,""optimizer_method"":""L-BFGS-B"",""selected_success"":true,""selected_message"":""CONVERGENCE: NORM OF PROJECTED GRADIENT <= PGTOL"",""selected_iterations"":833,""primary_success"":true,""primary_message"":""CONVERGENCE: NORM OF PROJECTED GRADIENT <= PGTOL"",""primary_iterations"":833,""fallback_used"":false,""fallback_success"":false,""fallback_message"":""not invoked"",""fallback_iterations"":0,""fallback_normalized_projected_gradient"":NaN,""independent_kkt_confirmed"":false,""projected_gradient_N"":0.00265449868522305,""normalized_projected_gradient"":1.1797771934324668e-05,""accepted"":true}]},{""strain"":0.15,""accepted"":true,""selected_subdivision"":1,""attempts"":[{""strain"":0.15,""subdivision"":1,""substep"":1,""optimizer_method"":""L-BFGS-B"",""selected_success"":true,""selected_message"":""CONVERGENCE: NORM OF PROJECTED GRADIENT <= PGTOL"",""selected_iterations"":724,""primary_success"":true,""primary_message"":""CONVERGENCE: NORM OF PROJECTED GRADIENT <= PGTOL"",""primary_iterations"":724,""fallback_used"":false,""fallback_success"":false,""fallback_message"":""not invoked"",""fallback_iterations"":0,""fallback_normalized_projected_gradient"":NaN,""independent_kkt_confirmed"":false,""projected_gradient_N"":0.002839208827549289,""normalized_projected_gradient"":1.2618705900219061e-05,""accepted"":true}]},{""strain"":0.2,""accepted"":true,""selected_subdivision"":1,""attempts"":[{""strain"":0.2,""subdivision"":1,""substep"":1,""optimizer_method"":""L-BFGS-B"",""selected_success"":true,""selected_message"":""CONVERGENCE: NORM OF PROJECTED GRADIENT <= PGTOL"",""selected_iterations"":813,""primary_success"":true,""primary_message"":""CONVERGENCE: NORM OF PROJECTED GRADIENT <= PGTOL"",""primary_iterations"":813,""fallback_used"":false,""fallback_success"":false,""fallback_message"":""not invoked"",""fallback_iterations"":0,""fallback_normalized_projected_gradient"":NaN,""independent_kkt_confirmed"":false,""projected_gradient_N"":0.0025831427506253224,""normalized_projected_gradient"":1.1480634447223655e-05,""accepted"":true}]}]",5.369060877004813
D069,train,0.1,6.366562500224667,6.19028051201217,8.846463212915358,10.0,0.0002598583379332737,0.0,7.9,2.200832189930383,0.15,0.0031742700047196998,0.20209188377636417,0.19649621750081137,0.28081062824613484,0.0002598583379332737,0.0,0.2785863531557447,0.06815603692380781,d06c8aa5a844044b059518a454bb52ff40e1addc084e0ee363b3e8e1614a100f,9.350567768045654,1.1013757097347097,1.0976999124597175,1.0976999124597175,0.2785863531557447,0.06815603692380781,0.018987341772151896,0.13664936864564484,0.0806705876022135,0.2169826614498291,1.0,16.0,9.35058942154599,f141ffbd04ef138b9650f2a9878eed8fa60e248adf3e7f5898dbf890fce55fc4,0.075,0.0,0.0,0.2,2.6397985953171226,0.6181659420661798,0.6147672889136504,20.93300280818727,25.081954020271922,25.104647672289126,0.0,0.011732438201409434,0.00029382217798043183,0.0002922067546717026,0.3488833801364545,0.41803256700453206,0.4184107945381521,35.63049383497398,3.301220997531036,0.001346682507806122,0.0008375485084942004,0.0038599789628253733,0.0010366833646112256,True,1.4009508028156345e-05,0.004972270044034897,0.00704273435427627,3.13010415745612e-05,True,1,0,0,"[{""strain"":0.0,""accepted"":true,""selected_subdivision"":1,""attempts"":[]},{""strain"":0.05,""accepted"":true,""selected_subdivision"":1,""attempts"":[{""strain"":0.05,""subdivision"":1,""substep"":1,""optimizer_method"":""L-BFGS-B"",""selected_success"":true,""selected_message"":""CONVERGENCE: NORM OF PROJECTED GRADIENT <= PGTOL"",""selected_iterations"":764,""primary_success"":true,""primary_message"":""CONVERGENCE: NORM OF PROJECTED GRADIENT <= PGTOL"",""primary_iterations"":764,""fallback_used"":false,""fallback_success"":false,""fallback_message"":""not invoked"",""fallback_iterations"":0,""fallback_normalized_projected_gradient"":NaN,""independent_kkt_confirmed"":false,""projected_gradient_N"":0.001744662944992259,""normalized_projected_gradient"":7.75405753329893e-06,""accepted"":true}]},{""strain"":0.1,""accepted"":true,""selected_subdivision"":1,""attempts"":[{""strain"":0.1,""subdivision"":1,""substep"":1,""optimizer_method"":""L-BFGS-B"",""selected_success"":true,""selected_message"":""CONVERGENCE: NORM OF PROJECTED GRADIENT <= PGTOL"",""selected_iterations"":529,""primary_success"":true,""primary_message"":""CONVERGENCE: NORM OF PROJECTED GRADIENT <= PGTOL"",""primary_iterations"":529,""fallback_used"":false,""fallback_success"":false,""fallback_message"":""not invoked"",""fallback_iterations"":0,""fallback_normalized_projected_gradient"":NaN,""independent_kkt_confirmed"":false,""projected_gradient_N"":0.002985081335216744,""normalized_projected_gradient"":1.3267028156518861e-05,""accepted"":true}]},{""strain"":0.15,""accepted"":true,""selected_subdivision"":1,""attempts"":[{""strain"":0.15,""subdivision"":1,""substep"":1,""optimizer_method"":""L-BFGS-B"",""selected_success"":true,""selected_message"":""CONVERGENCE: NORM OF PROJECTED GRADIENT <= PGTOL"",""selected_iterations"":537,""primary_success"":true,""primary_message"":""CONVERGENCE: NORM OF PROJECTED GRADIENT <= PGTOL"",""primary_iterations"":537,""fallback_used"":false,""fallback_success"":false,""fallback_message"":""not invoked"",""fallback_iterations"":0,""fallback_normalized_projected_gradient"":NaN,""independent_kkt_confirmed"":false,""projected_gradient_N"":0.0024714064990446483,""normalized_projected_gradient"":1.098402888464288e-05,""accepted"":true}]},{""strain"":0.2,""accepted"":true,""selected_subdivision"":1,""attempts"":[{""strain"":0.2,""subdivision"":1,""substep"":1,""optimizer_method"":""L-BFGS-B"",""selected_success"":true,""selected_message"":""CONVERGENCE: NORM OF PROJECTED GRADIENT <= PGTOL"",""selected_iterations"":521,""primary_success"":true,""primary_message"":""CONVERGENCE: NORM OF PROJECTED GRADIENT <= PGTOL"",""primary_iterations"":521,""fallback_used"":false,""fallback_success"":false,""fallback_message"":""not invoked"",""fallback_iterations"":0,""fallback_normalized_projected_gradient"":NaN,""independent_kkt_confirmed"":false,""projected_gradient_N"":0.0031521393063351777,""normalized_projected_gradient"":1.4009508028156345e-05,""accepted"":true}]}]",3.7633287730059237
D070,train,0.10072044610015261,7.2030854085959355,10.0,4.625867327251896,9.616862661346378,0.0,0.049687618402595723,7.9,4.0,0.20268429291816392,0.003192757727836608,0.2283320566282414,0.316992016165402,0.1466363010579238,0.0,0.049687618402595723,0.5063291139240506,0.05067107322954098,d06c8aa5a844044b059518a454bb52ff40e1addc084e0ee363b3e8e1614a100f,12.00170265216977,1.2362908635768888,1.4645622927280217,1.2362908635768888,0.5063291139240506,0.05067107322954098,0.025656239609894167,0.16394547504116402,0.0769796397426925,0.17832178620177447,1.0,16.0,12.001757792306757,f141ffbd04ef138b9650f2a9878eed8fa60e248adf3e7f5898dbf890fce55fc4,0.10134214645908196,0.0,0.0,0.2,7.5756850479272995,3.630114327212574,3.5891649842375704,34.16972364789104,40.57385679131746,40.592303121287046,0.0,0.02491784945889901,0.0009948694317550725,0.0009836468514437884,0.5694953941315173,0.6762309465219577,0.676538385354784,27.138415280876202,3.960649434536121,0.005516133908230223,0.00172722529730702,0.009686002670210088,0.0015280840087740894,True,1.2626845134547271e-05,0.0024048012720427553,0.009411035750773955,3.095466226572629e-05,True,1,0,0,"[{""strain"":0.0,""accepted"":true,""selected_subdivision"":1,""attempts"":[]},{""strain"":0.05,""accepted"":true,""selected_subdivision"":1,""attempts"":[{""strain"":0.05,""subdivision"":1,""substep"":1,""optimizer_method"":""L-BFGS-B"",""selected_success"":true,""selected_message"":""CONVERGENCE: NORM OF PROJECTED GRADIENT <= PGTOL"",""selected_iterations"":703,""primary_success"":true,""primary_message"":""CONVERGENCE: NORM OF PROJECTED GRADIENT <= PGTOL"",""primary_iterations"":703,""fallback_used"":false,""fallback_success"":false,""fallback_message"":""not invoked"",""fallback_iterations"":0,""fallback_normalized_projected_gradient"":NaN,""independent_kkt_confirmed"":false,""projected_gradient_N"":0.0036347690661918675,""normalized_projected_gradient"":1.1955437407474051e-05,""accepted"":true}]},{""strain"":0.1,""accepted"":true,""selected_subdivision"":1,""attempts"":[{""strain"":0.1,""subdivision"":1,""substep"":1,""optimizer_method"":""L-BFGS-B"",""selected_success"":true,""selected_message"":""CONVERGENCE: NORM OF PROJECTED GRADIENT <= PGTOL"",""selected_iterations"":801,""primary_success"":true,""primary_message"":""CONVERGENCE: NORM OF PROJECTED GRADIENT <= PGTOL"",""primary_iterations"":801,""fallback_used"":false,""fallback_success"":false,""fallback_message"":""not invoked"",""fallback_iterations"":0,""fallback_normalized_projected_gradient"":NaN,""independent_kkt_confirmed"":false,""projected_gradient_N"":0.0034324641452329607,""normalized_projected_gradient"":1.129001856635846e-05,""accepted"":true}]},{""strain"":0.15,""accepted"":true,""selected_subdivision"":1,""attempts"":[{""strain"":0.15,""subdivision"":1,""substep"":1,""optimizer_method"":""L-BFGS-B"",""selected_success"":true,""selected_message"":""CONVERGENCE: NORM OF PROJECTED GRADIENT <= PGTOL"",""selected_iterations"":731,""primary_success"":true,""primary_message"":""CONVERGENCE: NORM OF PROJECTED GRADIENT <= PGTOL"",""primary_iterations"":731,""fallback_used"":false,""fallback_success"":false,""fallback_message"":""not invoked"",""fallback_iterations"":0,""fallback_normalized_projected_gradient"":NaN,""independent_kkt_confirmed"":false,""projected_gradient_N"":0.003834771678620008,""normalized_projected_gradient"":1.261328352387701e-05,""accepted"":true}]},{""strain"":0.2,""accepted"":true,""selected_subdivision"":1,""attempts"":[{""strain"":0.2,""subdivision"":1,""substep"":1,""optimizer_method"":""L-BFGS-B"",""selected_success"":true,""selected_message"":""CONVERGENCE: NORM OF PROJECTED GRADIENT <= PGTOL"",""selected_iterations"":677,""primary_success"":true,""primary_message"":""CONVERGENCE: NORM OF PROJECTED GRADIENT <= PGTOL"",""primary_iterations"":677,""fallback_used"":false,""fallback_success"":false,""fallback_message"":""not invoked"",""fallback_iterations"":0,""fallback_normalized_projected_gradient"":NaN,""independent_kkt_confirmed"":false,""projected_gradient_N"":0.003838894766824308,""normalized_projected_gradient"":1.2626845134547271e-05,""accepted"":true}]}]",4.609088812001573
D071,train,0.1,2.6136245683021535,9.617486763820336,0.1,9.437950987778919,0.1425824947383004,0.044041016086515346,7.839914748300673,4.0,0.2446303813199246,0.004572669762296915,0.11951242033471586,0.4397759091421206,0.004572669762296915,0.1425824947383004,0.044041016086515346,0.510209629622186,0.06115759532998115,d06c8aa5a844044b059518a454bb52ff40e1addc084e0ee363b3e8e1614a100f,12.520775389633819,1.4434285599417342,1.5955155920846562,1.4434285599417342,0.510209629622186,0.06115759532998115,0.031203194061893213,0.16947868991160836,0.09767204607203016,0.21998723673199247,1.0,16.0,12.52085860470143,f141ffbd04ef138b9650f2a9878eed8fa60e248adf3e7f5898dbf890fce55fc4,0.1223151906599623,0.0,0.0,0.2,12.595968684670236,6.180934085927029,6.113493913627394,37.61860228347544,44.67366783394708,44.68175868169622,0.0,0.034326531361879055,0.0013453064863164254,0.001330627847137993,0.6269767047245907,0.7445611305657847,0.7446959780282704,21.690543758017117,4.0943226837812725,0.006048659308171952,0.0021222923230018445,0.00964734297557183,0.0019020058397559057,True,1.4657295070729864e-05,0.001213942844862606,0.01026956282249003,2.7986610567555583e-05,True,1,0,0,"[{""strain"":0.0,""accepted"":true,""selected_subdivision"":1,""attempts"":[]},{""strain"":0.05,""accepted"":true,""selected_subdivision"":1,""attempts"":[{""strain"":0.05,""subdivision"":1,""substep"":1,""optimizer_method"":""L-BFGS-B"",""selected_success"":true,""selected_message"":""CONVERGENCE: NORM OF PROJECTED GRADIENT <= PGTOL"",""selected_iterations"":682,""primary_success"":true,""primary_message"":""CONVERGENCE: NORM OF PROJECTED GRADIENT <= PGTOL"",""primary_iterations"":682,""fallback_used"":false,""fallback_success"":false,""fallback_message"":""not invoked"",""fallback_iterations"":0,""fallback_normalized_projected_gradient"":NaN,""independent_kkt_confirmed"":false,""projected_gradient_N"":0.004618023434533214,""normalized_projected_gradient"":1.2585036548107843e-05,""accepted"":true}]},{""strain"":0.1,""accepted"":true,""selected_subdivision"":1,""attempts"":[{""strain"":0.1,""subdivision"":1,""substep"":1,""optimizer_method"":""L-BFGS-B"",""selected_success"":true,""selected_message"":""CONVERGENCE: NORM OF PROJECTED GRADIENT <= PGTOL"",""selected_iterations"":682,""primary_success"":true,""primary_message"":""CONVERGENCE: NORM OF PROJECTED GRADIENT <= PGTOL"",""primary_iterations"":682,""fallback_used"":false,""fallback_success"":false,""fallback_message"":""not invoked"",""fallback_iterations"":0,""fallback_normalized_projected_gradient"":NaN,""independent_kkt_confirmed"":false,""projected_gradient_N"":0.005019357476263586,""normalized_projected_gradient"":1.3678751999053169e-05,""accepted"":true}]},{""strain"":0.15,""accepted"":true,""selected_subdivision"":1,""attempts"":[{""strain"":0.15,""subdivision"":1,""substep"":1,""optimizer_method"":""L-BFGS-B"",""selected_success"":true,""selected_message"":""CONVERGENCE: NORM OF PROJECTED GRADIENT <= PGTOL"",""selected_iterations"":746,""primary_success"":true,""primary_message"":""CONVERGENCE: NORM OF PROJECTED GRADIENT <= PGTOL"",""primary_iterations"":746,""fallback_used"":false,""fallback_success"":false,""fallback_message"":""not invoked"",""fallback_iterations"":0,""fallback_normalized_projected_gradient"":NaN,""independent_kkt_confirmed"":false,""projected_gradient_N"":0.004334643313839592,""normalized_projected_gradient"":1.1812769099383446e-05,""accepted"":true}]},{""strain"":0.2,""accepted"":true,""selected_subdivision"":1,""attempts"":[{""strain"":0.2,""subdivision"":1,""substep"":1,""optimizer_method"":""L-BFGS-B"",""selected_success"":true,""selected_message"":""CONVERGENCE: NORM OF PROJECTED GRADIENT <= PGTOL"",""selected_iterations"":645,""primary_success"":true,""primary_message"":""CONVERGENCE: NORM OF PROJECTED GRADIENT <= PGTOL"",""primary_iterations"":645,""fallback_used"":false,""fallback_success"":false,""fallback_message"":""not invoked"",""fallback_iterations"":0,""fallback_normalized_projected_gradient"":NaN,""independent_kkt_confirmed"":false,""projected_gradient_N"":0.005378429523406947,""normalized_projected_gradient"":1.4657295070729864e-05,""accepted"":true}]}]",4.493980831000954
D072,test,4.36102717373357,5.428405519240673,5.322892244261718,2.157345659579639,0.1,0.0,0.0,7.9,2.701607850721987,0.15,0.2510713803941153,0.3125220762813929,0.3064475065657013,0.12420187519129737,0.0,0.0,0.3419756773065806,0.055522491896784154,d06c8aa5a844044b059518a454bb52ff40e1addc084e0ee363b3e8e1614a100f,10.076184326153552,1.2354042981850295,1.5184291468531081,1.2354042981850295,0.3419756773065806,0.055522491896784154,0.018987341772151896,0.12141774172258395,0.07081707121510937,0.18186205500867766,1.0,16.0,10.07621728489967,f141ffbd04ef138b9650f2a9878eed8fa60e248adf3e7f5898dbf890fce55fc4,0.075,0.0,0.0,0.2,3.090567007305116,0.916658597241651,0.9113587847590072,24.25321332486086,29.45651864951959,29.527055283236322,0.0,0.013735853365800516,0.00040432350958372184,0.000401985846696398,0.4042202220810143,0.4909419774919932,0.4921175880539387,35.74164374194172,2.9332502771147575,0.0022103887843850493,0.000994472380987984,0.005468278585879458,0.0011101463400387719,True,1.3814224654545909e-05,0.001476166968905614,0.002116515664241092,9.406736285515964e-06,True,1,0,0,"[{""strain"":0.0,""accepted"":true,""selected_subdivision"":1,""attempts"":[]},{""strain"":0.05,""accepted"":true,""selected_subdivision"":1,""attempts"":[{""strain"":0.05,""subdivision"":1,""substep"":1,""optimizer_method"":""L-BFGS-B"",""selected_success"":true,""selected_message"":""CONVERGENCE: NORM OF PROJECTED GRADIENT <= PGTOL"",""selected_iterations"":811,""primary_success"":true,""primary_message"":""CONVERGENCE: NORM OF PROJECTED GRADIENT <= PGTOL"",""primary_iterations"":811,""fallback_used"":false,""fallback_success"":false,""fallback_message"":""not invoked"",""fallback_iterations"":0,""fallback_normalized_projected_gradient"":NaN,""independent_kkt_confirmed"":false,""projected_gradient_N"":0.002847563493048412,""normalized_projected_gradient"":1.2655837746881831e-05,""accepted"":true}]},{""strain"":0.1,""accepted"":true,""selected_subdivision"":1,""attempts"":[{""strain"":0.1,""subdivision"":1,""substep"":1,""optimizer_method"":""L-BFGS-B"",""selected_success"":true,""selected_message"":""CONVERGENCE: NORM OF PROJECTED GRADIENT <= PGTOL"",""selected_iterations"":628,""primary_success"":true,""primary_message"":""CONVERGENCE: NORM OF PROJECTED GRADIENT <= PGTOL"",""primary_iterations"":628,""fallback_used"":false,""fallback_success"":false,""fallback_message"":""not invoked"",""fallback_iterations"":0,""fallback_normalized_projected_gradient"":NaN,""independent_kkt_confirmed"":false,""projected_gradient_N"":0.0031082005472728297,""normalized_projected_gradient"":1.3814224654545909e-05,""accepted"":true}]},{""strain"":0.15,""accepted"":true,""selected_subdivision"":1,""attempts"":[{""strain"":0.15,""subdivision"":1,""substep"":1,""optimizer_method"":""L-BFGS-B"",""selected_success"":true,""selected_message"":""CONVERGENCE: NORM OF PROJECTED GRADIENT <= PGTOL"",""selected_iterations"":719,""primary_success"":true,""primary_message"":""CONVERGENCE: NORM OF PROJECTED GRADIENT <= PGTOL"",""primary_iterations"":719,""fallback_used"":false,""fallback_success"":false,""fallback_message"":""not invoked"",""fallback_iterations"":0,""fallback_normalized_projected_gradient"":NaN,""independent_kkt_confirmed"":false,""projected_gradient_N"":0.0030612562484997052,""normalized_projected_gradient"":1.3605583326665357e-05,""accepted"":true}]},{""strain"":0.2,""accepted"":true,""selected_subdivision"":1,""attempts"":[{""strain"":0.2,""subdivision"":1,""substep"":1,""optimizer_method"":""L-BFGS-B"",""selected_success"":true,""selected_message"":""CONVERGENCE: NORM OF PROJECTED GRADIENT <= PGTOL"",""selected_iterations"":717,""primary_success"":true,""primary_message"":""CONVERGENCE: NORM OF PROJECTED GRADIENT <= PGTOL"",""primary_iterations"":717,""fallback_used"":false,""fallback_success"":false,""fallback_message"":""not invoked"",""fallback_iterations"":0,""fallback_normalized_projected_gradient"":NaN,""independent_kkt_confirmed"":false,""projected_gradient_N"":0.002731524811572683,""normalized_projected_gradient"":1.2140110273656369e-05,""accepted"":true}]}]",4.540687651002372
D073,train,10.0,0.10282542053760971,4.5221322928118575,0.11133923642888638,0.1,0.0,0.0,7.861179782449584,2.9775714987114474,0.18396850634605433,0.6740226374445407,0.006930666114710374,0.3048019534874176,0.007504516578885928,0.0,0.0,0.3787690373598886,0.061784748552861694,d06c8aa5a844044b059518a454bb52ff40e1addc084e0ee363b3e8e1614a100f,11.29483183734322,0.9391208717438827,0.9370531384470954,0.9370531384470954,0.3787690373598886,0.061784748552861694,0.023402149732890194,0.19632665299102556,0.08877145216486254,0.21234094927058594,1.0,16.0,11.294915856228396,f141ffbd04ef138b9650f2a9878eed8fa60e248adf3e7f5898dbf890fce55fc4,0.09198425317302716,0.0,0.0,0.2,5.8794807736314665,1.8234071736449793,1.8169663598068455,27.29347564768752,32.22055179347773,32.222930532005506,0.0,0.021306113350263178,0.00058501789169823,0.0005829514353483442,0.454891260794792,0.5370091965579622,0.5370488422000917,25.204465391212654,4.74292472517486,0.0027453556996464663,0.0012815182123521209,0.006035191124247463,0.0020138185711718174,True,1.4876564071293934e-05,0.002470811140007256,0.011237729691695009,4.0723382187877506e-05,True,1,0,0,"[{""strain"":0.0,""accepted"":true,""selected_subdivision"":1,""attempts"":[]},{""strain"":0.05,""accepted"":true,""selected_subdivision"":1,""attempts"":[{""strain"":0.05,""subdivision"":1,""substep"":1,""optimizer_method"":""L-BFGS-B"",""selected_success"":true,""selected_message"":""CONVERGENCE: NORM OF PROJECTED GRADIENT <= PGTOL"",""selected_iterations"":826,""primary_success"":true,""primary_message"":""CONVERGENCE: NORM OF PROJECTED GRADIENT <= PGTOL"",""primary_iterations"":826,""fallback_used"":false,""fallback_success"":false,""fallback_message"":""not invoked"",""fallback_iterations"":0,""fallback_normalized_projected_gradient"":NaN,""independent_kkt_confirmed"":false,""projected_gradient_N"":0.003274757705133191,""normalized_projected_gradient"":1.1867095334869261e-05,""accepted"":true}]},{""strain"":0.1,""accepted"":true,""selected_subdivision"":1,""attempts"":[{""strain"":0.1,""subdivision"":1,""substep"":1,""optimizer_method"":""L-BFGS-B"",""selected_success"":true,""selected_message"":""CONVERGENCE: NORM OF PROJECTED GRADIENT <= PGTOL"",""selected_iterations"":719,""primary_success"":true,""primary_message"":""CONVERGENCE: NORM OF PROJECTED GRADIENT <= PGTOL"",""primary_iterations"":719,""fallback_used"":false,""fallback_success"":false,""fallback_message"":""not invoked"",""fallback_iterations"":0,""fallback_normalized_projected_gradient"":NaN,""independent_kkt_confirmed"":false,""projected_gradient_N"":0.004021231639090734,""normalized_projected_gradient"":1.4572174042030823e-05,""accepted"":true}]},{""strain"":0.15,""accepted"":true,""selected_subdivision"":1,""attempts"":[{""strain"":0.15,""subdivision"":1,""substep"":1,""optimizer_method"":""L-BFGS-B"",""selected_success"":true,""selected_message"":""CONVERGENCE: NORM OF PROJECTED GRADIENT <= PGTOL"",""selected_iterations"":592,""primary_success"":true,""primary_message"":""CONVERGENCE: NORM OF PROJECTED GRADIENT <= PGTOL"",""primary_iterations"":592,""fallback_used"":false,""fallback_success"":false,""fallback_message"":""not invoked"",""fallback_iterations"":0,""fallback_normalized_projected_gradient"":NaN,""independent_kkt_confirmed"":false,""projected_gradient_N"":0.004105228907635983,""normalized_projected_gradient"":1.4876564071293934e-05,""accepted"":true}]},{""strain"":0.2,""accepted"":true,""selected_subdivision"":1,""attempts"":[{""strain"":0.2,""subdivision"":1,""substep"":1,""optimizer_method"":""L-BFGS-B"",""selected_success"":true,""selected_message"":""CONVERGENCE: NORM OF PROJECTED GRADIENT <= PGTOL"",""selected_iterations"":523,""primary_success"":true,""primary_message"":""CONVERGENCE: NORM OF PROJECTED GRADIENT <= PGTOL"",""primary_iterations"":523,""fallback_used"":false,""fallback_success"":false,""fallback_message"":""not invoked"",""fallback_iterations"":0,""fallback_normalized_projected_gradient"":NaN,""independent_kkt_confirmed"":false,""projected_gradient_N"":0.003964192855234416,""normalized_projected_gradient"":1.4365476403073626e-05,""accepted"":true}]}]",4.183867608997389
D074,train,9.688130401997752,5.289878509328914,8.48240694332431,3.201669797132343,9.988499354543732,0.1384245652173134,0.02653648087415692,7.732278530201846,2.220807914609373,0.15053032862012544,0.2643376742915638,0.14433271688339255,0.23143987856837697,0.0873565809817124,0.1384245652173134,0.02653648087415692,0.287212612160183,0.06778178681275226,d06c8aa5a844044b059518a454bb52ff40e1addc084e0ee363b3e8e1614a100f,9.582090175277328,1.0934330256741551,1.1058727501438195,1.0934330256741551,0.287212612160183,0.06778178681275226,0.019467784047375224,0.13766762580389055,0.08399738717951502,0.21956096080501958,1.0,16.0,9.582133112182301,f141ffbd04ef138b9650f2a9878eed8fa60e248adf3e7f5898dbf890fce55fc4,0.07526516431006272,0.0,0.0,0.2,2.819002421859304,0.6532831168799256,0.6525230921440448,21.15294355311463,25.582526962810974,25.630437889496374,0.0,0.012484759484242177,0.00030194365806779865,0.00030159237905408423,0.35254905921857715,0.4263754493801829,0.4271739648249396,34.15167508179385,3.3258203933789896,0.001373615682625439,0.0008554621581534266,0.0038962398188497503,0.001187785271628427,True,1.4742570179662708e-05,0.003560983072369283,0.0053916583533037965,2.387850299107077e-05,True,1,0,0,"[{""strain"":0.0,""accepted"":true,""selected_subdivision"":1,""attempts"":[]},{""strain"":0.05,""accepted"":true,""selected_subdivision"":1,""attempts"":[{""strain"":0.05,""subdivision"":1,""substep"":1,""optimizer_method"":""L-BFGS-B"",""selected_success"":true,""selected_message"":""CONVERGENCE: NORM OF PROJECTED GRADIENT <= PGTOL"",""selected_iterations"":723,""primary_success"":true,""primary_message"":""CONVERGENCE: NORM OF PROJECTED GRADIENT <= PGTOL"",""primary_iterations"":723,""fallback_used"":false,""fallback_success"":false,""fallback_message"":""not invoked"",""fallback_iterations"":0,""fallback_normalized_projected_gradient"":NaN,""independent_kkt_confirmed"":false,""projected_gradient_N"":0.003261504413939076,""normalized_projected_gradient"":1.4444506272529864e-05,""accepted"":true}]},{""strain"":0.1,""accepted"":true,""selected_subdivision"":1,""attempts"":[{""strain"":0.1,""subdivision"":1,""substep"":1,""optimizer_method"":""L-BFGS-B"",""selected_success"":true,""selected_message"":""CONVERGENCE: NORM OF PROJECTED GRADIENT <= PGTOL"",""selected_iterations"":635,""primary_success"":true,""primary_message"":""CONVERGENCE: NORM OF PROJECTED GRADIENT <= PGTOL"",""primary_iterations"":635,""fallback_used"":false,""fallback_success"":false,""fallback_message"":""not invoked"",""fallback_iterations"":0,""fallback_normalized_projected_gradient"":NaN,""independent_kkt_confirmed"":false,""projected_gradient_N"":0.003328805900774834,""normalized_projected_gradient"":1.4742570179662708e-05,""accepted"":true}]},{""strain"":0.15,""accepted"":true,""selected_subdivision"":1,""attempts"":[{""strain"":0.15,""subdivision"":1,""substep"":1,""optimizer_method"":""L-BFGS-B"",""selected_success"":true,""selected_message"":""CONVERGENCE: NORM OF PROJECTED GRADIENT <= PGTOL"",""selected_iterations"":547,""primary_success"":true,""primary_message"":""CONVERGENCE: NORM OF PROJECTED GRADIENT <= PGTOL"",""primary_iterations"":547,""fallback_used"":false,""fallback_success"":false,""fallback_message"":""not invoked"",""fallback_iterations"":0,""fallback_normalized_projected_gradient"":NaN,""independent_kkt_confirmed"":false,""projected_gradient_N"":0.003267337479442481,""normalized_projected_gradient"":1.4470339673487998e-05,""accepted"":true}]},{""strain"":0.2,""accepted"":true,""selected_subdivision"":1,""attempts"":[{""strain"":0.2,""subdivision"":1,""substep"":1,""optimizer_method"":""L-BFGS-B"",""selected_success"":true,""selected_message"":""CONVERGENCE: NORM OF PROJECTED GRADIENT <= PGTOL"",""selected_iterations"":558,""primary_success"":true,""primary_message"":""CONVERGENCE: NORM OF PROJECTED GRADIENT <= PGTOL"",""primary_iterations"":558,""fallback_used"":false,""fallback_success"":false,""fallback_message"":""not invoked"",""fallback_iterations"":0,""fallback_normalized_projected_gradient"":NaN,""independent_kkt_confirmed"":false,""projected_gradient_N"":0.0030562076005809756,""normalized_projected_gradient"":1.3535290545085852e-05,""accepted"":true}]}]",3.957523831995786
D075,train,0.10711378900062772,10.0,4.711132802279122,2.673475971003696,7.3475425770139475,0.13861041129597726,0.03291224397899139,7.9,2.3164419753930945,0.15,0.004312276889027867,0.4025883996132931,0.18966474152352408,0.10763104125709728,0.13861041129597726,0.03291224397899139,0.29322050321431575,0.06475448191381758,d06c8aa5a844044b059518a454bb52ff40e1addc084e0ee363b3e8e1614a100f,9.572078351928674,0.964780594189952,0.9428015876517376,0.9428015876517376,0.29322050321431575,0.06475448191381758,0.018987341772151896,0.1591002836276604,0.07846012335665949,0.20796908718429463,1.0,16.0,9.572104053270365,f141ffbd04ef138b9650f2a9878eed8fa60e248adf3e7f5898dbf890fce55fc4,0.075,0.0,0.0,0.2,2.9656141523124147,0.7396226963648938,0.7361077355907961,22.456750377259436,27.386186874894257,27.506602860736066,0.0,0.013180507343610731,0.00034341674430419107,0.00034178470084293683,0.37427917295432395,0.4564364479149043,0.4584433810122678,34.62965696355857,3.8435976853048963,0.0016434399240309195,0.0009131811907809451,0.0043909467659090946,0.0011327230139279302,True,1.4498276760251826e-05,0.001982199113831857,0.004657986346191301,2.0702161538628004e-05,True,1,0,0,"[{""strain"":0.0,""accepted"":true,""selected_subdivision"":1,""attempts"":[]},{""strain"":0.05,""accepted"":true,""selected_subdivision"":1,""attempts"":[{""strain"":0.05,""subdivision"":1,""substep"":1,""optimizer_method"":""L-BFGS-B"",""selected_success"":true,""selected_message"":""CONVERGENCE: NORM OF PROJECTED GRADIENT <= PGTOL"",""selected_iterations"":725,""primary_success"":true,""primary_message"":""CONVERGENCE: NORM OF PROJECTED GRADIENT <= PGTOL"",""primary_iterations"":725,""fallback_used"":false,""fallback_success"":false,""fallback_message"":""not invoked"",""fallback_iterations"":0,""fallback_normalized_projected_gradient"":NaN,""independent_kkt_confirmed"":false,""projected_gradient_N"":0.003262112271056661,""normalized_projected_gradient"":1.4498276760251826e-05,""accepted"":true}]},{""strain"":0.1,""accepted"":true,""selected_subdivision"":1,""attempts"":[{""strain"":0.1,""subdivision"":1,""substep"":1,""optimizer_method"":""L-BFGS-B"",""selected_success"":true,""selected_message"":""CONVERGENCE: NORM OF PROJECTED GRADIENT <= PGTOL"",""selected_iterations"":685,""primary_success"":true,""primary_message"":""CONVERGENCE: NORM OF PROJECTED GRADIENT <= PGTOL"",""primary_iterations"":685,""fallback_used"":false,""fallback_success"":false,""fallback_message"":""not invoked"",""fallback_iterations"":0,""fallback_normalized_projected_gradient"":NaN,""independent_kkt_confirmed"":false,""projected_gradient_N"":0.00251580612856174,""normalized_projected_gradient"":1.118136057138551e-05,""accepted"":true}]},{""strain"":0.15,""accepted"":true,""selected_subdivision"":1,""attempts"":[{""strain"":0.15,""subdivision"":1,""substep"":1,""optimizer_method"":""L-BFGS-B"",""selected_success"":true,""selected_message"":""CONVERGENCE: NORM OF PROJECTED GRADIENT <= PGTOL"",""selected_iterations"":774,""primary_success"":true,""primary_message"":""CONVERGENCE: NORM OF PROJECTED GRADIENT <= PGTOL"",""primary_iterations"":774,""fallback_used"":false,""fallback_success"":false,""fallback_message"":""not invoked"",""fallback_iterations"":0,""fallback_normalized_projected_gradient"":NaN,""independent_kkt_confirmed"":false,""projected_gradient_N"":0.002565891096387274,""normalized_projected_gradient"":1.1403960428387884e-05,""accepted"":true}]},{""strain"":0.2,""accepted"":true,""selected_subdivision"":1,""attempts"":[{""strain"":0.2,""subdivision"":1,""substep"":1,""optimizer_method"":""L-BFGS-B"",""selected_success"":true,""selected_message"":""CONVERGENCE: NORM OF PROJECTED GRADIENT <= PGTOL"",""selected_iterations"":706,""primary_success"":true,""primary_message"":""CONVERGENCE: NORM OF PROJECTED GRADIENT <= PGTOL"",""primary_iterations"":706,""fallback_used"":false,""fallback_success"":false,""fallback_message"":""not invoked"",""fallback_iterations"":0,""fallback_normalized_projected_gradient"":NaN,""independent_kkt_confirmed"":false,""projected_gradient_N"":0.0022220982487324292,""normalized_projected_gradient"":9.875992216588574e-06,""accepted"":true}]}]",4.6680154249988846
D076,test,10.0,0.1,8.24291416651182,6.516012150219384,0.1,0.0,0.0,7.885826432096009,2.508068095893644,0.15,0.40065826041949987,0.0040065826041949994,0.3302591650741878,0.26106940929792233,0.0,0.0,0.3180475905081534,0.05980698859237067,d06c8aa5a844044b059518a454bb52ff40e1addc084e0ee363b3e8e1614a100f,10.164160024644266,2.5236014811906378,0.9203922873267599,0.9203922873267599,0.3180475905081534,0.05980698859237067,0.01902146861735211,0.16297398627238455,0.07708612507254442,0.19670010225728576,1.0,16.0,10.164207420028292,f141ffbd04ef138b9650f2a9878eed8fa60e248adf3e7f5898dbf890fce55fc4,0.075,0.0,0.0,0.2,3.241691729919605,0.8697775626379675,0.8664366810565128,23.739210664975115,28.833693356824675,28.98537710314771,0.0,0.01440751879964269,0.000380324399340027,0.00037886354447860793,0.3956535110829186,0.4805615559470779,0.48308961838579517,33.35491437699849,3.9371798850303565,0.0019260973437779433,0.0009575639640898021,0.004868141668972284,0.0013077518911639339,True,1.4304860696282192e-05,0.0014441799246544655,0.004681586118268299,2.0807049414525774e-05,True,1,0,0,"[{""strain"":0.0,""accepted"":true,""selected_subdivision"":1,""attempts"":[]},{""strain"":0.05,""accepted"":true,""selected_subdivision"":1,""attempts"":[{""strain"":0.05,""subdivision"":1,""substep"":1,""optimizer_method"":""L-BFGS-B"",""selected_success"":true,""selected_message"":""CONVERGENCE: NORM OF PROJECTED GRADIENT <= PGTOL"",""selected_iterations"":675,""primary_success"":true,""primary_message"":""CONVERGENCE: NORM OF PROJECTED GRADIENT <= PGTOL"",""primary_iterations"":675,""fallback_used"":false,""fallback_success"":false,""fallback_message"":""not invoked"",""fallback_iterations"":0,""fallback_normalized_projected_gradient"":NaN,""independent_kkt_confirmed"":false,""projected_gradient_N"":0.003218593656663493,""normalized_projected_gradient"":1.4304860696282192e-05,""accepted"":true}]},{""strain"":0.1,""accepted"":true,""selected_subdivision"":1,""attempts"":[{""strain"":0.1,""subdivision"":1,""substep"":1,""optimizer_method"":""L-BFGS-B"",""selected_success"":true,""selected_message"":""CONVERGENCE: NORM OF PROJECTED GRADIENT <= PGTOL"",""selected_iterations"":482,""primary_success"":true,""primary_message"":""CONVERGENCE: NORM OF PROJECTED GRADIENT <= PGTOL"",""primary_iterations"":482,""fallback_used"":false,""fallback_success"":false,""fallback_message"":""not invoked"",""fallback_iterations"":0,""fallback_normalized_projected_gradient"":NaN,""independent_kkt_confirmed"":false,""projected_gradient_N"":0.0029556504853984755,""normalized_projected_gradient"":1.3136224379548781e-05,""accepted"":true}]},{""strain"":0.15,""accepted"":true,""selected_subdivision"":1,""attempts"":[{""strain"":0.15,""subdivision"":1,""substep"":1,""optimizer_method"":""L-BFGS-B"",""selected_success"":true,""selected_message"":""CONVERGENCE: NORM OF PROJECTED GRADIENT <= PGTOL"",""selected_iterations"":409,""primary_success"":true,""primary_message"":""CONVERGENCE: NORM OF PROJECTED GRADIENT <= PGTOL"",""primary_iterations"":409,""fallback_used"":false,""fallback_success"":false,""fallback_message"":""not invoked"",""fallback_iterations"":0,""fallback_normalized_projected_gradient"":NaN,""independent_kkt_confirmed"":false,""projected_gradient_N"":0.0028911289043895977,""normalized_projected_gradient"":1.2849461797287102e-05,""accepted"":true}]},{""strain"":0.2,""accepted"":true,""selected_subdivision"":1,""attempts"":[{""strain"":0.2,""subdivision"":1,""substep"":1,""optimizer_method"":""L-BFGS-B"",""selected_success"":true,""selected_message"":""CONVERGENCE: NORM OF PROJECTED GRADIENT <= PGTOL"",""selected_iterations"":562,""primary_success"":true,""primary_message"":""CONVERGENCE: NORM OF PROJECTED GRADIENT <= PGTOL"",""primary_iterations"":562,""fallback_used"":false,""fallback_success"":false,""fallback_message"":""not invoked"",""fallback_iterations"":0,""fallback_normalized_projected_gradient"":NaN,""independent_kkt_confirmed"":false,""projected_gradient_N"":0.0030287862266583643,""normalized_projected_gradient"":1.346127211848162e-05,""accepted"":true}]}]",3.4878111770012765
D077,train,8.318731526049332,1.3954642790210503,7.674225674086028,0.1,0.1,0.05496483291294034,0.0,7.9,2.3548199880037797,0.15,0.4729663509546691,0.07933993853142417,0.43632259342775903,0.005685558543073774,0.05496483291294034,0.0,0.29807847949414934,0.06369913656421675,d06c8aa5a844044b059518a454bb52ff40e1addc084e0ee363b3e8e1614a100f,10.167696046883563,0.9202265176462707,1.3065699311338976,0.9202265176462707,0.29807847949414934,0.06369913656421675,0.018987341772151896,0.16300334441966066,0.0819839821561877,0.2093822552846212,1.0,16.0,10.167761014530155,f141ffbd04ef138b9650f2a9878eed8fa60e248adf3e7f5898dbf890fce55fc4,0.075,0.0,0.0,0.2,2.776923273050672,0.7050679355353516,0.7033094425964971,21.93591659092139,26.163355396583363,26.18888404453282,0.0,0.012341881213558541,0.0003081952149825012,0.0003074265527273896,0.36559860984868986,0.43605592327638937,0.43648140074221364,35.33139849031662,3.9378891289383016,0.001468255045345142,0.0008408854531876478,0.0040160301647558455,0.0010452560230257,True,1.4875873699698634e-05,0.0023885966152769507,0.00527583975566337,2.3448176691837197e-05,True,1,0,0,"[{""strain"":0.0,""accepted"":true,""selected_subdivision"":1,""attempts"":[]},{""strain"":0.05,""accepted"":true,""selected_subdivision"":1,""attempts"":[{""strain"":0.05,""subdivision"":1,""substep"":1,""optimizer_method"":""L-BFGS-B"",""selected_success"":true,""selected_message"":""CONVERGENCE: NORM OF PROJECTED GRADIENT <= PGTOL"",""selected_iterations"":692,""primary_success"":true,""primary_message"":""CONVERGENCE: NORM OF PROJECTED GRADIENT <= PGTOL"",""primary_iterations"":692,""fallback_used"":false,""fallback_success"":false,""fallback_message"":""not invoked"",""fallback_iterations"":0,""fallback_normalized_projected_gradient"":NaN,""independent_kkt_confirmed"":false,""projected_gradient_N"":0.003237417097077186,""normalized_projected_gradient"":1.438852043145416e-05,""accepted"":true}]},{""strain"":0.1,""accepted"":true,""selected_subdivision"":1,""attempts"":[{""strain"":0.1,""subdivision"":1,""substep"":1,""optimizer_method"":""L-BFGS-B"",""selected_success"":true,""selected_message"":""CONVERGENCE: NORM OF PROJECTED GRADIENT <= PGTOL"",""selected_iterations"":875,""primary_success"":true,""primary_message"":""CONVERGENCE: NORM OF PROJECTED GRADIENT <= PGTOL"",""primary_iterations"":875,""fallback_used"":false,""fallback_success"":false,""fallback_message"":""not invoked"",""fallback_iterations"":0,""fallback_normalized_projected_gradient"":NaN,""independent_kkt_confirmed"":false,""projected_gradient_N"":0.0026351022172598285,""normalized_projected_gradient"":1.1711565410043682e-05,""accepted"":true}]},{""strain"":0.15,""accepted"":true,""selected_subdivision"":1,""attempts"":[{""strain"":0.15,""subdivision"":1,""substep"":1,""optimizer_method"":""L-BFGS-B"",""selected_success"":true,""selected_message"":""CONVERGENCE: NORM OF PROJECTED GRADIENT <= PGTOL"",""selected_iterations"":645,""primary_success"":true,""primary_message"":""CONVERGENCE: NORM OF PROJECTED GRADIENT <= PGTOL"",""primary_iterations"":645,""fallback_used"":false,""fallback_success"":false,""fallback_message"":""not invoked"",""fallback_iterations"":0,""fallback_normalized_projected_gradient"":NaN,""independent_kkt_confirmed"":false,""projected_gradient_N"":0.002589682920591585,""normalized_projected_gradient"":1.1509701869295933e-05,""accepted"":true}]},{""strain"":0.2,""accepted"":true,""selected_subdivision"":1,""attempts"":[{""strain"":0.2,""subdivision"":1,""substep"":1,""optimizer_method"":""L-BFGS-B"",""selected_success"":true,""selected_message"":""CONVERGENCE: NORM OF PROJECTED GRADIENT <= PGTOL"",""selected_iterations"":530,""primary_success"":true,""primary_message"":""CONVERGENCE: NORM OF PROJECTED GRADIENT <= PGTOL"",""primary_iterations"":530,""fallback_used"":false,""fallback_success"":false,""fallback_message"":""not invoked"",""fallback_iterations"":0,""fallback_normalized_projected_gradient"":NaN,""independent_kkt_confirmed"":false,""projected_gradient_N"":0.003347071582432193,""normalized_projected_gradient"":1.4875873699698634e-05,""accepted"":true}]}]",4.468335174999083
D078,train,10.0,3.5726715203055006,8.06099341788747,0.41536523359105615,0.1,0.003724888431950995,0.029373224156923443,7.690093958506718,2.2,0.15955695132700162,0.4514870367885969,0.1613014878121742,0.3639434031814398,0.018753201849902933,0.003724888431950995,0.029373224156923443,0.28608233031618274,0.07252588696681891,d06c8aa5a844044b059518a454bb52ff40e1addc084e0ee363b3e8e1614a100f,9.629193015860901,0.9177544959440229,1.877923524568949,0.9177544959440229,0.28608233031618274,0.07252588696681891,0.020748374751715624,0.17385581005830733,0.09081368420440214,0.23586545813803997,1.0,16.0,9.629242225611913,f141ffbd04ef138b9650f2a9878eed8fa60e248adf3e7f5898dbf890fce55fc4,0.07977847566350081,0.0,0.0,0.2,3.5420146521976346,0.8256881858136205,0.8232130904938699,23.012126783680642,27.78310926057332,27.889083365348906,0.0,0.014799374654794388,0.0003582772151271575,0.00035720323796050997,0.38353544639467735,0.46305182100955533,0.46481805608914845,31.288607242573292,4.200066611325274,0.0015144364112504223,0.000931343481595518,0.003948621764915023,0.0013641009658775939,True,1.4862724202863539e-05,0.0018835475811949632,0.003653465732303962,1.526504361783825e-05,True,1,0,0,"[{""strain"":0.0,""accepted"":true,""selected_subdivision"":1,""attempts"":[]},{""strain"":0.05,""accepted"":true,""selected_subdivision"":1,""attempts"":[{""strain"":0.05,""subdivision"":1,""substep"":1,""optimizer_method"":""L-BFGS-B"",""selected_success"":true,""selected_message"":""CONVERGENCE: NORM OF PROJECTED GRADIENT <= PGTOL"",""selected_iterations"":779,""primary_success"":true,""primary_message"":""CONVERGENCE: NORM OF PROJECTED GRADIENT <= PGTOL"",""primary_iterations"":779,""fallback_used"":false,""fallback_success"":false,""fallback_message"":""not invoked"",""fallback_iterations"":0,""fallback_normalized_projected_gradient"":NaN,""independent_kkt_confirmed"":false,""projected_gradient_N"":0.003525554563537203,""normalized_projected_gradient"":1.4730600512715187e-05,""accepted"":true}]},{""strain"":0.1,""accepted"":true,""selected_subdivision"":1,""attempts"":[{""strain"":0.1,""subdivision"":1,""substep"":1,""optimizer_method"":""L-BFGS-B"",""selected_success"":true,""selected_message"":""CONVERGENCE: NORM OF PROJECTED GRADIENT <= PGTOL"",""selected_iterations"":661,""primary_success"":true,""primary_message"":""CONVERGENCE: NORM OF PROJECTED GRADIENT <= PGTOL"",""primary_iterations"":661,""fallback_used"":false,""fallback_success"":false,""fallback_message"":""not invoked"",""fallback_iterations"":0,""fallback_normalized_projected_gradient"":NaN,""independent_kkt_confirmed"":false,""projected_gradient_N"":0.0017791222109260207,""normalized_projected_gradient"":7.433593234806069e-06,""accepted"":true}]},{""strain"":0.15,""accepted"":true,""selected_subdivision"":1,""attempts"":[{""strain"":0.15,""subdivision"":1,""substep"":1,""optimizer_method"":""L-BFGS-B"",""selected_success"":true,""selected_message"":""CONVERGENCE: NORM OF PROJECTED GRADIENT <= PGTOL"",""selected_iterations"":598,""primary_success"":true,""primary_message"":""CONVERGENCE: NORM OF PROJECTED GRADIENT <= PGTOL"",""primary_iterations"":598,""fallback_used"":false,""fallback_success"":false,""fallback_message"":""not invoked"",""fallback_iterations"":0,""fallback_normalized_projected_gradient"":NaN,""independent_kkt_confirmed"":false,""projected_gradient_N"":0.00355717644333442,""normalized_projected_gradient"":1.4862724202863539e-05,""accepted"":true}]},{""strain"":0.2,""accepted"":true,""selected_subdivision"":1,""attempts"":[{""strain"":0.2,""subdivision"":1,""substep"":1,""optimizer_method"":""L-BFGS-B"",""selected_success"":true,""selected_message"":""CONVERGENCE: NORM OF PROJECTED GRADIENT <= PGTOL"",""selected_iterations"":497,""primary_success"":true,""primary_message"":""CONVERGENCE: NORM OF PROJECTED GRADIENT <= PGTOL"",""primary_iterations"":497,""fallback_used"":false,""fallback_success"":false,""fallback_message"":""not invoked"",""fallback_iterations"":0,""fallback_normalized_projected_gradient"":NaN,""independent_kkt_confirmed"":false,""projected_gradient_N"":0.002752712159998505,""normalized_projected_gradient"":1.1501482227734472e-05,""accepted"":true}]}]",5.349192253997899
D079,train,9.441549825862568,0.1,4.4295588106134955,0.10165173471681127,0.1048161497419413,0.10860313239854374,0.08122982886216368,7.865753295231278,4.0,0.21099223862755193,0.6659494880469196,0.007053391660580252,0.3124341317483101,0.007169894979350726,0.10860313239854374,0.08122982886216368,0.5085336203495037,0.05274805965688798,d06c8aa5a844044b059518a454bb52ff40e1addc084e0ee363b3e8e1614a100f,12.920829988364813,0.9850745066229704,0.9201352196627531,0.9201352196627531,0.5085336203495037,0.05274805965688798,0.02682416174372884,0.22930568694553888,0.08664760836777995,0.1921437276815559,1.0,16.0,12.920927118359206,f141ffbd04ef138b9650f2a9878eed8fa60e248adf3e7f5898dbf890fce55fc4,0.10549611931377596,0.0,0.0,0.2,8.95677174004447,4.019103561924091,3.993932830576896,33.56581596545103,39.8170165423764,39.8841739054767,0.0,0.02830047777525175,0.0009828359775329028,0.0009766806993800317,0.5594302660908504,0.66361694237294,0.664736231757945,23.448966043720326,5.53964322045931,0.005083073546895616,0.0017458488726482678,0.0090861611446495,0.0023187380086444093,True,1.4426690336066161e-05,0.001120269566663759,0.005930760872614016,1.8739270256865147e-05,True,1,0,0,"[{""strain"":0.0,""accepted"":true,""selected_subdivision"":1,""attempts"":[]},{""strain"":0.05,""accepted"":true,""selected_subdivision"":1,""attempts"":[{""strain"":0.05,""subdivision"":1,""substep"":1,""optimizer_method"":""L-BFGS-B"",""selected_success"":true,""selected_message"":""CONVERGENCE: NORM OF PROJECTED GRADIENT <= PGTOL"",""selected_iterations"":745,""primary_success"":true,""primary_message"":""CONVERGENCE: NORM OF PROJECTED GRADIENT <= PGTOL"",""primary_iterations"":745,""fallback_used"":false,""fallback_success"":false,""fallback_message"":""not invoked"",""fallback_iterations"":0,""fallback_normalized_projected_gradient"":NaN,""independent_kkt_confirmed"":false,""projected_gradient_N"":0.004565879534989603,""normalized_projected_gradient"":1.4426690336066161e-05,""accepted"":true}]},{""strain"":0.1,""accepted"":true,""selected_subdivision"":1,""attempts"":[{""strain"":0.1,""subdivision"":1,""substep"":1,""optimizer_method"":""L-BFGS-B"",""selected_success"":true,""selected_message"":""CONVERGENCE: NORM OF PROJECTED GRADIENT <= PGTOL"",""selected_iterations"":851,""primary_success"":true,""primary_message"":""CONVERGENCE: NORM OF PROJECTED GRADIENT <= PGTOL"",""primary_iterations"":851,""fallback_used"":false,""fallback_success"":false,""fallback_message"":""not invoked"",""fallback_iterations"":0,""fallback_normalized_projected_gradient"":NaN,""independent_kkt_confirmed"":false,""projected_gradient_N"":0.003952195832941319,""normalized_projected_gradient"":1.248764996807243e-05,""accepted"":true}]},{""strain"":0.15,""accepted"":true,""selected_subdivision"":1,""attempts"":[{""strain"":0.15,""subdivision"":1,""substep"":1,""optimizer_method"":""L-BFGS-B"",""selected_success"":true,""selected_message"":""CONVERGENCE: NORM OF PROJECTED GRADIENT <= PGTOL"",""selected_iterations"":796,""primary_success"":true,""primary_message"":""CONVERGENCE: NORM OF PROJECTED GRADIENT <= PGTOL"",""primary_iterations"":796,""fallback_used"":false,""fallback_success"":false,""fallback_message"":""not invoked"",""fallback_iterations"":0,""fallback_normalized_projected_gradient"":NaN,""independent_kkt_confirmed"":false,""projected_gradient_N"":0.004529797437968986,""normalized_projected_gradient"":1.4312682676336364e-05,""accepted"":true}]},{""strain"":0.2,""accepted"":true,""selected_subdivision"":1,""attempts"":[{""strain"":0.2,""subdivision"":1,""substep"":1,""optimizer_method"":""L-BFGS-B"",""selected_success"":true,""selected_message"":""CONVERGENCE: NORM OF PROJECTED GRADIENT <= PGTOL"",""selected_iterations"":645,""primary_success"":true,""primary_message"":""CONVERGENCE: NORM OF PROJECTED GRADIENT <= PGTOL"",""primary_iterations"":645,""fallback_used"":false,""fallback_success"":false,""fallback_message"":""not invoked"",""fallback_iterations"":0,""fallback_normalized_projected_gradient"":NaN,""independent_kkt_confirmed"":false,""projected_gradient_N"":0.003542441858299661,""normalized_projected_gradient"":1.119296103446679e-05,""accepted"":true}]}]",4.78849920599896
